rollout/acrobot_xk_applied_torque,rollout/acrobot_xk_elbow_norm,rollout/acrobot_xk_elbow_rate_norm,rollout/acrobot_xk_energy_error_norm,rollout/acrobot_xk_homoclinic_capture,rollout/acrobot_xk_lyapunov,rollout/acrobot_xk_lyapunov_rate,time/fps,time/time_elapsed,time/total_timesteps,train/learning_rate,train/actor_loss,train/alpha,train/alpha_loss,train/critic_loss,train/fraction,train/n_updates,rollout/ep_len_mean,rollout/ep_rew_mean,eval/best_strict_capture_mean_max_duration,eval/best_strict_capture_success_rate,eval/mean_ep_length,eval/mean_reward,eval/std_reward,eval/strict_capture_mean_max_duration,eval/strict_capture_success_rate
-1.0356582898586058,-0.046711382397421036,0.1252043890169703,-0.9696314310839236,0.0,1242.9731728031388,185.10799771566207,2137,0,2000,0.0003,,,,,,,,,,,,,,,
-0.6244938695766041,-0.10532085213655491,-0.18519963501753056,-0.9685055912964582,0.0,1222.6460446798558,437.4273961993897,2136,1,4000,0.0003,,,,,,,,,,,,,,,
-0.5689981339462115,-0.004886327046163216,0.059342451028793874,-0.9875670608929097,0.0,1242.8551843431774,174.08120582133725,2147,2,6000,0.0003,,,,,,,,,,,,,,,
1.4547116296328615,0.1521004156005187,-0.10540833974510207,-0.9607553995430158,0.0,1252.2154456343071,199.7175864835321,2155,3,8000,0.0003,,,,,,,,,,,,,,,
-0.21945047794911102,-0.014238784094636364,0.33160983496207636,-0.9412586859510829,0.0,1246.4754455371922,-85.9300096867478,1211,8,10000,0.0003,-0.0690164566040039,1.0,-0.0,3206061.75,81.5118408203125,1,,,,,,,,,
5.192496908187865,0.2873175210641238,-0.05445501622027963,-0.9441119301150478,0.0,1106.1543549342032,49.8791706301907,155,77,12000,0.0003,28020.26953125,1.4644880294799805,-0.1986939013004303,289069.6875,2176.1337890625,2001,,,,,,,,,
-1.5726958885192872,-0.05567262111952979,-0.40192017379174466,-0.9496801098857415,0.0,1168.844818593313,-83.27622313188722,94,148,14000,0.0003,86174.703125,2.270338773727417,-0.7883381247520447,81379.90625,1234.9691162109375,4001,,,,,,,,,
-7.4187526130676265,-0.5248900666438779,-0.2582840884697372,-0.8142416166857864,0.0,912.2000705137053,-240.886984816177,73,218,16000,0.0003,118818.3203125,4.216645240783691,-1.7825616598129272,162069.453125,2657.050048828125,6001,,,,,,,,,
-12.288193897247314,-0.3904991850720336,-0.3250905690726522,-0.5768769261272866,0.0,710.2424212286542,-108.47370024172761,62,289,18000,0.0003,123930.9375,8.498449325561523,-3.756356716156006,290709.125,2929.1083984375,8001,,,,,,,,,
10.36156524848935,0.482862015308941,-0.376914116914995,-0.5092033892536629,0.0,1094.246086353839,793.7863198043152,55,359,20000,0.0003,136423.71875,14.465027809143066,-3.1449928283691406,581101.0,4627.07177734375,10001,,,,,,,,,
8.158943363189701,0.3447027854014241,0.14670709123589856,-0.63899347736056,0.0,1337.331122591688,-398.5065784431645,51,430,22000,0.0003,146723.796875,19.974443435668945,-1.5712378025054932,452100.3125,4488.40185546875,12001,,,,,,,,,
11.288012039184565,0.6549414924576268,0.33448989105255034,-0.38333673481172936,0.0,789.302416944878,-445.67894143548574,47,501,24000,0.0003,148044.75,32.712684631347656,-1.774080753326416,5087599.0,13302.1474609375,14001,,,,,,,,,
-17.016977542877253,-0.765808707788054,0.08750519273137138,-0.5768451224978409,0.0,662.9868017954677,-14.670602569793783,45,573,26000,0.0003,136812.75,53.85694885253906,-1.0311439037322998,6935532.0,20821.74609375,16001,,,,,,,,,
9.573681789398186,0.03237673449928819,-0.021302593144542515,-0.518376959939556,0.0,628.8163761882419,-64.35592290778627,43,644,28000,0.0003,122684.234375,70.4932861328125,0.3479800820350647,4889295.5,7719.046875,18001,,,,,,,,,
-6.932654567718501,-0.6994571339801499,0.286888067055185,-0.4012353797824527,0.0,383.33762785965666,-102.18379792198026,41,714,30000,0.0003,122915.4921875,49.984283447265625,0.5178452730178833,4019180.5,10790.8125,20001,,,,,,,,,
-10.259779787063605,-0.47004778001667474,0.07133310522094388,-0.5671077244460966,0.0,459.0104730390003,21.766347489802595,40,785,32000,0.0003,127406.8203125,47.09280014038086,0.20861494541168213,5399513.5,11570.259765625,22001,,,,,,,,,
-8.961308464050298,-0.40544179936676805,-0.07761564265270213,-0.6186934115129231,0.0,532.959521658647,69.3964273408687,39,856,34000,0.0003,138298.1875,35.39303970336914,-0.06438885629177094,3312887.5,12656.16796875,24001,,,,,,,,,
-8.321851099014292,-0.556035492118409,-0.010024322589994746,-0.6127394688768024,0.0,545.7113338733685,32.43301439349816,38,927,36000,0.0003,146707.375,36.73380661010742,0.5522593259811401,1008595.375,2711.71533203125,26001,,,,,,,,,
-15.14777067184448,-0.6513615090310456,-0.2422791161934653,-0.5273024280405719,0.0,524.2212149825406,-206.0899335532095,38,997,38000,0.0003,152755.375,39.68092346191406,0.08410078287124634,4164791.0,9307.2978515625,28001,,,,,,,,,
-3.626180505752567,-0.3932970455080939,0.2527056512466732,-0.17086495770922808,0.0,357.3159775247236,-128.09899702479757,37,1068,40000,0.0003,146683.640625,55.66401290893555,0.17811240255832672,4889795.0,10828.7587890625,30001,40000.0,-34841400.697642,,,,,,,
-6.683545410156248,-0.32966013508065606,-0.36756088079959637,-0.8811989182416193,0.0,1036.4386836113745,-290.7250400082768,36,1139,42000,0.0003,133503.8125,56.01620101928711,0.3387429714202881,5191430.0,12049.5849609375,32001,40000.0,-34841400.697642,,,,,,,
-7.3700034561157235,-0.6372775163225454,-0.11317068421590969,-0.744634890401478,0.0,795.1989011860791,-84.16055057938357,36,1210,44000,0.0003,132378.78125,53.959964752197266,-0.31336885690689087,3527915.5,12442.30078125,34001,40000.0,-34841400.697642,,,,,,,
-13.868440732955928,-0.4618149914000311,-0.30708282794017083,-0.5766154848380072,0.0,691.9224173411056,-124.18386363174717,35,1281,46000,0.0003,128826.71875,51.31657409667969,0.338767945766449,5024002.0,15607.78125,36001,40000.0,-34841400.697642,,,,,,,
18.472301214218145,0.7141450182621024,-0.00017908850968955853,-0.2931727081625409,0.0,685.5841755621136,-222.74182874733285,35,1351,48000,0.0003,122655.421875,48.77819061279297,-0.3371184766292572,3784859.0,11225.5771484375,38001,40000.0,-34841400.697642,,,,,,,
4.350524696350098,0.5154721791547847,-0.4165834387983579,-0.038144729359058216,0.0,749.4316892910335,561.030751297975,35,1422,50000,0.0003,115969.1796875,43.329891204833984,0.6494349241256714,3505469.0,6750.73779296875,40001,40000.0,-34841400.697642,,,,,,,
18.9330388431549,0.42663646632616065,0.06478405143127589,0.23087808633610032,0.0,931.6790064037634,112.72406614013379,34,1493,52000,0.0003,119193.59375,35.61579513549805,0.09771683812141418,3836216.0,10971.4990234375,42001,40000.0,-34841400.697642,,,,,,,
19.49114166259767,0.28840775990423645,0.041447016460471185,0.4460186992078595,0.0,1272.2766495633095,650.9036131100747,34,1564,54000,0.0003,124123.53125,33.28894805908203,-0.034970078617334366,3616364.5,14787.2587890625,44001,40000.0,-34841400.697642,,,,,,,
8.437995283126845,0.11905760213136304,-0.03571330837992783,0.6710970192643687,0.0,1780.4433873876224,589.1380816291735,34,1635,56000,0.0003,136636.125,29.775283813476562,-0.31744369864463806,1127798.625,3995.82275390625,46001,40000.0,-34841400.697642,,,,,,,
18.687331892013503,0.22433857411768607,-0.0445710416546989,0.957448034033588,0.0,2161.489157998839,595.7889032281263,33,1706,58000,0.0003,147667.328125,26.346145629882812,0.23583096265792847,1585533.75,4869.771484375,48001,40000.0,-34841400.697642,,,,,,,
35.07286027908331,0.29979771612229994,-0.05661639490278931,1.2632420579985137,0.0,2991.862306274276,-440.56241009008784,33,1777,60000,0.0003,164700.1875,25.83373260498047,-1.1215925216674805,2907273.25,8698.2138671875,50001,40000.0,-34841400.697642,,,,,,,
22.10737428474426,0.23577417492587502,-0.24409632463257783,1.0461173453780996,0.0,2657.482685294645,-98.52563432429153,33,1849,62000,0.0003,180337.984375,28.2974853515625,0.22372859716415405,2441295.5,6103.9765625,52001,40000.0,-34841400.697642,,,,,,,
11.752303688049327,0.04782005749141955,0.18335549905309736,0.8369918265950608,0.0,2367.8033463480724,-697.9303244522293,33,1921,64000,0.0003,182654.3125,28.816312789916992,0.20090368390083313,2742060.0,6806.86279296875,54001,40000.0,-34841400.697642,,,,,,,
8.272639369964594,0.20220725663163525,0.14271976275621062,0.47633331272515617,0.0,1304.2491251177591,-276.1488368225585,33,1994,66000,0.0003,200822.09375,28.209598541259766,0.11643940210342407,3761403.5,8300.3916015625,56001,40000.0,-34841400.697642,,,,,,,
-0.6203323078155584,-0.13594819762767527,-0.3660284700697774,0.3407830165171604,0.0,1688.7777295517656,588.8849462782381,32,2067,68000,0.0003,208574.328125,30.168861389160156,-0.29634803533554077,4563195.0,8337.5205078125,58001,40000.0,-34841400.697642,,,,,,,
-0.37968891334533855,-0.02696978908448186,0.15804907096125084,0.3491053290424108,0.0,1448.418806706598,-234.90967018149934,32,2140,70000,0.0003,205587.09375,31.626924514770508,-0.15860095620155334,4305361.5,7179.36767578125,60001,40000.0,-34841400.697642,,,,,,,
6.822908777236936,0.2359170991821743,0.08315395270707841,0.41165509535422157,0.0,1218.5040584237345,-242.2895568343283,32,2213,72000,0.0003,204336.1875,32.620853424072266,0.25475162267684937,4387453.0,7633.56640625,62001,40000.0,-34841400.697642,,,,,,,
10.27332098197937,0.23377127998183,0.1717977947639011,0.3866078506047127,0.0,1216.8338742830454,-26.541917852269087,32,2287,74000,0.0003,204597.6875,32.843021392822266,-0.5089651346206665,6515944.0,10309.7236328125,64001,40000.0,-34841400.697642,,,,,,,
13.347346403121968,0.19336113478191466,-0.0605666028689395,0.37692895033544804,0.0,1295.0164362736314,336.1071388061879,32,2361,76000,0.0003,206492.75,38.47101974487305,0.3961014151573181,6852383.0,9722.001953125,66001,40000.0,-34841400.697642,,,,,,,
12.894258790969841,0.3011981037246545,-0.05714184281677953,0.4672600219065523,0.0,1234.7312187954717,-119.84429492165027,32,2436,78000,0.0003,209775.15625,38.08903503417969,0.1298961192369461,280221888.0,14436.990234375,68001,40000.0,-34841400.697642,,,,,,,
17.455366319656417,0.31410920122559466,-0.030971268344163534,0.5609500790610535,0.0,1356.0850962439054,33.81941919354349,31,2512,80000,0.0003,215595.703125,38.801170349121094,-0.33231696486473083,6074152.0,9181.291015625,70001,40000.0,-46311027.4303915,,,,,,,
-0.7068076725006119,-0.01817086278528419,-0.008230085936150102,-0.9586120251159611,0.0,1112.937751290437,56.00136992433379,31,2588,82000,0.0003,201343.609375,44.93428421020508,0.0017363876104354858,10387824.0,23912.84765625,72001,40000.0,-46311027.4303915,,,,,,,
-2.7627509632110594,-0.15754191792271768,-0.2744057834450342,-0.9378159761020438,0.0,1106.3356823852846,-96.52745662397268,31,2664,84000,0.0003,203465.875,45.2640495300293,0.23349502682685852,4937231.0,6541.716796875,74001,40000.0,-46311027.4303915,,,,,,,
-6.729739709854122,-0.4451201815595588,0.039288909231557825,-0.8496021506599587,0.0,938.0321976907975,41.2243828265896,31,2742,86000,0.0003,194602.53125,45.662837982177734,-0.19937372207641602,8117759.0,17985.5,76001,40000.0,-46311027.4303915,,,,,,,
-6.755427885055546,-0.3332042632599499,-0.048488661984189205,-0.9075289770971691,0.0,1033.6628273765123,-23.775670869076126,31,2819,88000,0.0003,196793.296875,49.0639762878418,-0.2850736379623413,8166127.0,15731.763671875,78001,40000.0,-46311027.4303915,,,,,,,
-7.771916656494144,-0.5397759358374965,-0.06680125551637785,-0.8164842151411298,0.0,903.2200175298707,-78.09507826244594,31,2897,90000,0.0003,195541.453125,51.87514114379883,0.40873146057128906,12708616.0,17039.51171875,80001,40000.0,-46311027.4303915,,,,,,,
-7.098449693679803,-0.4134627045087564,0.16128559990797556,-0.8851525899958849,0.0,1005.3141509653362,168.84811234891916,30,2975,92000,0.0003,199394.109375,51.49778747558594,0.12599578499794006,6100945.0,8656.0029296875,82001,40000.0,-46311027.4303915,,,,,,,
-7.554622039794918,-0.4407838139294955,-0.23413332486388688,-0.858269349535029,0.0,982.9718762273957,-257.63599176864005,30,3054,94000,0.0003,198455.40625,50.9600830078125,-0.09514489024877548,6783869.5,9864.9482421875,84001,40000.0,-46311027.4303915,,,,,,,
-10.40134336662292,-0.6933050763218258,-0.09440209650469526,-0.7188172122778019,0.0,771.3545761873754,-106.65165133341445,30,3132,96000,0.0003,191621.078125,52.38481521606445,0.17042680084705353,12301848.0,28641.3515625,86001,40000.0,-46311027.4303915,,,,,,,
-6.604856994628906,-0.6898576908209697,0.14813280886676186,-0.6955559480824921,0.0,739.082714947029,100.74075473044232,30,3210,98000,0.0003,193479.34375,50.83259963989258,0.5261549949645996,8496502.0,12449.0234375,88001,40000.0,-46311027.4303915,,,,,,,
-11.342657793045062,-0.6251797953398753,0.007630254289125861,-0.6900722757326718,0.0,729.9775659000138,-45.845490006610106,,,100000,0.0003,192462.75,49.453338623046875,0.013496987521648407,6509967.0,10434.50390625,90000,,,0.0,0.0,40000.0,-1078055.9739832699,1190739.3911304849,0.0,0.0
,,,,,,,22,4477,100000,0.0003,191151.03125,49.44790267944336,-0.30204540491104126,9228719.0,12393.111328125,90001,40000.0,-46311027.4303915,,,,,,,
-5.347225923538216,-0.5618522142971724,0.07303083951291968,-0.7231093898078101,0.0,753.2123410815138,110.36357386060406,22,4557,102000,0.0003,193428.140625,44.835594177246094,-0.13751539587974548,7512180.0,14438.23046875,92001,40000.0,-46311027.4303915,,,,,,,
-9.504424575805656,-0.3165701476333586,-0.013087453774475755,-0.725659935885431,0.0,732.3110933789468,-296.84000771630224,22,4637,104000,0.0003,192279.703125,39.06787872314453,0.3036045432090759,6397042.5,13794.96875,94001,40000.0,-46311027.4303915,,,,,,,
-9.45991217422485,-0.5679536047375779,-0.05748389542416933,-0.5850810850449037,0.0,538.3433075636264,-20.849461608783145,22,4717,106000,0.0003,194297.921875,40.77302551269531,-0.35649070143699646,5262499.0,10768.7685546875,96001,40000.0,-46311027.4303915,,,,,,,
-5.68001664352417,-0.5069975977640321,0.08399628663900777,-0.5901892645244002,0.0,516.1888514639498,-82.95737536340758,22,4797,108000,0.0003,184781.515625,45.652713775634766,0.031555257737636566,9375604.0,13607.2333984375,98001,40000.0,-46311027.4303915,,,,,,,
-13.250238435745239,-0.4835558976328205,-0.039207011407891706,-0.51974558825862,0.0,407.8391213634419,-70.49319888038495,22,4876,110000,0.0003,186515.140625,45.15263366699219,0.02633000910282135,7608401.0,23800.568359375,100001,40000.0,-46311027.4303915,,,,,,,
-14.877153923034665,-0.5280703339694952,-0.09725944320254755,-0.4672090734604892,0.0,355.0150290515992,-124.40359414631195,22,4956,112000,0.0003,182918.0,42.46274948120117,-0.15651154518127441,5786241.0,8604.595703125,102001,40000.0,-46311027.4303915,,,,,,,
3.0736999511718786,-0.5738300141212558,0.06249026621720098,-0.3104228515509564,0.0,225.66864880559365,-89.75642106635885,22,5035,114000,0.0003,185109.3125,43.5821533203125,0.14728626608848572,6361744.5,8607.2265625,104001,40000.0,-46311027.4303915,,,,,,,
-22.537816940307618,-0.6167867184075236,-0.08645215569576006,-0.07131000280007543,0.0,166.0670324820402,-30.143898454261528,22,5114,116000,0.0003,178822.65625,46.48726272583008,-0.08998175710439682,6717450.0,16315.208984375,106001,40000.0,-46311027.4303915,,,,,,,
-38.654772842407255,-0.6399329270356611,-0.08378053269017124,0.3198253966300631,0.0,377.67391349150006,950.33029231493,22,5193,118000,0.0003,169524.328125,52.36951446533203,-0.5567867159843445,14308730.0,31707.09765625,108001,40000.0,-46311027.4303915,,,,,,,
-33.371119787216216,-0.63877779054192,0.25709511141306296,0.5109312871077796,0.0,728.0537704336539,-1008.1046288277237,22,5273,120000,0.0003,178319.765625,57.39590835571289,-0.4846739172935486,7421382.5,8133.3720703125,110001,40000.0,-40283496.12374533,,,,,,,
-6.107440896987909,-0.31877445943194066,-0.3951422319631002,-0.9096024465903665,0.0,1098.281419860957,-278.46391654380875,22,5352,122000,0.0003,168890.5625,49.30513000488281,-0.2903042435646057,19396124.0,38570.8671875,112001,40000.0,-40283496.12374533,,,,,,,
-7.759698698043825,-0.5569905480997438,0.056821088084371044,-0.812360054195839,0.0,900.9949256956012,59.771220003544364,22,5431,124000,0.0003,164236.8125,46.84123229980469,0.21155516803264618,12044164.0,23055.728515625,114001,40000.0,-40283496.12374533,,,,,,,
-6.553782472610477,-0.4419951349116329,0.12452074909725215,-0.8757928594081862,0.0,991.8794363310768,139.02635928862793,22,5511,126000,0.0003,168001.4375,46.18586349487305,-0.12459982931613922,10715467.0,16630.69140625,116001,40000.0,-40283496.12374533,,,,,,,
-7.133214010238645,-0.34444630582549596,-0.11732329927564117,-0.9177403722783841,0.0,1062.5047693472882,-130.57930897814038,22,5589,128000,0.0003,160713.28125,48.89020919799805,-0.3037073016166687,9404704.0,16740.896484375,118001,40000.0,-40283496.12374533,,,,,,,
-6.42401347923279,-0.4813888107696925,0.06965936236028522,-0.8472284014893822,0.0,942.8095742591319,44.706142971541375,22,5669,130000,0.0003,147650.21875,91.21573638916016,-1.1821613311767578,20299488.0,26643.37890625,120001,40000.0,-40283496.12374533,,,,,,,
5.6480471096038745,-0.2740948676408305,0.728911716694873,-0.6302360980465751,0.0,2518.9042606677317,16130.919768960022,22,5748,132000,0.0003,52278.16015625,185.7429656982422,-3.190434217453003,31790340.0,19672.224609375,122001,40000.0,-40283496.12374533,,,,,,,
-36.14942381858821,-0.07210823933471924,1.890947616978947,2.8193577176525015,0.0,36691.32389921178,24996.317135213478,22,5826,134000,0.0003,5643.91796875,286.4959411621094,-0.1725914478302002,655726592.0,156751.546875,124001,40000.0,-40283496.12374533,,,,,,,
22.165269369125365,-0.23762405355424351,-3.7678067814135514,3.658955030043921,0.0,50227.55397506004,-36871.44718351041,23,5904,136000,0.0003,19645.58984375,195.2648468017578,1.154756784439087,1789990400.0,279938.0,126001,40000.0,-40283496.12374533,,,,,,,
12.688231311798097,0.15714535496894083,1.0806359025903607,0.3031306505410083,0.0,1514.7260673240314,-3195.7868420583823,23,5982,138000,0.0003,3257.888671875,199.19493103027344,-0.4121588170528412,2420230400.0,469547.8125,128001,40000.0,-40283496.12374533,,,,,,,
1.3453332118988037,-0.3628880978037929,0.24352493828242489,0.005275128632383589,0.0,74.34415823693348,38.27167322439773,23,6060,140000,0.0003,68130.125,256.17913818359375,-1.221645712852478,26610302976.0,1251878.5,130001,40000.0,-40283496.12374533,,,,,,,
9.934217973709103,0.23056993631205844,0.29431875074322816,0.19599427020617882,0.0,181.46767684169077,175.58021022429634,23,6138,142000,0.0003,-34135.62109375,328.0028076171875,-0.2913369834423065,783110016.0,167332.484375,132001,40000.0,-40283496.12374533,,,,,,,
24.811670829772915,0.3641334838951021,0.09625867900299008,0.3777587319567983,0.0,225.72832701142758,345.89645234667955,23,6215,144000,0.0003,-49830.2109375,415.93243408203125,-1.1472575664520264,11402789888.0,1037200.375,134001,40000.0,-40283496.12374533,,,,,,,
39.9942334804535,0.5029733157373292,0.021676657547600117,0.6387673301039556,0.0,627.7407031407773,-130.24440341174986,23,6295,146000,0.0003,-68799.9609375,551.3421020507812,-0.9287823438644409,16628237312.0,1408810.0,136001,40000.0,-40283496.12374533,,,,,,,
39.40634422683717,0.5581837814031102,0.05012151634600575,0.5077036973088276,0.0,452.1950632784252,-9.983790238214246,23,6375,148000,0.0003,-105232.765625,672.10693359375,0.2801327705383301,531569536.0,137992.640625,138001,40000.0,-40283496.12374533,,,,,,,
45.95698174285887,0.716919932815226,0.1197597243593139,0.6773401661964625,0.0,934.282781764483,142.47997559970355,23,6453,150000,0.0003,-163741.71875,710.8473510742188,0.20669080317020416,4899547136.0,695256.75,140001,40000.0,-40283496.12374533,,,,,,,
44.95293675994873,0.6108059269692622,0.3070664691429593,0.6134498693852909,0.0,859.2405601062197,1702.555466469625,23,6531,152000,0.0003,-152369.515625,776.8177490234375,0.41101473569869995,23043981312.0,946597.0,142001,40000.0,-40283496.12374533,,,,,,,
-11.888278547286992,-0.08016262483559694,0.8164087904187897,-0.4053973144066937,0.0,1877.08682212237,211.8012695198894,23,6608,154000,0.0003,-251300.75,918.5718994140625,-0.5343424677848816,8618368000.0,834728.3125,144001,40000.0,-40283496.12374533,,,,,,,
7.898766248702995,-0.02776808531749535,0.6483981758640117,-0.40447390219165286,0.0,2907.479544871083,1330.7075710122738,23,6686,156000,0.0003,-317958.90625,1024.597412109375,-0.1850476711988449,3289318400.0,496119.28125,146001,40000.0,-40283496.12374533,,,,,,,
0.2266006050109858,-0.06387671265437628,0.7544463443460603,-0.0018496876244390537,0.0,4947.169464589265,2572.847446697038,23,6764,158000,0.0003,-321834.46875,1096.735595703125,-0.276988685131073,5860773888.0,561552.8125,148001,40000.0,-40283496.12374533,,,,,,,
-1.8713663101196227,0.7111472239293751,0.24379637393157477,-0.22395655397785946,0.0,6836.401782341958,1138.9126043895408,23,6842,160000,0.0003,-312019.0,1230.3009033203125,-0.058371592313051224,2513392128.0,177323.265625,150001,40000.0,-88190746.13809575,,,,,,,
7.3862327613830425,0.5642277454890742,0.6634593279823564,-0.7287544643090953,0.0,971.8363115870926,-533.2051862429023,23,6919,162000,0.0003,-497250.25,1277.884521484375,0.2761121988296509,13372195840.0,1163654.25,152001,40000.0,-88190746.13809575,,,,,,,
0.7703585128784188,0.47336780690597574,0.03531003265909111,-0.4125944490270129,0.0,570.8785705863882,241.58439839988313,23,6996,164000,0.0003,-517985.5625,1256.18505859375,-0.38416776061058044,17051359232.0,1414516.75,154001,40000.0,-88190746.13809575,,,,,,,
-12.744151020050053,-0.6435779496689369,0.2920182626716584,-0.6374966935146923,0.0,1134.1263858931934,367.10064709907914,23,7074,166000,0.0003,-665281.0,1150.6077880859375,0.10856358706951141,17745901568.0,1371062.875,156001,40000.0,-88190746.13809575,,,,,,,
-5.726075223922734,-0.37611425175384067,0.4736222383461387,-0.6169697267577419,0.0,1532.7541422292782,1077.4817749945864,23,7152,168000,0.0003,-693235.0,1026.6259765625,1.1081762313842773,4012196864.0,445164.4375,158001,40000.0,-88190746.13809575,,,,,,,
4.554564952850351,0.19593257889334464,0.08772187699450201,-0.794478472226447,0.0,2224.188834544751,118.71059109749206,23,7230,170000,0.0003,-721690.625,861.6331176757812,-0.6800119876861572,1842104448.0,374122.9375,160001,40000.0,-88190746.13809575,,,,,,,
6.590092157363892,-0.09810589711274588,-0.5520202495187168,-0.5278301266010306,0.0,2117.9469752796585,-129.42282315872615,23,7307,172000,0.0003,-631293.9375,772.5607299804688,0.677274227142334,2538714112.0,393445.8125,162001,40000.0,-88190746.13809575,,,,,,,
-9.22798186683655,-0.09716058168028142,0.14593096128420352,-0.4582387328700854,0.0,1659.738762013821,-892.5593751395962,23,7385,174000,0.0003,-602399.9375,755.4201049804688,0.7784236073493958,7788176384.0,885916.5625,164001,40000.0,-88190746.13809575,,,,,,,
-3.704052480697623,-0.2764563072860472,-0.04111832277744824,-0.4132299884687136,0.0,1132.402740805115,105.21006258034217,23,7463,176000,0.0003,-617918.1875,714.1010131835938,-0.123079314827919,7347302912.0,761378.0625,166001,40000.0,-88190746.13809575,,,,,,,
-12.478523469924932,-0.47382786870235033,0.06770182516706286,-0.4590188119619627,0.0,1043.7553674236558,340.81792101547256,23,7541,178000,0.0003,-475108.5,653.742919921875,0.4695180356502533,938483840.0,127051.015625,168001,40000.0,-88190746.13809575,,,,,,,
-6.2136431083679176,-0.36244999545640144,0.27073447989018273,-0.6067346450003608,0.0,1513.9388789795892,1489.026525038436,23,7618,180000,0.0003,-344238.0,580.966796875,0.6700783967971802,1439484544.0,305360.15625,170001,40000.0,-88190746.13809575,,,,,,,
2.675297559738158,0.228458233205868,-0.03200183290886661,-0.7087758440899983,0.0,2187.429235005924,-715.1389168674419,23,7696,182000,0.0003,-420201.59375,743.3765258789062,-1.0866785049438477,13294721024.0,1077726.75,172001,40000.0,-88190746.13809575,,,,,,,
-11.940377246856682,-0.5770252170270774,-0.5440926676212969,-0.035936196754839715,0.0,1204.5526225221283,-1489.4394982205915,23,7772,184000,0.0003,-386302.78125,1128.4493408203125,-0.07634352147579193,1655214848.0,222969.796875,174001,40000.0,-88190746.13809575,,,,,,,
-16.377476465225218,-0.4473045312274968,0.28811387401231464,-0.4672734557895296,0.0,1110.4131757775315,840.4199398536557,23,7848,186000,0.0003,-629390.9375,1479.9727783203125,-0.8675497770309448,3618172928.0,568345.0625,176001,40000.0,-88190746.13809575,,,,,,,
-5.119872812271117,-0.16755847859582146,0.09297753898526369,-0.6822590048392505,0.0,1607.2671506687848,472.5657873702141,23,7925,188000,0.0003,-904926.125,2569.93505859375,-1.5883479118347168,1809558144.0,158279.40625,178001,40000.0,-88190746.13809575,,,,,,,
-7.564186864852903,-0.48094029561511104,-0.6081436591500842,-0.5509777797300457,0.0,1161.1254113698967,-1099.6733032243592,23,8001,190000,0.0003,-1507822.75,4367.78955078125,-2.7665951251983643,18504718336.0,670968.4375,180001,40000.0,-88190746.13809575,,,,,,,
-42.78895879936223,0.2547170334139186,-6.147404670571183,7.777714135763897,0.0,214514.96587829167,1696289.3733402402,23,8077,192000,0.0003,-2650516.0,7325.31689453125,-2.0782768726348877,42172448768.0,780748.6875,182001,40000.0,-88190746.13809575,,,,,,,
-23.607117164611886,-0.0022141753792465028,-24.456707041080296,80.52124977565406,0.0,8930486.125953633,6961607.532980404,23,8153,194000,0.0003,-2032713.75,3850.813232421875,3.545309543609619,30345750528.0,4413003.0,184001,40000.0,-88190746.13809575,,,,,,,
54.59729210472107,0.012033447502913828,-15.00593621220162,33.32575542826333,0.0,3045247.6984018157,-7303972.15773694,23,8228,196000,0.0003,-2134145.25,4715.00244140625,-3.3902368545532227,8015982886912.0,13246313.0,186001,40000.0,-88190746.13809575,,,,,,,
34.301284273147594,-0.17215592140238994,4.418817372377776,5.1093989972248846,0.0,1339099.2933815226,-195673.71039368992,23,8301,198000,0.0003,-2004663.125,6749.0224609375,-1.4005699157714844,2075692892160.0,12100004.0,188001,40000.0,-88190746.13809575,,,,,,,
-54.456332679748506,-0.10428507877098481,-0.3398293054028316,2.2644494386430702,0.0,1025982.7316042477,96182.58310917682,,,200000,0.0003,218522.890625,9481.8525390625,-0.5537557601928711,3843428712448.0,5378310.5,190000,,,0.0,0.0,40000.0,-874012.6546698831,1649893.3305706477,0.0,0.0
,,,,,,,20,9561,200000,0.0003,-547866.0625,9483.8154296875,-1.2726317644119263,16376656822272.0,42941052.0,190001,40000.0,-5906172373.223505,,,,,,,
16.545761745452882,0.22580078165726755,1.4038190181723798,-0.3303651590615361,0.0,1947.7306058688757,12763.154987023285,20,9637,202000,0.0003,1523971.875,14378.7314453125,-1.8850256204605103,20779873861632.0,45920256.0,192001,40000.0,-5906172373.223505,,,,,,,
37.73963311195372,0.08298695737214774,6.519214097515087,8.108141784919852,0.0,170805.75063669536,741034.2019553059,21,9712,204000,0.0003,1556305.25,19597.939453125,0.0749216377735138,5446496681984.0,19793908.0,194001,40000.0,-5906172373.223505,,,,,,,
12.370777618408225,0.0016097006013538727,17.813090606013187,43.13120496830285,0.0,2673859.029103776,2492966.160369769,21,9788,206000,0.0003,3959291.5,20961.232421875,1.49773108959198,44242802049024.0,62088012.0,196001,40000.0,-5906172373.223505,,,,,,,
-38.194463508606,-0.0031025485406078255,11.49577484481349,20.33336361665663,0.0,1478512.612002742,-2320455.2932595834,21,9864,208000,0.0003,2105076.5,22885.013671875,-1.4738010168075562,52171777245184.0,78024280.0,198001,40000.0,-5906172373.223505,,,,,,,
-28.56357424926753,-0.151710147568792,-0.5695396999598098,0.5876448735443667,0.0,911804.5577595817,-47510.24661489,21,9939,210000,0.0003,10246214.0,24276.712890625,-0.03761391341686249,107315084656640.0,109352208.0,200001,40000.0,-5906172373.223505,,,,,,,
-27.7470046863556,-0.1222244885083826,-4.422428236807232,2.9994706356655843,0.0,819720.1149382361,-116336.61086780035,21,10015,212000,0.0003,8647338.0,25914.6640625,-0.8370391726493835,149114067091456.0,87358048.0,202001,40000.0,-5906172373.223505,,,,,,,
-21.18443898773194,-0.010645102623007247,-9.613295205831125,12.108506477633561,0.0,716539.8740856104,-155267.75459663858,21,10090,214000,0.0003,3125830.0,27348.041015625,0.9832824468612671,7977398435840.0,36090216.0,204001,40000.0,-5906172373.223505,,,,,,,
-3.4169952869415336,0.020558443979194135,-8.807080000488803,10.291503860687374,0.0,378512.5573865465,-362251.0129056386,21,10166,216000,0.0003,6201952.5,29728.541015625,0.1580723226070404,155186630754304.0,101846640.0,206001,40000.0,-5906172373.223505,,,,,,,
-2.1612288055419993,-0.023613429083697332,-5.658707868056131,4.0785600505967645,0.0,111915.30645392285,-167560.53890194424,21,10242,218000,0.0003,11100729.0,31566.8359375,-1.3944592475891113,82416253272064.0,76799288.0,208001,40000.0,-5906172373.223505,,,,,,,
-4.667671516418455,-0.1293111142260395,-3.4380049419052323,1.426604947009184,0.0,34648.37392820049,-42854.29923114223,21,10317,220000,0.0003,7197316.0,33953.87890625,-0.9490541219711304,171944485847040.0,125978296.0,210001,40000.0,-5906172373.223505,,,,,,,
-28.942518325805665,-0.47739101803605,-1.2002256844367165,0.6702682273717325,0.0,11169.165507047535,-9403.399595580277,21,10392,222000,0.0003,8046379.0,36158.98828125,-0.185594379901886,692100626644992.0,272580384.0,212001,40000.0,-5906172373.223505,,,,,,,
-23.898170108795174,-0.22527077110100988,-0.8909822225393507,0.46763451779154697,0.0,8348.064197737647,-2617.2487285425505,21,10468,224000,0.0003,7537934.0,38541.8046875,-1.4129483699798584,615684165861376.0,198795872.0,214001,40000.0,-5906172373.223505,,,,,,,
2.2910808486938503,0.06759675448402225,-1.2331878092204254,0.12411383394707712,0.0,3215.3163299622256,-4366.444268591815,21,10544,226000,0.0003,9654800.0,40577.91015625,-2.1210672855377197,752610676047872.0,278914752.0,216001,40000.0,-5906172373.223505,,,,,,,
2.809829940795895,-0.5458631645629868,-0.5588351025279256,-0.11883526626535258,0.0,881.0762225461064,-1142.9223046015225,21,10619,228000,0.0003,3530680.25,42167.1171875,0.8420710563659668,204947786301440.0,146623232.0,218001,40000.0,-5906172373.223505,,,,,,,
-13.032280359268189,-0.8045428646973625,-0.15284022954968807,-0.34092989072393226,0.0,602.2237596524617,-71.31664256950309,21,10695,230000,0.0003,7356190.0,43059.2734375,-0.5586836934089661,81488632610816.0,97569096.0,220001,40000.0,-5906172373.223505,,,,,,,
0.19358038520811607,0.12840126184444872,0.019953007537903977,-0.40894604775858506,0.0,509.6533115792867,64.81884809468264,21,10770,232000,0.0003,608632.25,44496.33984375,-0.5070526599884033,27583567626240.0,41049688.0,222001,40000.0,-5906172373.223505,,,,,,,
3.8666698665618924,0.6246137562360555,-0.19087358342547064,-0.35221031003977304,0.0,389.6114622078597,-236.04496040602663,21,10845,234000,0.0003,5947473.5,44447.05859375,-0.8593254089355469,244157935255552.0,139676352.0,224001,40000.0,-5906172373.223505,,,,,,,
8.778139297485355,0.19246093826634575,0.22767121070279844,-0.17624941624196414,0.0,332.4267282269876,103.31722996372883,21,10921,236000,0.0003,4647064.5,45531.99609375,0.5846534967422485,162542584332288.0,86590264.0,226001,40000.0,-5906172373.223505,,,,,,,
-17.137728021621655,-0.7985758320566291,0.08612632224897467,-0.29948177492201744,0.0,575.6961222439425,225.74503118280114,21,10996,238000,0.0003,6039130.5,45508.46484375,0.0859912633895874,5229866249093120.0,468672064.0,228001,40000.0,-5906172373.223505,,,,,,,
7.472831624984764,-0.11504863100934085,-0.11879675952401199,-0.34948956806092535,0.0,495.64103939809536,-116.47080716569577,21,11072,240000,0.0003,6410692.0,44290.87890625,1.9077284336090088,671244332564480.0,201313744.0,230001,40000.0,-7363461797.529286,,,,,,,
2.114467187881469,0.08172621224683772,0.10464406902997558,-0.9410184736117114,0.0,1070.4808194728398,131.4912088184814,21,11148,242000,0.0003,6667324.0,44666.95703125,0.4599653482437134,102730869768192.0,77490568.0,232001,40000.0,-7363461797.529286,,,,,,,
0.875392852783204,0.1132534271276261,-0.08973910482425242,-0.9321670428780711,0.0,1052.6789866733611,155.23854404908212,21,11224,244000,0.0003,-1696656.125,43053.11328125,1.0650477409362793,497012944404480.0,234932832.0,234001,40000.0,-7363461797.529286,,,,,,,
0.239426582336426,-0.03416802148409863,-0.03935632348338692,-0.9353982928616948,0.0,1053.4846801310516,192.76374161203466,21,11300,246000,0.0003,2372705.0,42482.80078125,-0.917951226234436,421429371731968.0,228419824.0,236001,40000.0,-7363461797.529286,,,,,,,
1.0711806678771982,0.04888923243840224,0.09206510365282011,-0.9288598914233936,0.0,1041.5425233156873,157.96325604132818,21,11376,248000,0.0003,14616350.0,41501.6171875,-1.4513051509857178,1518000624631808.0,317597088.0,238001,40000.0,-7363461797.529286,,,,,,,
-0.6782958965301509,0.020416067339559026,-0.11950517174168514,-0.9221788286462191,0.0,1027.906316075928,167.0569053969199,21,11452,250000,0.0003,3679110.25,40572.72265625,0.07584363222122192,417245939367936.0,219064928.0,240001,40000.0,-7363461797.529286,,,,,,,
-0.6937126712799072,-0.10567538042103433,0.0037302205398276984,-0.9121368479020066,0.0,1005.0214877382311,149.87720021966587,21,11528,252000,0.0003,2073520.875,40325.07421875,-0.006994366645812988,287642214203392.0,159163872.0,242001,40000.0,-7363461797.529286,,,,,,,
0.0675982875823975,0.024056628579481938,0.08924384512446537,-0.9107388172163989,0.0,1001.9077043349814,188.56795336562405,21,11604,254000,0.0003,3587537.0,40740.41796875,-1.4680380821228027,245622535880704.0,162603200.0,244001,40000.0,-7363461797.529286,,,,,,,
-1.8365407028198242,-0.036372364580446806,-0.13905303435950134,-0.9002494501548205,0.0,982.6334756060828,135.78850651297213,21,11679,256000,0.0003,1052615.5,39607.203125,-0.8704270124435425,2205333367816192.0,527939168.0,246001,40000.0,-7363461797.529286,,,,,,,
-1.3918183040618908,-0.16775293593638263,0.022275597385771367,-0.8799872639166001,0.0,942.3098030249364,90.12605820806226,21,11755,258000,0.0003,-1741876.875,39292.64453125,-0.7714305520057678,98269573152768.0,85634224.0,248001,40000.0,-7363461797.529286,,,,,,,
-1.151200328826903,-0.01566407152669136,0.07602576484585062,-0.8906571321485481,0.0,958.7909083145853,219.26072335212476,21,11830,260000,0.0003,-8538250.0,39321.76953125,0.31593990325927734,32910811856896.0,54130100.0,250001,40000.0,-7363461797.529286,,,,,,,
-3.2237452793121357,-0.10842797386144651,-0.15607542222752716,-0.8711285807783887,0.0,926.1538389852094,62.89208714235244,22,11907,262000,0.0003,-4248429.0,38135.48828125,0.7634305953979492,14935135354880.0,19028254.0,252001,40000.0,-7363461797.529286,,,,,,,
-1.7670062427520747,-0.21771769393608986,0.07673040571943565,-0.8410016207630974,0.0,870.9852876884341,89.93839040103614,22,11982,264000,0.0003,-2273602.25,37804.0546875,1.2136911153793335,167127361257472.0,82117120.0,254001,40000.0,-7363461797.529286,,,,,,,
-1.9681592388153064,-0.03371432211068567,0.04870599865655476,-0.8638174506841036,0.0,902.2767844599359,191.8743309428971,22,12059,266000,0.0003,124061.0,37430.38671875,0.5882694125175476,774412601131008.0,276841920.0,256001,40000.0,-7363461797.529286,,,,,,,
-5.400810903549198,-0.20007636925532668,-0.21865827201810434,-0.8137350641792042,0.0,829.8857446081837,-85.6237188070133,22,12135,268000,0.0003,2461169.5,37426.17578125,1.3919063806533813,861422464532480.0,247023312.0,258001,40000.0,-7363461797.529286,,,,,,,
-2.878914300918579,-0.350841392665723,0.0947655808820769,-0.7506351399534794,0.0,725.5723225274035,77.39819586142846,22,12212,270000,0.0003,-9176198.0,37744.25390625,2.3885273933410645,172888237801472.0,113146288.0,260001,40000.0,-7363461797.529286,,,,,,,
-4.843669504165659,-0.15204805004880245,0.026656139548910687,-0.8162259368036962,0.0,813.7627628568979,141.4805747946818,22,12290,272000,0.0003,10659042.0,38074.4765625,-0.32578954100608826,3105388593414144.0,459019392.0,262001,40000.0,-7363461797.529286,,,,,,,
-9.91089173316956,-0.38958626910881017,-0.28686918090602836,-0.6791120700355444,0.0,647.0900577502379,-322.94449106068265,22,12367,274000,0.0003,-7346903.0,37512.578125,0.5406702756881714,261828420567040.0,114962328.0,264001,40000.0,-7363461797.529286,,,,,,,
-0.05291680526733623,-0.5167383781674466,0.2287375096494824,-0.5288420359046037,0.0,455.968424056318,57.28278995643685,22,12444,276000,0.0003,-8267210.0,36782.53125,0.31575387716293335,158097007968256.0,90551184.0,266001,40000.0,-7363461797.529286,,,,,,,
-4.992132270812992,-0.10599472115335193,0.13079745522897204,-0.6798688090413861,0.0,577.4284701840256,242.60543583164596,22,12522,278000,0.0003,-5148087.0,35831.16015625,-0.02217036485671997,589597339811840.0,274379136.0,268001,40000.0,-7363461797.529286,,,,,,,
-11.643623685836802,-0.28971471719477315,-0.3259326517526567,-0.5659907673180413,0.0,475.741214492724,-268.939579060122,22,12599,280000,0.0003,-8719853.0,35312.203125,1.3805369138717651,33769815801856.0,43416480.0,270001,40000.0,-6316504215.766084,,,,,,,
-0.795000520706177,-0.049463944318749356,-0.06080094859719939,-0.9853899643417434,0.0,1168.4357749155681,177.02232932944173,22,12677,282000,0.0003,-10605461.0,34853.2421875,0.5692257285118103,221077804417024.0,124644440.0,272001,40000.0,-6316504215.766084,,,,,,,
-3.4429560775756824,-0.15837358212001326,-0.10713307364362919,-0.9683380571009467,0.0,1138.7964123339304,32.34588325244515,22,12754,284000,0.0003,-3858566.75,34131.8203125,-1.4816802740097046,744419972087808.0,290524960.0,274001,40000.0,-6316504215.766084,,,,,,,
-4.7199648227691675,-0.31156478515336206,-0.05829904545320896,-0.9253795096262913,0.0,1060.3301572177215,-23.822821418339817,22,12831,286000,0.0003,-16333861.0,33128.578125,0.8936490416526794,61214193352704.0,57070536.0,276001,40000.0,-6316504215.766084,,,,,,,
-5.44696398735046,-0.28705418432871027,0.04596683716395301,-0.9344222560322233,0.0,1074.5122416742697,68.87364243455417,22,12908,288000,0.0003,-8097296.0,32857.23046875,0.4668334424495697,603066692796416.0,226283616.0,278001,40000.0,-6316504215.766084,,,,,,,
-6.1488574600219765,-0.310735004410944,-0.07584641307437166,-0.9244413670749403,0.0,1058.161976085192,-49.51502435549276,22,12984,290000,0.0003,-18107680.0,32404.052734375,-0.1692161113023758,17479809105920.0,27084312.0,280001,40000.0,-6316504215.766084,,,,,,,
-5.297060739517219,-0.3758358689078628,0.03393659018387466,-0.8974803638774798,0.0,1011.861353789593,40.66193502888994,22,13060,292000,0.0003,-9901373.0,32068.955078125,-1.4900710582733154,378118183321600.0,146969664.0,282001,40000.0,-6316504215.766084,,,,,,,
-5.618224534988407,-0.26879621030992246,0.043554359755834694,-0.936072533244896,0.0,1076.000060815233,72.24652968128004,22,13136,294000,0.0003,-11405764.0,31433.724609375,1.3398208618164062,319973050286080.0,206500592.0,284001,40000.0,-6316504215.766084,,,,,,,
-5.970323600769042,-0.3239760706528742,-0.08357642978025823,-0.9147838465735045,0.0,1039.8434320402869,-59.78747360816881,22,13212,296000,0.0003,-4960419.5,31474.25,-1.2368886470794678,258239740510208.0,116309208.0,286001,40000.0,-6316504215.766084,,,,,,,
-5.373093555450436,-0.3599265692978025,0.05565718012220302,-0.9001658306560911,0.0,1014.4028485466824,65.3778860798584,22,13289,298000,0.0003,-15421644.0,31233.15625,1.0449274778366089,303993356025856.0,153000496.0,288001,40000.0,-6316504215.766084,,,,,,,
-6.093099870681763,-0.2849222670746137,-0.01363592872682998,-0.9285601927337145,0.0,1061.3801399061608,13.901605293834784,,,300000,0.0003,-15376076.0,30948.986328125,0.40687352418899536,390919266238464.0,221297200.0,290000,,,0.0,0.0,40000.0,-35155.03284504725,3695.3693970961785,0.0,0.0
,,,,,,,20,14554,300000,0.0003,-3576813.5,30948.572265625,-2.267028331756592,471344173023232.0,182115040.0,290001,40000.0,-6316504215.766084,,,,,,,
-6.1631785659790035,-0.39062567824419386,-0.0680347735851743,-0.8838157791446911,0.0,987.1471786308138,-63.1836330565001,20,14631,302000,0.0003,-12211847.0,30252.09765625,0.5188360214233398,1707312850927616.0,429006720.0,292001,40000.0,-6316504215.766084,,,,,,,
-5.9908334484100365,-0.3487800394319644,0.09423765666200334,-0.898061118126064,0.0,1009.5034096603412,103.43095192341251,20,14708,304000,0.0003,-18802404.0,30069.880859375,0.06645132601261139,128787194839040.0,107627616.0,294001,40000.0,-6316504215.766084,,,,,,,
-6.7780844936370865,-0.31882712530130103,-0.08035977750430291,-0.9092865450941646,0.0,1027.787661103019,-63.23290535372396,20,14786,306000,0.0003,-14805916.0,29988.119140625,0.020262420177459717,102305567342592.0,82941864.0,296001,40000.0,-6316504215.766084,,,,,,,
-5.893664085388183,-0.4571308077850375,-0.026376050704934966,-0.8446110354311305,0.0,923.1806063631633,-29.854939198834263,20,14863,308000,0.0003,-10544534.0,29789.84375,-1.1099011898040771,1189578971021312.0,317024000.0,298001,40000.0,-6316504215.766084,,,,,,,
-7.051643728256226,-0.34691729770088026,0.09357152867810836,-0.8917671901753137,0.0,996.85424344792,112.44001394020167,20,14941,310000,0.0003,-18274124.0,29289.00390625,1.3982720375061035,55988891680768.0,75563160.0,300001,40000.0,-6316504215.766084,,,,,,,
-7.421183694839477,-0.37003072580418994,-0.10616647163099892,-0.8807006571936489,0.0,978.466478012193,-104.97368177989047,20,15018,312000,0.0003,-20441346.0,28451.26953125,1.2531838417053223,163384213372928.0,127481248.0,302001,40000.0,-6316504215.766084,,,,,,,
-5.607528116226197,-0.45156583505471554,0.06183603502312161,-0.8386511070887561,0.0,911.4285188515709,62.33036556195896,20,15095,314000,0.0003,-9832864.0,27830.390625,1.217504858970642,3559912634318848.0,485299424.0,304001,40000.0,-6316504215.766084,,,,,,,
-6.694355079650879,-0.3030530524299216,0.040434920072870584,-0.9035207453857941,0.0,1011.3046646713448,64.40378268783968,20,15172,316000,0.0003,-4736524.0,27463.5625,-1.2465087175369263,2187442681544704.0,469486592.0,306001,40000.0,-6316504215.766084,,,,,,,
-7.017489576339722,-0.39754450012115733,-0.1114371067898429,-0.8590859613538672,0.0,940.5366151871347,-113.71421521954325,20,15249,318000,0.0003,-21431726.0,27441.439453125,1.2169839143753052,56215451205632.0,60256448.0,308001,40000.0,-6316504215.766084,,,,,,,
-5.928574630737303,-0.4037690983388954,0.1176941515007351,-0.8507306144478732,0.0,926.075098434377,121.06734816753531,20,15327,320000,0.0003,-11948349.0,27290.64453125,-2.6072287559509277,401402945863680.0,147965408.0,310001,40000.0,-5532046256.057194,,,,,,,
-2.960060874938964,-0.12586086565597265,-0.1709006485769536,-0.9533405054767947,0.0,1109.0806607768943,22.06616551199351,20,15404,322000,0.0003,-9455168.0,27448.583984375,-0.46941280364990234,336672889765888.0,183917952.0,312001,40000.0,-5532046256.057194,,,,,,,
-3.9261048774719227,-0.2898744634483202,-0.016726831490954514,-0.9169285460923083,0.0,1036.6918086435253,13.40058640751005,20,15482,324000,0.0003,-20667716.0,27174.787109375,1.2658019065856934,299281307140096.0,153664560.0,314001,40000.0,-5532046256.057194,,,,,,,
-5.330528900146483,-0.2447085076651804,0.004205766358968837,-0.9321857199277367,0.0,1062.9742909585268,37.362215328120755,20,15558,326000,0.0003,-13761878.0,27069.822265625,1.4918019771575928,5081290982293504.0,561742080.0,316001,40000.0,-5532046256.057194,,,,,,,
-6.509014616012571,-0.3586839935328378,-0.11192957265437883,-0.8851768911233107,0.0,986.0153760289512,-103.47365567573941,20,15636,328000,0.0003,-12743260.0,26678.853515625,-1.5239425897598267,2299482540605440.0,539471872.0,318001,40000.0,-5532046256.057194,,,,,,,
-5.676089561462402,-0.38933712492927747,0.0886750756182974,-0.8701957012753456,0.0,960.0820879568291,94.58023368000026,21,15713,330000,0.0003,-14550813.0,26501.1953125,2.1769649982452393,2490440544681984.0,562160832.0,320001,40000.0,-5532046256.057194,,,,,,,
-6.409573289871216,-0.28842476804052314,-0.02463945263344877,-0.912440180627759,0.0,1027.2446997269267,-2.5059410053342526,21,15790,332000,0.0003,-10728636.0,26330.369140625,-3.339489459991455,793398168518656.0,283695008.0,322001,40000.0,-5532046256.057194,,,,,,,
-6.156769449234009,-0.4167623981884427,-0.07739529886077148,-0.8543290772088273,0.0,933.1259710288134,-80.08259559390967,21,15867,334000,0.0003,-14487977.0,26570.96484375,-2.584550142288208,3360097602371584.0,640328576.0,324001,40000.0,-5532046256.057194,,,,,,,
-6.469418413162228,-0.35966890383158123,0.11731555180851802,-0.8753216966008095,0.0,966.3967890799539,124.57554025000503,21,15944,336000,0.0003,-17516164.0,26198.341796875,0.8742903470993042,140340841414656.0,92193104.0,326001,40000.0,-5532046256.057194,,,,,,,
-7.0586826305389385,-0.3245057913691161,-0.08829192141736768,-0.8908605243385483,0.0,989.4464271101141,-79.5490977794871,21,16022,338000,0.0003,-18906196.0,26025.125,0.22474613785743713,3496368593174528.0,643101312.0,328001,40000.0,-5532046256.057194,,,,,,,
-5.522919866561888,-0.45480152744014857,-0.008593528230985525,-0.826921436361371,0.0,887.1856790024833,-15.480928590254225,21,16099,340000,0.0003,-20734560.0,25496.306640625,1.6623053550720215,185289704210432.0,89219552.0,330001,40000.0,-5532046256.057194,,,,,,,
-7.049558876037597,-0.32438810876960616,0.08493348877555967,-0.8817827352651826,0.0,971.743738601566,103.33530791463109,21,16176,342000,0.0003,-13336144.0,25704.14453125,0.014615252614021301,2376164886708224.0,527930208.0,332001,40000.0,-5532046256.057194,,,,,,,
-8.11010807418826,-0.39267946102099843,-0.13811375417229987,-0.8474407913190859,0.0,918.5958246756148,-152.65995559677333,21,16254,344000,0.0003,-18026720.0,25672.736328125,-0.5338811278343201,92504863014912.0,69642792.0,334001,40000.0,-5532046256.057194,,,,,,,
-5.485307945251465,-0.4914440449334837,0.07206025379704972,-0.7923433549038781,0.0,834.2044940375675,74.03336266393342,21,16331,346000,0.0003,-21822946.0,25744.181640625,-0.5750284194946289,184749494632448.0,106823080.0,336001,40000.0,-5532046256.057194,,,,,,,
-7.900071855545056,-0.3449115511189856,0.005495315085477739,-0.8654461340459753,0.0,939.6466144816065,26.517439663472253,21,16409,348000,0.0003,-21454810.0,25534.12109375,1.570343255996704,15591297515520.0,34920192.0,338001,40000.0,-5532046256.057194,,,,,,,
-8.086070253372188,-0.4982057684313636,-0.1346680967750087,-0.7780476353491415,0.0,812.1932798846984,-162.09964936667453,21,16486,350000,0.0003,-15628248.0,24845.87890625,-1.0775212049484253,3041301238906880.0,629838208.0,340001,40000.0,-5532046256.057194,,,,,,,
-6.59134663009643,-0.4620984575824266,0.17590543420327628,-0.7792037571884793,0.0,810.8038617302332,165.17080924596132,21,16563,352000,0.0003,-18415118.0,24606.18359375,-0.045351702719926834,101778309775360.0,103184096.0,342001,40000.0,-5532046256.057194,,,,,,,
-8.095557231903081,-0.3474933864409615,-0.08448944122020716,-0.8412673035006635,0.0,893.344810762937,-80.90870267710571,21,16641,354000,0.0003,-9126496.0,24689.677734375,-0.5523083209991455,3117488590028800.0,582066816.0,344001,40000.0,-5532046256.057194,,,,,,,
-5.731992460250834,-0.5625159731484625,-0.08730092791752798,-0.7063355235105073,0.0,706.3692657099655,-135.83141397156942,21,16718,356000,0.0003,-21298250.0,24452.515625,2.657886266708374,80972875825152.0,91420440.0,346001,40000.0,-5532046256.057194,,,,,,,
-8.161772089004518,-0.3893172177254171,0.20848407947677938,-0.7669463204934404,0.0,777.7500142962581,197.1065937693839,21,16796,358000,0.0003,-6937153.5,24537.7578125,-2.8102011680603027,4732039274168320.0,538097728.0,348001,40000.0,-5532046256.057194,,,,,,,
-9.159756971359242,-0.36570871410486666,-0.17275799008949755,-0.7841099600862002,0.0,796.960373550695,-203.1061619696179,21,16873,360000,0.0003,-8628696.0,24286.625,0.8416412472724915,4393756375646208.0,645056896.0,350001,40000.0,-4921467401.066298,,,,,,,
-0.53724645614624,-0.03567263049070243,-0.05300009488201017,-0.9746217150161005,0.0,1142.2409945764286,130.5178111228345,21,16951,362000,0.0003,-18646124.0,23934.484375,-0.39462214708328247,52000876134400.0,47851680.0,352001,40000.0,-4921467401.066298,,,,,,,
-4.424824041366574,-0.19719800442555285,-0.1760647242182195,-0.941779554563443,0.0,1091.0086752058962,-77.44310742405106,21,17028,364000,0.0003,-17288828.0,24159.70703125,0.1571376621723175,78099383320576.0,59417584.0,354001,40000.0,-4921467401.066298,,,,,,,
-5.752365467071529,-0.4230851243650533,-0.07579907553891554,-0.8579173459086599,0.0,943.0453546382618,-73.46532599442436,21,17106,366000,0.0003,-21091682.0,24211.998046875,1.557507038116455,408165975851008.0,205952448.0,356001,40000.0,-4921467401.066298,,,,,,,
-7.643846181869507,-0.3918036275669688,0.045497206182277546,-0.873730228441591,0.0,964.9643388142662,56.19313044899562,21,17184,368000,0.0003,-16398160.0,24143.4921875,1.474397897720337,867307307925504.0,273897600.0,358001,40000.0,-4921467401.066298,,,,,,,
-9.173777889251697,-0.4708218778757473,-0.13768476949997183,-0.8271770847730852,0.0,898.6180250339332,-168.86900900044367,21,17261,370000,0.0003,-15760284.0,23761.9296875,-0.2817414700984955,1899835565277184.0,464202400.0,360001,40000.0,-4921467401.066298,,,,,,,
-5.983699172973629,-0.5682677879466157,0.07397434063591533,-0.764600609960486,0.0,806.5721054871715,69.78578569430475,21,17339,372000,0.0003,-14824656.0,23099.26171875,-1.787757158279419,1165814648537088.0,362545312.0,362001,40000.0,-4921467401.066298,,,,,,,
-9.236959936141954,-0.4219589001136246,0.012356255906040751,-0.8450552682314215,0.0,914.9412692348124,28.227655007012984,21,17416,374000,0.0003,-25531474.0,23017.6328125,1.2720146179199219,44037037883392.0,57965028.0,364001,40000.0,-4921467401.066298,,,,,,,
-8.32888966369629,-0.5795578753581184,-0.15058332078568437,-0.7433509886142728,0.0,778.7235607831856,-181.41649183569578,21,17493,376000,0.0003,-8288882.5,22778.365234375,0.2884477376937866,2269674930700288.0,357987296.0,366001,40000.0,-4921467401.066298,,,,,,,
-7.580286365509026,-0.5480386031162513,0.1813454089877174,-0.7431693797339692,0.0,772.1271052116525,173.71069070730454,21,17570,378000,0.0003,-19081196.0,21716.62109375,-0.6152936816215515,103289676890112.0,76386960.0,368001,40000.0,-4921467401.066298,,,,,,,
-9.584198654174795,-0.4250394214534018,-0.08164405437999735,-0.8196414540993296,0.0,868.9784985208893,-99.36367549036812,21,17647,380000,0.0003,-15038155.0,21636.330078125,0.08044639229774475,1437075924582400.0,405787808.0,370001,40000.0,-4921467401.066298,,,,,,,
-4.995588264465321,-0.6444760473631078,-0.0752185146242347,-0.6660770580477,0.0,671.9308263543405,-132.0588529914566,21,17724,382000,0.0003,-21193790.0,21744.099609375,0.853739857673645,236602047594496.0,171726928.0,372001,40000.0,-4921467401.066298,,,,,,,
-9.668496078491186,-0.45178314779848006,0.20279939625719381,-0.7469606374573003,0.0,757.7572620278476,211.71587022349465,21,17801,384000,0.0003,-12940282.0,21194.244140625,-0.4175296425819397,383769286541312.0,202272992.0,374001,40000.0,-4921467401.066298,,,,,,,
-10.658920825958234,-0.4352676149138006,-0.17892316947102796,-0.7607456496520314,0.0,773.592954002909,-243.8640917559841,21,17877,386000,0.0003,-11689911.0,21072.8125,1.3602045774459839,1095941436211200.0,240030672.0,376001,40000.0,-4921467401.066298,,,,,,,
0.4342794094085661,-0.6506313623856607,0.14686166449972002,-0.515714020749093,0.0,519.7889324818125,-153.19078573941314,21,17954,388000,0.0003,-16688692.0,20857.69921875,0.6846505403518677,270933315026944.0,136586512.0,378001,40000.0,-4921467401.066298,,,,,,,
-5.1915797653198235,-0.1532336875878177,0.21877329116459068,-0.5619874545173227,0.0,420.85643751054795,73.65500452897957,21,18030,390000,0.0003,-17374996.0,21080.451171875,0.3262370526790619,2340951523590144.0,540771840.0,380001,40000.0,-4921467401.066298,,,,,,,
-8.089094816207888,-0.21472073358770952,-0.2625249494782044,-0.537316088500222,0.0,399.5843544634567,-80.65796814334688,21,18107,392000,0.0003,-19034012.0,20733.431640625,1.0255486965179443,594642584207360.0,248318112.0,382001,40000.0,-4921467401.066298,,,,,,,
-15.870553627014134,-0.5726174471143283,-0.01685933949649794,0.07070606001355222,0.0,187.5103218841162,-197.67901673478443,21,18183,394000,0.0003,-11816430.0,20839.505859375,-1.0400513410568237,2808964983029760.0,484633472.0,384001,40000.0,-4921467401.066298,,,,,,,
-27.69061353492735,-0.4601081796828459,0.21103434565204734,0.3594414491248855,0.0,424.991318625918,40.04357178942526,21,18258,396000,0.0003,-3563321.5,20513.11328125,-1.1336549520492554,1031276542820352.0,262380864.0,386001,40000.0,-4921467401.066298,,,,,,,
-28.452849643707253,-0.3191886945486153,-0.2030254772825379,0.5270654021371379,0.0,558.594956929456,1070.7042531218033,21,18337,398000,0.0003,-15517802.0,20496.16015625,0.5018621683120728,718752576438272.0,259428208.0,388001,40000.0,-4921467401.066298,,,,,,,
-36.7086739139557,-0.3866154181303941,0.07593710270230235,0.8804162136508441,0.0,1067.5038250736138,-73.14843234693234,,,400000,0.0003,-14382430.0,20111.34765625,-0.18063005805015564,199142936674304.0,119681720.0,390000,,,0.0,0.0,40000.0,-39833.793655976355,3916.4460768322374,0.0,0.0
,,,,,,,20,19599,400000,0.0003,-15994383.0,20110.791015625,-1.4049001932144165,963567188705280.0,343261760.0,390001,40000.0,-4432314073.977071,,,,,,,
-1.92158934020996,-0.10322430846335502,-0.13395325282123272,-0.9848219203753776,0.0,1175.5264749028215,66.30345273912401,20,19675,402000,0.0003,-8528487.0,19813.603515625,0.9421790242195129,3701955792732160.0,584935552.0,392001,40000.0,-4432314073.977071,,,,,,,
-5.894724788665774,-0.3050279174403954,-0.15328329863838955,-0.9321901031895415,0.0,1082.278126668342,-124.39995837731631,20,19750,404000,0.0003,-16508311.0,19921.90625,0.925934374332428,510581081636864.0,257332976.0,394001,40000.0,-4432314073.977071,,,,,,,
-6.940539667129516,-0.4872044177876418,-0.06018035129689259,-0.853993520738311,0.0,950.2987293804831,-61.19762413475051,20,19826,406000,0.0003,-19240678.0,19861.751953125,-0.44914454221725464,426917534629888.0,205552864.0,396001,40000.0,-4432314073.977071,,,,,,,
-8.544837015152,-0.4832588494489302,0.01666342984019743,-0.8581098236697632,0.0,955.0920938969865,22.07076798287116,20,19902,408000,0.0003,-8973713.0,18655.595703125,-0.3338730037212372,4205749550972928.0,732512320.0,398001,40000.0,-4432314073.977071,,,,,,,
-8.876409517288211,-0.5427585400258471,-0.0812827656038625,-0.8228585998253704,0.0,905.4172482286132,-94.69074962853118,20,19977,410000,0.0003,-14965009.0,18576.431640625,0.8934839963912964,182677575565312.0,101886160.0,400001,40000.0,-4432314073.977071,,,,,,,
-7.965597661972044,-0.5754661183944809,0.05496736388961258,-0.8035370417488188,0.0,877.4489921767364,60.888105409855235,20,20053,412000,0.0003,-14735574.0,18480.04296875,0.8102102279663086,422676992622592.0,199373248.0,402001,40000.0,-4432314073.977071,,,,,,,
-9.576061426162724,-0.5158573883837997,-0.023714880736192368,-0.8373431832211922,0.0,923.6023315491929,-27.928341218872212,20,20128,414000,0.0003,-10492583.0,18291.990234375,-0.046260491013526917,1756221119922176.0,475886272.0,404001,40000.0,-4432314073.977071,,,,,,,
-7.749610467910791,-0.6087283676067875,-0.03799627961050772,-0.7811524120619002,0.0,846.8235027029173,-45.93606341880448,20,20203,416000,0.0003,-16301888.0,18267.26953125,0.2431504726409912,1289706738286592.0,407876352.0,406001,40000.0,-4432314073.977071,,,,,,,
-9.302698398590069,-0.5405706393499229,0.08078970479066841,-0.8185052449495593,0.0,896.3881994499177,94.995441485158,20,20278,418000,0.0003,-16835296.0,17259.92578125,0.5687868595123291,311471699394560.0,162990944.0,408001,40000.0,-4432314073.977071,,,,,,,
-9.498577800750747,-0.5347922177568901,-0.07655774789124586,-0.8215661351771457,0.0,900.4876662847535,-91.29131270499553,20,20353,420000,0.0003,-22207296.0,17269.259765625,1.2520952224731445,1184625459200.0,6867732.5,410001,40000.0,-4432314073.977071,,,,,,,
-7.365675987243649,-0.596927899887094,0.049584867068071074,-0.7836614938130394,0.0,848.1743191134609,52.69817558044544,20,20428,422000,0.0003,-14724383.0,17532.900390625,1.024388074874878,81129273032704.0,76793208.0,412001,40000.0,-4432314073.977071,,,,,,,
-9.665041492462155,-0.5007929057849357,0.0066851998521773376,-0.838888531647656,0.0,922.3031965580633,11.544016463240172,20,20503,424000,0.0003,-16252361.0,17749.3359375,-0.3914315104484558,518034259181568.0,244479200.0,414001,40000.0,-4432314073.977071,,,,,,,
-8.15357192039492,-0.6085718055186358,-0.09285956926771545,-0.7719546829163925,0.0,833.087028041649,-105.78348181645956,20,20578,426000,0.0003,-18450160.0,18168.361328125,0.48002010583877563,25571903930368.0,47805768.0,416001,40000.0,-4432314073.977071,,,,,,,
-9.01427219581604,-0.5820282874178103,0.09925766290631796,-0.7853895410914679,0.0,848.488599220928,108.71127957198675,20,20654,428000,0.0003,-13902408.0,17986.841796875,0.15495538711547852,1002036472578048.0,353543264.0,418001,40000.0,-4432314073.977071,,,,,,,
-10.341635578155516,-0.5375213486543433,-0.07278678756584177,-0.8117774230687509,0.0,883.2307842608732,-92.08735556180908,20,20730,430000,0.0003,-13357860.0,18294.5546875,1.0800411701202393,83018052009984.0,71903432.0,420001,40000.0,-4432314073.977071,,,,,,,
-6.479818061828611,-0.6707148872160827,-0.004493754626113392,-0.7273545977392168,0.0,776.1995323713705,-9.948920323985218,20,20806,432000,0.0003,-13859251.0,17855.85546875,-0.524537205696106,15217272553472.0,27086874.0,422001,40000.0,-4432314073.977071,,,,,,,
-10.430092336654662,-0.5486693344319149,0.07241324881504091,-0.8017315893236406,0.0,866.9117488681411,93.51417342989208,20,20882,434000,0.0003,-15292488.0,17710.58203125,0.47110018134117126,102453953429504.0,79613432.0,424001,40000.0,-4432314073.977071,,,,,,,
-9.580680999755845,-0.608316967584992,-0.13165041137031128,-0.7612027290328052,0.0,817.7960107277721,-145.85165315897336,20,20958,436000,0.0003,-15598953.0,18080.76171875,-1.55483078956604,21896586330112.0,36197196.0,426001,40000.0,-4432314073.977071,,,,,,,
-7.682455162048345,-0.6615934730743953,0.0979538341565063,-0.7273139344677347,0.0,774.2716483117651,97.94613861255701,20,21034,438000,0.0003,-13905467.0,18567.646484375,0.19451391696929932,3683089612013568.0,670046144.0,428001,40000.0,-4432314073.977071,,,,,,,
-10.810420026779157,-0.5504096600574108,-0.012890541260848262,-0.7988560041686964,0.0,859.6702629922256,-15.941687278102767,20,21110,440000,0.0003,-11780576.0,17786.427734375,0.10563850402832031,947003378892800.0,225015072.0,430001,40000.0,-4032638509.550018,,,,,,,
-2.7593908805847174,-0.14195002666598974,-0.18322951115883238,-0.9756559789998402,0.0,1163.7614399212928,20.972502322843194,20,21187,442000,0.0003,-15791046.0,18334.76171875,0.1317799687385559,116243541524480.0,106159672.0,432001,40000.0,-4032638509.550018,,,,,,,
-7.4136351909637455,-0.39784803891833936,-0.18371632768791932,-0.8904189238630049,0.0,1015.9562292649629,-200.40521611937342,20,21263,444000,0.0003,-13963236.0,19050.46875,-0.5117090344429016,50840471601152.0,62018748.0,434001,40000.0,-4032638509.550018,,,,,,,
-7.435789806365973,-0.6180345848113324,-0.06234195656278957,-0.7757254914492304,0.0,842.8016948210488,-65.05715936382373,20,21339,446000,0.0003,-14190358.0,19414.203125,0.20345927774906158,2223227543748608.0,521078432.0,436001,40000.0,-4032638509.550018,,,,,,,
-10.216946414947502,-0.5974681709947595,0.020375683635305362,-0.7911967365776488,0.0,860.0410945007653,24.68759273684548,20,21414,448000,0.0003,-13900588.0,20183.708984375,0.5141142010688782,219570002460672.0,147936592.0,438001,40000.0,-4032638509.550018,,,,,,,
-9.808945318222076,-0.679262729599642,-0.12598023063503733,-0.7345016087283479,0.0,796.5455297499876,-125.57274435033918,20,21491,450000,0.0003,-14010819.0,21124.46484375,0.029215872287750244,46668066062336.0,54947932.0,440001,40000.0,-4032638509.550018,,,,,,,
-7.742351850509643,-0.7554812148694918,0.05956092976092718,-0.6902078448733475,0.0,747.4605972935824,50.56405629342037,20,21567,452000,0.0003,-9390577.0,21564.353515625,-0.3919791579246521,564121674186752.0,249668608.0,442001,40000.0,-4032638509.550018,,,,,,,
-11.778794374465951,-0.6761332078327578,-0.01046833811871148,-0.7414201877911306,0.0,799.5756389129074,-11.871243559403576,20,21643,454000,0.0003,-14591402.0,21252.048828125,0.7577115297317505,438597563973632.0,226998880.0,444001,40000.0,-4032638509.550018,,,,,,,
-6.384107833862309,-0.8067389614479373,-0.09304552496803387,-0.6573549539056058,0.0,722.2332950117632,-64.61657141817133,20,21718,456000,0.0003,-5651239.0,20197.0703125,-0.21432963013648987,1809974917332992.0,399539712.0,446001,40000.0,-4032638509.550018,,,,,,,
-9.460527360916124,-0.7520489801697297,0.11684460992213486,-0.6874962439719524,0.0,746.015408358348,91.23609099899114,21,21794,458000,0.0003,-6722814.5,19374.326171875,1.409613013267517,2083944304476160.0,415895552.0,448001,40000.0,-4032638509.550018,,,,,,,
-11.773883747100824,-0.6811034686206205,-0.04972556266449925,-0.7357009400190774,0.0,793.3007346204582,-53.20195128022957,21,21872,460000,0.0003,-3762578.5,18855.4765625,-0.41006767749786377,4503926044884992.0,494804800.0,450001,40000.0,-4032638509.550018,,,,,,,
-5.398861307144157,-0.7965319686656981,-0.0025274986398200463,-0.6624964821898176,0.0,723.7004833366527,-6.416760336091173,21,21948,462000,0.0003,-11020393.0,18023.828125,-0.6642999649047852,220196111384576.0,156517936.0,452001,40000.0,-4032638509.550018,,,,,,,
-11.385966678619399,-0.6676150903466138,0.0813595492419448,-0.7410890715380237,0.0,798.8794516332476,90.39705725781752,21,22024,464000,0.0003,-11328760.0,18987.693359375,-0.3806067705154419,149391881011200.0,119428136.0,454001,40000.0,-4032638509.550018,,,,,,,
-10.263205217361458,-0.7109107355099218,-0.1336082639705958,-0.7106352916923989,0.0,769.9489681934401,-118.76615479562338,21,22100,466000,0.0003,-10220994.0,20015.677734375,1.6593648195266724,266127313731584.0,116723288.0,456001,40000.0,-4032638509.550018,,,,,,,
-5.7343415584564195,-0.8078449834452173,0.07326719985942663,-0.6545961781420172,0.0,717.2759831807394,48.7133594662686,21,22175,468000,0.0003,-9105097.0,19170.58984375,-0.7694115042686462,1539754365550592.0,415560032.0,458001,40000.0,-4032638509.550018,,,,,,,
-12.22856307220459,-0.6783316448454461,0.012813821384679944,-0.7358949005323063,0.0,791.6614151859052,15.299191517955602,21,22250,470000,0.0003,-13401942.0,20841.09765625,0.3401378393173218,23755204067328.0,44865368.0,460001,40000.0,-4032638509.550018,,,,,,,
-7.291219736099226,-0.8412376935030387,-0.1960694338752752,-0.6283634931114902,0.0,707.3174812828811,-59.90117750700348,21,22326,472000,0.0003,-7560784.0,20898.01953125,-0.8583961725234985,728257875935232.0,187069760.0,462001,40000.0,-4032638509.550018,,,,,,,
7.289325599670406,0.8199477692387689,-0.05543128483204886,-0.6034665752343664,0.0,779.0015386093536,72.24031797122613,21,22401,474000,0.0003,-14714312.0,21499.30078125,-0.588162899017334,24229789564928.0,50034976.0,464001,40000.0,-4032638509.550018,,,,,,,
1.2871999759674122,-0.4084946000745245,0.2859623429327324,-0.5340989448274571,0.0,614.5797050195979,-180.37314043494553,21,22476,476000,0.0003,-3618933.25,21413.298828125,-1.0072834491729736,4734722554986496.0,647825792.0,466001,40000.0,-4032638509.550018,,,,,,,
-13.52525434303283,-0.5587725085287064,0.05186579453210916,-0.7052186783372644,0.0,700.7044437937651,100.69493720370605,21,22551,478000,0.0003,-13427718.0,22132.908203125,0.3130616545677185,10354935463936.0,31882142.0,468001,40000.0,-4032638509.550018,,,,,,,
0.5248370647430466,-0.05486421947427323,-0.46992035500016655,-0.4268984588091949,0.0,666.4372186749382,150.0702844568815,21,22627,480000,0.0003,-15890713.0,20921.708984375,0.9957361221313477,37808139927552.0,49844968.0,470001,40000.0,-3699211131.301529,,,,,,,
-5.737888706207275,-0.27990907550376326,-0.3524204916679286,-0.9231209321379815,0.0,1104.484748744536,-210.6818398433374,21,22703,482000,0.0003,-10903704.0,18496.03515625,-0.7592839598655701,2226012561604608.0,540597632.0,472001,40000.0,-3699211131.301529,,,,,,,
-7.359180656433105,-0.6612706105585785,-0.14539171567250192,-0.7495052607802288,0.0,820.5060920401302,-142.61308308616282,21,22778,484000,0.0003,-7393446.0,18937.41796875,-1.2624057531356812,3032189465788416.0,623402816.0,474001,40000.0,-3699211131.301529,,,,,,,
-10.724096765518182,-0.7231766247109678,-0.004829124420353889,-0.7218872278365087,0.0,783.7214132182222,-5.74728610690712,21,22854,486000,0.0003,-11001195.0,18457.146484375,0.3322712182998657,327281541120000.0,173679104.0,476001,40000.0,-3699211131.301529,,,,,,,
-9.635911584854123,-0.8074487111910841,-0.12062118207503786,-0.6644652842151539,0.0,735.2110314688914,-71.080301635096,21,22929,488000,0.0003,-7834533.0,18306.125,-1.0409517288208008,1676042536222720.0,465851968.0,478001,40000.0,-3699211131.301529,,,,,,,
-1.5892609405517548,-0.5346450226633588,-0.07647573969825548,-0.6004374848474457,0.0,720.5941320318756,41.70412569283457,21,23005,490000,0.0003,-11774374.0,17333.279296875,-0.36684316396713257,24139798675456.0,25277454.0,480001,40000.0,-3699211131.301529,,,,,,,
5.9596690998077415,0.9120571205323686,-0.08783002397978482,-0.6146952055745205,0.0,815.1490576009284,147.643192844386,21,23080,492000,0.0003,-8908237.0,16004.7861328125,-0.9538801908493042,846113657585664.0,267801440.0,482001,40000.0,-3699211131.301529,,,,,,,
11.359978481292755,0.06309839500283697,0.7104183667520737,-0.27579150712172756,0.0,682.4911998499206,-824.6085224127083,21,23155,494000,0.0003,-4123839.5,15051.9912109375,0.14392822980880737,6065842441682944.0,603309824.0,484001,40000.0,-3699211131.301529,,,,,,,
7.993414743423464,0.05328183107854745,0.3680879891418311,-0.03876824445031179,0.0,112.1495148784428,1049.3258465852512,21,23231,496000,0.0003,-13119725.0,15125.7392578125,0.31278491020202637,67477358772224.0,61968108.0,486001,40000.0,-3699211131.301529,,,,,,,
49.34103582572937,0.6983731604250712,0.34693376667000964,1.0890873711488904,0.0,2535.8456976973066,813.6022466487624,21,23305,498000,0.0003,-10767750.0,15831.107421875,1.4764699935913086,147641715392512.0,100494304.0,488001,40000.0,-3699211131.301529,,,,,,,
-28.008665534973126,-0.48262152982000134,0.5565721921009884,0.22542695392523174,0.0,1168.1698041242228,-633.3533521519513,,,500000,0.0003,-4532540.0,16167.7685546875,0.1276707649230957,4555142993018880.0,694435712.0,490000,,,0.0,0.0,40000.0,-40602.965417575164,237.99293836162704,0.0,0.0
,,,,,,,20,24579,500000,0.0003,-11350424.0,16168.9248046875,0.4673501253128052,255928662228992.0,180626544.0,490001,40000.0,-3699211131.301529,,,,,,,
-4.743707757949827,-0.5674639983091307,-0.3058319722494095,-0.2507416267279124,0.0,820.7574667130407,-316.19411235146316,20,24655,502000,0.0003,-12389704.0,16551.048828125,-0.5376636385917664,18280735571968.0,42791816.0,492001,40000.0,-3699211131.301529,,,,,,,
-4.797627883911147,-0.14131106011711833,-0.3884423040312628,-0.40596113407815204,0.0,786.3771367091999,-51.29339783398547,20,24731,504000,0.0003,-10482831.0,17084.548828125,-0.1471458226442337,600048270311424.0,264522208.0,494001,40000.0,-3699211131.301529,,,,,,,
9.149458839416496,0.46161117984474104,-0.3458263998430505,-0.780049369015511,0.0,861.5149658044102,388.9891528229251,20,24806,506000,0.0003,-7115647.5,17735.71484375,-0.5838111639022827,194747507408896.0,125765696.0,496001,40000.0,-3699211131.301529,,,,,,,
4.022048448562635,0.4166788525866822,0.13918098510452065,-0.8361893693052057,0.0,962.5747681665306,-53.44332714953558,20,24882,508000,0.0003,-12044800.0,18284.31640625,1.5328967571258545,10784862109696.0,35683540.0,498001,40000.0,-3699211131.301529,,,,,,,
4.171140874862667,0.190928659205347,-0.33008281275896273,-0.9272105666234488,0.0,1092.0115438311448,299.5640123228102,20,24957,510000,0.0003,-10162870.0,18955.48828125,-1.4304986000061035,68626413518848.0,65546176.0,500001,40000.0,-3699211131.301529,,,,,,,
-0.9172892761230491,-0.17232418553161727,0.0053485373920075475,-0.9560922092383,0.0,1167.718866723878,946.4758578788937,20,25032,512000,0.0003,-3743604.5,19022.69140625,0.3285061717033386,2559979286429696.0,491062592.0,502001,40000.0,-3699211131.301529,,,,,,,
2.9396161193847643,0.4356720576323359,0.40245690515097865,-0.8052504291499285,0.0,1122.8645486456735,-1095.6789808618323,20,25107,514000,0.0003,-10810511.0,19838.5625,-0.9559905529022217,89298393104384.0,90340928.0,504001,40000.0,-3699211131.301529,,,,,,,
6.312752380371097,0.429227431151948,-0.21867842492098485,-0.8693590261303206,0.0,995.7561754659015,259.6489037052169,20,25183,516000,0.0003,-8170171.0,20484.611328125,-1.7755396366119385,209149640048640.0,119192616.0,506001,40000.0,-3699211131.301529,,,,,,,
1.9692538604736356,0.07180994438667092,-0.1603753878343445,-0.9866054152338831,0.0,1184.219957562686,199.6493005908713,20,25258,518000,0.0003,-6487996.0,21130.5703125,1.0397385358810425,1680537219497984.0,461915072.0,508001,40000.0,-3699211131.301529,,,,,,,
5.509106979370115,0.5091096157848228,0.5559632773216346,-0.6929084130353764,0.0,1101.173211489778,-390.99615641994717,20,25334,520000,0.0003,-12516080.0,21247.14453125,-0.6492406725883484,70117387927552.0,68338696.0,510001,40000.0,-3417668244.34842,,,,,,,
-0.02658570861816237,0.06937211746867389,0.4942534324382194,-0.8036134791373881,0.0,1270.1096733369711,-360.80085962120324,20,25409,522000,0.0003,-7796987.5,20055.861328125,0.554348349571228,195216363487232.0,152083200.0,512001,40000.0,-3417668244.34842,,,,,,,
2.4319026374816928,0.3681205759453626,0.2218332577675317,-0.5699795940902591,0.0,680.1539313600814,208.6191274151226,20,25485,524000,0.0003,-9509458.0,19968.927734375,-0.3675462007522583,20011945033728.0,35528308.0,514001,40000.0,-3417668244.34842,,,,,,,
-3.4764120635986298,-0.8764565966412766,0.07764999933980822,-0.6027135668251415,0.0,831.2194923725926,121.20405935965825,20,25561,526000,0.0003,-6335587.5,19483.14453125,-1.177882194519043,130635054186496.0,122271296.0,516001,40000.0,-3417668244.34842,,,,,,,
-11.139021318435669,-0.5425730594717766,0.2592206937706039,-0.7894805294922114,0.0,1472.1834534819545,752.9731195217028,20,25638,528000,0.0003,-9851326.0,18984.6328125,0.7916348576545715,1085362596216832.0,293122880.0,518001,40000.0,-3417668244.34842,,,,,,,
-8.700828212738047,-0.5069468968443541,-0.0419449664996219,-0.8436879834670022,0.0,1540.2470960255866,-114.7248780682064,20,25715,530000,0.0003,-12233227.0,19699.294921875,-2.148104190826416,4654945533952.0,9672871.0,520001,40000.0,-3417668244.34842,,,,,,,
-6.960055727005004,-0.46280586673866,0.11345557960672799,-0.8637561421838281,0.0,1631.7328829830412,332.2616016499106,20,25954,532000,0.0003,-5840206.0,20825.51953125,-0.4408722221851349,3711578666958848.0,663826432.0,522001,40000.0,-3417668244.34842,,,,,,,
-7.144841634750366,-0.3865882540377702,-0.05206222959174459,-0.9061645102370878,0.0,1782.1504364215664,-126.97492010210989,20,26031,534000,0.0003,-7637792.0,20500.24609375,-1.615983247756958,269087452168192.0,174932528.0,524001,40000.0,-3417668244.34842,,,,,,,
-6.699410717010491,-0.44715401116903997,0.0010907334536174923,-0.8808577949606924,0.0,1664.7226835190534,4.889471028875534,20,26109,536000,0.0003,-7860059.5,20480.763671875,1.305219054222107,424269620183040.0,236330720.0,526001,40000.0,-3417668244.34842,,,,,,,
-6.316783674240114,-0.3768527069209382,0.07011931401741033,-0.9128254121079921,0.0,1802.7432678611556,213.86194545798173,20,26187,538000,0.0003,-7726931.5,21179.009765625,-2.3821353912353516,2415921251483648.0,544733696.0,528001,40000.0,-3417668244.34842,,,,,,,
-6.636669040679931,-0.3576247094601029,-0.04213945868360962,-0.9228774528278523,0.0,1839.4620387443968,-98.04183625580374,20,26264,540000,0.0003,-10026614.0,21471.0859375,0.8369686603546143,1776479541133312.0,454356352.0,530001,40000.0,-3417668244.34842,,,,,,,
-5.769779228210447,-0.3719476940550569,0.03461368874362124,-0.9174629260970699,0.0,1813.2090166075989,107.90753757268017,20,26341,542000,0.0003,-8733458.0,21909.8984375,-2.1220200061798096,42751114608640.0,65870088.0,532001,40000.0,-3417668244.34842,,,,,,,
-5.7583781147003155,-0.30297060194426867,0.03307913281365175,-0.9443919190264356,0.0,1942.2839620483069,115.46758266852041,20,26417,544000,0.0003,-8874558.0,21363.48828125,0.7514218091964722,394724473044992.0,220698464.0,534001,40000.0,-3417668244.34842,,,,,,,
-5.363833044052125,-0.30806467248611535,-0.02114041099096415,-0.9432490595275107,0.0,1933.563649469777,-28.4675154328504,20,26494,546000,0.0003,-10708350.0,21544.498046875,-0.8682355284690857,3379087531835392.0,662341376.0,536001,40000.0,-3417668244.34842,,,,,,,
-4.985962150573742,-0.29579532732082836,0.0452736718131854,-0.9474564791448407,0.0,1956.19158466312,151.84337139071303,20,26572,548000,0.0003,-5805451.0,21871.90234375,-0.7355504035949707,1085051143979008.0,264533088.0,538001,40000.0,-3417668244.34842,,,,,,,
-4.436877985000608,-0.2380781180801865,0.01315183785707365,-0.9658176300798215,0.0,2058.4555604563106,81.27465563143615,20,26649,550000,0.0003,-7714489.0,21757.458984375,-0.406253844499588,4170523839823872.0,733574016.0,540001,40000.0,-3417668244.34842,,,,,,,
-4.350125068664554,-0.25087261701355407,-0.004770156806180569,-0.962384692242401,0.0,2036.8292729522025,34.343977121901325,20,26726,552000,0.0003,-7706613.0,21639.5078125,-0.049631595611572266,455298342977536.0,231055504.0,542001,40000.0,-3417668244.34842,,,,,,,
-4.315834609985362,-0.22921520970445347,0.02385531174571422,-0.9683661308179087,0.0,2074.000655346432,113.54109757756065,20,26803,554000,0.0003,-12796616.0,21383.7890625,-1.8682465553283691,90998579396608.0,88415352.0,544001,40000.0,-3417668244.34842,,,,,,,
-3.7251768646240224,-0.20354900781486027,0.010319385743208976,-0.9751200294701647,0.0,2116.791793181173,94.33732633318814,20,26880,556000,0.0003,-13169116.0,21397.396484375,-0.7180577516555786,15674218905600.0,35861472.0,546001,40000.0,-3417668244.34842,,,,,,,
-3.247236728668212,-0.18838226763004465,0.015841325916363204,-0.9784838962937205,0.0,2141.4636252992614,120.34444671647874,20,26957,558000,0.0003,-8283558.5,21493.068359375,-1.9806026220321655,2431206503219200.0,562155712.0,548001,40000.0,-3417668244.34842,,,,,,,
-2.5497339668273917,-0.1321558753678997,0.06420289526767377,-0.9885698761832934,0.0,2229.548937267813,267.51467674555323,20,27036,560000,0.0003,-8140979.0,23138.79296875,0.5859545469284058,485877537046528.0,256508272.0,550001,40000.0,-3178525795.002571,,,,,,,
0.23867934226989893,0.40577962019666297,0.269627996534216,-0.7659968498757326,0.0,1257.5710850269425,-49.77181975416885,20,27113,562000,0.0003,-13858835.0,24449.833984375,0.8387125730514526,63853664665600.0,56960596.0,552001,40000.0,-3178525795.002571,,,,,,,
2.845614139556872,0.6179262701605096,0.2254352248462541,-0.6390277941114354,0.0,937.6327833678191,-273.54638073614467,20,27189,564000,0.0003,-7529053.5,24820.111328125,-0.3159829378128052,445508032135168.0,229626560.0,554001,40000.0,-3178525795.002571,,,,,,,
11.696934568405156,0.481699618684606,-0.23824099218512854,-0.7709019614925939,0.0,1044.3690345213008,693.0426995320283,20,27266,566000,0.0003,-10945234.0,25810.703125,0.41745084524154663,136584590524416.0,131204360.0,556001,40000.0,-3178525795.002571,,,,,,,
-2.6315066585540854,0.5479348313276671,0.08817627842473691,-0.6683555560948803,0.0,1048.6737119881307,-439.0154693378986,20,27343,568000,0.0003,-13221190.0,24707.837890625,0.5984095931053162,2138779942912.0,8057544.5,558001,40000.0,-3178525795.002571,,,,,,,
4.8062036132812676,0.5511332876872543,0.13042284604324383,-0.6839447628568801,0.0,1013.2254971897868,-205.07708986385143,20,27420,570000,0.0003,-10796427.0,24972.041015625,-1.7058966159820557,596933345280000.0,196616128.0,560001,40000.0,-3178525795.002571,,,,,,,
7.83204042625428,0.48128129710155776,-0.24884675830524114,-0.7546327431916755,0.0,1071.2126104649574,482.9653579311226,20,27497,572000,0.0003,-6812214.5,25687.5546875,-0.026021912693977356,2459670056796160.0,529023936.0,562001,40000.0,-3178525795.002571,,,,,,,
-2.2495731983184832,0.6059799844788042,0.24737764748021254,-0.6075392757871494,0.0,1017.7489727767307,-388.13307993885377,20,27574,574000,0.0003,-9568706.0,25192.994140625,1.015773892402649,54769305518080.0,55440928.0,564001,40000.0,-3178525795.002571,,,,,,,
9.48630833625793,0.5859865025583704,-0.24102078602678514,-0.6548423665406767,0.0,979.3458646457151,252.83785037245204,20,27650,576000,0.0003,-13571089.0,25812.130859375,-0.345406711101532,234223793340416.0,128621664.0,566001,40000.0,-3178525795.002571,,,,,,,
1.3881273059844943,0.590787680732729,0.34822813455159407,-0.5924915127469875,0.0,1058.2896064654492,-375.01828064909597,20,27727,578000,0.0003,-11408586.0,25940.701171875,-1.8721929788589478,213683414237184.0,140688768.0,568001,40000.0,-3178525795.002571,,,,,,,
2.710886041641216,0.6689045869536998,-0.20012751395972395,-0.5595905502512507,0.0,943.9138342104441,296.7665533162656,20,27804,580000,0.0003,-12973364.0,25928.8046875,-0.7526412010192871,7957365391360.0,31551244.0,570001,40000.0,-3178525795.002571,,,,,,,
10.634210191726675,0.587229245252267,-0.1034880393977963,-0.6284804737085052,0.0,1010.353124657391,345.39787946892903,20,27880,582000,0.0003,-10148313.0,26010.95703125,-0.21165460348129272,1049002409721856.0,349251616.0,572001,40000.0,-3178525795.002571,,,,,,,
-2.7604146003723304,0.6439586107640368,0.31976693803431344,-0.5491855368982971,0.0,1010.9912185972019,-584.4398684358592,20,27957,584000,0.0003,-11673102.0,26514.1640625,-0.29770413041114807,35811722526720.0,66461764.0,574001,40000.0,-3178525795.002571,,,,,,,
5.130403791427605,0.6220591468625978,-0.2903375061567863,-0.5924594316502589,0.0,979.9757155898196,411.50869891211164,20,28034,586000,0.0003,-12840456.0,25443.4765625,0.051484882831573486,123454942609408.0,115332816.0,576001,40000.0,-3178525795.002571,,,,,,,
12.737164516448967,0.5322095415800788,0.157312874878697,-0.6349365876947335,0.0,1117.4726071577034,420.1049937230675,20,28110,588000,0.0003,-11883484.0,26512.51953125,-1.8390107154846191,76073618374656.0,75650904.0,578001,40000.0,-3178525795.002571,,,,,,,
-8.189886850357055,0.7304038662885476,0.14682098267694602,-0.4900724665771308,0.0,923.2561869594829,-678.7912318751169,20,28186,590000,0.0003,-15339184.0,26716.408203125,-0.35402244329452515,227832177360896.0,130655584.0,580001,40000.0,-3178525795.002571,,,,,,,
7.2188715534210095,0.6357631227519628,-0.30182321974488674,-0.5535427065737274,0.0,992.3296501022689,315.5532119068153,20,28262,592000,0.0003,-11339362.0,25357.263671875,-1.044219732284546,61529370132480.0,72467960.0,582001,40000.0,-3178525795.002571,,,,,,,
11.157222335815433,0.49178915390943945,0.08182673427936746,-0.6658260115226985,0.0,1167.8797680294656,629.6189955095033,20,28340,594000,0.0003,-12458081.0,24939.173828125,-0.1463545560836792,149901371506688.0,133112976.0,584001,40000.0,-3178525795.002571,,,,,,,
-9.404611341476434,0.6485842238188797,0.15044088794418467,-0.5334444539019676,0.0,1024.4632085713693,-814.7167428989266,20,28416,596000,0.0003,-14147624.0,26438.96875,0.9596579074859619,7603052085248.0,16775932.0,586001,40000.0,-3178525795.002571,,,,,,,
6.202416399002084,0.6018278427906308,-0.22095810490615617,-0.5669797105501173,0.0,1059.7761469554478,232.9637819021959,20,28491,598000,0.0003,-13242785.0,26314.728515625,-1.038567066192627,12508544892928.0,26688230.0,588001,40000.0,-3178525795.002571,,,,,,,
8.502680019378676,0.5380931511964837,-0.07193932749775757,-0.6321042950240506,0.0,1107.7268224728095,499.19737667203316,,,600000,0.0003,-12947236.0,26079.38671875,0.6699749231338501,11944985624576.0,35323512.0,590000,,,0.0,0.0,40000.0,-68296.53895593272,21363.62248721716,0.0,0.0
,,,,,,,20,29757,600000,0.0003,-15297436.0,26077.173828125,-1.1503360271453857,656624975872.0,3609019.75,590001,40000.0,-2969393931.5922804,,,,,,,
6.440304412841792,0.5126558259230698,0.4108256223413347,-0.5480021006542586,0.0,1380.0298373942708,661.4166585423845,20,29832,602000,0.0003,-18202138.0,25780.248046875,0.8662521839141846,354162097258496.0,166804704.0,592001,40000.0,-2969393931.5922804,,,,,,,
-10.274206663131714,0.6039204490789161,0.07621521053910087,-0.5661398222065632,0.0,1069.6569094445292,-782.802984199409,20,29908,604000,0.0003,-13586919.0,25314.400390625,1.438747763633728,35111445725184.0,67428144.0,594001,40000.0,-2969393931.5922804,,,,,,,
5.832979198455814,0.498114552378616,-0.3018258093892916,-0.6652544817619702,0.0,1143.7919503099856,369.80897190187204,20,29985,606000,0.0003,-8937633.0,25194.07421875,-1.2694423198699951,1548500932231168.0,449675392.0,596001,40000.0,-2969393931.5922804,,,,,,,
6.854264806747445,0.4361225937478636,0.27355988095651457,-0.6616456515080937,0.0,1308.0535512531458,-82.44263591098043,20,30061,608000,0.0003,-8983311.0,25331.763671875,-1.4564660787582397,1064129687191552.0,363241376.0,598001,40000.0,-2969393931.5922804,,,,,,,
-8.246759057998647,0.5834391514578889,-0.0358303883636839,-0.593289345881217,0.0,1075.9662333899919,-124.20524170540185,20,30136,610000,0.0003,-12159358.0,25718.365234375,0.4845640957355499,213630616338432.0,124775072.0,600001,40000.0,-2969393931.5922804,,,,,,,
4.809755582809437,0.46826434673838274,-0.24432098468808178,-0.6931731762269724,0.0,1180.6873935840167,314.0285458870628,20,30212,612000,0.0003,-11054104.0,25638.166015625,1.6383862495422363,1411085064208384.0,409586816.0,602001,40000.0,-2969393931.5922804,,,,,,,
7.477623058319084,0.45010119880181865,0.26554805911740925,-0.6462129489630383,0.0,1298.3529082305258,128.51841950858693,20,30288,614000,0.0003,-8956473.0,25605.10546875,0.8064447641372681,201066058612736.0,140924096.0,604001,40000.0,-2969393931.5922804,,,,,,,
-9.780230739593499,0.5602365064496553,0.03098602673544146,-0.6103719748958459,0.0,1112.6149717643736,-400.14031322818704,20,30363,616000,0.0003,-9760710.0,25497.400390625,-1.133762240409851,624281213992960.0,241888976.0,606001,40000.0,-2969393931.5922804,,,,,,,
4.890988792419416,0.5179037349566111,-0.2179574383013912,-0.6420380546604826,0.0,1147.3046514113123,291.322505544303,20,30439,618000,0.0003,-8376759.0,25774.373046875,-0.33933478593826294,324422300860416.0,185865264.0,608001,40000.0,-2969393931.5922804,,,,,,,
7.425877765655518,0.48106427516673883,-0.01436530432605367,-0.6731768287865207,0.0,1173.032310266257,677.4666257560535,20,30515,620000,0.0003,-11252818.0,25662.162109375,0.08155019581317902,49849084936192.0,62819452.0,610001,40000.0,-2969393931.5922804,,,,,,,
0.7785593624115017,0.5859042650984894,0.3626557336778938,-0.49823481406419506,0.0,1199.27330401103,-1067.687870290582,20,30591,622000,0.0003,-11831264.0,26445.828125,-0.46893760561943054,37339128659968.0,67853224.0,612001,40000.0,-2969393931.5922804,,,,,,,
-6.269004287719715,0.6787199843741838,-0.02894605626204313,-0.5110154551872409,0.0,1004.6301183237601,212.17779627988298,20,30667,624000,0.0003,-6974274.5,27291.7109375,-1.226868748664856,515230148853760.0,250502992.0,614001,40000.0,-2969393931.5922804,,,,,,,
5.017898872375476,0.626623434676771,-0.12073039244785422,-0.5119723921573557,0.0,1093.0629506801263,24.875916372030833,20,30742,626000,0.0003,-11797194.0,27204.4765625,0.46089544892311096,448301874806784.0,170604256.0,616001,40000.0,-2969393931.5922804,,,,,,,
5.928881807327274,0.5474438212108171,-0.15245078380281943,-0.49800057786538865,0.0,1031.422615060388,206.67705986588888,20,30818,628000,0.0003,-14074559.0,27225.55078125,-0.6245011687278748,1377305624576.0,8365233.5,618001,40000.0,-2969393931.5922804,,,,,,,
5.164187650680548,0.5933750663959747,-0.1314455219563981,-0.5594559361010988,0.0,1082.214306303026,61.489186794976106,20,30894,630000,0.0003,-9765697.0,26888.841796875,-0.12519291043281555,776246887710720.0,276044704.0,620001,40000.0,-2969393931.5922804,,,,,,,
9.29133605957032,0.6079984495956937,0.2550537061284136,-0.509533281556077,0.0,1127.5460155863386,325.1575430415493,20,30969,632000,0.0003,-11360679.0,26932.470703125,1.1448144912719727,192173882474496.0,155868224.0,622001,40000.0,-2969393931.5922804,,,,,,,
-2.265698415756233,0.536270512601175,-0.24178035683621268,-0.6534626203958566,0.0,1038.5417569670176,-286.1624121050455,20,31045,634000,0.0003,-9746850.0,27172.869140625,0.3892781734466553,38905638289408.0,63698544.0,624001,40000.0,-2969393931.5922804,,,,,,,
5.210773534774775,0.2983902749994834,0.027484179066026813,-0.9473616983407542,0.0,1104.8909933351904,6.715665565451567,20,31121,636000,0.0003,-14380985.0,27056.14453125,-0.8978908061981201,841293093666816.0,289170624.0,626001,40000.0,-2969393931.5922804,,,,,,,
5.985223545074467,0.33008717524401815,0.03839110477197692,-0.9357964032896243,0.0,1085.103742180556,-12.170598558906585,20,31196,638000,0.0003,-10192895.0,26658.3046875,0.8071725964546204,287109302714368.0,157536752.0,628001,40000.0,-2969393931.5922804,,,,,,,
6.735508111953734,0.40895684272675015,0.05292729508748798,-0.9035883671443786,0.0,1032.1146965780565,-44.54357484128115,20,31272,640000,0.0003,-11189756.0,26091.177734375,-0.607086181640625,90193910562816.0,70768952.0,630001,40000.0,-2786643446.6438527,,,,,,,
8.21657780838012,0.5708208576848061,0.48494982067246917,-0.49595009239301296,0.0,1291.478779475119,376.51825457335946,20,31347,642000,0.0003,-13076934.0,26381.71875,0.7845654487609863,98415652372480.0,89490096.0,632001,40000.0,-2786643446.6438527,,,,,,,
1.4192708396911577,0.4186518433096483,0.16033353062501968,-0.40454786169479534,0.0,1048.6148836403715,-709.6421419959838,20,31423,644000,0.0003,-9820068.0,27196.33203125,-2.006779193878174,224101360730112.0,126929496.0,634001,40000.0,-2786643446.6438527,,,,,,,
-0.14659975242615134,0.4115955262894523,-0.4393186250289075,-0.7082557594649237,0.0,1028.220886861881,336.57019282310836,20,31500,646000,0.0003,-11262895.0,26950.45703125,1.5455272197723389,162729281191936.0,131993536.0,636001,40000.0,-2786643446.6438527,,,,,,,
5.657481449127192,0.3331590664603544,0.03291153919616511,-0.9347960378674465,0.0,1083.2972475980555,-10.56303055711575,20,31576,648000,0.0003,-11144736.0,26752.638671875,0.45131373405456543,128544243974144.0,88069720.0,638001,40000.0,-2786643446.6438527,,,,,,,
6.864092164993284,0.3798544248937748,0.05703936303090835,-0.9154495429787642,0.0,1051.4803582385975,-44.627216507701974,20,31652,650000,0.0003,-12313886.0,26626.951171875,1.076314926147461,70902016376832.0,92692456.0,640001,40000.0,-2786643446.6438527,,,,,,,
7.871563510894775,0.4939274197981341,0.07897762830553667,-0.8615117716423936,0.0,967.7934965898963,-82.74516688664391,20,31728,652000,0.0003,-11541091.0,26625.705078125,-0.634947657585144,19080081833984.0,46589152.0,642001,40000.0,-2786643446.6438527,,,,,,,
9.035338914871222,0.5755422481531576,0.036182425594470435,-0.8183054815843374,0.0,904.6611659380729,-40.523784973554655,20,31803,654000,0.0003,-9754070.0,27299.20703125,1.3401095867156982,236401794744320.0,163028576.0,644001,40000.0,-2786643446.6438527,,,,,,,
9.729042520523063,0.6564528915438962,0.08595340449500563,-0.7682369917887605,0.0,842.6975922072934,-90.46235522398302,20,31879,656000,0.0003,-10049265.0,26938.841796875,0.7412720918655396,641131108892672.0,212959808.0,646001,40000.0,-2786643446.6438527,,,,,,,
10.782648542404182,0.8150979731743451,0.14767599151708571,-0.6659057634333144,0.0,745.1755337323536,-97.4033634464843,20,31954,658000,0.0003,-12638261.0,27164.0859375,-0.9562057852745056,1853840424960.0,7067240.5,648001,40000.0,-2786643446.6438527,,,,,,,
-2.036693044662476,-0.46217526539198867,0.5546304330951473,-0.5436297949659032,0.0,1022.8061279582682,1044.797912721202,20,32030,660000,0.0003,-11904305.0,27454.240234375,-0.3357200622558594,47360629538816.0,74706624.0,650001,40000.0,-2786643446.6438527,,,,,,,
1.5279789142608633,0.21009157285217814,0.6003759983954868,-0.7549730157833873,0.0,2320.482900400011,1046.9954223322345,20,32105,662000,0.0003,-11675026.0,26382.3984375,0.26133620738983154,19549827104768.0,32303454.0,652001,40000.0,-2786643446.6438527,,,,,,,
10.415681583404542,0.7818837501299873,0.2084613963833831,-0.6203624692058319,0.0,2824.353692217324,244.1303775515303,20,32183,664000,0.0003,-9740959.0,26604.8671875,0.13035506010055542,1403202993913856.0,370258976.0,654001,40000.0,-2786643446.6438527,,,,,,,
8.727869722366332,-0.42401656278445216,0.6321405252802083,-0.18549009685841494,0.0,3640.2376627430785,1817.6514361540521,20,32259,666000,0.0003,-13047639.0,26332.2265625,-0.30507034063339233,17909684371456.0,38451192.0,656001,40000.0,-2786643446.6438527,,,,,,,
16.632687860488893,0.211648872155038,-0.2723059738959172,0.5317263521825978,0.0,6925.201777052353,1394.0883057923115,20,32334,668000,0.0003,-13560395.0,26661.228515625,-0.8095477819442749,33536320995328.0,32527300.0,658001,40000.0,-2786643446.6438527,,,,,,,
-15.483964267730725,-0.42448192424225456,0.21406088944371585,0.13910322154085195,0.0,5363.12995077995,-1175.5327295246966,20,32409,670000,0.0003,-11685666.0,26928.3359375,1.9895130395889282,12227922886656.0,36642200.0,660001,40000.0,-2786643446.6438527,,,,,,,
-6.032329296112056,-0.11507079356608856,-1.0542818421822462,-0.03277349017020285,0.0,3939.254408928558,-2927.52777742249,20,32485,672000,0.0003,-12633554.0,27120.857421875,-0.544734537601471,509942607904768.0,255384384.0,662001,40000.0,-2786643446.6438527,,,,,,,
7.318553764343284,0.2409682706907218,0.09195160708758428,-0.4806408309756903,0.0,1805.4079146936097,247.54935452349682,20,32560,674000,0.0003,-10515088.0,26852.044921875,0.8858716487884521,158324741898240.0,112891360.0,664001,40000.0,-2786643446.6438527,,,,,,,
11.484807039260868,0.23472297797847835,1.0051226956231565,0.10867267300072263,0.0,3777.9504855628284,3269.259550747415,20,32636,676000,0.0003,-10802591.0,26522.205078125,-0.38066256046295166,995790382170112.0,348798240.0,666001,40000.0,-2786643446.6438527,,,,,,,
-5.4569534435272224,-0.14100299427598953,-0.12928165638413458,-0.7586682095447346,0.0,5233.781546380349,-464.6931454673044,20,32711,678000,0.0003,-13088996.0,27064.22265625,0.1672162562608719,78841422807040.0,89428224.0,668001,40000.0,-2786643446.6438527,,,,,,,
-5.0364451866149915,-0.40151291139457707,0.1355860984875338,-0.5561234967494212,0.0,4336.430217957557,399.55683295451155,20,32786,680000,0.0003,-13253168.0,28257.5234375,1.0797346830368042,810436303781888.0,312658976.0,670001,40000.0,-2628628866.3234186,,,,,,,
7.8814335536956674,0.688930295828541,0.6373540189039785,-0.42994460658416067,0.0,1165.6223273194323,-349.57471787041874,20,32861,682000,0.0003,-9501305.0,26753.939453125,0.07904234528541565,2497780643790848.0,558320000.0,672001,40000.0,-2628628866.3234186,,,,,,,
-4.5463878154754624,-0.6441095793386784,0.4729181583116071,-0.5241160376250403,0.0,900.5342308144982,728.9641459801068,20,32937,684000,0.0003,-14768308.0,25957.18359375,1.0927398204803467,20845317586944.0,32731732.0,674001,40000.0,-2628628866.3234186,,,,,,,
-1.3790245208740215,0.0399996890980349,0.5453959363584718,-0.8233925146562664,0.0,2201.8695998183903,1164.1483348059655,20,33012,686000,0.0003,-15284217.0,24949.5703125,-0.33880800008773804,26357375434752.0,42226436.0,676001,40000.0,-2628628866.3234186,,,,,,,
9.610320781707749,0.5818750753801403,0.19590913775293506,-0.7400206745081275,0.0,2691.654923153265,144.65388491958083,20,33088,688000,0.0003,-13239258.0,25224.271484375,-0.9926577806472778,56989740695552.0,69356160.0,678001,40000.0,-2628628866.3234186,,,,,,,
9.77854373550415,-0.044426597602016726,0.7374306674082415,-0.26051249501068,0.0,3427.4653252398657,1857.5386753688924,20,33163,690000,0.0003,-12080388.0,24953.2109375,0.08814221620559692,21412465082368.0,23078788.0,680001,40000.0,-2628628866.3234186,,,,,,,
17.998362356185904,0.18942147595740133,0.04345012395603535,0.31691288237654724,0.0,6145.708070074308,163.6880072981126,20,33239,692000,0.0003,-14967783.0,24648.154296875,1.2803449630737305,837193826304.0,3734540.5,682001,40000.0,-2628628866.3234186,,,,,,,
9.341982973098755,0.16623571845387863,0.5931528711506087,0.287120245152927,0.0,5579.795656385816,3770.6541165189537,20,33316,694000,0.0003,-9221152.0,24296.076171875,0.27141016721725464,2711200789954560.0,585570816.0,684001,40000.0,-2628628866.3234186,,,,,,,
8.978869550704951,0.2197715177633726,-0.6170419283057825,0.1017127553507098,0.0,6230.4012130223255,-3479.278958908284,20,33392,696000,0.0003,-13828131.0,24269.630859375,-0.04437057673931122,1380229079629824.0,413861824.0,686001,40000.0,-2628628866.3234186,,,,,,,
-27.236239284515396,-0.5845783522762847,-0.418948610647297,0.03991064338156734,0.0,3676.7822519400397,-1193.398394252321,20,33467,698000,0.0003,-10459561.0,24149.732421875,-0.5229853987693787,67414179971072.0,60290384.0,688001,40000.0,-2628628866.3234186,,,,,,,
18.45704602432248,0.23170808642437266,-0.4367828900569916,0.1811472071741153,0.0,2681.4757904038083,-1272.328242091486,,,700000,0.0003,-14724990.0,24879.287109375,-0.3297632932662964,12842270982144.0,31208334.0,690000,,,0.010437500000000008,0.0,40000.0,-54602.58194904617,21385.901393487828,0.010437500000000008,0.0
,,,,,,,20,34726,700000,0.0003,-12690638.0,24879.333984375,0.2824740409851074,672399141896192.0,290320704.0,690001,40000.0,-2628628866.3234186,,,,,,,
-0.10894226455687528,0.6248573094228923,0.3185249945242756,-0.29927049259412936,0.0,2442.533463766337,919.299464263324,20,34803,702000,0.0003,-14925635.0,24960.302734375,-1.1611822843551636,19488953073664.0,35713136.0,692001,40000.0,-2628628866.3234186,,,,,,,
-5.727271356582654,-0.81323370233283,0.2678138301423214,-0.5239477727104892,0.0,3433.390666531749,944.8869175890002,20,34878,704000,0.0003,-13679510.0,24469.0078125,-1.4735422134399414,8444993601536.0,26119672.0,694001,40000.0,-2628628866.3234186,,,,,,,
2.3786093444824217,-0.09762634311305804,0.6915301418204296,-0.5532028741535311,0.0,5179.219106084431,2411.57006205215,20,34953,706000,0.0003,-13372833.0,24118.68359375,-1.033921480178833,437844166311936.0,214388112.0,696001,40000.0,-2628628866.3234186,,,,,,,
14.262704584121712,0.6599465901075711,0.33775016564568333,0.0767439005338391,0.0,6854.677858648054,2034.928105081856,20,35028,708000,0.0003,-14241638.0,23845.697265625,-0.7370815277099609,64859077083136.0,90830672.0,698001,40000.0,-2628628866.3234186,,,,,,,
-19.4403197441101,-0.45061202503510106,0.19371089553886534,0.08673406843226887,0.0,9626.903488696917,-15.728636520114978,20,35103,710000,0.0003,-15295534.0,24088.45703125,-1.257347583770752,785610050633728.0,309590784.0,700001,40000.0,-2628628866.3234186,,,,,,,
-1.2434170780181881,-0.2576025804154056,0.6304122851675193,0.16888054644379444,0.0,10258.52205950901,5860.923648078035,20,35178,712000,0.0003,-13630124.0,24056.751953125,-0.8032029867172241,1507986639945728.0,427310464.0,702001,40000.0,-2628628866.3234186,,,,,,,
-17.005395706176756,-0.2810524873739601,0.023762827569303903,0.835808910405832,0.0,11441.642937001623,-1464.5192391838668,20,35253,714000,0.0003,-14960264.0,23980.88671875,1.4191874265670776,37895435976704.0,63907732.0,704001,40000.0,-2628628866.3234186,,,,,,,
-14.708188089370692,-0.14946861046817325,0.02693439265116254,1.1959526742539672,0.0,12807.621933028506,1551.2060559555227,20,35329,716000,0.0003,-13728798.0,23775.689453125,-0.9520882368087769,112328896937984.0,106702112.0,706001,40000.0,-2628628866.3234186,,,,,,,
-9.040271322250375,-0.08351028052018744,0.07160170295852124,1.5667359700872687,0.0,14245.983132619956,2287.316894210429,20,35404,718000,0.0003,-14536054.0,23462.306640625,0.3104763627052307,12543985713152.0,26371506.0,708001,40000.0,-2628628866.3234186,,,,,,,
-5.844935091018656,-0.04194381180306071,-0.25553744032254827,1.8876301548690844,0.0,15905.223732325869,939.8889964782285,20,35479,720000,0.0003,-12791257.0,23591.587890625,-0.9740200042724609,787030342631424.0,281873824.0,710001,40000.0,-2496712493.32296,,,,,,,
-0.2711090431213379,0.010478274129244534,-0.055669424853583845,-0.9721007130330988,0.0,1141.7930436129707,228.05007277720054,20,35555,722000,0.0003,-12246772.0,23237.509765625,-0.8388159871101379,2208910538702848.0,516739424.0,712001,40000.0,-2496712493.32296,,,,,,,
-2.5275403175354003,-0.18987965686324354,-0.10233222689804519,-0.9560115352934568,0.0,1115.3413222971922,31.18918580157093,20,35630,724000,0.0003,-15263826.0,23034.43359375,1.052534580230713,134702589542400.0,103612736.0,714001,40000.0,-2496712493.32296,,,,,,,
-2.956420846939087,-0.14019250581536266,0.12976230703937391,-0.9694288546323814,0.0,1142.026396186946,195.29757540371466,20,35706,726000,0.0003,-13183977.0,22821.875,-1.568885087966919,13801755770880.0,40376944.0,716001,40000.0,-2496712493.32296,,,,,,,
-1.147606687545779,-0.04889659295062426,-0.059927085102011564,-0.9852278566737184,0.0,1170.7692525381065,193.85084865785672,20,35781,728000,0.0003,-15758195.0,22577.27734375,-0.4138914942741394,29813909749760.0,45347596.0,718001,40000.0,-2496712493.32296,,,,,,,
-3.033843114852909,-0.19637831858785043,-0.057485743030952816,-0.9676811055667979,0.0,1138.8201419279962,45.652208095677715,20,35857,730000,0.0003,-10030092.0,22562.662109375,0.6063318252563477,2319886588051456.0,481484224.0,720001,40000.0,-2496712493.32296,,,,,,,
-3.543816520690918,-0.17369098353930712,0.04678744181826764,-0.9745217371076105,0.0,1150.4104897031102,118.54217504483985,20,35932,732000,0.0003,-12369979.0,22309.2421875,0.18241524696350098,245311352078336.0,158723904.0,722001,40000.0,-2496712493.32296,,,,,,,
-3.557876640319824,-0.19576776139169177,-0.08831415898406132,-0.9694360095796103,0.0,1143.9646987866179,21.69722468541388,20,36007,734000,0.0003,-12848184.0,22166.748046875,0.6748146414756775,854191551545344.0,321853536.0,724001,40000.0,-2496712493.32296,,,,,,,
-4.946211170196521,-0.2995068977821995,-0.011330563714362243,-0.9431665242626601,0.0,1095.8747683964593,19.00189021381766,20,36083,736000,0.0003,-13711785.0,22075.359375,-1.081387996673584,80868496375808.0,78097608.0,726001,40000.0,-2496712493.32296,,,,,,,
-5.175405691146857,-0.2671032322972416,0.0169080023985062,-0.9544211958720844,0.0,1115.540687830609,49.41030500599195,20,36158,738000,0.0003,-13270072.0,21749.263671875,-1.4456944465637207,619046789709824.0,213322896.0,728001,40000.0,-2496712493.32296,,,,,,,
-5.264693502426147,-0.3069965155203218,-0.0573990722627908,-0.9412199970808092,0.0,1093.658788893654,-22.879445226421556,20,36233,740000,0.0003,-14284004.0,21884.921875,-0.3729804456233978,1234982680920064.0,390011488.0,730001,40000.0,-2496712493.32296,,,,,,,
-5.839419359207144,-0.34200656480007957,0.018781117914070437,-0.9298079047003874,0.0,1073.579405049768,35.14912410570028,20,36309,742000,0.0003,-10017198.0,21812.951171875,0.8288909792900085,59332582440960.0,48868812.0,732001,40000.0,-2496712493.32296,,,,,,,
-5.988185129165649,-0.3207055839361532,-0.013762136036776023,-0.9380364278001274,0.0,1087.7888574217795,7.751357016950827,20,36384,744000,0.0003,-14207723.0,21819.609375,0.30783408880233765,35986062966784.0,65346160.0,734001,40000.0,-2496712493.32296,,,,,,,
-6.320673030853273,-0.38521223811702615,-0.05026585795316357,-0.9126693583896943,0.0,1046.1771328765942,-38.16359661713558,20,36459,746000,0.0003,-13179506.0,21995.3984375,0.6761020421981812,43734339158016.0,59002024.0,736001,40000.0,-2496712493.32296,,,,,,,
-7.250534402847292,-0.41575505310011496,-0.008608109117045029,-0.9001959891557606,0.0,1025.2014773727433,-1.6725007102977996,20,36534,748000,0.0003,-13320091.0,22291.802734375,2.2298364639282227,257408731447296.0,182294016.0,738001,40000.0,-2496712493.32296,,,,,,,
-8.669869394302372,-0.4979073751513209,-0.12575320851683297,-0.8554572266568855,0.0,962.4045739756606,-138.06871621946806,20,36609,750000,0.0003,-15938408.0,22646.369140625,-1.39052414894104,12013092732928.0,31700530.0,740001,40000.0,-2496712493.32296,,,,,,,
-9.868358406066891,-0.7375042399984638,-0.16975855802687528,-0.7130194135022446,0.0,789.2375712836748,-153.40706971829442,20,36685,752000,0.0003,-12065717.0,22944.169921875,-0.7013397812843323,206694797803520.0,116295760.0,742001,40000.0,-2496712493.32296,,,,,,,
-2.721407785415652,0.14090371415154365,-0.37116078137262426,-0.5477505239408559,0.0,783.0094328992834,412.1149379746352,20,36760,754000,0.0003,-14159040.0,23208.099609375,-0.028885625302791595,14782519312384.0,32069518.0,744001,40000.0,-2496712493.32296,,,,,,,
9.49370367622375,0.35212259602207374,-0.26716218798164726,-0.8078601439324922,0.0,1648.113823070423,813.666149338597,20,36835,756000,0.0003,-12234637.0,24441.41796875,0.20928232371807098,222896119087104.0,173122256.0,746001,40000.0,-2496712493.32296,,,,,,,
4.547051460266114,0.20281810491669422,-0.01134572287986231,-0.8915227256512593,0.0,1929.9811357585368,93.92341648759381,20,36912,758000,0.0003,-11564972.0,24808.375,-0.16028504073619843,3078917099356160.0,610850624.0,748001,40000.0,-2496712493.32296,,,,,,,
-0.009322566986083587,0.08556205175647692,-0.19062112410091234,-0.8953990797215898,0.0,2087.381195754384,487.0926689953358,20,36988,760000,0.0003,-14755221.0,24205.025390625,0.33498865365982056,467211172970496.0,244275568.0,750001,40000.0,-2367808157.482146,,,,,,,
-2.5899225692749024,-0.11154153686561608,-0.17986901516296194,-0.978449513193163,0.0,1168.2291784247022,77.8880334339437,20,37063,762000,0.0003,-16997100.0,24374.1015625,-1.0895912647247314,13589125529600.0,41776460.0,752001,40000.0,-2367808157.482146,,,,,,,
-6.459703582763676,-0.41340930454914604,-0.1951055788718163,-0.8888072628024474,0.0,1018.0199147476667,-183.5667641736052,20,37139,764000,0.0003,-14442026.0,24109.140625,0.9919222593307495,660145465982976.0,277619328.0,754001,40000.0,-2367808157.482146,,,,,,,
-10.673374162673968,-0.6594615987880221,-0.16779790320287694,-0.7556502807386085,0.0,831.9882602995526,-193.3017008910271,20,37214,766000,0.0003,-13348418.0,22608.28125,-0.37337493896484375,151146375151616.0,145612112.0,756001,40000.0,-2367808157.482146,,,,,,,
-1.3766440467834475,0.0834319050674238,-0.42175693391556823,-0.548800321929991,0.0,795.5365493264129,458.25216959644405,20,37289,768000,0.0003,-14098605.0,21871.171875,1.424379825592041,4771127230464.0,21309380.0,758001,40000.0,-2367808157.482146,,,,,,,
9.753397901535038,0.3958850157709874,-0.1974337511689244,-0.8192780936443619,0.0,1610.357054650115,619.6788585947997,20,37364,770000,0.0003,-13110014.0,22096.884765625,-0.43838876485824585,207867038662656.0,141658352.0,760001,40000.0,-2367808157.482146,,,,,,,
5.8732298278808575,0.30710330830292193,-0.016634749924555492,-0.8747520128159498,0.0,1784.9416922326209,63.354799037525986,20,37439,772000,0.0003,-15449050.0,22424.513671875,-1.467514991760254,14936054956032.0,37586080.0,762001,40000.0,-2367808157.482146,,,,,,,
1.2478847732543958,0.13510884778524468,-0.23031747003685954,-0.8960332496718263,0.0,2038.6711183410414,575.7498426749216,20,37514,774000,0.0003,-14771716.0,23337.3828125,0.2396051585674286,144748350275584.0,124052208.0,764001,40000.0,-2367808157.482146,,,,,,,
-2.6704697341918915,-0.2387393919876936,-0.21494406749284653,-0.8790791079971614,0.0,2463.3059832561535,349.1106534045777,20,37589,776000,0.0003,-16440271.0,23643.955078125,0.21701422333717346,73368602673152.0,85118896.0,766001,40000.0,-2367808157.482146,,,,,,,
-7.657888540267945,-0.3776409131361592,-0.006629171128112378,-0.8523276651986218,0.0,2579.8322097555815,18.8652241807333,20,37663,778000,0.0003,-12591801.0,23810.224609375,0.7412005662918091,2269846729392128.0,517605184.0,768001,40000.0,-2367808157.482146,,,,,,,
-11.671858301162718,-0.5278197037935661,-0.2625406936499306,-0.739429844553639,0.0,2630.849884384662,154.09354526082686,20,37738,780000,0.0003,-16900756.0,24772.81640625,-0.023453116416931152,5642640687104.0,24493290.0,770001,40000.0,-2367808157.482146,,,,,,,
4.972518577575679,0.15346668896654422,-0.38426283388450455,-0.5807142165277601,0.0,3283.617481641779,1277.8424331739088,20,37813,782000,0.0003,-7413167.0,24181.052734375,-0.9983833432197571,2558268278833152.0,450661536.0,772001,40000.0,-2367808157.482146,,,,,,,
7.486087776184097,0.3985026446684903,-0.36591332139278787,-0.8731253489085168,0.0,4898.122508737961,1692.33464466728,20,37888,784000,0.0003,-13585372.0,23235.494140625,0.3584569990634918,1351932224471040.0,394386144.0,774001,40000.0,-2367808157.482146,,,,,,,
-0.32474519729614243,-0.03380615367143823,-0.2168763985387059,-0.9900406282444106,0.0,6112.134821562431,888.2159667304795,20,37963,786000,0.0003,-5912266.0,22029.974609375,-0.7535464763641357,4432747967807488.0,559396928.0,776001,40000.0,-2367808157.482146,,,,,,,
-4.90319810676575,-0.2632928994754181,-0.1146430624273883,-0.9552728442885976,0.0,6590.952468759938,344.9191559281475,20,38039,788000,0.0003,-11787774.0,22109.427734375,-0.5226516723632812,1465387275255808.0,402994400.0,778001,40000.0,-2367808157.482146,,,,,,,
-6.5975502471923795,-0.4030935513892272,-0.07649615984026821,-0.9029781944124132,0.0,6836.924013813123,199.91703691174317,20,38115,790000,0.0003,-12838943.0,21771.220703125,0.4212023615837097,67981946126336.0,65639884.0,780001,40000.0,-2367808157.482146,,,,,,,
-7.673333600997925,-0.4726647500997341,-0.010391820795331718,-0.8722897374983908,0.0,6955.609271510059,30.23987622514254,20,38191,792000,0.0003,-10832164.0,23005.8046875,-0.011647671461105347,1044446388944896.0,350411936.0,782001,40000.0,-2367808157.482146,,,,,,,
-8.298295871734638,-0.47748943311732583,-0.03109096380535417,-0.8697945178373507,0.0,6963.899028451639,78.31964459754758,20,38267,794000,0.0003,-15592827.0,23426.822265625,-0.9926716089248657,30233415647232.0,47613344.0,784001,40000.0,-2367808157.482146,,,,,,,
-8.25189052963257,-0.5522024632541253,-0.040264773594640424,-0.8303084112860116,0.0,7087.14080751751,99.36070575313744,20,38343,796000,0.0003,-16319711.0,24205.625,1.4602363109588623,37860430315520.0,54007256.0,786001,40000.0,-2367808157.482146,,,,,,,
-9.103879268646224,-0.5669377975768848,-0.0013595027494285416,-0.8227885217813053,0.0,7111.867225659627,4.407245416090762,20,38419,798000,0.0003,-15872889.0,24844.978515625,-0.28885945677757263,23339034738688.0,45299272.0,788001,40000.0,-2367808157.482146,,,,,,,
-9.455793073654197,-0.6124484097548822,-0.06023736778664088,-0.7952087170411412,0.0,7186.42740853,147.09061710433127,,,800000,0.0003,-13448550.0,25753.51171875,1.1376783847808838,138425638322176.0,124415832.0,790000,,,0.010437500000000008,0.0,40000.0,-43081.16221271675,5434.368916900874,0.0,0.0
,,,,,,,20,39685,800000,0.0003,-13589686.0,25753.462890625,0.3903430104255676,902314781048832.0,306725728.0,790001,40000.0,-2257419295.0681868,,,,,,,
-4.658383958816531,-0.1576900835799055,-0.2914655298408022,-0.9114275898147183,0.0,1050.5127530650984,-59.88069510147652,20,39761,802000,0.0003,-16637415.0,27013.525390625,-1.5770816802978516,22140438970368.0,41153692.0,792001,40000.0,-2257419295.0681868,,,,,,,
-5.098491104125974,-0.7414758531927276,-0.3696642368297253,-0.6513207307997905,0.0,743.060535505801,-185.05779290583882,20,39837,804000,0.0003,-19810784.0,27869.060546875,-0.821701169013977,9815646535680.0,27606838.0,794001,40000.0,-2257419295.0681868,,,,,,,
0.937595279693609,0.5703417552422241,-0.37475463984899177,-0.5641672299440078,0.0,883.628479533756,606.7704142608935,20,39914,806000,0.0003,-15342099.0,28653.94140625,0.4212896525859833,154598622887936.0,127065608.0,796001,40000.0,-2257419295.0681868,,,,,,,
7.2965792598724475,0.2492179080072981,-0.2566540979337995,-0.83563957556654,0.0,1802.8828538155217,775.0344177224604,20,39990,808000,0.0003,-18922562.0,29172.0625,-0.16200542449951172,28143167471616.0,57267864.0,798001,40000.0,-2257419295.0681868,,,,,,,
2.3465464038848887,0.09777146570036377,-0.027585567628081557,-0.8972628087120934,0.0,2059.9477378529077,205.15588081164236,20,40066,810000,0.0003,-14386592.0,28235.029296875,-0.5091469883918762,40636048736256.0,46972996.0,800001,40000.0,-2257419295.0681868,,,,,,,
-2.6164960556030263,-0.04583248486470604,-0.2086067965739939,-0.8832742590861445,0.0,2222.3173137160206,449.2643500897915,20,40140,812000,0.0003,-21599700.0,29976.65234375,0.7960290312767029,9100766216192.0,25043730.0,802001,40000.0,-2257419295.0681868,,,,,,,
-5.420801023483285,-0.5022866067492353,-0.3539562653827992,-0.7085949467630887,0.0,2554.5845936242,422.4901305577912,20,40215,814000,0.0003,-20623076.0,32285.849609375,-1.4342842102050781,5799724187648.0,17883420.0,804001,40000.0,-2257419295.0681868,,,,,,,
-10.645615226745605,-0.7784049800582711,-0.03497791895467327,-0.6399832118155778,0.0,2825.2686743121435,51.005958285868275,20,40290,816000,0.0003,-22922256.0,34164.484375,0.18044456839561462,5387739725824.0,23101990.0,806001,40000.0,-2257419295.0681868,,,,,,,
-4.9137248668670725,-0.015950828863456692,-0.48691213874739253,-0.4772654664041219,0.0,3258.123689639472,1483.5278527950302,20,40365,818000,0.0003,-19635206.0,33006.41015625,0.07952818274497986,106498730491904.0,117767064.0,808001,40000.0,-2257419295.0681868,,,,,,,
4.304792301177978,0.08191221310613499,-0.49688913554815267,-0.8170872928220511,0.0,5555.588692886031,2123.0120631807777,20,40440,820000,0.0003,-23429886.0,33093.21484375,0.10829690098762512,1323454955520.0,9909441.0,810001,40000.0,-2257419295.0681868,,,,,,,
-5.967715723037715,-0.3607936612991595,-0.11371500150898577,-0.8359476613535302,0.0,6592.20391115074,336.2664953280742,20,40515,822000,0.0003,-16248553.0,31791.912109375,-0.2660171389579773,1086647730962432.0,230178256.0,812001,40000.0,-2257419295.0681868,,,,,,,
-13.366545515060425,-0.5131257455954498,-0.2547095646535133,-0.7301943107194995,0.0,6844.916125583744,566.7623321708727,20,40590,824000,0.0003,-22496468.0,31510.470703125,0.707633376121521,12182737649664.0,28626818.0,814001,40000.0,-2257419295.0681868,,,,,,,
12.391820138931259,0.15749376704188248,-0.08523933620749942,-0.3590884160719559,0.0,8007.224545938527,236.98848117672384,20,40665,826000,0.0003,-21167220.0,29551.873046875,-0.7562226057052612,109475285434368.0,98385544.0,816001,40000.0,-2257419295.0681868,,,,,,,
-23.201635675430317,-0.6690427319091795,-0.11087950263317808,-0.11213701671857344,0.0,7084.314317913678,900.2185479351294,20,40740,828000,0.0003,-25398978.0,28182.220703125,0.6879092454910278,3057006936064.0,11542090.0,818001,40000.0,-2257419295.0681868,,,,,,,
12.899691902160631,0.7682620249596849,-0.21805687931089007,-0.10078039005180849,0.0,8377.775491318755,495.51179699574635,20,40815,830000,0.0003,-21516288.0,29168.083984375,0.46592286229133606,23521239498752.0,35868016.0,820001,40000.0,-2257419295.0681868,,,,,,,
19.8501635017395,0.49484531547795674,0.04054477060631633,-0.3167450120955626,0.0,9348.648440821571,-184.09496531031783,20,40890,832000,0.0003,-24838422.0,29784.701171875,1.1207857131958008,1305887506432.0,8652488.0,822001,40000.0,-2257419295.0681868,,,,,,,
8.482330993652344,0.6925517278645782,-0.12104005129847366,-0.19042487411101236,0.0,8606.792097685611,696.4432207516674,20,40965,834000,0.0003,-22184190.0,28230.048828125,-0.8921782374382019,432589173161984.0,225347312.0,824001,40000.0,-2257419295.0681868,,,,,,,
9.486407325744642,0.6895503902061605,0.13921792085900034,-0.19851196732877296,0.0,8626.861806043897,-786.0772395220005,20,41040,836000,0.0003,-23675600.0,29401.814453125,-0.23016804456710815,4960463355904.0,12839925.0,826001,40000.0,-2257419295.0681868,,,,,,,
22.297979496002196,0.5543533423956736,-0.010814114809157454,-0.2883825405897325,0.0,9118.598039168366,95.00372452350373,20,41118,838000,0.0003,-22909574.0,31481.333984375,-0.9725942611694336,30657178763264.0,62626284.0,828001,40000.0,-2257419295.0681868,,,,,,,
6.690484111785887,0.6937306096616003,-0.14026553096928968,-0.1815315632612841,0.0,8596.163406291207,759.6407319641283,20,41193,840000,0.0003,-21536374.0,30881.705078125,-0.8803738355636597,129638168788992.0,99857136.0,830001,40000.0,-2159851642.28998,,,,,,,
-3.7268300094604485,-0.18642465876568876,-0.24771335520609328,-0.969238589891574,0.0,1165.6815510441768,-45.541492799750294,20,41269,842000,0.0003,-20885732.0,29137.083984375,-1.1507285833358765,365783641227264.0,147387296.0,832001,40000.0,-2159851642.28998,,,,,,,
-9.281770868301402,-0.5456504979465422,-0.26482219443238186,-0.8154818450865559,0.0,924.0087283391771,-299.4601681377273,20,41345,844000,0.0003,-25950732.0,27339.564453125,1.0131343603134155,3352528683008.0,15025921.0,834001,40000.0,-2159851642.28998,,,,,,,
-3.8041756973266456,-0.02558471553083178,-0.39514474100270075,-0.5623798809567035,0.0,761.3192600670311,245.9319255126695,20,41420,846000,0.0003,-23402826.0,29217.8359375,-0.4127749800682068,16103861387264.0,32827332.0,836001,40000.0,-2159851642.28998,,,,,,,
10.284721950530999,0.41955310198061657,-0.2870867519771897,-0.7852429099357711,0.0,1545.0349518340315,870.994531977398,20,41496,848000,0.0003,-25485038.0,29131.72265625,0.3658345937728882,19203780247552.0,43732440.0,838001,40000.0,-2159851642.28998,,,,,,,
4.559513690948491,0.2039378312094895,-0.06742052024141451,-0.905312857881383,0.0,1960.3941168778606,224.24201907700154,20,41571,850000,0.0003,-21641098.0,29445.392578125,-0.11451438069343567,5356597542912.0,13055551.0,840001,40000.0,-2159851642.28998,,,,,,,
-1.1231547431945796,0.026243168690880208,-0.23676080689633364,-0.9123116638529243,0.0,2203.7922163669946,528.1993080902221,20,41646,852000,0.0003,-25387682.0,27892.724609375,0.09223470836877823,9499268087808.0,28409732.0,842001,40000.0,-2159851642.28998,,,,,,,
-7.296237228393558,-0.5241909420754871,-0.4765176062612627,-0.6951592867317723,0.0,2617.166109160512,537.6203396026565,20,41722,854000,0.0003,-22043698.0,27032.69921875,1.0219522714614868,971217800527872.0,327510400.0,844001,40000.0,-2159851642.28998,,,,,,,
3.415156147003171,0.39047506673740817,-0.5535073674928156,-0.588003482040227,0.0,3752.9893839413194,2005.9634398708317,20,41797,856000,0.0003,-23204108.0,27470.42578125,1.4809006452560425,221261565263872.0,143279472.0,846001,40000.0,-2159851642.28998,,,,,,,
0.9998327045440669,-0.059918800025857796,-0.3844920331270374,-0.8307740503301447,0.0,5890.304108901209,1413.441225357206,20,41872,858000,0.0003,-22816812.0,26287.23828125,-0.2520574629306793,10554034880512.0,33159836.0,848001,40000.0,-2159851642.28998,,,,,,,
-2.674711572647095,-0.17131666798124787,0.07164278889131731,-0.8364917355719413,0.0,6099.169094734594,-176.15521061695358,20,41948,860000,0.0003,-25710388.0,25148.80078125,1.6959826946258545,20074651975680.0,39719492.0,850001,40000.0,-2159851642.28998,,,,,,,
-6.215533870697018,-0.22928337369810378,-0.1590437619239023,-0.8101264112966432,0.0,6204.332904496402,483.50942455829323,20,42023,862000,0.0003,-27545810.0,26504.228515625,0.7176179885864258,1060187406336.0,3922083.5,852001,40000.0,-2159851642.28998,,,,,,,
-4.554600334167475,-0.6054211798324691,-0.17131318004082147,-0.5133138397199369,0.0,6779.789646837352,233.7697317828022,20,42099,864000,0.0003,-27299948.0,27059.1640625,-0.028255850076675415,2655656607744.0,9329170.0,854001,40000.0,-2159851642.28998,,,,,,,
0.25956781578063975,-0.27674180372153573,0.43877052556127616,-0.33566426918671716,0.0,5749.277291401122,-1652.5410262670625,20,42174,866000,0.0003,-23358228.0,28181.978515625,0.10114407539367676,6671567945728.0,18786332.0,856001,40000.0,-2159851642.28998,,,,,,,
-1.639298915863037,0.03022948146508516,-0.0015626701572550863,-0.36253084448279194,0.0,4918.35116907667,204.89130381068549,20,42249,868000,0.0003,-25552824.0,29802.4609375,-0.6869144439697266,20690308694016.0,50408160.0,858001,40000.0,-2159851642.28998,,,,,,,
-25.049428945541383,-0.2849721123975077,-0.5044686816709779,0.0009898319436713009,0.0,5927.039502251411,3519.1359805082584,20,42324,870000,0.0003,-23961828.0,29207.3046875,-0.8428255915641785,10150381355008.0,27252210.0,860001,40000.0,-2159851642.28998,,,,,,,
-45.76933103179932,-0.6221864650756695,0.03218383069464035,0.5680285019875083,0.0,7198.949174330664,-1572.415604776481,20,42399,872000,0.0003,-24703208.0,29204.32421875,1.418850302696228,49602401140736.0,47509032.0,862001,40000.0,-2159851642.28998,,,,,,,
-48.667958240509016,-0.7114846484115981,-0.132230154237175,0.46731108699052093,0.0,7024.324277445562,1308.1336498666217,20,42474,874000,0.0003,-26568742.0,30697.041015625,-0.6875524520874023,873085140992.0,4959803.5,864001,40000.0,-2159851642.28998,,,,,,,
-58.360874221801765,-0.8328319816871528,0.03066812015999976,0.6947884982811521,0.0,7677.729486000326,-633.515217869984,20,42549,876000,0.0003,-22576062.0,30103.279296875,-0.3869766294956207,2168357725929472.0,526759008.0,866001,40000.0,-2159851642.28998,,,,,,,
-1.9932256145477019,0.11632056179569855,-0.29398967263658465,0.3344327573670466,0.0,9052.870191566724,1057.7179787445818,20,42623,878000,0.0003,-25434364.0,31305.353515625,1.0059306621551514,1216446726144.0,5624964.0,868001,40000.0,-2159851642.28998,,,,,,,
-7.692691225051858,0.22956385071382954,0.03755619803815539,-0.34691364530188895,0.0,7961.722055702501,-94.78844495816965,20,42698,880000,0.0003,-25946168.0,30580.33984375,-1.2697138786315918,15137211678720.0,36360444.0,870001,40000.0,-2070358007.3274634,,,,,,,
-0.9996859092712401,-0.06149181308179814,-0.08917440799759757,-0.9398584342938633,0.0,1065.235436999892,135.87035505011474,20,42773,882000,0.0003,-25407222.0,29255.89453125,-1.4790619611740112,35639395352576.0,48517264.0,872001,40000.0,-2070358007.3274634,,,,,,,
-6.5891561050415035,-0.2533608168517604,-0.22977330273739377,-0.8848058680849705,0.0,988.8345269731385,-179.41051779333662,20,42847,884000,0.0003,-25829780.0,28986.810546875,1.0165777206420898,39479570071552.0,66503364.0,874001,40000.0,-2070358007.3274634,,,,,,,
-3.5049903488159178,-0.40722882569163465,-0.42383378760009205,-0.5634201211235565,0.0,659.3659316521705,-52.69140433691471,20,42922,886000,0.0003,-26894936.0,27974.6953125,-0.22703316807746887,23778453094400.0,43718084.0,876001,40000.0,-2070358007.3274634,,,,,,,
12.727470285415649,0.8724882410832515,-0.005756435439682881,-0.6189331562309488,0.0,847.8521933295374,15.1764456648524,20,42997,888000,0.0003,-25363840.0,29475.2578125,0.04252886772155762,5868425838592.0,23010462.0,878001,40000.0,-2070358007.3274634,,,,,,,
-0.6593047161102309,0.892835763297407,-0.09647147137471511,-0.5810598256605889,0.0,786.6024945430868,92.91793084858594,20,43071,890000,0.0003,-26886908.0,29509.123046875,0.7736889123916626,3384350343168.0,12880051.0,880001,40000.0,-2070358007.3274634,,,,,,,
9.158875253677376,0.47555951529315543,-0.377412138157607,-0.7259825248708112,0.0,1411.7360937147878,1062.1460782024428,20,43146,892000,0.0003,-25635818.0,29492.580078125,-0.476820707321167,60737712029696.0,70084880.0,882001,40000.0,-2070358007.3274634,,,,,,,
2.145060283660888,0.06462637823292243,-0.19251135956243537,-0.9195262414191656,0.0,2162.826228488006,532.9349348707219,20,43222,894000,0.0003,-25388602.0,29413.453125,0.07803279906511307,28517236473856.0,45738716.0,884001,40000.0,-2070358007.3274634,,,,,,,
-5.907813179016106,-0.23360864367474238,-0.2777629749388044,-0.8772178760469971,0.0,2468.8625998165644,329.75215323699797,20,43296,896000,0.0003,-21109644.0,30095.529296875,-1.643730640411377,54898917900288.0,61495004.0,886001,40000.0,-2070358007.3274634,,,,,,,
-0.14254320144651655,-0.02015589503168549,-0.7343176213189054,-0.4320394681710292,0.0,3331.9104944371106,1927.362832026451,20,43370,898000,0.0003,-23095440.0,29066.037109375,-0.43503859639167786,402458299858944.0,203817520.0,888001,40000.0,-2070358007.3274634,,,,,,,
13.642069784164436,0.5500338599708298,0.25058734343741595,-0.6962540454340623,0.0,4240.176542560934,-1187.2000230768128,,,900000,0.0003,-25679144.0,28411.708984375,0.4639730155467987,42165430386688.0,72995424.0,890000,,,0.010437500000000008,0.0,40000.0,-40180.18914388015,4662.406053921689,0.0,0.0
,,,,,,,20,44627,900000,0.0003,-22968740.0,28414.474609375,0.189397931098938,118789635047424.0,122204064.0,890001,40000.0,-2070358007.3274634,,,,,,,
-4.139912927627556,0.32554556706519383,0.17642406122025342,-0.4127963577007428,0.0,3010.167746866939,-479.3682329780693,20,44703,902000,0.0003,-27876874.0,28246.74609375,-1.3718935251235962,1607538049024.0,8845657.0,892001,40000.0,-2070358007.3274634,,,,,,,
-8.19411380577089,0.1260784708791619,-0.4463277233423749,-0.3288543650207903,0.0,3254.170345062702,1260.6520152462972,20,44778,904000,0.0003,-22836730.0,28100.662109375,-2.2661123275756836,6020229234688.0,19078122.0,894001,40000.0,-2070358007.3274634,,,,,,,
3.266352558135988,0.055593318036674805,-0.3633000941044251,-0.4610629233603395,0.0,5043.920476692086,1388.042496588398,20,44853,906000,0.0003,-23428414.0,27426.396484375,0.21611472964286804,61471719424000.0,59962076.0,896001,40000.0,-2070358007.3274634,,,,,,,
17.50757097053528,0.29921644320133567,0.6183744726462787,-0.2473410979018685,0.0,4500.8646917817505,-1759.4609003846701,20,44928,908000,0.0003,-27227188.0,26770.810546875,-0.17430372536182404,3663387951104.0,17069394.0,898001,40000.0,-2070358007.3274634,,,,,,,
9.648237226486206,0.028126193263217917,0.9175607101392802,0.5613046378376507,0.0,3106.1856250547485,-2256.2363794084604,20,45003,910000,0.0003,-24936804.0,27365.0234375,1.0480438470840454,62081650917376.0,88698944.0,900001,40000.0,-2070358007.3274634,,,,,,,
37.26800628280634,0.5227387479360694,0.3539855147916934,0.5426543500981618,0.0,1397.7573538667152,-71.61165793000399,20,45078,912000,0.0003,-26275878.0,27467.54296875,1.481510043144226,11358211932160.0,39389948.0,902001,40000.0,-2070358007.3274634,,,,,,,
4.602684839248647,0.03963218107957585,1.0278959190750103,0.42809062886747307,0.0,2000.2464551745527,-664.6333143425057,20,45153,914000,0.0003,-24617810.0,27670.806640625,-0.8537681698799133,30327372251136.0,40824176.0,904001,40000.0,-2070358007.3274634,,,,,,,
-2.516688436508185,0.36829973413480216,0.6516732196109476,-0.34634122853625443,0.0,456.7085445931253,537.0745808014466,20,45228,916000,0.0003,-22984864.0,29021.96875,-0.4091789722442627,18893116538880.0,38557344.0,906001,40000.0,-2070358007.3274634,,,,,,,
-8.350579479217515,-0.5380403385962977,0.5165608842419249,-0.7763951228189556,0.0,1499.8466646131344,1444.6386367346418,20,45304,918000,0.0003,-23264388.0,28090.61328125,0.803112804889679,74039615815680.0,95657648.0,908001,40000.0,-2070358007.3274634,,,,,,,
10.882595151901237,0.29915749997846414,0.845505839872868,-0.6804239079629361,0.0,2731.4502557362594,1404.8589327307172,20,45379,920000,0.0003,-24493052.0,27052.99609375,-0.021762505173683167,3739084128256.0,12543047.0,910001,40000.0,-1984255444.3003192,,,,,,,
-3.2689338779449435,-0.11351684262093245,-0.23221871627355115,-0.9336933250472976,0.0,1082.63031366052,4.491882624667785,20,45455,922000,0.0003,-26226550.0,26996.08984375,0.38012251257896423,1448516780032.0,6712482.5,912001,40000.0,-1984255444.3003192,,,,,,,
-6.186773908615111,-0.5372444404603814,-0.21145079748503925,-0.7893866716186347,0.0,860.2702057982636,-181.152995914642,20,45530,924000,0.0003,-22156392.0,26583.61328125,0.4981534779071808,16807338442752.0,27447104.0,914001,40000.0,-1984255444.3003192,,,,,,,
-12.216048711776729,-0.6645212474984669,-0.05152124838795285,-0.734647376871125,0.0,784.9735807533182,-61.594807983595736,20,45606,926000,0.0003,-19518988.0,25887.4921875,-1.6950035095214844,514476382093312.0,206303360.0,916001,40000.0,-1984255444.3003192,,,,,,,
0.9868229465484617,0.10605021123731029,-0.4565895901981561,-0.5312186626326993,0.0,786.2627186746307,456.70241445614425,20,45681,928000,0.0003,-20099446.0,26721.40234375,0.020858824253082275,1017275150761984.0,366849760.0,918001,40000.0,-1984255444.3003192,,,,,,,
13.107254859924314,0.5783004275227637,0.043312574942455544,-0.7345487837215113,0.0,1269.233099364784,-122.64688740515028,20,45757,930000,0.0003,-20967836.0,27208.291015625,-1.268984079360962,12854123036672.0,21766192.0,920001,40000.0,-1984255444.3003192,,,,,,,
1.7899020862579427,0.8220632611639529,0.12346443658465663,-0.5397584273219264,0.0,786.8154882031042,-366.29492734583783,20,45833,932000,0.0003,-22200972.0,27085.5234375,-1.113739252090454,5003525750784.0,13544237.0,922001,40000.0,-1984255444.3003192,,,,,,,
4.0098024024963355,0.5579969686113863,-0.4251180487105292,-0.49782815718495255,0.0,1013.7374905628752,884.370865406273,20,45909,934000,0.0003,-19918444.0,27579.125,-0.5006346106529236,27337120808960.0,49135712.0,924001,40000.0,-1984255444.3003192,,,,,,,
3.3322595672607367,0.024791437658779565,-0.22131824337068823,-0.754722934892963,0.0,1888.90562325874,625.7006781922183,20,45984,936000,0.0003,-24527806.0,28374.9921875,2.830158233642578,14766455128064.0,41501880.0,926001,40000.0,-1984255444.3003192,,,,,,,
-3.0975902786254856,-0.11244790952524973,-0.04309780116679894,-0.770900432787832,0.0,2062.410944172473,191.83474672708337,20,46059,938000,0.0003,-20346794.0,28554.8359375,1.4981005191802979,124096788561920.0,116921016.0,928001,40000.0,-1984255444.3003192,,,,,,,
-15.45939008712768,-0.3655661333407023,-0.40776981918386374,-0.5904274229030527,0.0,2247.2861589292697,465.16388749447833,20,46134,940000,0.0003,-23000636.0,27802.05859375,1.1643587350845337,32219030618112.0,55221820.0,930001,40000.0,-1984255444.3003192,,,,,,,
5.047005447387709,0.48632594676343255,-0.32132155419320746,-0.050313166603097884,0.0,3283.138885190935,700.0797231751003,20,46209,942000,0.0003,-20776518.0,28575.185546875,-0.581967830657959,882998902784.0,2410803.75,932001,40000.0,-1984255444.3003192,,,,,,,
-2.476426231384287,0.4983779084569499,-0.47099934643995517,-0.16664504870233526,0.0,3841.4756573267705,1640.8833316976954,20,46284,944000,0.0003,-22719576.0,27575.49609375,-0.373434841632843,84392097611776.0,95045472.0,934001,40000.0,-1984255444.3003192,,,,,,,
-6.268349689483636,-0.2405985743178566,-0.2416402345431614,-0.042204601873805404,0.0,5535.2317409858,828.2158605732292,20,46360,946000,0.0003,-22682354.0,27673.41796875,0.19409990310668945,4014729068544.0,19863868.0,936001,40000.0,-1984255444.3003192,,,,,,,
-1.4448402690887436,0.06046440708873276,0.18887346831202176,0.08629549175944908,0.0,4793.955623414522,-534.7589970920626,20,46435,948000,0.0003,-20898698.0,28353.974609375,-0.4786578416824341,58255103492096.0,56680084.0,938001,40000.0,-1984255444.3003192,,,,,,,
-38.34293263053891,-0.3819269152548214,-0.38494701162730666,0.7395761219421729,0.0,6802.526719339736,2910.235867809904,20,46510,950000,0.0003,-18336906.0,28317.1953125,-1.4372498989105225,3701579186176.0,23203782.0,940001,40000.0,-1984255444.3003192,,,,,,,
-38.131728242874146,-0.4504368118439408,0.07589484566392239,0.7031279173387458,0.0,6644.398546705228,-1196.431502660685,20,46585,952000,0.0003,-17238528.0,28461.228515625,0.09801366925239563,96365887619072.0,75960432.0,942001,40000.0,-1984255444.3003192,,,,,,,
-41.2290060825348,-0.45165719439367236,0.0011027248726350907,0.7996908505734832,0.0,6781.294242326543,250.40318591397582,20,46660,954000,0.0003,-21523168.0,28072.2421875,-0.1816994845867157,129758184603648.0,130600352.0,944001,40000.0,-1984255444.3003192,,,,,,,
-42.56145730209348,-0.4433183729220474,-0.027109935746860374,0.8708745506259102,0.0,6912.609534632247,589.2683941694685,20,46735,956000,0.0003,-16040832.0,26942.875,2.163985252380371,279955095158784.0,179740288.0,946001,40000.0,-1984255444.3003192,,,,,,,
-40.50719643592836,-0.4324687007481897,-0.005207289188435818,0.8622771522218409,0.0,6878.703536623178,118.39691774404831,20,46810,958000,0.0003,-18348198.0,27320.8515625,-0.73982834815979,125701999034368.0,107666656.0,948001,40000.0,-1984255444.3003192,,,,,,,
-42.906831291198635,-0.4477943620322723,-0.02979696728020148,0.8950158405850432,0.0,6985.398360140354,365.56915676683684,20,46885,960000,0.0003,-18811810.0,27019.734375,0.7036757469177246,102413109297152.0,106583328.0,950001,40000.0,-1907521212.690973,,,,,,,
-4.335634626388543,-0.21661524892126327,-0.2879520470849304,-0.9249781883739068,0.0,1078.8448193570923,-78.84492192256916,20,46961,962000,0.0003,-20461660.0,27945.68359375,0.9475776553153992,9002318561280.0,33068398.0,952001,40000.0,-1907521212.690973,,,,,,,
-13.902884899139405,-0.5938941741989239,-0.4179147874243613,-0.6535798814216321,0.0,770.368903615062,-322.5350661662411,20,47037,964000,0.0003,-19737780.0,28818.974609375,1.3440167903900146,50629753962496.0,58686304.0,954001,40000.0,-1907521212.690973,,,,,,,
16.35234047317504,0.658630859041553,-0.2712607656889452,-0.6076449900263692,0.0,1074.8784737214364,628.1760590381326,20,47112,966000,0.0003,-15147098.0,29311.91796875,-0.27494585514068604,622083197370368.0,242499232.0,956001,40000.0,-1907521212.690973,,,,,,,
10.982591241836552,0.7253712300976606,0.2996871395240562,-0.5271515334745465,0.0,840.7034457908168,-731.4220243688394,20,47187,968000,0.0003,-18946256.0,29972.87890625,1.459258794784546,144084895268864.0,144187968.0,958001,40000.0,-1907521212.690973,,,,,,,
-17.621531270980856,-0.8476165807167736,0.05329016587086078,-0.5170974072906201,0.0,568.7154999148878,37.62861681642499,20,47263,970000,0.0003,-17710580.0,30306.154296875,-0.32185402512550354,30615470604288.0,49339084.0,960001,40000.0,-1907521212.690973,,,,,,,
11.478441164016724,0.4816059171402403,-0.4834900570347764,-0.5258559888601926,0.0,1050.9538899610257,1000.0866107151393,20,47338,972000,0.0003,-19788564.0,29907.720703125,-0.9978439807891846,4286781325312.0,18790318.0,962001,40000.0,-1907521212.690973,,,,,,,
10.796833185195915,0.4573021047378185,0.14442525341397572,-0.7426778602546594,0.0,1396.835212135088,-447.2832776220825,20,47413,974000,0.0003,-17488708.0,29749.5,-0.3297119140625,431899562475520.0,204503328.0,964001,40000.0,-1907521212.690973,,,,,,,
3.0412102642059353,0.5704945110169259,-0.14586516485020695,-0.6009040977503125,0.0,1075.263951783178,223.98862243636603,20,47489,976000,0.0003,-15133486.0,27895.517578125,-1.2372570037841797,2741583657041920.0,439972800.0,966001,40000.0,-1907521212.690973,,,,,,,
2.8006522312164326,0.067812979038837,-0.4020508094954858,-0.7088990060132756,0.0,1804.0943984589096,955.5547470940727,20,47563,978000,0.0003,-16332110.0,27429.875,0.7350068092346191,42783389777920.0,57920248.0,968001,40000.0,-1907521212.690973,,,,,,,
-5.088630620956424,-0.33211772790656874,-0.1470265799974394,-0.721347623396961,0.0,2277.7524618259013,213.62249498466585,20,47637,980000,0.0003,-18543088.0,28434.560546875,-0.0016731619834899902,17603892346880.0,37804972.0,970001,40000.0,-1907521212.690973,,,,,,,
-12.007869928359993,-0.47873058201699276,-0.16128130100727517,-0.6371205476436164,0.0,2367.264107188926,167.51688857254268,20,47712,982000,0.0003,-21623082.0,29456.7109375,-1.069461464881897,1418806165504.0,4199986.0,972001,40000.0,-1907521212.690973,,,,,,,
5.77382489967344,0.17593522670689854,-0.62119130404883,-0.3243852541194473,0.0,3787.362420776023,1990.566818244256,20,47786,984000,0.0003,-20887170.0,29642.251953125,-0.6606003046035767,2885906071552.0,16963546.0,974001,40000.0,-1907521212.690973,,,,,,,
13.293045755386352,0.632987734449136,0.22883147005818874,-0.5613999159232955,0.0,3846.90658443242,-1104.5393319022576,20,47860,986000,0.0003,-19560486.0,30159.2265625,0.4306351840496063,35310733885440.0,62622544.0,976001,40000.0,-1907521212.690973,,,,,,,
-4.9064242801666245,0.5712157354225385,-0.368864225864098,-0.33380876006016597,0.0,3757.2788220126067,1187.343450628386,20,47934,988000,0.0003,-16525367.0,29852.837890625,-0.36903783679008484,1476958454022144.0,418795072.0,978001,40000.0,-1907521212.690973,,,,,,,
-8.775644632339478,-0.19909291748942803,-0.4915081288735085,-0.1335617193976143,0.0,5501.239809169057,1657.443790916772,20,48008,990000,0.0003,-19213094.0,30642.697265625,-0.9892411828041077,73186779594752.0,91614464.0,980001,40000.0,-1907521212.690973,,,,,,,
-3.4152079925537118,-0.2592858345066201,0.1622061082405568,0.1262358816916879,0.0,5549.081237764518,-376.97026625694576,20,48081,992000,0.0003,-20159790.0,30352.693359375,-1.0938793420791626,3362064957440.0,17659416.0,982001,40000.0,-1907521212.690973,,,,,,,
-54.23387807273865,-0.5023652427663244,-0.10139203296727178,0.9434486902690168,0.0,7410.7681872618205,752.2893117929713,20,48155,994000,0.0003,-18443500.0,29961.3046875,0.8057296872138977,138620405022720.0,122373752.0,984001,40000.0,-1907521212.690973,,,,,,,
-41.69477037048338,-0.5038281058027048,-0.08598966644341001,0.6608964841508717,0.0,6728.2621289461795,483.6906618271925,20,48230,996000,0.0003,-19444428.0,30150.197265625,0.0211104154586792,183760628744192.0,137673312.0,986001,40000.0,-1907521212.690973,,,,,,,
-25.9397755088806,-0.4512941079987317,0.04025013068837949,0.3924971128784478,0.0,6201.676372292528,-388.1158687063056,20,48303,998000,0.0003,-18737638.0,29261.224609375,-0.6855422258377075,2650612957184.0,15121583.0,988001,40000.0,-1907521212.690973,,,,,,,
-48.82897240257262,-0.5392340662409318,-0.06492972186060712,0.7972250129428844,0.0,7020.523968744824,820.2670245593771,,,1000000,0.0003,-14547148.0,27656.71875,-0.27984511852264404,543187902922752.0,199113488.0,990000,,,0.010437500000000008,0.0,40000.0,-37220.767182688345,6640.78308109984,0.0,0.0
,,,,,,,20,49517,1000000,0.0003,-18456980.0,27657.826171875,0.4314762353897095,25765202624512.0,49955788.0,990001,40000.0,-1836354400.9304187,,,,,,,
