rollout/acrobot_xk_applied_torque,rollout/acrobot_xk_elbow_norm,rollout/acrobot_xk_elbow_rate_norm,rollout/acrobot_xk_energy_error_norm,rollout/acrobot_xk_homoclinic_capture,rollout/acrobot_xk_lyapunov,rollout/acrobot_xk_lyapunov_rate,time/fps,time/time_elapsed,time/total_timesteps,train/learning_rate,train/actor_loss,train/alpha,train/alpha_loss,train/critic_loss,train/fraction,train/n_updates,rollout/ep_len_mean,rollout/ep_rew_mean,eval/best_strict_capture_mean_max_duration,eval/best_strict_capture_success_rate,eval/mean_ep_length,eval/mean_reward,eval/std_reward,eval/strict_capture_mean_max_duration,eval/strict_capture_success_rate
0.809295010339469,0.15562502694765915,-0.2507147040011653,-0.8739474543619599,0.0,1279.1293545556255,132.5911456265578,2154,0,2000,0.0003,,,,,,,,,,,,,,,
0.27880451820418256,-0.10676856887199422,0.4525165651095098,-0.864219882266555,0.0,1113.6098263107501,-6.573688725098875,2169,1,4000,0.0003,,,,,,,,,,,,,,,
-0.9587142531769325,-0.24125310752208318,-0.1815420953271331,-0.7799541217090874,0.0,1200.1999427486764,1504.627500195945,2175,2,6000,0.0003,,,,,,,,,,,,,,,
0.046332280604168656,0.28551243342388377,-0.3308468544583964,-0.7296496277354181,0.0,1300.9101535483057,-1119.301746834842,2185,3,8000,0.0003,,,,,,,,,,,,,,,
0.9425471715582547,-0.43410637476768194,0.6215980843845667,-0.7101193530818238,0.0,1285.990164265822,130.22882638123914,1211,8,10000,0.0003,0.0677691400051117,1.0,-0.0,109008608.0,88.73199462890625,1,,,,,,,,,
11.504215887069709,0.30464637644474374,0.9313370513820177,-0.4073698634325403,0.0,1257.6840895308392,1747.830924956974,161,74,12000,0.0003,291.6565246582031,1.8912632465362549,-1.5796880722045898,41414404.0,9845.931640625,2001,,,,,,,,,
-22.65470406532288,-0.28453392694061397,-0.3727987860521921,0.11423283827658391,0.0,1419.4745080749121,-858.7319749008659,98,141,14000,0.0003,-7132.85302734375,3.0641565322875977,-3.0756325721740723,16633240.0,13783.8056640625,4001,,,,,,,,,
-49.66718577384949,-0.6026306307266016,0.053797881948666214,0.6088103149102908,0.0,1107.779217830116,-1035.8362984606722,76,209,16000,0.0003,-15685.4404296875,6.280053615570068,-8.44953441619873,16320842.0,19151.9921875,6001,,,,,,,,,
-32.02162327957149,-0.5471097385869809,0.039662010992272304,0.2335599652032604,0.0,775.2554324260916,-372.8397664037107,64,277,18000,0.0003,-13304.724609375,12.289387702941895,-11.209904670715332,10006982.0,16310.8662109375,8001,,,,,,,,,
-21.48756631088256,-0.5838167870258072,0.08607943338816491,-0.04347535344899857,0.0,664.2800295812264,226.1676023724298,57,345,20000,0.0003,-940.1989135742188,20.041074752807617,-6.974974632263184,9487574.0,21138.873046875,10001,,,,,,,,,
-3.34763930702209,-0.37302288155007796,0.21895869269947535,-0.30207653978336824,0.0,949.5017111779385,378.83621524769296,53,413,22000,0.0003,-2108.137939453125,30.716102600097656,-4.125032424926758,6819660.0,22712.931640625,12001,,,,,,,,,
-3.1267555503845146,-0.10144929789337337,0.01591414309766871,-0.40519998906225285,0.0,1293.2159193522396,129.60417318350986,49,481,24000,0.0003,7523.6611328125,46.520599365234375,-3.643226146697998,20124048.0,34212.578125,14001,,,,,,,,,
0.8798665370941162,-0.09546653131936132,0.04049275445901299,-0.4099547437246204,0.0,1298.8281932869484,178.79059922794463,47,549,26000,0.0003,38095.609375,71.13362884521484,-2.968689441680908,12237342.0,16470.5234375,16001,,,,,,,,,
-3.156294359207152,-0.2718554274096992,-0.31189872148665815,-0.3116696232337829,0.0,1111.3441871952887,-529.587218725335,45,617,28000,0.0003,52330.2421875,103.01762390136719,-1.352677822113037,26435780.0,28187.25,18001,,,,,,,,,
-19.518400758743287,-0.5745859533261632,-0.41963955400391756,-0.03856905448991209,0.0,822.5286543438103,2503.808248586511,43,685,30000,0.0003,61996.8515625,130.39599609375,-0.518527626991272,47989448.0,54666.83984375,20001,,,,,,,,,
12.85525204086305,0.15388543235793226,-0.7213976495844907,-0.5507309786319345,0.0,1090.286661928851,-2203.7891593000522,42,753,32000,0.0003,58573.51953125,164.10911560058594,-0.5430713891983032,84256400.0,86138.9609375,22001,,,,,,,,,
3.067875766754151,-0.06348703141673835,0.33874930872186565,-0.7410363457215174,0.0,1096.609070629607,-53.903161763426446,41,821,34000,0.0003,33655.62109375,167.0485076904297,1.1505725383758545,40443100.0,34703.5234375,24001,,,,,,,,,
-1.2665946388244622,0.5001698533775863,0.13064801281252392,-0.6205246493062063,0.0,749.1552347936006,-22.41728917105245,40,889,36000,0.0003,49562.4609375,119.92999267578125,-0.4557246267795563,34564096.0,35222.91796875,26001,,,,,,,,,
7.038671943664567,0.37514563403650947,-0.17964047703759295,-0.7308766676567408,0.0,847.0426099855689,508.4620520115083,39,957,38000,0.0003,58716.515625,97.09790802001953,-0.9480600357055664,24575072.0,18556.986328125,28001,,,,,,,,,
7.9225017204284365,0.40401492082308904,0.20737120386949473,-0.7204211031440663,0.0,844.6637697655526,-443.972984473259,38,1025,40000,0.0003,69440.609375,108.99497985839844,0.16790138185024261,21777920.0,26032.90234375,30001,40000.0,-43491373.862083,,,,,,,
7.205605365753172,0.4457712022059003,0.32386282043646447,-0.7733307829794317,0.0,950.1103626334368,-273.5412970919748,38,1093,42000,0.0003,62231.3046875,116.4437255859375,0.2455698698759079,34068628.0,25970.548828125,32001,40000.0,-43491373.862083,,,,,,,
5.883599130630502,0.38026760554317307,-0.10509959884632449,-0.8201495737110189,0.0,858.367969832821,74.17721436188992,37,1161,44000,0.0003,59899.5625,105.73776245117188,0.2976328730583191,18723568.0,19168.025390625,34001,40000.0,-43491373.862083,,,,,,,
11.098202707290657,0.5833310411915875,0.2597836244478982,-0.6330207226883838,0.0,712.2504333225397,-279.07474099892363,37,1229,46000,0.0003,29392.40234375,198.0161590576172,-1.150916576385498,44030176.0,27684.595703125,36001,40000.0,-43491373.862083,,,,,,,
-0.23198378562926697,0.36439090907526256,0.25577389181055316,-0.3426824707486329,0.0,447.87090565893664,-65.65079321317805,36,1297,48000,0.0003,14994.42578125,195.3035888671875,0.1465982347726822,43891372.0,40772.44921875,38001,40000.0,-43491373.862083,,,,,,,
-0.5772899913787854,-0.8907608714949236,0.08826848973589055,-0.38893694287235847,0.0,560.0303281820344,104.13235257737198,36,1365,50000,0.0003,22190.421875,147.83920288085938,0.4378558099269867,28213208.0,22929.15234375,40001,40000.0,-43491373.862083,,,,,,,
-8.85055488395689,-0.47638234427892767,-0.42430893711867246,-0.22347001969724734,0.0,577.4492517546003,-34.57931834078426,36,1434,52000,0.0003,29102.390625,130.19326782226562,0.5849472284317017,31025220.0,29092.91796875,42001,40000.0,-43491373.862083,,,,,,,
9.918044715881344,0.43631772902807997,-0.2392670867420082,-0.6641803895544658,0.0,645.6253020545136,392.35186303172003,35,1502,54000,0.0003,34630.75390625,111.35420227050781,0.4733023941516876,21868072.0,26610.7109375,44001,40000.0,-43491373.862083,,,,,,,
-3.3630065021514883,-0.11215307147772254,-0.3589600148399982,-0.7563889804790521,0.0,773.4686640379017,-280.17075187375445,35,1570,56000,0.0003,40569.9296875,117.87387084960938,-0.16569437086582184,27686246.0,30333.626953125,46001,40000.0,-43491373.862083,,,,,,,
-1.9326965217590395,-0.4658294170401243,0.05614788062710132,-0.47840066190284825,0.0,518.5112408866514,248.42660991585257,35,1638,58000,0.0003,46887.37890625,109.26229095458984,-0.5416330099105835,21534812.0,23570.20703125,48001,40000.0,-43491373.862083,,,,,,,
23.587587631225585,0.3607323728868882,0.5412437909625407,0.005178056118116262,0.0,330.3416446018803,-567.3230153789126,35,1707,60000,0.0003,8936.84375,200.45437622070312,-4.19551944732666,50836144.0,45987.45703125,50001,40000.0,-43491373.862083,,,,,,,
56.80115678596495,0.09723314249178304,8.106294993045088,13.330943752195926,0.0,498055.5418411621,2900626.4406536524,34,1775,62000,0.0003,-316015.96875,507.3800964355469,-13.967248916625977,28383784960.0,178511.140625,52001,40000.0,-43491373.862083,,,,,,,
-62.32298452758789,0.152732882004798,8.017364651131173,14.310632171832829,0.0,698883.6914603917,-2690822.139861006,34,1844,64000,0.0003,-220460.28125,909.95361328125,-13.436318397521973,439037198336.0,2231055.0,54001,40000.0,-43491373.862083,,,,,,,
-25.084519317626988,-0.028084082191208157,-13.280501069949324,25.202578348853798,0.0,1155916.2327275937,439095.5164495665,34,1912,66000,0.0003,496228.8125,1549.2078857421875,-9.643915176391602,2109464379392.0,5938461.0,56001,40000.0,-43491373.862083,,,,,,,
35.47946318626404,-0.4640846391379806,-3.5981603795950208,4.268857946502753,0.0,83899.00236038,-635296.0367904851,34,1981,68000,0.0003,1699517.125,2544.597412109375,-7.891551494598389,5737927409664.0,5857204.5,58001,40000.0,-43491373.862083,,,,,,,
3.1864343338012704,-0.3018981033115423,0.238889258793863,-0.044351497001651544,0.0,60.03444875579206,-141.83396953766572,34,2050,70000,0.0003,1781001.5,4214.88818359375,-6.793217658996582,2038367125504.0,7925992.0,60001,40000.0,-43491373.862083,,,,,,,
2.280161949157711,-0.11910194724828072,0.0680865601333289,-0.007346791163564315,0.0,6.5868336503792175,141.5623863966798,33,2118,72000,0.0003,1222976.5,6852.970703125,-1.2406880855560303,934716899328.0,2281252.5,62001,40000.0,-43491373.862083,,,,,,,
2.505934534072875,0.0214568165502761,0.18403342798871183,0.01050215344990323,0.0,18.59437287488268,290.9889334200323,33,2187,74000,0.0003,1110693.875,10328.13671875,-1.459355354309082,266351312896.0,2987062.75,64001,40000.0,-43491373.862083,,,,,,,
50.048562343597446,0.4995100176797217,0.24528843910486958,0.8090807568783748,0.0,1138.0432102504844,1246.3320883849376,33,2257,76000,0.0003,2625906.25,13512.8251953125,0.23866510391235352,20431721463808.0,16732468.0,66001,40000.0,-43491373.862083,,,,,,,
55.25013664817811,0.5562664076835183,-0.11913265880470013,0.7145504754675416,0.0,1093.4963616989935,-1256.0428530261188,33,2328,78000,0.0003,422248.1875,14620.98046875,0.811922550201416,745326641152.0,3165700.25,68001,40000.0,-43491373.862083,,,,,,,
23.415334732055673,0.4210814162483035,0.7083890790148429,0.46843268612845423,0.0,970.7382883456054,2320.473375238218,33,2398,80000,0.0003,2065568.625,15131.0625,-2.1206767559051514,12456794521600.0,15940913.0,70001,40000.0,-2472818877.4997816,,,,,,,
6.347482206344603,0.2660948008782767,0.32548117844461705,-0.8603957544847137,0.0,961.2820754722046,-211.20782297127636,33,2469,82000,0.0003,311474.71875,15471.4013671875,-1.020377278327942,2597404016640.0,12909649.0,72001,40000.0,-2472818877.4997816,,,,,,,
5.371170143127435,0.5479094640375894,0.03435978507306756,-0.7400282189170152,0.0,753.9078024759805,-0.15235503605121545,33,2541,84000,0.0003,262014.21875,15045.8056640625,0.5096580386161804,3978508107776.0,7627240.5,74001,40000.0,-2472818877.4997816,,,,,,,
9.63232929420472,0.442684422468252,-0.0642569913758526,-0.8141933823136057,0.0,860.6160041556205,100.59793818659294,32,2613,86000,0.0003,-18790.359375,15183.33203125,0.3078823685646057,20673267236864.0,43818780.0,76001,40000.0,-2472818877.4997816,,,,,,,
9.011856386184695,0.5484200857506639,0.16024085525318407,-0.7436411132822716,0.0,769.49539935862,-174.4550444803766,32,2686,88000,0.0003,-709019.375,15651.265625,-0.35858869552612305,12065716568064.0,23371714.0,78001,40000.0,-2472818877.4997816,,,,,,,
6.761431737899785,0.5908695641294,-0.1671526311758165,-0.7218922236979429,0.0,750.7513162821577,225.3456205399862,32,2759,90000,0.0003,-3266935.5,16784.537109375,0.30169737339019775,17171105185792.0,32016460.0,80001,40000.0,-2472818877.4997816,,,,,,,
-15.700435668945302,-0.034630429093819595,-2.4719458171186774,0.5805002964287401,0.0,6455.213905370847,15348.018174989364,32,2833,92000,0.0003,-2974546.5,18116.869140625,0.3963373005390167,50485142749184.0,45498104.0,82001,40000.0,-2472818877.4997816,,,,,,,
-21.211452943801916,-0.00019517598257412925,-5.793255634166235,4.206519811612464,0.0,57067.24819768502,160270.99206366728,32,2906,94000,0.0003,-4494021.0,19369.44921875,-0.7520477771759033,11097828491264.0,28619714.0,84001,40000.0,-2472818877.4997816,,,,,,,
-23.500170436859147,-0.019017067874099524,-9.79717825566135,12.127554760198437,0.0,335299.82730973436,617883.6803744263,32,2980,96000,0.0003,-5632927.5,17209.580078125,0.513861894607544,3301058281472.0,17296028.0,86001,40000.0,-2472818877.4997816,,,,,,,
-30.87230899620059,-0.008741653441383678,-15.09117779482845,29.81756005977846,0.0,1639114.7897351743,2516680.8165710284,32,3053,98000,0.0003,-4849587.5,16847.900390625,0.8621749877929688,6194725912576.0,23864464.0,88001,40000.0,-2472818877.4997816,,,,,,,
27.928394765853852,-0.03418839728880691,-13.156803534833161,24.247452482408004,0.0,2048591.5110833037,-1909334.0810641486,,,100000,0.0003,-3471293.5,20416.837890625,-0.1629602462053299,5750019588096.0,11434439.0,90000,,,0.0,0.0,40000.0,-43039.30799879758,256.6944103625188,0.0,0.0
,,,,,,,23,4300,100000,0.0003,-4095496.0,20413.896484375,0.5803248286247253,4929729069056.0,7343232.0,90001,40000.0,-2472818877.4997816,,,,,,,
-3.3899778766631488,-0.11502691010053,-2.564177019699405,0.9346692385614102,0.0,1446445.14057749,165725.7191898771,23,4370,102000,0.0003,-3588617.0,17487.578125,0.22753363847732544,9242763329536.0,18712114.0,92001,40000.0,-2472818877.4997816,,,,,,,
-52.50419671249389,0.022606134100064755,-15.289027863049885,34.016956633215244,0.0,3885795.021385932,6848640.953487431,23,4442,104000,0.0003,-1072097.25,19650.603515625,-1.426503300666809,60500918403072.0,17091666.0,94001,40000.0,-2472818877.4997816,,,,,,,
-39.90593261909491,0.00579433083541799,-27.912088051566535,102.6806988613909,0.0,17302458.803202964,20705994.739466634,23,4515,106000,0.0003,3457082.25,22291.697265625,-0.6493927240371704,620003829219328.0,10593497.0,96001,40000.0,-2472818877.4997816,,,,,,,
-34.73297137641907,-0.00484392063598093,-36.03015879233981,169.60622831362545,0.0,43284086.83453747,30502107.332299367,23,4589,108000,0.0003,22096098.0,26792.544921875,-0.4173945188522339,6730183688060928.0,13126568.0,98001,40000.0,-2472818877.4997816,,,,,,,
-32.5013180484772,-0.0014335942899202318,-42.665227069854254,239.41195422728208,0.0,84419177.9185245,46443781.342718355,23,4662,110000,0.0003,67346920.0,32889.9609375,0.8628681898117065,4.652194328897126e+16,122666032.0,100001,40000.0,-2472818877.4997816,,,,,,,
-5.2823471889495845,0.0010722734580392262,-44.17922185749803,257.23176990305615,0.0,104464399.94518584,-9999486.713569116,23,4736,112000,0.0003,115222752.0,41521.09765625,-0.5880305767059326,1.1271018104907366e+17,274565952.0,102001,40000.0,-2472818877.4997816,,,,,,,
21.632774642944373,0.0014790272229230825,-37.18282285473465,182.81544911357565,0.0,77261285.15410228,-33886350.946415804,23,4810,114000,0.0003,165495424.0,54343.7421875,0.44220754504203796,2.5740185681526784e+17,479269888.0,104001,40000.0,-2472818877.4997816,,,,,,,
44.467839838027984,0.004978322271771003,-23.572815957051613,75.47812264521507,0.0,53375654.05460508,-11265778.82746825,23,4883,116000,0.0003,368805056.0,71353.5703125,-2.4853310585021973,1.0426572558932378e+18,658015040.0,106001,40000.0,-2472818877.4997816,,,,,,,
56.40047368431091,0.1973415165351617,-4.965546540242457,6.381080404024925,0.0,50347029.4595906,639741.9009561283,23,4957,118000,0.0003,529977216.0,99158.0078125,-2.625427484512329,1.780094756840276e+18,507844928.0,108001,40000.0,-2472818877.4997816,,,,,,,
56.86786633682251,-0.02723470221863671,12.277922365923414,24.55701446483653,0.0,50244457.2314872,1073135.5726118058,23,5030,120000,0.0003,664518912.0,128791.7578125,0.4536541700363159,2.578728326210257e+18,991448704.0,110001,40000.0,-338921815514.5656,,,,,,,
3.3227317867279065,0.16231600014328798,0.19561038063875033,-0.9682687166425641,0.0,1151.60624113675,5.052822798256297,23,5104,122000,0.0003,697926400.0,147648.65625,2.545086145401001,3.012714636664373e+18,1167504768.0,112001,40000.0,-338921815514.5656,,,,,,,
4.778653881072991,0.3199445970038348,0.01056522118919315,-0.9288174427476772,0.0,1068.3586999701508,11.451665780091652,23,5178,124000,0.0003,807552064.0,157104.03125,0.4370048940181732,3.2699594007558226e+18,1045318080.0,114001,40000.0,-338921815514.5656,,,,,,,
4.824595657348635,0.2452740273895192,-0.06525116760171293,-0.953176122539303,0.0,1111.0990816038773,93.96719198079836,23,5250,126000,0.0003,1040270208.0,165165.578125,0.9876912832260132,5.035765454237336e+18,1083874560.0,116001,40000.0,-338921815514.5656,,,,,,,
3.9009340724945134,0.206100166006364,-0.001722500533809718,-0.9651413901531101,0.0,1131.3762944598054,58.50358739695263,24,5322,128000,0.0003,889829888.0,173685.671875,0.3470478653907776,4.265060579724493e+18,997724160.0,118001,40000.0,-338921815514.5656,,,,,,,
2.481074621200557,0.16456645033588135,-0.06394142144999626,-0.9722043425670206,0.0,1145.066895993729,113.74468973259002,24,5394,130000,0.0003,846076480.0,178823.125,1.7899677753448486,4.3012718956736676e+18,953703808.0,120001,40000.0,-338921815514.5656,,,,,,,
-0.6145389213562007,0.03932813781225132,-0.2807878059289708,-0.9626544255384711,0.0,1294.5423741894967,710.1468627312535,24,5466,132000,0.0003,1257171968.0,191848.109375,0.4271540939807892,3.888031170612429e+18,1448886400.0,122001,40000.0,-338921815514.5656,,,,,,,
-4.589537574768058,-0.42021442751518656,-0.33615198848925243,-0.8221274202972984,0.0,1067.587162976605,-990.1585709432737,24,5538,134000,0.0003,1155608448.0,220014.515625,0.36209022998809814,1.3740051179671388e+18,1284330240.0,124001,40000.0,-338921815514.5656,,,,,,,
-8.630968767166138,-0.6120127979692324,0.2062658165953403,-0.6598114703925846,0.0,806.6551066733655,667.5363664681639,24,5610,136000,0.0003,953770496.0,233891.53125,-0.45708784461021423,3.8873044621459456e+17,2023920896.0,126001,40000.0,-338921815514.5656,,,,,,,
-50.708608695983905,-0.04152636555602642,-9.054576789555655,14.299914628454239,0.0,511272.5668933733,2659334.893206566,24,5682,138000,0.0003,1110212480.0,224278.40625,-1.193017840385437,7.292243552459817e+17,5656404992.0,128001,40000.0,-338921815514.5656,,,,,,,
-59.6175793132782,-0.00710240020528299,-29.369266000124902,116.51689518980758,0.0,19752403.18978925,51392530.56622858,24,5755,140000,0.0003,843320832.0,195639.625,2.3717458248138428,4.05400004564353e+17,5302152192.0,130001,40000.0,-338921815514.5656,,,,,,,
-61.17767194366455,-0.00012041720054337513,-50.81171052190638,343.70700809545446,0.0,154038000.75108823,252738238.32898238,24,5827,142000,0.0003,1710882560.0,195015.953125,-0.2302655577659607,5.777569390736179e+17,5932750336.0,132001,40000.0,-338921815514.5656,,,,,,,
-60.91178679847717,0.0014855740103917859,-72.46247727206033,692.7342424440385,0.0,604818316.8112192,711515678.7902662,24,5900,144000,0.0003,2095685376.0,218213.265625,1.0039961338043213,1.3458154265373573e+18,6082899456.0,134001,40000.0,-338921815514.5656,,,,,,,
-60.36423015975952,0.00026600838619347377,-92.50506948979769,1129.9658278716213,0.0,1585475181.2846282,1456789357.4743018,24,5972,146000,0.0003,2667983616.0,228675.9375,1.0668002367019653,8.482745402431373e+18,19420256256.0,136001,40000.0,-338921815514.5656,,,,,,,
-62.261802209854125,0.00635127770228084,-109.7317288006879,1580.9672678517436,0.0,3084970587.60903,2477812491.2058177,24,6045,148000,0.0003,2754073856.0,237187.21875,0.8251246213912964,1.5060690263833838e+19,43398995968.0,138001,40000.0,-338921815514.5656,,,,,,,
-62.49731095123291,-0.0029327215846547947,-121.471717513452,1930.473508577471,0.0,4604014721.303489,3347313536.0023584,24,6118,150000,0.0003,4037397760.0,240856.890625,-2.0065174102783203,3.819835336289157e+19,48270340096.0,140001,40000.0,-338921815514.5656,,,,,,,
-62.488889759063724,0.0026263518049246862,-127.08554851749803,2117.1248478310335,0.0,5583202995.306523,3856733779.8747625,24,6191,152000,0.0003,4798038016.0,263198.375,-1.7932523488998413,1.315060239128928e+20,74988142592.0,142001,40000.0,-338921815514.5656,,,,,,,
-62.36564500236511,-0.0020756995984185962,-128.6810013491878,2173.2817781062095,0.0,5972851765.163339,4019709245.036378,24,6264,154000,0.0003,5863654400.0,289130.0,-3.85074782371521,2.0328858171420233e+20,83995607040.0,144001,40000.0,-338921815514.5656,,,,,,,
-62.08526035118103,-0.003533786178335366,-129.38226580996098,2191.757603998627,0.0,6192791723.096228,4060549881.7299223,24,6337,156000,0.0003,9993758720.0,318460.03125,-0.8141368627548218,2.6686181626662932e+20,95931875328.0,146001,40000.0,-338921815514.5656,,,,,,,
-52.69279639816284,-0.001272254493614996,-129.01885157993544,2184.1146028902413,0.0,6297806503.990291,3643781985.9173803,24,6409,158000,0.0003,10050875392.0,337963.0625,-0.3831178545951843,1.73849184268779e+20,93507977216.0,148001,40000.0,-338921815514.5656,,,,,,,
-4.266351259231567,0.003732625928004554,-123.42590055796754,1998.4450326775511,0.0,5533474650.625291,1153179222.4044058,24,6482,160000,0.0003,13030269952.0,371948.40625,2.388080596923828,4.940382644605907e+20,106477461504.0,150001,40000.0,-23826176203501.137,,,,,,,
13.599239633560172,0.14921905525296233,1.5529781671564056,-0.2409377395169259,0.0,2155.4077933958547,3663.250534518171,24,6554,162000,0.0003,16473719808.0,377544.96875,1.909254550933838,6.820069020642459e+20,123431919616.0,152001,40000.0,-23826176203501.137,,,,,,,
28.80177791404725,0.06530506582937759,4.548938492990212,3.913855237920096,0.0,47128.03801339933,176690.10513493908,24,6627,164000,0.0003,12225254400.0,397658.4375,-3.135014057159424,4.819317090529166e+20,134148194304.0,154001,40000.0,-23826176203501.137,,,,,,,
49.869807695388715,-0.00663757341448065,15.163316098307062,33.644619305135734,0.0,1914806.0144556498,6024569.273932875,24,6699,166000,0.0003,20787935232.0,400819.34375,-1.4791971445083618,8.85073998156149e+20,137753182208.0,156001,40000.0,-23826176203501.137,,,,,,,
58.88142244720459,-0.014738805010643483,32.56296365522019,143.61617615821,0.0,29060526.67836089,66366488.11982608,24,6771,168000,0.0003,13056651264.0,375697.75,-0.19106489419937134,4.152760068461591e+20,137363169280.0,158001,40000.0,-23826176203501.137,,,,,,,
14.046265810012784,0.0039924160066862405,49.80470571684312,329.22411978554806,0.0,136777289.29099724,80877366.9032312,24,6844,170000,0.0003,19709736960.0,336753.0625,-0.022065192461013794,6.454435136957642e+20,152244256768.0,160001,40000.0,-23826176203501.137,,,,,,,
-49.89088960647581,-0.002897174925824582,45.38351556607572,273.82409770044626,0.0,104414353.92430386,-98614074.08968845,24,6916,172000,0.0003,17554894848.0,373587.25,1.6575443744659424,1.0835113938311153e+21,158789828608.0,162001,40000.0,-23826176203501.137,,,,,,,
-62.099339714050295,0.0009436150239403247,26.016996060884782,95.33561278897365,0.0,30939991.336501896,-33554363.631110452,24,6988,174000,0.0003,16518217728.0,463402.125,-0.10444845259189606,8.181405153317502e+20,155382038528.0,164001,40000.0,-23826176203501.137,,,,,,,
-56.108542367935165,-0.027347272656841025,5.177227248984077,9.304924842349553,0.0,20947099.695055902,-29929.623493594303,24,7059,176000,0.0003,22095433728.0,508846.25,1.3123571872711182,1.1896877660647929e+21,177577508864.0,166001,40000.0,-23826176203501.137,,,,,,,
2.07008609962463,-0.00870295835217152,-1.678027422971203,3.0856651547249663,0.0,20504519.61572597,-428934.70451597706,24,7131,178000,0.0003,21110226944.0,571713.0625,1.2461084127426147,4.379398090209477e+20,123015700480.0,168001,40000.0,-23826176203501.137,,,,,,,
29.138182699203465,0.19459858747206313,2.9547710947079042,2.280947673453012,0.0,20796112.67104874,698548.4483050971,24,7203,180000,0.0003,14798984192.0,638624.625,-0.48426079750061035,2.6996426864430626e+20,108363309056.0,170001,40000.0,-23826176203501.137,,,,,,,
61.342648920059204,0.47900780080461547,-0.005126079024331495,2.00677476620322,0.0,21132706.4930396,-2851.3816688865218,25,7275,182000,0.0003,18127540224.0,710881.6875,-2.97029447555542,3.5039525065816696e+20,89660211200.0,172001,40000.0,-23826176203501.137,,,,,,,
35.82858912086488,0.22525952319237988,2.3609393377305614,2.4908302948143337,0.0,21290975.35657773,555809.8418416114,25,7347,184000,0.0003,20373639168.0,786959.875,0.1871744990348816,8.492978249287829e+20,179635486720.0,174001,40000.0,-23826176203501.137,,,,,,,
29.79176539993283,0.18633540104994378,4.60106423717943,4.498659956738596,0.0,22339022.673086084,1133961.0925997456,25,7419,186000,0.0003,22437064704.0,853290.6875,1.2007744312286377,1.0858047815726095e+21,186801520640.0,176001,40000.0,-23826176203501.137,,,,,,,
20.393034778595005,-0.03285672442134817,5.7916483661383324,6.278319675313792,0.0,23590576.319367792,1446213.530112678,25,7492,188000,0.0003,26549991424.0,913587.0,1.5715011358261108,9.938077816594754e+20,196703551488.0,178001,40000.0,-23826176203501.137,,,,,,,
25.050012834548944,0.04852919468757686,5.591836543841103,6.733798727428459,0.0,25060421.379807446,1466333.4935870932,25,7564,190000,0.0003,22286444544.0,992334.5,1.5798776149749756,7.952841842728915e+20,200061992960.0,180001,40000.0,-23826176203501.137,,,,,,,
20.56154047584535,0.060258883794136284,6.6095701357315075,7.620205694925705,0.0,26667107.020965785,1746343.5232676927,25,7636,192000,0.0003,18047033344.0,1068526.5,-1.6832331418991089,5.8180121222092685e+20,208400613376.0,182001,40000.0,-23826176203501.137,,,,,,,
20.164269535064737,0.008400987247598914,7.3863313275976905,10.419573524151414,0.0,28524812.922458544,2120792.9346052874,25,7708,194000,0.0003,22873436160.0,1141489.5,1.1923415660858154,1.5687408285268018e+21,215265017856.0,184001,40000.0,-23826176203501.137,,,,,,,
23.890500841140764,0.04085272502785192,7.769455736515617,12.549100154572725,0.0,30707544.606998578,2226395.601966693,25,7780,196000,0.0003,28915355648.0,1205456.5,-0.8401448726654053,7.310109214533852e+20,184937316352.0,186001,40000.0,-23826176203501.137,,,,,,,
20.6669864711762,0.027707398590272395,9.455269880535067,16.839263713172098,0.0,33322488.647958808,3062025.4398499075,25,7852,198000,0.0003,26569324544.0,1271939.125,0.3133102357387543,4.823803801657934e+20,197175017472.0,188001,40000.0,-23826176203501.137,,,,,,,
23.36981737327575,0.007119160640385911,12.160673322676995,29.677331795256713,0.0,37237798.709662676,4975668.81426212,,,200000,0.0003,22499827712.0,1321399.625,-0.2407606840133667,1.5709160671468218e+21,220943237120.0,190000,,,0.0,0.0,40000.0,-85748.31962044798,114367.02953786823,0.0,0.0
,,,,,,,21,9102,200000,0.0003,25378375680.0,1321257.25,-2.2155017852783203,1.1682780756487386e+21,211758891008.0,190001,40000.0,-19319882023554.89,,,,,,,
11.27401511764527,0.26835061689450224,0.8328056708224542,-0.6108877367179903,0.0,953.8181082961909,-192.52637063345102,22,9172,202000,0.0003,32532041728.0,1376190.25,0.843039870262146,1.465916330684539e+21,228112351232.0,192001,40000.0,-19319882023554.89,,,,,,,
3.299934377670287,-0.06311591472958561,0.7922947495956272,-0.08509710152931074,0.0,1478.423609584597,997.7720274690914,22,9242,204000,0.0003,27154425856.0,1425054.5,0.5354033708572388,1.870924763698991e+21,232010809344.0,194001,40000.0,-19319882023554.89,,,,,,,
39.772692386627206,0.559408856656756,0.03513918992727977,0.4340023099956818,0.0,2352.372805382134,86.34016206249312,22,9313,206000,0.0003,33265160192.0,1437848.5,0.30377843976020813,1.214164267089598e+21,199702167552.0,196001,40000.0,-19319882023554.89,,,,,,,
39.98542017745981,0.6380843987712674,0.12257066682284062,0.34912164132932877,0.0,2430.23570083502,397.29155429807275,22,9383,208000,0.0003,25055950848.0,1480128.875,0.5234167575836182,6.58212203801778e+20,176452960256.0,198001,40000.0,-19319882023554.89,,,,,,,
21.84310122680661,0.30637379416755833,1.7160131055733527,0.5816706641942757,0.0,6587.929795167534,18701.93929153545,22,9455,210000,0.0003,28573958144.0,1522561.5,-1.0761439800262451,7.964903749168409e+20,231611138048.0,200001,40000.0,-19319882023554.89,,,,,,,
40.24325045967093,-0.046789508111251134,11.474891031667086,19.359735226885377,0.0,792518.9365842177,3577203.31659495,22,9527,212000,0.0003,30438621184.0,1552677.25,-0.28949761390686035,2.2993241894905635e+21,242112167936.0,202001,40000.0,-19319882023554.89,,,,,,,
49.82772313690184,0.005860080867852046,29.28661083334033,114.68730982231563,0.0,18660075.69282616,41324266.52011158,22,9599,214000,0.0003,26614054912.0,1603081.75,1.0432524681091309,6.294475722442743e+20,215087972352.0,204001,40000.0,-19319882023554.89,,,,,,,
33.61535774040217,0.0013175353099489943,45.745997544307365,278.21013274339725,0.0,99683502.23036335,107970238.00827944,22,9671,216000,0.0003,30174967808.0,1643881.125,0.3834613263607025,1.562914577983868e+21,237768687616.0,206001,40000.0,-19319882023554.89,,,,,,,
-31.59152386856079,-0.006797193253712907,49.7751242164303,324.32678738472106,0.0,137191041.8454118,-59769599.842576064,22,9743,218000,0.0003,30455599104.0,1686648.5,1.2072489261627197,1.9118557289123477e+21,248817369088.0,208001,40000.0,-19319882023554.89,,,,,,,
-42.01146557807921,0.007083644331772178,34.84709563806931,161.58945647145708,0.0,50692011.81071458,-61146613.79121495,22,9815,220000,0.0003,25377073152.0,1746251.5,1.1905826330184937,9.22460137881556e+20,180126302208.0,210001,40000.0,-19319882023554.89,,,,,,,
3.0032590084075923,-0.004163132755858104,25.71852753724084,86.1153802312929,0.0,31904787.34190425,1689053.107160117,22,9887,222000,0.0003,28955623424.0,1799169.75,-2.203183889389038,7.9067798701651e+20,241104060416.0,212001,40000.0,-19319882023554.89,,,,,,,
14.14200564193726,0.00869426757414684,24.930719952218507,81.24152106843219,0.0,37306753.83223349,7967476.3931132285,22,9959,224000,0.0003,30302832640.0,1853748.125,-0.8101242780685425,1.7898982510031547e+21,240202055680.0,214001,40000.0,-19319882023554.89,,,,,,,
14.87508910560608,0.006685658912571144,26.15184826657444,89.53326844144053,0.0,46442510.984973975,10399298.615807233,22,10031,226000,0.0003,24770996224.0,1876585.375,-0.05392801761627197,1.881960271635909e+21,250675871744.0,216001,40000.0,-19319882023554.89,,,,,,,
14.301033935546876,-0.0092282841430627,27.86075885001141,102.24450914737959,0.0,58179210.19339361,12950292.801535612,22,10103,228000,0.0003,29205198848.0,1895496.5,1.8057152032852173,1.1026148190254908e+21,241137106944.0,218001,40000.0,-19319882023554.89,,,,,,,
11.448989095687862,0.00825023476665133,29.640102508096092,113.71652914599142,0.0,71542629.87147252,13664936.554738011,22,10175,230000,0.0003,33031245824.0,1909086.375,0.39220836758613586,1.0784440701941375e+21,230885261312.0,220001,40000.0,-19319882023554.89,,,,,,,
3.871809144973758,-0.0029655820388925385,30.06923863301519,117.9574303147649,0.0,84615546.98961182,11662903.637465868,22,10248,232000,0.0003,38754070528.0,1924655.875,-1.6511430740356445,1.5761205394662018e+21,244038680576.0,222001,40000.0,-19319882023554.89,,,,,,,
-3.9068327312469475,-0.002275003976563756,28.68048489194746,107.33651865354399,0.0,94560067.69937699,9573072.616897715,22,10320,234000,0.0003,32623560704.0,1923463.25,-1.7155855894088745,8.676979848938468e+20,245874032640.0,224001,40000.0,-19319882023554.89,,,,,,,
2.206286476135254,0.00703803529992649,27.70041470946943,100.78093001441977,0.0,106116449.23970556,15055820.140885245,22,10392,236000,0.0003,38089211904.0,1896923.25,-0.8881988525390625,7.462387176934316e+20,226288336896.0,226001,40000.0,-19319882023554.89,,,,,,,
8.441872961044314,0.002182422083504022,30.172563135016016,119.08785630401671,0.0,125731406.5039757,21883281.855328977,22,10464,238000,0.0003,36831465472.0,1872236.25,-1.8081358671188354,2.003118923561197e+21,247080566784.0,228001,40000.0,-19319882023554.89,,,,,,,
8.966443944931031,-0.009407339125986918,32.52989878867491,137.64943331529923,0.0,148684280.15404546,25860945.45596044,22,10536,240000,0.0003,48932954112.0,1871186.625,-1.1110676527023315,2.2272684250399842e+21,249605079040.0,230001,40000.0,-16486875474951.953,,,,,,,
6.476222736358641,0.3325390296913074,0.4116389961997599,-0.9047108773072519,0.0,1096.3233475384209,-266.2543590683823,22,10608,242000,0.0003,32050724864.0,1867533.75,1.7970521450042725,1.4549472508421247e+21,240561963008.0,232001,40000.0,-16486875474951.953,,,,,,,
8.371044675827026,0.4146129155094151,0.3695044290587699,-0.6046354867016067,0.0,729.3655358604257,-105.35253028822193,22,10681,244000,0.0003,39905714176.0,1870678.125,-1.7759603261947632,1.1320058027749199e+21,222980931584.0,234001,40000.0,-16486875474951.953,,,,,,,
-14.585992794036866,-0.6930156879075843,0.11934521739119244,-0.6595440298026191,0.0,1062.949165132381,313.272489787142,22,10753,246000,0.0003,35380453376.0,1839873.0,0.21297860145568848,8.581475389340543e+20,214930604032.0,236001,40000.0,-16486875474951.953,,,,,,,
-8.409775991439819,-0.8196057639292703,-0.12495457262872968,-0.5649483545913586,0.0,818.0997308198724,-369.1896415949021,22,10825,248000,0.0003,38230892544.0,1853956.75,-2.3259365558624268,1.223247464588051e+21,230108233728.0,238001,40000.0,-16486875474951.953,,,,,,,
-2.5743104362487785,-0.7844710934083771,0.1454904565490033,-0.5201425984835215,0.0,783.0036005233585,273.36720202787797,22,10897,250000,0.0003,36573093888.0,1835908.375,-0.3336320221424103,1.0253884296214809e+21,205610860544.0,240001,40000.0,-16486875474951.953,,,,,,,
-13.302364587783837,-0.7218266678350536,-0.157387589711585,-0.5594461066719949,0.0,892.5421308045886,-357.88984617459846,22,10969,252000,0.0003,40379527168.0,1863360.125,-1.038169503211975,2.0191348497360334e+21,244675379200.0,242001,40000.0,-16486875474951.953,,,,,,,
31.09032036972045,-0.27657651311141657,4.911273015262415,4.264924621035928,0.0,78728.01033359356,558169.3313152697,23,11042,254000,0.0003,31971817472.0,1851047.125,1.2162121534347534,1.315911841670966e+21,246606479360.0,244001,40000.0,-16486875474951.953,,,,,,,
48.18102861595151,0.0088994525111904,20.83375637044489,59.71429415509568,0.0,5540161.235668075,15672087.137579566,23,11115,256000,0.0003,37086216192.0,1893958.75,-3.2282793521881104,1.5688127453833514e+21,208297017344.0,246001,40000.0,-16486875474951.953,,,,,,,
47.69097532081607,-0.0029634358301066028,37.84825856020478,191.49810702476015,0.0,48834708.46259733,85477550.381848,23,11187,258000,0.0003,44499558400.0,1925783.25,0.17981936037540436,1.8131827055015903e+21,246962536448.0,248001,40000.0,-16486875474951.953,,,,,,,
48.20784446525571,0.0037436847081862355,55.4035963229406,404.1054299945813,0.0,209239549.55483785,253611358.10274807,23,11260,260000,0.0003,32896329728.0,1962015.625,0.8085300922393799,9.167181187254028e+20,186143014912.0,250001,40000.0,-16486875474951.953,,,,,,,
5.199695726394649,5.1832798513631595e-05,68.53624396582536,615.8287087697204,0.0,473704328.17979515,150903212.29114583,23,11332,262000,0.0003,31325247488.0,2019066.0,-0.8805540800094604,5.193693586990616e+20,165370626048.0,252001,40000.0,-16486875474951.953,,,,,,,
-42.540181009292716,0.004487830002891285,64.49187597189882,546.6659394354682,0.0,395756712.3145301,-215792561.77116442,23,11404,264000,0.0003,28680189952.0,2096779.125,0.10303298383951187,8.44390449447321e+20,211143163904.0,254001,40000.0,-16486875474951.953,,,,,,,
-47.37693061256409,-0.0054072256767452994,49.129937165693995,318.82911758744194,0.0,178596591.68853334,-162256332.2471393,23,11477,266000,0.0003,35734622208.0,2171782.25,-0.42753300070762634,1.1430180890262593e+21,222664163328.0,256001,40000.0,-16486875474951.953,,,,,,,
-37.2931364917756,-0.001818639850648454,32.85252516324573,143.45179658614788,0.0,92567007.08721864,-32790127.722764194,23,11549,268000,0.0003,40598052864.0,2219575.0,-2.3758795261383057,1.155798601081295e+21,231844577280.0,258001,40000.0,-16486875474951.953,,,,,,,
6.828567472457888,0.013334662372764707,25.000523106376917,82.0676752833178,0.0,85971873.36618383,9239335.042392079,23,11623,270000,0.0003,37204242432.0,2273969.0,-1.7087057828903198,3.084945337812978e+20,98805211136.0,260001,40000.0,-16486875474951.953,,,,,,,
15.546747789382911,-0.013879437978793922,25.484584098004223,84.32099548488993,0.0,98026086.91819061,14076237.209208803,23,11696,272000,0.0003,43614781440.0,2307004.75,0.10327544808387756,6.712194439505542e+20,182681632768.0,262001,40000.0,-16486875474951.953,,,,,,,
19.056988950729384,0.011324276904570251,26.73973701448585,94.04990230935536,0.0,113082291.73940615,16517381.348136209,23,11770,274000,0.0003,45355474944.0,2363266.25,1.0353994369506836,1.315960536841937e+21,226234662912.0,264001,40000.0,-16486875474951.953,,,,,,,
18.044192377090447,0.0042622613176357006,28.698228765537575,107.30144985436961,0.0,131064214.19909607,19217641.264229678,23,11844,276000,0.0003,46412115968.0,2426542.0,-1.2607845067977905,9.130973653624852e+20,239329951744.0,266001,40000.0,-16486875474951.953,,,,,,,
19.78577635765074,-0.005977935279943079,30.52435451261848,122.2710437346012,0.0,152042459.68400514,23459104.013660144,23,11918,278000,0.0003,34530103296.0,2475026.5,1.061422348022461,1.0173890515208524e+21,206812790784.0,268001,40000.0,-16486875474951.953,,,,,,,
20.10005509376526,0.003796744794889626,32.833362657910875,140.94821038023815,0.0,177257062.7149148,27327580.142859846,23,11992,280000,0.0003,50719830016.0,2524032.25,0.7446247339248657,2.0355935360492356e+21,222087790592.0,270001,40000.0,-14766845605439.4,,,,,,,
5.201223638534542,0.27964227725648105,0.30800242552851587,-0.9345741714555867,0.0,1121.5687329861946,-164.04773873254754,23,12065,282000,0.0003,55698837504.0,2583841.25,0.18157106637954712,1.857176962886489e+21,230104629248.0,272001,40000.0,-14766845605439.4,,,,,,,
7.1991253414154075,0.4995108693819211,0.040143157195466975,-0.8533571781023305,0.0,951.3620864023937,-41.39241847834778,23,12139,284000,0.0003,43856752640.0,2585801.0,-0.717864453792572,1.222012915340198e+21,228496146432.0,274001,40000.0,-14766845605439.4,,,,,,,
8.710718301773055,0.4985377672127501,0.0011573017318280722,-0.8548059179152546,0.0,952.5796194162963,0.8328666852100102,23,12213,286000,0.0003,39411646464.0,2627984.5,0.7425233125686646,4.2456665140244775e+20,172867796992.0,276001,40000.0,-14766845605439.4,,,,,,,
8.514544408798233,0.5440026526238096,0.0367263113097884,-0.8287239457818174,0.0,914.8606068925275,-42.47695828474587,23,12286,288000,0.0003,37514014720.0,2694262.0,-0.14860749244689941,8.531793648576228e+20,231483981824.0,278001,40000.0,-14766845605439.4,,,,,,,
8.091648128509513,0.527048744821063,-0.05288725151367144,-0.8363268112130631,0.0,925.2808053874412,59.53614462310555,23,12360,290000,0.0003,43975417856.0,2684300.75,-0.5323896408081055,7.017323165884078e+20,164345331712.0,280001,40000.0,-14766845605439.4,,,,,,,
9.064780557632462,0.4994620590636801,0.036252566536088826,-0.8508430749830105,0.0,945.5983155377446,-41.766592500237174,23,12434,292000,0.0003,49459724288.0,2697725.25,-2.2105586528778076,1.866220190938249e+21,203700748288.0,282001,40000.0,-14766845605439.4,,,,,,,
7.501438108444216,0.5552065057534578,-0.007342105184341725,-0.8185382042476139,0.0,898.5455632884655,5.1691692110509715,23,12508,294000,0.0003,40373964800.0,2743450.75,-1.4948720932006836,1.2419789206007033e+21,212074807296.0,284001,40000.0,-14766845605439.4,,,,,,,
8.786476480484005,0.4820506708537161,-0.039260397906348735,-0.8564202138734889,0.0,952.312681426287,48.16098547058983,23,12582,296000,0.0003,36187914240.0,2757854.75,-1.435072660446167,1.7877209365051815e+20,101365137408.0,286001,40000.0,-14766845605439.4,,,,,,,
8.552537019729597,0.521035126764714,0.06358519766780146,-0.8339770986276132,0.0,919.2832595021636,-74.59614568747664,23,12656,298000,0.0003,39365771264.0,2809254.5,-1.2368943691253662,4.614259403401965e+20,195566534656.0,288001,40000.0,-14766845605439.4,,,,,,,
7.653907537460325,0.5252718882682134,-0.06785567244927489,-0.828660842030696,0.0,910.4970708057938,73.27272486194659,,,300000,0.0003,39973810176.0,2849746.25,-1.1381837129592896,3.391551455975524e+20,103106732032.0,290000,,,0.0,0.0,40000.0,-49413129.62282288,232541933.08073017,0.0,0.0
,,,,,,,21,13919,300000,0.0003,44248399872.0,2849499.0,0.3143509030342102,5.660893142053101e+20,143187623936.0,290001,40000.0,-14766845605439.4,,,,,,,
8.892331859588609,0.4627636630982923,0.02761545757410376,-0.8616249752265461,0.0,957.516384869025,-30.249657292603363,21,13989,302000,0.0003,36863299584.0,2808574.0,0.33421915769577026,8.023153940067516e+19,72695750656.0,292001,40000.0,-14766845605439.4,,,,,,,
7.458362165451053,0.5496459942011395,0.022894004893601872,-0.8111161876888179,0.0,883.1827241768236,-34.41006334831066,21,14061,304000,0.0003,46281060352.0,2843662.25,0.30060121417045593,5.0752056400131024e+20,124316655616.0,294001,40000.0,-14766845605439.4,,,,,,,
8.416561983108524,0.46964744137840503,-0.07218860311242585,-0.8497121401676208,0.0,936.8530920651469,83.49971683232785,21,14133,306000,0.0003,50417115136.0,2832162.75,0.7497621774673462,4.436215221633407e+20,127367716864.0,296001,40000.0,-14766845605439.4,,,,,,,
9.122061161041255,0.49083805084762905,0.0890655654356649,-0.8365480911738602,0.0,917.40141833332,-107.87662900537164,21,14205,308000,0.0003,44924305408.0,2861740.25,-1.3287876844406128,8.218950396773495e+20,193330102272.0,298001,40000.0,-14766845605439.4,,,,,,,
6.677564769744877,0.5392459307832012,-0.0698886677232756,-0.8035653026697817,0.0,867.3125183049016,66.04622833654811,21,14277,310000,0.0003,30962114560.0,2905226.5,1.7563972473144531,5.149432702434028e+20,173848428544.0,300001,40000.0,-14766845605439.4,,,,,,,
8.785298748016363,0.42836129901259395,-0.002713292201137745,-0.8609099192689582,0.0,947.4412281154978,10.548202610142784,21,14350,312000,0.0003,31961370624.0,2933275.25,2.462179660797119,3.897215446214823e+19,39862697984.0,302001,40000.0,-14766845605439.4,,,,,,,
8.011773906707784,0.5399394223018128,0.08142606212728268,-0.7944679057188744,0.0,851.0117743839452,-105.65098657849262,21,14423,314000,0.0003,42510819328.0,2984122.75,0.5275151133537292,6.685088399248306e+20,167101071360.0,304001,40000.0,-14766845605439.4,,,,,,,
7.812841072082517,0.48149288516662875,-0.12181405479395548,-0.8150521527231935,0.0,875.7077561399673,125.3556901509045,21,14497,316000,0.0003,40675209216.0,3009119.75,1.7313724756240845,2.006745763820486e+20,104626692096.0,306001,40000.0,-14766845605439.4,,,,,,,
9.149428461074828,0.44137360776863777,0.09045654274641385,-0.8365828853157546,0.0,904.6335077163435,-112.33513442281803,21,14570,318000,0.0003,44589801472.0,3040858.5,-0.024829551577568054,8.451428320600685e+20,194734424064.0,308001,40000.0,-14766845605439.4,,,,,,,
5.950767864227295,0.5679266663855171,-0.016946658443427152,-0.751864740969644,0.0,781.8587706509056,-17.46803072339704,21,14644,320000,0.0003,38231887872.0,3109970.5,-0.3640921115875244,4.067596999508015e+20,145780162560.0,310001,40000.0,-12920994485972.807,,,,,,,
5.157191305160519,0.29620039086654737,0.28908665073988177,-0.9345931828020623,0.0,1132.0623971800949,-148.5591103520667,21,14717,322000,0.0003,44310097920.0,3161808.75,0.6465475559234619,9.088435747769454e+20,185618612224.0,312001,40000.0,-12920994485972.807,,,,,,,
7.304844905853272,0.4594808128291705,0.03613330130353892,-0.8789559962545934,0.0,992.1936120221469,-37.34904704669226,21,14791,324000,0.0003,39851892736.0,3220568.0,3.14267897605896,7.464890896852158e+20,178574868480.0,314001,40000.0,-12920994485972.807,,,,,,,
7.650936027526854,0.46194341973095815,-0.015765277404024735,-0.878044827580959,0.0,990.1951380117944,20.0399671351846,21,14864,326000,0.0003,37974573056.0,3223631.75,-1.005061149597168,1.3357143451543745e+20,71338409984.0,316001,40000.0,-12920994485972.807,,,,,,,
8.025758230209371,0.4646075475147426,0.0214380009557215,-0.8765169747377,0.0,987.8367695882249,-21.938697542030464,21,14938,328000,0.0003,43692933120.0,3253249.5,-0.6549180746078491,5.6912656994150646e+20,156067921920.0,318001,40000.0,-12920994485972.807,,,,,,,
7.480334878921509,0.47988705498665307,-0.014170476894076692,-0.8686055323905132,0.0,975.5785210907122,17.104649483362365,21,15012,330000,0.0003,42040377344.0,3296523.5,0.3544105887413025,3.922049807488144e+20,124655001600.0,320001,40000.0,-12920994485972.807,,,,,,,
7.9402853202819825,0.44959746846220616,-0.006828020672413257,-0.883419960058888,0.0,998.1680576379354,10.753823809661766,22,15086,332000,0.0003,39146143744.0,3404905.0,1.5358306169509888,2.066930567418898e+20,107058102272.0,322001,40000.0,-12920994485972.807,,,,,,,
7.639331199645996,0.4742966133721471,0.021064748307994402,-0.8708359298166843,0.0,978.7242893879052,-22.00256932397002,22,15160,334000,0.0003,43144208384.0,3434697.5,1.6401561498641968,7.070890228897232e+19,60034158592.0,324001,40000.0,-12920994485972.807,,,,,,,
7.596609642028808,0.4633123815882493,-0.027517221877087716,-0.875872411867607,0.0,986.2553115285874,32.280733932541416,22,15234,336000,0.0003,36850925568.0,3459237.0,0.64979487657547,3.2969245385979593e+19,48232144896.0,326001,40000.0,-12920994485972.807,,,,,,,
7.948104425430292,0.4516409486737044,0.021589862333375984,-0.8814176834000125,0.0,994.6724213023185,-21.995880959507428,22,15308,338000,0.0003,32988104704.0,3525194.25,1.5883655548095703,4.954641463238627e+20,120274796544.0,328001,40000.0,-12920994485972.807,,,,,,,
7.3928210620880135,0.48068023337254173,-0.006244859708154118,-0.8665357314582927,0.0,971.5305139591178,7.737361425927597,22,15381,340000,0.0003,37821333504.0,3554140.75,0.2739289104938507,3.592501015817633e+20,147267371008.0,330001,40000.0,-12920994485972.807,,,,,,,
7.832036327362062,0.44340936604568065,-0.01647595390379525,-0.8843675016187971,0.0,998.7237299905087,20.86997544644919,22,15455,342000,0.0003,36155875328.0,3619549.25,2.0970146656036377,2.7557534915973087e+20,138827743232.0,332001,40000.0,-12920994485972.807,,,,,,,
7.752817575454708,0.4647176965803887,0.030288224709174926,-0.8734206858106577,0.0,981.6256420826136,-32.52173236435472,22,15530,344000,0.0003,43646386176.0,3650307.5,0.8753491640090942,3.03748795305212e+20,114410037248.0,334001,40000.0,-12920994485972.807,,,,,,,
7.281264348983765,0.4644970895433028,-0.03547476686303271,-0.8727386855787576,0.0,980.3120871514632,39.82028109308078,22,15604,346000,0.0003,47491076096.0,3767758.0,-0.9177837371826172,7.103640282242168e+20,160252739584.0,336001,40000.0,-12920994485972.807,,,,,,,
7.969422632217404,0.43652583299071634,0.018059739653685822,-0.8860063899263403,0.0,1000.4834832167826,-18.408579076601473,22,15678,348000,0.0003,49343557632.0,3756048.0,-1.5599427223205566,3.4288993151040985e+20,118729261056.0,338001,40000.0,-12920994485972.807,,,,,,,
7.3583017730712905,0.476963564076928,0.006842551024787945,-0.865343775770202,0.0,968.060703754417,-7.335458743078366,22,15752,350000,0.0003,50353901568.0,3781029.5,-2.2418372631073,1.2899908462500538e+20,82135490560.0,340001,40000.0,-12920994485972.807,,,,,,,
7.657343246459961,0.4401816394111566,-0.028426749959912432,-0.882303018040823,0.0,993.724212055124,32.8789631980906,22,15826,352000,0.0003,50605760512.0,3876471.5,0.4822913706302643,2.1694407632652914e+20,99085197312.0,342001,40000.0,-12920994485972.807,,,,,,,
8.001109283447262,0.45376207807300845,0.03744725581308292,-0.8750039833637672,0.0,982.152683178514,-41.29479746500649,22,15900,354000,0.0003,50747817984.0,3877636.25,-2.112778902053833,3.494842568960429e+20,130156494848.0,344001,40000.0,-12920994485972.807,,,,,,,
7.113370239257812,0.46873451516957576,-0.03528236995885838,-0.8662584605970605,0.0,968.2372138942154,37.086282306035656,22,15974,356000,0.0003,35793305600.0,3941736.25,1.8056581020355225,2.4982807657600726e+20,92794880000.0,346001,40000.0,-12920994485972.807,,,,,,,
7.846194135665893,0.4238419263754199,0.006390220762822727,-0.8873105013265138,0.0,999.9071937102011,-4.2467727392167385,22,16047,358000,0.0003,51911876608.0,4001141.5,-1.9971160888671875,3.9470588591688856e+20,129451597824.0,348001,40000.0,-12920994485972.807,,,,,,,
7.484631212234486,0.4731109327634843,0.02752148974957688,-0.8619025630935468,0.0,960.2515805313298,-31.72237154187355,22,16121,360000,0.0003,40427859968.0,4053838.25,1.3128440380096436,2.3589849570510845e+20,129134886912.0,350001,40000.0,-11485332829765.754,,,,,,,
5.216206708908081,0.3096601236800536,0.27697684604907413,-0.9232144360945534,0.0,1120.7966108013527,-120.27565729906833,22,16193,362000,0.0003,47579836416.0,4138048.75,-0.9753893613815308,2.6749532847827478e+20,114655272960.0,352001,40000.0,-11485332829765.754,,,,,,,
7.665262498855591,0.4401713973968866,0.04753510464225386,-0.8821635938745228,0.0,993.9170565200956,-52.44645220093499,22,16266,364000,0.0003,49525223424.0,4206269.0,-2.8321070671081543,2.756432022213042e+20,91627700224.0,354001,40000.0,-11485332829765.754,,,,,,,
6.859383031845091,0.45852949637353474,-0.034363841122682044,-0.8721293378489737,0.0,977.5146335904678,36.50823630982172,22,16339,366000,0.0003,48033153024.0,4280420.5,-0.402338445186615,4.233416019350588e+20,123629461504.0,356001,40000.0,-11485332829765.754,,,,,,,
7.823287027359009,0.4145499804134702,0.005503345155655707,-0.8924281034248647,0.0,1008.4859460795145,-3.5944993523130715,22,16412,368000,0.0003,74128801792.0,4305788.0,-0.699191153049469,4.445605930543916e+20,132528889856.0,358001,40000.0,-11485332829765.754,,,,,,,
7.320411170959471,0.46232136541851704,0.02578806936741141,-0.8682613142360874,0.0,970.3198299104687,-29.192862585495593,22,16485,370000,0.0003,55762034688.0,4375801.5,-0.6973898410797119,4.17603312322347e+20,110652727296.0,360001,40000.0,-11485332829765.754,,,,,,,
7.244021556854248,0.4308748705127126,-0.04436273541410383,-0.8814757164603431,0.0,990.0722005183655,47.745124091909204,22,16558,372000,0.0003,42529124352.0,4443333.0,2.257693290710449,2.890568570520784e+20,109744586752.0,362001,40000.0,-11485332829765.754,,,,,,,
7.988048398971562,0.42724205205790905,0.04243081017404024,-0.88242535548997,0.0,991.0984650968654,-47.016525132890806,22,16631,374000,0.0003,42807300096.0,4503772.5,0.2117500901222229,1.2850484975027356e+20,60926885888.0,364001,40000.0,-11485332829765.754,,,,,,,
6.672018312454223,0.46997898968790774,-0.02227059787035762,-0.8595865306890249,0.0,954.9237789554038,20.630640632079395,22,16704,376000,0.0003,60280885248.0,4540248.0,0.09387437999248505,3.022640148030633e+20,91507048448.0,366001,40000.0,-11485332829765.754,,,,,,,
7.807584218978882,0.4079291444924139,-0.013853335001211697,-0.887471297446084,0.0,996.5686593693398,16.965460894449603,22,16776,378000,0.0003,58666672128.0,4641033.5,1.3982948064804077,1.692208560423536e+20,73885220864.0,368001,40000.0,-11485332829765.754,,,,,,,
7.7450043754577695,0.4546036899143922,0.04817098240541696,-0.8632546851486866,0.0,958.540149842432,-55.27283338859391,22,16849,380000,0.0003,38942408704.0,4643008.0,1.4832960367202759,1.1139057303194016e+20,95256453120.0,370001,40000.0,-11485332829765.754,,,,,,,
6.8406930446624745,0.43828194834045164,-0.06626448324346447,-0.8671002298003124,0.0,963.0559401952164,65.71256412866578,22,16922,382000,0.0003,36606758912.0,4749058.5,-0.9556335210800171,3.2331447278009057e+19,44924690432.0,372001,40000.0,-11485332829765.754,,,,,,,
7.992258516311641,0.41027946161803597,0.04466945108831096,-0.8790656799026619,0.0,979.839798628087,-49.60020644638385,22,16995,384000,0.0003,60601278464.0,4822718.5,-2.3059589862823486,3.9172876027259204e+20,134522281984.0,374001,40000.0,-11485332829765.754,,,,,,,
6.785612281799324,0.4790716280083054,0.0017391634771730328,-0.8415907379306405,0.0,921.1300368232322,-11.638483057714263,22,17068,386000,0.0003,42864861184.0,4953054.0,0.7145786285400391,8.438580219366867e+19,59940679680.0,376001,40000.0,-11485332829765.754,,,,,,,
7.649873649597167,0.3998260542889236,-0.04789880868200039,-0.8745699086493286,0.0,968.654573924312,50.681086617870704,22,17140,388000,0.0003,52562931712.0,5025275.0,-0.7239664196968079,2.340491171471892e+20,92090638336.0,378001,40000.0,-11485332829765.754,,,,,,,
8.317814134597771,0.4386588636289198,0.07541478919440871,-0.8535217754489056,0.0,935.7432310139299,-89.94174251561711,22,17213,390000,0.0003,50082275328.0,5083808.5,0.3254646956920624,3.135010588233061e+20,134926204928.0,380001,40000.0,-11485332829765.754,,,,,,,
6.071590669631948,0.46340007168733277,-0.07342748180580794,-0.8335576455786508,0.0,902.9349201891515,63.91277717894161,22,17286,392000,0.0003,46239956992.0,5121878.5,-0.9876964688301086,1.877231562395914e+20,110764228608.0,382001,40000.0,-11485332829765.754,,,,,,,
7.9807667541503875,0.38006190362153813,0.019727796216141215,-0.8703308981426152,0.0,954.4363304637864,-18.534839737682226,22,17358,394000,0.0003,41534894080.0,5162842.5,-0.30139994621276855,1.3665281145423318e+20,105669287936.0,384001,40000.0,-11485332829765.754,,,,,,,
7.7429735870361505,0.4801692907222156,0.06032794568088698,-0.8148349262210264,0.0,869.9856146403713,-80.76275178795876,22,17431,396000,0.0003,44461080576.0,5219010.0,0.10272467881441116,2.0451319137694017e+20,100496965632.0,386001,40000.0,-11485332829765.754,,,,,,,
7.032270751953126,0.4181642368345962,-0.09688640800133168,-0.8316660464917435,0.0,888.9031061413461,82.59217573117617,22,17503,398000,0.0003,38364545024.0,5295912.0,-0.11168992519378662,1.790824374045277e+20,125976936448.0,388001,40000.0,-11485332829765.754,,,,,,,
8.567651216506958,0.4020892472882326,0.07624267798763898,-0.8377640537302031,0.0,895.2228261042702,-89.16901802781933,,,400000,0.0003,43533312000.0,5345175.5,-0.9870293736457825,1.5038555335548102e+20,101253668864.0,390000,,,0.0,0.0,40000.0,-34013.25277280959,4116.27944224784,0.0,0.0
,,,,,,,21,18745,400000,0.0003,73603350528.0,5345410.0,-0.5814457535743713,3.1747921503790196e+20,134194421760.0,390001,40000.0,-10336803379456.05,,,,,,,
5.253015201568603,0.3342094601917556,0.2657260854362785,-0.895101189528438,0.0,1091.0087207196627,-82.20873642146496,21,18816,402000,0.0003,50673000448.0,5449601.5,1.0021204948425293,1.900510246657327e+20,93350928384.0,392001,40000.0,-10336803379456.05,,,,,,,
7.932473718643175,0.4199438390149738,0.051843688840200644,-0.8784366842223446,0.0,981.2225957620941,-58.55043304352476,21,18886,404000,0.0003,56102723584.0,5558686.0,1.1815295219421387,2.0909738080858014e+20,93434863616.0,394001,40000.0,-10336803379456.05,,,,,,,
6.291422710418703,0.450913497715068,-0.0426445063750826,-0.8604547903639793,0.0,951.9764268632108,39.7728261939119,21,18957,406000,0.0003,46731706368.0,5565136.0,0.03483879566192627,8.354404247972243e+19,47298400256.0,396001,40000.0,-10336803379456.05,,,,,,,
7.693227350234981,0.3881029505178372,0.0037675650002282506,-0.8875788197858234,0.0,992.067789698491,-2.8046940088857744,21,19028,408000,0.0003,90331160576.0,5671825.5,-3.8850624561309814,4.712836866058129e+20,111674368000.0,398001,40000.0,-10336803379456.05,,,,,,,
7.618643989562975,0.45267913786085756,0.04699771354736038,-0.854181941801657,0.0,939.4543308197436,-55.83465354111403,21,19099,410000,0.0003,52038414336.0,5716152.0,2.2160239219665527,1.2752007435987924e+20,85382619136.0,400001,40000.0,-10336803379456.05,,,,,,,
6.734264406204225,0.4165589018983621,-0.07299978704780129,-0.8654628871983632,0.0,954.6135358203579,69.20910754882772,21,19170,412000,0.0003,45947740160.0,5787659.5,0.387614369392395,1.9494599765603333e+20,104243748864.0,402001,40000.0,-10336803379456.05,,,,,,,
7.945057628631596,0.39472688231118375,0.05170673359162262,-0.8744473505020517,0.0,966.7504711325937,-57.944668576935086,21,19241,414000,0.0003,48024412160.0,5809430.5,0.5268217325210571,1.2758973941661512e+20,76107128832.0,404001,40000.0,-10336803379456.05,,,,,,,
6.272669502258302,0.4694660016638242,-0.007821617479975626,-0.8325131935304567,0.0,900.8010549974606,-6.7941658828740605,21,19312,416000,0.0003,41292767232.0,5876100.0,1.8811531066894531,6.702120626010928e+19,70857105408.0,406001,40000.0,-10336803379456.05,,,,,,,
7.915627134323121,0.3820139793043703,-0.0380368794936656,-0.8678097832250496,0.0,950.2167818152267,41.11678323503491,21,19386,418000,0.0003,25214922752.0,5898772.0,2.3090384006500244,1.9107609935630828e+19,23174819840.0,408001,40000.0,-10336803379456.05,,,,,,,
8.324405178070068,0.4342819868763492,0.07992880818386945,-0.8396650935344558,0.0,906.8562115079932,-98.2948892372672,21,19458,420000,0.0003,36299857920.0,5956875.5,-1.1394273042678833,4.658010642328846e+19,45106982912.0,410001,40000.0,-10336803379456.05,,,,,,,
5.794128564834592,0.449953581251673,-0.08526811832487224,-0.8209280569158378,0.0,874.8846865824265,68.27364313772715,21,19529,422000,0.0003,48134406144.0,5992938.5,-0.11187750101089478,8.797130081575318e+19,64455970816.0,412001,40000.0,-10336803379456.05,,,,,,,
7.917983961105346,0.36641303577020523,0.02758240534038699,-0.8574862598521513,0.0,925.0569687228394,-23.493153040725378,21,19601,424000,0.0003,58854703104.0,6072192.5,1.6529196500778198,1.783549301428469e+20,62519033856.0,414001,40000.0,-10336803379456.05,,,,,,,
7.511539007186854,0.4755145888624971,0.05640915479071148,-0.7957571131539222,0.0,832.0507358144645,-83.7583002800182,21,19673,426000,0.0003,52956602368.0,6176680.0,-0.06649021804332733,1.4331082934944006e+20,78841159680.0,416001,40000.0,-10336803379456.05,,,,,,,
7.120513656616211,0.3989309356806804,-0.10584503962564075,-0.8155604655514277,0.0,853.1298371017708,88.25945000712937,21,19746,428000,0.0003,55965433856.0,6239252.0,-0.6664340496063232,8.327674680496357e+19,72223629312.0,418001,40000.0,-10336803379456.05,,,,,,,
8.452642793655404,0.38192446437813854,0.0858423081426511,-0.8231895488900169,0.0,862.2007302635494,-99.07928351863612,21,19818,430000,0.0003,58739142656.0,6243901.0,-1.016310453414917,1.3075484636488925e+20,59941335040.0,420001,40000.0,-10336803379456.05,,,,,,,
5.3670595226287885,0.4951087454333044,-0.024380676486549548,-0.7442725887945515,0.0,744.9858821381465,-36.12838941474069,21,19890,432000,0.0003,52436590592.0,6266641.5,-0.9093638062477112,1.2960510904595644e+20,67846041600.0,422001,40000.0,-10336803379456.05,,,,,,,
8.366300619125361,0.35016483557342987,-0.06632498841587568,-0.7966035923373334,0.0,803.0204570934787,70.68354139658422,21,19962,434000,0.0003,31408687104.0,6300487.0,0.6240108609199524,1.000870041601704e+19,15466633216.0,424001,40000.0,-10336803379456.05,,,,,,,
9.96564864921569,0.42693344978568076,0.13965460153190848,-0.7514050281083638,0.0,743.9086063506181,-182.46441034070284,21,20034,436000,0.0003,63027367936.0,6332419.0,0.6421076059341431,1.1679404815985462e+20,59497414656.0,426001,40000.0,-10336803379456.05,,,,,,,
3.759578088760376,0.47976894812405474,-0.127274109171142,-0.6789826035889538,0.0,634.5985674238174,42.98516266067522,21,20106,438000,0.0003,56058937344.0,6330378.5,0.3472457230091095,1.160781693331492e+20,66429685760.0,428001,40000.0,-10336803379456.05,,,,,,,
8.269568393707283,0.3081003091783055,0.001197988006481425,-0.7510870529016401,0.0,709.8979394939315,27.952542132942305,21,20178,440000,0.0003,48499015680.0,6402550.0,0.07600289583206177,1.51498523005581e+20,102014304256.0,430001,40000.0,-9397097166227.596,,,,,,,
5.794459484100349,0.3404084001103058,0.295539995855166,-0.9015526464259207,0.0,1099.1630189860166,-193.37896904036867,21,20250,442000,0.0003,82550013952.0,6485562.5,0.03261399269104004,4.047516222825756e+20,86418653184.0,432001,40000.0,-9397097166227.596,,,,,,,
6.1781920242309605,0.4140782350998439,-0.038233880124126506,-0.8852915854281327,0.0,993.7651638870512,37.223156995593364,21,20323,444000,0.0003,47648358400.0,6525673.0,2.366377830505371,5.382028493907716e+19,42512003072.0,434001,40000.0,-9397097166227.596,,,,,,,
7.394687498092649,0.3765989508015987,0.011502827848713456,-0.9008574800320961,0.0,1017.4213163117511,-10.013542547069372,21,20395,446000,0.0003,54176620544.0,6560898.5,1.0809603929519653,1.1380481029546652e+20,60475748352.0,436001,40000.0,-9397097166227.596,,,,,,,
6.841584871292114,0.42704361993785706,0.027223598915383913,-0.8762666609307157,0.0,977.8064886452661,-31.90243515378768,21,20468,448000,0.0003,62473854976.0,6606103.5,-0.803725004196167,8.54824374990264e+19,57524080640.0,438001,40000.0,-9397097166227.596,,,,,,,
6.859355747222896,0.3894834945276349,-0.04471149431946754,-0.890121683688501,0.0,998.3463876349354,44.06246173607874,21,20541,450000,0.0003,45146046464.0,6650047.0,-0.5220550298690796,6.358030661121684e+19,50836664320.0,440001,40000.0,-9397097166227.596,,,,,,,
7.488801813125608,0.39019879055255907,0.04413582611118491,-0.8886878740401335,0.0,995.3931193335463,-48.82894004575161,21,20614,452000,0.0003,41218228224.0,6707652.0,-0.8092698454856873,6.856733951108789e+19,64950382592.0,442001,40000.0,-9397097166227.596,,,,,,,
6.024279447555543,0.432837757374741,-0.028619181476526236,-0.8658702386229904,0.0,958.1860127809898,22.206669871712368,21,20686,454000,0.0003,53573836800.0,6721887.5,1.1751165390014648,9.772413607989373e+19,80467345408.0,444001,40000.0,-9397097166227.596,,,,,,,
7.302680410385133,0.3650687132423744,-0.014692449374888613,-0.8930270586510323,0.0,998.313256979426,16.25878118231945,21,20759,456000,0.0003,74701586432.0,6800079.0,0.3888329267501831,1.2938572568988955e+20,80999784448.0,446001,40000.0,-9397097166227.596,,,,,,,
7.532544143676758,0.41689623464600295,0.05942199552145928,-0.8671522149375088,0.0,957.2016664191003,-67.27380449308012,21,20832,458000,0.0003,43080835072.0,6753044.0,0.16070690751075745,1.6861758479851848e+19,19308333056.0,448001,40000.0,-9397097166227.596,,,,,,,
6.1036877079009955,0.41039621747601057,-0.06287259993435444,-0.8646595354349667,0.0,950.957570870541,55.458208463026004,22,20905,460000,0.0003,56256196608.0,6812236.0,0.29472747445106506,1.0661039785167238e+20,71489224704.0,450001,40000.0,-9397097166227.596,,,,,,,
7.598989906311037,0.36148902533409555,0.026510647620349388,-0.885240715617267,0.0,981.6632672240758,-25.509616570508623,22,20977,462000,0.0003,41156022272.0,6822613.0,2.2444324493408203,1.126773270918799e+20,102753951744.0,452001,40000.0,-9397097166227.596,,,,,,,
6.474832050323479,0.4449799355778797,0.021766721000737985,-0.8417011369298882,0.0,912.3694954142196,-37.681138399487835,22,21050,464000,0.0003,74986586112.0,6865226.5,-1.9593822956085205,2.0850948513534784e+20,130955165696.0,454001,40000.0,-9397097166227.596,,,,,,,
7.067612590789797,0.3685863820973079,-0.062475641160662655,-0.8684002931045234,0.0,949.2002994262313,57.489864944727834,22,21122,466000,0.0003,62064177152.0,6995218.5,-1.7084481716156006,1.178238771387087e+20,47185616896.0,456001,40000.0,-9397097166227.596,,,,,,,
8.10693152427675,0.39014134956283464,0.08023217344241905,-0.8563140807863384,0.0,929.8562139944773,-94.24108517268034,22,21195,468000,0.0003,37191946240.0,6926399.5,2.1881563663482666,3.738292915145382e+19,37376040960.0,458001,40000.0,-9397097166227.596,,,,,,,
5.430449062347414,0.448629392192715,-0.05541251991389596,-0.8181009039335926,0.0,867.960346467306,32.380494150236686,22,21267,470000,0.0003,67025661952.0,7017529.0,0.03183358907699585,1.7837361304442608e+20,84666572800.0,460001,40000.0,-9397097166227.596,,,,,,,
7.679432210922231,0.3423703644024864,-0.01615880338484061,-0.861147519709191,0.0,927.1932341784241,24.737868735042248,22,21339,472000,0.0003,55824941056.0,7019001.5,0.39000916481018066,1.4554185279140685e+20,82935472128.0,462001,40000.0,-9397097166227.596,,,,,,,
8.154505382537844,0.4343379718888109,0.09416877439571185,-0.8114806608587506,0.0,852.7011123855485,-118.00842167364594,22,21412,474000,0.0003,41557311488.0,7064034.5,1.1473243236541748,3.3811823136576897e+19,44990263296.0,464001,40000.0,-9397097166227.596,,,,,,,
5.635122299194336,0.41068300070314134,-0.11583050596496834,-0.8038485854905241,0.0,834.1524791282501,83.75435397729889,22,21485,476000,0.0003,35047874560.0,7052248.0,0.763288140296936,4.683492044204881e+19,58671206400.0,466001,40000.0,-9397097166227.596,,,,,,,
7.698572723388676,0.3371826848895703,0.05443149981327523,-0.8353969865570067,0.0,875.3071047352618,-50.16901797607941,22,21557,478000,0.0003,56443326464.0,7078074.5,-1.225219488143921,5.2406884731803664e+19,35417956352.0,468001,40000.0,-9397097166227.596,,,,,,,
6.6797467212676995,0.48033820737974164,0.05164074219375632,-0.7488650727762457,0.0,748.6519616866507,-101.16643654403727,22,21630,480000,0.0003,53863571456.0,7070322.5,1.4799182415008545,5.198119780999391e+19,40098590720.0,470001,40000.0,-8614008853080.138,,,,,,,
6.26274866676331,0.32478775667116544,0.30509034071116653,-0.880038894336542,0.0,1034.0869807680917,-223.4463524244383,22,21702,482000,0.0003,50912874496.0,7079512.0,-0.09438753128051758,6.683504134934076e+19,45192224768.0,472001,40000.0,-8614008853080.138,,,,,,,
5.562066328048702,0.4158919001667051,-0.058889308220792184,-0.8469861843219371,0.0,916.0471551566937,47.10854928172859,22,21775,484000,0.0003,42449993728.0,7113920.5,0.8474136590957642,9.352247114160354e+19,88501223424.0,474001,40000.0,-8614008853080.138,,,,,,,
7.502934522628783,0.3457753366805682,0.013161734879756009,-0.8762442499766171,0.0,959.233265017508,-7.52859165155004,22,21850,486000,0.0003,35527626752.0,7136916.0,1.1759501695632935,8.31378125156778e+18,18118856704.0,476001,40000.0,-8614008853080.138,,,,,,,
7.071019929885857,0.4417767365272404,0.05337330149175996,-0.8255809770471146,0.0,880.2235387081838,-74.10128265675472,22,21922,488000,0.0003,72898969600.0,7143384.5,0.5272140502929688,2.956599433463616e+20,129688313856.0,478001,40000.0,-8614008853080.138,,,,,,,
6.572377323150633,0.37224089600868837,-0.09889682192772707,-0.8441842856575458,0.0,902.6587297235125,83.14863707979636,22,21995,490000,0.0003,56448716800.0,7182684.5,1.557508111000061,4.1257959971457335e+19,44354101248.0,480001,40000.0,-8614008853080.138,,,,,,,
7.800553085327149,0.35481554791604686,0.08236566887243466,-0.8509282082154078,0.0,911.4185592054737,-91.15263278565278,22,22067,492000,0.0003,53356105728.0,7180999.5,-0.8052794933319092,6.545451653973777e+19,76336308224.0,482001,40000.0,-8614008853080.138,,,,,,,
5.385139297485355,0.4617033169101965,-0.021793999646034016,-0.7857374424247809,0.0,810.3928106189766,-18.275999143907462,22,22139,494000,0.0003,66625425408.0,7254922.0,-1.467674970626831,8.106678120969195e+19,63116988416.0,484001,40000.0,-8614008853080.138,,,,,,,
7.62406328201294,0.32678067634524033,-0.0643021382761475,-0.8342220343799682,0.0,871.525819760405,66.07559089155328,22,22211,496000,0.0003,49890709504.0,7217511.5,1.5113608837127686,1.0477079175310082e+20,60835082240.0,486001,40000.0,-8614008853080.138,,,,,,,
8.856852621078481,0.39327731640381336,0.12682179423326928,-0.798337536947202,0.0,820.741339650713,-157.925321338562,22,22283,498000,0.0003,40891129856.0,7203552.5,0.8186055421829224,7.062697547856347e+19,54128377856.0,488001,40000.0,-8614008853080.138,,,,,,,
4.307923772811893,0.4480411579733164,-0.11163547267820977,-0.7435750020905634,0.0,734.1557798825175,54.43560787091446,,,500000,0.0003,36582805504.0,7235354.0,0.3123681843280792,5.086028528789488e+19,52037943296.0,490000,,,0.0,0.0,40000.0,-32368.833428380894,6010.277449692516,0.0,0.0
,,,,,,,21,23532,500000,0.0003,74448445440.0,7235864.5,-2.6292552947998047,9.937189938965093e+19,81253580800.0,490001,40000.0,-8614008853080.138,,,,,,,
7.509537290573105,0.29307181192323783,-0.0015904860316295517,-0.8061415999019886,0.0,808.8574949630369,22.90933418380502,21,23602,502000,0.0003,70464192512.0,7223399.0,-1.6989001035690308,2.0592714573807406e+20,114662211584.0,492001,40000.0,-8614008853080.138,,,,,,,
9.210499048233032,0.44873840855025565,0.13911204300908614,-0.7124034447520994,0.0,682.7603797261635,-192.75424669944115,21,23673,504000,0.0003,46213070848.0,7145701.5,-0.0981820821762085,1.0032000386823566e+20,66712956928.0,494001,40000.0,-8614008853080.138,,,,,,,
4.409576713562015,0.40538175681281763,-0.17993938960168532,-0.6798171758452856,0.0,621.7659048034647,78.878186290699,21,23744,506000,0.0003,57015857152.0,7166099.5,0.7399027943611145,8.255084043221284e+19,44599713792.0,496001,40000.0,-8614008853080.138,,,,,,,
7.102990396499638,0.2737986021177936,0.06530040034913723,-0.7381634879429835,0.0,682.5815878579215,-25.791926797833522,21,23816,508000,0.0003,40485621760.0,7163086.0,-1.064122200012207,3.916225562454419e+19,39352381440.0,498001,40000.0,-8614008853080.138,,,,,,,
8.965751358032225,0.4911922874559075,0.11787329272305831,-0.5869155093385123,0.0,500.97405699815187,-210.38112533697887,21,23887,510000,0.0003,60827324416.0,7175420.5,0.37171363830566406,1.4268272673500325e+20,82224668672.0,500001,40000.0,-8614008853080.138,,,,,,,
4.639828804016117,0.3706045232307396,-0.2136014046345827,-0.55374471759087,0.0,433.2420935092412,51.948713414632856,21,23958,512000,0.0003,59982520320.0,7235423.0,-0.6718772649765015,9.396018232257466e+19,67243167744.0,502001,40000.0,-8614008853080.138,,,,,,,
6.4230297317504865,0.24648746077721537,0.09556924468587748,-0.6166335274431511,0.0,483.85614110319415,-14.471462058548772,21,24030,514000,0.0003,68502859776.0,7301363.5,-0.06045365333557129,7.796273673917799e+19,41486094336.0,504001,40000.0,-8614008853080.138,,,,,,,
11.914471857070897,0.5228347412169845,0.15918157816345804,-0.38845171521584515,0.0,290.53601666828314,-237.0691034478433,21,24101,516000,0.0003,75111702528.0,7266014.5,-1.166605830192566,1.0117447393659899e+20,44570603520.0,506001,40000.0,-8614008853080.138,,,,,,,
-4.065906137466417,0.43978032420519825,-0.23907157998913467,-0.2314552638775063,0.0,149.6777807564006,-113.38339432680047,21,24172,518000,0.0003,66515386368.0,7305640.5,-1.3210395574569702,2.899455263301121e+19,32664367104.0,508001,40000.0,-8614008853080.138,,,,,,,
8.826352729797364,0.17779400994241454,-0.05316324849815709,-0.26511107388374233,0.0,98.47485501495325,34.22176495982829,21,24242,520000,0.0003,48896679936.0,7319916.0,-0.8090963363647461,2.3961362235006124e+19,27382870016.0,510001,40000.0,-7951394835911.478,,,,,,,
6.042674299240107,0.2921229693377,0.29539233733650716,-0.8823828469806972,0.0,1014.0526834453891,-217.13391922753178,21,24314,522000,0.0003,67507019776.0,7268343.0,-2.078571081161499,7.6001762149086e+19,76561874944.0,512001,40000.0,-7951394835911.478,,,,,,,
5.085069519042968,0.4018441420289842,-0.06934200276984899,-0.8383220453132291,0.0,896.3346543321998,51.219300346956196,21,24386,524000,0.0003,62575529984.0,7266333.0,0.07982712984085083,1.1304321817332469e+20,69571895296.0,514001,40000.0,-7951394835911.478,,,,,,,
7.167662715911865,0.3169077934316556,0.016187135823606733,-0.8717287972913392,0.0,944.1685096517357,-8.390664032851285,21,24459,526000,0.0003,33244141568.0,7345755.5,0.08423563838005066,1.7171255609908003e+19,22267760640.0,516001,40000.0,-7951394835911.478,,,,,,,
7.242783382415765,0.42929876456886534,0.0741511635757254,-0.8132988683600886,0.0,853.9773234297381,-97.07916787151262,21,24532,528000,0.0003,69024907264.0,7342072.0,-0.09878294169902802,3.1090775949412663e+20,112135995392.0,518001,40000.0,-7951394835911.478,,,,,,,
5.890485162734982,0.3611752614781807,-0.12361513685001455,-0.8253219687952478,0.0,865.2840456503877,92.31582117922699,21,24606,530000,0.0003,67702222848.0,7340195.5,-3.963456153869629,9.26725926337978e+19,76005826560.0,520001,40000.0,-7951394835911.478,,,,,,,
7.427825525283812,0.31850164343097076,0.08439048125875769,-0.8425485086868213,0.0,887.7555626528886,-85.74044983239689,21,24681,532000,0.0003,39788257280.0,7324930.0,-2.317997455596924,2.641890706252733e+19,42550984704.0,522001,40000.0,-7951394835911.478,,,,,,,
5.585713397979731,0.4563083375509835,0.007915825031140742,-0.7608590546845062,0.0,762.874968453337,-58.39243809972121,21,24754,534000,0.0003,54525386752.0,7352070.5,0.6128568649291992,3.9795411594422256e+19,35543375872.0,524001,40000.0,-7951394835911.478,,,,,,,
7.075530277252197,0.3050724377582532,-0.10390691560937286,-0.8056731726847919,0.0,815.4809101455061,85.16822523152786,21,24828,536000,0.0003,47354376192.0,7388712.0,-0.35359376668930054,8.787888026636884e+19,74534387712.0,526001,40000.0,-7951394835911.478,,,,,,,
8.53092561531066,0.34986728116758714,0.13577396040318213,-0.7829813088300006,0.0,783.275306998614,-161.93118114832197,21,24902,538000,0.0003,64838549504.0,7359085.0,-3.1293954849243164,7.183472742902425e+19,67859156992.0,528001,40000.0,-7951394835911.478,,,,,,,
3.8053621139526337,0.4616537298995718,-0.0794481506370929,-0.6934317546944286,0.0,651.7417269761289,2.4978709651885582,21,24975,540000,0.0003,51510177792.0,7295106.5,0.8212727904319763,8.219820506295252e+19,77747412992.0,530001,40000.0,-7951394835911.478,,,,,,,
7.439482543945313,0.2610930971795778,-0.05853659531707025,-0.7623272664990262,0.0,724.2172805920168,63.17067156172272,21,25049,542000,0.0003,72143642624.0,7319860.5,-1.257807731628418,1.0603367321657829e+20,71145627648.0,532001,40000.0,-7951394835911.478,,,,,,,
10.38684283447267,0.38817530951706514,0.17664837501750122,-0.690658094076728,0.0,636.4946402085832,-224.83874356374247,21,25122,544000,0.0003,31493756928.0,7234436.5,1.9747850894927979,7.764313949530908e+19,86398394368.0,534001,40000.0,-7951394835911.478,,,,,,,
1.882397928237916,0.46078336715968155,-0.15277371339117352,-0.5833535297465503,0.0,490.5362571068035,7.271926655559685,21,25196,546000,0.0003,46608240640.0,7281657.0,1.0153645277023315,3.1648910041904316e+19,44683386880.0,536001,40000.0,-7951394835911.478,,,,,,,
7.24963709449767,0.22304819270023815,-0.032791537984286134,-0.6659050796315358,0.0,553.4354077153879,60.228305843691444,21,25271,548000,0.0003,46190096384.0,7228043.5,1.088545799255371,4.2982359241670525e+19,43534565376.0,538001,40000.0,-7951394835911.478,,,,,,,
12.916555091857914,0.40658746176434485,0.20778383319809396,-0.553120929046413,0.0,445.15403763568173,-246.9841287846575,21,25344,550000,0.0003,59744268288.0,7341644.5,0.10134357213973999,3.4955825402859225e+19,34069698560.0,540001,40000.0,-7951394835911.478,,,,,,,
-2.388876018524168,0.4961309803064034,-0.16075430610706895,-0.3868641255673196,0.0,274.62714511935087,-55.493697829109784,21,25418,552000,0.0003,40677744640.0,7315687.0,-1.0838512182235718,5.411627346927446e+19,50852401152.0,542001,40000.0,-7951394835911.478,,,,,,,
7.878298467636084,0.1873136338321316,-0.09681232140254675,-0.455585149739784,0.0,272.92173021791353,53.940201066689006,21,25492,554000,0.0003,49592131584.0,7298648.5,-2.4637627601623535,4.186752921789635e+19,32285081600.0,544001,40000.0,-7951394835911.478,,,,,,,
11.56195817184448,0.3333116309505066,0.23030566956640636,-0.3968162790715196,0.0,255.01482393323565,-132.11136391046512,21,25565,556000,0.0003,58952683520.0,7377270.5,-3.087800979614258,7.959456152837895e+19,76753346560.0,546001,40000.0,-7951394835911.478,,,,,,,
8.119350683212284,0.619636274804749,0.130652152522455,-0.11219207892434553,0.0,141.43743374925253,24.692922891819094,21,25639,558000,0.0003,54686674944.0,7331604.5,0.08368059992790222,8.370254807598262e+19,77721182208.0,548001,40000.0,-7951394835911.478,,,,,,,
18.880404529571546,0.6180843679633163,-0.07126483298170741,-0.2527579421863098,0.0,216.24214397412476,81.43951652944857,21,25713,560000,0.0003,53355356160.0,7385993.0,-0.28310948610305786,5.854281932177041e+19,40895946752.0,550001,40000.0,-7383439812657.985,,,,,,,
3.9434362659454347,0.22199412164561094,0.20713690970712934,-0.950758291275717,0.0,1132.0921341547473,-59.82486446647445,21,25950,562000,0.0003,35534790656.0,7263728.0,0.99982088804245,2.1098656168742486e+19,23982110720.0,552001,40000.0,-7383439812657.985,,,,,,,
6.436966121673586,0.34233611365852457,0.052997365859368935,-0.9175582000074353,0.0,1047.47516690076,-52.08754424447022,21,26025,564000,0.0003,47915364352.0,7337284.0,1.0974082946777344,3.8063641198256456e+19,29515270144.0,554001,40000.0,-7383439812657.985,,,,,,,
5.649986030578614,0.3739466509242152,-0.029285663462929656,-0.9031799508300314,0.0,1022.5320716057862,25.448522593932143,21,26098,566000,0.0003,37329199104.0,7276714.0,-0.4229021370410919,1.0023617710173402e+20,104217518080.0,556001,40000.0,-7383439812657.985,,,,,,,
6.321869819641119,0.32556095621708764,-0.0036189757741554363,-0.9208526973542677,0.0,1050.24243399156,6.531022878989335,21,26172,568000,0.0003,48244215808.0,7306720.5,-0.1405031383037567,6.490006361217591e+19,52460228608.0,558001,40000.0,-7383439812657.985,,,,,,,
6.555011617660522,0.36717559435947605,0.042389284915507086,-0.9027821850164919,0.0,1020.2256137564806,-42.262049456686114,21,26245,570000,0.0003,54559580160.0,7295364.0,-1.8870707750320435,6.212514255427391e+19,58010243072.0,560001,40000.0,-7383439812657.985,,,,,,,
5.6192522468566874,0.355593042268402,-0.05319263830599789,-0.9046082605167325,0.0,1022.0823897850917,48.162632080160556,21,26319,572000,0.0003,46108643328.0,7332233.5,-1.4628461599349976,1.1146628980067533e+20,109927530496.0,562001,40000.0,-7383439812657.985,,,,,,,
6.606625450134274,0.32329533825323153,0.02697464137171725,-0.9164620714789996,0.0,1040.618668715027,-24.20570874544548,21,26393,574000,0.0003,46774149120.0,7289418.0,0.006049692630767822,5.065439074047754e+19,70413844480.0,564001,40000.0,-7383439812657.985,,,,,,,
5.890514015197758,0.3846405684066325,0.012341739155735675,-0.8892500492375109,0.0,995.0920891012047,-16.384529064095215,21,26467,576000,0.0003,40358408192.0,7318729.5,-1.2595257759094238,1.4005438377122333e+19,18713593856.0,566001,40000.0,-7383439812657.985,,,,,,,
6.106118387222287,0.32463870220084307,-0.04931526824078338,-0.9094487226827597,0.0,1026.3304041605347,45.08704433406999,21,26541,578000,0.0003,51401801728.0,7371848.5,1.0252314805984497,4.6707671762343035e+19,58536960000.0,568001,40000.0,-7383439812657.985,,,,,,,
6.750652919769289,0.3386493698219434,0.05962107618109171,-0.9026285679096865,0.0,1014.662829169524,-60.73319989268566,21,26615,580000,0.0003,54511476736.0,7382352.0,0.40461966395378113,7.661138417208315e+19,49032122368.0,570001,40000.0,-7383439812657.985,,,,,,,
5.343188405990605,0.37997346988287706,-0.039597288440692435,-0.8815476931577476,0.0,978.4143089502402,28.851282597814933,21,26689,582000,0.0003,62795108352.0,7421176.0,3.451024293899536,4.187730167724402e+19,57734840320.0,572001,40000.0,-7383439812657.985,,,,,,,
6.290892747879025,0.2992998695700006,-0.013360330794738182,-0.9103667031870415,0.0,1023.1849175553168,18.105628515930853,21,26763,584000,0.0003,58360193024.0,7372410.5,-1.5832399129867554,5.657221300981911e+19,48365912064.0,574001,40000.0,-7383439812657.985,,,,,,,
6.8799902896881155,0.37091778514764095,0.06981853112560621,-0.8784774598891013,0.0,970.8091855001512,-75.3072419520797,21,26837,586000,0.0003,76296749056.0,7341392.5,-1.2293312549591064,6.4826431517487006e+19,47791501312.0,576001,40000.0,-7383439812657.985,,,,,,,
5.208516103744503,0.3544996482980942,-0.08800750632093526,-0.877500529725988,0.0,966.6035569885546,70.0473722147601,21,26911,588000,0.0003,65612705792.0,7321501.0,0.8676372170448303,5.057721382030069e+19,42073620480.0,578001,40000.0,-7383439812657.985,,,,,,,
6.428207668304438,0.2924787500099395,0.042434951083206114,-0.8998367182043865,0.0,1000.0603211248783,-35.287917933862374,21,26987,590000,0.0003,48295448576.0,7421119.0,0.684847354888916,3.052327841589887e+19,24773103616.0,580001,40000.0,-7383439812657.985,,,,,,,
6.130398212432863,0.4016649020634583,0.037016604226260845,-0.84881136239537,0.0,916.3539648026403,-52.921703344579996,21,27060,592000,0.0003,62914555904.0,7391122.5,-0.4339195191860199,8.172934691658976e+19,64824483840.0,582001,40000.0,-7383439812657.985,,,,,,,
5.846443428039543,0.31113571227193004,-0.1001019278429957,-0.8746642286638171,0.0,953.1805653481211,82.35899882315812,21,27132,594000,0.0003,45617336320.0,7397046.0,2.0857601165771484,8.349779262261166e+19,63555010560.0,584001,40000.0,-7383439812657.985,,,,,,,
6.9318450374603255,0.3086767230574964,0.09416023235833534,-0.8742161884610046,0.0,951.1853586281426,-95.41154004296327,21,27205,596000,0.0003,54931963904.0,7472864.0,-1.124540090560913,4.026233899836663e+19,39345827840.0,586001,40000.0,-7383439812657.985,,,,,,,
4.92000975036622,0.40849210122266916,-0.032091643226131235,-0.8211342495493238,0.0,863.9508923111241,2.796680505432345,21,27277,598000,0.0003,57622781952.0,7497742.0,1.4055370092391968,1.10153956702227e+19,19660290048.0,588001,40000.0,-7383439812657.985,,,,,,,
6.325763896942137,0.26909255370532437,-0.05931755620450053,-0.8674396817192127,0.0,929.3825489792481,58.57212766508919,,,600000,0.0003,65336147968.0,7467734.5,0.4274386465549469,5.41910314638702e+19,60287610880.0,590000,,,0.0,0.0,40000.0,-32556.04665687008,5694.763412977726,0.0,0.0
,,,,,,,21,28531,600000,0.0003,54667628544.0,7468226.0,-0.2868424654006958,8.066852930201846e+19,94746304512.0,590001,40000.0,-6891213143272.776,,,,,,,
4.927606964111322,0.24374634070707596,0.25218164211015864,-0.9241448849441352,0.0,1079.98459189661,-153.718760445573,21,28602,602000,0.0003,31842328576.0,7455787.0,-1.7760841846466064,6.828807235372581e+18,13215053824.0,592001,40000.0,-6891213143272.776,,,,,,,
4.871901029586806,0.3511747175741859,-0.047742165440320276,-0.8900837710948445,0.0,990.4602095887878,37.612783742739886,21,28672,604000,0.0003,66663383040.0,7593752.0,-0.17809900641441345,9.512832106810992e+19,60166250496.0,594001,40000.0,-6891213143272.776,,,,,,,
6.129521030426027,0.2822800003523718,0.008526720651499215,-0.9139277074455385,0.0,1028.003306839192,-1.0727864268460083,21,28743,606000,0.0003,49261436928.0,7507458.5,-0.6223199963569641,3.0694061158994805e+19,22057439232.0,596001,40000.0,-6891213143272.776,,,,,,,
6.3784101314544674,0.3715529920562298,0.059446525003150556,-0.8750702105535464,0.0,963.55799347166,-65.91584926054523,21,28813,608000,0.0003,51387375616.0,7595302.0,0.41108760237693787,1.1669097554182039e+20,81610915840.0,598001,40000.0,-6891213143272.776,,,,,,,
5.283384660720831,0.32597848136742863,-0.09285217818909011,-0.8849486526637479,0.0,976.6034328323683,74.56991529856,21,28884,610000,0.0003,54145953792.0,7609374.5,-0.008129119873046875,1.1742707658638387e+20,87021920256.0,600001,40000.0,-6891213143272.776,,,,,,,
6.382544939041142,0.2863259575678901,0.06104555405034877,-0.8985580475695297,0.0,996.9258443968315,-54.63255960479664,21,28954,612000,0.0003,31438938112.0,7735259.0,1.0892616510391235,1.9181829169528963e+19,36389838848.0,602001,40000.0,-6891213143272.776,,,,,,,
5.489072826385496,0.3933516116442388,0.011562731443746482,-0.8485280561146491,0.0,913.8532056635273,-30.197876449781674,21,29025,614000,0.0003,55329341440.0,7626389.0,0.3686124086380005,6.821347708685097e+19,66041499648.0,604001,40000.0,-6891213143272.776,,,,,,,
5.901734607696536,0.2829472178544643,-0.08510472665260965,-0.8820225432711455,0.0,962.8920062046055,73.26136414103661,21,29095,616000,0.0003,58175750144.0,7737752.5,-4.079620838165283,4.5421401487519515e+19,26213474304.0,606001,40000.0,-6891213143272.776,,,,,,,
6.971462442398073,0.3143202426629183,0.10653119455389583,-0.8675777503099757,0.0,939.3337365805024,-110.69294282837747,21,29166,618000,0.0003,55293902848.0,7761217.5,-2.202058792114258,3.981674651804762e+19,49428176896.0,608001,40000.0,-6891213143272.776,,,,,,,
4.601272665023806,0.39026998923988493,-0.06334363026567992,-0.8237327263339654,0.0,865.6344364231567,29.004152460016748,21,29237,620000,0.0003,65154093056.0,7812323.5,0.6484076976776123,3.7781154670848246e+19,31734226944.0,610001,40000.0,-6891213143272.776,,,,,,,
6.018485664367676,0.2475591848763222,-0.03291706384013448,-0.8711100243534474,0.0,932.876268119531,42.22759678677031,21,29308,622000,0.0003,53106466816.0,7878471.0,-1.8855235576629639,5.034547635158411e+19,65669050368.0,612001,40000.0,-6891213143272.776,,,,,,,
7.558810211181639,0.35593928634402916,0.12109482021805723,-0.8216619705836669,0.0,856.5154518807184,-137.21352038145162,21,29379,624000,0.0003,38571110400.0,7909502.5,1.4431188106536865,3.759900517654436e+19,46889230336.0,614001,40000.0,-6891213143272.776,,,,,,,
4.154068933486946,0.3660420665159971,-0.13100004505794532,-0.7963038798404469,0.0,811.9110403254348,82.46344350039685,21,29450,626000,0.0003,87847460864.0,7929910.0,-0.4705548882484436,8.051767630668759e+19,51408453632.0,616001,40000.0,-6891213143272.776,,,,,,,
5.948071746826172,0.22783025315673214,0.03301018461264943,-0.8453602398429937,0.0,877.8655825480349,-9.223243004086992,21,29522,628000,0.0003,40599027712.0,8012283.0,-1.5497490167617798,4.4060360023960715e+19,46956556288.0,618001,40000.0,-6891213143272.776,,,,,,,
7.3426359825134275,0.39941637544505904,0.10683671014739285,-0.7601182273587956,0.0,750.0149555500519,-143.6640546174496,21,29593,630000,0.0003,36330774528.0,8111988.0,-1.4758771657943726,1.69808004047679e+19,24702285824.0,620001,40000.0,-6891213143272.776,,,,,,,
4.584560947418208,0.31913684895305305,-0.17738784295030777,-0.7591298438694531,0.0,738.1883548653939,99.8247218410587,21,29665,632000,0.0003,25627537408.0,8105693.0,1.3897875547409058,1.2725924601251496e+19,21930229760.0,622001,40000.0,-6891213143272.776,,,,,,,
5.954779455184936,0.22782012275200383,0.10342017005701656,-0.7941341272921958,0.0,781.0593467301873,-68.87460194203715,21,29736,634000,0.0003,50938757120.0,8209151.5,-1.5079177618026733,5.701429584902226e+19,63376654336.0,624001,40000.0,-6891213143272.776,,,,,,,
6.588614082336428,0.4356682728506013,0.06845748698415624,-0.6752688224089868,0.0,612.781879173979,-137.80744507032807,21,29808,636000,0.0003,40919744512.0,8177724.5,1.2652941942214966,4.279352031862325e+19,74306199552.0,626001,40000.0,-6891213143272.776,,,,,,,
5.037279462814339,0.2720292752964283,-0.20202277566135088,-0.6920405568944729,0.0,618.745842609083,103.84705789122559,21,29880,638000,0.0003,31123363840.0,8317682.0,0.981247067451477,8.284169204408517e+19,90939621376.0,628001,40000.0,-6891213143272.776,,,,,,,
6.408619720458983,0.22808026344363433,0.16087104097443908,-0.7127457030004596,0.0,640.760913866262,-111.00233678005027,21,29953,640000,0.0003,51117826048.0,8282971.0,-1.303635835647583,1.6846748826718752e+20,132069883904.0,630001,40000.0,-6460514471019.091,,,,,,,
3.434112911224371,0.1884754344043398,0.18490439465470632,-0.9723181096094841,0.0,1167.9722939964313,-52.43805654150545,21,30025,642000,0.0003,53705322496.0,8339763.0,-1.3778809309005737,8.771310030117929e+19,77605781504.0,632001,40000.0,-6460514471019.091,,,,,,,
5.3562792968749955,0.3015221485753627,0.036233395139613815,-0.9449945249764602,0.0,1100.2268634757584,-28.538082261581177,21,30097,644000,0.0003,54866124800.0,8522160.0,-1.3903546333312988,1.3351040722204937e+20,112485654528.0,634001,40000.0,-6460514471019.091,,,,,,,
5.3292181053161585,0.317497675484076,-0.013911493148283719,-0.9393233622633336,0.0,1089.8784878071936,15.832438213828425,21,30168,646000,0.0003,41512734720.0,8620019.0,-1.5558264255523682,1.1830076611800072e+19,27836626944.0,636001,40000.0,-6460514471019.091,,,,,,,
5.508612997055054,0.29491067297618234,0.0003575289163729301,-0.9469997710301722,0.0,1103.0655207686034,4.880066918960921,21,30240,648000,0.0003,30837207040.0,8562755.0,0.7677846550941467,6.01476840858583e+19,84135616512.0,638001,40000.0,-6460514471019.091,,,,,,,
5.540411752700804,0.31969508360188614,0.016944085402659376,-0.9380355641482024,0.0,1087.4127123255464,-11.952248916969003,21,30311,650000,0.0003,20559894528.0,8574155.0,0.7285188436508179,1.1053678466078605e+19,19805521920.0,640001,40000.0,-6460514471019.091,,,,,,,
5.2827539558410725,0.30913029675628345,-0.026157607865449684,-0.9414070481832912,0.0,1093.1847661120871,26.758355320626645,21,30383,652000,0.0003,74449731584.0,8743448.0,-0.13486817479133606,1.4292892937869486e+20,102266101760.0,642001,40000.0,-6460514471019.091,,,,,,,
5.589169282913211,0.29530252345221264,0.01691521887353338,-0.9460012648746012,0.0,1100.9645617350113,-9.996790439496491,21,30455,654000,0.0003,62288392192.0,8678700.0,1.4576728343963623,3.1064662548252983e+19,26598627328.0,644001,40000.0,-6460514471019.091,,,,,,,
5.423440225601191,0.3254122536210801,0.0024897889327853448,-0.9350474354816439,0.0,1081.824873745933,0.42112783469334103,21,30526,656000,0.0003,48082665472.0,8598589.0,-1.3998208045959473,1.1427824241020083e+20,95165964288.0,646001,40000.0,-6460514471019.091,,,,,,,
5.319628246307358,0.2953278114250197,-0.023608646863651387,-0.9450882021252546,0.0,1098.9889383492211,24.949824964936596,21,30598,658000,0.0003,26155458560.0,8589066.0,2.453587532043457,1.2839881284889084e+19,42021163008.0,648001,40000.0,-6460514471019.091,,,,,,,
5.600250429153447,0.30311439336103285,0.02962806469436531,-0.942060314896524,0.0,1093.6405874426364,-22.887838827751235,21,30670,660000,0.0003,45145972736.0,8546537.0,0.6301562786102295,2.1777551822336033e+19,28542181376.0,650001,40000.0,-6460514471019.091,,,,,,,
5.238539909362792,0.3220365929599731,-0.017651704287814332,-0.9349486527799482,0.0,1081.0608263354636,18.317930856625544,21,30742,662000,0.0003,42527985664.0,8490968.0,-0.6762043237686157,1.8276867328194904e+19,37551775744.0,652001,40000.0,-6460514471019.091,,,,,,,
5.442496046066279,0.2858517327461219,-0.007976197248381445,-0.9470677583009043,0.0,1101.7199662449066,12.230471983619998,21,30814,664000,0.0003,55221706752.0,8463513.0,-1.0716545581817627,2.4707803086917206e+19,23758049280.0,654001,40000.0,-6460514471019.091,,,,,,,
5.608695301055909,0.31554029336015216,0.03126539559786709,-0.9362388015509698,0.0,1082.926486878746,-24.79391675905621,21,30886,666000,0.0003,38112223232.0,8285602.0,-0.35630878806114197,3.712204582850816e+19,46130876416.0,656001,40000.0,-6460514471019.091,,,,,,,
5.139263639450077,0.310717221993708,-0.03748372529087179,-0.9371806467357172,0.0,1084.3111150391455,35.57478086933011,21,30957,668000,0.0003,46463254528.0,8235774.0,0.1752290278673172,2.2438855289885164e+19,36528852992.0,658001,40000.0,-6460514471019.091,,,,,,,
5.512497381210329,0.2838986340632344,0.019037464743510507,-0.9460032293721364,0.0,1099.1390239770838,-11.894208117492632,21,31029,670000,0.0003,56244625408.0,8071659.5,-0.8660625219345093,8.31285854140975e+19,80913227776.0,660001,40000.0,-6460514471019.091,,,,,,,
5.415325578689572,0.3285909597724831,0.012707394533531273,-0.9296029928643887,0.0,1070.4603473387556,-8.627272661055605,21,31100,672000,0.0003,62067646464.0,7940997.0,0.33137282729148865,1.2239036003509495e+20,96737067008.0,662001,40000.0,-6460514471019.091,,,,,,,
5.255662366867055,0.2932637871090034,-0.03887039944285091,-0.9409027719106877,0.0,1089.5981906143081,37.14223337820502,21,31172,674000,0.0003,47974776832.0,7834041.5,-1.0243189334869385,2.579676819915958e+19,34905288704.0,664001,40000.0,-6460514471019.091,,,,,,,
5.711725957870486,0.29431522833632184,0.04148061438467457,-0.9399420126671163,0.0,1087.7379624165246,-33.09803359614335,21,31243,676000,0.0003,78797946880.0,7690111.5,0.4870920777320862,1.0185207216647176e+20,56147996672.0,666001,40000.0,-6460514471019.091,,,,,,,
5.126385822296137,0.3310164252929325,-0.018408221541719175,-0.9259119620008679,0.0,1062.9305078245957,17.528741879052113,21,31315,678000,0.0003,52456198144.0,7577092.0,-1.3282253742218018,3.4785662784321356e+19,45030842368.0,668001,40000.0,-6460514471019.091,,,,,,,
5.410205900192256,0.27666660480551697,-0.017941481898760256,-0.9436447896098202,0.0,1092.7524995377323,20.768589487570825,21,31388,680000,0.0003,47590952960.0,7394112.0,-1.0538737773895264,4.1848388919480025e+19,58521702400.0,670001,40000.0,-6080486781294.435,,,,,,,
2.9803726463317837,0.16623231771526814,0.1576664737011705,-0.96508807575042,0.0,1144.2173740390724,-19.663215109700772,21,31460,682000,0.0003,84002152448.0,7419668.5,-1.8579237461090088,8.806120568253317e+19,87436337152.0,672001,40000.0,-6080486781294.435,,,,,,,
5.47860366630554,0.27863898560928974,0.06911532827733145,-0.9378217677738405,0.0,1081.5960133335227,-56.968335719671124,21,31533,684000,0.0003,37239013376.0,7264808.5,2.5085649490356445,2.4046328095554142e+19,34266781696.0,674001,40000.0,-6080486781294.435,,,,,,,
5.013730379104614,0.3348786545092847,-0.020469814457675022,-0.916376467374572,0.0,1043.0145011602874,17.100936113737124,21,31605,686000,0.0003,44067024896.0,7238391.0,-0.4071301817893982,2.538596866478991e+19,23499696128.0,676001,40000.0,-6080486781294.435,,,,,,,
5.332221853256214,0.2658413909829369,-0.023225523830040035,-0.9383185905410043,0.0,1079.3739882565899,24.96934204952046,21,31676,688000,0.0003,62844084224.0,7230877.5,-1.3990705013275146,1.1767036772328512e+20,87281582080.0,678001,40000.0,-6080486781294.435,,,,,,,
5.9379021797180185,0.3135427962603846,0.05598699647852061,-0.9201846682231684,0.0,1047.8665213420231,-49.821135888130556,21,31748,690000,0.0003,45863395328.0,7135657.0,-0.6723189353942871,2.2291890167670112e+19,27165169664.0,680001,40000.0,-6080486781294.435,,,,,,,
4.753334066390993,0.3175517484497382,-0.05752793496127567,-0.9158623633947851,0.0,1039.36058406566,47.710830346167434,21,31820,692000,0.0003,60453285888.0,6980118.0,-2.0638272762298584,3.4181415174160777e+19,40221868032.0,682001,40000.0,-6080486781294.435,,,,,,,
5.542673385620117,0.2601594034795283,0.02135973077784758,-0.9339937192262916,0.0,1068.8972328278533,-11.913815417904672,21,31892,694000,0.0003,68851580928.0,6845737.0,-1.399817943572998,3.6816878575242183e+19,46495797248.0,684001,40000.0,-6080486781294.435,,,,,,,
5.684473642349241,0.341773473300958,0.03752350703470674,-0.9021850242602516,0.0,1013.9267924222141,-37.82431000852374,21,31964,696000,0.0003,42633998336.0,6802913.5,-0.022883117198944092,1.0638584239290843e+19,23249209344.0,686001,40000.0,-6080486781294.435,,,,,,,
4.989383136749267,0.28861434178883416,-0.07609303601640455,-0.916104536462269,0.0,1035.6061190904434,61.29588623159659,21,32036,698000,0.0003,37395054592.0,6674674.0,-0.5890300273895264,9.918230400260375e+18,15178607616.0,688001,40000.0,-6080486781294.435,,,,,,,
5.866020738601693,0.27256340080090724,0.06679176124322746,-0.9199836361550775,0.0,1041.3421914985652,-55.88340672299102,,,700000,0.0003,43436056576.0,6590831.0,-0.7240698337554932,5.267400448470208e+19,49798004736.0,690000,,,0.0,0.0,40000.0,-32688.532806587704,5506.8793512592,0.0,0.0
,,,,,,,21,33291,700000,0.0003,43115040768.0,6590969.5,-0.8348239660263062,2.7214249793595376e+19,29439535104.0,690001,40000.0,-6080486781294.435,,,,,,,
5.04253870773316,0.35485249835140253,-0.013797293792219048,-0.8851684211515329,0.0,980.4581446730203,1.8195435474341741,21,33363,702000,0.0003,49757372416.0,6462268.0,-0.8249051570892334,5.144658886829015e+19,34472513536.0,692001,40000.0,-6080486781294.435,,,,,,,
5.265634437561045,0.2522452598338122,-0.058592054717822056,-0.9153611936540865,0.0,1027.9241680743992,51.75535601111022,21,33434,704000,0.0003,47326904320.0,6286064.5,-0.28704315423965454,3.614938705625193e+19,39904497664.0,694001,40000.0,-6080486781294.435,,,,,,,
6.333302873611443,0.3022131780810522,0.09667593284337994,-0.8948745544717316,0.0,993.6958930376363,-92.977650541116,21,33506,706000,0.0003,13542802432.0,6228729.0,0.8615124821662903,1.2198973758035198e+19,26847473664.0,696001,40000.0,-6080486781294.435,,,,,,,
4.429919969558718,0.3447643695262342,-0.07094277345771388,-0.8708717441647217,0.0,950.1050420281784,46.950374164417674,21,33576,708000,0.0003,53337751552.0,6141092.5,-2.22126841545105,2.580636913469332e+19,24872773632.0,698001,40000.0,-6080486781294.435,,,,,,,
5.460322233200077,0.23015639995552487,-0.0077303533669385105,-0.9061991491832446,0.0,1004.4247581876058,18.54118948567495,21,33646,710000,0.0003,52046888960.0,6071723.5,1.485831379890442,7.82091416930091e+19,60661972992.0,700001,40000.0,-6080486781294.435,,,,,,,
6.668565639495851,0.3520776606073143,0.10000522282980787,-0.8543866381852027,0.0,920.1505876673873,-112.51208352476122,21,33716,712000,0.0003,28165681152.0,6023065.5,0.6844720840454102,6.302023298021379e+19,80483082240.0,702001,40000.0,-6080486781294.435,,,,,,,
4.393808794021601,0.3177551262460265,-0.12977061173938337,-0.8513073966630289,0.0,908.8163513599577,86.60877381600108,21,33787,714000,0.0003,27753365504.0,5917010.0,-0.5174603462219238,1.5593231024165749e+19,23713460224.0,704001,40000.0,-6080486781294.435,,,,,,,
5.661111309051517,0.22657757459310204,0.06653054680583342,-0.8803036837341441,0.0,950.9753746385823,-41.41288119567488,21,33857,716000,0.0003,49106108416.0,5831222.5,2.6780309677124023,5.260009091503646e+19,59505283072.0,706001,40000.0,-6080486781294.435,,,,,,,
6.1294735183715865,0.39094534129778374,0.05330671974309722,-0.8035577660131199,0.0,826.6749095467061,-92.51434625219933,21,33927,718000,0.0003,37524303872.0,5720596.5,-0.4721863865852356,2.1595015299939172e+19,22488573952.0,708001,40000.0,-6080486781294.435,,,,,,,
4.828693874359134,0.26459069774197125,-0.15025302663504314,-0.8274619960563301,0.0,854.650638125651,98.15355911405402,21,33998,720000,0.0003,38041632768.0,5600221.5,0.7231303453445435,1.5194705338096943e+19,30168367104.0,710001,40000.0,-5742684179900.474,,,,,,,
2.9069354782104537,0.16137218227063124,0.15756523445586995,-0.9718762410561411,0.0,1158.386936451244,-23.639771182988422,21,34068,722000,0.0003,47286579200.0,5548734.0,-0.7561213970184326,8.483681306728936e+19,93211918336.0,712001,40000.0,-5742684179900.474,,,,,,,
5.3692936553955075,0.27897138119178133,0.06643721344405294,-0.9436295542945865,0.0,1094.595150964902,-52.9584883569685,21,34138,724000,0.0003,20872892416.0,5463527.0,-0.3573756814002991,1.5025970985163555e+19,20398139392.0,714001,40000.0,-5742684179900.474,,,,,,,
5.000992229461672,0.325952452826224,-0.02223653909947262,-0.9262899867854362,0.0,1062.9571779596436,20.09469804208924,21,34208,726000,0.0003,64206061568.0,5390809.0,0.12497729063034058,7.47894846087653e+19,71869538304.0,716001,40000.0,-5742684179900.474,,,,,,,
5.404460788726812,0.27362536827188466,-0.009110206590170573,-0.942957050619176,0.0,1090.5898809680668,13.154987572089087,21,34278,728000,0.0003,35606990848.0,5312863.5,1.1022109985351562,1.4524513418548871e+20,123412840448.0,718001,40000.0,-5742684179900.474,,,,,,,
5.918659151077276,0.3270398880562791,0.051620888857061786,-0.922437294217271,0.0,1055.4011990862339,-47.0447551405628,21,34349,730000,0.0003,42389970944.0,5202735.0,-1.2917678356170654,4.313952343374483e+19,32235034624.0,720001,40000.0,-5742684179900.474,,,,,,,
4.965644325256344,0.3162302093848923,-0.06078182762086634,-0.923442332610929,0.0,1055.8659366367058,51.35708518712103,21,34419,732000,0.0003,29733658624.0,5155029.5,-0.5603251457214355,1.3678026904114823e+19,31802423296.0,722001,40000.0,-5742684179900.474,,,,,,,
5.637260393142695,0.2716506590258106,0.02983995792418065,-0.9374422712614924,0.0,1078.456765792443,-20.417516625248822,21,34490,734000,0.0003,24486961152.0,5105668.0,1.7775564193725586,5.520913964877218e+18,20088639488.0,724001,40000.0,-5742684179900.474,,,,,,,
5.710695119857785,0.3541071700319482,0.028004977458454823,-0.9047170234805949,0.0,1022.1006405122522,-29.575061059852384,21,34561,736000,0.0003,28760993792.0,5088149.5,0.3982234597206116,8.971329337152242e+18,22575785984.0,726001,40000.0,-5742684179900.474,,,,,,,
5.197408967971799,0.29126752002705053,-0.06980047327944514,-0.9229191721339834,0.0,1050.7529086006173,58.017330188661546,21,34632,738000,0.0003,35481460736.0,5030924.0,0.23718833923339844,8.657630423410541e+18,17336639488.0,728001,40000.0,-5742684179900.474,,,,,,,
5.968955980300909,0.2885031730932473,0.0682298105349643,-0.9222271679490764,0.0,1048.8693642326086,-60.3354686591034,21,34703,740000,0.0003,23993708544.0,4975300.0,-1.0452393293380737,5.945675097896387e+18,15429912576.0,730001,40000.0,-5742684179900.474,,,,,,,
5.190645101547241,0.3579457628866418,-0.026291640130734917,-0.8921452065460374,0.0,996.2725887448888,13.671125574314875,21,34774,742000,0.0003,29115045888.0,4968505.5,-0.04108390212059021,7.612252700872278e+18,17657229312.0,732001,40000.0,-5742684179900.474,,,,,,,
5.335887617111202,0.2573465811986307,-0.044372606996752995,-0.9230322894577709,0.0,1044.870958637642,43.82987746825247,21,34847,744000,0.0003,36135153664.0,4901576.5,0.6120655536651611,4.322330621978136e+19,65103196160.0,734001,40000.0,-5742684179900.474,,,,,,,
6.334790822982792,0.31365284961246104,0.09054847967247322,-0.900284185855486,0.0,1006.8000289547069,-87.30383052489168,21,34918,746000,0.0003,34094952448.0,4782359.0,0.5800270438194275,1.7333402788679385e+19,19405461504.0,736001,40000.0,-5742684179900.474,,,,,,,
4.54172205734252,0.3402696654093695,-0.07835118335992428,-0.8828951548791943,0.0,974.6262282041623,55.17956644488941,21,34989,748000,0.0003,33455345664.0,4745188.0,1.3065710067749023,1.1431030856731329e+19,27322542080.0,738001,40000.0,-5742684179900.474,,,,,,,
5.501373525619511,0.23874649347717244,0.006378637384878684,-0.9148215379403977,0.0,1024.035712754686,6.798999615157631,21,35061,750000,0.0003,41620410368.0,4668351.5,-0.25078636407852173,1.0080325901985251e+19,25670127616.0,740001,40000.0,-5742684179900.474,,,,,,,
6.206232858657838,0.345032628991422,0.07506472600987961,-0.8717289543330888,0.0,951.9585467323657,-80.33693905743942,21,35132,752000,0.0003,37974978560.0,4642220.0,-1.0544534921646118,1.6622709258810556e+19,19290791936.0,742001,40000.0,-5742684179900.474,,,,,,,
4.489145906448352,0.2980988153955102,-0.11715274502230283,-0.8767593032454126,0.0,956.3142359235414,81.8357383791142,21,35203,754000,0.0003,64840179712.0,4651513.0,1.0197360515594482,1.0646194618973657e+20,86979952640.0,744001,40000.0,-5742684179900.474,,,,,,,
5.539954082489014,0.23412471112734617,0.06645505940900179,-0.8962741909837354,0.0,984.9860394255757,-48.04583505880196,21,35275,756000,0.0003,22499780608.0,4626247.5,0.8560148477554321,1.2852720282166624e+19,20630919168.0,746001,40000.0,-5742684179900.474,,,,,,,
5.507657155990599,0.3664738959599956,0.03116575223144352,-0.8391791883916949,0.0,889.6068606583505,-51.85186543871218,21,35346,758000,0.0003,48717086720.0,4611324.0,-0.49938666820526123,1.5800781436094513e+19,14427890688.0,748001,40000.0,-5742684179900.474,,,,,,,
4.90289391708374,0.25072294395139955,-0.11844599659720088,-0.8652296705758805,0.0,925.0886552641604,85.42721214477889,21,35417,760000,0.0003,28513546240.0,4578406.5,-1.30611252784729,1.7540333076050084e+19,22886455296.0,750001,40000.0,-5440439796841.812,,,,,,,
2.777287872314451,0.15412004776401472,0.15130696018981135,-0.9735023305767316,0.0,1159.8433248804079,-17.262213855951416,21,35489,762000,0.0003,40228122624.0,4497566.0,0.5961829423904419,6.243555667702763e+19,83200385024.0,752001,40000.0,-5440439796841.812,,,,,,,
5.366819955825806,0.277916043558931,0.07925767856817485,-0.9434382211989288,0.0,1094.812805171816,-64.35992685967648,21,35560,764000,0.0003,27258849280.0,4444150.5,0.2797953486442566,1.7768623575813587e+19,20748130304.0,754001,40000.0,-5440439796841.812,,,,,,,
5.361572031021123,0.3495540672117768,-0.007379127229486704,-0.9171522505784698,0.0,1047.5445960584873,7.087183479038396,21,35632,766000,0.0003,33157789696.0,4469495.5,-1.0339540243148804,1.1355779181414711e+19,14215601152.0,756001,40000.0,-5440439796841.812,,,,,,,
5.654731958389291,0.29389979301032626,-0.024038390446455882,-0.9364343592138977,0.0,1079.5926919004978,26.37275910802269,21,35703,768000,0.0003,34050277376.0,4480339.5,1.049898386001587,1.4723496435874005e+19,33837150208.0,758001,40000.0,-5440439796841.812,,,,,,,
6.117337343215938,0.32879306037867195,0.05462811276809826,-0.922616548810445,0.0,1056.0909723120453,-49.354791346373624,21,35775,770000,0.0003,36272332800.0,4527259.5,-0.6700093150138855,2.5546398406398706e+19,28627011584.0,760001,40000.0,-5440439796841.812,,,,,,,
5.319140439987185,0.34792748886799596,-0.047876203674294834,-0.9137722368039514,0.0,1040.5087829067731,43.76117950808167,21,35847,772000,0.0003,24954632192.0,4541668.5,0.7112417221069336,8.55839290193399e+18,22548901888.0,762001,40000.0,-5440439796841.812,,,,,,,
5.849094158172604,0.2891320844232204,0.006216187849851121,-0.9347329292083366,0.0,1074.8367319623005,-0.42564515418496346,21,35919,774000,0.0003,32345550848.0,4498638.5,1.0336039066314697,1.8725635198094934e+19,35339571200.0,764001,40000.0,-5440439796841.812,,,,,,,
5.884607128143313,0.3528582626457925,0.04493063410961356,-0.9094368646379019,0.0,1031.9762696749656,-41.42155523788239,21,35990,776000,0.0003,27232759808.0,4487823.0,1.889167070388794,1.3039207349842084e+19,42621804544.0,766001,40000.0,-5440439796841.812,,,,,,,
5.576562988281248,0.3257523566541647,-0.06659822704555028,-0.9175199188036736,0.0,1044.9169732360406,60.97988055164408,21,36062,778000,0.0003,37559549952.0,4501982.0,0.8314377665519714,7.649337578809721e+19,95501688832.0,768001,40000.0,-5440439796841.812,,,,,,,
5.992586822509767,0.295308445814858,0.04036029968770797,-0.9283820249220947,0.0,1062.2412005491226,-34.09395567914304,21,36134,780000,0.0003,34859970560.0,4425322.0,-0.013272225856781006,1.9082912705447723e+19,26327488512.0,770001,40000.0,-5440439796841.812,,,,,,,
5.514539804458612,0.36890437732284714,0.011443734191934717,-0.8983837748361243,0.0,1011.475239976595,-12.435262000158868,21,36206,782000,0.0003,56999706624.0,4423786.0,-0.7754248380661011,1.450950948287624e+19,29000529920.0,772001,40000.0,-5440439796841.812,,,,,,,
5.759098306655879,0.29769259588227454,-0.05460901986133216,-0.9229098229819723,0.0,1051.3970259305038,52.59566839309117,21,36277,784000,0.0003,39674155008.0,4385096.5,0.8954377174377441,1.4720954364990587e+19,27469424640.0,774001,40000.0,-5440439796841.812,,,,,,,
6.241810838699343,0.310976405614645,0.06618296146034607,-0.917068805135688,0.0,1041.4702295532798,-61.23906841327741,21,36350,786000,0.0003,33065312256.0,4440977.5,1.1493823528289795,9.792848691298566e+18,22871267328.0,776001,40000.0,-5440439796841.812,,,,,,,
5.108822763442986,0.36764439426277,-0.03873147865756258,-0.8924673480982124,0.0,999.2760173744228,32.84827241581813,21,36423,788000,0.0003,23812335616.0,4502759.0,2.0417799949645996,7.032556635604124e+18,21735809024.0,778001,40000.0,-5440439796841.812,,,,,,,
5.85596689224243,0.27603377102088883,-0.020734539051545257,-0.9252009499237177,0.0,1052.069272395412,23.64779358025948,21,36496,790000,0.0003,46050881536.0,4550873.0,0.5597518682479858,2.633043595890996e+19,42994253824.0,780001,40000.0,-5440439796841.812,,,,,,,
6.174775272369385,0.33749457231899727,0.07148943506867861,-0.9004212673615878,0.0,1010.5039379659241,-67.6540240636799,21,36569,792000,0.0003,31913043968.0,4573453.5,0.37140676379203796,8.92138017316982e+18,33137469440.0,782001,40000.0,-5440439796841.812,,,,,,,
5.170239377975453,0.34051952494602433,-0.08028464460179524,-0.8956150563750449,0.0,1001.5730180929095,69.43501336971605,21,36642,794000,0.0003,35108491264.0,4586168.0,-0.42058220505714417,3.6421384242731155e+19,70472720384.0,784001,40000.0,-5440439796841.812,,,,,,,
5.781378641128536,0.26949379309765464,0.019767181125558142,-0.9213985728474337,0.0,1042.0796543687538,-12.46249817866531,21,36715,796000,0.0003,25106038784.0,4610286.5,-0.7322825789451599,5.713597880086823e+18,15080741888.0,786001,40000.0,-5440439796841.812,,,,,,,
5.734419845581051,0.3628710194047822,0.05663551122189183,-0.8829911370447225,0.0,978.8555578477552,-56.50136091412013,21,36788,798000,0.0003,12278319104.0,4575041.5,2.6111032962799072,1.0242058564872962e+19,23366256640.0,788001,40000.0,-5440439796841.812,,,,,,,
5.554380710601798,0.3051508190331016,-0.09153466132348194,-0.9000658415224972,0.0,1005.1346276760853,80.24531648312272,,,800000,0.0003,36571914240.0,4594485.5,0.9194024801254272,4.704037958286154e+19,50760601600.0,790000,,,0.0,0.0,40000.0,-34514.29405936465,4380.948893546938,0.0,0.0
,,,,,,,21,38027,800000,0.0003,45105635328.0,4594362.5,-0.670844316482544,4.17278120763316e+19,58238431232.0,790001,40000.0,-5168419895012.497,,,,,,,
4.791886037826538,0.21492499203312526,0.2469188247452911,-0.9120561512458966,0.0,1042.6358185771344,-152.7986350086229,21,38098,802000,0.0003,36774014976.0,4532089.0,-0.6438502073287964,1.0225308604735422e+19,20044050432.0,792001,40000.0,-5168419895012.497,,,,,,,
4.3263427276611335,0.34665518170416837,-0.061031888007342695,-0.8671924303833733,0.0,943.1693092110357,43.1987952553589,21,38168,804000,0.0003,43629252608.0,4474852.5,-0.7070564031600952,1.7564544322093711e+19,43489976320.0,794001,40000.0,-5168419895012.497,,,,,,,
5.459515897750858,0.23274861457305132,-0.015035854409123469,-0.905074408208282,0.0,1001.7252994384897,22.27631223228522,21,38239,806000,0.0003,24156977152.0,4403834.0,1.1558313369750977,4.70288665966071e+18,15149756416.0,796001,40000.0,-5168419895012.497,,,,,,,
6.2617540721893326,0.3287619802907757,0.1040083985254859,-0.8656634999230746,0.0,938.1561162169784,-101.92709557650716,21,38311,808000,0.0003,41484013568.0,4485534.0,1.0576945543289185,6.960976449514976e+19,89922822144.0,798001,40000.0,-5168419895012.497,,,,,,,
4.601655752182008,0.3269795598192885,-0.11927017713539091,-0.8562185954931996,0.0,919.925602446856,89.17209648490456,21,38382,810000,0.0003,17705416704.0,4474771.5,0.07396870851516724,4.3667876704042353e+18,12979322880.0,800001,40000.0,-5168419895012.497,,,,,,,
5.5038715457916245,0.22817304405182073,0.03871239989303217,-0.8908260272008192,0.0,970.9522013032422,-23.144880376204252,21,38453,812000,0.0003,26054385664.0,4474349.0,1.4914546012878418,3.6347119379100467e+18,14501904384.0,802001,40000.0,-5168419895012.497,,,,,,,
5.37387760925293,0.3424347763771529,0.060695490088866204,-0.8450193956002162,0.0,896.4304770549961,-60.741532704370115,21,38524,814000,0.0003,24077705216.0,4468212.5,-0.94368577003479,2.2892441219738108e+19,53257580544.0,804001,40000.0,-5168419895012.497,,,,,,,
4.959989519119264,0.2712387209765641,-0.12468502075616146,-0.8596898810213282,0.0,917.3646294385801,90.75082478117187,21,38595,816000,0.0003,17611640832.0,4468950.0,-0.4011811316013336,4.852504353677771e+18,17177734144.0,806001,40000.0,-5168419895012.497,,,,,,,
5.676804775238037,0.23171276840371854,0.07486465524400057,-0.8737463292914005,0.0,936.0137245846231,-54.76229668241648,21,38666,818000,0.0003,21027586048.0,4522538.5,-1.352874517440796,2.0227477921683472e+19,20497809408.0,808001,40000.0,-5168419895012.497,,,,,,,
4.470104101181036,0.36057949282548507,0.027597465780943253,-0.8176792785483368,0.0,846.7067739285163,-44.23150866314558,21,38737,820000,0.0003,43262435328.0,4515104.5,-0.3840203285217285,1.3743330198223323e+19,27555979264.0,810001,40000.0,-5168419895012.497,,,,,,,
5.348500442504885,0.23163421819029129,-0.10979923722419592,-0.8524669023336294,0.0,896.4045533916294,87.9241482411201,21,38807,822000,0.0003,35254530048.0,4591209.0,-0.9781507849693298,2.4812619530393092e+19,35857395712.0,812001,40000.0,-5168419895012.497,,,,,,,
6.298092086791999,0.25157042658826584,0.10158763553070602,-0.8460709626195099,0.0,883.5839880252828,-83.79946564710612,21,38877,824000,0.0003,44370296832.0,4611922.5,1.0788133144378662,7.023764720726101e+19,92091949056.0,814001,40000.0,-5168419895012.497,,,,,,,
3.6650515689849854,0.3632202809209146,-0.028170952936629086,-0.7905043396380628,0.0,797.6016977823037,-9.69892766459081,21,38947,826000,0.0003,16796771328.0,4583841.5,2.19846773147583,4.909489842322145e+18,15024349184.0,816001,40000.0,-5168419895012.497,,,,,,,
5.280616191864018,0.19297951593743654,-0.0698998483495638,-0.8393951017613068,0.0,863.6173561814817,69.2609111673566,21,39018,828000,0.0003,47153242112.0,4504357.0,-0.3114479184150696,2.287324374671714e+19,31847012352.0,818001,40000.0,-5168419895012.497,,,,,,,
6.9303112449645985,0.2726132054199736,0.1303908746922905,-0.8097178146449402,0.0,818.0295765638252,-121.91975467796229,21,39088,830000,0.0003,33359261696.0,4508684.5,2.5885939598083496,1.4648259054208549e+19,28712669184.0,820001,40000.0,-5168419895012.497,,,,,,,
2.9475654182434092,0.350717372769148,-0.09698043656669557,-0.7577649668016061,0.0,736.260329946908,33.634744164242356,21,39159,832000,0.0003,32407363584.0,4493673.5,2.4364514350891113,1.8663519388195357e+19,26035527680.0,822001,40000.0,-5168419895012.497,,,,,,,
4.940467765808103,0.1644780135328633,-0.022582015556280834,-0.8119819071480189,0.0,806.1059331184232,38.93167372333575,21,39230,834000,0.0003,32140199936.0,4475817.0,-0.0841941237449646,3.75396491408305e+19,58490228736.0,824001,40000.0,-5168419895012.497,,,,,,,
7.3397300128936775,0.2919128825407872,0.1388019494706713,-0.7631294720886452,0.0,735.4978590856283,-131.88119094586085,21,39301,836000,0.0003,59102605312.0,4533031.5,-1.0001577138900757,6.773427033704759e+19,84194451456.0,826001,40000.0,-5168419895012.497,,,,,,,
2.4372440242767337,0.32825204586331386,-0.1517177469449517,-0.7165496123740828,0.0,663.1634657500863,57.56883477496865,21,39372,838000,0.0003,37614690304.0,4545811.0,-0.14906835556030273,5.871708311867988e+19,89031049216.0,828001,40000.0,-5168419895012.497,,,,,,,
4.563802362442018,0.13908752349064374,0.017118621109254193,-0.76942521992061,0.0,723.690133656331,18.232729680580686,21,39443,840000,0.0003,34497511424.0,4447784.5,-0.4476717710494995,1.840853384562108e+19,45493858304.0,830001,40000.0,-4922306306378.433,,,,,,,
2.7077514457702665,0.1503244837944226,0.14809089226767658,-0.9752072682629223,0.0,1162.9740487195563,-19.383869742766308,21,39514,842000,0.0003,43042074624.0,4438538.5,-0.049747347831726074,2.7392674142504354e+19,56255533056.0,832001,40000.0,-4922306306378.433,,,,,,,
5.300430099487307,0.27467139748144287,0.08011442322781205,-0.9451945953499052,0.0,1098.3842074927834,-65.04232487461519,21,39585,844000,0.0003,26637430784.0,4478387.5,1.1956454515457153,1.1220637107733135e+19,18320818176.0,834001,40000.0,-4922306306378.433,,,,,,,
5.64823937797546,0.3650799893919905,0.021505402074579242,-0.9124043267752492,0.0,1040.5277111626133,-17.724363858319172,21,39656,846000,0.0003,24472358912.0,4495872.5,-0.939610481262207,7.446648107787354e+18,11821710336.0,836001,40000.0,-4922306306378.433,,,,,,,
6.124253137588502,0.3291285248381165,-0.0450154589758417,-0.9265484006429388,0.0,1064.39860022932,47.00414155364316,21,39727,848000,0.0003,45869211648.0,4479246.0,0.2790692448616028,4.7517523648851214e+19,51345502208.0,838001,40000.0,-4922306306378.433,,,,,,,
6.073263298034666,0.32500720292095453,0.04718535561127311,-0.9282029718657023,0.0,1067.5004737159993,-41.22934160908864,21,39798,850000,0.0003,29248679936.0,4395345.5,-0.09798861294984818,1.0764533296252584e+19,21977112576.0,840001,40000.0,-4922306306378.433,,,,,,,
5.774235263824461,0.37141183738780137,-0.012969453771886618,-0.9104708815982825,0.0,1037.3685773631855,14.525600515337961,21,39870,852000,0.0003,39254720512.0,4454160.0,-0.6514480113983154,2.3225201816814748e+19,26616987648.0,842001,40000.0,-4922306306378.433,,,,,,,
6.071949954986571,0.3175698249597564,-0.032379391250699996,-0.9317392039902407,0.0,1073.4504005111044,35.70188920926879,21,39943,854000,0.0003,35893645312.0,4430854.0,-2.993605613708496,1.6702584380521972e+19,33677780992.0,844001,40000.0,-4922306306378.433,,,,,,,
5.855555883407595,0.3384609257451864,0.05150396921043095,-0.9239249374007754,0.0,1060.9279441740043,-44.36624821082921,21,40015,856000,0.0003,64415195136.0,4358754.0,-1.5620434284210205,2.6146927468234146e+19,29065979904.0,846001,40000.0,-4922306306378.433,,,,,,,
6.016644947052002,0.3606862053049945,-0.031681858052010646,-0.9160266339776706,0.0,1047.2790019970669,33.54246203654574,21,40087,858000,0.0003,28208934912.0,4398809.5,-0.6032065153121948,7.833008797206446e+19,87160930304.0,848001,40000.0,-4922306306378.433,,,,,,,
6.070841060638425,0.3139977160195694,-0.004149935554409058,-0.9346152490044634,0.0,1078.9200432183943,8.164529936466522,21,40159,860000,0.0003,40207904768.0,4305849.5,-1.3868200778961182,1.7430450082993406e+19,35204296704.0,850001,40000.0,-4922306306378.433,,,,,,,
5.759104745864875,0.36150867197852593,0.03393508306682681,-0.9164277109613119,0.0,1048.6289542943357,-28.91863907198307,21,40230,862000,0.0003,37295169536.0,4371688.5,-3.2966175079345703,3.6515352904487404e+19,48430235648.0,852001,40000.0,-4922306306378.433,,,,,,,
6.120438364028934,0.34077229683768134,-0.045795557113111965,-0.924861245055385,0.0,1063.079748235606,47.62618295887453,21,40302,864000,0.0003,23536433152.0,4306708.0,0.24131664633750916,2.492927551507687e+19,41292001280.0,854001,40000.0,-4922306306378.433,,,,,,,
5.927803272247316,0.30938722973718286,0.021362692752173392,-0.9372775202625309,0.0,1084.231589787828,-14.834132715195336,21,40373,866000,0.0003,35773779968.0,4271803.5,-2.2714836597442627,1.1079337768936014e+19,19390953472.0,856001,40000.0,-4922306306378.433,,,,,,,
5.609945636749265,0.3582480005818557,0.008791531416036641,-0.919347180557465,0.0,1053.9026376817824,-5.799855273392429,21,40444,868000,0.0003,30461440000.0,4337304.0,-0.8656896948814392,1.6755224599213375e+19,36132798464.0,858001,40000.0,-4922306306378.433,,,,,,,
5.980680835723879,0.3176096838647463,-0.04121226572146707,-0.9350704680037503,0.0,1081.2106188058142,43.5259634979052,21,40515,870000,0.0003,49325998080.0,4368746.0,-0.5535744428634644,5.502271965130601e+19,66531979264.0,860001,40000.0,-4922306306378.433,,,,,,,
5.6380742893219,0.3172755221715274,0.04200431228095728,-0.9356046934906722,0.0,1082.321558149926,-33.91080873477551,21,40587,872000,0.0003,27869075456.0,4290339.0,0.052051424980163574,4.637030201252276e+19,72496406528.0,862001,40000.0,-4922306306378.433,,,,,,,
5.738777265548708,0.3538581335340274,-0.012321420689529395,-0.9226260091435283,0.0,1060.085914937166,15.651753103484152,21,40658,874000,0.0003,22027866112.0,4273396.5,0.07974278926849365,1.321044968879843e+19,22278744064.0,864001,40000.0,-4922306306378.433,,,,,,,
5.935986064910891,0.30796497355598923,-0.0169322855948072,-0.9402876914025964,0.0,1090.7413870351356,19.70658029721243,21,40729,876000,0.0003,25141975040.0,4260769.5,2.0520002841949463,7.310388490487307e+19,88781365248.0,866001,40000.0,-4922306306378.433,,,,,,,
5.659364564895631,0.3407590392314212,0.035154920222790625,-0.928270975304101,0.0,1070.2704409648104,-29.37813246296063,21,40800,878000,0.0003,40208019456.0,4274925.0,0.5422813892364502,2.6228981821991813e+19,31767504896.0,868001,40000.0,-4922306306378.433,,,,,,,
6.019546611785887,0.3446090524538288,-0.028080324668530526,-0.9272089978681769,0.0,1068.4719034167601,29.932230517270874,21,40871,880000,0.0003,20604633088.0,4253859.0,0.7778958678245544,5.652946619675443e+18,17055934464.0,870001,40000.0,-4698567059098.854,,,,,,,
4.435396001815798,0.19948910141201143,0.23412702346380013,-0.9259443464355022,0.0,1067.6387703819264,-132.70497520546195,21,40943,882000,0.0003,30209038336.0,4272097.0,-1.1654136180877686,1.2580878126826914e+19,22750863360.0,872001,40000.0,-4698567059098.854,,,,,,,
4.550407411575323,0.3530126689305246,-0.02932681432260838,-0.878576539993235,0.0,967.2356279717104,24.275764955450057,21,41014,884000,0.0003,26997934080.0,4208624.5,0.5749439001083374,8.317433829195252e+18,22377594880.0,874001,40000.0,-4698567059098.854,,,,,,,
5.498355466842657,0.24421605278040368,-0.04895575025750702,-0.9172543975550037,0.0,1030.1034411786163,50.48188214123824,21,41088,886000,0.0003,24264050688.0,4173420.25,1.162864089012146,6.953331325264724e+18,13259583488.0,876001,40000.0,-4698567059098.854,,,,,,,
5.732552179336545,0.2993508392716338,0.10525439134533801,-0.8957803965139575,0.0,996.2213102379093,-90.83585090158192,21,41159,888000,0.0003,42887798784.0,4261370.5,-1.6344935894012451,9.893349331733106e+19,108529713152.0,878001,40000.0,-4698567059098.854,,,,,,,
4.9565101528167705,0.34122545922846526,-0.07801602635219247,-0.8784671511447223,0.0,965.4677084606789,67.79294524304625,21,41230,890000,0.0003,59246727168.0,4251648.5,-1.0234483480453491,2.729336405326037e+19,44499783680.0,880001,40000.0,-4698567059098.854,,,,,,,
5.3039286880493055,0.23027059238656136,-0.015407270816152759,-0.9188205462236921,0.0,1031.2664180649545,22.98309300828416,21,41302,892000,0.0003,34624774144.0,4210467.0,-1.6431094408035278,1.3133797235668025e+19,28515952640.0,882001,40000.0,-4698567059098.854,,,,,,,
5.301627569198608,0.33278112492637196,0.09673236912707292,-0.8792724898101623,0.0,967.883352604012,-86.58348633566344,21,41373,894000,0.0003,22618003456.0,4173352.75,-1.058861494064331,1.3870548091603517e+19,26470107136.0,884001,40000.0,-4698567059098.854,,,,,,,
5.380041460037235,0.311417775767697,-0.10522764881262774,-0.8847038058498167,0.0,974.3474643706369,93.86282458551568,21,41445,896000,0.0003,28290375680.0,4098003.0,-0.3719646632671356,1.5720412633662226e+19,21923598336.0,886001,40000.0,-4698567059098.854,,,,,,,
5.404428583145138,0.22721501879619635,0.029496556126179546,-0.915860670020402,0.0,1024.678206039529,-15.636807363431448,21,41517,898000,0.0003,16675793920.0,4135054.75,0.5752872228622437,5.402264565612282e+18,15255949312.0,888001,40000.0,-4698567059098.854,,,,,,,
4.613990869522102,0.3469157885375452,0.04939921638977853,-0.8705933550843878,0.0,950.4841936529286,-49.73037357022363,,,900000,0.0003,19305580544.0,4061984.25,-0.8432307243347168,2.330768388059562e+18,13610125312.0,890000,,,0.0,0.0,40000.0,-37037.1031564196,2608.866710619791,0.0,0.0
,,,,,,,21,42753,900000,0.0003,31662366720.0,4062395.0,1.3698021173477173,1.3141862153457762e+19,21725317120.0,890001,40000.0,-4698567059098.854,,,,,,,
5.510606870651236,0.2649802801373569,-0.09894597177896118,-0.8974368587321514,0.0,992.9584927602012,88.59157665034058,21,42824,902000,0.0003,34868314112.0,4094038.0,-0.4999251961708069,2.075570969594613e+19,52009918464.0,892001,40000.0,-4698567059098.854,,,,,,,
5.589836221694951,0.23898370882786324,0.08368436354079786,-0.9064330146222244,0.0,1008.4218355050068,-63.90852470238932,21,42895,904000,0.0003,19258929152.0,4128305.0,1.044001817703247,6.948671045230395e+18,19130222592.0,894001,40000.0,-4698567059098.854,,,,,,,
4.304281648635861,0.36209419015541494,-0.007714470820769582,-0.858555915333734,0.0,928.6310082119778,-1.6291870240700708,21,42967,906000,0.0003,27408549888.0,4113414.25,-0.31015217304229736,3.5451911855172223e+19,64604164096.0,896001,40000.0,-4698567059098.854,,,,,,,
5.4903697795867865,0.23591568112356606,-0.07856399059665836,-0.9024984209240191,0.0,998.6677070939229,76.07513411422835,21,43038,908000,0.0003,19685279744.0,4092121.5,1.5537351369857788,2.0981140365965787e+19,54684430336.0,898001,40000.0,-4698567059098.854,,,,,,,
5.6607129631042445,0.263582454614554,0.11016518373586215,-0.8919122291282008,0.0,982.5891300820094,-90.43291938414036,21,43109,910000,0.0003,28140634112.0,4026823.75,0.558164656162262,8.768840527001944e+18,15654660096.0,900001,40000.0,-4698567059098.854,,,,,,,
4.314814229965206,0.34252862772714066,-0.06597692150461482,-0.8604947649678109,0.0,928.8220104826968,52.16756369185294,21,43181,912000,0.0003,26047475712.0,4163176.25,1.408767819404602,1.6401375369115992e+19,23279865856.0,902001,40000.0,-4698567059098.854,,,,,,,
5.206708820343009,0.21423879236058124,-0.030079561076923854,-0.9051163170035826,0.0,999.6935914888127,37.17081008096302,21,43254,914000,0.0003,25859637248.0,4077198.0,-0.9223478436470032,2.6556680267534172e+19,47757402112.0,904001,40000.0,-4698567059098.854,,,,,,,
5.4681922569274946,0.29791249278147736,0.11068621606820159,-0.8736166226518223,0.0,950.0939782775639,-94.10857148249265,21,43325,916000,0.0003,13530289152.0,4071435.75,0.6447746753692627,2.38548778323909e+18,6354664960.0,906001,40000.0,-4698567059098.854,,,,,,,
4.706475872039798,0.3184195889959575,-0.10432801122078417,-0.8625725099459141,0.0,929.796834778133,86.4538090260675,21,43396,918000,0.0003,22042099712.0,3959564.75,0.25622475147247314,5.098008807485735e+18,18396880896.0,908001,40000.0,-4698567059098.854,,,,,,,
5.027165805816641,0.20414789504149647,0.0010833902663286861,-0.9031749839918748,0.0,993.5977058765648,7.563074684792258,21,43467,920000,0.0003,28490901504.0,3960425.75,-0.01801002025604248,3.824193800381661e+18,10862658560.0,910001,40000.0,-4494283246368.74,,,,,,,
2.2848813571929942,0.1280706029817179,0.12251827066989172,-0.9704537338284175,0.0,1146.3265774030222,-0.9057091228091481,21,43537,922000,0.0003,33799864320.0,4047834.75,0.3737426698207855,9.711755310703575e+18,34068590592.0,912001,40000.0,-4494283246368.74,,,,,,,
4.686001947402959,0.22171160333287926,0.06690964822817386,-0.951592823916587,0.0,1104.2486097260576,-40.68055486152177,21,43608,924000,0.0003,36420333568.0,4032807.5,0.4380989670753479,1.0361973502021468e+19,22171205632.0,914001,40000.0,-4494283246368.74,,,,,,,
4.9288288631439015,0.3339991630256412,0.049042340193204866,-0.914543265182284,0.0,1040.006384764795,-41.56503731871248,21,43679,926000,0.0003,48203599872.0,3947059.0,-1.0001329183578491,1.7167125844234076e+19,37436370944.0,916001,40000.0,-4494283246368.74,,,,,,,
5.576467353820806,0.2966318372263776,-0.0789691679155766,-0.9286695476257603,0.0,1065.1270581123456,76.61297274417309,21,43750,928000,0.0003,39517569024.0,3898140.25,-0.3632480800151825,9.48586394531188e+18,14195027968.0,918001,40000.0,-4494283246368.74,,,,,,,
5.1798631172180105,0.2522351297562834,0.05378989578264536,-0.9447367928786258,0.0,1093.0272374833955,-37.007986257602845,21,43820,930000,0.0003,33083295744.0,3896936.0,1.1850022077560425,1.8023357330225103e+19,36363612160.0,920001,40000.0,-4494283246368.74,,,,,,,
5.045944923400875,0.34165884169118554,0.013399419910212693,-0.9151940223101367,0.0,1041.8138504792403,-8.697242154979394,21,43889,932000,0.0003,35655450624.0,3969190.5,-0.16499802470207214,6.185684412491052e+19,63922212864.0,922001,40000.0,-4494283246368.74,,,,,,,
5.345907632827758,0.2720022069448852,-0.0656769228622629,-0.9404473345928303,0.0,1086.7770244148176,64.75006856905136,21,43960,934000,0.0003,29745809408.0,3869313.5,0.36706313490867615,1.8548136637976543e+19,42527379456.0,924001,40000.0,-4494283246368.74,,,,,,,
5.181212034225464,0.2764563660676388,0.06954751483378976,-0.9395702566886135,0.0,1085.5942057225375,-51.491930199025006,21,44030,936000,0.0003,45736148992.0,3841436.5,-0.006124138832092285,3.281100807055658e+19,48510169088.0,926001,40000.0,-4494283246368.74,,,,,,,
5.207506486892698,0.3374208204648095,-0.02098431381918378,-0.9199585747993344,0.0,1051.2167016311653,24.76560923913853,21,44100,938000,0.0003,60223700992.0,3801961.5,0.2964802384376526,9.739810009593256e+19,70702358528.0,928001,40000.0,-4494283246368.74,,,,,,,
5.3408414707183836,0.25528153307133644,-0.043036557180931,-0.9491517079559932,0.0,1103.1518832288439,44.33084309887533,21,44171,940000,0.0003,26050613248.0,3837837.0,2.6045236587524414,2.2062805820511355e+18,10084974592.0,930001,40000.0,-4494283246368.74,,,,,,,
5.0058779850006,0.2998772976825052,0.06925300301672431,-0.9347690022500812,0.0,1078.6771225146251,-54.24993657881537,21,44241,942000,0.0003,20441610240.0,3870886.0,0.9797120690345764,2.2308558763947196e+19,48001331200.0,932001,40000.0,-4494283246368.74,,,,,,,
5.41226797485351,0.32314966861683936,-0.04741656481500551,-0.9279963578638989,0.0,1066.8860722270738,48.33149804398597,21,44312,944000,0.0003,29695191040.0,3884391.0,-2.8621342182159424,1.316549945443169e+19,29730347008.0,934001,40000.0,-4494283246368.74,,,,,,,
5.141717329025276,0.24815962350778684,-0.007569945654320175,-0.9543580223487182,0.0,1113.1840515303513,14.548292902633086,21,44382,946000,0.0003,26343186432.0,3941864.25,-1.8782864809036255,1.4709407293875683e+19,27204513792.0,936001,40000.0,-4494283246368.74,,,,,,,
4.878850460052481,0.3099159920276828,0.046644681438203314,-0.9347554546176456,0.0,1079.3421429369876,-35.833393732747645,21,44453,948000,0.0003,30590720000.0,3817293.25,0.5465628504753113,1.2348280840017412e+19,33140090880.0,938001,40000.0,-4494283246368.74,,,,,,,
5.340847692489629,0.29502174279173343,-0.05989330879910471,-0.9406087539415797,0.0,1090.4098199566106,57.684288747486704,21,44524,950000,0.0003,27539611648.0,3822163.75,1.3349168300628662,5.032389073930761e+19,81227980800.0,940001,40000.0,-4494283246368.74,,,,,,,
4.8916428813934365,0.25237084580088326,0.02803544431287004,-0.9554000221740548,0.0,1116.0770670459697,-16.224274749451002,21,44595,952000,0.0003,25184157696.0,3723567.5,-2.581094741821289,4.778802989756318e+18,13376978944.0,942001,40000.0,-4494283246368.74,,,,,,,
5.038381635665899,0.31673856937209727,0.02334637624977727,-0.9351215243182657,0.0,1080.8223277760744,-14.45682193987222,21,44666,954000,0.0003,16367160320.0,3727198.5,1.7406654357910156,7.268558560169034e+18,21463521280.0,944001,40000.0,-4494283246368.74,,,,,,,
5.23491800689697,0.2746854125479102,-0.05478106696380706,-0.9497147198297066,0.0,1107.3035309159056,52.24234340470312,21,44737,956000,0.0003,25300824064.0,3694051.25,1.2904052734375,9.929550971979956e+18,28704800768.0,946001,40000.0,-4494283246368.74,,,,,,,
4.872088716506957,0.26540545987431147,0.044876145620730654,-0.9533129499589182,0.0,1113.4682740101073,-29.785064685103197,21,44808,958000,0.0003,17615509504.0,3733790.75,-0.7526430487632751,3.584708073224143e+18,8924349440.0,948001,40000.0,-4494283246368.74,,,,,,,
5.092493364334108,0.3138700177448576,-0.006133797976194152,-0.9381893973797161,0.0,1086.8968878281155,10.332527040135137,21,44879,960000,0.0003,15365071872.0,3659802.75,-0.6568566560745239,3.7239257616319775e+18,17174865920.0,950001,40000.0,-4307023258533.9585,,,,,,,
4.299455110549929,0.17880807604248733,0.2110638609353229,-0.9126600080716537,0.0,1031.0843896423992,-112.73825452371125,21,44951,962000,0.0003,14374580224.0,3652146.25,0.9301850199699402,6.059451461627019e+18,16643814400.0,952001,40000.0,-4307023258533.9585,,,,,,,
3.947977840423585,0.32662969433321165,-0.02562887644380185,-0.8693957648614019,0.0,943.1869979250808,20.149376582250824,21,45022,964000,0.0003,19936935936.0,3684432.25,-1.1929278373718262,1.242993936958908e+19,23117328384.0,954001,40000.0,-4307023258533.9585,,,,,,,
4.792318561553955,0.19782321576228948,-0.06644725377155322,-0.9113608079545658,0.0,1012.8684335269438,64.2164276435775,21,45094,966000,0.0003,41312530432.0,3694220.5,-1.589058756828308,3.799206738933475e+19,66453291008.0,956001,40000.0,-4307023258533.9585,,,,,,,
5.026154220581059,0.24482426345689096,0.11145122875603304,-0.896150039155209,0.0,988.5318537381656,-77.94342212215939,21,45166,968000,0.0003,16927863808.0,3648623.0,0.7275571227073669,1.7503947487507907e+18,9550778368.0,958001,40000.0,-4307023258533.9585,,,,,,,
4.211599817276008,0.30880271332187254,-0.06953127340542813,-0.8750777587589428,0.0,951.8822707149915,56.79261306468223,21,45238,970000,0.0003,16961230848.0,3568660.5,2.436318874359131,1.9042746995929252e+18,7098169344.0,960001,40000.0,-4307023258533.9585,,,,,,,
4.521849731445318,0.18168117308558349,-0.030169379175434656,-0.9162908410023295,0.0,1021.1700592980593,36.94107515387581,21,45310,972000,0.0003,26768771072.0,3581083.75,-0.6973591446876526,1.3265946438698795e+19,19133014016.0,962001,40000.0,-4307023258533.9585,,,,,,,
4.731741247177122,0.2782233543516827,0.10959485746464791,-0.8846481675033907,0.0,969.5527682154601,-81.57907556142473,21,45382,974000,0.0003,36928741376.0,3640319.75,0.40199482440948486,9.15860288549505e+19,85875720192.0,964001,40000.0,-4307023258533.9585,,,,,,,
4.585560049056999,0.2866458533833619,-0.10655952267806774,-0.8809695856593105,0.0,962.2978262953977,92.80397746811838,21,45454,976000,0.0003,46499758080.0,3521679.5,1.0061485767364502,6.811135884490965e+19,68724703232.0,966001,40000.0,-4307023258533.9585,,,,,,,
4.480530809402471,0.17569281288665592,0.013348433367858455,-0.9174913876154607,0.0,1022.3365879965417,-3.1502710984195508,21,45526,978000,0.0003,20405215232.0,3619656.25,-0.20383045077323914,2.529210170785923e+18,11941233664.0,968001,40000.0,-4307023258533.9585,,,,,,,
4.345856130599955,0.30496815395601806,0.08612368747647102,-0.8749866029606125,0.0,953.1619817979068,-65.17411888381456,21,45598,980000,0.0003,22460635136.0,3515421.5,0.8663742542266846,8.137863789170131e+18,18568652800.0,970001,40000.0,-4307023258533.9585,,,,,,,
4.967663766860957,0.25560901900096855,-0.122063904977436,-0.8900984331038013,0.0,977.9281071844698,102.22502304213272,21,45670,982000,0.0003,25238876160.0,3512047.0,-2.5907297134399414,1.0899551125120221e+19,31498168320.0,972001,40000.0,-4307023258533.9585,,,,,,,
4.719332315444948,0.18741986017888868,0.06006224021813618,-0.9132666452871727,0.0,1014.7282513032208,-33.28408959615214,21,45742,984000,0.0003,14464809984.0,3553256.25,0.8715358376502991,1.1986961527920919e+19,22299564032.0,974001,40000.0,-4307023258533.9585,,,,,,,
4.002994529724123,0.3264424179902949,0.04534874377848555,-0.8666814106670544,0.0,939.1511520545534,-39.145278699971875,21,45814,986000,0.0003,26632065024.0,3507083.5,-1.15621018409729,6.476585282484306e+19,82067300352.0,976001,40000.0,-4307023258533.9585,,,,,,,
5.117681291580203,0.2246079900139795,-0.11098169003244872,-0.8995307206665999,0.0,993.1836423653684,97.39866610038676,21,45885,988000,0.0003,23588196352.0,3495140.25,-1.8768523931503296,1.1346032010834477e+19,28256288768.0,978001,40000.0,-4307023258533.9585,,,,,,,
4.8016245517730765,0.20318334352516698,0.09780591478717397,-0.9072041187292105,0.0,1006.1690792638171,-63.775273154411416,21,45957,990000,0.0003,42333216768.0,3471133.75,-0.31418582797050476,1.5932678850962522e+19,13872413696.0,980001,40000.0,-4307023258533.9585,,,,,,,
3.8820510864257805,0.32885403315475015,-0.011525213415886158,-0.8656328909099406,0.0,936.0233128708321,8.300403336177805,21,46029,992000,0.0003,42777767936.0,3441635.75,-1.0910595655441284,5.074383601139712e+18,13599551488.0,982001,40000.0,-4307023258533.9585,,,,,,,
4.807076704025269,0.19695454960562947,-0.07913906156187861,-0.9083640429767782,0.0,1007.7430180569306,74.17886831678345,21,46101,994000,0.0003,24007516160.0,3451582.0,0.7674699425697327,6.663920073624781e+18,18655318016.0,984001,40000.0,-4307023258533.9585,,,,,,,
4.881905216217045,0.22874207669399088,0.1076302153209287,-0.8989746177802304,0.0,992.2014638759073,-73.14955844449959,21,46172,996000,0.0003,40445657088.0,3374135.0,-1.2528338432312012,5.612504602884912e+19,68695855104.0,986001,40000.0,-4307023258533.9585,,,,,,,
4.011437238693241,0.30649125259090737,-0.05787662427597332,-0.8743390075631788,0.0,949.6386540889362,47.06315529741299,21,46244,998000,0.0003,31534735360.0,3362705.5,2.249906301498413,4.874914599675101e+18,13127515136.0,988001,40000.0,-4307023258533.9585,,,,,,,
4.307439977645874,0.1737659889598314,-0.04107188385282058,-0.9160574877195713,0.0,1020.4730526791257,44.23984729150141,,,1000000,0.0003,26763638784.0,3366257.5,0.4396558403968811,5.883651646973542e+18,15033858048.0,990000,,,0.0,0.0,40000.0,-38044.74801439536,1601.0489658026304,0.0,0.0
,,,,,,,21,47469,1000000,0.0003,30133561344.0,3366283.25,0.5432345867156982,1.079262581834226e+19,13691633664.0,990001,40000.0,-4134743905922.514,,,,,,,
