rollout/acrobot_xk_applied_torque,rollout/acrobot_xk_elbow_norm,rollout/acrobot_xk_elbow_rate_norm,rollout/acrobot_xk_energy_error_norm,rollout/acrobot_xk_homoclinic_capture,rollout/acrobot_xk_lyapunov,rollout/acrobot_xk_lyapunov_rate,time/fps,time/time_elapsed,time/total_timesteps,train/learning_rate,train/actor_loss,train/alpha,train/critic_loss,train/fraction,train/n_updates,rollout/ep_len_mean,rollout/ep_rew_mean,eval/best_strict_capture_mean_max_duration,eval/best_strict_capture_success_rate,eval/mean_ep_length,eval/mean_reward,eval/std_reward,eval/strict_capture_mean_max_duration,eval/strict_capture_success_rate
-0.03987453701964117,-0.0012816657608105816,0.027864266446193896,-0.9763333339265917,0.0,1162.8230522053584,67.42653177142257,2169,0,2000,0.0003,,,,,,,,,,,,,,
0.03381647872505701,0.04770356101298444,-0.03296048166476596,-0.9711047008742724,0.0,1182.4106305510704,135.45849955614847,2177,1,4000,0.0003,,,,,,,,,,,,,,
0.16796290568599917,-0.010235927419923161,-0.03276508979673829,-0.9650729656353905,0.0,1194.2132894943443,31.38655948525914,2181,2,6000,0.0003,,,,,,,,,,,,,,
-0.032887191985719384,-0.008675402105272715,0.15146821694392482,-0.9586577933898882,0.0,1207.4091392165797,-92.82494607801772,2184,3,8000,0.0003,,,,,,,,,,,,,,
-0.12557743028795826,-0.02801264451372036,0.025855542251269476,-0.9520678597269036,0.0,1211.993900955207,-47.05320677715566,1531,6,10000,0.0003,0.21059152483940125,0.05000000074505806,2844547.0,4.272843360900879,1,,,,,,,,,
3.2589618176221853,0.1927411486528975,-0.05587916092069475,-0.9496714815178948,0.0,1105.5412195956505,79.37909739367056,174,68,12000,0.0003,34482.640625,0.05000000074505806,151536.3125,1740.7020263671875,2001,,,,,,,,,
-3.069856268763544,-0.15269103575936668,-0.3025638777263515,-0.9446060498589693,0.0,1125.3538447635376,-167.19353332486105,105,132,14000,0.0003,78995.7421875,0.05000000074505806,43382.46875,1338.860107421875,4001,,,,,,,,,
-10.894172291159624,-0.5569680419369348,-0.40420495622776365,-0.7349908900609745,0.0,841.8872088665179,-364.8985053163828,81,196,16000,0.0003,114336.7265625,0.05000000074505806,46806.7890625,1182.1319580078125,6001,,,,,,,,,
4.469474390745163,0.3248355548097601,-0.7749985643453331,-0.6438653550673467,0.0,1374.3941296434464,1702.3382980221609,69,260,18000,0.0003,147718.8125,0.05000000074505806,160520.6875,2155.19775390625,8001,17839.0,-60616507.014536,,,,,,,
1.3499874246120462,0.00916307281841874,0.09475690672205085,-0.9808479819914001,0.0,1200.891609937181,126.49256039448032,61,324,20000,0.0003,167786.9375,0.05000000074505806,1723193.5,6459.796875,10001,17839.0,-60616507.014536,,,,,,,
0.7989849740266798,0.10720498058587172,0.004423745692957324,-0.9773878398455925,0.0,1175.167092943874,-177.70445441521758,56,388,22000,0.0003,196698.375,0.05000000074505806,14332354.0,13203.720703125,12001,17839.0,-60616507.014536,,,,,,,
7.837546194791793,0.3808914607461246,0.3788021906087119,-0.8666273989729668,0.0,1021.1380106434192,-378.3705493717862,53,452,24000,0.0003,212550.96875,0.05000000074505806,6153834.0,10588.7265625,14001,17839.0,-60616507.014536,,,,,,,
8.593911207318301,0.45262670182897036,0.3842175615770314,-0.5732300948867239,0.0,707.0284882691205,218.68011170104157,50,516,26000,0.0003,186229.703125,0.05000000074505806,36520128.0,17160.615234375,16001,17839.0,-60616507.014536,,,,,,,
2.5820779490470818,0.008308930250943985,1.2822718293117523,-0.5316303757987404,0.0,1482.754277649092,2259.6515805426575,48,580,28000,0.0003,114515.875,0.05000000074505806,308012480.0,30717.732421875,18001,13419.0,-55282017.644677,,,,,,,
2.7661990994214976,-0.3535004734073222,0.7729758376938072,-0.36911868109245466,0.0,1077.2605087404131,913.6291778151242,46,644,30000,0.0003,90257.2890625,0.05000000074505806,144623888.0,22129.376953125,20001,9861.333333333334,-51199697.16572567,,,,,,,
7.569553657770155,0.5157458372240654,0.3159873203442999,-0.7994853342626149,0.0,906.4310411017544,-467.14950024526223,45,708,32000,0.0003,92806.9921875,0.05000000074505806,71137096.0,19904.4453125,22001,9861.333333333334,-51199697.16572567,,,,,,,
7.075162388086325,0.7067717110464429,-0.02536455725558605,-0.7082496091202343,0.0,759.5551163513807,63.231238757763606,44,772,34000,0.0003,117176.9375,0.05000000074505806,53425620.0,20252.611328125,24001,9861.333333333334,-51199697.16572567,,,,,,,
9.202831152677529,0.5009427207226158,-0.18549114093074912,-0.8411644607998053,0.0,942.7848182055471,225.75226165004173,43,836,36000,0.0003,109259.921875,0.05000000074505806,77000208.0,21444.990234375,26001,9861.333333333334,-51199697.16572567,,,,,,,
5.6496186530590045,0.3239153581844959,-0.036735654668727295,-0.9317972450653176,0.0,1075.3180796737638,30.58384794406784,42,900,38000,0.0003,101998.265625,0.05000000074505806,69354992.0,16601.08203125,28001,9861.333333333334,-51199697.16572567,,,,,,,
5.375572421550751,0.29657448275047527,-0.03776172142923853,-0.9415701429450386,0.0,1091.856035211924,34.28277254657042,41,964,40000,0.0003,97290.125,0.05000000074505806,84335216.0,35556.58984375,30001,9861.333333333334,-51199697.16572567,,,,,,,
3.391727393865587,0.18251848142956115,-0.10111296913976521,-0.9718738768795618,0.0,1153.3259130553238,60.223716562577415,40,1028,42000,0.0003,96136.421875,0.05000000074505806,91870016.0,47863.13671875,32001,9861.333333333334,-51199697.16572567,,,,,,,
2.272268015146254,0.13441679318908917,0.03654390238932064,-0.984467491399224,0.0,1169.6709780659628,-14.633737545147836,40,1092,44000,0.0003,100101.25,0.05000000074505806,94456504.0,50811.94140625,34001,9861.333333333334,-51199697.16572567,,,,,,,
2.2239739543199564,0.1121297622444578,-0.0810552658612928,-0.9878235047805286,0.0,1178.5689598299246,33.02783508776688,39,1156,46000,0.0003,97917.109375,0.05000000074505806,93538144.0,42598.34765625,36001,9861.333333333334,-51199697.16572567,,,,,,,
0.6146358513832094,0.03504797654114293,0.012523225720254518,-0.9966491272926662,0.0,1193.9871924276706,-0.6176052267490714,39,1221,48000,0.0003,105474.9921875,0.05000000074505806,121628064.0,22603.35546875,38001,9861.333333333334,-51199697.16572567,,,,,,,
1.4555890452861777,0.08486128498300025,0.008156479643052864,-0.9938940936630676,0.0,1188.5923033231988,-0.5186765042941266,38,1285,50000,0.0003,82032.515625,0.05000000074505806,119168616.0,68901.5859375,40001,9861.333333333334,-51199697.16572567,,,,,,,
0.5701963198184968,0.02258690620402042,-0.057793941136088045,-0.998026135233236,0.0,1197.8379246144855,7.496635944768644,38,1349,52000,0.0003,95996.1875,0.05000000074505806,146371360.0,42169.90625,42001,9861.333333333334,-51199697.16572567,,,,,,,
0.1224210995435715,0.012407250667883707,0.02744471740185853,-0.9990526435312839,0.0,1198.7360411308807,0.15487674986306554,38,1413,54000,0.0003,107660.171875,0.05000000074505806,230819776.0,68763.015625,44001,9861.333333333334,-51199697.16572567,,,,,,,
0.5193521243333804,0.02787903780820377,-0.019751746049766174,-0.9989519218523039,0.0,1198.6582060795904,3.3545367517029008,37,1478,56000,0.0003,87265.2265625,0.05000000074505806,208377664.0,61853.53125,46001,9861.333333333334,-51199697.16572567,,,,,,,
-0.5852557313442228,-0.033540112119960004,-0.03845486964404108,-0.9988124024002862,0.0,1198.8699645085603,-3.447519787370315,37,1543,58000,0.0003,79495.9375,0.05000000074505806,213775296.0,65000.203125,48001,9861.333333333334,-51199697.16572567,,,,,,,
-0.8052592140436173,-0.04473986116633693,0.009836282407886492,-0.9985416766503594,0.0,1197.7795082814118,3.404572551942243,37,1608,60000,0.0003,95131.84375,0.05000000074505806,168319408.0,94546.9140625,50001,9861.333333333334,-51199697.16572567,,,,,,,
-1.1069198703765872,-0.05986611210894749,-0.025670979971673776,-0.9975761099225766,0.0,1196.279703182757,-3.749181024153784,37,1674,62000,0.0003,83888.9921875,0.05000000074505806,73147664.0,66864.2265625,52001,9861.333333333334,-51199697.16572567,,,,,,,
-1.303959207534791,-0.069279574985455,0.00743524328374945,-0.9970529491682134,0.0,1195.0089678419035,2.628773914966548,36,1740,64000,0.0003,80962.625,0.05000000074505806,102598144.0,54206.12890625,54001,9861.333333333334,-51199697.16572567,,,,,,,
-1.1480814021825791,-0.06259820792590584,0.003850496798180926,-0.9975914542335909,0.0,1196.0296965474151,1.8204470985188868,36,1806,66000,0.0003,63309.06640625,0.05000000074505806,113789800.0,69956.09375,56001,9861.333333333334,-51199697.16572567,,,,,,,
-1.1775091260671637,-0.06653385569963119,-0.006514191461951914,-0.9973028908350602,0.0,1195.469649198267,-0.40090175649348103,36,1873,68000,0.0003,91879.015625,0.05000000074505806,11930366377984.0,100603.9921875,58001,9861.333333333334,-51199697.16572567,,,,,,,
-0.9738797038793565,-0.0481870388943545,0.014731215608971475,-0.992476366539746,0.0,1185.3044451860098,13.62259157045263,36,1941,70000,0.0003,102535.796875,0.05000000074505806,164632784.0,122879.96875,60001,17396.0,-49726381.920789,,,,,,,
0.9160306870937345,0.05943621017936508,-0.011647712464814419,-0.9726053813295304,0.0,1145.2653870227414,17.697551413138214,35,2009,72000,0.0003,72095.2890625,0.05000000074505806,303078432.0,118190.203125,62001,17396.0,-49726381.920789,,,,,,,
-1.943436918854715,-0.13787069943403324,-0.11920362007346204,-0.9700284239918686,0.0,1145.7651196923366,-28.29117964530833,35,2078,74000,0.0003,103381.546875,0.05000000074505806,175902368.0,137117.03125,64001,17396.0,-49726381.920789,,,,,,,
-1.8784982120990756,-0.07994654154104351,0.13623048699600931,-0.9824125671719994,0.0,1168.915955343165,49.62735330059887,35,2147,76000,0.0003,89715.953125,0.05000000074505806,79109728.0,45570.078125,66001,17396.0,-49726381.920789,,,,,,,
-0.0812588816881178,-0.006969268825886933,-0.072214503982567,-0.9910234260994172,0.0,1183.5820025610824,1.1518364463339428,35,2217,78000,0.0003,95341.0625,0.05000000074505806,116234288.0,24895.076171875,68001,17396.0,-49726381.920789,,,,,,,
-0.3255535000562675,-0.03571934251325098,0.12648662256250148,-0.9878141197983722,0.0,1193.5604238569192,-1.4567675731177967,34,2287,80000,0.0003,73174.0078125,0.05000000074505806,176944704.0,157681.203125,70001,17396.0,-49726381.920789,,,,,,,
2.4732557314634316,0.1513486007880939,0.07256351876354195,-0.9813741563897322,0.0,1165.4547689660783,-30.65756943255048,34,2357,82000,0.0003,144671.953125,0.05000000074505806,172565632.0,37001.72265625,72001,17396.0,-49726381.920789,,,,,,,
3.8330769777297973,0.20742426017111504,-0.01106269256612804,-0.9711443841131698,0.0,1145.805106273994,7.923627102939552,34,2427,84000,0.0003,77240.203125,0.05000000074505806,117934440.0,32261.947265625,74001,17396.0,-49726381.920789,,,,,,,
2.9442007446289065,0.15747341419759828,-0.0184225621800194,-0.9824404194717349,0.0,1166.7398402939,10.505734619262732,34,2498,86000,0.0003,86943.9921875,0.05000000074505806,70588112.0,40273.70703125,76001,17396.0,-49726381.920789,,,,,,,
3.951371985077856,0.2336475861685263,0.1070772054473224,-0.9633681064679508,0.0,1137.286099595969,-74.3722698784071,34,2569,88000,0.0003,68141.890625,0.05000000074505806,11782823346176.0,34719.77734375,78001,17396.0,-49726381.920789,,,,,,,
5.401507332324988,0.2905195428309807,-0.027383720550432228,-0.9487392568235405,0.0,1107.1581873218558,24.108739858492033,34,2641,90000,0.0003,92247.15625,0.05000000074505806,105207360.0,82833.5625,80001,17396.0,-49726381.920789,,,,,,,
5.398866158723837,0.31263091784137015,0.06011999535855642,-0.9410365709230097,0.0,1095.6886721727176,-51.00375890359694,33,2713,92000,0.0003,98358.109375,0.05000000074505806,97072384.0,44249.48828125,82001,17396.0,-49726381.920789,,,,,,,
6.159767056107523,0.35964808905772355,-0.012665481460823013,-0.9248109524626598,0.0,1066.685417743781,13.346429996745915,33,2785,94000,0.0003,79194.953125,0.05000000074505806,160481856.0,40635.43359375,84001,17396.0,-49726381.920789,,,,,,,
5.979333547949793,0.33575097994461867,0.0019410675928507198,-0.9341002010884963,0.0,1083.416841298384,-0.28468905382576354,33,2858,96000,0.0003,102993.234375,0.05000000074505806,121172496.0,33671.67578125,86001,17396.0,-49726381.920789,,,,,,,
6.3170354557037385,0.36306942460262076,0.007491595336709956,-0.9236604715255576,0.0,1065.4019544804976,-5.720687718554964,33,2931,98000,0.0003,110470.5078125,0.05000000074505806,118455864.0,35135.35546875,88001,17396.0,-49726381.920789,,,,,,,
6.118704350590703,0.3517606321239296,-0.0006394882577323231,-0.9281002500116239,0.0,1073.6574723804024,1.4214794492655443,,,100000,0.0003,134317.796875,0.05000000074505806,122813144.0,76035.9609375,90000,,,0.0,0.0,40000.0,-40461.423774081384,730.5831011835569,0.0,0.0
,,,,,,,24,4116,100000,0.0003,115383.8046875,0.05000000074505806,96387872.0,35640.44921875,90001,17396.0,-49726381.920789,,,,,,,
6.371883388757706,0.3696295811755346,0.023182464987391623,-0.9212060313676079,0.0,1061.2070251959226,-22.117418997082847,24,4187,102000,0.0003,132809.6875,0.05000000074505806,106045608.0,17901.705078125,92001,17396.0,-49726381.920789,,,,,,,
6.822072273492814,0.4007607789291923,0.010157767540939729,-0.9081465549322918,0.0,1039.4255347895335,-10.23570446711699,24,4259,104000,0.0003,60719.60546875,0.05000000074505806,133067536.0,51288.9375,94001,17396.0,-49726381.920789,,,,,,,
6.910064650774001,0.4653284775209849,0.06382984718955938,-0.8742029271125318,0.0,991.7608647855687,-67.2639936062135,24,4330,106000,0.0003,83935.453125,0.05000000074505806,78067376.0,20635.080078125,96001,17396.0,-49726381.920789,,,,,,,
9.596684316992766,0.5504854715352171,0.1188568249606745,-0.8267137342233036,0.0,926.0343279403374,-137.56255272279287,24,4402,108000,0.0003,101211.3984375,0.05000000074505806,116154464.0,31457.2734375,98001,17396.0,-49726381.920789,,,,,,,
8.95593333423138,0.6040802153979846,0.2784766137989031,-0.7641582598175278,0.0,909.8362351501886,-31.230391322943806,24,4474,110000,0.0003,80778.5625,0.05000000074505806,120130672.0,40873.015625,100001,21916.8,-48511136.800842404,,,,,,,
8.326174876689922,0.6261187921174132,0.42182400922237956,-0.7422435377303807,0.0,877.2470175462571,-575.5458623346801,24,4547,112000,0.0003,103880.5234375,0.05000000074505806,118896784.0,77028.375,102001,21916.8,-48511136.800842404,,,,,,,
-5.382690115571025,0.0028553157427224055,0.04414626205931322,-0.5461259766159035,0.0,673.6290671257298,-103.5933769653141,24,4619,114000,0.0003,65678.859375,0.05000000074505806,117967040.0,50475.203125,104001,21916.8,-48511136.800842404,,,,,,,
4.0561499059200266,0.689268059356305,-0.21402482617249996,-0.2938611033996916,0.0,301.35653275546196,-294.3814964655571,24,4691,116000,0.0003,125118.375,0.05000000074505806,10738706939904.0,16473.3359375,106001,21916.8,-48511136.800842404,,,,,,,
12.596732340455063,0.4649276415353432,-0.04962316244185637,-0.5653084958987719,0.0,505.10694348061236,210.80946718439907,24,4763,118000,0.0003,73048.8203125,0.05000000074505806,149676544.0,182877.921875,108001,21916.8,-48511136.800842404,,,,,,,
10.432033295631404,0.6762347016633581,0.15189034242296678,-0.42652775864271303,0.0,378.3134712252841,-108.99387205153575,24,4836,120000,0.0003,98081.09375,0.05000000074505806,153184224.0,50655.02734375,110001,21916.8,-48511136.800842404,,,,,,,
1.735123307108881,0.661812852929266,-0.1421957122658404,-0.3537234246628272,0.0,295.8382779011429,-12.393389807213758,24,4908,122000,0.0003,80393.140625,0.05000000074505806,87426656.0,27921.3203125,112001,21916.8,-48511136.800842404,,,,,,,
12.130428735613817,0.4783715197278569,0.0073288515719609525,-0.5833952360060356,0.0,514.5067664135498,122.75609356933668,24,4980,124000,0.0003,104754.0625,0.05000000074505806,129489504.0,18383.8125,114001,21916.8,-48511136.800842404,,,,,,,
11.707945647835691,0.7051205085665109,0.17658387140308457,-0.42058837081575423,0.0,389.60359928291246,-75.00122918608265,24,5052,126000,0.0003,76014.1015625,0.05000000074505806,36395584.0,22294.736328125,116001,21916.8,-48511136.800842404,,,,,,,
-4.649766352176674,0.7295432535315961,-0.14993882302590794,-0.34895359333661846,0.0,322.21564055513306,-68.05347271981843,24,5124,128000,0.0003,101838.90625,0.05000000074505806,28846090.0,76778.28125,118001,21916.8,-48511136.800842404,,,,,,,
12.657171051502221,0.5325326746961078,0.11566776094867791,-0.5142632654719523,0.0,510.9446199608881,65.73643210346549,25,5196,130000,0.0003,77534.6875,0.05000000074505806,98904480.0,27598.591796875,120001,21916.8,-48511136.800842404,,,,,,,
13.490249332189544,0.657618409003971,-0.12463721861198475,-0.43147849987118025,0.0,379.1011081095647,-2.0929606765912903,25,5268,132000,0.0003,77946.921875,0.05000000074505806,103993472.0,35611.54296875,122001,21916.8,-48511136.800842404,,,,,,,
1.3093161487579392,0.4414963171922769,0.36462813716448766,-0.4926931535175358,0.0,574.6776293571329,459.6898972167282,25,5340,134000,0.0003,76068.5234375,0.05000000074505806,84432408.0,27873.33203125,124001,21916.8,-48511136.800842404,,,,,,,
-10.36398726701738,-0.5777599794072601,0.2682226527685976,-0.6646847259963905,0.0,1199.6728222748632,457.11815915034765,25,5412,136000,0.0003,71713.265625,0.05000000074505806,209288864.0,29994.82421875,126001,21916.8,-48511136.800842404,,,,,,,
-11.36771261394026,-0.2118604353532945,-1.2647131410852877,-0.24607192708861864,0.0,1396.9925999332781,-112.04256902304002,25,5483,138000,0.0003,111143.25,0.05000000074505806,144943936.0,22731.154296875,128001,21916.8,-48511136.800842404,,,,,,,
-6.9097900950908695,-0.3246709770460689,0.33381274450292586,-0.285957792310615,0.0,583.411790710451,-647.9094230059882,25,5555,140000,0.0003,94979.9609375,0.05000000074505806,52607632.0,29499.947265625,130001,21916.8,-48511136.800842404,,,,,,,
10.89121951103212,0.36877831911618636,0.2406008579572299,-0.4815739983515314,0.0,426.52715227978996,-173.80409020252588,25,5626,142000,0.0003,90686.1796875,0.05000000074505806,193614576.0,119417.796875,132001,21916.8,-48511136.800842404,,,,,,,
11.399548613429074,0.59004961340226,0.06769013743566415,-0.40329013189181356,0.0,327.02231194454004,-21.07213119318898,25,5698,144000,0.0003,110233.390625,0.05000000074505806,79862960.0,39068.953125,134001,21916.8,-48511136.800842404,,,,,,,
3.1443006396293636,0.2842580941484921,0.4393197114992071,-0.45945951922027234,0.0,598.5230155419495,693.599089357039,25,5769,146000,0.0003,68722.046875,0.05000000074505806,258158880.0,81579.796875,136001,21916.8,-48511136.800842404,,,,,,,
-11.666413580179219,-0.4723117837324622,0.17333361468103492,-0.7477962139905882,0.0,1442.6959332319202,321.61535429243366,25,5840,148000,0.0003,94008.9765625,0.05000000074505806,169965248.0,146043.9375,138001,21916.8,-48511136.800842404,,,,,,,
-3.176225386857986,-0.031996624666480136,-0.5969271304977275,-0.31881704557250334,0.0,1168.592635895979,-802.2403688995979,25,5912,150000,0.0003,83879.953125,0.05000000074505806,67751976.0,38633.71484375,140001,24930.666666666668,-44688217.01771184,,,,,,,
1.6872356629371552,-0.2031992573954958,0.6898924509927188,-0.401638480023607,0.0,775.6449721236196,-396.61471755264336,25,5983,152000,0.0003,131865.15625,0.05000000074505806,63993040.0,30541.76953125,142001,24930.666666666668,-44688217.01771184,,,,,,,
-19.00693680524826,-0.4920261814485608,-0.17146420590801173,-0.4355767002131872,0.0,1007.7539255540103,-166.35884105846955,25,6054,154000,0.0003,64124.01171875,0.05000000074505806,85684208.0,50924.2109375,144001,24930.666666666668,-44688217.01771184,,,,,,,
9.346629579663297,0.24988944538673633,-0.2447146434044753,-0.34580487114371483,0.0,1441.3662940515894,-66.26875088830674,25,6125,156000,0.0003,109073.7265625,0.05000000074505806,224258368.0,140459.625,146001,24930.666666666668,-44688217.01771184,,,,,,,
-17.567290488481557,-0.5355171161252162,0.309575259496557,-0.548221540971405,0.0,1002.7297539524852,370.04971630981794,25,6197,158000,0.0003,90547.15625,0.05000000074505806,116235552.0,49597.234375,148001,24930.666666666668,-44688217.01771184,,,,,,,
-2.7734889304637935,0.31807391558006565,-0.38530049797247545,-0.30382492548679174,0.0,476.52528485881186,-835.0436387787256,25,6268,160000,0.0003,56873.2578125,0.05000000074505806,37343280.0,21689.41015625,150001,24930.666666666668,-44688217.01771184,,,,,,,
10.40895695745945,0.4855356474380939,-0.039599034843089326,-0.5290970750610742,0.0,694.7485424016545,247.18407653628594,25,6339,162000,0.0003,76142.7265625,0.05000000074505806,302232320.0,47326.078125,152001,24930.666666666668,-44688217.01771184,,,,,,,
15.45601817309856,0.7634957007990086,0.11569092766330973,-0.4536556392037198,0.0,437.27814510507335,-91.87809607072228,25,6410,164000,0.0003,73199.3984375,0.05000000074505806,238205360.0,129103.390625,154001,24930.666666666668,-44688217.01771184,,,,,,,
-8.545526403784775,0.5303244369068171,-0.5120944486803564,-0.11223905635337571,0.0,338.3997342770785,-379.8209485914398,25,6481,166000,0.0003,54684.4765625,0.05000000074505806,193984416.0,139381.53125,156001,24930.666666666668,-44688217.01771184,,,,,,,
10.787659452557575,0.2601808828409987,0.029078757919939226,0.034256838542475784,0.0,115.89024771553612,348.5554691759026,25,6552,168000,0.0003,72531.4140625,0.05000000074505806,74681192.0,34164.734375,158001,24930.666666666668,-44688217.01771184,,,,,,,
1.3489554470777556,0.25476711650572914,-0.017243169630310747,-0.05495767883596609,0.0,157.23771190428502,-340.27321782963344,25,6623,170000,0.0003,70933.578125,0.05000000074505806,168478080.0,146120.875,160001,24930.666666666668,-44688217.01771184,,,,,,,
-1.9806628954410515,0.10132885014533159,-0.01859478518371026,-0.006445972245823098,0.0,4.022055371171474,-4.571859788314248,25,6694,172000,0.0003,64549.6015625,0.05000000074505806,135090992.0,56148.33203125,162001,24930.666666666668,-44688217.01771184,,,,,,,
-2.2797262960672406,0.1147496155169218,0.01168799639519346,-0.008221336021954158,0.0,4.138150453809452,1.2178644872700324,25,6765,174000,0.0003,44615.16015625,0.05000000074505806,241509424.0,135419.359375,164001,24930.666666666668,-44688217.01771184,,,,,,,
-2.149071466326715,0.07258101129853856,-0.12664340116770617,-0.0006958501441795412,0.0,20.15951558437214,106.9502764598705,25,6835,176000,0.0003,58112.6328125,0.05000000074505806,285102208.0,145182.59375,166001,24930.666666666668,-44688217.01771184,,,,,,,
11.60923520445824,0.22545236356302276,0.2840071286591521,0.11391885453177195,0.0,643.5706238556239,-23.535805174264805,25,6906,178000,0.0003,61663.5546875,0.05000000074505806,165356000.0,100177.5078125,168001,24930.666666666668,-44688217.01771184,,,,,,,
-3.969538146853445,0.29945314784816285,-0.10906334351672506,-0.042779897808633095,0.0,43.04451255048567,-51.10657167009251,25,6977,180000,0.0003,78351.5078125,0.05000000074505806,186531552.0,184711.421875,170001,24930.666666666668,-44688217.01771184,,,,,,,
-2.913353394269945,0.15231475521225263,-0.05300431578774509,-0.00991802911337609,0.0,8.370282594752378,-8.958517894087239,25,7048,182000,0.0003,63493.34375,0.05000000074505806,50662448.0,39283.828125,172001,24930.666666666668,-44688217.01771184,,,,,,,
5.388274193406107,0.1852523001907375,0.2065082346124429,0.11648084297396712,0.0,252.56649972326863,669.3834892461825,25,7119,184000,0.0003,67550.5546875,0.05000000074505806,308763904.0,146232.796875,174001,24930.666666666668,-44688217.01771184,,,,,,,
3.933431993722929,0.2757801806490064,-0.008922033175394934,0.03354701058845067,0.0,315.8184115314174,-606.0395167230964,25,7189,186000,0.0003,54062.0234375,0.05000000074505806,133539776.0,59436.38671875,176001,24930.666666666668,-44688217.01771184,,,,,,,
4.6178317373991025,0.29064793655562277,0.01295627672433032,0.06888770520270135,0.0,159.6767762247318,200.4405576582736,25,7260,188000,0.0003,77999.125,0.05000000074505806,138821664.0,83650.1328125,178001,24930.666666666668,-44688217.01771184,,,,,,,
10.016443617343917,0.26118022424943704,0.3042517033842727,-0.09112214280844882,0.0,543.993514648279,-110.07558481925074,25,7331,190000,0.0003,55090.390625,0.05000000074505806,402991872.0,154442.515625,180001,27083.428571428572,-40731092.36259157,,,,,,,
-0.46107715547085054,0.054246874283598756,0.6997519256292555,-0.43610004589892754,0.0,740.8955454710906,106.06848839720779,25,7402,192000,0.0003,56118.37109375,0.05000000074505806,355106944.0,124962.765625,182001,27083.428571428572,-40731092.36259157,,,,,,,
-10.713748200535779,-0.6967073914779298,-0.12220025679680988,-0.6021607260360184,0.0,1046.614982864626,-347.20556015654597,25,7473,194000,0.0003,79258.640625,0.05000000074505806,252103840.0,101418.1875,184001,27083.428571428572,-40731092.36259157,,,,,,,
-7.609700844883925,-0.5214740892575194,0.2532797185330526,-0.6296421093868455,0.0,1178.0234853168606,429.8559693148597,25,7543,196000,0.0003,59607.3046875,0.05000000074505806,113768864.0,41297.67578125,186001,27083.428571428572,-40731092.36259157,,,,,,,
-16.324802977442758,-0.31732882421701014,-1.217352057387094,-0.11748935809354154,0.0,1832.2673590838679,5527.207611193829,26,7613,198000,0.0003,86382.3984375,0.05000000074505806,404412768.0,133528.3125,188001,27083.428571428572,-40731092.36259157,,,,,,,
11.019671269655198,-0.12965736097932462,0.7046318013459286,-0.5062170389663768,0.0,1308.5989425692196,-5892.654299592911,,,200000,0.0003,82769.7109375,0.05000000074505806,194197088.0,56145.828125,190000,,,0.0,0.0,40000.0,-81546.85207867823,15905.681096841488,0.0,0.0
,,,,,,,22,8764,200000,0.0003,64372.40234375,0.05000000074505806,474315360.0,209638.9375,190001,27083.428571428572,-40731092.36259157,,,,,,,
-15.525984032750136,-0.42266677155493226,0.5416629550091804,-0.12576324973845368,0.0,929.139757629856,119.83944810503607,22,8834,202000,0.0003,62295.6484375,0.05000000074505806,188354160.0,63772.32421875,192001,27083.428571428572,-40731092.36259157,,,,,,,
-2.061981076598171,-0.28995460597103223,0.015937861081787564,-0.4481368684135475,0.0,1134.910839199377,29.701137027400005,22,8904,204000,0.0003,98320.8828125,0.05000000074505806,156246272.0,82485.2890625,194001,27083.428571428572,-40731092.36259157,,,,,,,
-15.673478775024414,-0.3877251416490177,-0.20766628740371265,-0.3710235002912488,0.0,1005.6325905970014,-330.91530319586246,22,8975,206000,0.0003,59390.1484375,0.05000000074505806,328377152.0,137699.21875,196001,27083.428571428572,-40731092.36259157,,,,,,,
0.5798460197448553,-0.30425600344595255,-1.1916225092146264,-0.044123632501343435,0.0,1916.7174829342018,35.33990250787917,22,9046,208000,0.0003,72611.546875,0.05000000074505806,254332896.0,122740.5234375,198001,27083.428571428572,-40731092.36259157,,,,,,,
1.3846407544612893,0.22568542027966237,0.26636698465588415,-0.526210523697355,0.0,945.7793429305677,49.25323969061475,23,9116,210000,0.0003,85200.3671875,0.05000000074505806,699232704.0,230101.34375,200001,27083.428571428572,-40731092.36259157,,,,,,,
10.094532855153076,0.10036244169477497,0.4916736627560948,-0.46501064571137934,0.0,942.686623862325,-663.9031845550315,23,9187,212000,0.0003,82137.1015625,0.05000000074505806,1061659264.0,195333.4375,202001,27083.428571428572,-40731092.36259157,,,,,,,
4.370560777783386,0.4577218950712011,-0.2584127672102503,0.04394737363755267,0.0,170.97732889436017,-22.82488238418723,23,9258,214000,0.0003,71718.765625,0.05000000074505806,1595431168.0,361466.25,204001,27083.428571428572,-40731092.36259157,,,,,,,
8.84857534348964,0.26349523754794457,0.05296734220136166,-0.06516013820809445,0.0,354.5626562651708,-15.54071761122148,23,9329,216000,0.0003,41552.0390625,0.05000000074505806,182557328.0,64232.76953125,206001,27083.428571428572,-40731092.36259157,,,,,,,
-5.973404859304427,0.5066101433453871,0.0682574073910618,-0.2334873913757021,0.0,147.89285977895682,55.95588401302638,23,9399,218000,0.0003,68529.4296875,0.05000000074505806,251213664.0,103672.5546875,208001,27083.428571428572,-40731092.36259157,,,,,,,
10.802410331368446,0.24557212907240722,-0.4718898386349545,-0.47030521084356064,0.0,473.8133865119668,417.25843115616027,23,9470,220000,0.0003,71334.3359375,0.05000000074505806,399444864.0,178611.828125,210001,27083.428571428572,-40731092.36259157,,,,,,,
2.0925153523683555,-0.230857254596192,0.3804846261390868,-0.6094127272353382,0.0,1026.4940661953099,339.0420500760266,23,9540,222000,0.0003,44353.9375,0.05000000074505806,509763008.0,144449.3125,212001,27083.428571428572,-40731092.36259157,,,,,,,
2.5799694865942073,0.5965405829789183,-0.1460971798266439,-0.06225591848414195,0.0,409.3107690645572,-745.2353071166111,23,9611,224000,0.0003,45461.25390625,0.05000000074505806,283323968.0,101625.8046875,214001,27083.428571428572,-40731092.36259157,,,,,,,
7.2041292595863515,0.10769117748497267,-0.2349976458507041,0.09359877756253727,0.0,676.920281013858,20.477352053676405,23,9681,226000,0.0003,47413.81640625,0.05000000074505806,124280808.0,79209.1171875,216001,27083.428571428572,-40731092.36259157,,,,,,,
-3.6373622858524324,0.0939099457819873,0.21888608351690242,-0.18900748246749235,0.0,83.86394446741227,-109.44608183881483,23,9752,228000,0.0003,45824.44921875,0.05000000074505806,487293632.0,161258.546875,218001,27083.428571428572,-40731092.36259157,,,,,,,
-1.1246201813220953,0.01191654511500391,-0.027961509788903393,-0.3339114142647214,0.0,333.8669650499958,35.30849773625403,23,9822,230000,0.0003,40225.609375,0.05000000074505806,831909248.0,181747.296875,220001,28698.0,-39816581.111098126,,,,,,,
1.9198855900764271,0.12804359818747071,0.5819917020457761,-0.4416643339377002,0.0,649.4444425249878,-594.2183903474872,23,9892,232000,0.0003,33473.8046875,0.05000000074505806,157060128.0,73771.7578125,222001,28698.0,-39816581.111098126,,,,,,,
-5.8839601963758525,-0.10438859520588076,-0.9419651275767476,-0.3617449172106072,0.0,898.6506948592152,684.9674029645212,23,9963,234000,0.0003,37018.88671875,0.05000000074505806,317151552.0,162191.5625,224001,28698.0,-39816581.111098126,,,,,,,
-5.671471891403196,-0.33589493216759625,0.06073389461630835,-0.5429614971456843,0.0,602.0851454578757,-674.8828023937483,23,10033,236000,0.0003,35583.91796875,0.05000000074505806,151060704.0,66135.375,226001,28698.0,-39816581.111098126,,,,,,,
-7.261691946983328,-0.23747856947390017,-0.12192415103349435,-0.6320236228417476,0.0,538.0833365782956,70.49500756536061,23,10104,238000,0.0003,46016.8828125,0.05000000074505806,212610896.0,80706.8125,228001,28698.0,-39816581.111098126,,,,,,,
-0.014912489056595235,0.016667009668439016,-0.5703884917732646,-0.3707114265808786,0.0,684.6778109096012,117.23115138988189,23,10174,240000,0.0003,62949.58984375,0.05000000074505806,514845056.0,129138.40625,230001,28698.0,-39816581.111098126,,,,,,,
-13.0790440821648,-0.5804628684100352,0.15392689158447612,-0.5421486418961571,0.0,708.2239972267189,-26.08859900370132,23,10245,242000,0.0003,27374.578125,0.05000000074505806,760344704.0,274089.09375,232001,28698.0,-39816581.111098126,,,,,,,
-1.193458704948425,-0.015643208639497478,0.07881888512625244,-0.5525315567582818,0.0,671.0903571526223,-109.46219164745543,23,10315,244000,0.0003,69832.6171875,0.05000000074505806,433349632.0,123431.7578125,234001,28698.0,-39816581.111098126,,,,,,,
-3.701914482712732,0.225472049120841,-0.17064667341609346,-0.48775181769083353,0.0,651.577190861667,71.8743484990645,23,10386,246000,0.0003,52834.89453125,0.05000000074505806,235217296.0,121622.71875,236001,28698.0,-39816581.111098126,,,,,,,
-3.7336936259269726,-0.4622596547725953,0.16977075349336215,-0.33538581736474493,0.0,466.92278723211365,-331.72753405262966,23,10456,248000,0.0003,26688.751953125,0.05000000074505806,254710368.0,132485.25,238001,28698.0,-39816581.111098126,,,,,,,
-7.382432240843762,-0.4157556579025092,0.47101844585054686,-0.5486097858033202,0.0,674.6211592433335,403.0049319412398,23,10526,250000,0.0003,35960.515625,0.05000000074505806,539897216.0,161086.203125,240001,28698.0,-39816581.111098126,,,,,,,
-5.6504663336277074,-0.22162708398060765,-0.2602093451212628,-0.7405707049686172,0.0,781.6971208695791,80.10633533092413,23,10597,252000,0.0003,27770.439453125,0.05000000074505806,577484864.0,234290.53125,242001,28698.0,-39816581.111098126,,,,,,,
-2.6931848514080055,0.1713762599940975,-0.4082623742317937,-0.47070316747702,0.0,686.2189298580654,-178.69157376658856,23,10667,254000,0.0003,33335.78125,0.05000000074505806,491224832.0,178141.5625,244001,28698.0,-39816581.111098126,,,,,,,
5.644237936139108,-0.24486744879754177,0.5378122156726965,-0.18461972480986222,0.0,371.1084603994747,-574.9056025331713,23,10737,256000,0.0003,57270.52734375,0.05000000074505806,438697664.0,156272.21875,246001,28698.0,-39816581.111098126,,,,,,,
-7.4644691711664315,-0.3042265800938947,0.36107271013316006,-0.13857138621286255,0.0,360.50348591112476,453.7119224626419,23,10808,258000,0.0003,44010.0078125,0.05000000074505806,133488312.0,53565.6640625,248001,28698.0,-39816581.111098126,,,,,,,
-4.616500656008712,0.60293184107057,0.3667202038983278,-0.29822928001327254,0.0,337.157009920145,-261.77826779962976,23,10878,260000,0.0003,38082.1796875,0.05000000074505806,442005152.0,144258.125,250001,28698.0,-39816581.111098126,,,,,,,
-1.3557735532522166,0.7357012820373614,0.05420805495462202,-0.2909461666879698,0.0,268.2232954405293,17.864461153940532,23,10948,262000,0.0003,46113.3828125,0.05000000074505806,263672016.0,164464.6875,252001,28698.0,-39816581.111098126,,,,,,,
16.627782852649684,0.6813041653153985,0.05857930928203122,-0.4280671671165313,0.0,442.9963274804106,166.5300125744972,23,11018,264000,0.0003,46161.3046875,0.05000000074505806,1545447168.0,345750.125,254001,28698.0,-39816581.111098126,,,,,,,
-8.34149623990059,-0.2925399331239734,0.5140374938578578,-0.4507505639966075,0.0,1018.72104487198,1169.8587240341349,23,11088,266000,0.0003,32350.666015625,0.05000000074505806,382765152.0,182119.828125,256001,28698.0,-39816581.111098126,,,,,,,
-6.332743482589705,-0.22086125937539952,-0.4826765230351225,-0.48726859371568415,0.0,867.4554478360902,-1193.0524927618299,24,11158,268000,0.0003,32360.18359375,0.05000000074505806,986632448.0,252735.65625,258001,28698.0,-39816581.111098126,,,,,,,
5.335000098943703,-0.3004732042520728,0.4794579225020806,-0.3529216132635239,0.0,773.6633511786976,321.85217441667066,24,11229,270000,0.0003,22811.0078125,0.05000000074505806,214350848.0,142511.09375,260001,29953.777777777777,-38163296.77687567,,,,,,,
9.517627946138383,0.3132875668732773,0.7343932879598892,-0.6070198795892415,0.0,883.8243917027019,-328.10153305369937,24,11299,272000,0.0003,30831.90234375,0.05000000074505806,356553792.0,90171.703125,262001,29953.777777777777,-38163296.77687567,,,,,,,
-16.44413157820691,-0.5291681316809707,0.07249520112153769,-0.6806633495887489,0.0,1333.8053485432072,174.6320129182588,24,11369,274000,0.0003,17943.642578125,0.05000000074505806,90815832.0,29678.818359375,264001,29953.777777777777,-38163296.77687567,,,,,,,
-1.7479840612411495,-0.4090553547643806,0.04458492991477013,-0.3946669818249535,0.0,700.9327767538608,-152.86135254149892,24,11439,276000,0.0003,20569.720703125,0.05000000074505806,26358968.0,26899.849609375,266001,29953.777777777777,-38163296.77687567,,,,,,,
2.027052246928214,-0.1957393291609193,0.5545641116714481,-0.48995107669363996,0.0,1177.8617333603595,558.380776206527,24,11509,278000,0.0003,24781.392578125,0.05000000074505806,58020168.0,34019.51953125,268001,27750.7,-39155500.5175313,,,,,,,
7.965818092226985,0.20202077878970268,0.8704953138303184,-0.5220986918670394,0.0,925.724636280815,126.18976374480744,24,11579,280000,0.0003,20781.06640625,0.05000000074505806,12196697.0,16481.81640625,270001,27750.7,-39155500.5175313,,,,,,,
-6.894952698349953,-0.15377201547884528,0.24595473577820084,-0.7721012269971937,0.0,1881.2502256110092,491.08845775879945,24,11649,282000,0.0003,22634.4609375,0.05000000074505806,199136960.0,51233.5703125,272001,27750.7,-39155500.5175313,,,,,,,
-7.5162337815761715,-0.642460085157617,-0.2729420314817144,-0.510308684020534,0.0,1076.3319583953469,-730.5437546287053,24,11720,284000,0.0003,25774.3203125,0.05000000074505806,84304624.0,23434.58203125,274001,27750.7,-39155500.5175313,,,,,,,
0.1304321199655533,-0.1816445726311756,0.469730880366133,-0.7452188524594585,0.0,1364.8851111831552,663.8049839826906,24,11791,286000,0.0003,29592.701171875,0.05000000074505806,29538784.0,15777.3779296875,276001,25933.636363636364,-40161817.61281791,,,,,,,
4.017426933050156,0.20614758425703172,0.15789537174005763,-0.968941015711247,0.0,1151.1238932002798,-107.23626010248341,24,11861,288000,0.0003,29570.32421875,0.05000000074505806,27623476.0,28498.470703125,278001,25933.636363636364,-40161817.61281791,,,,,,,
9.039332007169744,0.505587954225713,0.25815024603863623,-0.8355798424109776,0.0,949.0557117298378,-291.31630935449726,24,11932,290000,0.0003,30443.73046875,0.05000000074505806,53889728.0,18303.197265625,280001,25933.636363636364,-40161817.61281791,,,,,,,
6.261882898211469,0.027518401011093985,0.7543745612165084,-0.45936601147009853,0.0,948.3160136530144,776.955536671193,24,12001,292000,0.0003,34871.08984375,0.05000000074505806,682955072.0,213801.140625,282001,25933.636363636364,-40161817.61281791,,,,,,,
1.686580252051353,0.06905804297602045,0.3288208682403402,-0.8648192973174689,0.0,1269.0182472898339,-72.62021873789891,24,12070,294000,0.0003,20730.365234375,0.05000000074505806,172657088.0,30966.69140625,284001,24373.166666666668,-40791612.7796315,,,,,,,
7.2606208598613735,0.5241392611755263,0.26438341613813704,-0.8201204716715543,0.0,927.9627514007976,-304.3298645973729,24,12139,296000,0.0003,5794.66748046875,0.05000000074505806,94417960.0,19976.912109375,286001,24373.166666666668,-40791612.7796315,,,,,,,
7.604044781327259,0.6229740050832537,-0.14048008714561658,-0.7672956619936669,0.0,858.5978419941235,166.878276306547,24,12208,298000,0.0003,-5765.7080078125,0.05000000074505806,47670088.0,34103.40234375,288001,24373.166666666668,-40791612.7796315,,,,,,,
9.988745857477198,0.5735722794604392,0.08578245866020127,-0.7946620370474562,0.0,897.774226230116,-106.51457749649394,,,300000,0.0003,-12611.18359375,0.05000000074505806,168095664.0,22529.673828125,290000,,,0.0,0.0,40000.0,-96069.70106292597,98964.25992376877,0.0,0.0
,,,,,,,22,13375,300000,0.0003,-7911.50537109375,0.05000000074505806,49296832.0,28013.8203125,290001,24373.166666666668,-40791612.7796315,,,,,,,
5.973784147500999,0.7371977072188389,0.114934542671976,-0.693736782195564,0.0,787.9026805261632,-111.79885624500422,22,13445,302000,0.0003,-22164.640625,0.05000000074505806,58519408.0,32672.0703125,292001,24373.166666666668,-40791612.7796315,,,,,,,
11.171728737950314,0.8335124841004391,0.048855247380508046,-0.6056388982516021,0.0,724.8997853877295,-45.61633891853356,22,13514,304000,0.0003,-15568.1513671875,0.05000000074505806,32265192.0,32896.75390625,294001,24373.166666666668,-40791612.7796315,,,,,,,
13.272889410257326,0.7509602684285338,0.15607317337439208,-0.624043247863853,0.0,727.1832264946408,57.27403396297261,22,13584,306000,0.0003,-26040.501953125,0.05000000074505806,31085780.0,19911.8515625,296001,24373.166666666668,-40791612.7796315,,,,,,,
-12.212474939227107,-0.579728605933979,0.30035931202686506,-0.126174189316614,0.0,976.8980885640933,347.9463328426471,22,13654,308000,0.0003,-23753.462890625,0.05000000074505806,96373472.0,23311.126953125,298001,24373.166666666668,-40791612.7796315,,,,,,,
-8.36248295545577,-0.19881549064662343,-0.5423320956124623,-0.22231285838831294,0.0,926.4697756613567,-789.5732519979139,22,13725,310000,0.0003,-29400.08203125,0.05000000074505806,178711520.0,81542.6328125,300001,24373.166666666668,-40791612.7796315,,,,,,,
2.8273312801122694,0.515943330382151,-0.007234251806812928,-0.04920688979348609,0.0,198.9255964270354,6.211198175252471,22,13795,312000,0.0003,-33818.86328125,0.05000000074505806,73551920.0,10928.6572265625,302001,24373.166666666668,-40791612.7796315,,,,,,,
11.313697559237466,0.3941317306492548,-0.044088713786997503,-0.290746704799991,0.0,746.6821533886233,92.28306438837558,22,13866,314000,0.0003,-29668.41796875,0.05000000074505806,82374976.0,57612.88671875,304001,24373.166666666668,-40791612.7796315,,,,,,,
8.42248535335065,0.428834090710489,-0.3086728798801157,-0.6491723498760474,0.0,641.1293323213538,388.48719953858983,22,13937,316000,0.0003,-33191.671875,0.05000000074505806,61664848.0,30182.1640625,306001,24373.166666666668,-40791612.7796315,,,,,,,
-0.007902442216875472,-0.08609805277597742,0.6636396437906937,-0.34787271265333086,0.0,766.2023116166788,-294.0106408913366,22,14008,318000,0.0003,-42120.37109375,0.05000000074505806,108350544.0,84485.140625,308001,24373.166666666668,-40791612.7796315,,,,,,,
-10.179520145654674,-0.5950737701135679,0.17364260052987407,-0.3068258585238196,0.0,1073.6555767117466,862.5971796691882,22,14079,320000,0.0003,-45876.74609375,0.05000000074505806,132896512.0,37837.890625,310001,24373.166666666668,-40791612.7796315,,,,,,,
1.6472049272060416,0.07439746965144155,-0.8322495933110479,0.0345264106484917,0.0,828.805568774636,-1281.4257789535443,22,14150,322000,0.0003,-39722.5703125,0.05000000074505806,192663328.0,34763.43359375,312001,24373.166666666668,-40791612.7796315,,,,,,,
-11.736385785937303,-0.3239950059336768,-0.16556198724926333,0.3424755629862803,0.0,825.1316877733827,319.92283388994684,22,14220,324000,0.0003,-33940.91796875,0.05000000074505806,137861952.0,100762.828125,314001,24373.166666666668,-40791612.7796315,,,,,,,
-9.56034421026707,-0.15953477494147497,-0.18128479173354028,0.5701819626997471,0.0,776.3233110563431,307.3660867463841,22,14291,326000,0.0003,-28051.287109375,0.05000000074505806,241326416.0,96774.59375,316001,24373.166666666668,-40791612.7796315,,,,,,,
-5.462859985828404,-0.11752953551015832,-0.01252530210653165,0.7707045974124969,0.0,989.863935338403,644.9258784513908,22,14362,328000,0.0003,-15985.7919921875,0.05000000074505806,130521872.0,70937.546875,318001,24373.166666666668,-40791612.7796315,,,,,,,
3.253757526874543,-0.019370185006936724,0.18753158441416043,0.9433797806638535,0.0,1248.8527933714595,-235.3048371024812,22,14433,330000,0.0003,-7097.5390625,0.05000000074505806,420044736.0,180753.125,320001,24373.166666666668,-40791612.7796315,,,,,,,
4.42886703550816,-0.010624921718826879,0.011860109091720993,0.9680845068647055,0.0,1293.5227401492896,143.72893486650347,22,14503,332000,0.0003,6675.36328125,0.05000000074505806,63479032.0,23252.767578125,322001,24373.166666666668,-40791612.7796315,,,,,,,
-0.5052019107341766,0.05669538261352823,0.07384063316405076,-0.4998029388615471,0.0,1220.78242080227,168.30963585668104,22,14574,334000,0.0003,12471.3349609375,0.05000000074505806,122660360.0,99367.296875,324001,25575.23076923077,-40336623.103825,,,,,,,
4.817281760573383,0.461345360222462,0.014047782929148527,-0.8431282582957949,0.0,972.3062017755502,-58.633163092733014,22,14645,336000,0.0003,22480.12109375,0.05000000074505806,150415872.0,49447.49609375,326001,25575.23076923077,-40336623.103825,,,,,,,
1.212904005646705,0.06033905981685223,-0.24609493240814787,-0.932456437098469,0.0,1093.896768948163,35.51592743578879,22,14715,338000,0.0003,29830.53515625,0.05000000074505806,345204096.0,157637.15625,328001,25575.23076923077,-40336623.103825,,,,,,,
2.3029048717021925,0.0043297490708916345,0.24871582456829686,-0.9231573736784238,0.0,1099.6751837315765,-85.19303192537025,22,14786,340000,0.0003,19188.1484375,0.05000000074505806,20531834.0,16093.8369140625,330001,25575.23076923077,-40336623.103825,,,,,,,
-0.1124082779884347,0.7075869656845497,0.2128170267552255,-0.40794962446603167,0.0,544.2450875497259,-701.4911418845511,23,14855,342000,0.0003,33272.4140625,0.05000000074505806,80403136.0,45294.17578125,332001,25575.23076923077,-40336623.103825,,,,,,,
-5.70722631216049,0.5547381050351017,0.05624613543758571,-0.15141985717775547,0.0,182.39967770894324,-12.403310934091412,23,14925,344000,0.0003,31804.42578125,0.05000000074505806,464386752.0,29495.8828125,334001,25575.23076923077,-40336623.103825,,,,,,,
6.507293155789375,0.6795456731253293,-0.2182650344883645,-0.43825703224206475,0.0,481.97351055400765,501.0834598694315,23,14995,346000,0.0003,34183.0234375,0.05000000074505806,130545024.0,81049.8125,336001,25575.23076923077,-40336623.103825,,,,,,,
11.806553238034247,0.5905579082843693,0.42958311958183526,-0.5397585974456504,0.0,614.5326573744445,-309.4790355439684,23,15065,348000,0.0003,40984.70703125,0.05000000074505806,56364240.0,79207.015625,338001,25575.23076923077,-40336623.103825,,,,,,,
-5.615502077341094,-0.11709837142128907,-0.26651583001173196,-0.2918315602747336,0.0,435.1485069240575,-55.317152920122375,23,15135,350000,0.0003,48032.421875,0.05000000074505806,47517128.0,36617.0390625,340001,25575.23076923077,-40336623.103825,,,,,,,
11.331776300668666,0.6258230691270836,0.24431586054978396,-0.5321828700122556,0.0,616.8950993731854,223.53601558981637,23,15204,352000,0.0003,56711.515625,0.05000000074505806,83134944.0,29252.9375,342001,25575.23076923077,-40336623.103825,,,,,,,
-13.535539607405664,0.2575090475296002,-0.21810565913128582,-0.43353849461081595,0.0,514.5559738309479,-318.82386135373184,23,15274,354000,0.0003,59453.78125,0.05000000074505806,110765872.0,21954.5546875,344001,25575.23076923077,-40336623.103825,,,,,,,
5.782490289211279,0.3229380644080247,-0.6987686863199297,-0.4622874950905467,0.0,673.6271462934097,568.2549906385916,23,15344,356000,0.0003,67359.2578125,0.05000000074505806,120822672.0,36498.15234375,346001,25575.23076923077,-40336623.103825,,,,,,,
7.29423960208893,0.09563583353303143,-0.6473225556551576,-0.44993227941900876,0.0,757.5794111696895,141.65842088481813,23,15414,358000,0.0003,79658.703125,0.05000000074505806,148361568.0,64815.58984375,348001,25575.23076923077,-40336623.103825,,,,,,,
-1.9129937726259254,0.5265798216014388,-0.42585564443383295,-0.5804139541256588,0.0,1623.7175932912555,16228.429107851936,23,15483,360000,0.0003,72756.7265625,0.05000000074505806,54585592.0,40060.74609375,350001,25675.0,-41767317.01248079,,,,,,,
9.873114044666291,0.40971477385855515,0.4773252548626864,-0.8189155023175441,0.0,977.6743563402922,-463.65488618701823,23,15553,362000,0.0003,76202.4375,0.05000000074505806,99873296.0,80772.3203125,352001,25675.0,-41767317.01248079,,,,,,,
-14.316196772456175,-0.5508664511198261,0.24171770035048348,-0.4925240444207299,0.0,783.0863103446574,-23.2370357459134,23,15623,364000,0.0003,89089.9375,0.05000000074505806,37020112.0,31964.42578125,354001,25675.0,-41767317.01248079,,,,,,,
5.063973572254179,0.43531832510202834,-0.27152975142058894,-0.32312332137117294,0.0,416.7465522321136,-387.16881567515185,23,15692,366000,0.0003,86961.15625,0.05000000074505806,110034416.0,24109.62109375,356001,25675.0,-41767317.01248079,,,,,,,
8.946007199883455,0.5474862332303073,0.22071668066065067,-0.4754432295854487,0.0,545.8371753015575,484.19724236522535,23,15762,368000,0.0003,85528.078125,0.05000000074505806,66622600.0,22327.5390625,358001,25675.0,-41767317.01248079,,,,,,,
-12.758653955459598,-0.8395670248908427,-0.026488888357769823,-0.5638111738528433,0.0,819.2907648251014,-181.52057170253585,23,15832,370000,0.0003,80013.6875,0.05000000074505806,28064810.0,20910.291015625,360001,25675.0,-41767317.01248079,,,,,,,
1.5874097710847828,0.680811526421502,-0.22035867740210702,-0.2842112828841722,0.0,324.75226670452093,-369.38228944685545,23,15901,372000,0.0003,91832.2421875,0.05000000074505806,111161392.0,93422.546875,362001,25675.0,-41767317.01248079,,,,,,,
11.822622306346895,0.6036200128534867,0.04192143495320239,-0.4819245554373813,0.0,490.913988188446,382.565245396907,23,15971,374000,0.0003,85432.28125,0.05000000074505806,95568256.0,51909.12890625,364001,25675.0,-41767317.01248079,,,,,,,
2.9877878803014766,0.5405072831341848,-0.5372005458702978,-0.7029570897203236,0.0,886.9838795107637,739.8778705490382,23,16041,376000,0.0003,100123.65625,0.05000000074505806,107000136.0,30793.783203125,366001,25675.0,-41767317.01248079,,,,,,,
-8.717054147124298,-0.4607684672953274,-0.6583272507969975,-0.7639775712199017,0.0,991.9381660828965,-603.3666801353978,23,16110,378000,0.0003,89110.9375,0.05000000074505806,150682368.0,35908.21875,368001,25675.0,-41767317.01248079,,,,,,,
10.802852835655216,0.5839940461951849,-0.34812483311054804,-0.36051778325324485,0.0,842.024376304226,145.3280365361575,23,16180,380000,0.0003,91650.3671875,0.05000000074505806,57620008.0,40633.25,370001,25675.0,-41767317.01248079,,,,,,,
11.442385951876657,0.21748187930502297,0.8989088817275317,-0.1974093016476666,0.0,1197.5035950392655,649.5813891561459,23,16249,382000,0.0003,108538.3125,0.05000000074505806,151004064.0,99779.7890625,372001,25675.0,-41767317.01248079,,,,,,,
2.3973579633235915,0.1654423292079381,0.07558777284582241,-0.5216981566327663,0.0,694.1125683009011,-957.3667846398928,23,16318,384000,0.0003,100112.609375,0.05000000074505806,109009456.0,38908.55078125,374001,25675.0,-41767317.01248079,,,,,,,
10.379922640919663,0.3444300340143269,0.49148692495149743,-0.45809777008686403,0.0,585.3591289314454,-284.67156140972094,23,16388,386000,0.0003,115121.25,0.05000000074505806,215991648.0,134427.5625,376001,25675.0,-41767317.01248079,,,,,,,
-1.22224457919597,0.7330816463773608,0.13943288772747955,-0.4192016945748321,0.0,415.5443568853612,228.98986253572318,23,16456,388000,0.0003,100633.0234375,0.05000000074505806,40773260.0,25710.3671875,378001,25675.0,-41767317.01248079,,,,,,,
-2.434378448724747,0.14818334675353165,-0.9422959251015527,-0.6298445452910107,0.0,956.6634270394477,72.18244315397007,23,16525,390000,0.0003,111138.203125,0.05000000074505806,140872288.0,63968.42578125,380001,25675.0,-41767317.01248079,,,,,,,
-0.3130794161558136,-0.6586132262213307,-0.18107249985445406,-0.4801025064439847,0.0,451.8685118965974,-163.53451597229858,23,16593,392000,0.0003,121745.015625,0.05000000074505806,65117968.0,63645.57421875,382001,25675.0,-41767317.01248079,,,,,,,
-9.682485182881356,-0.3820180142229608,0.3515915381983667,-0.7379107893379102,0.0,855.2302189294089,709.8016898743921,23,16661,394000,0.0003,110960.6171875,0.05000000074505806,258863104.0,58147.5546875,384001,25675.0,-41767317.01248079,,,,,,,
-9.906060899496072,-0.6214862730482043,-0.3308953185288201,-0.6487638788368926,0.0,711.8515536470617,-568.5661163378016,23,16729,396000,0.0003,122664.5390625,0.05000000074505806,121592704.0,93108.578125,386001,25675.0,-41767317.01248079,,,,,,,
1.1217921543121334,-0.03641383083113508,-0.3941201628759141,-0.5619850980390768,0.0,768.2435167850965,427.48096352260035,23,16796,398000,0.0003,105999.15625,0.05000000074505806,41487208.0,28187.3515625,388001,25675.0,-41767317.01248079,,,,,,,
13.06142009794715,0.4913759449860253,0.09825137765125505,-0.6136956118417461,0.0,906.0874706714628,-348.85591436073923,,,400000,0.0003,100875.9765625,0.05000000074505806,73892032.0,70271.1171875,390000,,,0.0,0.0,40000.0,-38040.99253079572,22100.323784698987,0.0,0.0
,,,,,,,22,17955,400000,0.0003,108936.03125,0.05000000074505806,80420672.0,69998.4375,390001,26630.0,-40931060.469394274,,,,,,,
-7.277996863722806,-0.6765387259980916,-0.533644621312815,-0.6078733113995997,0.0,790.6024614328927,-688.1638367361561,22,18024,402000,0.0003,108565.921875,0.05000000074505806,91698768.0,53143.12890625,392001,26630.0,-40931060.469394274,,,,,,,
-4.035454188585287,-0.8972321797740992,0.12284496362996672,-0.49590175604616443,0.0,552.6971959935773,-85.17762462703837,22,18092,404000,0.0003,102080.0625,0.05000000074505806,36335632.0,27379.998046875,394001,26630.0,-40931060.469394274,,,,,,,
-2.6102907550334993,0.221153546905587,-0.25862165732854386,-0.35400054734717784,0.0,644.0022824812561,157.34489472044427,22,18160,406000,0.0003,104351.3125,0.05000000074505806,229756384.0,73527.875,396001,26630.0,-40931060.469394274,,,,,,,
5.565822121500968,0.06956190379651103,0.6163674855865265,-0.21663802678184876,0.0,538.3165238693053,-262.8620016525661,22,18229,408000,0.0003,109877.0390625,0.05000000074505806,142003584.0,88810.3203125,398001,26630.0,-40931060.469394274,,,,,,,
7.223746364712715,0.1806405856351081,0.4639821384916652,-0.24952093985272875,0.0,242.91285048620216,-309.52203410338734,22,18297,410000,0.0003,114008.8984375,0.05000000074505806,170082304.0,81509.5234375,400001,26630.0,-40931060.469394274,,,,,,,
-5.236523019671441,0.6002566584508943,0.311877025197129,-0.1645415607116666,0.0,228.00396436077898,259.8672408242602,22,18367,412000,0.0003,99234.265625,0.05000000074505806,76604520.0,30365.423828125,402001,26630.0,-40931060.469394274,,,,,,,
-4.049611892104145,0.12598646185402373,-0.8564363046260797,-0.29507278438576684,0.0,577.2163584749703,195.38555544186576,22,18436,414000,0.0003,102507.7890625,0.05000000074505806,93452736.0,31956.05859375,404001,26630.0,-40931060.469394274,,,,,,,
1.1007341927289958,-0.043172345670560906,0.4892260533012972,-0.3165848878638108,0.0,332.1158091108075,69.10111459311936,22,18506,416000,0.0003,110710.2421875,0.05000000074505806,89380320.0,34352.79296875,406001,26630.0,-40931060.469394274,,,,,,,
9.319929121136681,0.17360114598961798,-0.49678227040291933,-0.1485956072208491,0.0,452.2177740392604,-320.9044626890185,22,18575,418000,0.0003,116916.1484375,0.05000000074505806,84888088.0,53675.78515625,408001,26630.0,-40931060.469394274,,,,,,,
-8.723245970606811,-0.47419220103467524,0.009228595955968432,-0.35008673021797254,0.0,239.59409455294858,45.00953917494114,22,18645,420000,0.0003,107133.75,0.05000000074505806,1069676672.0,304068.21875,410001,26630.0,-40931060.469394274,,,,,,,
-4.886742964386931,-0.3737556152667658,-0.13235522680777498,-0.48669015810627286,0.0,373.59160620100477,98.80833220151673,22,18714,422000,0.0003,93588.65625,0.05000000074505806,93877176.0,35022.70703125,412001,26630.0,-40931060.469394274,,,,,,,
-12.35985288202765,-0.6036602882024144,-0.06532545883195016,-0.4873453176195684,0.0,422.4876548729997,16.800790459228402,22,18784,424000,0.0003,104159.90625,0.05000000074505806,622831872.0,217644.5,414001,26630.0,-40931060.469394274,,,,,,,
-13.400742620229714,-0.6232410213957325,0.1201048139413393,-0.5571907308255564,0.0,505.86025678261865,174.23812089901153,22,18854,426000,0.0003,110522.6484375,0.05000000074505806,195689184.0,78124.640625,416001,26630.0,-40931060.469394274,,,,,,,
-3.588673148751253,-0.20199089602708611,-0.4219640349366912,-0.4966662207517555,0.0,641.9764294084129,10.374221552792138,22,18923,428000,0.0003,89787.3125,0.05000000074505806,235423264.0,70730.0859375,418001,26630.0,-40931060.469394274,,,,,,,
-7.986024153828607,-0.5239685038753223,0.18298823421737248,-0.5102106102802426,0.0,615.5673340749277,-45.65934433435491,22,18993,430000,0.0003,90420.0546875,0.05000000074505806,339583616.0,182608.625,420001,26630.0,-40931060.469394274,,,,,,,
3.142490428686143,0.24356004479388702,-0.3106268169794045,-0.5108700861275103,0.0,774.7632567895477,278.3094736074276,22,19063,432000,0.0003,95826.0703125,0.05000000074505806,137436432.0,95382.3203125,422001,26630.0,-40931060.469394274,,,,,,,
11.95261202692989,0.46806986198146255,0.41234488434791644,-0.2942163543879507,0.0,592.8242242117915,-152.07341593571357,22,19132,434000,0.0003,108572.875,0.05000000074505806,134595712.0,65505.34375,424001,26630.0,-40931060.469394274,,,,,,,
-11.60232709050178,-0.42325984035374165,-0.07002494288849163,-0.7120503674872555,0.0,1042.7631565658146,53.850465472431104,22,19202,436000,0.0003,83494.3046875,0.05000000074505806,189678432.0,39416.01953125,426001,26630.0,-40931060.469394274,,,,,,,
-4.54604007065296,0.6164203047083444,-0.20377778780095412,-0.40241444641479157,0.0,604.3784963263796,-165.96819934603636,22,19271,438000,0.0003,103001.3046875,0.05000000074505806,926922048.0,222806.125,428001,26630.0,-40931060.469394274,,,,,,,
11.95058960258963,0.5910957100997515,-0.20066349531609304,-0.5670616108183728,0.0,825.7976617774171,151.80712419887877,22,19341,440000,0.0003,96852.1875,0.05000000074505806,363918336.0,66852.3359375,430001,27465.625,-39742804.15629838,,,,,,,
-6.688356756567956,0.18288751910682255,-0.526160976778565,-0.4551708755014401,0.0,722.4212147691212,-734.59109794511,22,19410,442000,0.0003,79941.234375,0.05000000074505806,109534328.0,28692.072265625,432001,27465.625,-39742804.15629838,,,,,,,
14.35060754239559,0.7480096975775025,-0.13569058073974274,-0.49910734363069653,0.0,798.7499423016903,379.31595789120104,22,19480,444000,0.0003,94435.34375,0.05000000074505806,1432789248.0,286114.59375,434001,27465.625,-39742804.15629838,,,,,,,
4.906459808349608,0.8718531671627047,-0.02868468926539745,-0.4370369224340605,0.0,714.8587220030346,85.43279775073607,22,19550,446000,0.0003,85309.5,0.05000000074505806,2121673856.0,393915.03125,436001,27465.625,-39742804.15629838,,,,,,,
11.335586563348773,0.47926059228858914,-0.07361193092492672,-0.5564608016893305,0.0,1108.3726159599164,-132.42306022232572,22,19619,448000,0.0003,72196.8046875,0.05000000074505806,186887872.0,39694.296875,438001,27465.625,-39742804.15629838,,,,,,,
1.547234285473835,0.09765956026113708,0.741859734422055,-0.32960486464037814,0.0,789.3014772173317,121.89425764075833,22,19689,450000,0.0003,68021.1328125,0.05000000074505806,185507712.0,81510.3828125,440001,27465.625,-39742804.15629838,,,,,,,
-0.05329370856284513,-0.07159965978325637,1.0440933812592255,-0.45536393928793534,0.0,1072.6906991500541,-459.129561721347,22,19759,452000,0.0003,74136.6328125,0.05000000074505806,2629248768.0,507054.84375,442001,27465.625,-39742804.15629838,,,,,,,
3.7646349096298204,0.17784521239618567,-0.8473226998567472,-0.4193258831204399,0.0,771.3643445367242,375.74810291331414,22,19829,454000,0.0003,72228.1484375,0.05000000074505806,2285040128.0,478396.4375,444001,27465.625,-39742804.15629838,,,,,,,
-10.183078281879425,-0.3550586752284054,-0.14445482351239303,-0.40384535533603616,0.0,375.14840702667993,-626.0653953743323,22,19898,456000,0.0003,58645.85546875,0.05000000074505806,1007893888.0,193140.421875,446001,27465.625,-39742804.15629838,,,,,,,
-10.834527059197423,-0.4848844479256739,-0.23608229938820072,-0.3010760205979522,0.0,336.3866289129148,-23.50693752147632,22,19968,458000,0.0003,50509.89453125,0.05000000074505806,289434688.0,118653.2734375,448001,27465.625,-39742804.15629838,,,,,,,
-2.5614515537023554,-0.6464780860056412,-0.03429277945358636,-0.29088236847354143,0.0,257.36454990367474,-18.039213814278543,22,20038,460000,0.0003,69455.8046875,0.05000000074505806,2599528192.0,826617.25,450001,27465.625,-39742804.15629838,,,,,,,
-14.30486454546454,-0.5091350656359598,0.0757113687349129,-0.5260737491870667,0.0,499.5507787345761,287.5809004676942,22,20108,462000,0.0003,42291.7890625,0.05000000074505806,1808350208.0,437395.15625,452001,27465.625,-39742804.15629838,,,,,,,
1.2559163582324988,0.016370151993491733,-0.7732290199557599,-0.47473660530130785,0.0,989.1949680455054,923.1686308085685,22,20177,464000,0.0003,15566.3984375,0.05000000074505806,210590000.0,27452.609375,454001,27465.625,-39742804.15629838,,,,,,,
15.635040902495376,0.4549022605335309,0.4311964894931947,-0.44873693035813805,0.0,1177.3158209116207,-769.0859490080583,23,20247,466000,0.0003,9730.015625,0.05000000074505806,80002480.0,28983.2734375,456001,27465.625,-39742804.15629838,,,,,,,
-18.007681989669795,-0.46786436112599206,0.0317017111433095,-0.3641559619206984,0.0,917.268865869926,621.7373009635057,23,20317,468000,0.0003,5610.7587890625,0.05000000074505806,178510288.0,66533.5625,458001,27465.625,-39742804.15629838,,,,,,,
-0.38975638926029355,0.561297268766258,-0.35261365906205777,-0.1306623679896702,0.0,803.7671353963664,-548.1630739605495,23,20387,470000,0.0003,16059.8291015625,0.05000000074505806,1516201216.0,383075.34375,460001,27465.625,-39742804.15629838,,,,,,,
15.11095882177354,0.3362143243318838,0.023582028069240903,-0.20004111505316513,0.0,939.3212147935876,14.118414661919871,23,20456,472000,0.0003,-13877.2685546875,0.05000000074505806,755219264.0,249465.734375,462001,27465.625,-39742804.15629838,,,,,,,
11.744618111252793,0.502054390968544,-0.22845322103857527,-0.031089597016365034,0.0,1104.4915141229858,673.9497137024213,23,20526,474000,0.0003,24909.822265625,0.05000000074505806,1832632064.0,344721.78125,464001,27465.625,-39742804.15629838,,,,,,,
5.530069013833994,0.19994382661801913,0.7106393971636311,-0.07899658410719482,0.0,844.701198956064,-1099.2284993789972,23,20595,476000,0.0003,4579.97705078125,0.05000000074505806,1848653824.0,391211.125,466001,27465.625,-39742804.15629838,,,,,,,
-0.023853272795676752,-0.5038999584694623,0.24709071829882598,-0.035290125866057766,0.0,162.58981298685447,-247.4315509683559,23,20665,478000,0.0003,-11375.2451171875,0.05000000074505806,153096928.0,36960.29296875,468001,27465.625,-39742804.15629838,,,,,,,
-18.482634396553046,-0.31153169214145593,-0.3659579224343788,-0.3182657381176318,0.0,532.1989164901757,95.5771340494203,23,20735,480000,0.0003,-25873.80078125,0.05000000074505806,236274192.0,213297.4375,470001,28202.941176470587,-39152072.570310354,,,,,,,
10.312448057532322,0.21279610146329117,-0.6509886438427095,-0.42758364138404314,0.0,947.8891643367684,278.3198102038203,23,20804,482000,0.0003,24105.056640625,0.05000000074505806,3003259392.0,818099.1875,472001,28202.941176470587,-39152072.570310354,,,,,,,
3.0211103373766055,0.07519909020286077,0.5752834023001059,-0.40882473176479706,0.0,783.7703995375076,-964.6903443987817,23,20873,484000,0.0003,-35509.65625,0.05000000074505806,387520896.0,297265.71875,474001,28202.941176470587,-39152072.570310354,,,,,,,
-13.278744606375698,-0.706700661221586,-0.13212171425878405,-0.555271880934243,0.0,578.5126139099277,235.65628313216894,23,20942,486000,0.0003,-44620.4453125,0.05000000074505806,359742816.0,76606.5078125,476001,28202.941176470587,-39152072.570310354,,,,,,,
7.3723878908157365,0.448568795332674,-0.46207779158420953,-0.6436842429910369,0.0,1188.7329173431192,868.8973090002436,23,21011,488000,0.0003,-58601.90625,0.05000000074505806,227819232.0,79156.2734375,478001,28202.941176470587,-39152072.570310354,,,,,,,
6.530645304322236,0.19071834382797548,0.5769406452950739,-0.44927394165241524,0.0,896.532220798947,-1151.9987959382895,23,21079,490000,0.0003,-65620.03125,0.05000000074505806,151392848.0,48282.109375,480001,28202.941176470587,-39152072.570310354,,,,,,,
-15.565777863264097,-0.6872336505400101,-0.04636364990024548,-0.5254179505678539,0.0,518.0836048991147,231.31613306723128,23,21148,492000,0.0003,-63667.890625,0.05000000074505806,301708128.0,109064.890625,482001,28202.941176470587,-39152072.570310354,,,,,,,
4.512136521339407,0.2613103413952985,-0.6126826377180117,-0.5732662773586935,0.0,1194.732718379025,943.9963887256546,23,21216,494000,0.0003,-84854.40625,0.05000000074505806,285592256.0,90735.796875,484001,28202.941176470587,-39152072.570310354,,,,,,,
8.784873450398461,0.35969589038775956,0.5763115963740869,-0.4209154506628479,0.0,1023.1150062368596,-1117.6871608754263,23,21284,496000,0.0003,-85497.5390625,0.05000000074505806,192297632.0,141363.25,486001,28202.941176470587,-39152072.570310354,,,,,,,
-18.36463906824587,-0.6076301362609875,-0.15752575559355403,-0.5149426828703796,0.0,687.0912027592752,640.9448370842439,23,21351,498000,0.0003,-88783.6328125,0.05000000074505806,127491984.0,44521.34375,488001,28202.941176470587,-39152072.570310354,,,,,,,
5.702652158737181,0.30135676830948943,-0.47056126192733566,-0.2655388342212407,0.0,1208.6251506892543,53.29993695345297,,,500000,0.0003,-92165.203125,0.05000000074505806,1418345472.0,414597.25,490000,,,0.0,0.0,40000.0,-83967.14735719422,25525.885937673014,0.0,0.0
,,,,,,,22,22530,500000,0.0003,-70999.9140625,0.05000000074505806,355765184.0,673029.5625,490001,28202.941176470587,-39152072.570310354,,,,,,,
12.198850602507582,0.5016775720547587,0.2240099681489509,0.057601426058045184,0.0,799.2324020817156,-254.13088825173088,22,22599,502000,0.0003,-93202.625,0.05000000074505806,166688400.0,50115.26953125,492001,28202.941176470587,-39152072.570310354,,,,,,,
18.99488631129266,0.3410763423028987,0.034792736950446095,-0.07853162656518581,0.0,959.2699478841688,-50.527986840958974,22,22667,504000,0.0003,-87767.4140625,0.05000000074505806,221202864.0,72865.9453125,494001,28202.941176470587,-39152072.570310354,,,,,,,
11.666899601817128,0.43872146575326376,-0.24297089863997512,0.020600614967901148,0.0,909.2755401434599,255.27720643261358,22,22736,506000,0.0003,-94173.390625,0.05000000074505806,182574080.0,48439.09765625,496001,28202.941176470587,-39152072.570310354,,,,,,,
13.663556609749797,0.5053136857232093,0.05837250315681687,0.13086179519662294,0.0,900.9973780581395,69.87270769877597,22,22805,508000,0.0003,-99988.265625,0.05000000074505806,654900608.0,258341.859375,498001,28202.941176470587,-39152072.570310354,,,,,,,
14.827542050480865,0.34202725145052815,0.29713744542187237,-0.027497022538824314,0.0,1050.6638096077963,-480.3377823860811,22,22874,510000,0.0003,-103401.7578125,0.05000000074505806,285795712.0,147450.5,500001,28202.941176470587,-39152072.570310354,,,,,,,
12.854465336203585,0.30951918920647187,-0.24286464815393155,-0.06416178205350727,0.0,1200.6641376968798,484.36277577325285,22,22943,512000,0.0003,-110779.4765625,0.05000000074505806,250117888.0,71704.484375,502001,28202.941176470587,-39152072.570310354,,,,,,,
13.418377678394325,0.47585547835966474,-0.22290635894374483,0.08884099076455643,0.0,1141.0480827714784,225.53763044475184,22,23013,514000,0.0003,-128450.890625,0.05000000074505806,146553184.0,35932.85546875,504001,28202.941176470587,-39152072.570310354,,,,,,,
9.880881709456451,0.5263480148091632,0.4310856259831851,0.014360837129459599,0.0,1018.4585455815701,-231.18333997400046,22,23082,516000,0.0003,-140771.65625,0.05000000074505806,315654432.0,98268.9921875,506001,28202.941176470587,-39152072.570310354,,,,,,,
2.405133377313616,-0.07221358631743988,-0.6963950305637349,-0.768123821987528,0.0,1434.752950497827,1056.9699847038055,22,23152,518000,0.0003,-163717.203125,0.05000000074505806,564240384.0,160321.46875,508001,28696.38888888889,-41203007.68872372,,,,,,,
-12.166564167141932,-0.4786883897620242,-0.416099994428701,-0.7889149432061481,0.0,990.07359582266,-211.4534147545329,22,23221,520000,0.0003,-204731.484375,0.05000000074505806,202973344.0,48095.78515625,510001,28696.38888888889,-41203007.68872372,,,,,,,
9.444884206652638,0.0068804395834577165,0.11633105856430788,-0.3383456261419625,0.0,572.3000920659101,-444.53226615693205,22,23291,522000,0.0003,-212813.40625,0.05000000074505806,210440896.0,292428.5625,512001,28696.38888888889,-41203007.68872372,,,,,,,
5.364014005661014,-0.4758854098988871,0.3617325812736221,-0.10504031673487266,0.0,160.86361757523431,-5.8738275788483945,22,23360,524000,0.0003,-215160.21875,0.05000000074505806,387258368.0,148375.0625,514001,28696.38888888889,-41203007.68872372,,,,,,,
6.758123505711558,0.11426229552731786,0.33030641826912893,-0.045627214973118,0.0,91.80663333212267,-372.12338040241553,22,23430,526000,0.0003,-223638.84375,0.05000000074505806,813450560.0,107096.671875,516001,28696.38888888889,-41203007.68872372,,,,,,,
13.020889810919764,0.49908521825600144,0.1973235703386116,0.16273776077187346,0.0,191.2158797959987,444.0141237097554,22,23500,528000,0.0003,-275620.71875,0.05000000074505806,755466880.0,149339.65625,518001,28696.38888888889,-41203007.68872372,,,,,,,
10.947914932966233,0.368844091517203,0.14602817176847288,-0.29137080838200746,0.0,524.9948203043525,-179.3183876792327,22,23570,530000,0.0003,-290983.78125,0.05000000074505806,317567040.0,109085.9921875,520001,28696.38888888889,-41203007.68872372,,,,,,,
-2.261674275994298,-0.10737061114040237,0.3589292639600649,-0.28168395338285107,0.0,496.0561150387093,364.21489702741934,22,23640,532000,0.0003,-279450.0,0.05000000074505806,4383952896.0,547628.4375,522001,28696.38888888889,-41203007.68872372,,,,,,,
-6.409819794893264,-0.7508784954838461,-0.034744937661656296,-0.3018915872270752,0.0,597.8594594923429,-39.249456480435356,22,23709,534000,0.0003,-306420.0,0.05000000074505806,1982401536.0,492361.59375,524001,28696.38888888889,-41203007.68872372,,,,,,,
-7.139520536065114,-0.1896669512059423,-0.533936557780698,-0.2743504029986599,0.0,673.1986341442783,-333.89255854563606,22,23779,536000,0.0003,-312646.5625,0.05000000074505806,345439616.0,64824.96875,526001,28696.38888888889,-41203007.68872372,,,,,,,
15.907509703636178,0.4497973316901562,0.04653094730195416,-0.3907698070691276,0.0,264.7689646269475,23.20037420185419,22,23849,538000,0.0003,-308480.3125,0.05000000074505806,322561984.0,270579.8125,528001,28696.38888888889,-41203007.68872372,,,,,,,
-4.487558860778811,-0.20284043935115723,-0.5303730159333181,-0.1857734993469948,0.0,779.6090877013917,948.4232679993896,22,23919,540000,0.0003,-322973.125,0.05000000074505806,237403712.0,39961.94140625,530001,28696.38888888889,-41203007.68872372,,,,,,,
-0.4879093468189249,0.2926426741850439,0.653993840009999,-0.5983711257276364,0.0,739.8024063801564,-784.2018474748942,22,23989,542000,0.0003,-304536.96875,0.05000000074505806,1119457536.0,278753.0625,532001,28696.38888888889,-41203007.68872372,,,,,,,
11.351479455232631,0.6688360574533064,-0.059012548718394064,-0.509938805237832,0.0,456.6148663193517,92.83433461049415,22,24059,544000,0.0003,-308191.75,0.05000000074505806,323418624.0,50985.80859375,534001,28696.38888888889,-41203007.68872372,,,,,,,
-5.4070886993408225,-0.1899698430808552,-0.45604606482939397,-0.31366475668681426,0.0,925.2274012213795,161.1195166966761,22,24129,546000,0.0003,-313852.59375,0.05000000074505806,341829024.0,63686.21875,536001,28696.38888888889,-41203007.68872372,,,,,,,
5.462512791156767,0.397591148906617,0.5135266262859711,-0.5659251465317616,0.0,604.8308588491625,-263.14206136111096,22,24199,548000,0.0003,-325216.21875,0.05000000074505806,1897736576.0,388816.0,538001,28696.38888888889,-41203007.68872372,,,,,,,
4.545059866309168,0.5879533042042469,-0.5288485300845855,-0.3428805800536272,0.0,616.3263080681,1159.7076174327967,22,24269,550000,0.0003,-307592.53125,0.05000000074505806,518951808.0,71034.8671875,540001,28696.38888888889,-41203007.68872372,,,,,,,
-2.7728405725955922,-0.28182421026794263,0.1623470534932151,-0.3361458060112092,0.0,661.0046012857679,-703.099078171542,22,24339,552000,0.0003,-291142.0,0.05000000074505806,912580736.0,817078.625,542001,28696.38888888889,-41203007.68872372,,,,,,,
4.351587774157524,0.5804229628332274,0.3131736072042826,-0.45026523142265823,0.0,501.58755921349234,-407.2316570248633,22,24409,554000,0.0003,-300888.78125,0.05000000074505806,1256630144.0,272240.75,544001,28696.38888888889,-41203007.68872372,,,,,,,
10.488910622596723,0.5841714308746234,-0.022471909718174175,-0.5521394636117051,0.0,479.85471813355696,20.2539738833716,22,24480,556000,0.0003,-320212.65625,0.05000000074505806,1468023040.0,369238.125,546001,28696.38888888889,-41203007.68872372,,,,,,,
5.000697345137595,0.3158261571941853,0.3608624592054616,-0.8034830198030146,0.0,916.6701557979214,-92.1795408375002,22,24551,558000,0.0003,-288714.71875,0.05000000074505806,569946112.0,309262.3125,548001,29291.315789473683,-40224627.33294216,,,,,,,
8.398466330170637,0.4540066346903976,0.411423040609717,-0.5634098408332211,0.0,718.795158658276,-409.4851160871589,22,24621,560000,0.0003,-317645.375,0.05000000074505806,410640256.0,240757.40625,550001,29291.315789473683,-40224627.33294216,,,,,,,
-4.896641943454746,0.6942230460276158,-0.7491642137451191,-0.26660454201802786,0.0,748.8177107081515,288.18346345666623,22,24692,562000,0.0003,-284742.875,0.05000000074505806,419175392.0,111017.4609375,552001,29291.315789473683,-40224627.33294216,,,,,,,
0.20101093232631825,-0.12303608432600484,0.13568001210102792,-0.15573868169615698,0.0,147.32965053416524,-763.9437317226647,22,24762,564000,0.0003,-297709.90625,0.05000000074505806,602148608.0,181183.859375,554001,29291.315789473683,-40224627.33294216,,,,,,,
0.6616878199577411,0.349810620816127,0.48944417967809806,-0.16378329960831814,0.0,206.0469633585282,226.9863912448732,22,24833,566000,0.0003,-310777.1875,0.05000000074505806,1004065152.0,347253.1875,556001,29291.315789473683,-40224627.33294216,,,,,,,
0.6050905901193658,0.7959092958537007,-0.22461233464485025,-0.3855536490156984,0.0,520.2143796194187,631.0548212107826,22,24904,568000,0.0003,-245310.15625,0.05000000074505806,11866090766336.0,150760.28125,558001,29291.315789473683,-40224627.33294216,,,,,,,
11.894002547860142,0.6542053964777758,0.23852662127754015,-0.6563781782813588,0.0,754.2217166665816,-278.9748782509996,22,24974,570000,0.0003,-296116.9375,0.05000000074505806,199738592.0,36229.91796875,560001,29291.315789473683,-40224627.33294216,,,,,,,
4.201907029747966,0.8221694502360105,0.10414724381705791,-0.5820132398386157,0.0,633.1719547334701,-20.02582170397797,22,25045,572000,0.0003,-289507.53125,0.05000000074505806,385745952.0,84256.734375,562001,29291.315789473683,-40224627.33294216,,,,,,,
11.691270382404332,0.7213132134778072,-0.08194435590840668,-0.5376991285263398,0.0,633.7216459662568,57.7292343338281,22,25115,574000,0.0003,-285733.25,0.05000000074505806,390000064.0,140881.109375,564001,29291.315789473683,-40224627.33294216,,,,,,,
8.881493112444874,0.7438080779512581,-0.06114791740366518,-0.6426011454056608,0.0,685.1937329878598,27.57651036940928,22,25186,576000,0.0003,-273929.59375,0.05000000074505806,1605556992.0,402834.53125,566001,29291.315789473683,-40224627.33294216,,,,,,,
9.564751273393643,0.833368797902259,-0.017192956376301555,-0.5693921640902656,0.0,656.1552549147391,42.68593220883722,22,25256,578000,0.0003,-320460.03125,0.05000000074505806,219765312.0,47576.125,568001,29291.315789473683,-40224627.33294216,,,,,,,
11.063281440734864,0.6357225887026328,-0.022394239577607663,-0.7166021233431108,0.0,766.6383395158077,-5.573989864355907,22,25326,580000,0.0003,-275216.09375,0.05000000074505806,414091968.0,45577.52734375,570001,29291.315789473683,-40224627.33294216,,,,,,,
8.877007780671137,0.8118861116406975,0.0060346345867055865,-0.5740946815390503,0.0,666.1156332553743,17.29293839177657,22,25395,582000,0.0003,-311956.5,0.05000000074505806,901143744.0,228021.0625,572001,29291.315789473683,-40224627.33294216,,,,,,,
11.503420885801319,0.6301829907526243,-0.016888326171786847,-0.7227741516608011,0.0,770.1248811859549,-1.6034014900490288,22,25464,584000,0.0003,-286614.09375,0.05000000074505806,213736816.0,37182.13671875,574001,29291.315789473683,-40224627.33294216,,,,,,,
8.363621551394457,0.777876893191405,-0.029525200228540806,-0.5989111816144564,0.0,688.0557102762829,61.27617278239223,22,25533,586000,0.0003,-298083.5625,0.05000000074505806,170646992.0,58040.54296875,576001,29291.315789473683,-40224627.33294216,,,,,,,
10.68044725596903,0.5836390864390706,0.0019169995706322057,-0.7636900238655987,0.0,820.5243382934066,-19.692993368492527,22,25602,588000,0.0003,-267726.0625,0.05000000074505806,834316544.0,272554.71875,578001,29291.315789473683,-40224627.33294216,,,,,,,
9.023138467669499,0.7510104430286669,0.004631479499178512,-0.6208096381674857,0.0,713.5759585651899,8.307581752598558,22,25670,590000,0.0003,-256804.09375,0.05000000074505806,314479552.0,143040.734375,580001,29291.315789473683,-40224627.33294216,,,,,,,
10.350399503707882,0.5790567375996998,-0.017430301693805605,-0.7680336717177889,0.0,821.9718745321936,3.1102341464441357,23,25737,592000,0.0003,-277276.875,0.05000000074505806,151663632.0,69506.84375,582001,29291.315789473683,-40224627.33294216,,,,,,,
9.929460971951475,0.6703758950823084,-0.020298514970193447,-0.700010532118934,0.0,759.6925529934147,44.34989770921671,23,25805,594000,0.0003,-265508.3125,0.05000000074505806,249696640.0,83119.078125,584001,29291.315789473683,-40224627.33294216,,,,,,,
7.5193512064218515,0.4840391619971192,-0.04032913733415596,-0.8304849191705518,0.0,908.5724032398,23.468677616553766,23,25872,596000,0.0003,-250573.40625,0.05000000074505806,199918592.0,91300.7578125,586001,29291.315789473683,-40224627.33294216,,,,,,,
4.740456093549726,0.20026357032028383,0.09474026766181763,-0.9043349230232666,0.0,1015.8945948331528,-16.920367733568447,23,25939,598000,0.0003,-251038.484375,0.05000000074505806,123282288.0,45638.80859375,588001,29826.75,-39576840.647520304,,,,,,,
1.5099976843595513,0.11888756733079489,0.014182895959475974,-0.9342339427942518,0.0,1055.8196792724548,7.712774908744486,,,600000,0.0003,-212769.09375,0.05000000074505806,304652672.0,50077.49609375,590000,,,1.5625e-05,0.0,40000.0,-53682.84750102974,13149.317806912428,1.5625e-05,0.0
,,,,,,,22,27135,600000,0.0003,-235881.71875,0.05000000074505806,123265920.0,56218.3671875,590001,29826.75,-39576840.647520304,,,,,,,
9.871398699283592,0.3828753064478248,0.4245962057672255,-0.802495567444141,0.0,920.2102813267753,-370.5928781980319,22,27203,602000,0.0003,-205903.875,0.05000000074505806,229748448.0,59153.10546875,592001,29826.75,-39576840.647520304,,,,,,,
5.38884625852108,0.7554117814118126,-0.1151954349222792,-0.5757767044688884,0.0,671.2945042165301,54.413323870748016,22,27272,604000,0.0003,-210949.40625,0.05000000074505806,439900320.0,219489.375,594001,29826.75,-39576840.647520304,,,,,,,
11.723677678108197,0.6015783759559707,0.04622119752630618,-0.7276662710107279,0.0,768.5705841806941,6.766709665765271,22,27341,606000,0.0003,-187862.09375,0.05000000074505806,242165568.0,47027.0703125,596001,29826.75,-39576840.647520304,,,,,,,
7.408317200541492,0.7125582578000744,-0.0820323307588866,-0.6266159333931761,0.0,730.5373286245084,89.01323809137689,22,27410,608000,0.0003,-174854.78125,0.05000000074505806,240003744.0,260106.578125,598001,29826.75,-39576840.647520304,,,,,,,
10.627723498344434,0.5499802644421168,0.0580504500219985,-0.7779109813242742,0.0,824.7721785696391,-65.51410446912892,22,27479,610000,0.0003,-155916.421875,0.05000000074505806,220427520.0,35842.1796875,600001,29826.75,-39576840.647520304,,,,,,,
8.165110660195364,0.7054356307692548,-0.07329831631751423,-0.632029795165156,0.0,740.0424616730004,106.57495862327596,22,27549,612000,0.0003,-169138.71875,0.05000000074505806,188367168.0,108223.796875,602001,29826.75,-39576840.647520304,,,,,,,
9.579142427444461,0.5269909664105741,0.06105940364769855,-0.8004688516201326,0.0,859.2383956761139,-82.45896685129098,22,27618,614000,0.0003,-139006.71875,0.05000000074505806,256113248.0,250172.375,604001,29826.75,-39576840.647520304,,,,,,,
8.858091869354247,0.7342690859423774,-0.039038309706012235,-0.609175594538521,0.0,724.4210706218686,58.36733519999917,22,27688,616000,0.0003,-135594.703125,0.05000000074505806,2986596608.0,616746.6875,606001,29826.75,-39576840.647520304,,,,,,,
9.477689765095722,0.533354859652565,0.03310377883739134,-0.7934653017742298,0.0,847.2878273010082,-57.93784116227531,22,27758,618000,0.0003,-138387.359375,0.05000000074505806,228263808.0,28261.767578125,608001,29826.75,-39576840.647520304,,,,,,,
7.495244318842886,0.7630214247349771,-0.038131411449938084,-0.5680193143368227,0.0,709.3886040807066,94.72570036727966,22,27828,620000,0.0003,-113062.625,0.05000000074505806,100152816.0,29317.34765625,610001,29826.75,-39576840.647520304,,,,,,,
9.486561897397038,0.4255925082656074,-0.03239505200263199,-0.8257826614386403,0.0,892.6930479489138,-61.56084853534504,22,27897,622000,0.0003,-109426.921875,0.05000000074505806,459766720.0,233256.828125,612001,29826.75,-39576840.647520304,,,,,,,
6.93757835984229,0.3320178078201215,0.28315860680905985,-0.508196901158057,0.0,657.6383966926537,-225.71502062325564,22,27968,624000,0.0003,-77413.828125,0.05000000074505806,4112483840.0,612651.375,614001,29826.75,-39576840.647520304,,,,,,,
8.650605544447913,0.6448624407009991,-0.23177471522923945,-0.6352366739499654,0.0,666.4080205542602,104.16080300534074,22,28037,626000,0.0003,-81971.4375,0.05000000074505806,791461760.0,240861.296875,616001,29826.75,-39576840.647520304,,,,,,,
13.585354585051567,0.3468888319786026,0.4581556290834995,-0.5303707643703051,0.0,753.3557391105757,-56.87021042119417,22,28108,628000,0.0003,-85681.2734375,0.05000000074505806,1431683072.0,422744.0,618001,29826.75,-39576840.647520304,,,,,,,
3.9068114882707685,-0.4484840698186041,0.3311933049094295,-0.10715255965425095,0.0,809.5823913982745,242.75195782494598,22,28177,630000,0.0003,-71634.0234375,0.05000000074505806,153692992.0,66537.7890625,620001,29826.75,-39576840.647520304,,,,,,,
-11.710544166564926,-0.3291823107641603,0.07874672757774022,-0.08962907388186844,0.0,920.7277561679537,276.7926088099819,22,28247,632000,0.0003,-76328.453125,0.05000000074505806,169166416.0,98308.984375,622001,29826.75,-39576840.647520304,,,,,,,
-8.443974924683564,-0.5969909538317013,-0.4816379805216297,-0.06343804037610655,0.0,723.9854062664508,-763.1841560107418,22,28317,634000,0.0003,-57192.8359375,0.05000000074505806,213918624.0,44712.05078125,624001,29826.75,-39576840.647520304,,,,,,,
-11.177535199522994,-0.6949650649918883,-0.00018655022651143722,-0.21796661436133508,0.0,744.8400147555334,324.80691013318824,22,28387,636000,0.0003,-52571.890625,0.05000000074505806,205465824.0,95833.875,626001,29826.75,-39576840.647520304,,,,,,,
2.983643804192542,-0.10985119032138556,0.1512414727676871,-0.805485883651899,0.0,980.820583556538,-276.70572250056614,22,28457,638000,0.0003,-34738.59765625,0.05000000074505806,1037024256.0,477537.21875,628001,30311.190476190477,-39213531.93615067,,,,,,,
-0.05986826300621124,-0.03691182428369485,-0.3321368031408844,-0.8861724973171587,0.0,1140.5520072162683,63.3474554027759,22,28527,640000,0.0003,-40193.734375,0.05000000074505806,263297216.0,115092.84375,630001,30311.190476190477,-39213531.93615067,,,,,,,
4.981801931262014,0.12376979482636712,0.5188870497415847,-0.8760135106910625,0.0,1075.136097485801,-195.0924882289944,22,28597,642000,0.0003,-41862.55078125,0.05000000074505806,1093820928.0,305212.59375,632001,30311.190476190477,-39213531.93615067,,,,,,,
3.0009405511617673,0.544928377286005,-0.23633006104620588,-0.660660140792971,0.0,787.156854270988,-8.953357827682012,22,28666,644000,0.0003,-532.112548828125,0.05000000074505806,862443328.0,808694.0625,634001,30311.190476190477,-39213531.93615067,,,,,,,
9.03275900900365,0.3315501448716866,0.2172528104295575,-0.7895847519577673,0.0,839.7078882552902,-150.27058543752167,22,28736,646000,0.0003,-11400.0546875,0.05000000074505806,409864800.0,161926.3125,636001,30311.190476190477,-39213531.93615067,,,,,,,
5.510222814083108,-0.2155914850212496,0.2743526867487744,-0.3279585364986629,0.0,615.9618757469915,-172.8614468670889,22,28805,648000,0.0003,-21180.02734375,0.05000000074505806,118131232.0,58131.91796875,638001,30311.190476190477,-39213531.93615067,,,,,,,
-5.623571181297296,0.6286022172956759,-0.6641937545454156,-0.23933633065812532,0.0,474.9654014385432,-461.3632899419592,22,28875,650000,0.0003,-40959.1640625,0.05000000074505806,133496144.0,41991.80859375,640001,30311.190476190477,-39213531.93615067,,,,,,,
3.386404607295983,0.126824379753077,-0.10147618803819242,-0.13139894170757205,0.0,171.5583539678331,40.054840101218296,22,28945,652000,0.0003,-8288.357421875,0.05000000074505806,140291680.0,67898.53125,642001,30311.190476190477,-39213531.93615067,,,,,,,
1.3429724091291428,-0.17692284251003226,-0.12288332429784996,-0.22527918771401276,0.0,94.00299249001093,60.73813161880668,22,29015,654000,0.0003,-13171.3671875,0.05000000074505806,216784896.0,31172.1171875,644001,30311.190476190477,-39213531.93615067,,,,,,,
-2.4663516086339943,-0.16574122542308636,0.3144762938260225,-0.34086488465507175,0.0,235.64579422476208,44.27687119580382,22,29085,656000,0.0003,-24373.83203125,0.05000000074505806,12218250821632.0,47756.546875,646001,30311.190476190477,-39213531.93615067,,,,,,,
-0.5132507425546636,-0.3955779046806253,-0.5908519442848403,-0.3181590271600044,0.0,377.41238370503845,79.81386203453185,22,29156,658000,0.0003,-9593.3095703125,0.05000000074505806,360244800.0,146194.65625,648001,30311.190476190477,-39213531.93615067,,,,,,,
-3.181831839680672,-0.22726712730693013,0.6723284642722583,-0.6479353568915756,0.0,849.4008827611499,669.7396104504584,22,29226,660000,0.0003,-13882.2041015625,0.05000000074505806,251389728.0,160294.671875,650001,30311.190476190477,-39213531.93615067,,,,,,,
5.252369091510777,0.3961013717786049,0.0038412361026547745,-0.7380921808265333,0.0,820.2460996835657,-26.812978610639945,22,29296,662000,0.0003,-2881.11767578125,0.05000000074505806,237090624.0,137265.375,652001,30311.190476190477,-39213531.93615067,,,,,,,
-2.140676919817928,-0.40234174442979664,-0.4933309027418038,-0.6094527517846007,0.0,943.795063097157,70.62596020514123,22,29366,664000,0.0003,-11856.9716796875,0.05000000074505806,516165792.0,231452.71875,654001,30311.190476190477,-39213531.93615067,,,,,,,
1.365302037596703,0.10248959188801378,0.5000739857346482,-0.7877291707503644,0.0,959.0482205398146,-197.35652717192983,22,29437,666000,0.0003,-3653.62939453125,0.05000000074505806,5182282752.0,822321.5,656001,30311.190476190477,-39213531.93615067,,,,,,,
-0.16310702979564554,-0.13733991904021786,-0.5985741976474295,-0.7103339863589576,0.0,904.2005043418432,-224.0922884369996,22,29507,668000,0.0003,10371.2861328125,0.05000000074505806,824810112.0,76112.5703125,658001,30311.190476190477,-39213531.93615067,,,,,,,
0.5456898051500345,-0.04472008367839464,0.7890089514952292,-0.7538486214610138,0.0,991.8196500164638,183.324071006459,22,29577,670000,0.0003,13270.630859375,0.05000000074505806,607919232.0,273906.65625,660001,30311.190476190477,-39213531.93615067,,,,,,,
-3.0844791710376813,0.16870612350417652,-0.7494609618168884,-0.7671819806437594,0.0,1081.6096840354014,323.4329893508068,22,29647,672000,0.0003,-9323.39453125,0.05000000074505806,125362064.0,26169.390625,662001,30311.190476190477,-39213531.93615067,,,,,,,
-0.5984366434812566,-0.8215060949396332,-0.12248707843227394,-0.4174576486811256,0.0,591.1007144992737,-631.0585790907774,22,29717,674000,0.0003,4051.434814453125,0.05000000074505806,88335584.0,33352.6875,664001,30311.190476190477,-39213531.93615067,,,,,,,
0.3244181084632849,-0.7293433749357389,0.23352507987787155,-0.4338918538161467,0.0,668.8768728503957,1193.0288975124506,22,29786,676000,0.0003,3209.072509765625,0.05000000074505806,199497024.0,51719.6484375,666001,30311.190476190477,-39213531.93615067,,,,,,,
4.452645778773956e-05,0.10422345307409667,0.5923695906943557,-0.9292056829338275,0.0,1275.2393969092534,-562.9346731932712,22,29856,678000,0.0003,10278.6708984375,0.05000000074505806,133417344.0,98130.1328125,668001,30751.590909090908,-38781816.39505841,,,,,,,
5.575563582181929,0.6851904349996076,0.0669939193010188,-0.6397317355753986,0.0,802.8871221432364,-109.63490172002209,22,29925,680000,0.0003,23608.802734375,0.05000000074505806,179565344.0,30640.728515625,670001,30751.590909090908,-38781816.39505841,,,,,,,
8.668596945404992,0.539905910570174,0.01653807410727468,-0.7648082833785546,0.0,848.6428518810683,-55.0418831269543,22,29994,682000,0.0003,31218.95703125,0.05000000074505806,193429312.0,44435.89453125,672001,30751.590909090908,-38781816.39505841,,,,,,,
7.927806935906409,0.4247995863967195,-0.24880492304966953,-0.816155412511608,0.0,984.5147789068241,252.72449737412126,22,30063,684000,0.0003,30503.9140625,0.05000000074505806,79436208.0,41435.109375,674001,30751.590909090908,-38781816.39505841,,,,,,,
7.253598294258119,0.374286932711671,0.3478225685290961,-0.8745600027365698,0.0,1028.0079892413837,-323.021251757519,22,30132,686000,0.0003,40349.86328125,0.05000000074505806,125402704.0,121591.1015625,676001,30751.590909090908,-38781816.39505841,,,,,,,
7.400143672227861,-0.33818894398004046,0.2733103078724574,-0.4182978940341876,0.0,635.3845756227674,-194.05664114080747,22,30200,688000,0.0003,50233.484375,0.05000000074505806,459338464.0,133045.546875,678001,30751.590909090908,-38781816.39505841,,,,,,,
-13.335467972755442,-0.585976288336663,-0.08034502950432121,-0.4422377715300493,0.0,590.2105346653154,-129.19549096369892,22,30269,690000,0.0003,42639.3359375,0.05000000074505806,202244768.0,30066.509765625,680001,30751.590909090908,-38781816.39505841,,,,,,,
-4.501620861291884,0.006271555801392476,0.2168782375361636,-0.399720977225053,0.0,572.5939521200961,350.4901087103302,22,30337,692000,0.0003,48827.08203125,0.05000000074505806,181723552.0,47471.06640625,682001,30751.590909090908,-38781816.39505841,,,,,,,
-19.99949938595295,-0.5430031416873499,-0.38529844855131,-0.4306221054458296,0.0,893.5557673360059,965.4009212170986,22,30406,694000,0.0003,60411.0,0.05000000074505806,203086336.0,80768.7265625,684001,30751.590909090908,-38781816.39505841,,,,,,,
7.402184983491898,0.08651306500526004,-0.20158511906336482,-0.6374000276960696,0.0,1511.699754178726,-1016.3254486798853,22,30474,696000,0.0003,45111.234375,0.05000000074505806,201533696.0,67147.8359375,686001,30751.590909090908,-38781816.39505841,,,,,,,
8.81110164821148,0.7995070270956274,0.33506401556663556,-0.4676966639141406,0.0,576.8284823021825,-241.29861050550596,22,30542,698000,0.0003,51076.0625,0.05000000074505806,914629888.0,301171.625,688001,30751.590909090908,-38781816.39505841,,,,,,,
-8.423385490179065,0.7102717739135862,-0.487594162575183,-0.2505867636150203,0.0,437.59420331328147,-396.15337891288624,,,700000,0.0003,54866.80859375,0.05000000074505806,2676612096.0,526197.125,690000,,,1.5625e-05,0.0,40000.0,-50863.85727160044,7668.804102360292,0.0,0.0
,,,,,,,22,31742,700000,0.0003,53518.265625,0.05000000074505806,501194528.0,53333.03515625,690001,30751.590909090908,-38781816.39505841,,,,,,,
1.7512434619665174,0.33431879363508665,-0.13219032011613477,-0.15805620481846733,0.0,528.6605920796617,364.59867250971763,22,31811,702000,0.0003,55048.4453125,0.05000000074505806,63802700.0,22187.33984375,692001,30751.590909090908,-38781816.39505841,,,,,,,
2.620368647575379,-0.12259351924379089,0.1553605595112752,-0.4884335067486067,0.0,609.0724644416482,220.0654104640977,22,31879,704000,0.0003,46884.1796875,0.05000000074505806,161535264.0,98376.203125,694001,30751.590909090908,-38781816.39505841,,,,,,,
-0.694984886646276,0.06995428725784814,0.2419639725946129,-0.3280367569035811,0.0,917.6303853919377,-468.34478280931444,22,31948,706000,0.0003,64419.1484375,0.05000000074505806,129133680.0,51431.9921875,696001,30751.590909090908,-38781816.39505841,,,,,,,
-2.119615333676338,0.0641466480389345,-0.8748551850292473,-0.0785957045358444,0.0,455.49023860662004,103.97226334314348,22,32017,708000,0.0003,46161.12890625,0.05000000074505806,190724480.0,72468.8046875,698001,30751.590909090908,-38781816.39505841,,,,,,,
-0.15769427001475989,-0.3355455700974731,0.7489061979295675,-0.43647791319155416,0.0,795.9125571740166,464.60027426454974,22,32085,710000,0.0003,46341.32421875,0.05000000074505806,183309536.0,19488.201171875,700001,30751.590909090908,-38781816.39505841,,,,,,,
0.8527725350856749,-0.0625951525251186,0.7682074750185993,-0.28534630777616515,0.0,751.7341159038436,52.27699329471861,22,32154,712000,0.0003,37692.265625,0.05000000074505806,107802640.0,22604.931640625,702001,30751.590909090908,-38781816.39505841,,,,,,,
-13.213025805950213,-0.44877217621810594,0.14682935982800518,-0.3529932671353029,0.0,1014.4520106923458,460.52434267514207,22,32223,714000,0.0003,50710.5703125,0.05000000074505806,122555760.0,829770.625,704001,30751.590909090908,-38781816.39505841,,,,,,,
-7.351151832342158,-0.29265532179650683,-0.6550246871779166,-0.21906187634682792,0.0,791.0662211856028,-803.7579759427,22,32292,716000,0.0003,36257.10546875,0.05000000074505806,187182560.0,465613.15625,706001,30751.590909090908,-38781816.39505841,,,,,,,
10.867425494790083,0.4613000146971173,0.22861920586188814,-0.6953815177222198,0.0,993.0511251563364,69.09465696781125,22,32361,718000,0.0003,34569.2890625,0.05000000074505806,313077216.0,156707.15625,708001,31153.695652173912,-38469559.81315752,,,,,,,
4.0195118725299865,0.3535283306731668,-0.3096258619182681,-0.5115225900250981,0.0,810.9212273772558,148.29979455232248,22,32430,720000,0.0003,43025.51953125,0.05000000074505806,137299232.0,40565.3984375,710001,31153.695652173912,-38469559.81315752,,,,,,,
3.721620763540274,0.21691833046188658,-0.5540570525743602,-0.6931085477661006,0.0,1208.9271141696186,15.274127217931193,22,32499,722000,0.0003,42574.546875,0.05000000074505806,149371584.0,125495.78125,712001,31153.695652173912,-38469559.81315752,,,,,,,
-3.1362308245897283,-0.09701783930002536,0.23206635207827955,-0.8288611167936146,0.0,1283.625536416637,1951.379096712983,22,32568,724000,0.0003,50714.11328125,0.05000000074505806,1191756800.0,352569.84375,714001,31153.695652173912,-38469559.81315752,,,,,,,
3.3110234951972988,0.06922397364618489,-1.0332420646015854,-0.31027810122706506,0.0,1020.9354425604395,-1529.1267827063173,22,32637,726000,0.0003,36581.703125,0.05000000074505806,48324288.0,21016.5390625,716001,31153.695652173912,-38469559.81315752,,,,,,,
6.298036983013149,0.1961322145315397,0.15435016865901605,-0.7463153651922481,0.0,1514.1122074579516,373.41798182208026,22,32706,728000,0.0003,50328.1640625,0.05000000074505806,134380448.0,186027.140625,718001,30300.375,-39045116.900120996,,,,,,,
-0.8588869559764986,0.22446666027554885,-0.09367751335844107,-0.7832253201683596,0.0,1353.6434119173048,146.63943797466536,22,32775,730000,0.0003,46547.71875,0.05000000074505806,3179467776.0,655268.5625,720001,30300.375,-39045116.900120996,,,,,,,
2.6313758748769747,0.2749370595308938,-0.3090938539727175,-0.7501256653279956,0.0,1320.6087199323542,817.8560858539286,22,32845,732000,0.0003,45700.89453125,0.05000000074505806,146576928.0,23760.234375,722001,30300.375,-39045116.900120996,,,,,,,
2.6071149367094084,0.3152495112331231,0.19980328417781598,-0.8024356366371963,0.0,1182.4475452924883,-606.3446625311062,22,32914,734000,0.0003,48844.54296875,0.05000000074505806,57007432.0,40733.9296875,724001,30300.375,-39045116.900120996,,,,,,,
2.1342600214481346,0.38952715274631944,-0.35051382124939856,-0.7307993304840449,0.0,1274.34226757492,-92.97159174181348,22,32983,736000,0.0003,48137.1953125,0.05000000074505806,303322048.0,53372.26953125,726001,30300.375,-39045116.900120996,,,,,,,
0.5231451791524883,0.3176160159368671,0.29896625034551644,-0.7715579154415706,0.0,1210.761884216196,806.0426566245858,22,33052,738000,0.0003,50473.625,0.05000000074505806,176553040.0,86321.953125,728001,30300.375,-39045116.900120996,,,,,,,
3.066657745838149,0.40189294477554166,0.26011969164250415,-0.7841201360174547,0.0,994.1162128141478,-940.9757866477009,22,33121,740000,0.0003,49378.71875,0.05000000074505806,139855888.0,42547.11328125,730001,30300.375,-39045116.900120996,,,,,,,
3.309780023097992,-0.21715376222313415,-0.24973918939182047,-0.730351459301139,0.0,1580.206247123041,432.6964846696521,22,33191,742000,0.0003,64956.015625,0.05000000074505806,205269312.0,38849.28125,732001,30300.375,-39045116.900120996,,,,,,,
2.9132907730340993,0.44437408806007017,0.02037477455646575,-0.7104909434841736,0.0,1017.2482398652794,-382.8835040492186,22,33260,744000,0.0003,55868.40625,0.05000000074505806,73788816.0,27261.21875,734001,30300.375,-39045116.900120996,,,,,,,
1.2906615233421312,0.3265084238412854,-0.4528465334399076,-0.6853283745643407,0.0,1181.78847370636,323.35471211793805,22,33329,746000,0.0003,66873.1171875,0.05000000074505806,93939768.0,23565.4921875,736001,30300.375,-39045116.900120996,,,,,,,
0.5364435130357768,-0.6512124537041954,0.2501235099764209,-0.6278147816334253,0.0,983.2462763843128,573.2394371628566,22,33398,748000,0.0003,63109.0234375,0.05000000074505806,284281568.0,125433.25,738001,30300.375,-39045116.900120996,,,,,,,
1.7023295265436147,0.42592148842123156,0.1370448074712877,-0.6599748024748993,0.0,1093.2957442370762,-1077.978541717572,22,33468,750000,0.0003,70141.4453125,0.05000000074505806,140665056.0,54765.34375,740001,30300.375,-39045116.900120996,,,,,,,
4.12925128519536,0.3777629082546166,-0.045800764236647126,-0.7212312988310593,0.0,904.7545755018267,1265.335698608904,22,33537,752000,0.0003,62081.8984375,0.05000000074505806,262493568.0,175909.09375,742001,30300.375,-39045116.900120996,,,,,,,
4.76279877781868,-0.1773596710725175,0.3090425930957418,-0.7284685828232317,0.0,1351.6549268563376,-1379.6866290669025,22,33606,754000,0.0003,73827.59375,0.05000000074505806,356550208.0,281086.28125,744001,30300.375,-39045116.900120996,,,,,,,
1.8178816628456123,0.31019459325282805,0.037067777742855315,-0.7696506265149977,0.0,1067.9432253124035,70.44509152221687,22,33676,756000,0.0003,69601.6171875,0.05000000074505806,5508992000.0,850740.8125,746001,30300.375,-39045116.900120996,,,,,,,
0.6945239746570598,0.23980226525068996,-0.8335291282665946,-0.6238664861296455,0.0,1214.9477358086128,-11.70748237713967,22,33745,758000,0.0003,71096.734375,0.05000000074505806,140671120.0,50978.2578125,748001,30300.375,-39045116.900120996,,,,,,,
5.951654217839235,-0.2593713881610598,1.3570633336196332,-0.3395103398182326,0.0,1659.079959472402,506.5275759274782,22,33814,760000,0.0003,75807.765625,0.05000000074505806,399739392.0,107595.328125,750001,30300.375,-39045116.900120996,,,,,,,
-8.673981559276593,-0.5152137049475983,-0.08567000603948063,0.004623231260200581,0.0,839.4343272140967,-712.9178281166731,22,33884,762000,0.0003,45895.9140625,0.05000000074505806,143655392.0,77083.8125,752001,30300.375,-39045116.900120996,,,,,,,
-13.068585425615314,-0.52564467722518,-0.0864096791002603,-0.21308076604571144,0.0,1264.632948427581,-142.4962839470541,22,33953,764000,0.0003,60395.828125,0.05000000074505806,170147088.0,82151.359375,754001,30300.375,-39045116.900120996,,,,,,,
2.3501684498786934,0.15310663243162986,-1.0964192409918698,-0.3889789561938208,0.0,987.675082149914,626.3168525354564,22,34022,766000,0.0003,54856.9140625,0.05000000074505806,150716144.0,68247.4765625,756001,30300.375,-39045116.900120996,,,,,,,
4.484313261508956,-0.25182775949996167,0.47939177215052475,-0.8275314059994334,0.0,1117.4280137443668,478.71885907836486,22,34091,768000,0.0003,66712.8671875,0.05000000074505806,195134400.0,69925.5859375,758001,30688.36,-39371338.59486972,,,,,,,
0.9756676906347228,0.5960133182337246,-0.08052083705835718,-0.658080348348799,0.0,1030.8832805222855,2171.7209030621116,22,34160,770000,0.0003,65690.1015625,0.05000000074505806,185644016.0,69479.0859375,760001,30688.36,-39371338.59486972,,,,,,,
3.567485660314561,-0.037191100853455936,0.069537358474438,-0.9033239035698101,0.0,1399.9410832218493,-2206.4916842812418,22,34228,772000,0.0003,58713.20703125,0.05000000074505806,296725952.0,179603.484375,762001,30688.36,-39371338.59486972,,,,,,,
-1.9050295555591623,0.10257329110867125,-0.6162185701113857,-0.7717394413687774,0.0,1307.677609758235,-258.63395068588346,22,34297,774000,0.0003,87219.203125,0.05000000074505806,1964698752.0,417338.65625,764001,30688.36,-39371338.59486972,,,,,,,
0.8149572420120231,-0.2514783773431959,0.5800626826043395,-0.8222736087309473,0.0,1138.2851405959468,319.27083432944886,22,34365,776000,0.0003,67938.1484375,0.05000000074505806,306346240.0,117503.4296875,766001,30688.36,-39371338.59486972,,,,,,,
0.16026911616325412,0.2262769225961005,-0.5005083275242735,-0.7905417590395473,0.0,1362.4248260773682,-189.69978149894234,22,34434,778000,0.0003,62035.97265625,0.05000000074505806,105105632.0,26549.578125,768001,30688.36,-39371338.59486972,,,,,,,
-0.6366910785436614,-0.2854326085477064,0.446823478376924,-0.8461050861899728,0.0,1117.9305552833441,211.2956846968399,22,34502,780000,0.0003,66623.6171875,0.05000000074505806,184018048.0,71743.765625,770001,30688.36,-39371338.59486972,,,,,,,
-0.7923971843719455,0.12852759330167438,-0.42482933109183313,-0.8439303574720144,0.0,1369.5740022993673,-181.21787467422791,22,34570,782000,0.0003,75990.6953125,0.05000000074505806,233311552.0,79838.2109375,772001,30688.36,-39371338.59486972,,,,,,,
-1.0611281895637512,-0.27807513903089454,0.4142660456558074,-0.8579466202043449,0.0,1111.587226904348,177.7307871232645,22,34638,784000,0.0003,69590.234375,0.05000000074505806,100720008.0,32191.126953125,774001,30688.36,-39371338.59486972,,,,,,,
-0.6622589784860632,0.0894120941720972,-0.48706967383479133,-0.8240981068465764,0.0,1370.365508757388,-303.0644086367182,22,34705,786000,0.0003,76220.03125,0.05000000074505806,143322368.0,42444.8671875,776001,30688.36,-39371338.59486972,,,,,,,
0.9835341346263878,-0.1806896912677918,0.5587640686182401,-0.8682987542734928,0.0,1145.9642281177564,282.0490409988321,22,34773,788000,0.0003,63567.171875,0.05000000074505806,533624704.0,183843.453125,778001,30688.36,-39371338.59486972,,,,,,,
0.3924056935310367,0.07517153539739758,-0.6067230695312381,-0.7710771534576718,0.0,1367.8226785771371,-342.9649725493962,22,34841,790000,0.0003,51161.0234375,0.05000000074505806,424389664.0,176403.109375,780001,30688.36,-39371338.59486972,,,,,,,
1.8291882199048968,-0.06914450270117246,0.712145564191468,-0.8706654379762458,0.0,1197.955820769929,237.96834055275812,22,34909,792000,0.0003,51513.9296875,0.05000000074505806,74239512.0,26767.197265625,782001,30688.36,-39371338.59486972,,,,,,,
1.2700351101160063,0.025520362135947782,-0.6494320402302297,-0.7268114752602931,0.0,1375.2452213257027,-128.7316592505123,22,34977,794000,0.0003,38736.13671875,0.05000000074505806,98574848.0,29489.005859375,784001,30688.36,-39371338.59486972,,,,,,,
0.6407065099477749,0.03932427544677498,0.680638529232984,-0.9011014549439681,0.0,1207.765770988045,59.77394503000656,22,35045,796000,0.0003,44870.796875,0.05000000074505806,1058311040.0,263879.5,786001,30688.36,-39371338.59486972,,,,,,,
-0.17216694951056952,-0.15161939497018653,-0.39823346021389233,-0.7183772365358894,0.0,1459.2613760767056,624.9000263521161,22,35112,798000,0.0003,54113.1484375,0.05000000074505806,232849792.0,38185.96875,788001,30688.36,-39371338.59486972,,,,,,,
-0.5167757534980773,0.2934314962295412,0.351780064974059,-0.8880481811924009,0.0,1134.486805448486,-102.26379724672574,,,800000,0.0003,42184.62109375,0.05000000074505806,68663344.0,57338.984375,790000,,,1.5625e-05,0.0,40000.0,-49182.737691804105,6795.822361003522,0.0,0.0
,,,,,,,22,36291,800000,0.0003,47019.62109375,0.05000000074505806,201622960.0,62872.0234375,790001,30688.36,-39371338.59486972,,,,,,,
1.295999757051472,-0.2634843840210885,-0.1676461126326253,-0.7788179375618337,0.0,1556.5469290763226,-252.59816479374157,22,36359,802000,0.0003,60032.3203125,0.05000000074505806,511462400.0,152483.734375,792001,30688.36,-39371338.59486972,,,,,,,
0.34673216581344624,0.3555182333281273,-0.27927318862241124,-0.7949192654192995,0.0,1423.3712820643266,771.1065554444687,22,36427,804000,0.0003,38094.59375,0.05000000074505806,80415216.0,36231.1015625,794001,30688.36,-39371338.59486972,,,,,,,
-0.771423794627193,-0.29221861336739385,0.22913079909233522,-0.8834947805295055,0.0,1119.0796915079418,-818.3724568579466,22,36495,806000,0.0003,43626.109375,0.05000000074505806,93258816.0,61256.13671875,796001,30688.36,-39371338.59486972,,,,,,,
3.8222039985656595,0.20207287160187684,0.40421710643768954,-0.9302551251088375,0.0,1127.0071459003966,-323.9913435597724,22,36562,808000,0.0003,50914.7890625,0.05000000074505806,58066872.0,28817.08203125,798001,31046.5,-39806574.71005638,,,,,,,
4.673658197522155,0.23925506662291063,0.177078094434871,-0.9399320355460664,0.0,1102.769038158117,-120.18142993603178,22,36630,810000,0.0003,62344.98046875,0.05000000074505806,341120128.0,237006.828125,800001,31046.5,-39806574.71005638,,,,,,,
3.1538098567724115,0.7539703870636937,0.2475610271412351,-0.640522675953968,0.0,792.741809075813,-213.8916166676029,22,36698,812000,0.0003,74071.515625,0.05000000074505806,234863168.0,56666.11328125,802001,31046.5,-39806574.71005638,,,,,,,
11.978596935868286,0.4385013897616008,-0.14632473715528913,-0.7319781214269655,0.0,895.3553314489608,-98.80604433259249,22,36767,814000,0.0003,61117.42578125,0.05000000074505806,118441872.0,127303.4921875,804001,31046.5,-39806574.71005638,,,,,,,
7.249333556294447,0.45651790760310423,0.3601820714361688,-0.42743098928599393,0.0,514.9628659120539,-178.41274420374867,22,36835,816000,0.0003,54636.66796875,0.05000000074505806,213732784.0,99687.234375,806001,31046.5,-39806574.71005638,,,,,,,
2.890460951924321,0.016926085453234128,-0.5764381641323447,-0.43720920767514326,0.0,744.8074541313972,174.36837130205666,22,36904,818000,0.0003,53706.80078125,0.05000000074505806,117795592.0,34851.89453125,808001,31046.5,-39806574.71005638,,,,,,,
7.865422723293309,0.42782614927752705,0.20150979491167414,-0.6026715538390571,0.0,548.2122364792577,-282.8444961584429,22,36973,820000,0.0003,44098.46484375,0.05000000074505806,52719464.0,24771.7265625,810001,31046.5,-39806574.71005638,,,,,,,
-2.8370126730203604,-0.2979095323776022,-0.5105921109261509,-0.14337522818162665,0.0,1061.6239935318642,1476.9977311649257,22,37042,822000,0.0003,53684.96875,0.05000000074505806,58173892.0,24903.673828125,812001,31046.5,-39806574.71005638,,,,,,,
5.4590148663520734,0.5134231748437257,0.5414817829836933,-0.5020797985866793,0.0,767.0015507796642,-1349.9949114903907,22,37111,824000,0.0003,55340.74609375,0.05000000074505806,80159088.0,25352.044921875,814001,31046.5,-39806574.71005638,,,,,,,
-0.041255728602409815,-0.23559545075475424,-0.6921441352483474,-0.4685545798892359,0.0,964.5334998344134,545.5408048430808,22,37180,826000,0.0003,59921.61328125,0.05000000074505806,53629056.0,30750.634765625,816001,31046.5,-39806574.71005638,,,,,,,
1.7082096022367488,0.19894820280687256,0.5599779315450468,-0.7948725474777829,0.0,1015.621656131639,-274.35171248976394,22,37250,828000,0.0003,66288.53125,0.05000000074505806,185779712.0,132584.046875,818001,31046.5,-39806574.71005638,,,,,,,
-4.682453457117084,-0.20980850669872675,-0.7617294766378246,-0.7815663505667066,0.0,1139.9867748185782,-42.57251887300835,22,37320,830000,0.0003,70673.796875,0.05000000074505806,174342912.0,101834.6640625,820001,31046.5,-39806574.71005638,,,,,,,
0.6267952549457538,-0.2686518473158119,0.683601819511207,-0.796349984099738,0.0,1117.3366809457443,371.2293199445589,22,37390,832000,0.0003,72298.953125,0.05000000074505806,402668672.0,29835.4140625,822001,31046.5,-39806574.71005638,,,,,,,
4.5263845551014,0.5425297446933873,0.1427582373239154,-0.7881071637239544,0.0,913.1298627404897,-81.85685080229804,22,37461,834000,0.0003,88167.984375,0.05000000074505806,117698320.0,51273.15234375,824001,31046.5,-39806574.71005638,,,,,,,
6.555009431242949,0.2502055743967944,-0.0591577602773724,-0.905337385812272,0.0,1153.1949789338516,-47.10205232829771,22,37531,836000,0.0003,78519.046875,0.05000000074505806,704405824.0,165941.109375,826001,31046.5,-39806574.71005638,,,,,,,
5.140009596943861,0.5312590405230917,-0.16604977345634916,-0.7631043780663544,0.0,945.9195833208274,563.4692608990466,22,37602,838000,0.0003,83813.1015625,0.05000000074505806,90148560.0,54670.01953125,828001,31046.5,-39806574.71005638,,,,,,,
-1.5447862410545348,-0.11300267533373641,-0.28144369921754714,-0.9623551639472131,0.0,1192.047864521617,-464.09094374942197,22,37672,840000,0.0003,86480.7421875,0.05000000074505806,87451008.0,35981.3515625,830001,31046.5,-39806574.71005638,,,,,,,
-7.428713766336435,-0.4105699506696072,-0.3130216636044561,-0.8592106351802693,0.0,993.1359473107448,-285.05189189729685,22,37742,842000,0.0003,80360.875,0.05000000074505806,96961768.0,28082.388671875,832001,31046.5,-39806574.71005638,,,,,,,
-2.064591911435129,-0.5730491735633717,0.5024380263346833,-0.7153231949304707,0.0,973.3315189412691,591.7972952474565,22,37812,844000,0.0003,89492.890625,0.05000000074505806,180377728.0,62063.765625,834001,31046.5,-39806574.71005638,,,,,,,
-0.5229967403411866,0.0938780023249574,-0.27759960540666406,-0.8473665241235304,0.0,1093.3194175905528,-476.2586958324457,22,37882,846000,0.0003,99757.1328125,0.05000000074505806,127673888.0,78538.125,836001,31046.5,-39806574.71005638,,,,,,,
-5.61989893138409,-0.33648697963299784,-0.18484398522993145,-0.8092039119131393,0.0,906.1867453257202,-216.93562795098123,22,37952,848000,0.0003,89997.03125,0.05000000074505806,101993872.0,49349.59765625,838001,31378.11111111111,-39727104.57366115,,,,,,,
-4.34507941126824,-0.4500686501818511,-0.4596667592470234,-0.8062577601746972,0.0,1000.7497316174955,-462.0820742939863,22,38022,850000,0.0003,88062.1953125,0.05000000074505806,143341088.0,113160.8828125,840001,31378.11111111111,-39727104.57366115,,,,,,,
-2.560857698917397,-0.21098486147634768,0.610710527443684,-0.8523914170480812,0.0,1091.1888136254759,295.08329840899785,22,38093,852000,0.0003,107111.4921875,0.05000000074505806,329178496.0,66342.390625,842001,31378.11111111111,-39727104.57366115,,,,,,,
-3.046921612024307,-0.19311350815902154,-0.5669740589259741,-0.8198230236576394,0.0,1045.7768082460998,-361.5617714403344,22,38163,854000,0.0003,95066.109375,0.05000000074505806,68897136.0,38455.4921875,844001,31378.11111111111,-39727104.57366115,,,,,,,
-12.18058399617672,-0.5768602700061698,-0.08105590354572759,-0.727113056408211,0.0,796.781867672141,58.60477947925848,22,38233,856000,0.0003,97072.3671875,0.05000000074505806,232373536.0,99696.6171875,846001,31378.11111111111,-39727104.57366115,,,,,,,
7.6438458442687995,0.40470707432080016,-0.3285285742003818,-0.5405963055403411,0.0,801.1566938564042,114.73309420178569,22,38304,858000,0.0003,93126.578125,0.05000000074505806,258607232.0,30196.580078125,848001,31378.11111111111,-39727104.57366115,,,,,,,
8.322182483673103,0.7694701499495633,-0.14220856608585974,-0.5011183529624329,0.0,812.8791646966015,328.83547461472097,22,38374,860000,0.0003,91178.9296875,0.05000000074505806,135832128.0,82797.9609375,850001,31378.11111111111,-39727104.57366115,,,,,,,
12.277812768220908,0.47494912911150616,-0.02655814741136245,-0.6955935738569424,0.0,1310.592319249727,128.66405491282933,22,38444,862000,0.0003,96885.7734375,0.05000000074505806,489407424.0,27535.119140625,852001,31378.11111111111,-39727104.57366115,,,,,,,
7.35499986052514,0.48561115708692626,0.0009125605125967953,-0.7300923070154265,0.0,1386.8179359572055,16.618508073556242,22,38514,864000,0.0003,102512.5234375,0.05000000074505806,331602592.0,63286.5390625,854001,31378.11111111111,-39727104.57366115,,,,,,,
4.265268339514731,0.7028553930850303,-0.06081812202874912,-0.4829200767707277,0.0,948.779551501031,89.49932664147441,22,38583,866000,0.0003,90714.078125,0.05000000074505806,67522472.0,39207.20703125,856001,31378.11111111111,-39727104.57366115,,,,,,,
8.14164801001548,0.30971410522414244,0.15183838725607168,-0.7571152670416754,0.0,1700.4549840634513,-241.2317811791651,22,38653,868000,0.0003,90627.359375,0.05000000074505806,295308576.0,122269.328125,858001,31378.11111111111,-39727104.57366115,,,,,,,
0.8674171054363278,0.5112392154819793,-0.3025866299342709,-0.7073582123854467,0.0,1381.7480971677726,658.976404804949,22,38722,870000,0.0003,111661.546875,0.05000000074505806,184624784.0,40898.58203125,860001,31378.11111111111,-39727104.57366115,,,,,,,
5.583082167506219,0.33834067851215155,0.23320596115671952,-0.765423151579593,0.0,1593.6964958496208,-628.9639378063197,22,38792,872000,0.0003,100400.359375,0.05000000074505806,191736752.0,53801.921875,862001,31378.11111111111,-39727104.57366115,,,,,,,
8.360667218565945,0.31945170546322693,-0.12456515634888125,-0.8029217770594231,0.0,1683.9009335004184,514.2717776754309,22,38861,874000,0.0003,126012.4140625,0.05000000074505806,213755648.0,99635.9609375,864001,31378.11111111111,-39727104.57366115,,,,,,,
2.637875421047208,0.4275104053518452,-0.08084364170883568,-0.7893838194266202,0.0,1566.9281150991965,130.84786900318122,22,38930,876000,0.0003,88296.234375,0.05000000074505806,133236816.0,18662.8046875,866001,31378.11111111111,-39727104.57366115,,,,,,,
6.084519106149672,0.33631780799333877,0.15822957664143417,-0.8268097357887368,0.0,1678.7660844167167,-430.7163978083233,22,38999,878000,0.0003,104659.4765625,0.05000000074505806,166189728.0,67214.015625,868001,31378.11111111111,-39727104.57366115,,,,,,,
8.736769275069259,0.3528258447502859,0.05248129654700848,-0.8241943955862339,0.0,1696.8528489393086,-51.89857083057394,22,39068,880000,0.0003,95648.65625,0.05000000074505806,58298048.0,48566.66796875,870001,31378.11111111111,-39727104.57366115,,,,,,,
3.3111292403936368,0.5760272121554758,-0.1376327915149138,-0.7333503447567291,0.0,1327.518622834124,342.5347098312051,22,39137,882000,0.0003,84681.3359375,0.05000000074505806,95377456.0,46280.4140625,872001,31378.11111111111,-39727104.57366115,,,,,,,
7.942652668952929,0.38714466731316177,0.1058119526690171,-0.8330258351829897,0.0,1631.1697962411226,-314.3682932342862,22,39205,884000,0.0003,100389.109375,0.05000000074505806,89524040.0,71594.9375,874001,31378.11111111111,-39727104.57366115,,,,,,,
9.602251873016332,0.40863898403907867,0.08468693273888549,-0.8131152134585301,0.0,1626.7807380632019,-157.33113708329506,22,39274,886000,0.0003,92597.1875,0.05000000074505806,162439904.0,40136.4296875,876001,31378.11111111111,-39727104.57366115,,,,,,,
0.5117168354988154,0.24823735572738037,0.08375589866411301,-0.6967068045316666,0.0,963.9023037368034,-698.9056094895031,22,39343,888000,0.0003,99858.6171875,0.05000000074505806,174354928.0,103063.4375,878001,31686.035714285714,-40171584.25128007,,,,,,,
0.3848130506277116,-0.08444860357035405,0.35522333552615065,-0.9069629856283772,0.0,1079.709419190991,555.5982441877493,22,39411,890000,0.0003,94280.4140625,0.05000000074505806,196322464.0,158398.609375,880001,31686.035714285714,-40171584.25128007,,,,,,,
-1.1711379325389861,0.267040159920018,-0.4087812856096614,-0.6960754836442857,0.0,1109.314039013297,-510.75643985132035,22,39480,892000,0.0003,99188.90625,0.05000000074505806,203328224.0,87796.9609375,882001,31686.035714285714,-40171584.25128007,,,,,,,
-2.1641103738546357,-0.2865808395021509,0.3372846811106934,-0.8238349065305774,0.0,978.9763206181461,194.66015493886684,22,39549,894000,0.0003,86127.4296875,0.05000000074505806,72549808.0,46003.26171875,884001,31686.035714285714,-40171584.25128007,,,,,,,
2.5199605226516653,0.5043211239541955,-0.07536511276248897,-0.596849544061305,0.0,1029.5607984062149,180.35125400699974,22,39619,896000,0.0003,87732.59375,0.05000000074505806,47914532.0,29849.45703125,886001,31686.035714285714,-40171584.25128007,,,,,,,
0.13476517140865502,-0.08145004355863321,0.13287493258874053,-0.846533797390275,0.0,1027.553813842213,-400.0471450935382,22,39688,898000,0.0003,84842.7265625,0.05000000074505806,71832896.0,40744.1953125,888001,31686.035714285714,-40171584.25128007,,,,,,,
3.5883122950792288,0.5825964351626005,0.10646374654352628,-0.5772629753550614,0.0,820.4695555883526,388.35928837999575,,,900000,0.0003,81618.8125,0.05000000074505806,87220064.0,64812.46484375,890000,,,0.017156249999999842,0.0,40000.0,-39007.426073697105,7874.165152283829,0.017156249999999842,0.0
,,,,,,,22,40876,900000,0.0003,83951.34375,0.05000000074505806,1527254144.0,360487.9375,890001,31686.035714285714,-40171584.25128007,,,,,,,
-0.8530377912521353,-0.23760941250737555,-0.30882311339214263,-0.819102764178849,0.0,1174.3360879911193,-117.15170947591713,22,40945,902000,0.0003,73193.65625,0.05000000074505806,91412400.0,268692.53125,892001,31686.035714285714,-40171584.25128007,,,,,,,
0.5709044045209893,0.5279225727231923,0.7006769783042233,-0.6102075257502967,0.0,940.9490151237432,-589.1954243685987,22,41014,904000,0.0003,71725.25,0.05000000074505806,57223960.0,66938.0078125,894001,31686.035714285714,-40171584.25128007,,,,,,,
3.556717789173122,0.24988878129593278,-0.523475891725511,-0.6204075636829082,0.0,875.0550981421775,228.89503396927932,22,41083,906000,0.0003,89017.2265625,0.05000000074505806,776182464.0,451668.0,896001,31686.035714285714,-40171584.25128007,,,,,,,
7.91986499071122,0.3980042722840361,0.6655675839365784,-0.3550992791805931,0.0,509.1859327510706,-169.19750026396878,22,41152,908000,0.0003,73693.3359375,0.05000000074505806,55314264.0,29770.095703125,898001,31686.035714285714,-40171584.25128007,,,,,,,
-10.485514464974404,-0.5106707686678197,0.32036851874094235,-0.6800390116178074,0.0,1351.2471000710493,816.7637071235922,22,41222,910000,0.0003,75172.1875,0.05000000074505806,194402128.0,48325.28515625,900001,31686.035714285714,-40171584.25128007,,,,,,,
-11.983887782692912,-0.6799076942740514,-0.39001711647037934,-0.5281154537963518,0.0,956.177931848005,-976.5812790179964,22,41291,912000,0.0003,68583.9453125,0.05000000074505806,75509296.0,31579.83984375,902001,31686.035714285714,-40171584.25128007,,,,,,,
9.634157682657248,0.0044569897814915735,0.04176704366542856,-0.3680539415701018,0.0,477.7933260050681,-6.171407451825886,22,41361,914000,0.0003,66633.6015625,0.05000000074505806,99378640.0,387127.5625,904001,31686.035714285714,-40171584.25128007,,,,,,,
-14.04192102074625,-0.5732790040438057,0.3163782958427314,-0.5284920886580999,0.0,1064.6598377302487,773.8904790149561,22,41430,916000,0.0003,66816.484375,0.05000000074505806,240537008.0,36540.6875,906001,31686.035714285714,-40171584.25128007,,,,,,,
-8.667257825732229,-0.6191724797758901,-0.048116137643975716,-0.5926796270644831,0.0,1045.3965489070824,45.53504811679186,22,41501,918000,0.0003,64714.19921875,0.05000000074505806,74490992.0,29327.978515625,908001,31686.035714285714,-40171584.25128007,,,,,,,
1.1793994736671456,-0.013080016746241444,0.7249641706685795,-0.8118415942400901,0.0,1471.595473523031,844.2254856582392,22,41571,920000,0.0003,56172.140625,0.05000000074505806,11624836497408.0,30598.87109375,910001,31688.206896551725,-41251402.31490599,,,,,,,
6.83924662828445,-0.0025521595982073604,0.38759972502880746,-0.4876656526487893,0.0,664.9487080212483,-317.89882713537656,22,41641,922000,0.0003,49497.15234375,0.05000000074505806,68637776.0,29940.345703125,912001,31688.206896551725,-41251402.31490599,,,,,,,
4.535654725432395,0.30846590853461314,-0.4116301596232939,-0.3739369028699498,0.0,650.4417147127455,-232.98409626133974,22,41712,924000,0.0003,73542.2890625,0.05000000074505806,145921184.0,62457.85546875,914001,31688.206896551725,-41251402.31490599,,,,,,,
11.760345791578295,0.49890405650451153,0.18546007551066715,-0.4215236542241459,0.0,397.1446354895809,112.66364568008032,22,41782,926000,0.0003,55252.34375,0.05000000074505806,173759904.0,39841.875,916001,31688.206896551725,-41251402.31490599,,,,,,,
-0.7896431243419691,0.19172839276417022,0.2206845509912452,-0.3179820810572394,0.0,433.2204083676612,49.38269052026925,22,41853,928000,0.0003,46914.515625,0.05000000074505806,180452672.0,76148.828125,918001,31688.206896551725,-41251402.31490599,,,,,,,
2.6708687746524813,-0.8354882000310891,0.21586372882641156,-0.31979077225520725,0.0,577.0541662986019,285.9260035383772,22,41924,930000,0.0003,35014.3046875,0.05000000074505806,123851600.0,40169.55859375,920001,31688.206896551725,-41251402.31490599,,,,,,,
-11.285986707806593,-0.42486497926570144,0.2885385960679241,-0.29728918939449683,0.0,922.0427076364692,713.9147171042799,22,41993,932000,0.0003,34546.37109375,0.05000000074505806,209863232.0,83852.984375,922001,31688.206896551725,-41251402.31490599,,,,,,,
-1.0212496972083978,0.361568537520279,0.09298879702186935,-0.5990440131110287,0.0,1330.090203376491,2796.120000001306,22,42063,934000,0.0003,26516.07421875,0.05000000074505806,115794736.0,57153.8828125,924001,31076.833333333332,-41509816.85184209,,,,,,,
2.19559495270252,0.3362412808651156,-0.8818210171410142,-0.07094257937358185,0.0,1159.6809400396116,-3222.148631446824,22,42133,936000,0.0003,12614.767578125,0.05000000074505806,217828528.0,48799.609375,926001,31076.833333333332,-41509816.85184209,,,,,,,
16.92141586184503,0.48636915732059594,0.02479902983819712,-0.4323462455736548,0.0,1147.8591567682427,367.7554520156037,22,42203,938000,0.0003,14706.517578125,0.05000000074505806,134114960.0,86047.875,928001,31076.833333333332,-41509816.85184209,,,,,,,
1.6628485631942849,0.7344719393189143,-0.1794013886145288,-0.44790984657102634,0.0,830.5264499363424,388.2499721709691,22,42273,940000,0.0003,4968.8388671875,0.05000000074505806,133260560.0,50031.22265625,930001,31076.833333333332,-41509816.85184209,,,,,,,
12.036826469898237,0.435907797971584,0.48033076420959664,-0.5409302650841935,0.0,1161.0010057780055,-543.3231558352219,22,42342,942000,0.0003,-2352.876953125,0.05000000074505806,122170432.0,50172.86328125,932001,31076.833333333332,-41509816.85184209,,,,,,,
-4.782361130118362,-0.14573546201391274,0.7152601166037049,-0.7860324222143473,0.0,1104.6019819993599,236.447186046065,22,42412,944000,0.0003,21953.888671875,0.05000000074505806,256781648.0,106031.96875,934001,31076.833333333332,-41509816.85184209,,,,,,,
8.955169152617444,0.41782562166040693,0.5990909494765403,-0.7002268770203437,0.0,907.4922970733529,-327.98950200184277,22,42482,946000,0.0003,24369.87109375,0.05000000074505806,231368480.0,54272.765625,936001,31076.833333333332,-41509816.85184209,,,,,,,
-6.9776183772087075,-0.13550560479053375,-0.49561466442304486,-0.23728243720222925,0.0,652.8297687841967,633.1681597505097,22,42552,948000,0.0003,115.95068359375,0.05000000074505806,174287408.0,31891.68359375,938001,31076.833333333332,-41509816.85184209,,,,,,,
-2.064060807228085,-0.371998995666352,-0.34312898408415377,-0.1262189201347485,0.0,695.458018135214,-690.530966535025,22,42621,950000,0.0003,6814.0390625,0.05000000074505806,114089472.0,28795.185546875,940001,31076.833333333332,-41509816.85184209,,,,,,,
2.422253817319867,0.2651781524779273,0.49626130616376635,-0.5436562036206513,0.0,496.11799267303087,-261.7463218112288,22,42691,952000,0.0003,11804.6552734375,0.05000000074505806,113479976.0,61711.38671875,942001,31076.833333333332,-41509816.85184209,,,,,,,
-5.102704707384108,0.004884219845044605,-0.7078186007285102,-0.5784184244731212,0.0,790.2210372570205,339.5074302330819,22,42761,954000,0.0003,6971.8779296875,0.05000000074505806,145160928.0,105380.3671875,944001,31076.833333333332,-41509816.85184209,,,,,,,
6.1701039296388664,0.07860074405520417,-0.8164196878171126,-0.3669282752589501,0.0,1430.808764842692,1076.1196210278638,22,42830,956000,0.0003,27905.3515625,0.05000000074505806,125727848.0,54140.59765625,946001,31076.833333333332,-41509816.85184209,,,,,,,
5.306479594707513,0.2119494599073217,0.8001488343520784,-0.5189232177591131,0.0,1032.869081977466,-779.267681109477,22,42900,958000,0.0003,14582.2431640625,0.05000000074505806,343563008.0,30107.17578125,948001,31076.833333333332,-41509816.85184209,,,,,,,
-3.6266953933238923,-0.04797800955155202,0.2791184739334956,-0.7826258917292078,0.0,904.674785357331,71.3827267554695,22,42968,960000,0.0003,10450.462890625,0.05000000074505806,187452192.0,152686.34375,950001,31076.833333333332,-41509816.85184209,,,,,,,
0.5636684215068871,0.2171083138473765,-0.9095835566435969,-0.2354633866240477,0.0,941.2701053441533,-328.18701426245366,22,43038,962000,0.0003,17939.6796875,0.05000000074505806,231907904.0,50162.54296875,952001,31076.833333333332,-41509816.85184209,,,,,,,
15.60001034021379,0.46562816681326535,0.05681942325899792,-0.4684577704589184,0.0,1074.4268263968052,98.1901002068575,22,43106,964000,0.0003,-4411.4921875,0.05000000074505806,425996352.0,49220.64453125,954001,31076.833333333332,-41509816.85184209,,,,,,,
-6.139682512879368,-0.10322801217058616,0.8937060651092583,-0.5527859541175105,0.0,987.2169379884833,373.5166939298644,22,43175,966000,0.0003,-11588.4716796875,0.05000000074505806,46344004.0,37368.95703125,956001,31076.833333333332,-41509816.85184209,,,,,,,
4.480361205339434,0.18621447786230733,0.35306354827854064,-0.9500437704644734,0.0,1157.1121829701538,-229.74828334106905,22,43244,968000,0.0003,-6198.71044921875,0.05000000074505806,341630848.0,24077.283203125,958001,31076.833333333332,-41509816.85184209,,,,,,,
5.715104088187218,0.4588425443945443,-0.007422825371607181,-0.8281261968888892,0.0,1001.4209551407806,10.491998929817747,22,43313,970000,0.0003,-1613.5560302734375,0.05000000074505806,63536384.0,23133.953125,960001,31076.833333333332,-41509816.85184209,,,,,,,
4.44596738755703,0.7306227657596847,0.06026558090455526,-0.6572517633151793,0.0,802.2613695492328,-73.89775538840752,22,43381,972000,0.0003,4888.6337890625,0.05000000074505806,133360032.0,90495.3125,962001,31076.833333333332,-41509816.85184209,,,,,,,
6.1655293744802435,0.21458210441635325,0.1779918079026232,-0.9367275692281665,0.0,1132.1604972763482,-102.46506772857978,22,43450,974000,0.0003,12193.830078125,0.05000000074505806,73204048.0,38212.85546875,964001,31364.677419354837,-41428256.65705525,,,,,,,
6.277243377566338,0.5258251292623848,-0.07217385633244779,-0.7656762599204648,0.0,952.7810925547589,40.34781770685666,22,43518,976000,0.0003,16094.7119140625,0.05000000074505806,365871648.0,110190.9609375,966001,31364.677419354837,-41428256.65705525,,,,,,,
9.914836651682869,0.5416887842335408,0.42174053813743445,-0.7818041924298821,0.0,921.6043796298397,-439.25531232401505,22,43586,978000,0.0003,36797.8671875,0.05000000074505806,430822016.0,34888.53125,968001,31364.677419354837,-41428256.65705525,,,,,,,
4.594008051156995,0.6116042845866856,-0.3349863506880791,-0.6953679682897119,0.0,862.1243147610937,302.5507237544291,22,43655,980000,0.0003,23289.66796875,0.05000000074505806,3253789696.0,658464.6875,970001,31364.677419354837,-41428256.65705525,,,,,,,
8.022115951776508,0.6688529334745713,0.3877618588810221,-0.6591893310303971,0.0,766.3846118730075,-404.0093726399753,22,43723,982000,0.0003,43089.3125,0.05000000074505806,322377344.0,128221.46875,972001,31364.677419354837,-41428256.65705525,,,,,,,
7.201368911266334,0.4791432852897126,-0.49515038914622433,-0.7402469134326535,0.0,958.7222383613223,521.8343251777926,22,43791,984000,0.0003,52204.1484375,0.05000000074505806,224684832.0,109143.0546875,974001,31364.677419354837,-41428256.65705525,,,,,,,
9.650102239847175,0.392865119062465,0.3405131129621671,-0.8473694537332309,0.0,996.0812364050195,-346.1817806003632,22,43859,986000,0.0003,43254.6953125,0.05000000074505806,179936592.0,114697.34375,976001,31364.677419354837,-41428256.65705525,,,,,,,
1.6652301651239383,0.6087641853858211,-0.5390482116027018,-0.6401392060666294,0.0,930.6277092706299,1101.841723787875,22,43928,988000,0.0003,57309.49609375,0.05000000074505806,289022944.0,36929.65234375,978001,31364.677419354837,-41428256.65705525,,,,,,,
-5.472148349285122,-0.5254255544790729,-0.2995855620496975,-0.6724667514547608,0.0,867.7226642084205,-1104.4225920956496,22,43996,990000,0.0003,34684.59375,0.05000000074505806,76421472.0,52943.359375,980001,31364.677419354837,-41428256.65705525,,,,,,,
0.5646216219663627,-0.12294328213449239,0.47610767675891463,-0.7602381949103761,0.0,849.8543985359348,-28.715378607402872,22,44064,992000,0.0003,64447.1796875,0.05000000074505806,418252352.0,432434.9375,982001,31364.677419354837,-41428256.65705525,,,,,,,
-0.05513421416282801,0.06903159091712041,-1.00289530216857,-0.381479169648783,0.0,959.0146518350838,-115.05646742690504,22,44132,994000,0.0003,44756.30078125,0.05000000074505806,100708936.0,33403.96875,984001,31364.677419354837,-41428256.65705525,,,,,,,
9.245360134243965,0.6585083862055554,-0.24843398251517274,-0.3922844946954731,0.0,791.320598567711,851.6256440747294,22,44201,996000,0.0003,60855.2421875,0.05000000074505806,269244448.0,82308.9453125,986001,31364.677419354837,-41428256.65705525,,,,,,,
3.3689538079500108,0.4983489547830401,0.0732703698516567,-0.6930504769769278,0.0,1332.3552568930004,-27.550047469254405,22,44269,998000,0.0003,64107.09375,0.05000000074505806,451545344.0,83029.34375,988001,31364.677419354837,-41428256.65705525,,,,,,,
8.379242016077086,0.31784627887093364,-0.11057154769392716,-0.844044680952659,0.0,1736.9394288013016,289.2353749922205,,,1000000,0.0003,55629.8203125,0.05000000074505806,571771008.0,264455.21875,990000,,,0.017156249999999842,0.0,40000.0,-121625.95098196434,85612.69462143892,0.0,0.0
,,,,,,,22,45447,1000000,0.0003,63815.3828125,0.05000000074505806,404814272.0,47375.296875,990001,31364.677419354837,-41428256.65705525,,,,,,,
