rollout/acrobot_xk_applied_torque,rollout/acrobot_xk_elbow_norm,rollout/acrobot_xk_elbow_rate_norm,rollout/acrobot_xk_energy_error_norm,rollout/acrobot_xk_homoclinic_capture,rollout/acrobot_xk_lyapunov,rollout/acrobot_xk_lyapunov_rate,time/fps,time/time_elapsed,time/total_timesteps,train/learning_rate,train/actor_loss,train/alpha,train/critic_loss,train/fraction,train/n_updates,rollout/ep_len_mean,rollout/ep_rew_mean,eval/best_strict_capture_mean_max_duration,eval/best_strict_capture_success_rate,eval/mean_ep_length,eval/mean_reward,eval/std_reward,eval/strict_capture_mean_max_duration,eval/strict_capture_success_rate
-0.043434168031563254,0.025083762206939513,-0.12367192780202467,-0.9666819712872258,0.0,1178.992703126436,11.812855509736556,2165,0,2000,0.0003,,,,,,,,,,,,,,
-0.22709800355078202,-0.03541809056807101,0.04985064705988795,-0.9559915465386374,0.0,1173.9704228917974,97.2101078914028,2170,1,4000,0.0003,,,,,,,,,,,,,,
0.11313019442255615,0.06435111471706324,0.17216946636549857,-0.9467160617587862,0.0,1181.0932821516062,98.49299962332852,2166,2,6000,0.0003,,,,,,,,,,,,,,
-0.10788264802191463,-0.043039979195436416,0.07371335254339836,-0.9201222792356392,0.0,1217.3785005194898,-242.15892647439884,2164,3,8000,0.0003,,,,,,,,,,,,,,
0.1474166343062098,-0.08232561910636056,-0.11328239962272349,-0.9208027196785744,0.0,1241.0700900802913,484.5870227499278,1531,6,10000,0.0003,0.29924288392066956,0.05000000074505806,2922100.0,6.207561016082764,1,,,,,,,,,
1.2203850436210633,0.17532385366296016,0.012731032628060523,-0.959527781431007,0.0,1138.1335552714158,-293.0309268494446,176,67,12000,0.0003,32436.88671875,0.05000000074505806,90198.1875,1088.097412109375,2001,,,,,,,,,
-3.443910578489305,-0.20911116847144737,-0.30894118495162604,-0.9212737300971894,0.0,1094.8261990427889,-201.7675854044382,106,131,14000,0.0003,91875.0,0.05000000074505806,46888.8046875,1307.12744140625,4001,,,,,,,,,
-6.615921033024784,-0.4030003338380775,-0.0651628233900157,-0.8727398229948856,0.0,966.4149316780697,-50.87959770288249,82,195,16000,0.0003,132707.03125,0.05000000074505806,71993.7890625,1535.2672119140625,6001,,,,,,,,,
-8.621348209381114,-0.5634657186368226,-0.09784605056669579,-0.7777291758464004,0.0,834.7045783866538,-116.25669727056864,69,258,18000,0.0003,144883.640625,0.05000000074505806,140857.65625,2800.202392578125,8001,,,,,,,,,
-10.212802037596706,-0.5052017106553572,-0.05425588155321833,-0.809674653039438,0.0,902.5071691983271,-19.027201219240578,62,322,20000,0.0003,148355.828125,0.05000000074505806,133635.0,1869.5101318359375,10001,,,,,,,,,
-12.510087317228308,-0.028322892692500563,-0.9698991650421321,-0.3750901116790567,0.0,1429.0250872645713,5052.864344932075,57,385,22000,0.0003,147030.34375,0.05000000074505806,2983757.75,5548.984375,12001,21398.0,-64009240.565048,,,,,,,
0.1452408486604693,0.00086936569940102,0.08900920790385773,-0.9823134948596781,0.0,1163.9459325318792,4.471669273840988,53,449,24000,0.0003,158152.1875,0.05000000074505806,2572593.0,9124.7216796875,14001,21398.0,-64009240.565048,,,,,,,
0.3033378630876538,0.002835484828536502,-0.023364375195889707,-0.9840553420139299,0.0,1166.742078734298,12.063193033263797,50,513,26000,0.0003,170228.203125,0.05000000074505806,60848712.0,38606.19921875,16001,21398.0,-64009240.565048,,,,,,,
1.2257175093889223,0.08485702741381793,0.09803181785640727,-0.9818305274582975,0.0,1163.8084084284014,-14.942820175482318,48,576,28000,0.0003,166746.859375,0.05000000074505806,91083968.0,52628.8984375,18001,21398.0,-64009240.565048,,,,,,,
9.637118390798571,0.35377416403653483,0.39262187764380363,-0.8670490546289706,0.0,1046.980502064469,-373.72422418037473,46,640,30000,0.0003,147340.484375,0.05000000074505806,120567424.0,45286.0859375,20001,21398.0,-64009240.565048,,,,,,,
10.731980945467962,0.012281437143570065,1.0013727847743443,-0.45747924819060937,0.0,1748.8456998238069,16739.472709623144,45,703,32000,0.0003,171616.375,0.05000000074505806,163314592.0,48139.2734375,22001,15492.0,-58049852.3517145,,,,,,,
3.659266040325164,0.18955082662537162,-0.020343082760269755,-0.9692943658729501,0.0,1139.3517253970372,11.966781930167512,44,766,34000,0.0003,202754.125,0.05000000074505806,412041696.0,137015.234375,24001,15492.0,-58049852.3517145,,,,,,,
3.079918860197066,0.166233054950617,0.009084904540688093,-0.9750521702214324,0.0,1149.7876480036941,-4.157617458476468,43,829,36000,0.0003,199202.578125,0.05000000074505806,705293568.0,176364.34375,26001,15492.0,-58049852.3517145,,,,,,,
3.0366226518154162,0.18006096721080186,-0.0015723121190896765,-0.9726149610559178,0.0,1145.501421328448,1.1487137358836728,42,892,38000,0.0003,196582.03125,0.05000000074505806,723353472.0,159477.984375,28001,15492.0,-58049852.3517145,,,,,,,
3.6656394505500796,0.17837460861115437,0.012896380332052104,-0.97289066244196,0.0,1146.1049667316752,-7.721639672360365,41,954,40000,0.0003,148475.65625,0.05000000074505806,697561600.0,109316.5234375,30001,15492.0,-58049852.3517145,,,,,,,
3.9295883643627167,0.23390484995425084,0.04627427566288445,-0.958963164863719,0.0,1121.604229427188,-30.920496742868092,41,1016,42000,0.0003,144574.390625,0.05000000074505806,725067008.0,84086.6796875,32001,15492.0,-58049852.3517145,,,,,,,
4.5550038695335315,0.2537633124768171,-0.009799427568717368,-0.9542721413864144,0.0,1112.758173637088,7.374210913763118,40,1077,44000,0.0003,93769.40625,0.05000000074505806,783998592.0,149134.9375,34001,15492.0,-58049852.3517145,,,,,,,
5.242153352499014,0.26943412411471074,0.03898146911121824,-0.9487686728282039,0.0,1103.3691746085372,-33.488247586156,40,1139,46000,0.0003,121010.34375,0.05000000074505806,1158604672.0,235729.4375,36001,15492.0,-58049852.3517145,,,,,,,
5.414742978811253,0.3420662141619813,0.038699988072497374,-0.9236435559176515,0.0,1060.4689813658613,-33.01342555619961,39,1201,48000,0.0003,56863.4609375,0.05000000074505806,903130304.0,113695.71875,38001,15492.0,-58049852.3517145,,,,,,,
6.408257670402527,0.3475582746508591,-0.010143632810917668,-0.9226050771950886,0.0,1058.5031128191783,10.049136993324222,39,1262,50000,0.0003,100973.3671875,0.05000000074505806,2930693120.0,601220.125,40001,15492.0,-58049852.3517145,,,,,,,
6.642275875806805,0.3699813330529721,0.040678166819007766,-0.9129253360081034,0.0,1042.73358528762,-40.97807920438339,39,1324,52000,0.0003,57594.49609375,0.05000000074505806,1115578112.0,140659.03125,42001,15492.0,-58049852.3517145,,,,,,,
6.602156674861906,0.416625121177149,0.00479682515021493,-0.8936517263895315,0.0,1011.3335153802336,-4.005624467318608,38,1385,54000,0.0003,107076.0625,0.05000000074505806,2531955712.0,378791.75,44001,15492.0,-58049852.3517145,,,,,,,
7.616434534788132,0.4172420497892483,0.010838335335258801,-0.8933491532969942,0.0,1010.741567773285,-12.33557092270306,38,1447,56000,0.0003,107826.6484375,0.05000000074505806,5759649792.0,824912.9375,46001,15492.0,-58049852.3517145,,,,,,,
6.761688977479935,0.4408007687893658,-0.006720525762495567,-0.8813904811494743,0.0,992.0653480861106,4.440330088794013,38,1509,58000,0.0003,107066.3515625,0.05000000074505806,1464316416.0,178901.359375,48001,15492.0,-58049852.3517145,,,,,,,
5.373448233604424,0.3046726537449387,-0.15532954706712876,-0.930901379683246,0.0,1079.6769142357614,135.71550858567971,38,1572,60000,0.0003,86030.484375,0.05000000074505806,2726149632.0,319471.0625,50001,15492.0,-58049852.3517145,,,,,,,
2.2757352441549283,0.10632006879613143,-0.11417882313242195,-0.9840810294935729,0.0,1171.6743997057838,46.8806482852645,37,1634,62000,0.0003,84223.625,0.05000000074505806,3738651136.0,462333.875,52001,15492.0,-58049852.3517145,,,,,,,
-1.2967556172609325,-0.060446548087737605,-0.10466920481233737,-0.9883133510587807,0.0,1178.9437131921802,-28.60531741496203,37,1697,64000,0.0003,99344.0859375,0.05000000074505806,3039913984.0,387698.0,54001,15492.0,-58049852.3517145,,,,,,,
-0.3217288988828667,-0.00950750956791329,-0.021637507618289344,-0.982966034155907,0.0,1220.3643439448547,38.85781020460969,37,1760,66000,0.0003,52287.50390625,0.05000000074505806,1029727040.0,234069.78125,56001,15492.0,-58049852.3517145,,,,,,,
-8.168928375244137,-0.45245584677583944,-0.40296420551198053,-0.845792292167195,0.0,1001.4077232103184,-445.2060144095843,37,1824,68000,0.0003,123907.640625,0.05000000074505806,4307158016.0,795958.0,58001,15492.0,-58049852.3517145,,,,,,,
-1.4266209483146706,-0.16212182760204555,-0.2586487837444556,-0.5636831764409631,0.0,694.2798038709913,14.673469244356909,37,1889,70000,0.0003,142034.640625,0.05000000074505806,14059819008.0,910438.3125,60001,15492.0,-58049852.3517145,,,,,,,
8.176506441235537,0.12760646985360385,0.10843412163928723,-0.7030605201301963,0.0,858.0341719932278,-330.3060334111998,36,1954,72000,0.0003,96474.8984375,0.05000000074505806,10627418112.0,481279.78125,62001,23661.333333333332,-52934045.453029,,,,,,,
3.057745448946954,0.24999830777932666,0.44679647675743334,-0.8673990201520102,0.0,1043.2895678922403,-230.93261235621827,36,2020,74000,0.0003,113600.5234375,0.05000000074505806,9825716224.0,1071917.5,64001,23661.333333333332,-52934045.453029,,,,,,,
4.1306266802549345,0.33861905444153084,-0.2982194889402418,-0.8518086997335151,0.0,950.2387822978636,204.4668054038417,36,2086,76000,0.0003,330334.875,0.05000000074505806,240128425984.0,6322832.0,66001,23661.333333333332,-52934045.453029,,,,,,,
0.9801856410503388,-0.09930016320597426,-0.22652598666878196,-0.9236040958571476,0.0,1085.8601670298463,266.2604346536208,36,2152,78000,0.0003,447349.3125,0.05000000074505806,46157803520.0,2042161.375,68001,23661.333333333332,-52934045.453029,,,,,,,
4.877600615620615,0.28689460821797136,0.559222180125045,-0.8347902798996493,0.0,1016.9745318334246,-570.0315872204662,36,2218,80000,0.0003,24406.3828125,0.05000000074505806,32691437568.0,1572294.875,70001,23661.333333333332,-52934045.453029,,,,,,,
3.6132445305585867,0.6232477674982465,-0.13926894273742288,-0.7042912132792172,0.0,754.2139599757465,166.01798057861652,35,2285,82000,0.0003,196888.640625,0.05000000074505806,49157103616.0,1249205.875,72001,23661.333333333332,-52934045.453029,,,,,,,
3.481953929662702,0.08507747799724778,-0.41366048328208976,-0.9146173602045292,0.0,1084.3093023205556,178.9677200496631,35,2352,84000,0.0003,612946.0625,0.05000000074505806,175677816832.0,4098090.25,74001,23661.333333333332,-52934045.453029,,,,,,,
7.377228933572763,0.27243947644100447,0.577831353928926,-0.8231054343727192,0.0,1000.2568367422793,-441.1667859928811,35,2419,86000,0.0003,653431.875,0.05000000074505806,210347180032.0,4101380.75,76001,23661.333333333332,-52934045.453029,,,,,,,
-5.626965394616124,0.6210080091149466,0.20421894372863217,-0.5430707419115094,0.0,638.5062693130575,-9.343428568607395,35,2487,88000,0.0003,268099.90625,0.05000000074505806,77581746176.0,2945198.5,78001,23661.333333333332,-52934045.453029,,,,,,,
3.681903495192524,0.5776918450681373,-0.4988160678724266,-0.5036434391730051,0.0,523.7632436777966,-0.16664300706162435,35,2554,90000,0.0003,574003.8125,0.05000000074505806,210577948672.0,3177788.75,80001,23661.333333333332,-52934045.453029,,,,,,,
5.1104992139339505,0.15299042928567472,0.039232759170427435,-0.7246060311039361,0.0,664.5554664056673,-12.06699148806194,35,2621,92000,0.0003,263023.84375,0.05000000074505806,406679126016.0,5109598.0,82001,23661.333333333332,-52934045.453029,,,,,,,
13.839594792723657,0.4960352594762942,0.3193291572261459,-0.4963925161977267,0.0,436.20400212820095,-279.29102715067467,34,2688,94000,0.0003,1006742.125,0.05000000074505806,2496484081664.0,18681082.0,84001,23661.333333333332,-52934045.453029,,,,,,,
-12.20162012219429,0.6894903539964993,-0.26090974611156087,-0.24002463528096135,0.0,306.4844769605287,-196.3388027491577,34,2755,96000,0.0003,521748.0,0.05000000074505806,304212738048.0,7555188.5,86001,23661.333333333332,-52934045.453029,,,,,,,
-2.207166673541072,0.03756672890921881,-0.43878718611023637,0.0031845387669170956,0.0,83.58242750049685,-34.31835885564184,34,2821,98000,0.0003,423111.3125,0.05000000074505806,651786059776.0,5428693.5,88001,23661.333333333332,-52934045.453029,,,,,,,
-11.363831326961527,-0.24812128428339542,0.13230324795898776,-0.06790608431856764,0.0,190.95845017434672,-10.166917859805448,,,100000,0.0003,1314919.5,0.05000000074505806,2947663265792.0,21543924.0,90000,,,0.0,0.0,40000.0,-41828.6591591897,2527.5485398158385,0.0,0.0
,,,,,,,25,3982,100000,0.0003,380767.28125,0.05000000074505806,158941478912.0,6274305.0,90001,23661.333333333332,-52934045.453029,,,,,,,
3.7849816912412653,0.007651930798496713,0.21023234969025117,-0.25912275410670466,0.0,108.92263574551494,55.7369782057158,25,4044,102000,0.0003,1200421.75,0.05000000074505806,5590222897152.0,28724698.0,92001,23661.333333333332,-52934045.453029,,,,,,,
11.411752231717085,0.35099942850213006,0.18712908045799773,-0.08489907209906865,0.0,107.24774186918712,-69.18189329023922,25,4107,104000,0.0003,912384.375,0.05000000074505806,617085665280.0,6914962.5,94001,23661.333333333332,-52934045.453029,,,,,,,
-4.046287049055104,0.35529953674783915,-0.19465343716203215,-0.03625707713133634,0.0,62.16651398850993,-70.17780154600366,25,4171,106000,0.0003,1017511.6875,0.05000000074505806,1218168487936.0,11018370.0,96001,23661.333333333332,-52934045.453029,,,,,,,
11.490952966213234,0.20916386864021724,-0.18221063431165974,-0.014158408997072588,0.0,119.42370505941292,32.7973568475288,25,4237,108000,0.0003,1142813.875,0.05000000074505806,1856332890112.0,9339875.0,98001,23661.333333333332,-52934045.453029,,,,,,,
-2.5645513159036644,-0.02355703851330804,-0.0719035679989457,-0.169261174888745,0.0,52.778117116708174,28.277785920030205,25,4303,110000,0.0003,844768.875,0.05000000074505806,401535795200.0,6142964.0,100001,23661.333333333332,-52934045.453029,,,,,,,
-3.8001782286167076,-0.01626970642620188,0.17685874142492236,-0.5135124151200872,0.0,611.16126299111,-138.50388949419724,25,4368,112000,0.0003,868917.75,0.05000000074505806,602308804608.0,10448515.0,102001,27746.0,-45103237.4342595,,,,,,,
8.546770530939105,0.4899958688293949,0.026871267639983116,-0.8273707244651592,0.0,909.5843764623329,-49.39101999933639,25,4434,114000,0.0003,947454.875,0.05000000074505806,808394555392.0,12396407.0,104001,27746.0,-45103237.4342595,,,,,,,
8.541821144819266,0.5027194851384309,0.4382736903019878,-0.621966117918136,0.0,736.7463206086783,-189.77469682349232,25,4499,116000,0.0003,600608.5,0.05000000074505806,365812973568.0,7727438.0,106001,27746.0,-45103237.4342595,,,,,,,
-16.51091079235075,-0.8019765066996166,-0.013490144420664292,-0.6182591036901642,0.0,928.4189193426971,-44.696693609936965,25,4565,118000,0.0003,574378.3125,0.05000000074505806,377901481984.0,1679009.375,108001,27746.0,-45103237.4342595,,,,,,,
2.7684176349639964,0.510803243470717,-0.43308651728652153,-0.3074370086697671,0.0,351.58299587936165,-444.5391763342996,25,4630,120000,0.0003,610861.0,0.05000000074505806,1371288764416.0,12484109.0,110001,27746.0,-45103237.4342595,,,,,,,
10.334380342960355,0.3099598369513931,-0.10513818191778605,-0.5274295078752982,0.0,375.801893796189,135.77508909291643,25,4695,122000,0.0003,893990.375,0.05000000074505806,1391967076352.0,13470733.0,112001,27746.0,-45103237.4342595,,,,,,,
16.120627576112735,0.44062649198500203,0.20033221146781346,-0.41423777049013044,0.0,303.0941319759634,-96.34401646943576,26,4761,124000,0.0003,1176211.875,0.05000000074505806,351662964736.0,8269981.0,114001,27746.0,-45103237.4342595,,,,,,,
-10.418711671233181,0.6777523412328217,-0.025081703093740536,-0.30330827765649504,0.0,285.293676493483,-110.78545874284917,26,4826,126000,0.0003,1860246.0,0.05000000074505806,6595722346496.0,28579852.0,116001,27746.0,-45103237.4342595,,,,,,,
10.726138026714318,0.3629041039055181,-0.2001668520510259,-0.27412864072753296,0.0,152.54786613346977,2.411576297745159,26,4891,128000,0.0003,510490.84375,0.05000000074505806,1419492327424.0,3989530.5,118001,27746.0,-45103237.4342595,,,,,,,
5.11551259636879,0.19537505432467828,0.02913203749156421,-0.3972668415978396,0.0,212.8687064050925,28.35083694942523,26,4956,130000,0.0003,1092488.25,0.05000000074505806,3604978597888.0,13204688.0,120001,27746.0,-45103237.4342595,,,,,,,
13.188135992884616,0.4129196424784865,0.19860273538169723,-0.25591619117643116,0.0,184.86917394442867,-17.126462659683853,26,5021,132000,0.0003,2152647.0,0.05000000074505806,5730560114688.0,35668224.0,122001,27746.0,-45103237.4342595,,,,,,,
-8.475196479558964,0.5095897510765534,-0.1983704184895645,-0.21928427362232433,0.0,172.17503844020513,-109.55558156244555,26,5087,134000,0.0003,1383235.125,0.05000000074505806,3428646387712.0,9380591.0,124001,27746.0,-45103237.4342595,,,,,,,
7.926393213272076,0.18062792055298799,-0.12304385528377575,-0.1747713259419975,0.0,57.12648929893786,-28.527274087995444,26,5152,136000,0.0003,3191391.25,0.05000000074505806,9666052489216.0,41500548.0,126001,27746.0,-45103237.4342595,,,,,,,
2.849471971988676,0.05774542603457067,0.022895582464191856,-0.21792287679709976,0.0,68.53897417408554,28.003096558441722,26,5217,138000,0.0003,808288.375,0.05000000074505806,1179342077952.0,2975313.75,128001,27746.0,-45103237.4342595,,,,,,,
11.623774429559711,0.22894397776458078,0.011959417321477775,-0.12385946243623237,0.0,116.52189238336778,-5.627261228685099,26,5282,140000,0.0003,1823854.75,0.05000000074505806,8487726743552.0,20648072.0,130001,27746.0,-45103237.4342595,,,,,,,
-3.591971118450166,0.1292047792700223,-0.12830076988215705,-0.20276907101352165,0.0,72.82281787454613,-34.78846858720204,26,5348,142000,0.0003,2891093.25,0.05000000074505806,9556587446272.0,30925728.0,132001,27746.0,-45103237.4342595,,,,,,,
-0.18087397873401492,-0.0116485417126479,0.01185246809861738,-0.17386494221247492,0.0,43.250559940958546,-10.652898727779212,26,5413,144000,0.0003,1571820.0,0.05000000074505806,2331035041792.0,13200699.0,134001,27746.0,-45103237.4342595,,,,,,,
3.1491648530960052,0.004943394873736124,0.11636774268607832,-0.1757929467572904,0.0,53.725940477655215,59.25034959865604,26,5478,146000,0.0003,1444258.5,0.05000000074505806,1968178855936.0,11599637.0,136001,27746.0,-45103237.4342595,,,,,,,
11.655853031277644,0.2671230062795305,0.12439301824223808,-0.057903617302477096,0.0,88.43426729731257,-44.49616862488477,26,5543,148000,0.0003,1129711.0,0.05000000074505806,2003280986112.0,5289784.5,138001,27746.0,-45103237.4342595,,,,,,,
-4.80748138010502,0.22287861381238233,-0.24888165500488127,-0.06898868053200455,0.0,59.5787523959392,4.351648714091182,26,5609,150000,0.0003,1092002.125,0.05000000074505806,3307301502976.0,11310177.0,140001,27746.0,-45103237.4342595,,,,,,,
0.7087528902292265,0.02471340671074447,0.05348942351696623,-0.4725099744659758,0.0,644.1421116512956,-40.39544826765703,26,5674,152000,0.0003,3357485.0,0.05000000074505806,7919282159616.0,20426406.0,142001,30196.8,-38402887.0413296,,,,,,,
9.333312923908224,0.5454367442292034,0.1655951282929368,-0.8111447409401971,0.0,894.0929617972146,-222.35316691871628,26,5739,154000,0.0003,6251796.0,0.05000000074505806,60230180274176.0,95309936.0,144001,30196.8,-38402887.0413296,,,,,,,
6.73111667394637,0.373688080684214,0.3405042908369977,-0.6012658155314159,0.0,721.8684999950315,34.2899935507778,26,5805,156000,0.0003,3198848.0,0.05000000074505806,6142720737280.0,35483244.0,146001,30196.8,-38402887.0413296,,,,,,,
-15.202670581340794,-0.7285145909811799,0.02617516836498311,-0.6635783332883896,0.0,1043.663253708326,54.17247633237535,26,5870,158000,0.0003,3321032.5,0.05000000074505806,5123696754688.0,27227750.0,148001,30196.8,-38402887.0413296,,,,,,,
0.8428066450357508,0.3365720760599246,-0.44140132999322496,-0.38090668085561,0.0,475.32631906303754,-488.81568565187996,26,5935,160000,0.0003,3768497.75,0.05000000074505806,31270067240960.0,69592328.0,150001,30196.8,-38402887.0413296,,,,,,,
11.286249309778222,0.3741222458736766,-0.12213815730753907,-0.6603598210819142,0.0,593.1782006548775,223.12936501362066,26,6001,162000,0.0003,742576.1875,0.05000000074505806,7729760436224.0,39228396.0,152001,30196.8,-38402887.0413296,,,,,,,
9.146513917446132,0.4363623085784623,-0.08601664455544923,-0.603515181631306,0.0,544.5475609713011,-46.48216045357721,27,6066,164000,0.0003,1023398.75,0.05000000074505806,4171038720000.0,35661392.0,154001,30196.8,-38402887.0413296,,,,,,,
7.915696949958803,0.3495275082902832,0.0869291983093918,-0.6256325086921892,0.0,524.6892592548309,-28.022545055118634,27,6131,166000,0.0003,2014392.0,0.05000000074505806,1955856646144.0,16705241.0,156001,30196.8,-38402887.0413296,,,,,,,
9.492919089198113,0.3743137331873902,0.0996829216392354,-0.6375102550238368,0.0,545.6020097897704,-123.16552298042629,27,6197,168000,0.0003,3334436.0,0.05000000074505806,20821116452864.0,52589516.0,158001,30196.8,-38402887.0413296,,,,,,,
6.058622634410869,0.401444989415763,-0.0835698339137229,-0.5602288599144125,0.0,465.26360183786056,58.913338986117076,27,6262,170000,0.0003,2313203.75,0.05000000074505806,18524397371392.0,37586180.0,160001,30196.8,-38402887.0413296,,,,,,,
10.34471036672591,0.38618666579165056,-0.043942611858129504,-0.6141198019352081,0.0,503.4849724829475,72.99278671854715,27,6327,172000,0.0003,1884604.125,0.05000000074505806,1585091444736.0,4496932.0,162001,30196.8,-38402887.0413296,,,,,,,
11.50450534701346,0.43475410314643936,0.12113406662735504,-0.5709178756861666,0.0,477.2360726409836,-139.5427994553579,27,6392,174000,0.0003,3325842.75,0.05000000074505806,22982718128128.0,75240032.0,164001,30196.8,-38402887.0413296,,,,,,,
4.014353025555606,0.3841095894003927,-0.059434152834911616,-0.5359175616774822,0.0,417.64527299299147,-10.507020842221912,27,6458,176000,0.0003,975467.8125,0.05000000074505806,435385008128.0,18842642.0,166001,30196.8,-38402887.0413296,,,,,,,
9.902678312063221,0.3407275963846796,-0.06162739683204644,-0.6043262303672264,0.0,479.2789578869487,101.03671431618505,27,6523,178000,0.0003,1321207.0,0.05000000074505806,344704483328.0,18968170.0,168001,30196.8,-38402887.0413296,,,,,,,
11.649334055781365,0.45046749990960167,0.012274619715605242,-0.4860478236024469,0.0,392.38622923152997,-147.27219275483907,27,6588,180000,0.0003,4624317.0,0.05000000074505806,9566488100864.0,42827472.0,170001,30196.8,-38402887.0413296,,,,,,,
6.068746919631956,0.37932330772305933,0.013854785139037934,-0.4969029581435184,0.0,347.82767089730856,39.141145730434,27,6654,182000,0.0003,3551517.75,0.05000000074505806,27117853081600.0,37312616.0,172001,30196.8,-38402887.0413296,,,,,,,
8.224729213714596,0.30638293310326653,-8.748175935061673e-05,-0.584312544393403,0.0,446.0113040877547,47.6355496389498,27,6719,184000,0.0003,1067331.75,0.05000000074505806,21842100224000.0,44535500.0,174001,30196.8,-38402887.0413296,,,,,,,
11.049364007115397,0.43140859974514156,-0.022731074279277584,-0.42637056936896484,0.0,320.2889871452475,-151.97598641054412,27,6784,186000,0.0003,1660620.375,0.05000000074505806,15641891307520.0,34612444.0,176001,30196.8,-38402887.0413296,,,,,,,
7.12752592861653,0.3599081925930157,-0.012703387556584126,-0.47247035727119135,0.0,311.0280070693447,77.84796141862755,27,6849,188000,0.0003,953685.6875,0.05000000074505806,11742067294208.0,38056536.0,178001,30196.8,-38402887.0413296,,,,,,,
7.519565157890318,0.2854714552385349,0.05616700002177785,-0.5446676333077951,0.0,392.5366088892286,1.6566284264816502,27,6915,190000,0.0003,4405545.5,0.05000000074505806,9035834195968.0,44892492.0,180001,30196.8,-38402887.0413296,,,,,,,
11.370534316301335,0.34804731348493695,0.31621546165050385,-0.6527781622277393,0.0,738.33133445765,-236.89216316396215,27,6980,192000,0.0003,3949726.0,0.05000000074505806,11472641982464.0,21636840.0,182001,31830.666666666668,-35543436.6595215,,,,,,,
9.298544507026666,0.6721465061476478,0.3453380333648816,-0.7158347996399724,0.0,812.5913759393485,-344.3012365031048,27,7045,194000,0.0003,917686.8125,0.05000000074505806,3273864773632.0,9700254.0,184001,31830.666666666668,-35543436.6595215,,,,,,,
-6.651972495317461,-0.4929881208869832,0.3089182642117885,-0.6059229472739517,0.0,899.363466559667,516.5523130897776,27,7110,196000,0.0003,1757282.875,0.05000000074505806,4253644488704.0,9092513.0,186001,31830.666666666668,-35543436.6595215,,,,,,,
-14.333529219627371,-0.42307651406181396,-0.3823810111150281,-0.5536292934037337,0.0,923.2726229164069,-794.4380934061024,27,7175,198000,0.0003,3344534.5,0.05000000074505806,9637931778048.0,55593508.0,188001,31830.666666666668,-35543436.6595215,,,,,,,
13.630786240100853,0.5467817337929362,-0.30564350842840643,-0.4218247328930976,0.0,364.01218566314327,86.84264045972704,,,200000,0.0003,1199501.375,0.05000000074505806,8761569705984.0,44072880.0,190000,,,0.02935937500000002,0.0,40000.0,-5014722838.068216,11480045997.904642,0.02935937500000002,0.0
,,,,,,,23,8341,200000,0.0003,1731927.125,0.05000000074505806,3502160216064.0,7496058.5,190001,31830.666666666668,-35543436.6595215,,,,,,,
10.061010899543765,0.36651039610766767,0.11309451044232306,-0.6033389267305674,0.0,499.5333484883986,-127.06978767434595,24,8400,202000,0.0003,4551959.5,0.05000000074505806,33451726077952.0,44162248.0,192001,31830.666666666668,-35543436.6595215,,,,,,,
4.175814046263698,0.35336765654715063,-0.4884706267842635,-0.38314039501626485,0.0,397.42850760438546,125.35127753487828,24,8459,204000,0.0003,797037.9375,0.05000000074505806,3211045896192.0,40894716.0,194001,31830.666666666668,-35543436.6595215,,,,,,,
-10.064807923436152,-0.2920582185953456,0.06050132234047371,-0.32586342389324524,0.0,231.09632911166761,-240.05117603984024,24,8520,206000,0.0003,883760.4375,0.05000000074505806,2743571841024.0,6274085.0,196001,31830.666666666668,-35543436.6595215,,,,,,,
6.688245604038236,0.10076467063434971,0.33817206182913334,-0.38201340482136203,0.0,238.80184619579111,-110.68898911993371,24,8582,208000,0.0003,1232045.125,0.05000000074505806,7119756591104.0,6557360.5,198001,31830.666666666668,-35543436.6595215,,,,,,,
5.729886081814766,0.2988482717167305,-0.09200025267893379,-0.23834679443090623,0.0,129.35180655123034,-20.48384499414699,24,8644,210000,0.0003,2132268.5,0.05000000074505806,7088768024576.0,30756306.0,200001,31830.666666666668,-35543436.6595215,,,,,,,
2.8381745105981837,0.17648800857592245,-0.0746618384595946,-0.27815821515770145,0.0,107.82892695180477,-26.72798312785691,24,8706,212000,0.0003,4497576.5,0.05000000074505806,66696106737664.0,92299000.0,202001,31830.666666666668,-35543436.6595215,,,,,,,
4.067863543033608,0.0937429002726995,-0.034009185649040354,-0.29389636872271163,0.0,110.689680804279,26.02854362188567,24,8769,214000,0.0003,3107528.5,0.05000000074505806,23318958702592.0,34623460.0,204001,31830.666666666668,-35543436.6595215,,,,,,,
13.120063834190368,0.2699845002956804,0.04288094120426137,-0.18164162164400202,0.0,144.9978612374495,-27.89985454612228,24,8833,216000,0.0003,3956095.25,0.05000000074505806,9319272677376.0,56822240.0,206001,31830.666666666668,-35543436.6595215,,,,,,,
-2.971668872833252,0.2503927184437096,0.005882147735116609,-0.26980114197247884,0.0,123.38054019746075,7.47223369726516,24,8898,218000,0.0003,1511935.125,0.05000000074505806,38655808765952.0,6266904.5,208001,31830.666666666668,-35543436.6595215,,,,,,,
6.816079282760614,0.14367424582974322,-0.05936170117860369,-0.26823287358111764,0.0,96.27282698210176,4.309453408948429,24,8962,220000,0.0003,626738.0625,0.05000000074505806,9610566041600.0,5163511.0,210001,31830.666666666668,-35543436.6595215,,,,,,,
5.670308446884155,0.1274219047433183,0.19250731777593727,-0.2634442697628846,0.0,129.87053300562684,83.95212600985745,24,9027,222000,0.0003,1772268.5,0.05000000074505806,26689660780544.0,5771345.0,212001,31830.666666666668,-35543436.6595215,,,,,,,
7.8238959693908825,0.2654352408774423,-0.08459336518829297,-0.19496201240503735,0.0,143.46955540325774,-68.0004403158876,24,9093,224000,0.0003,1459893.125,0.05000000074505806,3437028966400.0,29954920.0,214001,31830.666666666668,-35543436.6595215,,,,,,,
0.8043558800220496,0.16845699240031328,-0.07036540506659959,-0.28265172477580713,0.0,110.49586400567934,-25.497994699971233,24,9158,226000,0.0003,5761200.0,0.05000000074505806,16257340407808.0,64480152.0,216001,31830.666666666668,-35543436.6595215,,,,,,,
4.817319972515104,0.10177154429094908,-0.048621853146650636,-0.28049345716294666,0.0,101.24896774982778,9.827233029076577,24,9223,228000,0.0003,899506.625,0.05000000074505806,17513633021952.0,8772171.0,218001,31830.666666666668,-35543436.6595215,,,,,,,
12.296934684515007,0.2530331409017053,0.054768259194953005,-0.18189030089219557,0.0,171.03608724972665,78.61749508148304,24,9288,230000,0.0003,2052108.625,0.05000000074505806,9356805406720.0,11515123.0,220001,31830.666666666668,-35543436.6595215,,,,,,,
2.6579808396101026,0.19724248793548876,0.3586224435766571,-0.6211016309266851,0.0,688.4775830176276,-247.0462577351217,24,9353,232000,0.0003,9870695.0,0.05000000074505806,442835622952960.0,285723776.0,222001,32997.71428571428,-32299383.149571143,,,,,,,
9.697816161513325,0.3583730619497669,0.5167575083662033,-0.5957368387315305,0.0,777.1127419838433,-158.36958081995672,24,9419,234000,0.0003,3342724.75,0.05000000074505806,3500559564800.0,36498512.0,224001,32997.71428571428,-32299383.149571143,,,,,,,
-11.639672152996063,-0.42228704025488323,0.3187416843755003,-0.6728754758692974,0.0,1383.536571758578,784.2405467781521,24,9484,236000,0.0003,6599132.5,0.05000000074505806,339359391809536.0,256991712.0,226001,32997.71428571428,-32299383.149571143,,,,,,,
-8.917826086282739,-0.26013302227775953,-0.6712965685448208,-0.4304191263771632,0.0,1025.2267068840924,-1177.4339300265474,24,9550,238000,0.0003,3460060.75,0.05000000074505806,13184799866880.0,12884195.0,228001,32997.71428571428,-32299383.149571143,,,,,,,
14.306144385337792,0.4311231592030485,-0.23375455792942954,-0.6234018377153634,0.0,609.8727279448029,189.3197664598451,24,9615,240000,0.0003,2644205.5,0.05000000074505806,61516615254016.0,92292464.0,230001,32997.71428571428,-32299383.149571143,,,,,,,
10.650143014788627,0.5295408148663305,0.06975951547985515,-0.5447279926005576,0.0,525.2961103799278,-74.31417304857067,24,9680,242000,0.0003,2057909.625,0.05000000074505806,13404478636032.0,52914844.0,232001,32997.71428571428,-32299383.149571143,,,,,,,
-2.8577074974775307,-0.026280377421654053,-0.408507263375331,-0.46140519597585417,0.0,453.8354111675013,-202.2097357188468,25,9745,244000,0.0003,3985488.5,0.05000000074505806,64133424742400.0,70875200.0,234001,32997.71428571428,-32299383.149571143,,,,,,,
1.827342377305029,0.06396060343118225,0.19399841284518374,-0.5014701969675729,0.0,323.4129632126498,-38.123247189158434,25,9810,246000,0.0003,-178258.671875,0.05000000074505806,16821820325888.0,12278818.0,236001,32997.71428571428,-32299383.149571143,,,,,,,
12.676830866336829,0.3519507332049696,0.014827286622368674,-0.3279946280332088,0.0,268.6965358934368,-40.49011495332734,25,9875,248000,0.0003,327712.46875,0.05000000074505806,10462179622912.0,7823255.5,238001,32997.71428571428,-32299383.149571143,,,,,,,
0.3583864569663998,0.17252472180630057,-0.013464751917289037,-0.3943918467136357,0.0,203.36202766478524,-73.96007219297151,25,9940,250000,0.0003,4749174.5,0.05000000074505806,49164503220224.0,54931604.0,240001,32997.71428571428,-32299383.149571143,,,,,,,
6.625229250192643,0.16947994063209912,-0.01439788726061021,-0.3888281770609011,0.0,192.39062384714657,2.760032707051664,25,10005,252000,0.0003,-384686.34375,0.05000000074505806,84290930999296.0,63900936.0,242001,32997.71428571428,-32299383.149571143,,,,,,,
13.001721685528752,0.31651460781776897,0.08643698188931491,-0.274726363402977,0.0,201.55121025704813,67.06985512458637,25,10070,254000,0.0003,-2431967.5,0.05000000074505806,25943489904640.0,10452635.0,244001,32997.71428571428,-32299383.149571143,,,,,,,
-0.8844463187456139,0.18786044277135416,-0.09164080825367625,-0.35285300757670607,0.0,186.36958597707968,-103.0519198415455,25,10136,256000,0.0003,-1443874.75,0.05000000074505806,11842805039104.0,24643470.0,246001,32997.71428571428,-32299383.149571143,,,,,,,
6.619840041399002,0.14906062502815604,-0.01558904549737003,-0.35158983858823706,0.0,156.99096275915846,-1.046416578490682,25,10201,258000,0.0003,7535592.0,0.05000000074505806,871633279516672.0,391946400.0,248001,32997.71428571428,-32299383.149571143,,,,,,,
8.459054290056226,0.2221950367839226,0.23260001833653995,-0.29621099166460435,0.0,172.0328035759438,-91.50342943136096,25,10266,260000,0.0003,-83410.515625,0.05000000074505806,71630978023424.0,62943268.0,250001,32997.71428571428,-32299383.149571143,,,,,,,
4.26764350414276,0.25658168081889915,-0.15956919611479087,-0.2845117140583328,0.0,178.64573716692345,91.21605788041622,25,10331,262000,0.0003,6089000.5,0.05000000074505806,113729475706880.0,156137792.0,252001,32997.71428571428,-32299383.149571143,,,,,,,
4.772095544934268,0.17180943960473555,-0.051801618485248405,-0.3355223109274612,0.0,147.03696596667817,-9.411542702652467,25,10396,264000,0.0003,-1749654.125,0.05000000074505806,51666669797376.0,15730314.0,254001,32997.71428571428,-32299383.149571143,,,,,,,
4.06922857046128,0.13781392325740197,0.06439937441715808,-0.34555214410036234,0.0,160.15962384796663,54.24765367252002,25,10460,266000,0.0003,4213192.5,0.05000000074505806,476520044822528.0,304800832.0,256001,32997.71428571428,-32299383.149571143,,,,,,,
12.533323356509214,0.32889431972408173,0.057436334880355815,-0.23106583071832568,0.0,197.56812705061125,1.6325228168479955,25,10525,268000,0.0003,-5869990.0,0.05000000074505806,7425237712896.0,3292000.5,258001,32997.71428571428,-32299383.149571143,,,,,,,
1.4080347126722308,0.34913158080913687,-0.012967498312315896,-0.36376965957183904,0.0,199.8699180195741,-4.20506888340139,25,10590,270000,0.0003,-4916217.0,0.05000000074505806,54930123522048.0,118637696.0,260001,32997.71428571428,-32299383.149571143,,,,,,,
8.848744988441478,0.2547260076449091,0.24106729324831688,-0.6609045737979845,0.0,692.6160777259004,-67.47703090709552,25,10655,272000,0.0003,-4697954.5,0.05000000074505806,6929487757312.0,51457580.0,262001,33873.0,-30283783.011684254,,,,,,,
11.736041685342771,0.6099072987457147,0.2687390825078075,-0.7412699636521379,0.0,811.5424378294782,-344.9763750500518,25,10720,274000,0.0003,-1864348.75,0.05000000074505806,94636752240640.0,55848984.0,264001,33873.0,-30283783.011684254,,,,,,,
-4.875706592798236,-0.2661482971080997,0.6000842756644441,-0.5051395730660226,0.0,1031.4259237449687,962.3712987456524,25,10785,276000,0.0003,-7957294.0,0.05000000074505806,39248770105344.0,45317344.0,266001,33873.0,-30283783.011684254,,,,,,,
-12.22987250149252,-0.42876923217693486,-0.34788998287495576,-0.6834585555708824,0.0,1422.245735085931,-851.592122834856,25,10850,278000,0.0003,-8868109.0,0.05000000074505806,45939947470848.0,20352296.0,268001,33873.0,-30283783.011684254,,,,,,,
9.104758436083799,0.28572705178842545,-0.5686799908189496,-0.4592203054817274,0.0,707.5681857358551,47.2067321151685,25,10915,280000,0.0003,-6285401.0,0.05000000074505806,24411969159168.0,66339880.0,270001,33873.0,-30283783.011684254,,,,,,,
12.717475878000256,0.5138983520984748,0.29071527986362167,-0.6697252924256977,0.0,678.3970754806234,-394.904669095058,25,10981,282000,0.0003,-8042959.0,0.05000000074505806,56501175582720.0,51000804.0,272001,33873.0,-30283783.011684254,,,,,,,
-5.58924914121628,-0.1048890127304506,0.5010533391429761,-0.43815794901597854,0.0,886.5779416643259,984.7794648525277,25,11046,284000,0.0003,5244714.5,0.05000000074505806,1603172242030592.0,498517024.0,274001,33873.0,-30283783.011684254,,,,,,,
-3.773346722125989,-0.12673538694537564,-0.7223914052559238,-0.3958242578033153,0.0,788.3158374970792,-458.2745559243314,25,11112,286000,0.0003,-4733405.0,0.05000000074505806,314036767948800.0,263163936.0,276001,33873.0,-30283783.011684254,,,,,,,
15.522745128870008,0.53540546207551,0.2782665560309484,-0.7023067385229091,0.0,787.5043523161934,-442.42675518184814,25,11178,288000,0.0003,-13809882.0,0.05000000074505806,71245638926336.0,15844444.0,278001,33873.0,-30283783.011684254,,,,,,,
-7.841740852594382,-0.2714931963871094,0.5669249699489529,-0.5954349047958268,0.0,1394.3059582961819,1333.3045328899057,25,11244,290000,0.0003,-12664822.0,0.05000000074505806,176222071947264.0,111272936.0,280001,33873.0,-30283783.011684254,,,,,,,
-13.011899983286847,-0.5653219621414692,-0.40311352301580733,-0.6984402483671053,0.0,1311.578754168232,-1192.837108425778,25,11310,292000,0.0003,-16889172.0,0.05000000074505806,43237033115648.0,17440780.0,282001,33873.0,-30283783.011684254,,,,,,,
13.433404238820073,0.5429132948628734,-0.2876364720964385,-0.553535720747777,0.0,640.9176582011335,74.58650426506725,25,11376,294000,0.0003,-16340714.0,0.05000000074505806,68741215813632.0,28374440.0,284001,33873.0,-30283783.011684254,,,,,,,
4.577507932186143,0.12281820801102873,0.5983552377929418,-0.47959854023149495,0.0,807.6248596434202,774.5372640424798,25,11442,296000,0.0003,-15362508.0,0.05000000074505806,136739427450880.0,91967888.0,286001,33873.0,-30283783.011684254,,,,,,,
-11.982689090967185,-0.42074656093229146,-0.1293156207369216,-0.7766144428261302,0.0,1520.6279134216766,-338.0880839957896,25,11508,298000,0.0003,-5775414.0,0.05000000074505806,2089262950383616.0,585271104.0,288001,33873.0,-30283783.011684254,,,,,,,
4.40307433128356,0.1452818804027076,-0.6540733042321217,-0.42499420908753394,0.0,674.4522631735999,-355.1613228521576,,,300000,0.0003,-24005514.0,0.05000000074505806,102105197051904.0,94660616.0,290000,,,0.02935937500000002,0.0,40000.0,-45194.98240720827,6931.913937570939,0.004609375000000003,0.0
,,,,,,,23,12685,300000,0.0003,-22696508.0,0.05000000074505806,101884425666560.0,74509376.0,290001,33873.0,-30283783.011684254,,,,,,,
12.515693132877356,0.4979564768532213,0.19815568538664152,-0.7126667419309867,0.0,714.9607914986412,-235.93619281054316,23,12747,302000,0.0003,-26130684.0,0.05000000074505806,76998705676288.0,37682036.0,292001,33873.0,-30283783.011684254,,,,,,,
-0.7159186142683059,0.03888206393299554,0.6170430949351183,-0.42178548130313914,0.0,833.1603647860329,1048.0902081026577,23,12808,304000,0.0003,-16237953.0,0.05000000074505806,172331502665728.0,47033132.0,294001,33873.0,-30283783.011684254,,,,,,,
-10.507933421134965,-0.3693032169106066,-0.543611578942797,-0.49916539552765266,0.0,962.1379433851558,-1024.0851885964416,23,12869,306000,0.0003,-28759522.0,0.05000000074505806,99787240112128.0,80984432.0,296001,33873.0,-30283783.011684254,,,,,,,
17.14093104600902,0.6056344467092051,-0.028149317249992666,-0.6712575488055295,0.0,741.429732697904,30.491137610484927,23,12931,308000,0.0003,-31514818.0,0.05000000074505806,96672801619968.0,37023848.0,298001,33873.0,-30283783.011684254,,,,,,,
-3.7690026885271126,-0.1375794240056202,0.6544643512715996,-0.5270724060933274,0.0,1174.0591599912518,1222.5932628253295,23,12992,310000,0.0003,-33498900.0,0.05000000074505806,225302106079232.0,80697672.0,300001,33873.0,-30283783.011684254,,,,,,,
-1.9632651352882329,-0.046996682125875856,0.18990557423262466,-0.8790385398609931,0.0,1425.8877771456887,-313.2625837444257,23,13054,312000,0.0003,-34207904.0,0.05000000074505806,241170533842944.0,111772096.0,302001,34553.77777777778,-31215332.363894224,,,,,,,
11.22529366135596,0.5719429216069463,0.23377865246368637,-0.7502651174866771,0.0,804.0930894601673,-309.08488546577496,23,13117,314000,0.0003,-27586536.0,0.05000000074505806,344680050982912.0,222765552.0,304001,34553.77777777778,-31215332.363894224,,,,,,,
-2.6243297952413585,-0.13547431326114395,0.626139137843072,-0.5007213041458511,0.0,1009.7733201419081,956.0521462428796,23,13179,316000,0.0003,-38903068.0,0.05000000074505806,175600710975488.0,88536336.0,306001,34553.77777777778,-31215332.363894224,,,,,,,
-12.682324001789093,-0.4641261008458372,-0.34128420394293585,-0.6991836466893971,0.0,1407.0175039685141,-866.7738861494012,24,13242,318000,0.0003,-45186996.0,0.05000000074505806,304374064611328.0,111990712.0,308001,34553.77777777778,-31215332.363894224,,,,,,,
10.904199514985095,0.36288740617955373,-0.518228371269659,-0.4626908056570798,0.0,631.8111973729361,-15.274662614263711,24,13305,320000,0.0003,-54823488.0,0.05000000074505806,198824337342464.0,54233856.0,310001,34553.77777777778,-31215332.363894224,,,,,,,
13.231368283033365,0.5421771901155396,0.2640003662511159,-0.6377397175173517,0.0,632.4392394847032,-354.07352920158326,24,13369,322000,0.0003,-53658916.0,0.05000000074505806,213211051720704.0,56894440.0,312001,34553.77777777778,-31215332.363894224,,,,,,,
-5.777858039140695,-0.1282675795140165,0.4177140380251409,-0.40879124633287456,0.0,756.4218689567005,747.0761732039582,24,13433,324000,0.0003,-39453796.0,0.05000000074505806,3069659834220544.0,697829568.0,314001,34553.77777777778,-31215332.363894224,,,,,,,
-2.6317751085758165,-0.0901540916477169,-0.6859672614101606,-0.3865260875254882,0.0,719.9646391612301,-168.39033332678116,24,13496,326000,0.0003,-67054488.0,0.05000000074505806,286592933560320.0,43590940.0,316001,34553.77777777778,-31215332.363894224,,,,,,,
15.65718873500824,0.5681095059238267,0.3606804062985123,-0.6692462633121674,0.0,761.4016214327528,-465.7988899126714,24,13560,328000,0.0003,-63751140.0,0.05000000074505806,287398072156160.0,94115040.0,318001,34553.77777777778,-31215332.363894224,,,,,,,
-9.424363809823985,-0.3519576352380143,0.5320114501812399,-0.6308706338224354,0.0,1498.7323611891559,1337.7375936838166,24,13624,330000,0.0003,-66948160.0,0.05000000074505806,265837973864448.0,58337016.0,320001,34553.77777777778,-31215332.363894224,,,,,,,
-13.493945515155797,-0.5705100920462954,-0.4294666165889217,-0.671572220739543,0.0,1279.529045587284,-1247.1897913466364,24,13689,332000,0.0003,-82728856.0,0.05000000074505806,295637698478080.0,59087496.0,322001,34553.77777777778,-31215332.363894224,,,,,,,
14.790076116919517,0.5759740454658553,-0.27123591890822074,-0.5568891302690034,0.0,644.6873941030642,111.43451251790016,24,13753,334000,0.0003,-79280320.0,0.05000000074505806,513573868535808.0,134165192.0,324001,34553.77777777778,-31215332.363894224,,,,,,,
2.5457530790567326,0.06915724242487227,0.6553262010017634,-0.47649009301088613,0.0,881.6522000241712,956.2457022115196,24,13818,336000,0.0003,-82956440.0,0.05000000074505806,632549093146624.0,207932512.0,326001,34553.77777777778,-31215332.363894224,,,,,,,
-10.56960906803608,-0.39279913080419904,-0.1867040705730584,-0.797902411059262,0.0,1589.8097274405598,-505.9664433560351,24,13883,338000,0.0003,-94413536.0,0.05000000074505806,388658838372352.0,45037848.0,328001,34553.77777777778,-31215332.363894224,,,,,,,
3.2551299268007288,0.08602187625484196,-0.6672442426780021,-0.44797372771823085,0.0,720.9578818038457,-250.92155279391525,24,13948,340000,0.0003,-90738704.0,0.05000000074505806,552158411882496.0,203232976.0,330001,34553.77777777778,-31215332.363894224,,,,,,,
13.797709348201755,0.5748583160156325,0.31234252083270514,-0.6944941048345943,0.0,742.3496878359394,-383.71393486345886,24,14012,342000,0.0003,-98708576.0,0.05000000074505806,584326945177600.0,68878384.0,332001,34553.77777777778,-31215332.363894224,,,,,,,
-6.649973404407498,-0.23917796880353814,0.5791748073317462,-0.5769994793078329,0.0,1301.79847954411,1315.5899596660618,24,14077,344000,0.0003,-107999232.0,0.05000000074505806,794542643085312.0,184861536.0,334001,34553.77777777778,-31215332.363894224,,,,,,,
-12.361942710280411,-0.5292393261297568,-0.3595956404925201,-0.7317549088207739,0.0,1377.9424142930923,-1091.7311399913565,24,14142,346000,0.0003,-101280104.0,0.05000000074505806,1072757269856256.0,369110176.0,336001,34553.77777777778,-31215332.363894224,,,,,,,
10.087326470613476,0.3719909038697949,-0.38024868256750477,-0.5509922872048449,0.0,678.4675473574692,51.48252166851773,24,14206,348000,0.0003,-128885800.0,0.05000000074505806,484968144830464.0,64401332.0,338001,34553.77777777778,-31215332.363894224,,,,,,,
8.662248471975376,0.2545025752134391,0.5583302282188349,-0.4990234065878833,0.0,752.199533304771,431.908674628633,24,14271,350000,0.0003,-124681944.0,0.05000000074505806,457741038518272.0,65979268.0,340001,34553.77777777778,-31215332.363894224,,,,,,,
-4.211931925416015,-0.07531381015361902,0.4988742577263568,-0.831937174103613,0.0,1342.8913413688665,278.49776732878945,24,14336,352000,0.0003,-130929200.0,0.05000000074505806,708911464185856.0,77108320.0,342001,35098.4,-31992364.709009506,,,,,,,
12.713609141111386,0.7025480415944996,0.32668676438268074,-0.6899433213831997,0.0,785.0062946715844,-335.6833167546815,24,14401,354000,0.0003,-120777504.0,0.05000000074505806,740415720390656.0,183122080.0,344001,35098.4,-31992364.709009506,,,,,,,
-8.332166546583158,-0.48508453912278215,0.5530338565797169,-0.5438635961664614,0.0,1153.4582097840746,1038.1109290079112,24,14465,356000,0.0003,-144790992.0,0.05000000074505806,736819691913216.0,110782696.0,346001,35098.4,-31992364.709009506,,,,,,,
-11.873592304587364,-0.4018622643558372,-0.41967101531821666,-0.6508388979912852,0.0,1435.0539683471197,-1020.5203935434572,24,14530,358000,0.0003,-159083264.0,0.05000000074505806,909536365903872.0,68583848.0,348001,35098.4,-31992364.709009506,,,,,,,
7.004203883409495,0.2274327115408417,-0.5689799710163321,-0.4613193592187197,0.0,863.9981829723818,168.95609279596837,24,14595,360000,0.0003,-163662464.0,0.05000000074505806,672502221111296.0,87328192.0,350001,35098.4,-31992364.709009506,,,,,,,
13.119058372974393,0.524989345660727,0.34042564758860405,-0.6470248460173684,0.0,671.0454060369428,-469.97672064976064,24,14659,362000,0.0003,-172401520.0,0.05000000074505806,817838277263360.0,105968008.0,352001,35098.4,-31992364.709009506,,,,,,,
-8.49944672405719,-0.2072766615736836,0.42508766114570606,-0.4354599778270649,0.0,927.0048351921853,874.8469577896025,24,14724,364000,0.0003,-160688576.0,0.05000000074505806,910282348036096.0,94760704.0,354001,35098.4,-31992364.709009506,,,,,,,
-1.5536545068025571,-0.0833335544270864,-0.7537854751528117,-0.36260680080912067,0.0,740.1102803385877,-296.85543120936023,24,14789,366000,0.0003,-183230176.0,0.05000000074505806,855988861140992.0,130250080.0,356001,35098.4,-31992364.709009506,,,,,,,
16.80831394076348,0.5195719912785001,0.5027215897830987,-0.5517946124618768,0.0,695.3279752422325,-150.19263655954424,24,14854,368000,0.0003,-175147712.0,0.05000000074505806,1032459940528128.0,163395008.0,358001,35098.4,-31992364.709009506,,,,,,,
-12.349865713715534,-0.3780560224379948,0.43072253188466414,-0.7344093657068311,0.0,1756.1205013129845,1075.7318945169059,24,14918,370000,0.0003,-220255712.0,0.05000000074505806,1444787001491456.0,101711488.0,360001,35098.4,-31992364.709009506,,,,,,,
-8.403943806290636,-0.4897814967592239,-0.22614088992405817,-0.7870164394288287,0.0,1462.3270905145228,-692.7253585377367,24,14983,372000,0.0003,-202276064.0,0.05000000074505806,3530685381869568.0,626035328.0,362001,35098.4,-31992364.709009506,,,,,,,
-4.388051673173908,-0.4545897092777644,0.2821882278556679,-0.7518141078518038,0.0,1443.150621831419,677.795147015658,24,15048,374000,0.0003,-308449984.0,0.05000000074505806,1864414969987072.0,153918192.0,364001,35098.4,-31992364.709009506,,,,,,,
-6.101244629025463,-0.20963199332063262,-0.11571862621601846,-0.8494471829775702,0.0,1858.8512588093595,-278.40099655741426,24,15113,376000,0.0003,-295742432.0,0.05000000074505806,1120268198084608.0,87115112.0,366001,35098.4,-31992364.709009506,,,,,,,
-10.183852964043616,-0.6642838555099037,-0.3358112947369853,-0.522533567924032,0.0,934.808890086035,-949.4495373277432,24,15178,378000,0.0003,-300566784.0,0.05000000074505806,1378401302609920.0,102329472.0,368001,35098.4,-31992364.709009506,,,,,,,
12.662858921289445,-0.915344257739898,0.12700677700946572,-0.45091565800306577,0.0,650.7188029751638,218.23353695941265,24,15242,380000,0.0003,-308631040.0,0.05000000074505806,6300304169500672.0,808625792.0,370001,35098.4,-31992364.709009506,,,,,,,
-9.553512859344483,-0.3261878298629095,0.36831052046303064,-0.627327615801714,0.0,1416.761133429972,870.8164718162703,24,15307,382000,0.0003,-353777472.0,0.05000000074505806,1772229670993920.0,120492616.0,372001,35098.4,-31992364.709009506,,,,,,,
-13.573018673658375,-0.5080391767774948,-0.5352042015551374,-0.4668643169955741,0.0,1162.638700938641,-1338.7180602607236,24,15372,384000,0.0003,-351244480.0,0.05000000074505806,2038388794327040.0,137839952.0,374001,35098.4,-31992364.709009506,,,,,,,
10.458265032768274,0.35209984091573926,-0.3772452181419758,-0.36284907822974116,0.0,600.2488993331216,117.84918978539037,25,15437,386000,0.0003,-403006272.0,0.05000000074505806,1892826178650112.0,157056144.0,376001,35098.4,-31992364.709009506,,,,,,,
8.98867031097413,0.6924010397419906,0.24353509480006433,-0.3435340709144346,0.0,332.1392700849927,-77.45042250868683,25,15502,388000,0.0003,-383823552.0,0.05000000074505806,2814670310211584.0,316607904.0,378001,35098.4,-31992364.709009506,,,,,,,
-12.124824181795116,0.6731592853826872,-0.3505369370525307,-0.22629672533480447,0.0,277.24278585875,-273.03284357517146,25,15566,390000,0.0003,-368554240.0,0.05000000074505806,1909903773925376.0,98221528.0,380001,35098.4,-31992364.709009506,,,,,,,
2.0979617911577244,0.2248287516476724,0.12168853995659341,-0.4594442953710759,0.0,667.4605297268953,-290.9401642293177,25,15631,392000,0.0003,-379779488.0,0.05000000074505806,2699643569831936.0,109387744.0,382001,35544.0,-32688294.705303732,,,,,,,
8.678852935433385,0.3106085956605451,0.511530996257558,-0.5646488867378832,0.0,755.1643768752471,-86.54618689799491,25,15696,394000,0.0003,-365766656.0,0.05000000074505806,1658611679887360.0,144503024.0,384001,35544.0,-32688294.705303732,,,,,,,
-11.178416572809224,-0.3894008040427435,0.3067282316464695,-0.6826709503024936,0.0,1424.963187566475,782.5695089138228,25,15761,396000,0.0003,-395387872.0,0.05000000074505806,2405027335372800.0,138221840.0,386001,35544.0,-32688294.705303732,,,,,,,
-14.788788795471193,-0.5813100942117837,-0.5116961249650046,-0.48950306819321415,0.0,1056.357793725536,-1175.0010535576782,25,15825,398000,0.0003,-413961248.0,0.05000000074505806,2426724436410368.0,131758464.0,388001,35544.0,-32688294.705303732,,,,,,,
16.987118474245086,0.5791630430207874,-0.2776156347201877,-0.5589327168475919,0.0,677.3516387853665,172.0988098426758,,,400000,0.0003,-409890560.0,0.05000000074505806,2508044810321920.0,96026776.0,390000,,,0.02935937500000002,0.0,40000.0,-49925.18189087046,3976.971842441929,0.0,0.0
,,,,,,,23,17001,400000,0.0003,-400412128.0,0.05000000074505806,2563087232139264.0,292368000.0,390001,35544.0,-32688294.705303732,,,,,,,
3.978591614961662,0.17433931271609068,0.5787763831475063,-0.35021221739307334,0.0,609.1588263795593,507.79111765291873,23,17063,402000,0.0003,-442981216.0,0.05000000074505806,2530619158429696.0,101749432.0,392001,35544.0,-32688294.705303732,,,,,,,
-12.129134419560444,-0.38664708794199265,-0.41865431076890103,-0.3940370081886507,0.0,784.8838900963436,-647.1587050349657,23,17126,404000,0.0003,-380373792.0,0.05000000074505806,2468823437410304.0,74465920.0,394001,35544.0,-32688294.705303732,,,,,,,
17.256789916753775,0.5816624568548244,-0.06760814736447521,-0.6050614028160926,0.0,632.7186785442678,-54.010325250032494,23,17188,406000,0.0003,-437132960.0,0.05000000074505806,1960166836666368.0,92161968.0,396001,35544.0,-32688294.705303732,,,,,,,
-2.9956202471256184,-0.03208543432436655,0.3649167266996141,-0.36484553163086075,0.0,564.231320109433,361.85800889840647,23,17250,408000,0.0003,-438736864.0,0.05000000074505806,2928317292347392.0,180952896.0,398001,35544.0,-32688294.705303732,,,,,,,
-2.15628591239451,0.19222332131618391,-0.5477580774812536,-0.2611987505236587,0.0,444.27882247233924,-606.9745199356142,23,17313,410000,0.0003,-425397920.0,0.05000000074505806,2705424058941440.0,167391760.0,400001,35544.0,-32688294.705303732,,,,,,,
12.580878914594681,0.35107771686827494,-0.10521917483337544,-0.4366228913841541,0.0,274.6253508518466,92.84279774359318,23,17375,412000,0.0003,-411765216.0,0.05000000074505806,3276908649250816.0,131119872.0,402001,35544.0,-32688294.705303732,,,,,,,
10.782279080748546,0.36061445381235746,-0.1001062751454731,-0.3821190084644765,0.0,355.5021512933429,473.9133768112924,23,17437,414000,0.0003,-426764896.0,0.05000000074505806,2697407770918912.0,94124320.0,404001,35544.0,-32688294.705303732,,,,,,,
-6.260179476737973,-0.47250462479084565,-0.6725145032334323,-0.3648237699942508,0.0,469.0764064716697,-497.01909740294553,23,17498,416000,0.0003,-433096512.0,0.05000000074505806,8753547076173824.0,1072358400.0,406001,35544.0,-32688294.705303732,,,,,,,
-2.3615653890371373,-0.42871679175986127,0.607847525733038,-0.3016556481502048,0.0,340.20387357061026,-38.454869267765424,23,17560,418000,0.0003,-467749600.0,0.05000000074505806,4399145217425408.0,664736192.0,408001,35544.0,-32688294.705303732,,,,,,,
6.321915454268464,0.09753209880258847,-0.32197139434130745,-0.14191983831836572,0.0,314.3567824518951,-17.14943369201625,23,17622,420000,0.0003,-449229120.0,0.05000000074505806,2467321809469440.0,105993104.0,410001,35544.0,-32688294.705303732,,,,,,,
6.462357311844827,-0.46200426565989317,0.05711701253043295,-0.07828255229063767,0.0,94.92293224104827,-150.36401637336843,23,17684,422000,0.0003,-448999104.0,0.05000000074505806,2823379967016960.0,122169464.0,412001,35544.0,-32688294.705303732,,,,,,,
6.695383298993104,-0.020069686795149005,0.3970432890247309,0.07519968316046567,0.0,135.14609789762147,343.7188248052184,23,17746,424000,0.0003,-506414528.0,0.05000000074505806,3302680600510464.0,127138784.0,414001,35544.0,-32688294.705303732,,,,,,,
-1.7988029068708415,-0.2483000805739612,-0.3293107926264021,0.24611391528972512,0.0,306.9824859785487,-147.12947812651035,23,17808,426000,0.0003,-424109312.0,0.05000000074505806,5205304404869120.0,509727200.0,416001,35544.0,-32688294.705303732,,,,,,,
1.1876075589656825,-0.03618478234728549,-0.12089281428684501,0.3880424743046531,0.0,489.89539946452254,220.88300513120228,23,17870,428000,0.0003,-499231616.0,0.05000000074505806,6605106724208640.0,884494656.0,418001,35544.0,-32688294.705303732,,,,,,,
1.4898990529775629,-0.09593574287737747,0.2605533266415807,0.5548770582153484,0.0,590.8280973226664,154.46254943934713,23,17933,430000,0.0003,-479409120.0,0.05000000074505806,4174569162145792.0,72086976.0,420001,35544.0,-32688294.705303732,,,,,,,
-3.4997787731885928,-0.03284176869633902,0.07682297206426113,-0.12380331302992573,0.0,1035.9513209004065,35.00150870676773,24,17996,432000,0.0003,-535203648.0,0.05000000074505806,6319406036549632.0,123813104.0,422001,35915.333333333336,-31857276.722891256,,,,,,,
8.518021951913834,0.524480939340005,0.18120610520678876,-0.8365779081290524,0.0,939.520671357543,-227.66830763288675,24,18059,434000,0.0003,-549853888.0,0.05000000074505806,6057301899214848.0,214231152.0,424001,35915.333333333336,-31857276.722891256,,,,,,,
8.639146586656578,0.7321976209501997,0.08309345962510781,-0.7156240880573207,0.0,781.5357532857995,-75.83459500361512,24,18123,436000,0.0003,-564178624.0,0.05000000074505806,4813882023477248.0,96612424.0,426001,35915.333333333336,-31857276.722891256,,,,,,,
10.557900836467736,0.8710373235275273,0.11307165771330094,-0.6257593799556042,0.0,709.0492738949221,-76.74795293855206,24,18186,438000,0.0003,-542766976.0,0.05000000074505806,5025156833476608.0,71047008.0,428001,35915.333333333336,-31857276.722891256,,,,,,,
-6.682954088449479,-0.5231433542110183,0.09172435843940684,-0.5622657419601573,0.0,730.7192729471249,16.284567956304798,24,18250,440000,0.0003,-518020640.0,0.05000000074505806,4743173976883200.0,227643760.0,430001,35915.333333333336,-31857276.722891256,,,,,,,
-9.313272454738613,0.5398178629059478,-0.34242878636434326,-0.34649382599829076,0.0,410.6238233230458,-468.7484924708706,24,18314,442000,0.0003,-569123072.0,0.05000000074505806,5608011812831232.0,80897480.0,432001,35915.333333333336,-31857276.722891256,,,,,,,
14.803341134786624,0.4079400998221911,-0.15411505186487093,-0.37227018625096664,0.0,238.19017410529995,41.63496076775104,24,18378,444000,0.0003,-586378880.0,0.05000000074505806,4709551899148288.0,125645560.0,434001,35915.333333333336,-31857276.722891256,,,,,,,
8.485258313417438,0.33900070794289355,0.08431152007569738,-0.4171092809797799,0.0,267.6026916211364,-97.35478906277226,24,18442,446000,0.0003,-544170112.0,0.05000000074505806,5318294793879552.0,94124320.0,436001,35915.333333333336,-31857276.722891256,,,,,,,
3.143057892322536,-0.004131119327601871,-0.5951906263681576,-0.45553978157429875,0.0,436.01340489764027,135.38596713786148,24,18507,448000,0.0003,-598688512.0,0.05000000074505806,6727243782946816.0,123003768.0,438001,35915.333333333336,-31857276.722891256,,,,,,,
-8.860694115757935,-0.29629991469304573,0.17681689120638408,-0.5423791169906963,0.0,398.9598625330145,167.34348715004592,24,18571,450000,0.0003,-603811456.0,0.05000000074505806,6675964020916224.0,91590616.0,440001,35915.333333333336,-31857276.722891256,,,,,,,
7.693580350875848,0.12515355042687745,0.40698922059159215,-0.5239284816923058,0.0,424.2843654740931,-294.2734520282933,24,18636,452000,0.0003,-634555328.0,0.05000000074505806,6067099793358848.0,199339056.0,442001,35915.333333333336,-31857276.722891256,,,,,,,
2.8848497772216883,0.5136526565143625,0.029713108707012836,-0.25152851148597255,0.0,167.9483689874752,-43.51369423804945,24,18700,454000,0.0003,-703109760.0,0.05000000074505806,8023361296793600.0,134537728.0,444001,35915.333333333336,-31857276.722891256,,,,,,,
-3.362245888113981,0.25995473750694365,-0.33009245276422056,-0.12831579961179038,0.0,89.3412959609745,-97.23945669594465,24,18765,456000,0.0003,-673840576.0,0.05000000074505806,8826893843300352.0,295647616.0,446001,35915.333333333336,-31857276.722891256,,,,,,,
-0.8186427342891669,-0.058945408425055905,-0.05340446392059628,-0.09468775796986352,0.0,16.305782841857294,-27.891464670828274,24,18829,458000,0.0003,-771215680.0,0.05000000074505806,7230466847408128.0,253951920.0,448001,35915.333333333336,-31857276.722891256,,,,,,,
2.4436047196388246,-0.025556831390457942,0.11028326173511094,-0.08624068815282443,0.0,19.12569874246852,34.78282604808588,24,18894,460000,0.0003,-805420352.0,0.05000000074505806,6123540495466496.0,246375280.0,450001,35915.333333333336,-31857276.722891256,,,,,,,
4.225185940265661,0.04786851123225093,-0.41137499775455044,0.056331202092530834,0.0,292.7274317631252,308.3518700956594,24,18958,462000,0.0003,-809089728.0,0.05000000074505806,6588838461833216.0,169818688.0,452001,35915.333333333336,-31857276.722891256,,,,,,,
-9.744297880530354,-0.3565593089475041,0.5341574820665126,0.14557029105536953,0.0,459.13490580365595,-99.37488915022602,24,19023,464000,0.0003,-850270464.0,0.05000000074505806,6387773862838272.0,282612768.0,454001,35915.333333333336,-31857276.722891256,,,,,,,
2.926974576711649,0.24299667157055688,-0.25647585323489996,0.07311381584721065,0.0,221.71979655386264,-218.36136857256898,24,19088,466000,0.0003,-895104000.0,0.05000000074505806,9728105220407296.0,246074960.0,456001,35915.333333333336,-31857276.722891256,,,,,,,
1.586478307247157,0.0018745495806140502,-0.17799282059467267,0.21085609458631174,0.0,690.303080113526,3889.1747275551643,24,19152,468000,0.0003,-847088000.0,0.05000000074505806,8187068807118848.0,572105472.0,458001,35915.333333333336,-31857276.722891256,,,,,,,
-15.672302884459496,-0.25895494798549434,0.1121712664404406,0.9492928808785744,0.0,1567.7117468073818,-2470.057166269403,24,19217,470000,0.0003,-992058624.0,0.05000000074505806,9915949910065152.0,320242400.0,460001,35915.333333333336,-31857276.722891256,,,,,,,
-8.15275977134705,-0.04927611085285437,-0.026478363125187167,-0.0745112432199911,0.0,1244.58736142008,160.838559286724,24,19282,472000,0.0003,-934344448.0,0.05000000074505806,5816210352504832.0,155853824.0,462001,36229.53846153846,-30965985.302184932,,,,,,,
6.512541962862014,0.3941058147642212,0.1976344351013892,-0.8695007664274196,0.0,974.263654497417,-195.77533422315747,24,19347,474000,0.0003,-1066789248.0,0.05000000074505806,6682671149219840.0,377817696.0,464001,36229.53846153846,-30965985.302184932,,,,,,,
6.728093706369405,0.48560054903914196,-0.09840119998106103,-0.8394776139350717,0.0,931.8343863558024,123.67584574838702,24,19412,476000,0.0003,-992797824.0,0.05000000074505806,5923118530953216.0,257974608.0,466001,36229.53846153846,-30965985.302184932,,,,,,,
7.703768154382706,0.3714277162281887,0.050565681588347004,-0.9015296838449859,0.0,1022.070947611244,-57.786486965023975,24,19477,478000,0.0003,-1047104896.0,0.05000000074505806,5627977505177600.0,256975664.0,468001,36229.53846153846,-30965985.302184932,,,,,,,
6.289344708919526,0.49742897714300827,0.005737786431542005,-0.8366870082333644,0.0,920.0503178243471,-19.572942054321746,24,19542,480000,0.0003,-1108889984.0,0.05000000074505806,8255449518309376.0,539721472.0,470001,36229.53846153846,-30965985.302184932,,,,,,,
6.882164803743364,0.35004096743916396,-0.11305771582984835,-0.9002684121456178,0.0,1017.3963994268506,113.28178135357656,24,19607,482000,0.0003,-1245627008.0,0.05000000074505806,6641183375753216.0,422760128.0,472001,36229.53846153846,-30965985.302184932,,,,,,,
7.396585021018981,0.37817184321315267,0.14175363374148844,-0.8833490050842089,0.0,993.8946216001306,-163.45737954768876,24,19672,484000,0.0003,-1297610240.0,0.05000000074505806,1.2863096339038208e+16,1365709184.0,474001,36229.53846153846,-30965985.302184932,,,,,,,
5.81987369060517,0.4666123736863919,-0.09709477718718415,-0.8347557483750274,0.0,910.6709227805104,85.49736006426531,24,19737,486000,0.0003,-1404128512.0,0.05000000074505806,6220162227240960.0,298184640.0,476001,36229.53846153846,-30965985.302184932,,,,,,,
6.483900663852691,0.2860569412576007,-0.05654298336763461,-0.9109858560140475,0.0,1024.489571649342,57.245890089424655,24,19802,488000,0.0003,-1533331456.0,0.05000000074505806,4693010906349568.0,231714352.0,478001,36229.53846153846,-30965985.302184932,,,,,,,
7.1039693683385865,0.41212627137094354,0.14111783405003195,-0.8474446971130174,0.0,929.2590352424857,-164.32188514319756,24,19867,490000,0.0003,-1647639552.0,0.05000000074505806,5308174240317440.0,295186720.0,480001,36229.53846153846,-30965985.302184932,,,,,,,
5.347234849929815,0.37236197874926397,-0.15480628288521975,-0.851816017806124,0.0,925.5795239139023,119.57629413423527,24,19933,492000,0.0003,-1613198848.0,0.05000000074505806,7057172433207296.0,450372096.0,482001,36229.53846153846,-30965985.302184932,,,,,,,
6.346094377636905,0.2520579776819995,0.07661518138318629,-0.8968259901455862,0.0,995.5814495304405,-60.35430881753294,24,19998,494000,0.0003,-1748004096.0,0.05000000074505806,4733319174422528.0,355711456.0,484001,36229.53846153846,-30965985.302184932,,,,,,,
6.187538566589351,0.5067182092971718,0.09297072985625274,-0.7520200170174155,0.0,774.2528537020538,-198.39880492278866,24,20063,496000,0.0003,-1871763840.0,0.05000000074505806,5853439665897472.0,306064960.0,486001,36229.53846153846,-30965985.302184932,,,,,,,
6.4540568870306,0.33868118267965713,-0.1955025282534008,-0.7954471693484951,0.0,814.6524399904864,157.11005259511336,24,20128,498000,0.0003,-2000065408.0,0.05000000074505806,4341143294705664.0,163406368.0,488001,36229.53846153846,-30965985.302184932,,,,,,,
7.079767778515816,0.25745820567328015,0.12693039667393996,-0.8310942197958662,0.0,870.1864348894927,-119.92772081039334,,,500000,0.0003,-2109060480.0,0.05000000074505806,4098743930454016.0,385443648.0,490000,,,0.02935937500000002,0.0,40000.0,-38024516161.775986,21895991313.90107,0.0,0.0
,,,,,,,23,21314,500000,0.0003,-2213527552.0,0.05000000074505806,4203348127383552.0,372817824.0,490001,36229.53846153846,-30965985.302184932,,,,,,,
3.9932300096750244,0.5198505396398281,0.0341587771734978,-0.6523916157779821,0.0,614.4179221983393,-192.01829659032484,23,21378,502000,0.0003,-2280935168.0,0.05000000074505806,5882191250718720.0,462276224.0,492001,36229.53846153846,-30965985.302184932,,,,,,,
6.9673715746402705,0.2675445012156357,-0.20620072245219753,-0.715442897174684,0.0,659.1176990984827,146.1967769229218,23,21443,504000,0.0003,-2323078400.0,0.05000000074505806,3.0176758049275904e+16,2000434816.0,494001,36229.53846153846,-30965985.302184932,,,,,,,
8.89469476342203,0.2725690400384096,0.22973248386781442,-0.7065637860839424,0.0,671.6754264009921,-235.67256092335055,23,21507,506000,0.0003,-2525782528.0,0.05000000074505806,5503228569452544.0,256977040.0,496001,36229.53846153846,-30965985.302184932,,,,,,,
0.049476443529124406,0.6066047387282658,0.00402684164359098,-0.41113889565214995,0.0,350.43665775593485,-231.17966492206736,23,21571,508000,0.0003,-2562060800.0,0.05000000074505806,4302478656929792.0,218677520.0,498001,36229.53846153846,-30965985.302184932,,,,,,,
4.579025249481206,0.23852503580721063,-0.29347857653799425,-0.3534212181575327,0.0,209.96433293100958,-32.076809966990666,23,21635,510000,0.0003,-2765615360.0,0.05000000074505806,4534642577244160.0,263701920.0,500001,36229.53846153846,-30965985.302184932,,,,,,,
2.734660444855687,0.06716969825640039,0.10303778695099851,-0.7085771829180847,0.0,718.7795946307726,-33.0725643203573,23,21699,512000,0.0003,-2689911296.0,0.05000000074505806,5331790654865408.0,299761408.0,502001,36498.857142857145,-31083428.316040076,,,,,,,
5.929997225999841,0.3264354831470743,0.1186792875341244,-0.931163169638078,0.0,1079.8116706273302,-121.08226966271732,23,21762,514000,0.0003,-2876547328.0,0.05000000074505806,4107990995042304.0,193370448.0,504001,36498.857142857145,-31083428.316040076,,,,,,,
7.168702050447464,0.46424572225171296,0.06052602889343605,-0.8702061246520651,0.0,976.7811053982877,-68.90904616404124,23,21826,516000,0.0003,-2946632960.0,0.05000000074505806,4827519081512960.0,236965600.0,506001,36498.857142857145,-31083428.316040076,,,,,,,
7.538399558067322,0.4544265083231026,-0.04799533566207928,-0.8749034794169691,0.0,982.4949114631515,51.913600755973484,23,21889,518000,0.0003,-2925209088.0,0.05000000074505806,5635060979990528.0,370758464.0,508001,36498.857142857145,-31083428.316040076,,,,,,,
8.281293721199033,0.44337453331148413,0.059438860947223664,-0.8792695186899654,0.0,990.2380949577487,-69.51353971774185,23,21953,520000,0.0003,-3121540608.0,0.05000000074505806,6292561954078720.0,266200352.0,510001,36498.857142857145,-31083428.316040076,,,,,,,
7.518375600576401,0.5537189240990061,0.034117661398196886,-0.8210113643832545,0.0,903.4508848934322,-37.65148973736904,23,22016,522000,0.0003,-3130784768.0,0.05000000074505806,3487082337009664.0,166002912.0,512001,36498.857142857145,-31083428.316040076,,,,,,,
8.977190313339223,0.5120250769802457,-0.04240773958408285,-0.8447564520117062,0.0,937.316989613526,50.133019944420724,23,22080,524000,0.0003,-3245693184.0,0.05000000074505806,4156779407605760.0,366045472.0,514001,36498.857142857145,-31083428.316040076,,,,,,,
9.128827292919164,0.55502447034963,0.09259903837780137,-0.8185867289529167,0.0,902.2461110384622,-106.57428761057687,23,22143,526000,0.0003,-3398981120.0,0.05000000074505806,3409513617031168.0,282490816.0,516001,36498.857142857145,-31083428.316040076,,,,,,,
8.041394129991527,0.6300701859439904,-0.040238717077630395,-0.7768592587484692,0.0,847.2600596673869,48.78886441435144,23,22206,528000,0.0003,-3179398144.0,0.05000000074505806,4936995113533440.0,349289792.0,518001,36498.857142857145,-31083428.316040076,,,,,,,
10.183425019979484,0.5627462047991905,0.01584241176265767,-0.8181091986906293,0.0,900.2483859922486,-20.063983613006602,23,22269,530000,0.0003,-3193536768.0,0.05000000074505806,4799022510374912.0,194200720.0,520001,36498.857142857145,-31083428.316040076,,,,,,,
8.708617378473289,0.677426658266701,0.0987135363965022,-0.7466505643666376,0.0,813.3783743420109,-96.81289682737105,23,22332,532000,0.0003,-3142768128.0,0.05000000074505806,5006579489308672.0,362804896.0,522001,36498.857142857145,-31083428.316040076,,,,,,,
6.961428076624868,0.5518395868852431,-0.22382302643032323,-0.7742094316849762,0.0,931.952795422981,224.40079696914967,23,22395,534000,0.0003,-3228772096.0,0.05000000074505806,2980575770050560.0,516570528.0,524001,36498.857142857145,-31083428.316040076,,,,,,,
8.87307866692543,0.49522870894302634,0.10797066144899194,-0.8382400170112079,0.0,923.6555183307887,-141.4209923010747,23,22459,536000,0.0003,-2937779456.0,0.05000000074505806,3581171648692224.0,264671920.0,526001,36498.857142857145,-31083428.316040076,,,,,,,
8.474420145750033,0.725284300379234,0.21975517716807186,-0.6890498918275876,0.0,754.2895018227354,-154.07959388545333,23,22523,538000,0.0003,-3023878912.0,0.05000000074505806,3520062854004736.0,269910048.0,528001,36498.857142857145,-31083428.316040076,,,,,,,
-0.45458231866359733,0.8900996232570355,-0.15331745798799756,-0.5988156185457753,0.0,720.4066125295134,142.24398596919133,23,22587,540000,0.0003,-3076190208.0,0.05000000074505806,5189687903780864.0,310509472.0,530001,36498.857142857145,-31083428.316040076,,,,,,,
10.669245537519457,0.40653028010307,-0.2829797616391888,-0.7924852645163893,0.0,938.5699167087608,207.2905403603172,23,22651,542000,0.0003,-2866967040.0,0.05000000074505806,4855771913256960.0,309402400.0,532001,36498.857142857145,-31083428.316040076,,,,,,,
9.380164039134971,0.4316481871677027,0.24147034439540885,-0.8177870745043359,0.0,888.4753443721683,-326.8138400619832,23,22715,544000,0.0003,-2787600384.0,0.05000000074505806,6856932467933184.0,438442784.0,534001,36498.857142857145,-31083428.316040076,,,,,,,
3.9315461981296616,0.2980462502006481,0.5309667499438324,-0.5429337610262501,0.0,750.7834623705259,537.5346614084998,23,22779,546000,0.0003,-2556844544.0,0.05000000074505806,5246480793206784.0,353341376.0,536001,36498.857142857145,-31083428.316040076,,,,,,,
-14.158205978274346,-0.5387142109288445,-0.10452038088336171,-0.6889158331926455,0.0,1311.8873709054376,-450.8017301937365,23,22843,548000,0.0003,-2514031104.0,0.05000000074505806,5316292265377792.0,281074080.0,538001,36498.857142857145,-31083428.316040076,,,,,,,
-6.214253286123274,0.24148404738263504,-0.4311756005542329,-0.3049704386728431,0.0,437.4775518584379,-634.5983002013039,24,22908,550000,0.0003,-2378309888.0,0.05000000074505806,5101367270047744.0,254952160.0,540001,36498.857142857145,-31083428.316040076,,,,,,,
3.4915611058473686,0.4206115124352278,0.2826537750876756,-0.5685836364851575,0.0,685.744913200174,-171.85197035626038,24,22972,552000,0.0003,-2208995328.0,0.05000000074505806,8587064480104448.0,539322048.0,542001,36732.26666666667,-31367883.066497207,,,,,,,
7.912821091413498,0.44979711636427144,0.03608984428468731,-0.8791085713274078,0.0,989.8381218830372,-43.37717489381397,24,23036,554000,0.0003,-2315695616.0,0.05000000074505806,4486080992641024.0,302059584.0,544001,36732.26666666667,-31367883.066497207,,,,,,,
7.558310464620592,0.5235893298354201,0.023235530609340378,-0.839284895815032,0.0,930.1359776846048,-30.226228882259033,24,23101,556000,0.0003,-2292807936.0,0.05000000074505806,7490830449246208.0,474986560.0,546001,36732.26666666667,-31367883.066497207,,,,,,,
7.520086501836775,0.4356477311263529,-0.10131916643567387,-0.8802978052811159,0.0,993.4363760682118,109.44760988253879,24,23167,558000,0.0003,-2204856320.0,0.05000000074505806,1.0885227392008192e+16,619243264.0,548001,36732.26666666667,-31367883.066497207,,,,,,,
7.8299077272415145,0.4098039354651552,0.08249900336456002,-0.89266626313284,0.0,1011.666562168369,-93.4600652970484,24,23232,560000,0.0003,-2341878784.0,0.05000000074505806,7181775876915200.0,292000320.0,550001,36732.26666666667,-31367883.066497207,,,,,,,
6.911234897375109,0.5424713502476548,0.01385835481918353,-0.8242016188867795,0.0,909.0331926251882,-16.824055907541425,24,23298,562000,0.0003,-2132049920.0,0.05000000074505806,1.5056934495322112e+16,648949504.0,552001,36732.26666666667,-31367883.066497207,,,,,,,
7.652432795763016,0.40336857366213535,-0.11171456553922282,-0.8919075162740909,0.0,1011.600113041305,120.28887421794694,24,23364,564000,0.0003,-2022483328.0,0.05000000074505806,6657950928076800.0,256017856.0,554001,36732.26666666667,-31367883.066497207,,,,,,,
8.38546068668366,0.4069531726060513,0.1279591400144388,-0.88885104034744,0.0,1008.8873681594713,-133.6322486676993,24,23430,566000,0.0003,-2172999168.0,0.05000000074505806,7315949581500416.0,376395008.0,556001,36732.26666666667,-31367883.066497207,,,,,,,
7.862386281490327,0.09296283972074981,0.9681916034041772,-0.4107415097789567,0.0,1087.0325867482577,609.6610259528796,24,23495,568000,0.0003,-2044561920.0,0.05000000074505806,5038491633188864.0,321324832.0,558001,36732.26666666667,-31367883.066497207,,,,,,,
6.151461579799658,0.3440357640505556,0.4477000953238687,-0.8191968774263768,0.0,1131.3118819005592,-376.7213276516179,24,23561,570000,0.0003,-2021365376.0,0.05000000074505806,6545992404959232.0,627644160.0,560001,35514.4375,-32996590.750251062,,,,,,,
13.555632017850863,0.42521287304665367,0.5155588344605272,-0.5631407152796926,0.0,803.1797935216156,542.3705824787204,24,23627,572000,0.0003,-1859637504.0,0.05000000074505806,6456333888913408.0,547871040.0,562001,35514.4375,-32996590.750251062,,,,,,,
-1.0842990618944173,0.13480445677929082,0.7993443329103413,-0.6772206749767107,0.0,1352.2125908656724,25.071456374396657,24,23693,574000,0.0003,-1957406720.0,0.05000000074505806,4735715229302784.0,441923200.0,564001,33689.23529411765,-33691162.690300174,,,,,,,
13.923438239097601,0.5502774006340302,0.23633930091652738,-0.7807000911939672,0.0,906.9658080223818,-237.00500929227098,24,23759,576000,0.0003,-1759246848.0,0.05000000074505806,4644473480937472.0,429905184.0,566001,33689.23529411765,-33691162.690300174,,,,,,,
2.9566264522075647,-0.051454883944805026,1.091935014998575,-0.45534150695072123,0.0,1308.2188357257155,871.5003816247362,24,23826,578000,0.0003,-1650866304.0,0.05000000074505806,5358145647935488.0,434770560.0,568001,32068.0,-34316194.61747711,,,,,,,
8.563652760982517,0.3573065954222761,0.04064164100321708,-0.883353790380901,0.0,1034.8391161690508,49.263729896790814,24,23892,580000,0.0003,-1506356736.0,0.05000000074505806,5583451042349056.0,401480288.0,570001,32068.0,-34316194.61747711,,,,,,,
6.155580655336369,0.01298809610869243,1.0853560882484592,-0.3070504863455319,0.0,1203.1564838366996,1052.7851114272094,24,23958,582000,0.0003,-1506639360.0,0.05000000074505806,3853803287740416.0,266932560.0,572001,30622.78947368421,-34887709.15380285,,,,,,,
6.833118630647662,0.08191146938053573,1.2314881598082823,-0.38896456624931264,0.0,1249.6154786835825,342.998568874486,24,24024,584000,0.0003,-1332641280.0,0.05000000074505806,5713669082054656.0,428147584.0,574001,30622.78947368421,-34887709.15380285,,,,,,,
9.054346048235912,0.24183278861365623,0.8792941333547144,-0.5134017492050015,0.0,977.3827045309115,-414.56499077408466,24,24090,586000,0.0003,-1205456128.0,0.05000000074505806,2827455085674496.0,215516000.0,576001,29210.45,-35296899.2495008,,,,,,,
0.22663101732730678,0.0752829259546549,0.8804280073826746,-0.7276483820404527,0.0,1478.8855524730989,1839.0980819289239,24,24156,588000,0.0003,-972399360.0,0.05000000074505806,2583356256550912.0,336941504.0,578001,27933.666666666668,-35664201.30642405,,,,,,,
12.997165080308925,0.6412734963812158,0.27236099944357123,-0.7285549958720864,0.0,808.393283767229,-314.8147097334539,24,24223,590000,0.0003,-976447040.0,0.05000000074505806,2513437947068416.0,152187632.0,580001,27933.666666666668,-35664201.30642405,,,,,,,
3.0343108940124575,-0.11787950154978058,0.9683697315873825,-0.546709734484307,0.0,1322.4092106819694,1393.1316434754558,24,24289,592000,0.0003,-810841024.0,0.05000000074505806,6636001497710592.0,1028660800.0,582001,26881.363636363636,-36091102.89356828,,,,,,,
4.691332289576547,0.006813534932890101,1.1352614462449198,-0.33259655249753134,0.0,1161.993575539939,410.8901580162177,24,24354,594000,0.0003,-777669504.0,0.05000000074505806,1803448714526720.0,129647384.0,584001,26881.363636363636,-36091102.89356828,,,,,,,
8.438961670994768,0.184297877535067,0.8733110873074396,-0.5957175028227256,0.0,1035.8914689076257,-225.00257881035887,24,24419,596000,0.0003,-781829504.0,0.05000000074505806,3246220034179072.0,186055440.0,586001,25830.739130434784,-36403421.17380722,,,,,,,
2.890500018000597,-0.00851641047537764,1.0141042049186948,-0.6317381263060748,0.0,1393.5164195503944,855.5842409055,24,24485,598000,0.0003,-699598464.0,0.05000000074505806,3910555106541568.0,344239616.0,588001,24869.541666666668,-36693812.6624585,,,,,,,
1.3414637398719897,-0.024608101804264815,1.0962374556373893,-0.4677783974667115,0.0,1291.9780510899916,1769.9314308195887,,,600000,0.0003,-647421056.0,0.05000000074505806,5102786219868160.0,292420416.0,590000,,,0.02935937500000002,0.0,40000.0,-92061.0600878381,16601.68328344356,0.0,0.0
,,,,,,,23,25668,600000,0.0003,-545135296.0,0.05000000074505806,5250998561931264.0,161758560.0,590001,23981.36,-36958665.87518136,,,,,,,
6.3941140592098265,0.32411245983555564,0.7282839246937561,-0.38145216996942893,0.0,677.3043739304699,-77.03180664727081,23,25733,602000,0.0003,-499060128.0,0.05000000074505806,4922212909842432.0,208406272.0,592001,23981.36,-36958665.87518136,,,,,,,
-7.188783283233659,-0.2838241863806295,0.5371628319754027,-0.8292944202506053,0.0,1699.9534152216745,1363.6427847359353,23,25798,604000,0.0003,-529043616.0,0.05000000074505806,6395610030669824.0,370284704.0,594001,23220.69230769231,-37267224.68963111,,,,,,,
7.62899784862995,0.13778702178694982,0.9897350753737721,-0.4881720590601966,0.0,1015.8175103100605,71.46367012180819,23,25863,606000,0.0003,-444396960.0,0.05000000074505806,5927006550097920.0,399356544.0,596001,23220.69230769231,-37267224.68963111,,,,,,,
4.108137851357463,0.12621654789765516,0.8088001858898856,-0.6784853912600389,0.0,1254.5571540593314,12.55523755556941,23,25927,608000,0.0003,-556126848.0,0.05000000074505806,7448146527387648.0,266784672.0,598001,22472.85185185185,-37500445.879039735,,,,,,,
-3.6978940999507945,-0.008500864736131476,0.6157130796172562,-0.5103535006915623,0.0,959.0805890032692,1202.4116033241132,23,25991,610000,0.0003,-318631712.0,0.05000000074505806,1.2455200073711616e+16,692949888.0,600001,22472.85185185185,-37500445.879039735,,,,,,,
2.0420406740903863,0.015375899013578784,0.5182229832111108,-0.9378607570087069,0.0,1587.3377123184555,602.9880809023417,23,26055,612000,0.0003,-425741248.0,0.05000000074505806,9230666403151872.0,393674528.0,602001,21815.035714285714,-37769600.91224625,,,,,,,
-0.7270761716365768,0.1871000688972483,0.47433392716066913,-0.4832270996326121,0.0,653.960091588637,-420.53583170617054,23,26119,614000,0.0003,-188753744.0,0.05000000074505806,1.4595776340557824e+16,514988896.0,604001,21815.035714285714,-37769600.91224625,,,,,,,
-10.782066046595583,-0.2831231719896508,-0.18153332951736526,-0.4619183471327641,0.0,613.4015382857508,-264.77982211284854,23,26183,616000,0.0003,-403971008.0,0.05000000074505806,1.0069146024804352e+16,368595808.0,606001,21815.035714285714,-37769600.91224625,,,,,,,
13.403228587508199,0.5919402472013536,-0.2984641586254004,-0.6385675807038439,0.0,658.1543312137492,406.23186694876426,23,26247,618000,0.0003,-448771328.0,0.05000000074505806,1.259100801335296e+16,435704672.0,608001,21815.035714285714,-37769600.91224625,,,,,,,
9.038354458808941,0.40558447505684875,0.05600666951549749,-0.7930642081037025,0.0,809.5207812079212,-70.70372707267934,23,26311,620000,0.0003,-354217504.0,0.05000000074505806,1.7017923147137024e+16,611363072.0,610001,21815.035714285714,-37769600.91224625,,,,,,,
3.498946080803873,0.36575591586301487,-0.21411321426777902,-0.7785060087113927,0.0,796.7445609678537,124.13014610334298,23,26375,622000,0.0003,-474600384.0,0.05000000074505806,9767255994793984.0,389562880.0,612001,21815.035714285714,-37769600.91224625,,,,,,,
3.4808484333753587,0.09037181468953409,-0.010550231779019164,-0.8608862336452728,0.0,902.3817368628017,13.600191507120051,23,26438,624000,0.0003,-471215616.0,0.05000000074505806,1.4487371366006784e+16,688223744.0,614001,21815.035714285714,-37769600.91224625,,,,,,,
6.562984495162964,0.3326438805062213,0.2006644905150346,-0.7632021491857829,0.0,756.1203741522007,-226.4046072702898,23,26502,626000,0.0003,-549539392.0,0.05000000074505806,8157146843709440.0,382389216.0,616001,21815.035714285714,-37769600.91224625,,,,,,,
2.4390984779596323,0.27818328280584187,-0.2587438470113984,-0.7336168049967533,0.0,702.9730369935182,89.29600221561454,23,26566,628000,0.0003,-563851328.0,0.05000000074505806,4.387487763503514e+16,484886880.0,618001,21815.035714285714,-37769600.91224625,,,,,,,
2.244165011048318,0.006519708778994761,0.022109625611004633,-0.7886412268678806,0.0,759.4610146331029,-0.005391930798264361,23,26630,630000,0.0003,-634695488.0,0.05000000074505806,1.076951238311936e+16,522604576.0,620001,21815.035714285714,-37769600.91224625,,,,,,,
6.88739466786383,0.3186504944072206,0.26295996677777456,-0.6600024173585355,0.0,592.4733938715848,-285.9641041762521,23,26694,632000,0.0003,-943019776.0,0.05000000074505806,9279893170814976.0,497405920.0,622001,21815.035714285714,-37769600.91224625,,,,,,,
0.6155305737256992,0.29428374558017223,-0.30546877354217916,-0.5802949900836766,0.0,476.9612071150593,35.20865596367888,23,26757,634000,0.0003,-953542400.0,0.05000000074505806,4422399244107776.0,216606576.0,624001,21815.035714285714,-37769600.91224625,,,,,,,
1.1282292896509174,-0.08024181603983456,-0.06198513941501591,-0.6241262294201433,0.0,482.15872929039506,-20.660568555503602,23,26821,636000,0.0003,-1075628672.0,0.05000000074505806,4702104962727936.0,390712128.0,626001,21815.035714285714,-37769600.91224625,,,,,,,
11.928452715873721,0.25705316666985095,0.4345661080094482,-0.43110786888080366,0.0,361.63493671236915,-328.3100714248493,23,26885,638000,0.0003,-1239777536.0,0.05000000074505806,6611158333128704.0,520755008.0,628001,21815.035714285714,-37769600.91224625,,,,,,,
-0.9317727863788633,0.5668125994712743,-0.07703367550892413,-0.084963266157838,0.0,117.22792739836073,-79.74991380393621,23,26948,640000,0.0003,-1396571136.0,0.05000000074505806,5258782116413440.0,452356512.0,630001,21815.035714285714,-37769600.91224625,,,,,,,
10.279438348412539,0.12236742979851703,-0.7248137184820014,-0.1394681744803149,0.0,553.9786163252563,43.737951757347496,23,27011,642000,0.0003,-1507159296.0,0.05000000074505806,6355637306916864.0,424428672.0,632001,21815.035714285714,-37769600.91224625,,,,,,,
-11.052771079540246,-0.6801404144459933,0.06200760246257901,-0.027991360561825506,0.0,236.75099447483902,735.3802203962326,23,27075,644000,0.0003,-1589595136.0,0.05000000074505806,4514345635545088.0,398740448.0,634001,21815.035714285714,-37769600.91224625,,,,,,,
-6.599528269171712,-0.10444266396805763,0.30408678684592466,-0.7435569049708591,0.0,808.9154243410226,-88.63433137274386,23,27139,646000,0.0003,-1674462336.0,0.05000000074505806,4312033348550656.0,414002688.0,636001,21815.035714285714,-37769600.91224625,,,,,,,
-0.14430287241935552,-0.060941765970272475,0.03663183076664763,-0.787713036059611,0.0,748.6474530143071,-8.854485544923987,23,27203,648000,0.0003,-1723886592.0,0.05000000074505806,3423581782409216.0,320779648.0,638001,21815.035714285714,-37769600.91224625,,,,,,,
8.277741887569427,0.24085160070490164,0.35929753201920955,-0.6721577680061402,0.0,629.4402632284169,-361.2744955928168,23,27267,650000,0.0003,-1783348864.0,0.05000000074505806,3260013590085632.0,319425312.0,640001,21815.035714285714,-37769600.91224625,,,,,,,
0.38847084820270567,0.2719381188186025,0.10793893917889641,-0.7770381158991573,0.0,850.7754176320543,-49.32253094852713,23,27331,652000,0.0003,-1897382144.0,0.05000000074505806,5689065361899520.0,496829504.0,642001,22442.103448275862,-37329283.56278321,,,,,,,
2.719329713582994,0.16672232950889213,0.035854662248968584,-0.9773934702637629,0.0,1156.241605908059,-19.013783953908412,23,27395,654000,0.0003,-1977737472.0,0.05000000074505806,2822514799542272.0,227249904.0,644001,22442.103448275862,-37329283.56278321,,,,,,,
2.7636562108993528,0.15152907049841496,-0.03444277540882405,-0.9800840101689976,0.0,1160.6533341402255,16.082138976124554,23,27459,656000,0.0003,-1935025664.0,0.05000000074505806,4584541507289088.0,386342048.0,646001,22442.103448275862,-37329283.56278321,,,,,,,
3.1135359215736367,0.14970629426187332,0.045224460412643115,-0.9799028321547739,0.0,1160.7278115103068,-24.03628409603244,23,27523,658000,0.0003,-2104366464.0,0.05000000074505806,1890161822531584.0,265023072.0,648001,22442.103448275862,-37329283.56278321,,,,,,,
3.394392849206923,0.21251539551578438,0.005819576767065074,-0.9662823037918702,0.0,1135.0019349658567,-5.374294640845265,23,27587,660000,0.0003,-2111542400.0,0.05000000074505806,7652420540694528.0,505119904.0,650001,22442.103448275862,-37329283.56278321,,,,,,,
3.3896284925937654,0.17626460161625132,-0.031168764342666744,-0.9740570888347793,0.0,1148.887295154625,17.757342687668498,23,27651,662000,0.0003,-2139138304.0,0.05000000074505806,4397828273078272.0,466134976.0,652001,22442.103448275862,-37329283.56278321,,,,,,,
3.906866430044174,0.19994230892272552,0.06154234526296006,-0.9676890145754733,0.0,1138.1471092076083,-41.11140638065822,23,27715,664000,0.0003,-2098515200.0,0.05000000074505806,3068181291728896.0,331765024.0,654001,22442.103448275862,-37329283.56278321,,,,,,,
3.874444729089736,0.24566220994000487,-0.018005907707654957,-0.9557664004641072,0.0,1115.321838840937,11.530603781393404,23,27778,666000,0.0003,-2098235008.0,0.05000000074505806,4456333512278016.0,346108160.0,656001,22442.103448275862,-37329283.56278321,,,,,,,
4.034507448673251,0.197988409342355,-0.01390334707258708,-0.9677089940384437,0.0,1136.5227497140272,9.134566534503545,23,27842,668000,0.0003,-2299011584.0,0.05000000074505806,4760433302962176.0,445275744.0,658001,22442.103448275862,-37329283.56278321,,,,,,,
4.580948616266247,0.2509685190938535,0.05962877577934364,-0.9522354613341203,0.0,1109.3809400681557,-46.547903843883105,24,27906,670000,0.0003,-2094902272.0,0.05000000074505806,3631563426234368.0,202090480.0,660001,22442.103448275862,-37329283.56278321,,,,,,,
4.426039853096007,0.277728572290114,-0.03873753167661708,-0.9441538116032175,0.0,1094.9474999096374,30.346089683773663,24,27970,672000,0.0003,-2086793600.0,0.05000000074505806,4658629693145088.0,335791424.0,662001,22442.103448275862,-37329283.56278321,,,,,,,
4.360432503223421,0.20870614552116581,-0.006887888337952812,-0.9641226862959676,0.0,1129.7506867239038,4.532318039874088,24,28034,674000,0.0003,-2052933120.0,0.05000000074505806,3813151959154688.0,355889088.0,664001,22442.103448275862,-37329283.56278321,,,,,,,
4.473623653650298,0.2599866260384622,0.044522607478986675,-0.9492297383369127,0.0,1103.1015413781554,-34.29150640365586,24,28098,676000,0.0003,-2136800256.0,0.05000000074505806,3509367580131328.0,273670912.0,666001,22442.103448275862,-37329283.56278321,,,,,,,
4.324635725021367,0.2543131566912954,-0.05311131124883071,-0.9506852757830964,0.0,1106.1389036166538,38.977608231387315,24,28163,678000,0.0003,-2074531840.0,0.05000000074505806,5499703475044352.0,405252928.0,668001,22442.103448275862,-37329283.56278321,,,,,,,
4.3565327143669,0.21482892911055324,0.01742800454021032,-0.9619246896074112,0.0,1125.1569950458265,-13.639989039390436,24,28227,680000,0.0003,-1892946688.0,0.05000000074505806,5645557343191040.0,601684288.0,670001,22442.103448275862,-37329283.56278321,,,,,,,
4.100660156011577,0.2538529041435333,0.023105843014981576,-0.9512155403757359,0.0,1106.4037423028624,-14.315256814233678,24,28292,682000,0.0003,-1964508416.0,0.05000000074505806,8605269235859456.0,599239488.0,672001,22442.103448275862,-37329283.56278321,,,,,,,
4.210336269140249,0.221922261498285,-0.051993865493382835,-0.9599077445285221,0.0,1122.5575994314881,35.60534091202359,24,28356,684000,0.0003,-1919905280.0,0.05000000074505806,3385808618782720.0,270187392.0,674001,22442.103448275862,-37329283.56278321,,,,,,,
4.282113953828799,0.21323166726273862,0.005570789153209227,-0.9618636296465409,0.0,1126.3006874382581,-1.5952414300107534,24,28421,686000,0.0003,-1755964160.0,0.05000000074505806,3693294185873408.0,333915840.0,676001,22442.103448275862,-37329283.56278321,,,,,,,
4.440895663499827,0.293296092567921,0.06800189234880054,-0.9394734021470157,0.0,1092.0064790734632,-46.85651260589461,24,28485,688000,0.0003,-1708433152.0,0.05000000074505806,4564383078285312.0,394666624.0,678001,22442.103448275862,-37329283.56278321,,,,,,,
4.931260790824893,0.25177377269440365,-0.046304698660489495,-0.9543200904949449,0.0,1114.0280504155116,37.293912259684944,24,28550,690000,0.0003,-1618987904.0,0.05000000074505806,3901989868011520.0,412124224.0,680001,22442.103448275862,-37329283.56278321,,,,,,,
4.07200932264329,0.1757842950609278,0.1916940573578116,-0.951282541000422,0.0,1115.234583782377,-100.04459508485597,24,28615,692000,0.0003,-1552663296.0,0.05000000074505806,8681163455463424.0,1405648640.0,682001,23027.366666666665,-37587546.94681834,,,,,,,
4.918697173595429,0.34981730177574255,0.11755395170244529,-0.8825522773784606,0.0,983.4681729123078,-108.3468394429508,24,28680,694000,0.0003,-1624688768.0,0.05000000074505806,4487935344771072.0,416446080.0,684001,23027.366666666665,-37587546.94681834,,,,,,,
5.834192397594456,0.3165496141542956,-0.11036506113610098,-0.8958940564865262,0.0,999.7493747000096,99.61457676348249,24,28745,696000,0.0003,-1441375616.0,0.05000000074505806,3478668496076800.0,239209744.0,686001,23027.366666666665,-37587546.94681834,,,,,,,
5.564956727027895,0.2457758740845465,0.058534978411357984,-0.9221253369584087,0.0,1044.1465541043751,-55.79467013089012,24,28810,698000,0.0003,-1398948864.0,0.05000000074505806,2409638788071424.0,172922496.0,688001,23027.366666666665,-37587546.94681834,,,,,,,
5.222189744114863,0.4211376465274411,0.06261863045684311,-0.8514079058419711,0.0,933.0988098513549,-58.48649552964546,,,700000,0.0003,-1512437504.0,0.05000000074505806,1606645125742592.0,216668448.0,690000,,,0.02935937500000002,0.0,40000.0,-38026.86982159602,2426.953170234701,0.0,0.0
,,,,,,,23,29994,700000,0.0003,-1350826496.0,0.05000000074505806,4046982863650816.0,241269712.0,690001,23027.366666666665,-37587546.94681834,,,,,,,
6.468245669603346,0.31214110741862244,-0.11291336801712436,-0.897354752762795,0.0,1003.2696700235696,108.13824950912374,23,30059,702000,0.0003,-1236376448.0,0.05000000074505806,2008666546896896.0,696038400.0,692001,23027.366666666665,-37587546.94681834,,,,,,,
6.265527493953708,0.2903731874761393,0.07979183370855229,-0.9066593116443133,0.0,1016.8473253924018,-77.11401659164997,23,30123,704000,0.0003,-1248295552.0,0.05000000074505806,2477078096117760.0,332886784.0,694001,23027.366666666665,-37587546.94681834,,,,,,,
4.9912402820587065,0.41256468108311417,-0.021619459470884946,-0.8557241673128282,0.0,939.7314072064054,22.056642917127814,23,30188,706000,0.0003,-1271813888.0,0.05000000074505806,1610861575667712.0,117717464.0,696001,23027.366666666665,-37587546.94681834,,,,,,,
5.539383126497269,0.24413178289629392,-0.08692605768603974,-0.921098977770949,0.0,1041.8280516089453,73.5486492503506,23,30253,708000,0.0003,-1197935360.0,0.05000000074505806,1803914986913792.0,183410160.0,698001,23027.366666666665,-37587546.94681834,,,,,,,
6.236254523992542,0.30424778298610133,0.14207605961811248,-0.8966557633606111,0.0,1003.4715147819583,-129.26975696652255,23,30318,710000,0.0003,-1177821952.0,0.05000000074505806,1980211046383616.0,217875792.0,700001,23027.366666666665,-37587546.94681834,,,,,,,
4.693329489231113,0.3832764586605885,-0.11249324964546452,-0.8626463462100544,0.0,950.2750191428223,97.5283509373919,23,30382,712000,0.0003,-1003001344.0,0.05000000074505806,1467112778366976.0,171591184.0,702001,23027.366666666665,-37587546.94681834,,,,,,,
4.615034074783316,0.1829465503205589,-0.04655381500660529,-0.9336497720282072,0.0,1060.3972125195191,35.763045264788666,23,30447,714000,0.0003,-1069757504.0,0.05000000074505806,1446877308387328.0,289951200.0,704001,23027.366666666665,-37587546.94681834,,,,,,,
5.9757044649124165,0.3414077949176571,0.1823008402797563,-0.8708743956630968,0.0,963.1120410917317,-178.80085188179672,23,30511,716000,0.0003,-1065088704.0,0.05000000074505806,1312944256188416.0,128595528.0,706001,23027.366666666665,-37587546.94681834,,,,,,,
4.702844958305365,0.3465523459665884,-0.1798180809471252,-0.8611194061246422,0.0,945.1820274367494,146.43716332088127,23,30575,718000,0.0003,-937572736.0,0.05000000074505806,2.526680727106355e+16,2028358272.0,708001,23027.366666666665,-37587546.94681834,,,,,,,
4.137713272571566,0.14741552057321247,-0.0013717656034094954,-0.9287602974906017,0.0,1045.7728112939828,12.58842443716566,23,30639,720000,0.0003,-982798080.0,0.05000000074505806,2644562224873472.0,832446848.0,710001,23027.366666666665,-37587546.94681834,,,,,,,
5.233164335489272,0.35298578446691786,0.17395388376354037,-0.8509632878931083,0.0,925.1592673393335,-181.50646995365605,23,30703,722000,0.0003,-998724224.0,0.05000000074505806,4682936523685888.0,547101056.0,712001,23027.366666666665,-37587546.94681834,,,,,,,
4.366825903654092,0.28127124811563153,-0.2255393675799225,-0.8635374917620451,0.0,944.2861373000488,154.61660400416014,23,30766,724000,0.0003,-1066023680.0,0.05000000074505806,1174635706056704.0,141776416.0,714001,23027.366666666665,-37587546.94681834,,,,,,,
3.507215505838396,0.1046242996590222,0.07105617489532691,-0.9159269798235534,0.0,1020.1803629064513,-28.319574755007515,23,30830,726000,0.0003,-957603328.0,0.05000000074505806,1699815448641536.0,425632992.0,716001,23027.366666666665,-37587546.94681834,,,,,,,
4.691954277753831,0.3775652104504342,0.14260850361254154,-0.8143715045555869,0.0,857.2503873086031,-173.11783656113846,23,30894,728000,0.0003,-1031562816.0,0.05000000074505806,2872417756119040.0,251814432.0,718001,23027.366666666665,-37587546.94681834,,,,,,,
3.255085914134977,0.1952365284447263,-0.30399432636018736,-0.8457434243320813,0.0,914.9294838390548,142.54678690212796,23,30957,730000,0.0003,-1081334656.0,0.05000000074505806,2048608937443328.0,175164336.0,720001,23027.366666666665,-37587546.94681834,,,,,,,
1.5042509132623674,0.024824911229558436,0.07842297519485666,-0.9488491298913019,0.0,1091.3188212505163,-23.424291560934478,23,31021,732000,0.0003,-1128864512.0,0.05000000074505806,1128706667970560.0,181441584.0,722001,23574.870967741936,-37642324.97650581,,,,,,,
3.1142700088024116,0.19310844364387159,0.05626089634950177,-0.969999651514627,0.0,1143.167527065399,-34.14623338303274,23,31084,734000,0.0003,-1049385344.0,0.05000000074505806,3298181622267904.0,308484256.0,724001,23574.870967741936,-37642324.97650581,,,,,,,
3.2308923709392547,0.17921382475579337,-0.045590224594440225,-0.9730711038664621,0.0,1147.3809897165556,24.997094872191372,23,31148,736000,0.0003,-1141972864.0,0.05000000074505806,2088680177008640.0,262710176.0,726001,23574.870967741936,-37642324.97650581,,,,,,,
3.4001248216629016,0.162455093998833,0.04088423904390222,-0.9762636740838703,0.0,1153.371288697914,-23.758188952896703,23,31214,738000,0.0003,-1135203840.0,0.05000000074505806,1577277884203008.0,149005024.0,728001,23574.870967741936,-37642324.97650581,,,,,,,
3.5604418981075288,0.2273383781560987,0.0020251675432213,-0.9609557308983546,0.0,1125.035028214479,-2.963603386831096,23,31278,740000,0.0003,-1052184192.0,0.05000000074505806,3070381925597184.0,230278400.0,730001,23574.870967741936,-37642324.97650581,,,,,,,
2.9196741175651537,0.14969761415828942,-0.0725759476224655,-0.9764933069448314,0.0,1154.0390740810162,35.40479689200545,23,31341,742000,0.0003,-1190395520.0,0.05000000074505806,1818943882788864.0,233679024.0,732001,23574.870967741936,-37642324.97650581,,,,,,,
2.9122716879844677,0.13905149080836285,0.06286562003600836,-0.9783189450015483,0.0,1156.989628484566,-31.859542754089627,23,31405,744000,0.0003,-1196051712.0,0.05000000074505806,863916699680768.0,82686920.0,734001,23574.870967741936,-37642324.97650581,,,,,,,
3.0783553564548476,0.20437274576556438,-0.01725272558671343,-0.9649488113067978,0.0,1131.6079284310258,9.116538963987653,23,31468,746000,0.0003,-1128148480.0,0.05000000074505806,2486181010866176.0,306478464.0,736001,23574.870967741936,-37642324.97650581,,,,,,,
1.9647209203243272,0.08909337471909279,-0.08880209964066053,-0.983076662665241,0.0,1166.9243887766331,29.94596375043024,23,31532,748000,0.0003,-1180654080.0,0.05000000074505806,1103603456540672.0,98212648.0,738001,23574.870967741936,-37642324.97650581,,,,,,,
2.2681161612272263,0.10830615046099513,0.10445614107548212,-0.9795475343549108,0.0,1161.5831523534944,-42.63087634332353,23,31596,750000,0.0003,-1170842880.0,0.05000000074505806,670816983318528.0,113544848.0,740001,23574.870967741936,-37642324.97650581,,,,,,,
2.773168486356735,0.1926594305081035,-0.03833637319681201,-0.9653304818718965,0.0,1132.24320471917,23.154754987321276,23,31660,752000,0.0003,-1130803712.0,0.05000000074505806,761452872859648.0,563939520.0,742001,23574.870967741936,-37642324.97650581,,,,,,,
0.46848731637000934,0.006680121669097314,-0.1681303181639383,-0.98352950652594,0.0,1173.7639022784465,12.387054040851147,23,31724,754000,0.0003,-1084210304.0,0.05000000074505806,1239467163648000.0,194450896.0,744001,23574.870967741936,-37642324.97650581,,,,,,,
0.8002708417177204,0.01651073376920596,0.19625034372992795,-0.9804873135547055,0.0,1175.914403813095,-25.85931834471543,23,31788,756000,0.0003,-1036735616.0,0.05000000074505806,1987084067799040.0,255473184.0,746001,23574.870967741936,-37642324.97650581,,,,,,,
2.793030592799187,0.19805050274240105,-0.008807302828604101,-0.9636845648401469,0.0,1128.3706373034988,-0.26889390386290063,23,31852,758000,0.0003,-1015805376.0,0.05000000074505806,1861408224444416.0,227839664.0,748001,23574.870967741936,-37642324.97650581,,,,,,,
2.133586620092393,0.09040220803099908,-0.06300214017893505,-0.9808084318489915,0.0,1161.2438251584254,24.31258799084149,23,31916,760000,0.0003,-986934080.0,0.05000000074505806,1409942602907648.0,193534896.0,750001,23574.870967741936,-37642324.97650581,,,,,,,
3.5533203971385974,0.17450085923321262,0.14807614290960092,-0.962673251181876,0.0,1131.6968415411202,-87.70853474098192,23,31980,762000,0.0003,-970017408.0,0.05000000074505806,1783828901265408.0,337838272.0,752001,23574.870967741936,-37642324.97650581,,,,,,,
4.429827259778981,0.30983711192305136,-0.023271714910730636,-0.9269513645907096,0.0,1064.2837313924203,14.470803403980323,23,32044,764000,0.0003,-949244864.0,0.05000000074505806,960495146237952.0,153590896.0,754001,23574.870967741936,-37642324.97650581,,,,,,,
4.797478629350659,0.22637943478807887,-0.008179559637156645,-0.9525288914224341,0.0,1105.895791992766,4.68734018838714,23,32108,766000,0.0003,-904201920.0,0.05000000074505806,686983240220672.0,151504064.0,756001,23574.870967741936,-37642324.97650581,,,,,,,
5.603826296329497,0.3173006984228214,0.09332807266395411,-0.9197694467842441,0.0,1050.8172935212954,-88.31710686569195,23,32172,768000,0.0003,-836507328.0,0.05000000074505806,928296648835072.0,107665928.0,758001,23574.870967741936,-37642324.97650581,,,,,,,
5.097644201517109,0.3260339038601613,-0.08627217684172811,-0.9137455303787101,0.0,1038.6165239738198,68.69898482264605,23,32235,770000,0.0003,-791598656.0,0.05000000074505806,3168344492474368.0,255432224.0,760001,23574.870967741936,-37642324.97650581,,,,,,,
3.95705177426338,0.15514349969945188,0.13100878860376314,-0.941431900544929,0.0,1086.6598942750654,-42.45230546088198,23,32299,772000,0.0003,-761495616.0,0.05000000074505806,1893250038235136.0,247845536.0,762001,24088.15625,-37881365.90068947,,,,,,,
4.786436104178425,0.3748707649677469,0.17266739785118768,-0.8523085576050199,0.0,933.7721599152607,-167.76644983493688,23,32363,774000,0.0003,-658735488.0,0.05000000074505806,1.0102615631200256e+16,835511232.0,764001,24088.15625,-37881365.90068947,,,,,,,
5.939778205156328,0.31819032376504475,-0.1578311242570338,-0.8735081309103163,0.0,960.453611292471,131.30361237426604,23,32427,776000,0.0003,-716947392.0,0.05000000074505806,977048822611968.0,290508672.0,766001,24088.15625,-37881365.90068947,,,,,,,
6.927319182157513,0.2836950303917988,0.13969474555739658,-0.8848879976600679,0.0,978.1830674396693,-145.89443233135398,23,32490,778000,0.0003,-668422400.0,0.05000000074505806,951187750780928.0,149050672.0,768001,24088.15625,-37881365.90068947,,,,,,,
4.450744928121569,0.5778668753094793,0.08836420275131064,-0.7201601451011199,0.0,745.804454642485,-132.13317113794227,23,32554,780000,0.0003,-696913920.0,0.05000000074505806,1983651583623168.0,213634752.0,770001,24088.15625,-37881365.90068947,,,,,,,
7.627078100442899,0.33876631059198004,-0.2327733456716468,-0.8188194257706921,0.0,872.8409700091587,212.2814494132379,23,32618,782000,0.0003,-601393152.0,0.05000000074505806,729925128552448.0,120728880.0,772001,24088.15625,-37881365.90068947,,,,,,,
7.9720026564598045,0.29617930230234285,0.17756334007325775,-0.8420707109090282,0.0,899.9972893382701,-197.5353947245505,23,32682,784000,0.0003,-589784128.0,0.05000000074505806,1665155062562816.0,222319200.0,774001,24088.15625,-37881365.90068947,,,,,,,
2.6689029723405766,0.3456633117436342,0.47492800770419374,-0.5460379456665783,0.0,663.4531027385054,181.62023138431343,24,32745,786000,0.0003,-618806336.0,0.05000000074505806,1282829153468416.0,474274272.0,776001,24088.15625,-37881365.90068947,,,,,,,
-9.126451443433755,-0.5399233209090306,0.4008188720546812,-0.7959537747521049,0.0,1486.4940127190725,1128.20678279395,24,32809,788000,0.0003,-512498464.0,0.05000000074505806,5.275769893185126e+16,3021148160.0,778001,24088.15625,-37881365.90068947,,,,,,,
-10.448590276241301,-0.5419309963056468,-0.4897216177280977,-0.7494030467495294,0.0,1480.2707018580622,-1403.3745233323752,24,32873,790000,0.0003,-573944320.0,0.05000000074505806,939490675785728.0,118406576.0,780001,24088.15625,-37881365.90068947,,,,,,,
5.31487035453319,0.5141493541546831,-0.632413192559125,-0.5861911025469927,0.0,772.486966769476,668.8487156669846,24,32937,792000,0.0003,-530156640.0,0.05000000074505806,1144430945894400.0,273339712.0,782001,24088.15625,-37881365.90068947,,,,,,,
0.33854187428951193,-0.12460940580337469,-0.04617669757812474,-0.9101704777487984,0.0,1159.8530784342101,-253.4771236988882,24,33001,794000,0.0003,-529002176.0,0.05000000074505806,2125699573874688.0,404748320.0,784001,24088.15625,-37881365.90068947,,,,,,,
5.363908159136766,0.29379087538447923,0.30963955117089453,-0.8458594930279595,0.0,930.6964029792754,-277.7543988045342,24,33066,796000,0.0003,-550728320.0,0.05000000074505806,877486514634752.0,107577760.0,786001,24088.15625,-37881365.90068947,,,,,,,
5.489153469204906,0.46848305639561416,-0.12392705049421539,-0.7886996344878043,0.0,830.5485972720976,151.648241091575,24,33130,798000,0.0003,-505226304.0,0.05000000074505806,818958122876928.0,151983616.0,788001,24088.15625,-37881365.90068947,,,,,,,
6.999602499008177,0.2882333249025889,0.02451417494512346,-0.8823552606362023,0.0,966.2789302007211,-21.188836980996363,,,800000,0.0003,-506333056.0,0.05000000074505806,1311545036374016.0,120090128.0,790000,,,0.02935937500000002,0.0,40000.0,-36837.41386445841,3815.2674867240758,0.0,0.0
,,,,,,,23,34298,800000,0.0003,-552313088.0,0.05000000074505806,461152651837440.0,98268120.0,790001,24088.15625,-37881365.90068947,,,,,,,
9.210625076889995,0.6018109330630361,0.3648270605720345,-0.6769998546919855,0.0,732.387259807626,-275.6537383671657,23,34363,802000,0.0003,-420447872.0,0.05000000074505806,3.569292628144947e+16,2576938752.0,792001,24088.15625,-37881365.90068947,,,,,,,
-5.602994899153713,-0.40534392900802385,0.4989743651854889,-0.6276230101548261,0.0,1052.6865817576268,1044.5673496732745,23,34428,804000,0.0003,-487356480.0,0.05000000074505806,871715554983936.0,198578160.0,794001,24088.15625,-37881365.90068947,,,,,,,
-7.278127270936966,-0.29873112172291644,-0.09448345852685107,-0.8542871642793819,0.0,1835.9039203151933,-312.7349340298234,23,34493,806000,0.0003,-516799744.0,0.05000000074505806,3115242590568448.0,108024192.0,796001,24088.15625,-37881365.90068947,,,,,,,
-9.034229087829567,-0.5660700430714901,0.06590619571161525,-0.7021507157614654,0.0,1278.7320142240458,163.54789184153177,23,34558,808000,0.0003,-492885568.0,0.05000000074505806,663620161634304.0,230903072.0,798001,24088.15625,-37881365.90068947,,,,,,,
-9.036284515857703,-0.6220008761671498,-0.16352080527002072,-0.7038220525976244,0.0,1197.321320283207,-428.3691394794907,23,34622,810000,0.0003,-415377568.0,0.05000000074505806,4.658881592976998e+16,2881844736.0,800001,24088.15625,-37881365.90068947,,,,,,,
-2.8223390352725994,-0.188441134159051,0.16234456689376933,-0.8192976627822113,0.0,1075.9406525194204,-234.67212309451736,23,34687,812000,0.0003,-513318464.0,0.05000000074505806,1105918913675264.0,222594544.0,802001,24570.333333333332,-37997859.052154996,,,,,,,
6.015536082983013,0.5140145891493083,0.2255979967688241,-0.7629668614864091,0.0,811.5184466470662,-252.3690568919727,23,34752,814000,0.0003,-463048000.0,0.05000000074505806,1006423714562048.0,329834400.0,804001,24570.333333333332,-37997859.052154996,,,,,,,
7.575206421613691,0.4773601655087174,-0.2118730276589125,-0.7907455449643239,0.0,848.4050395672394,238.360119872159,23,34816,816000,0.0003,-476310816.0,0.05000000074505806,538238892638208.0,83336424.0,806001,24570.333333333332,-37997859.052154996,,,,,,,
8.339747990369792,0.3513946821142256,0.1135960076090531,-0.8652534299621056,0.0,948.3255828782408,-135.32547164586387,23,34881,818000,0.0003,-469068096.0,0.05000000074505806,926229964259328.0,124046080.0,808001,24570.333333333332,-37997859.052154996,,,,,,,
6.225784915685659,0.6724951002915022,0.36825497810788277,-0.6224052869295483,0.0,700.3754119188953,-86.74583417840321,23,34945,820000,0.0003,-474773024.0,0.05000000074505806,563834716684288.0,84903560.0,810001,24570.333333333332,-37997859.052154996,,,,,,,
-6.653878973722453,-0.6534438877716038,0.45678371589402017,-0.6683303489104684,0.0,1184.9520528322007,1061.531572681293,23,35009,822000,0.0003,-460999360.0,0.05000000074505806,1481155845029888.0,346901216.0,812001,24570.333333333332,-37997859.052154996,,,,,,,
-9.085469217300423,-0.39000152081711753,-0.21596936346476922,-0.8135939173374738,0.0,1641.8094430997055,-650.7348903660943,23,35073,824000,0.0003,-431219968.0,0.05000000074505806,1717359853174784.0,278844480.0,814001,24570.333333333332,-37997859.052154996,,,,,,,
-9.173714851737044,-0.6751082445393575,-0.09625823897979294,-0.6501795415134772,0.0,1058.2003588746613,-188.97408524235084,23,35137,826000,0.0003,-451104192.0,0.05000000074505806,1408899328507904.0,227201056.0,816001,24570.333333333332,-37997859.052154996,,,,,,,
-6.957968583106995,-0.7776497860068525,0.1453087460351672,-0.6434508118976489,0.0,1001.6881175433144,487.79281752953426,23,35201,828000,0.0003,-502340896.0,0.05000000074505806,841927339540480.0,227644992.0,818001,24570.333333333332,-37997859.052154996,,,,,,,
-9.797449563741695,-0.4625651387449855,-0.08346768254412346,-0.8504577905598167,0.0,1653.2489671640496,-239.78559792500914,23,35266,830000,0.0003,-478401024.0,0.05000000074505806,2325195704500224.0,447751776.0,820001,24570.333333333332,-37997859.052154996,,,,,,,
-7.27447009801866,-0.7377588580974671,-0.23395281801457093,-0.6064121720771907,0.0,848.4247436894352,-550.5038123902788,23,35330,832000,0.0003,-409687872.0,0.05000000074505806,608766651269120.0,109777400.0,822001,24570.333333333332,-37997859.052154996,,,,,,,
10.468341185450546,0.7288600059830469,-0.28705590810583237,-0.6762639666172283,0.0,760.9965411199581,211.82496607091002,23,35395,834000,0.0003,-407930560.0,0.05000000074505806,4.696612880672358e+16,2974622464.0,824001,24570.333333333332,-37997859.052154996,,,,,,,
9.881829979419727,0.5536596673207128,0.00876864551934473,-0.8134299205536452,0.0,887.565403034881,-10.431613172997446,23,35460,836000,0.0003,-476165920.0,0.05000000074505806,1740075800985600.0,299042400.0,826001,24570.333333333332,-37997859.052154996,,,,,,,
6.99654836535454,0.5428304346924471,-0.08040609926607109,-0.8143164560196624,0.0,889.7005563959116,81.43302560578785,23,35524,838000,0.0003,-445459840.0,0.05000000074505806,976403235340288.0,262008304.0,828001,24570.333333333332,-37997859.052154996,,,,,,,
7.879331787824624,0.38654885199841094,-0.059800200788350466,-0.8932010386921048,0.0,1006.4413617072802,67.57754300584176,23,35588,840000,0.0003,-431608000.0,0.05000000074505806,712705933574144.0,148686448.0,830001,24570.333333333332,-37997859.052154996,,,,,,,
7.7542441880703,0.49734332989833596,0.14314769318667428,-0.8302638060993385,0.0,917.0674039164307,-172.26603912539966,23,35653,842000,0.0003,-420686912.0,0.05000000074505806,1319796608073728.0,205163536.0,832001,24570.333333333332,-37997859.052154996,,,,,,,
7.364871121048924,0.5021280731138597,-0.12793056358496235,-0.822569572651061,0.0,897.6547043948004,135.34308758553777,23,35717,844000,0.0003,-409203232.0,0.05000000074505806,4073684138459136.0,236315312.0,834001,24570.333333333332,-37997859.052154996,,,,,,,
8.08745411455631,0.3742877678138643,0.042988388924540696,-0.8883137696413133,0.0,996.7123927152363,-50.10283081911187,23,35781,846000,0.0003,-452170240.0,0.05000000074505806,628530547261440.0,102561336.0,836001,24570.333333333332,-37997859.052154996,,,,,,,
6.973089224696156,0.5849502831832443,0.10430301048674365,-0.7631655107198009,0.0,817.4345193958003,-147.62722956433845,23,35846,848000,0.0003,-455545408.0,0.05000000074505806,973548155830272.0,365708992.0,838001,24570.333333333332,-37997859.052154996,,,,,,,
7.955163716673849,0.46570334945665165,-0.18349272316544105,-0.819449166744266,0.0,891.4830799271119,206.66641341841876,23,35910,850000,0.0003,-454078528.0,0.05000000074505806,787350183477248.0,127081616.0,840001,24570.333333333332,-37997859.052154996,,,,,,,
6.1976627522707,0.24660518835646336,0.24277058726633471,-0.8930357582246247,0.0,1019.1221974333492,-154.8428728751705,23,35975,852000,0.0003,-423617632.0,0.05000000074505806,627702423879680.0,134672128.0,842001,25024.147058823528,-38045231.322542846,,,,,,,
5.474220647811896,0.561869445308575,0.19029991377600908,-0.7040031040500482,0.0,722.847954878559,-250.88258742698164,23,36040,854000,0.0003,-444971680.0,0.05000000074505806,2321450224582656.0,120306432.0,844001,25024.147058823528,-38045231.322542846,,,,,,,
8.233006942868249,0.4866535437331438,-0.22913807878958842,-0.7531662108294926,0.0,796.612472748863,299.3745376307578,23,36105,856000,0.0003,-421700608.0,0.05000000074505806,1481760361676800.0,124653344.0,846001,25024.147058823528,-38045231.322542846,,,,,,,
8.571166835427292,0.35141559800297717,0.14358381991370972,-0.846263228998598,0.0,916.0451140902237,-177.59766230257165,23,36170,858000,0.0003,-436960960.0,0.05000000074505806,629877757706240.0,98271776.0,848001,25024.147058823528,-38045231.322542846,,,,,,,
4.291765623688702,0.6489705432244746,0.11813224416794475,-0.6556175981909643,0.0,660.5652550054432,-142.35352529635315,23,36235,860000,0.0003,-449595520.0,0.05000000074505806,1289561783140352.0,182492864.0,850001,25024.147058823528,-38045231.322542846,,,,,,,
9.09591989457605,0.4461986364502599,-0.2573899520143477,-0.778221337922976,0.0,831.730710535275,311.6179183323371,23,36300,862000,0.0003,-390241408.0,0.05000000074505806,1929997778419712.0,167195440.0,852001,25024.147058823528,-38045231.322542846,,,,,,,
9.578304891586304,0.40770054741969736,0.19330859984771798,-0.8104213693498877,0.0,864.4777479847328,-254.05479893586326,23,36366,864000,0.0003,-456523008.0,0.05000000074505806,1241312657408000.0,193807536.0,854001,25024.147058823528,-38045231.322542846,,,,,,,
3.073958764672277,0.6665484521379738,0.0028814804162530096,-0.6434602332030708,0.0,648.1590098421057,8.8333703415026,23,36431,866000,0.0003,-422881312.0,0.05000000074505806,1412394358145024.0,176528928.0,856001,25024.147058823528,-38045231.322542846,,,,,,,
9.637548784017545,0.3898813186543426,-0.19513496123342428,-0.8171075692807821,0.0,876.0440570050342,241.77921785202568,23,36496,868000,0.0003,-388360608.0,0.05000000074505806,894759128268800.0,114150296.0,858001,25024.147058823528,-38045231.322542846,,,,,,,
9.867646202445052,0.4484586252482793,0.20567028683665403,-0.7868195147757384,0.0,827.768111250372,-248.8549095637807,23,36561,870000,0.0003,-398179520.0,0.05000000074505806,1151219947012096.0,98271424.0,860001,25024.147058823528,-38045231.322542846,,,,,,,
4.0637438356876405,0.6242467644098815,-0.09017791757735122,-0.6804758696611596,0.0,696.2231548521878,124.78288285174364,23,36626,872000,0.0003,-411938368.0,0.05000000074505806,3074825606135808.0,360574304.0,862001,25024.147058823528,-38045231.322542846,,,,,,,
9.15632090926171,0.35340878403850295,-0.07564984239702213,-0.8505620559538556,0.0,920.6701345954307,119.59272209740155,23,36691,874000,0.0003,-401141824.0,0.05000000074505806,490683907440640.0,86324960.0,864001,25024.147058823528,-38045231.322542846,,,,,,,
7.892010422348987,0.5008893533096928,0.17816200214921338,-0.7675258731856921,0.0,800.5856404426464,-219.8947434647591,23,36757,876000,0.0003,-415608768.0,0.05000000074505806,973812162101248.0,157694592.0,866001,25024.147058823528,-38045231.322542846,,,,,,,
6.513785471320156,0.5220215365260492,-0.18450056621889419,-0.7479178021697147,0.0,776.8395678697865,196.70221951748223,23,36822,878000,0.0003,-388711360.0,0.05000000074505806,1054548152025088.0,103414832.0,868001,25024.147058823528,-38045231.322542846,,,,,,,
7.900914167761786,0.3392088123240754,0.06893302928063628,-0.8544668843436292,0.0,928.1338080545535,-81.34057915711774,23,36887,880000,0.0003,-418658304.0,0.05000000074505806,703042592702464.0,143749872.0,870001,25024.147058823528,-38045231.322542846,,,,,,,
6.846937129497519,0.5593507595469667,0.08710447830422068,-0.7263661841956434,0.0,737.6582886073204,-126.2635084811187,23,36952,882000,0.0003,-362475904.0,0.05000000074505806,617667970990080.0,80639400.0,872001,25024.147058823528,-38045231.322542846,,,,,,,
7.9151080024242395,0.44373709536052397,-0.19263825325414075,-0.7828455358654333,0.0,822.0231998566396,230.96215795826862,23,37017,884000,0.0003,-343048064.0,0.05000000074505806,784451751641088.0,168755696.0,874001,25024.147058823528,-38045231.322542846,,,,,,,
8.977485311627374,0.386289681413684,0.1590435132474165,-0.8196144825087212,0.0,874.7425389908702,-200.11762989692164,23,37082,886000,0.0003,-384854144.0,0.05000000074505806,622842131513344.0,103030976.0,876001,25024.147058823528,-38045231.322542846,,,,,,,
4.41050194680692,0.5895515089394469,0.009536410132342358,-0.6927386401987875,0.0,688.202550030616,-20.767203762750977,23,37148,888000,0.0003,-388978400.0,0.05000000074505806,1419833778372608.0,188495184.0,878001,25024.147058823528,-38045231.322542846,,,,,,,
9.327407505512248,0.3648451364913533,-0.18233027727235385,-0.8174063213777653,0.0,865.6601256907361,225.18541448143353,23,37213,890000,0.0003,-377938784.0,0.05000000074505806,2043793473798144.0,378155808.0,880001,25024.147058823528,-38045231.322542846,,,,,,,
6.590565500855449,0.26584823659001083,0.4125172797421335,-0.8673318146681974,0.0,1001.0309243246033,-239.22853075716333,23,37278,892000,0.0003,-341042112.0,0.05000000074505806,931276550832128.0,171698752.0,882001,25452.02857142857,-37885400.69814857,,,,,,,
8.062320827245717,0.44410668512056206,0.059600883285942,-0.8264051381772926,0.0,889.5828643965986,-103.68320006553076,23,37343,894000,0.0003,-341148928.0,0.05000000074505806,1090408847245312.0,261633584.0,884001,25452.02857142857,-37885400.69814857,,,,,,,
7.239004397392291,0.524870230717962,0.0606059717875154,-0.775860233089749,0.0,811.0831294275514,-90.44741763639881,23,37408,896000,0.0003,-356620320.0,0.05000000074505806,1249524098007040.0,77111008.0,886001,25452.02857142857,-37885400.69814857,,,,,,,
8.04335883140564,0.45101076506760207,-0.13865201495910584,-0.8090851344562882,0.0,862.5147571363252,170.98320387676685,23,37474,898000,0.0003,-377686496.0,0.05000000074505806,409862253051904.0,569551424.0,888001,25452.02857142857,-37885400.69814857,,,,,,,
8.283063460588481,0.38862931753724345,0.08397942282924677,-0.8479576089387195,0.0,926.0840263887447,-93.85738723983798,,,900000,0.0003,-337290080.0,0.05000000074505806,512466907824128.0,66700304.0,890000,,,0.02935937500000002,0.0,40000.0,-37221.07138858444,3237.487013654162,0.0,0.0
,,,,,,,23,38654,900000,0.0003,-379212800.0,0.05000000074505806,693172824965120.0,112102824.0,890001,25452.02857142857,-37885400.69814857,,,,,,,
5.327662401199341,0.516859129735311,-0.005264402751406841,-0.7792428132806741,0.0,820.7969404533117,-13.769748825909799,23,38720,902000,0.0003,-341005600.0,0.05000000074505806,1094881250377728.0,99822224.0,892001,25452.02857142857,-37885400.69814857,,,,,,,
7.142063196897517,0.31108290534446187,-0.14551303338299737,-0.8695132133583512,0.0,949.8694151867326,144.18961206125263,23,38786,904000,0.0003,-313100064.0,0.05000000074505806,1553136678338560.0,244396592.0,894001,25452.02857142857,-37885400.69814857,,,,,,,
8.723746892809853,0.4175432131659546,0.21927720105260556,-0.8070957092486666,0.0,865.5799801966741,-262.6218692375332,23,38852,906000,0.0003,-339690784.0,0.05000000074505806,1531853102120960.0,341117856.0,896001,25452.02857142857,-37885400.69814857,,,,,,,
4.909221758842463,0.5079510145401938,-0.13867453256896278,-0.7395919977997129,0.0,750.410470632061,107.23940406983745,23,38918,908000,0.0003,-313896448.0,0.05000000074505806,1553865212166144.0,149004672.0,898001,25452.02857142857,-37885400.69814857,,,,,,,
6.713789941072462,0.24441567971386663,-0.12977428938781896,-0.8567617795825668,0.0,919.4472716083097,160.0094912884386,23,38984,910000,0.0003,-323433600.0,0.05000000074505806,1804255631507456.0,217611968.0,900001,25452.02857142857,-37885400.69814857,,,,,,,
8.128314024806034,0.43463467196473443,0.31888408423455417,-0.7355468735062178,0.0,762.885453338108,-401.0396204405022,23,39050,912000,0.0003,-265297440.0,0.05000000074505806,854458175062016.0,204748240.0,902001,25452.02857142857,-37885400.69814857,,,,,,,
3.8298188674449936,0.5327661143499917,-0.21336187067877177,-0.6509710643885753,0.0,630.0183217875198,147.1132082903639,23,39116,914000,0.0003,-248809120.0,0.05000000074505806,1247743431409664.0,164921600.0,904001,25452.02857142857,-37885400.69814857,,,,,,,
1.8263904333114658,0.009796451849497154,-0.569866013679663,-0.7919805310830476,0.0,960.5785190387214,128.867903916351,23,39182,916000,0.0003,-294759424.0,0.05000000074505806,1299006684659712.0,293232512.0,906001,25452.02857142857,-37885400.69814857,,,,,,,
-3.050483388900765,0.09471949512744345,-0.5196842550610862,-0.3838385410879658,0.0,612.8632478113173,-193.22729371947733,23,39247,918000,0.0003,-280902016.0,0.05000000074505806,411585575124992.0,64314432.0,908001,25452.02857142857,-37885400.69814857,,,,,,,
10.10851218163968,0.44652656179586775,-0.49331549807653347,-0.5785817351023638,0.0,1252.6904813076717,1342.59273145557,23,39313,920000,0.0003,-298369696.0,0.05000000074505806,486837898444800.0,72137528.0,910001,25554.166666666668,-38645622.29874225,,,,,,,
6.299667356610302,0.32508334416220686,0.3373991799404791,-0.8596699299779547,0.0,983.1578786109197,-393.50080354915923,23,39378,922000,0.0003,-229197184.0,0.05000000074505806,1085696194379776.0,198233920.0,912001,25554.166666666668,-38645622.29874225,,,,,,,
4.957060248851787,0.46211106152548204,-0.1124136854879719,-0.7934577688530376,0.0,831.0102414389943,90.25279597244894,23,39444,924000,0.0003,-272529920.0,0.05000000074505806,2115681562656768.0,325060416.0,914001,25554.166666666668,-38645622.29874225,,,,,,,
5.86010457336903,0.21032715410342598,-0.11784214304880793,-0.8932055195484818,0.0,992.8225106535518,154.82827862807414,23,39509,926000,0.0003,-233180528.0,0.05000000074505806,527522982789120.0,86861496.0,916001,25554.166666666668,-38645622.29874225,,,,,,,
7.327126338481902,0.41531374120066195,0.2571714519525568,-0.788234472752748,0.0,838.5051979491938,-334.7066704324447,23,39574,928000,0.0003,-276659712.0,0.05000000074505806,673848894685184.0,141481696.0,918001,25554.166666666668,-38645622.29874225,,,,,,,
5.531384720206259,0.4396245131730848,-0.16185779137218073,-0.7572458040082184,0.0,761.6200833196298,123.88222270477313,23,39639,930000,0.0003,-246426192.0,0.05000000074505806,1591728435888128.0,186105824.0,920001,25554.166666666668,-38645622.29874225,,,,,,,
6.1688981729745835,0.20386184890066916,0.020130979344269575,-0.855080993547795,0.0,935.8314272335367,58.5001630447639,23,39704,932000,0.0003,-256753264.0,0.05000000074505806,1699617611710464.0,388775392.0,922001,25554.166666666668,-38645622.29874225,,,,,,,
5.996202353835105,0.5661000733415429,0.2319469204699188,-0.6331047643561865,0.0,615.0387064716974,-348.27857286209746,23,39769,934000,0.0003,-270737248.0,0.05000000074505806,2942120243494912.0,404494752.0,924001,25554.166666666668,-38645622.29874225,,,,,,,
6.522011352181436,0.45262701874764033,-0.2885737452027898,-0.6448024892106281,0.0,605.9816479153592,173.72387423851353,23,39833,936000,0.0003,-232077504.0,0.05000000074505806,717680445227008.0,98797536.0,926001,25554.166666666668,-38645622.29874225,,,,,,,
7.085018393993382,0.23749508787454768,0.19711638060909512,-0.7420150875554196,0.0,777.7480813767324,-207.19166696496828,23,39898,938000,0.0003,-282388224.0,0.05000000074505806,3550809182699520.0,603164096.0,928001,25554.166666666668,-38645622.29874225,,,,,,,
4.995699735879904,0.6749353167371578,0.0994035107835305,-0.4048251017834224,0.0,351.4311440521374,-213.32403089484123,23,39963,940000,0.0003,-249170368.0,0.05000000074505806,895306065510400.0,171314544.0,930001,25554.166666666668,-38645622.29874225,,,,,,,
0.9428642034530629,0.4783750285209584,-0.35520690749049777,-0.3314146606530386,0.0,265.1827229213445,45.80777582402941,23,40027,942000,0.0003,-290964096.0,0.05000000074505806,657134962343936.0,110652760.0,932001,25554.166666666668,-38645622.29874225,,,,,,,
6.23778246939183,0.13703735624988123,0.014774237221200635,-0.48115531658478317,0.0,308.2473945075993,27.777224571164925,23,40092,944000,0.0003,-244146624.0,0.05000000074505806,1793461036515328.0,381721280.0,934001,25554.166666666668,-38645622.29874225,,,,,,,
14.549271438121796,0.4031744483057796,0.15783731014167413,-0.36043875630244904,0.0,267.79773781272957,-88.47249268194953,23,40156,946000,0.0003,-261422336.0,0.05000000074505806,1077766812336128.0,128936040.0,936001,25554.166666666668,-38645622.29874225,,,,,,,
-2.620541928410531,0.3400544479362876,-0.1938064188954477,-0.37930057896092045,0.0,236.7250396217237,-62.41796083559963,23,40221,948000,0.0003,-260142944.0,0.05000000074505806,2717014565060608.0,418925376.0,938001,25554.166666666668,-38645622.29874225,,,,,,,
4.804376412034024,0.09389215261955088,-0.05895986679823272,-0.391181157709007,0.0,189.72914488764428,-20.06459566976665,23,40286,950000,0.0003,-256937872.0,0.05000000074505806,1304505584975872.0,110572072.0,940001,25554.166666666668,-38645622.29874225,,,,,,,
10.732564129829406,0.290406504178235,0.23817343670483043,-0.3120295493152046,0.0,200.8747170657226,32.608287188759476,23,40351,952000,0.0003,-161644800.0,0.05000000074505806,8.917378603679744e+16,4042550016.0,942001,25554.166666666668,-38645622.29874225,,,,,,,
1.0130180257558747,0.38393300118721374,-0.08139217065914361,-0.3347314647831198,0.0,215.97963970423936,-27.752050133857832,23,40415,954000,0.0003,-264178784.0,0.05000000074505806,1239157791784960.0,170684448.0,944001,25554.166666666668,-38645622.29874225,,,,,,,
-3.3579542464017864,0.001037176355151404,-0.26692486678462846,-0.2524104520778488,0.0,124.4728968498462,-128.57134984795786,23,40480,956000,0.0003,-274176736.0,0.05000000074505806,708421301043200.0,115345256.0,946001,25554.166666666668,-38645622.29874225,,,,,,,
1.6782325941324232,-0.034182708609014324,0.1708000998165855,-0.22242626392495932,0.0,78.29433419807191,35.831049890753455,23,40544,958000,0.0003,-230426544.0,0.05000000074505806,1110125431488512.0,249843328.0,948001,25554.166666666668,-38645622.29874225,,,,,,,
14.487318650484081,0.28414220696316816,0.1446668490858036,-0.1674982552369738,0.0,175.17343766506016,201.71043432100467,23,40608,960000,0.0003,-208948944.0,0.05000000074505806,855829746024448.0,119037920.0,950001,25944.594594594593,-38128384.77327192,,,,,,,
5.0912870234251075,0.2971925174000682,0.29073159465618237,-0.9158488722343238,0.0,1084.6095177037482,-307.3766929381712,23,40672,962000,0.0003,-232867456.0,0.05000000074505806,1164788419788800.0,284554336.0,952001,25944.594594594593,-38128384.77327192,,,,,,,
5.2196090030670135,0.3920765456300231,-0.11810976060500429,-0.8820074212783919,0.0,992.5699057807743,95.77498497795612,23,40736,964000,0.0003,-244019504.0,0.05000000074505806,2260207749038080.0,522752736.0,954001,25944.594594594593,-38128384.77327192,,,,,,,
4.536616491079321,0.17729182000107382,-0.0667604821874825,-0.9512523186660012,0.0,1104.7699765611262,104.22254713873843,23,40799,966000,0.0003,-263535344.0,0.05000000074505806,734745021382656.0,87749456.0,956001,25944.594594594593,-38128384.77327192,,,,,,,
6.454192011952403,0.38529922602622413,0.21947460069376556,-0.8656335929898326,0.0,976.1334306104116,-279.85443806653996,23,40864,968000,0.0003,-207653568.0,0.05000000074505806,1.7010256630513664e+16,1353446784.0,958001,25944.594594594593,-38128384.77327192,,,,,,,
4.746130884885777,0.38027381839832647,-0.18350382387742056,-0.8552070488171337,0.0,941.1236316383076,159.43141837728206,23,40927,970000,0.0003,-196753120.0,0.05000000074505806,501085747806208.0,89941208.0,960001,25944.594594594593,-38128384.77327192,,,,,,,
4.6092853367328575,0.19317183483476977,0.1690844259387953,-0.9023475021903121,0.0,1066.4493368695314,-192.9107597023316,23,40991,972000,0.0003,-215298400.0,0.05000000074505806,1405550596194304.0,289596448.0,962001,25944.594594594593,-38128384.77327192,,,,,,,
6.057637829780582,0.4276233327782029,-0.16161577699574892,-0.8025186870118628,0.0,857.3356286245097,84.65217592982827,23,41055,974000,0.0003,-205217696.0,0.05000000074505806,723882378002432.0,121869928.0,964001,25944.594594594593,-38128384.77327192,,,,,,,
5.9980907189846,0.2904112055474374,0.018728936901998474,-0.8230240457481203,0.0,871.8334478612517,-35.36356801482394,23,41118,976000,0.0003,-186605504.0,0.05000000074505806,4384109342228480.0,579636224.0,966001,25944.594594594593,-38128384.77327192,,,,,,,
11.233534181714058,0.49216758714428993,0.3099660133057574,-0.6701220986671026,0.0,717.7520839076388,-428.14963258099607,23,41182,978000,0.0003,-163638176.0,0.05000000074505806,527422621483008.0,107740440.0,968001,25944.594594594593,-38128384.77327192,,,,,,,
0.38409338295459394,0.520323537537992,-0.3110699634474949,-0.48983805170177847,0.0,430.5504448212643,-132.16481174260676,23,41246,980000,0.0003,-178305600.0,0.05000000074505806,1014856748630016.0,179181264.0,970001,25944.594594594593,-38128384.77327192,,,,,,,
7.995978754758833,0.2146103019285289,-0.019927953986253237,-0.5409417574448351,0.0,369.2566739910098,74.72052976193953,23,41310,982000,0.0003,-166659392.0,0.05000000074505806,756602781040640.0,159643648.0,972001,25944.594594594593,-38128384.77327192,,,,,,,
14.412549090385427,0.49167279836833166,0.17199776491980806,-0.40834828947540175,0.0,352.55517835070685,-58.363632730223706,23,41374,984000,0.0003,-207983056.0,0.05000000074505806,8137536023035904.0,86134112.0,974001,25944.594594594593,-38128384.77327192,,,,,,,
0.17060670793056368,0.3758787410955604,-0.15658594360323883,-0.4648496003181955,0.0,322.79420456615316,-65.86484897582835,23,41438,986000,0.0003,-209576720.0,0.05000000074505806,3469490419400704.0,619471040.0,976001,25944.594594594593,-38128384.77327192,,,,,,,
7.913436660766589,0.2032521086481162,0.0032447985186354546,-0.5026254005537694,0.0,324.1995668332355,105.02926008229996,23,41502,988000,0.0003,-233463216.0,0.05000000074505806,1565131179819008.0,149349392.0,978001,25944.594594594593,-38128384.77327192,,,,,,,
14.105384205579755,0.47165908195053957,0.12482413276483631,-0.3991358900034515,0.0,326.0259373669755,-32.562540523847495,23,41566,990000,0.0003,-250066656.0,0.05000000074505806,2273791119982592.0,114944040.0,980001,25944.594594594593,-38128384.77327192,,,,,,,
0.14546933114528035,0.35755129529492846,-0.1327050053983226,-0.47946674550559715,0.0,337.12410208988695,-58.478030548843236,23,41630,992000,0.0003,-178085120.0,0.05000000074505806,4231812754702336.0,589973888.0,982001,25944.594594594593,-38128384.77327192,,,,,,,
7.721313507556925,0.2056192578063305,0.020050160032987777,-0.5102059970252235,0.0,334.0399964666141,93.43102026366316,23,41694,994000,0.0003,-277771968.0,0.05000000074505806,472136628043776.0,141384080.0,984001,25944.594594594593,-38128384.77327192,,,,,,,
13.948558872342103,0.47022379683778565,0.12003512532684159,-0.41620908460210226,0.0,330.65390957597157,-26.396005805658234,23,41758,996000,0.0003,-249044688.0,0.05000000074505806,976900981784576.0,144074832.0,986001,25944.594594594593,-38128384.77327192,,,,,,,
0.11037372648716182,0.3769431012811459,-0.13483326476007104,-0.48344094886248506,0.0,349.11826404017495,-55.254057153796126,23,41822,998000,0.0003,-219452880.0,0.05000000074505806,1125915073445888.0,159558000.0,988001,25944.594594594593,-38128384.77327192,,,,,,,
8.154420565366713,0.20751635465794402,0.014540958292686175,-0.530344789442598,0.0,364.90927133687666,176.70319782698684,,,1000000,0.0003,-252961760.0,0.05000000074505806,845390492467200.0,127796256.0,990000,,,0.02935937500000002,0.0,40000.0,-38318.9699102984,5502.966074794959,0.0,0.0
,,,,,,,23,42986,1000000,0.0003,-270054400.0,0.05000000074505806,313711524839424.0,85704752.0,990001,26314.473684210527,-37780469.87539361,,,,,,,
