rollout/acrobot_xk_applied_torque,rollout/acrobot_xk_elbow_norm,rollout/acrobot_xk_elbow_rate_norm,rollout/acrobot_xk_energy_error_norm,rollout/acrobot_xk_homoclinic_capture,rollout/acrobot_xk_lyapunov,rollout/acrobot_xk_lyapunov_rate,time/fps,time/time_elapsed,time/total_timesteps,train/learning_rate,train/actor_loss,train/alpha,train/alpha_loss,train/critic_loss,train/fraction,train/n_updates,rollout/ep_len_mean,rollout/ep_rew_mean,eval/best_strict_capture_mean_max_duration,eval/best_strict_capture_success_rate,eval/mean_ep_length,eval/mean_reward,eval/std_reward,eval/strict_capture_mean_max_duration,eval/strict_capture_success_rate
-0.12759851846285108,0.0355811028271301,0.04275554759571924,-0.9622313641607861,0.0,1199.5424215369856,595.501611456018,2129,0,2000,0.0003,,,,,,,,,,,,,,,
0.10821273192018273,0.03976372162128082,0.06810158301871941,-0.9286582292999124,0.0,1251.9690964128588,84.36876899375807,2158,1,4000,0.0003,,,,,,,,,,,,,,,
0.5374812981951991,-0.006432356986084943,-0.00834364017123558,-0.939825400290662,0.0,1277.3347710687738,51.370317322626704,2166,2,6000,0.0003,,,,,,,,,,,,,,,
-0.10523901435430157,-0.06595926789648943,0.054459440153944445,-0.9403622662689778,0.0,1272.7504559049928,65.07855661270405,2174,3,8000,0.0003,,,,,,,,,,,,,,,
-0.40184777692146906,-0.1455240818439861,-0.3705345869043538,-0.8825768774741896,0.0,1205.1982720581077,238.2686122183326,1412,7,10000,0.0003,0.053041066974401474,1.0,-0.0,3114753.0,91.5213851928711,1,,,,,,,,,
-0.39571870613098215,-0.020434509123020535,0.3165889670998931,-0.9414036510129441,0.0,1185.508010891188,-83.21232074608466,160,74,12000,0.0003,23808.486328125,1.5677828788757324,-0.4074854254722595,197036.3125,2361.036865234375,2001,,,,,,,,,
5.545852647781365,0.3821694307054257,0.2675802382958013,-0.8529853449817482,0.0,953.2553631160748,-268.31915699873383,96,144,14000,0.0003,89600.3515625,2.563413143157959,-1.5353044271469116,125800.40625,2352.697998046875,4001,,,,,,,,,
14.741360406875607,0.5644981971062266,0.38642311499082926,-0.6208176860917954,0.0,743.4333538981273,-122.84497458016506,74,214,16000,0.0003,108729.609375,5.277914047241211,-5.72412109375,485751.5625,5603.52978515625,6001,,,,,,,,,
0.5504822196960507,-0.42167365205574747,0.35491166467529794,-0.05252420846787907,0.0,916.9594157992269,129.59451848893883,63,283,18000,0.0003,98139.5078125,9.34697151184082,-4.737777233123779,410821.53125,3531.661376953125,8001,,,,,,,,,
-16.06793441390985,-0.3707500273496486,0.24602461176302134,-0.08955082922090535,0.0,996.5930111955013,485.0755240997229,56,353,20000,0.0003,114781.1328125,15.69432258605957,-4.724686145782471,883605.4375,6339.31005859375,10001,,,,,,,,,
3.8309678287506106,0.0008734465132562188,0.11884877722093942,-0.3460548828963384,0.0,1401.7678276319596,269.2351695837437,51,423,22000,0.0003,138863.484375,23.831666946411133,-0.28832125663757324,1542975.375,5250.3828125,12001,,,,,,,,,
1.9568227519988992,0.05725150520876329,-0.26908698549932614,-0.3127319325230124,0.0,1463.4247505484398,-382.8527177138176,48,491,24000,0.0003,197353.5,26.046897888183594,-0.5279741287231445,2495239.5,12666.955078125,14001,,,,,,,,,
-7.342290306091305,-0.31071361272847525,0.011195482491335831,-0.3231647666892243,0.0,1017.3632271859443,14.141402646853779,46,560,26000,0.0003,233053.5625,41.694644927978516,-0.7470434308052063,16371841.0,18510.94921875,16001,,,,,,,,,
-1.7639621353149366,-0.2327145993691989,-0.7957584071048558,-0.2187928757422402,0.0,1013.8451465857785,-386.04003452189926,44,628,28000,0.0003,204154.171875,78.12642669677734,-0.9016683101654053,6518241.5,10830.6181640625,18001,,,,,,,,,
11.67741862487793,0.4901320304776129,-0.13020176444513717,-0.7865545359428371,0.0,828.8780256325255,119.36360513575734,43,697,30000,0.0003,192931.953125,75.5488510131836,0.42527008056640625,4655450.0,9326.99609375,20001,,,,,,,,,
-1.1090405101776137,0.15898518079196697,-0.5644973219445486,-0.8336674828237941,0.0,1035.1003895479869,226.39348922574598,41,765,32000,0.0003,194030.09375,55.685516357421875,0.3516785502433777,5925593.0,10105.861328125,22001,,,,,,,,,
-3.473784471511848,-0.5569551683587884,0.23576723391935725,-0.03796075322273724,0.0,539.7963126877327,-1002.4083291551417,40,834,34000,0.0003,177353.390625,90.34587860107422,-2.736172676086426,18163782.0,23116.443359375,24001,,,,,,,,,
-5.06625665473938,-0.13731176745529292,-0.03774152930024397,0.04865144145711643,0.0019999999999999974,132.2055239244506,52.32264811035592,39,902,36000,0.0003,144683.734375,103.85248565673828,0.31624650955200195,13338615.0,15086.5400390625,26001,,,,,,,,,
9.742486785888671,0.2624322950115719,0.7965115090569701,0.3092672874122384,0.0,683.5608478932519,2168.150876104416,39,971,38000,0.0003,146641.59375,68.24102020263672,-0.3341006636619568,14814244.0,21381.427734375,28001,,,,,,,,,
-41.297416696548446,-0.710170022524356,0.3965153469683728,0.4371749276855378,0.0,891.9319467138654,-1284.4384490870052,38,1040,40000,0.0003,137831.984375,83.15440368652344,-0.015325680375099182,27583056.0,22174.67578125,30001,40000.0,-40020836.340467,,,,,,,
1.1228685836791978,0.14337380711520487,-0.11435586261619962,-0.912615608854278,0.0,1224.6143883339905,-12.728465645330006,37,1108,42000,0.0003,142779.15625,81.92144012451172,-0.5646268129348755,15989322.0,12844.677734375,32001,40000.0,-40020836.340467,,,,,,,
-4.544676254272464,-0.2553297687576842,-0.03818337067097657,-0.9247347039487517,0.0,1057.917525171304,-27.9017220806424,37,1177,44000,0.0003,134591.296875,90.9101791381836,-0.7572504281997681,16194467.0,14783.880859375,34001,40000.0,-40020836.340467,,,,,,,
3.3365453395843527,0.17712295723459653,0.6077619494387233,-0.829264117253488,0.0,1063.7208271639852,-425.03269297914994,36,1246,46000,0.0003,132056.484375,70.33833312988281,-0.04860134422779083,8323464.0,10801.7119140625,36001,40000.0,-40020836.340467,,,,,,,
-5.176162158966086,0.0684838096292741,0.2691776589826251,-0.4996088314308743,0.0,669.6634721720147,96.13733837667019,36,1314,48000,0.0003,149694.421875,89.51786041259766,0.024964742362499237,12719646.0,14050.05859375,38001,40000.0,-40020836.340467,,,,,,,
0.4014793281555128,0.3901825459718684,0.030615230996353764,0.15119885838266012,0.0,816.0680664330782,196.70984668707146,36,1383,50000,0.0003,140260.625,118.2621078491211,-1.6663883924484253,17056520.0,27271.970703125,40001,40000.0,-40020836.340467,,,,,,,
-8.818320352554325,-0.5729771726661157,0.4573605973983409,-0.09424752119015108,0.0,756.0698455830209,343.5208936226836,35,1452,52000,0.0003,125583.546875,115.31090545654297,0.8767748475074768,21173472.0,13413.615234375,42001,40000.0,-40020836.340467,,,,,,,
-5.108018785476685,-0.17532329172624472,-0.10573557449924936,-0.39730472273371836,0.0,1270.2308688118917,-250.2695440764769,35,1520,54000,0.0003,129246.78125,69.42064666748047,0.4161848723888397,17091162.0,16069.4482421875,44001,40000.0,-40020836.340467,,,,,,,
-22.775140369415308,-0.5991914846284687,-0.32334814118687855,0.04856350623753947,0.0,995.1238413285383,286.5869981326994,35,1588,56000,0.0003,138537.375,95.99034118652344,-0.2836146950721741,27254910.0,24977.55859375,46001,40000.0,-40020836.340467,,,,,,,
-26.991104097366296,-0.44452154244856806,0.7129495752885211,0.20431300348713516,0.0,1211.4149141727034,408.4080749283678,35,1656,58000,0.0003,141620.25,100.70543670654297,-0.6789247989654541,28058158.0,22550.5078125,48001,40000.0,-40020836.340467,,,,,,,
-6.006067058563224,0.1082887623263852,-0.37608173904151276,-0.05442470327269702,0.0,2378.04229398802,-519.482175125773,34,1725,60000,0.0003,154665.109375,79.63178253173828,-0.10010265558958054,14465176.0,11498.0185546875,50001,40000.0,-40020836.340467,,,,,,,
-10.286694334030148,-0.5914210738646779,-0.18639426965991004,-0.13137371335433404,0.0,743.0400067189203,-375.70473725005877,34,1794,62000,0.0003,155440.1875,112.38168334960938,0.6720447540283203,19828428.0,16714.173828125,52001,40000.0,-40020836.340467,,,,,,,
-17.36723690605165,-0.43240300349289246,0.024889571811522418,-0.18402277409859671,0.0,908.2080285488389,-23.577701656010866,34,1863,64000,0.0003,166435.578125,106.8096923828125,-0.9753648042678833,13029390.0,15202.38671875,54001,40000.0,-40020836.340467,,,,,,,
-2.973420909881592,-0.5164257040421035,0.04328890634963242,0.004716185002273073,0.0,676.8643510028184,73.47526082680203,34,1932,66000,0.0003,113694.6328125,227.80905151367188,-1.7292442321777344,26606468.0,18206.951171875,56001,40000.0,-40020836.340467,,,,,,,
-17.64610141181946,-0.38498939070585336,0.11656971739240289,-0.2256990962560142,0.0,883.846231663989,304.6581878474231,33,2001,68000,0.0003,81780.8203125,207.41539001464844,1.2288682460784912,33548576.0,19835.142578125,58001,40000.0,-40020836.340467,,,,,,,
4.26580995559693,0.05160798243227498,-0.821783179055632,-0.029489600121732327,0.0,1171.081660901359,-415.63471553045497,33,2071,70000,0.0003,111160.1640625,132.64320373535156,-0.34020453691482544,25280366.0,20218.6015625,60001,40000.0,-40020836.340467,,,,,,,
11.085674175262454,0.2643105032742629,-2.447118985327428,1.7582060665570098,0.0,15471.682785830122,4069.5605614565516,33,2141,72000,0.0003,105207.390625,172.29383850097656,-1.3049306869506836,163907200.0,58062.38671875,62001,40000.0,-40020836.340467,,,,,,,
44.673204315185544,0.39275484239766534,1.598886154734481,0.6811593193377958,0.0,6158.999048459543,4737.566427611706,33,2211,74000,0.0003,94081.421875,288.9451599121094,0.23939676582813263,823841792.0,333260.5,64001,40000.0,-40020836.340467,,,,,,,
-0.3796282558441157,0.21853779543358332,1.004350925093575,-0.2543979950716445,0.0,1310.5583884794978,-8567.841581080758,33,2282,76000,0.0003,67933.7890625,293.51104736328125,-0.3636552095413208,708262720.0,123572.8515625,66001,40000.0,-40020836.340467,,,,,,,
5.551701602935789,0.6770860806444817,0.1096369050234897,-0.12584300796820008,0.0,188.1796053448193,421.35141995960856,33,2353,78000,0.0003,64303.4140625,234.6115264892578,-0.15026360750198364,176395920.0,78938.34375,68001,40000.0,-40020836.340467,,,,,,,
-23.47513046836853,-0.42606011710496133,0.4299468639302889,0.15054691254804384,0.0,1021.7063952520153,80.52980697175938,32,2425,80000,0.0003,52910.171875,265.066650390625,-1.1436718702316284,488008640.0,169798.234375,70001,40000.0,-59987450.71559399,,,,,,,
-3.4024178752899163,-0.1545873870764496,-0.1562845340276315,-0.95725761669232,0.0,1228.7871308225647,232.25837236018,32,2498,82000,0.0003,18037.943359375,285.4670715332031,0.37984052300453186,953667392.0,313667.21875,72001,40000.0,-59987450.71559399,,,,,,,
-3.28375691986084,-0.41660135732408093,-0.2770060206695099,-0.8313851024824418,0.0,1101.3853612058995,-454.2409975786571,32,2571,84000,0.0003,10827.8232421875,280.49505615234375,0.10339242964982986,338740160.0,98750.046875,74001,40000.0,-59987450.71559399,,,,,,,
-2.58751540184021,-0.39980889836836964,0.370942282706994,-0.7884104934245454,0.0,1184.9462424795186,536.4955659395963,32,2644,86000,0.0003,-23111.15625,277.6298828125,0.2647395431995392,1569079936.0,428984.84375,76001,40000.0,-59987450.71559399,,,,,,,
-2.6547394485473608,-0.2856330746768137,-0.20337949953332368,-0.8721687591712141,0.0,1277.769526528784,-158.241399459887,32,2717,88000,0.0003,-24849.177734375,253.36715698242188,1.1935203075408936,1692098688.0,337993.09375,78001,40000.0,-59987450.71559399,,,,,,,
1.6567220134735106,-0.35126718292326825,0.028569525972583602,-0.8400906233110015,0.0,1208.9747078248483,329.70804432346483,32,2790,90000,0.0003,-45610.63671875,225.04745483398438,-0.510625422000885,229680864.0,80863.1484375,80001,40000.0,-59987450.71559399,,,,,,,
-2.2892750282287597,-0.3276396320300914,-0.06762877750129884,-0.8661550595898426,0.0,1226.8102655534553,-190.1329462962429,32,2864,92000,0.0003,-35172.63671875,208.30137634277344,0.15390406548976898,172267008.0,65184.54296875,82001,40000.0,-59987450.71559399,,,,,,,
-7.081545724868771,-0.4003772419386288,0.0002211926924569611,-0.8473784302790133,0.0,1115.3254311009123,-135.21456986092696,31,2938,94000,0.0003,-42098.2109375,170.20350646972656,0.6620389223098755,159515424.0,52706.95703125,84001,40000.0,-59987450.71559399,,,,,,,
-7.5574239730834885,-0.4087773944259083,0.0304852611213118,-0.8941621311359371,0.0,1044.7185825385613,75.09538640617065,31,3013,96000,0.0003,-29274.673828125,180.89564514160156,-0.0873962938785553,281419072.0,117391.9609375,86001,40000.0,-59987450.71559399,,,,,,,
-5.4904804649353025,-0.39117870769219637,-0.01561212194891213,-0.8861671461621891,0.0,1081.8660369445845,-2.3205345663058035,31,3088,98000,0.0003,-27300.193359375,170.49024963378906,-0.09792663156986237,321382144.0,185232.328125,88001,40000.0,-59987450.71559399,,,,,,,
-0.18972595405578158,-0.3209987027737453,-0.009293032662124247,-0.8692715376505401,0.0,1248.4175191505817,35.848097925042325,,,100000,0.0003,-11346.73046875,202.4237518310547,0.4993879199028015,216357216.0,146954.15625,90000,,,0.0,0.0,40000.0,-96365.50628812629,37173.057674295276,0.0,0.0
,,,,,,,23,4321,100000,0.0003,6257.87939453125,202.39344787597656,-0.844037652015686,528879616.0,205426.546875,90001,40000.0,-59987450.71559399,,,,,,,
-3.337016376495359,-0.25940929104980287,0.01978868989388817,-0.8856423055919352,0.0,1338.0665194738742,124.81371812832755,23,4392,102000,0.0003,-12436.611328125,217.19839477539062,-0.6376117467880249,129480096.0,75398.8984375,92001,40000.0,-59987450.71559399,,,,,,,
-1.4648418216705328,-0.24216941666678407,0.18050907924245266,-0.8911050488778515,0.0,1348.6769415754663,750.444680923946,23,4465,104000,0.0003,-12341.890625,214.26043701171875,-0.02465343475341797,1356548864.0,280386.46875,94001,40000.0,-59987450.71559399,,,,,,,
2.421385873794554,-0.08772194775857396,0.3104047061351815,-0.9045010308811239,0.0,1280.7985940040633,-520.3268629649156,23,4540,106000,0.0003,-8747.44921875,200.9892120361328,-0.4422634541988373,514361952.0,181468.390625,96001,40000.0,-59987450.71559399,,,,,,,
6.538121353149416,0.41563809382136063,0.12234087036841108,-0.8917848200847864,0.0,1015.0741442175853,-129.21267468347668,23,4614,108000,0.0003,-63688.4375,257.0259704589844,0.009848199784755707,79082768.0,31567.919921875,98001,40000.0,-59987450.71559399,,,,,,,
13.45679452514649,0.589168520182281,0.24910256847275639,-0.7767549378393735,0.0,891.8495858452837,-189.88292433380184,23,4689,110000,0.0003,-83356.9296875,401.2669982910156,-1.1553771495819092,266737760.0,65425.92578125,100001,40000.0,-59987450.71559399,,,,,,,
-0.9607320003509554,-0.4433687476055582,0.2652650256706267,0.10217552877997951,0.0,1222.464667411761,1.8226366766738111,23,4763,112000,0.0003,-244652.171875,950.6824951171875,-6.373137474060059,1453842688.0,183752.296875,102001,40000.0,-59987450.71559399,,,,,,,
-8.745727327346783,-0.4212627292490776,0.13717224897661068,-0.5004819081038452,0.0,1632.139026219424,419.75989201548373,23,4838,114000,0.0003,-854501.875,2017.905029296875,-10.174216270446777,17405038592.0,409946.65625,104001,40000.0,-59987450.71559399,,,,,,,
-8.672862346649167,-0.4201595490301845,0.21196520816247794,-0.7159792784328349,0.0,1392.169123921759,591.7182324341967,23,4912,116000,0.0003,-1454414.25,3034.13037109375,-2.574960231781006,34212147200.0,1361395.875,106001,40000.0,-59987450.71559399,,,,,,,
-2.61124845123291,-0.06863576091744977,-0.09052535627860558,-0.728861129496355,0.0,2049.9412298764605,266.95611035088154,23,4986,118000,0.0003,-1846655.625,3623.363525390625,-0.21454887092113495,14179297280.0,646606.75,108001,40000.0,-59987450.71559399,,,,,,,
4.775090593338015,-0.7656399322661565,-0.2055430104099237,-0.21103278000579132,0.0,675.6673072676792,-874.6069534736458,23,5060,120000,0.0003,-2148046.5,3083.392822265625,0.44609567523002625,8769212416.0,421120.4375,110001,40000.0,-56368865.77303799,,,,,,,
5.093350307464591,0.2322089506398523,0.31506070723599316,-0.9367057094671354,0.0,1114.5862840925795,-136.01414637654088,23,5134,122000,0.0003,-2344470.75,2869.8447265625,0.10820448398590088,6630633472.0,361349.1875,112001,40000.0,-56368865.77303799,,,,,,,
2.3437932624816886,0.4976923880808861,-0.2970707020984625,-0.7539364052255915,0.0,1003.7215414096337,380.6930328420603,23,5209,124000,0.0003,-2800691.5,3400.557861328125,0.22705096006393433,14350923776.0,450102.15625,114001,40000.0,-56368865.77303799,,,,,,,
-15.620557348251356,-0.3448131928175867,-0.7911251876583149,-0.5480440100257641,0.0,1048.593126301161,1399.2994142448445,23,5284,126000,0.0003,-3528127.5,4089.314208984375,-0.7408273220062256,15403053056.0,377957.53125,116001,40000.0,-56368865.77303799,,,,,,,
14.615561895370465,0.2880445781833971,-0.5862893959750123,-0.6667927298025077,0.0,1824.6867522935222,-342.9230391183293,23,5359,128000,0.0003,-4193847.25,4199.91357421875,0.29320091009140015,17144700928.0,510300.1875,118001,40000.0,-56368865.77303799,,,,,,,
-2.2716825103759755,-0.22129772262711003,-0.18311089950262233,-0.8637966965825619,0.0,2425.630595783667,328.0703767043268,23,5433,130000,0.0003,-4873860.0,4101.88720703125,-0.9827567934989929,33094014976.0,1040681.5625,120001,40000.0,-56368865.77303799,,,,,,,
-5.502362371444704,-0.25569068547136414,-0.05670283788225708,-0.8775901081871295,0.0,2469.793908449829,101.07669133831338,23,5508,132000,0.0003,-7195769.0,9409.0693359375,-10.346517562866211,100602642432.0,1059531.75,122001,40000.0,-56368865.77303799,,,,,,,
62.1375551776886,0.013177159611472257,11.944345759124191,23.662639407142755,0.0,1285572.7029708803,6010548.636347345,24,5582,134000,0.0003,-13484204.0,21420.876953125,-16.7111873626709,1710842576896.0,4657236.0,124001,40000.0,-56368865.77303799,,,,,,,
61.89691836166382,-0.004403640632631586,34.25865724109619,158.91243981364292,0.0,35278849.25854172,81826233.05264461,24,5656,136000,0.0003,-15999490.0,37475.0703125,-12.989547729492188,203896190402560.0,139708592.0,126001,40000.0,-56368865.77303799,,,,,,,
57.82881168937683,-0.003338301121988144,55.92114218782996,413.0547782360979,0.0,218686763.88953978,308714400.08821225,24,5730,138000,0.0003,-13193114.0,53047.015625,-0.23480680584907532,40458088611840.0,53110992.0,128001,40000.0,-56368865.77303799,,,,,,,
-28.134028102874762,-0.0034548635775244487,64.30010120809231,543.7422233720196,0.0,373955834.05037147,-174680847.48028576,24,5805,140000,0.0003,8341395.0,35125.08984375,0.5112009048461914,2.5014057035628544e+16,1139588352.0,130001,40000.0,-56368865.77303799,,,,,,,
-60.478361640930174,-0.0016951689033233247,44.60240303117014,267.76648295839016,0.0,116466711.38378187,-157997299.19188014,24,5879,142000,0.0003,67396248.0,39975.25390625,-1.4340190887451172,1.5306603735967334e+17,2243151616.0,132001,40000.0,-56368865.77303799,,,,,,,
-60.589993003845215,0.002277259705400638,23.145070800236383,75.0040156616542,0.0,40723423.61527609,-20903149.19230858,24,5953,144000,0.0003,104524064.0,57407.35546875,-1.427980899810791,7.800729197399245e+16,2728745472.0,134001,40000.0,-56368865.77303799,,,,,,,
-59.871376140594485,0.11530838665853248,1.0845078976009974,5.75002360520283,0.0,35647860.16282012,52219.9717728189,24,6028,146000,0.0003,195867328.0,80394.0859375,-1.5381876230239868,1.3660997324426445e+17,3044687616.0,136001,40000.0,-56368865.77303799,,,,,,,
-59.467514488220225,0.026217941047498108,-20.882070726625386,62.377354928750194,0.0,38796987.59990958,14208734.635351742,24,6103,148000,0.0003,251055424.0,108305.9375,-1.0450656414031982,2.0002033782646374e+17,3221009664.0,138001,40000.0,-56368865.77303799,,,,,,,
-58.30931129646301,-0.006851516740146375,-42.04633932048778,234.94015985208176,0.0,96292294.67163768,121788397.24280314,24,6177,150000,0.0003,445932192.0,133522.5625,-0.8179033994674683,2.6069406950673613e+17,4851665408.0,140001,40000.0,-56368865.77303799,,,,,,,
-55.766355417251575,0.000516931341531593,-61.727221274185254,503.8725787698868,0.0,329265452.42910755,371193809.940389,24,6252,152000,0.0003,418692960.0,152402.796875,-0.25730425119400024,2.5093494173754982e+17,2361370880.0,142001,40000.0,-56368865.77303799,,,,,,,
-21.451217271804797,0.0035309808343653537,-75.49161487169783,748.3073118052479,0.0,679473875.0090162,174204049.36062086,24,6326,154000,0.0003,588905600.0,159518.109375,0.21709948778152466,8.495761421080986e+16,1559894016.0,144001,40000.0,-56368865.77303799,,,,,,,
-26.276977336883558,0.0019456403869578989,-76.93928895128919,778.2124916254527,0.0,733812912.9339919,348134914.6058346,24,6401,156000,0.0003,729730240.0,166516.40625,1.8985323905944824,4.248209876834058e+17,4023887616.0,146001,40000.0,-56368865.77303799,,,,,,,
-54.2687803840637,0.000639654824027059,-92.34215663124915,1118.3291437790142,0.0,1527567049.5197673,1287565725.2998354,24,6475,158000,0.0003,1070014720.0,125435.8359375,0.41383641958236694,7.183358228766392e+17,4897038848.0,148001,40000.0,-56368865.77303799,,,,,,,
-49.08052773857115,0.0006460277563909432,-106.45504446310929,1490.5073249538448,0.0,2703888637.0047135,1694369845.44639,24,6549,160000,0.0003,1073812352.0,84859.0,2.9826250076293945,1.0354360758388654e+18,4179108864.0,150001,40000.0,-3465618332271.162,,,,,,,
-4.146590618133549,-0.1888066465905417,-0.2255817801504042,-0.9351993936033334,0.0,1084.8874884415054,-35.347984855623345,24,6623,162000,0.0003,1356677760.0,67587.96875,0.2739940881729126,2.2610090482015928e+18,8269049856.0,152001,40000.0,-3465618332271.162,,,,,,,
-3.6874543609619113,-0.30114217056200054,0.10100464857249768,-0.8997468271501954,0.0,1008.8132741893079,99.72010059955497,24,6697,164000,0.0003,1367615360.0,86743.3828125,0.2647136449813843,8.610002740791214e+17,6906453504.0,154001,40000.0,-3465618332271.162,,,,,,,
-1.6315641212463403,-0.039940335063000744,0.16139282095052682,-0.9490500199415651,0.0,1094.7068956396417,224.95312142636735,24,6772,166000,0.0003,1988504320.0,119889.234375,-2.1578283309936523,3.9767694555553464e+18,14407798784.0,156001,40000.0,-3465618332271.162,,,,,,,
3.6380075263977107,0.14992567150019726,0.21591465512921318,-0.9355236512812032,0.0,1087.7131560364792,11.19303984383618,24,6846,168000,0.0003,1251254272.0,156756.671875,-1.125643014907837,5.382605297707647e+18,21289508864.0,158001,40000.0,-3465618332271.162,,,,,,,
17.0189143295288,0.1993485247857934,1.5643513561276157,-0.04890891032001927,0.0,2135.3161667544605,5964.772479477883,24,6921,170000,0.0003,2190125568.0,202198.03125,-0.8068684339523315,6.043184187094073e+18,23576823808.0,160001,40000.0,-3465618332271.162,,,,,,,
25.911687995910636,0.05894406886639166,5.77662741906348,4.693617473529379,0.0,63834.27648437391,200339.2881253082,24,6995,172000,0.0003,2143783424.0,244450.671875,1.2953053712844849,1.0830014711244784e+19,22048002048.0,162001,40000.0,-3465618332271.162,,,,,,,
39.100193386077805,-0.007827557429881308,15.002823297017141,30.808043154307637,0.0,1640692.78781635,4869249.562880219,24,7069,174000,0.0003,2365249024.0,284029.46875,-0.7364287972450256,6.592195631610069e+18,16802616320.0,164001,40000.0,-3465618332271.162,,,,,,,
46.0355938205719,-0.009151275559836714,30.004827170164504,120.22397627607354,0.0,20291136.508745227,40882037.5833793,24,7144,176000,0.0003,2525006592.0,315008.09375,1.5822864770889282,9.711775101912875e+18,31634927616.0,166001,40000.0,-3465618332271.162,,,,,,,
44.90114444351195,-0.004295767681008842,46.18956825744335,282.34543008413846,0.0,104053694.7370921,140794609.52349767,24,7218,178000,0.0003,2275275776.0,339078.46875,-0.6790333390235901,1.189781312514084e+19,22569392128.0,168001,40000.0,-3465618332271.162,,,,,,,
45.13354152488708,0.0027904557890634494,62.181357362020066,509.8695626687623,0.0,331428176.99210954,334148671.00171,24,7293,180000,0.0003,2507330304.0,355058.5,0.3080177307128906,7.274368379610202e+18,24469813248.0,170001,40000.0,-3465618332271.162,,,,,,,
42.916313501357955,-0.008465793273850225,77.58699713661109,791.076288581301,0.0,788097269.2544086,616263672.3610765,24,7367,182000,0.0003,3284506880.0,343918.625,-0.23410183191299438,1.5123747255686791e+19,25021980672.0,172001,40000.0,-3465618332271.162,,,,,,,
35.35230694961553,-0.001728947943630411,90.21730615253023,1070.6793149458695,0.0,1438074764.0446281,804580787.479404,24,7440,184000,0.0003,4746520576.0,286390.375,1.4780329465866089,1.8459476418359198e+19,32980525056.0,174001,40000.0,-3465618332271.162,,,,,,,
1.7171855735778936,0.0005066088935693266,95.84844597042658,1204.8967283428944,0.0,1839384332.1372728,97712899.98965657,24,7514,186000,0.0003,5576214016.0,233015.0,0.5794259309768677,1.5290813649480843e+19,26868580352.0,176001,40000.0,-3465618332271.162,,,,,,,
-42.83062906837467,0.004884779932990748,84.55794262979748,938.3524021473773,0.0,1215300687.0419483,-713929038.0778298,24,7588,188000,0.0003,5828937728.0,285943.625,-0.9972304701805115,5.229860482670028e+19,41432715264.0,178001,40000.0,-3465618332271.162,,,,,,,
-48.15510954666141,-0.000871218834221253,67.24566065102933,596.5420171488847,0.0,629439288.6899058,-390082099.0993238,24,7662,190000,0.0003,8164803584.0,347581.9375,0.04351174831390381,1.7512999216983572e+19,25011785728.0,180001,40000.0,-3465618332271.162,,,,,,,
-49.31127125358586,-0.004108215138425444,49.6004787848393,326.4091524799336,0.0,368005890.8477157,-144568019.20275354,24,7736,192000,0.0003,8221010432.0,404121.0,1.8305790424346924,1.5860749899785044e+19,24483848192.0,182001,40000.0,-3465618332271.162,,,,,,,
-49.871278074264495,-0.0020560061563913005,32.139227481208586,136.9968428239651,0.0,291584505.37921566,-25561218.61072704,24,7811,194000,0.0003,15233333248.0,453100.625,-1.4714410305023193,3.34377494895982e+19,28750372864.0,184001,40000.0,-3465618332271.162,,,,,,,
-50.51983237838745,0.031064948397256157,13.986793904687145,29.078797293105488,0.0,287322516.22151154,6104291.524201836,24,7886,196000,0.0003,11970043904.0,520709.53125,-0.687106192111969,3.3520824190146445e+19,36424101888.0,186001,40000.0,-3465618332271.162,,,,,,,
-51.209733621597294,-0.13790223605104626,-4.0800338670238885,5.491738749621892,0.0,290173595.39441156,-2880105.8809615043,24,7961,198000,0.0003,15128659968.0,579276.4375,1.8052098751068115,5.457677972531262e+19,46982258688.0,188001,40000.0,-3465618332271.162,,,,,,,
-51.772214221954314,0.017367958294374666,-22.56354725013514,69.80940694994779,0.0,286023964.3590376,2663887.024271784,,,200000,0.0003,17063335936.0,643343.125,-2.3830454349517822,7.56445352192681e+19,55430967296.0,190000,,,0.0,0.0,40000.0,-37285.975352521105,1982.8936192685096,0.0,0.0
,,,,,,,21,9198,200000,0.0003,17974872064.0,643374.4375,-0.9967468976974487,2.9864275126675046e+19,27449753600.0,190001,40000.0,-5928850969860.644,,,,,,,
0.5834337673187255,0.03549827427361928,0.034776187207525074,-0.9964639439149714,0.0,1193.3849857132477,214.60371194630875,21,9270,202000,0.0003,18666608640.0,701647.5,0.49733394384384155,2.387505057222571e+19,28242436096.0,192001,40000.0,-5928850969860.644,,,,,,,
1.506535968780518,0.07024208330854045,0.03376952698044521,-0.9940968263759578,0.0,1188.6458848062596,177.63643635590765,21,9342,204000,0.0003,17072033792.0,757375.8125,-0.1048242449760437,3.0382325423264498e+19,34581528576.0,194001,40000.0,-5928850969860.644,,,,,,,
2.020289777755739,0.12295947906161417,0.019425136555321233,-0.9879872090352294,0.0,1176.938490340129,127.5132397427383,21,9415,206000,0.0003,15968947200.0,807330.25,-0.4009951949119568,9.565645608534934e+19,53700268032.0,196001,40000.0,-5928850969860.644,,,,,,,
1.9970444812774613,0.10652005812388009,-0.029814325269267417,-0.990121004786658,0.0,1180.9782319525766,153.52631168741303,21,9489,208000,0.0003,18169450496.0,853582.9375,0.31486478447914124,3.528996258849384e+19,31423907840.0,198001,40000.0,-5928850969860.644,,,,,,,
1.9077189712524414,0.09180837493459977,0.016202698334426693,-0.9919958916818827,0.0,1184.366586651671,162.53546704113626,21,9564,210000,0.0003,28195592192.0,911961.8125,1.2803151607513428,5.400973519058947e+19,44967149568.0,200001,40000.0,-5928850969860.644,,,,,,,
1.7291328029632569,0.110819947879042,-0.008329353016246753,-0.9896433938327985,0.0,1179.8897745522731,140.71442524367427,21,9639,212000,0.0003,23158931456.0,958299.6875,1.0351486206054688,9.60577866255806e+19,58877947904.0,202001,40000.0,-5928850969860.644,,,,,,,
1.34834302711487,0.06405709464520191,-0.03639832004865181,-0.9940923781766884,0.0,1188.5161315063792,189.5173880841967,22,9714,214000,0.0003,18346764288.0,1013295.25,1.5736379623413086,6.110705635960449e+19,51838038016.0,204001,40000.0,-5928850969860.644,,,,,,,
1.0373383197784434,0.05324543214296587,0.01809431855910105,-0.9950987572235513,0.0,1190.1393087197996,181.9778144271099,22,9789,216000,0.0003,24756185088.0,1057526.0,-0.3624149262905121,7.079085108961372e+19,42794586112.0,206001,40000.0,-5928850969860.644,,,,,,,
0.8505402088165295,0.06039570156766802,-0.02136844541136671,-0.9944272053205411,0.0,1188.8774235115006,181.99550362939158,22,9863,218000,0.0003,18791131136.0,1104675.25,0.22987490892410278,5.263127306480019e+19,36427051008.0,208001,40000.0,-5928850969860.644,,,,,,,
0.5048698329925541,0.013732568880722102,-0.02347376577463995,-0.9963138367606296,0.0,1192.4276118083692,199.05961173779073,22,9938,220000,0.0003,20857012224.0,1155721.75,2.4048409461975098,5.397375037403562e+19,43328299008.0,210001,40000.0,-5928850969860.644,,,,,,,
0.4412107963562009,0.02318829069430579,0.024467854693385537,-0.9960767021739096,0.0,1191.8778171354713,187.90014360626603,22,10013,222000,0.0003,20975013888.0,1195776.75,1.9352078437805176,7.33106502654996e+19,54277799936.0,212001,40000.0,-5928850969860.644,,,,,,,
0.3024601936340334,0.027942451309970254,-0.024831551039366847,-0.9957974837581621,0.0,1191.3902231292354,190.39245245569498,22,10088,224000,0.0003,23917099008.0,1242116.875,1.8766889572143555,6.060318096692032e+19,54335586304.0,214001,40000.0,-5928850969860.644,,,,,,,
0.04928649902343753,-0.012207464269799347,-0.009041080829080323,-0.9961810395603916,0.0,1191.9560283036833,186.7354630945033,22,10162,226000,0.0003,23843584000.0,1277941.875,0.2834884524345398,5.283558431547353e+19,52610551808.0,216001,40000.0,-5928850969860.644,,,,,,,
0.13898885536193836,0.013338819795384675,0.024157543936002862,-0.9959460637727683,0.0,1191.5772900783033,178.04748344706903,22,10238,228000,0.0003,25604870144.0,1323153.75,-1.515623927116394,1.513469839149944e+20,74127761408.0,218001,40000.0,-5928850969860.644,,,,,,,
-0.06140233612060553,0.007229963137403381,-0.030887651142540207,-0.995804523386575,0.0,1191.3270323991846,185.25563980529083,22,10312,230000,0.0003,31723352064.0,1346752.75,-0.8048015832901001,5.232928999720826e+19,32787314688.0,220001,40000.0,-5928850969860.644,,,,,,,
-0.18612066078186043,-0.02842779689053549,0.0026197200767977113,-0.9955075210128603,0.0,1190.627360079909,184.50595084683977,22,10387,232000,0.0003,17472038912.0,1395193.0,1.396194338798523,3.3595599776928236e+19,46197444608.0,222001,40000.0,-5928850969860.644,,,,,,,
-0.10397372055053705,0.00480251675410881,0.018710472382415553,-0.9958180095850087,0.0,1191.112671025186,185.86319587361274,22,10462,234000,0.0003,21633462272.0,1425413.375,-0.6346453428268433,1.0517687218356408e+20,63384195072.0,224001,40000.0,-5928850969860.644,,,,,,,
-0.45436108970642114,-0.0191298394857235,-0.040314101049072855,-0.9951443821688991,0.0,1190.137066116469,179.6901353702912,22,10536,236000,0.0003,23399219200.0,1454356.375,-0.2938627600669861,1.4519891951275003e+20,65349881856.0,226001,40000.0,-5928850969860.644,,,,,,,
-0.4917005481719966,-0.04372332579759828,0.01624074489678549,-0.9943849821731788,0.0,1188.267591362839,181.88086157381485,22,10610,238000,0.0003,23191463936.0,1476764.625,-1.9240292310714722,7.1617666241515225e+19,59921477632.0,228001,40000.0,-5928850969860.644,,,,,,,
-0.4953635330200192,-0.007802457501614657,0.006019236322339572,-0.9953674454150039,0.0,1190.0686742794062,182.5589957328028,22,10684,240000,0.0003,25633376256.0,1518607.0,0.6284639835357666,7.282353143002274e+19,57816301568.0,230001,40000.0,-4940717065719.265,,,,,,,
-0.6528227767944332,-0.025852686746348778,-0.041103123322081256,-0.9945765485119825,0.0,1188.8933728163042,166.20999183677904,22,10758,242000,0.0003,28505022464.0,1562661.375,-0.377660870552063,3.69760306843395e+19,32355727360.0,232001,40000.0,-4940717065719.265,,,,,,,
-0.7602796211242673,-0.061122729380409004,0.012846478872569034,-0.9929201269783265,0.0,1185.3816363064393,163.79788870441425,22,10832,244000,0.0003,22846083072.0,1597947.0,1.9367599487304688,6.4509200422641074e+19,55751446528.0,234001,40000.0,-4940717065719.265,,,,,,,
-0.6156385707855222,-0.019768213033498305,0.01716602422111184,-0.9947145982902668,0.0,1188.6809609604593,182.8438218158644,22,10906,246000,0.0003,23820285952.0,1625330.625,0.6242079138755798,3.050635473292414e+19,34689884160.0,236001,40000.0,-4940717065719.265,,,,,,,
-0.9583023986816405,-0.04995932916791512,-0.03964704321747544,-0.9929033610512911,0.0,1185.4480728885503,156.73833091935649,22,10980,248000,0.0003,27379281920.0,1654923.5,0.4931560158729553,2.6106575391494767e+19,36464263168.0,238001,40000.0,-4940717065719.265,,,,,,,
-0.8965606250762944,-0.06343545739441747,0.023562684165733816,-0.9919705353267695,0.0,1183.2534089798542,163.4223333346156,22,11054,250000,0.0003,27935612928.0,1710001.875,-0.23478880524635315,9.3580877199271e+19,52045828096.0,240001,40000.0,-4940717065719.265,,,,,,,
-0.8901599330902102,-0.028671510133251428,-0.0006689808323486233,-0.9937871245621603,0.0,1186.5445153101127,177.8442421924702,22,11128,252000,0.0003,24702011392.0,1746173.25,1.2165919542312622,5.849895320586866e+19,41601175552.0,242001,40000.0,-4940717065719.265,,,,,,,
-1.2326757640838633,-0.07514277534093919,-0.03901003655029496,-0.9902772041863368,0.0,1180.0750439312817,138.82712086338555,22,11202,254000,0.0003,21825243136.0,1773439.75,0.1818544864654541,9.624661235448834e+19,83689799680.0,244001,40000.0,-4940717065719.265,,,,,,,
-1.2276830539703387,-0.07675977537328617,0.03465914437954818,-0.9900107837822467,0.0,1179.5298001807887,161.27966269183796,22,11277,256000,0.0003,22706690048.0,1786493.5,-0.437408983707428,4.406926167009919e+19,30757031936.0,246001,40000.0,-4940717065719.265,,,,,,,
-1.369834957122805,-0.050816016123952625,-0.021985951612001335,-0.9918311249937795,0.0,1182.6709124614977,170.91802856298165,22,11351,258000,0.0003,22193565696.0,1832511.375,0.3045649528503418,1.2329469515480118e+20,69491163136.0,248001,40000.0,-4940717065719.265,,,,,,,
-1.7376594219207764,-0.10886467027084827,-0.02730613773788626,-0.9857546511984677,0.0,1170.9985646489886,114.61387348977539,22,11425,260000,0.0003,26222352384.0,1832687.875,1.8655098676681519,1.0997787651210845e+20,68952653824.0,250001,40000.0,-4940717065719.265,,,,,,,
-1.5451438369750985,-0.0926903932539328,0.03546331523853523,-0.9873551882624544,0.0,1173.9123827444432,153.2324724262029,22,11500,262000,0.0003,18213675008.0,1845392.625,1.8933857679367065,8.760294682826218e+19,62829293568.0,252001,40000.0,-4940717065719.265,,,,,,,
-2.1130321350097656,-0.09121790968527489,-0.04429847315490481,-0.9869133811286682,0.0,1173.1990390260937,121.4894375988839,22,11574,264000,0.0003,32789452800.0,1876266.875,-2.1939516067504883,6.226849688030334e+19,46298918912.0,254001,40000.0,-4940717065719.265,,,,,,,
-2.3495706005096455,-0.1526325111599016,-0.009335737023475737,-0.9776916481866653,0.0,1155.3321192290998,92.93565468489888,22,11648,266000,0.0003,21836681216.0,1896210.625,0.07716330885887146,1.1820480074312843e+20,74716307456.0,256001,40000.0,-4940717065719.265,,,,,,,
-2.194061349868776,-0.11396287070328455,0.031428929689873215,-0.983127803388292,0.0,1165.2502769665061,134.88372891163064,22,11723,268000,0.0003,29396156416.0,1912424.625,-2.7787563800811768,1.2483225221508314e+20,90582974464.0,258001,40000.0,-4940717065719.265,,,,,,,
-2.9168716106414805,-0.13858781710950455,-0.059510747227889405,-0.978204425979347,0.0,1156.6026384937581,75.18691908888864,22,11798,270000,0.0003,22998759424.0,1950521.375,0.6555176973342896,2.8461727099167703e+19,39822274560.0,260001,40000.0,-4940717065719.265,,,,,,,
-2.8312219047546376,-0.19012948745900846,0.01578839645680992,-0.9680385588734899,0.0,1136.7755744431126,83.66721213605818,22,11873,272000,0.0003,20672462848.0,1982912.375,-1.6908485889434814,1.1984947662423484e+20,85551792128.0,262001,40000.0,-4940717065719.265,,,,,,,
-2.9786696128845214,-0.13642248129766407,0.01653761046578814,-0.9776852224288706,0.0,1154.1690552431378,120.00579691794862,22,11948,274000,0.0003,25980665856.0,2011792.875,-1.3026466369628906,1.0201346288124323e+20,51273207808.0,264001,40000.0,-4940717065719.265,,,,,,,
-3.691247953414916,-0.19274264293621485,-0.0648864846694373,-0.9647652423216903,0.0,1130.8749503419936,32.85285877814066,22,12025,276000,0.0003,23418202112.0,2024514.875,1.6671010255813599,1.8221602795150325e+20,95849439232.0,266001,40000.0,-4940717065719.265,,,,,,,
-3.2568581619262713,-0.21547978303048035,0.040502785049378716,-0.9587344992485348,0.0,1118.7445145627364,81.48894922961013,22,12101,278000,0.0003,27294588928.0,2072698.75,0.9749515056610107,5.89204355952138e+19,41240117248.0,268001,40000.0,-4940717065719.265,,,,,,,
-3.6832646656036387,-0.16791139746963665,-0.01758907733381077,-0.9687688200118177,0.0,1136.4834322915383,79.5899808155468,22,12176,280000,0.0003,30298761216.0,2131639.5,-1.3183231353759766,1.3144568271476045e+20,77015138304.0,270001,40000.0,-4234907008565.161,,,,,,,
-1.055705396652222,-0.06492319373420725,-0.061876205663240764,-0.9541656531404533,0.0,1097.5067039793116,188.22538562071867,23,12253,282000,0.0003,16061784064.0,2163045.0,2.057501792907715,2.485812391862023e+19,32146020352.0,272001,40000.0,-4234907008565.161,,,,,,,
-3.908125322341919,-0.16480745878931016,-0.1161929239016312,-0.9350149053039369,0.0,1064.5667170451873,17.866091425395336,23,12329,284000,0.0003,26567788544.0,2217267.0,1.8646115064620972,8.089122878515472e+19,70220652544.0,274001,40000.0,-4234907008565.161,,,,,,,
-3.99717317962647,-0.28738917203274594,0.008482711989992186,-0.8959989048624911,0.0,991.4475340431587,22.318885353563857,23,12405,286000,0.0003,23934271488.0,2250110.0,-1.253561019897461,1.280212581480986e+20,84721082368.0,276001,40000.0,-4234907008565.161,,,,,,,
-3.7325794792175286,-0.17192246290506785,0.06796894724680905,-0.9203345203748203,0.0,1029.9425344853998,131.35526675737285,23,12480,288000,0.0003,21707677696.0,2312300.0,-1.0924526453018188,8.417160853248488e+19,95245221888.0,278001,40000.0,-4234907008565.161,,,,,,,
-5.431246751785284,-0.23450200049210654,-0.12297049101568835,-0.8985708667941532,0.0,993.3502487518988,-48.94844420444426,23,12555,290000,0.0003,20708784128.0,2345056.25,-0.9485260248184204,7.2749090094775796e+19,60027645952.0,280001,40000.0,-4234907008565.161,,,,,,,
-3.519718490600586,-0.2988951400796218,0.07999584120471007,-0.866916745794245,0.0,934.3651205782649,63.76455545099948,23,12633,292000,0.0003,25141190656.0,2382919.5,1.852605938911438,1.255393173565803e+20,91720892416.0,282001,40000.0,-4234907008565.161,,,,,,,
-4.1118968772888165,-0.1597027204535135,0.021205475730994995,-0.8988673356611302,0.0,981.115445084879,114.4511004328397,23,12709,294000,0.0003,26636834816.0,2406347.75,-0.3952248692512512,1.4572920077668686e+20,86748078080.0,284001,40000.0,-4234907008565.161,,,,,,,
-6.214768911361689,-0.285835195085156,-0.1258051704755642,-0.8524867676979754,0.0,905.8764535973339,-88.99891085547453,23,12784,296000,0.0003,26920347648.0,2457940.25,0.29728037118911743,7.70722378737957e+19,64827600896.0,286001,40000.0,-4234907008565.161,,,,,,,
-3.078272384643555,-0.2753577258280538,0.13994375520710567,-0.8342146286610975,0.0,868.2277951064258,100.67479240875434,23,12859,298000,0.0003,30544300032.0,2512090.0,-1.274163007736206,6.635119905851467e+19,46672269312.0,288001,40000.0,-4234907008565.161,,,,,,,
-4.290601520538336,-0.15041014661289404,-0.04477879638803427,-0.8625176207680576,0.0,905.1401518922158,89.94959114228878,,,300000,0.0003,26872958976.0,2552810.75,0.34125474095344543,3.642658713175379e+19,48324599808.0,290000,,,0.0,0.0,40000.0,-32441.02438020141,4961.51613249519,0.0,0.0
,,,,,,,21,14100,300000,0.0003,33547505664.0,2552711.0,-0.24879366159439087,4.677151820354473e+19,45752864768.0,290001,40000.0,-4234907008565.161,,,,,,,
-6.594645101547247,-0.3391631685084285,-0.10326836481281432,-0.7836624494881641,0.0,781.728542357586,-114.56260844910706,21,14172,302000,0.0003,28496834560.0,2586363.25,-1.598559021949768,7.783713732691388e+19,49850707968.0,292001,40000.0,-4234907008565.161,,,,,,,
-3.1091340866088903,-0.24364288926276806,0.1786289992500615,-0.7793095886490103,0.0,762.5890657907339,123.20433855628808,21,14244,304000,0.0003,23279783936.0,2625559.75,-0.5980015993118286,1.1633764528121132e+20,89941598208.0,294001,40000.0,-4234907008565.161,,,,,,,
-4.5838898143768265,-0.15414221812342851,-0.10580751838179572,-0.8000472053471059,0.0,784.3918820215963,52.028273734003534,21,14317,306000,0.0003,29466042368.0,2643370.25,0.2654014229774475,8.360164809292487e+19,48449843200.0,296001,40000.0,-4234907008565.161,,,,,,,
-6.294473237991347,-0.38280613441873784,-0.07373982129866134,-0.6826939825824356,0.0,616.2057327894295,-142.83857566393036,21,14390,308000,0.0003,23669235712.0,2679584.5,3.6230626106262207,1.898850599825897e+20,99015942144.0,298001,40000.0,-4234907008565.161,,,,,,,
-3.2483829402923576,-0.2071990088704755,0.20409474795008675,-0.6766652365690877,0.0,583.3590168802158,118.0013318853488,21,14464,310000,0.0003,31308992512.0,2739393.0,-0.31110191345214844,1.1382453993211534e+20,66183544832.0,300001,40000.0,-4234907008565.161,,,,,,,
-4.676575170516971,-0.14471139012670703,-0.14223964712114137,-0.6909913067594506,0.0,592.4028373006402,62.24697488766133,21,14539,312000,0.0003,22434545664.0,2752628.5,0.40053796768188477,6.309652589304191e+19,48982736896.0,302001,40000.0,-4234907008565.161,,,,,,,
-7.266471782684335,-0.42395970446635367,-0.10091432566109478,-0.5111098489448468,0.0,385.4753840243824,-194.41010471082356,21,14614,314000,0.0003,27089825792.0,2775652.0,-1.0383954048156738,1.7265071659450316e+20,91483930624.0,304001,40000.0,-4234907008565.161,,,,,,,
-1.145732379913331,-0.21462426133416562,0.2844507763078864,-0.45588398181061746,0.0,301.20279816836876,67.94752346578132,21,14688,316000,0.0003,32410746880.0,2809356.25,-0.9290670156478882,8.812541716159529e+19,43819966464.0,306001,40000.0,-4234907008565.161,,,,,,,
-2.670630903244018,-0.03357108044180122,-0.09218349296385503,-0.4835753630435604,0.0,291.1837675061085,221.63561024448458,21,14763,318000,0.0003,24931080192.0,2822173.25,3.642861843109131,6.7027486670527136e+19,65284718592.0,308001,40000.0,-4234907008565.161,,,,,,,
-16.87058973503113,-0.39273079098395863,-0.2970021395433159,-0.21830455561967646,0.0,181.10705263478206,-154.140639976167,21,14838,320000,0.0003,21964513280.0,2862239.75,-0.6261584162712097,3.5062458239544197e+19,34107934720.0,310001,40000.0,-3705547395290.712,,,,,,,
-2.2775204830169704,-0.1288304112242662,-0.13064662810336702,-0.9482131915844284,0.0,1094.8040195239014,97.7412957061568,21,14914,322000,0.0003,39684276224.0,2879864.5,-0.09796837717294693,3.7543325907713786e+19,29600759808.0,312001,40000.0,-3705547395290.712,,,,,,,
-5.7757329959869415,-0.2656401056579425,-0.10805963530588218,-0.9133430720842723,0.0,1028.6193865167402,-60.4025723869496,21,14989,324000,0.0003,26577315840.0,2939015.5,0.2627495229244232,1.3462304262061451e+20,90903453696.0,314001,40000.0,-3705547395290.712,,,,,,,
-4.619348377227789,-0.34326462183682516,0.04278258772160339,-0.8791741487079926,0.0,966.1525187709643,36.461360267837854,21,15065,326000,0.0003,21628489728.0,2976752.5,-0.22428587079048157,1.526706529783251e+19,26558629888.0,316001,40000.0,-3705547395290.712,,,,,,,
-5.1526421566009555,-0.23312660346837852,0.03211361804578741,-0.9098734871313358,0.0,1013.0021544991129,71.90455166719663,21,15140,328000,0.0003,32006567936.0,2975821.5,-1.547360897064209,5.754736987249364e+19,56346025984.0,318001,40000.0,-3705547395290.712,,,,,,,
-6.717532583236695,-0.32051628117341485,-0.0997351607701122,-0.8741208644717084,0.0,954.0767204636564,-83.22399536102431,21,15215,330000,0.0003,24507443200.0,3020609.0,-1.3861374855041504,9.413059782878691e+19,65308979200.0,320001,40000.0,-3705547395290.712,,,,,,,
-3.9314440517425555,-0.32337212649529623,0.10374752637032969,-0.8597164640290265,0.0,924.6131723111765,86.98306531303624,21,15290,332000,0.0003,27979558912.0,3072082.5,1.731972098350525,7.885025372902575e+19,51070468096.0,322001,40000.0,-3705547395290.712,,,,,,,
-5.63900196456909,-0.2282045342609315,-0.03591363639330408,-0.8863362209171113,0.0,961.9877795017846,18.59505481619003,21,15365,334000,0.0003,25102848000.0,3050661.75,-0.9671517014503479,8.234691181158597e+19,92272353280.0,324001,40000.0,-3705547395290.712,,,,,,,
-6.772523212432862,-0.3676908799462234,-0.06749985369503142,-0.8247202042034234,0.0,862.5065374133691,-78.03017908640882,21,15440,336000,0.0003,29856778240.0,3066386.5,-1.3194584846496582,1.640469413501327e+20,111157665792.0,326001,40000.0,-3705547395290.712,,,,,,,
-4.181806138992315,-0.27698175521490315,0.13708409012514644,-0.8352056501157142,0.0,869.8875210767067,105.2579711148031,21,15514,338000,0.0003,27601051648.0,3102114.75,-0.19378562271595,2.5837381519861717e+20,107955453952.0,328001,40000.0,-3705547395290.712,,,,,,,
-5.872338415145878,-0.23935793452084628,-0.11174827554155255,-0.843520718841565,0.0,879.2423339188906,-43.24773918554829,21,15589,340000,0.0003,24109400064.0,3111347.0,-0.9239959716796875,9.518199482773144e+19,72354938880.0,330001,40000.0,-3705547395290.712,,,,,,,
-5.914199245452885,-0.39826862602222063,-0.0050970211791196655,-0.7611650448979993,0.0,748.7713274924005,-59.36741782232665,21,15664,342000,0.0003,28549384192.0,3118116.5,-0.9738191366195679,1.3065859071894723e+20,109619019776.0,332001,40000.0,-3705547395290.712,,,,,,,
-4.7611538047790525,-0.22632718624101547,0.13300662138951785,-0.790734891811765,0.0,776.9389077444317,123.2268032149478,21,15739,344000,0.0003,25257138176.0,3121907.25,0.8413819074630737,2.387624684087673e+19,29285769216.0,334001,40000.0,-3705547395290.712,,,,,,,
-7.113140911102299,-0.2662059028395503,-0.16474570039613715,-0.7722855236371191,0.0,751.6352217260552,-107.96849101901641,21,15814,346000,0.0003,21545848832.0,3105169.5,1.3439116477966309,6.04131325810825e+19,54261817344.0,336001,40000.0,-3705547395290.712,,,,,,,
-4.218692394256602,-0.41108533141908854,0.06588491205916268,-0.6703725802977364,0.0,600.0644949966334,-44.042221595568336,21,15889,348000,0.0003,31193921536.0,3135707.75,-4.044234275817871,8.7818741378376e+19,54562381824.0,338001,40000.0,-3705547395290.712,,,,,,,
-5.062584596633908,-0.17465189788528207,0.11147098465807613,-0.7104883670326544,0.0,626.736177241987,144.6740150221558,21,15964,350000,0.0003,24801021952.0,3149620.0,1.1464303731918335,3.9718001577780314e+19,38506504192.0,340001,40000.0,-3705547395290.712,,,,,,,
-8.92953067588806,-0.28933495541168697,-0.21593141144232708,-0.6599257977296701,0.0,572.8197223086764,-173.25321759633175,21,16039,352000,0.0003,26724737024.0,3139073.75,1.5916441679000854,9.322671130982482e+19,75776319488.0,342001,40000.0,-3705547395290.712,,,,,,,
-2.152903764724738,-0.44533003423442363,0.11247146117992196,-0.491065946723905,0.0,366.3894625939664,-81.64465099777085,21,16114,354000,0.0003,22032232448.0,3162312.25,-0.6103354096412659,3.375381510211869e+19,35055448064.0,344001,40000.0,-3705547395290.712,,,,,,,
-4.286171392440799,-0.12507980559346477,0.15782883186028887,-0.514037293095628,0.0,340.23665658536123,145.4343656476299,21,16188,356000,0.0003,25606365184.0,3143015.75,0.20122653245925903,1.1579657121113624e+20,87944355840.0,346001,40000.0,-3705547395290.712,,,,,,,
-7.570874927520746,-0.2096646655077755,-0.2438848280506858,-0.48456733963498333,0.0,326.78706566380123,-37.04566485148942,22,16264,358000,0.0003,13440577536.0,3120666.0,2.1712541580200195,4.76769000583206e+19,63396737024.0,348001,40000.0,-3705547395290.712,,,,,,,
-8.547577527999884,-0.5405826308791776,-0.06739637162852073,-0.13116108847912739,0.0,129.11718971942156,-109.63111096365954,22,16339,360000,0.0003,31909748736.0,3143438.5,-1.204401969909668,1.587192181753255e+20,108360359936.0,350001,40000.0,-3293823194566.937,,,,,,,
-2.731939487457277,-0.1535544029470467,-0.16066411488894533,-0.9675537030566035,0.0,1145.4240894996026,52.472048962312975,22,16414,362000,0.0003,26136047616.0,3142053.75,1.9740628004074097,4.2162347867721695e+19,43090972672.0,352001,40000.0,-3293823194566.937,,,,,,,
-5.681389692306518,-0.2900782115699622,-0.07119784367839652,-0.9335062293567556,0.0,1074.2014147489022,-43.04707457999595,22,16489,364000,0.0003,26323097600.0,3162933.5,0.5889837145805359,7.549757009705304e+19,49452486656.0,354001,40000.0,-3293823194566.937,,,,,,,
-4.9972429809570365,-0.32751329551365854,0.033666443846320684,-0.9182973420689449,0.0,1045.8765416854496,40.29536612667983,22,16565,366000,0.0003,22957989888.0,3165589.0,0.47122663259506226,1.2945623517155557e+20,88401223680.0,356001,40000.0,-3293823194566.937,,,,,,,
-5.246329523086551,-0.26829925354902723,0.008686902560499511,-0.9366620003267955,0.0,1075.699785416715,34.96692979440724,22,16640,368000,0.0003,31201687552.0,3144302.0,-2.262455940246582,5.7839712422133236e+19,34805096448.0,358001,40000.0,-3293823194566.937,,,,,,,
-6.10234797668457,-0.3255638557615963,-0.05025466236512662,-0.9143728193047537,0.0,1037.5505042333898,-31.93497324923782,22,16716,370000,0.0003,15441887232.0,3112059.25,0.6903011798858643,1.2675741791048172e+20,110176378880.0,360001,40000.0,-3293823194566.937,,,,,,,
-4.738938688278196,-0.30704129796700647,0.06386931240662695,-0.9171212256027097,0.0,1040.4801266288137,66.39426860189012,22,16792,372000,0.0003,27610251264.0,3129890.75,0.991552472114563,5.432018009966877e+19,51361894400.0,362001,40000.0,-3293823194566.937,,,,,,,
-5.721039402008051,-0.26859788013674835,-0.04030190806474983,-0.92826894550969,0.0,1057.9086206236677,-7.977422789215346,22,16868,374000,0.0003,26687311872.0,3126507.75,-0.27369606494903564,5.7378630022002115e+19,41972068352.0,364001,40000.0,-3293823194566.937,,,,,,,
-5.547367948532104,-0.3448553660981952,-0.009461777019759298,-0.8975990339136942,0.0,1004.4674696965901,-5.069435117130662,22,16943,376000,0.0003,29901619200.0,3107824.0,0.394649475812912,5.7908585830497124e+19,54885736448.0,366001,40000.0,-3293823194566.937,,,,,,,
-4.890262941360476,-0.2672129293388221,0.06452015935894585,-0.9184340324623151,0.0,1037.0219318839634,72.97271414449938,22,17019,378000,0.0003,16242548736.0,3083697.5,-0.11596009135246277,1.1963823845030651e+20,84800339968.0,368001,40000.0,-3293823194566.937,,,,,,,
-6.081695932388306,-0.2857773516355427,-0.08098571756043263,-0.9093322846496642,0.0,1020.9253931131432,-54.37413178619588,22,17095,380000,0.0003,18035396608.0,3098531.25,0.7392637133598328,4.361384395387437e+19,47143157760.0,370001,40000.0,-3293823194566.937,,,,,,,
-4.688967205047604,-0.34235360246473917,0.04800842421006961,-0.8823431637149792,0.0,972.494015787025,37.97480073314122,22,17170,382000,0.0003,27628146688.0,3044244.75,-1.0340443849563599,5.788769950761589e+19,75454365696.0,372001,40000.0,-3293823194566.937,,,,,,,
-5.153201360702518,-0.23358105566085252,0.028299291372039764,-0.9123716922948643,0.0,1018.274484682648,56.806038830169975,22,17246,384000,0.0003,26259638272.0,3029676.5,0.544345498085022,1.820400357223149e+20,121155264512.0,374001,40000.0,-3293823194566.937,,,,,,,
-6.4950777149200425,-0.31704233252106,-0.08886944647386724,-0.8792854294302277,0.0,962.8461623504427,-74.72926768030415,22,17321,386000,0.0003,25867204608.0,3033313.5,-1.67318594455719,3.9379387180797395e+19,40596283392.0,376001,40000.0,-3293823194566.937,,,,,,,
-4.068232101440433,-0.3145463446902001,0.09973284933289159,-0.8683761498515852,0.0,940.6193283244606,74.77016658964868,22,17397,388000,0.0003,27394945024.0,3037064.75,-1.0733869075775146,5.4348921333618835e+19,37679206400.0,378001,40000.0,-3293823194566.937,,,,,,,
-5.244399814605711,-0.21819890400739467,-0.03597369969216193,-0.8943275180172097,0.0,978.0593836051808,14.525210534543824,22,17473,390000,0.0003,35898634240.0,3004660.5,-0.9055652022361755,9.673141781750035e+19,83767828480.0,380001,40000.0,-3293823194566.937,,,,,,,
-6.526837837219238,-0.3499653168595395,-0.05788496365626766,-0.8399339786667308,0.0,887.7600695723193,-62.58838056009523,22,17548,392000,0.0003,24283895808.0,3024861.0,1.126481533050537,8.363693801812997e+19,86783156224.0,382001,40000.0,-3293823194566.937,,,,,,,
-3.829149673461914,-0.2601641463597685,0.132825071756199,-0.8513566179772356,0.0,899.271504909584,96.25470022593655,22,17623,394000,0.0003,19742373888.0,2989340.75,0.15575529634952545,1.3450543006081457e+20,112907452416.0,384001,40000.0,-3293823194566.937,,,,,,,
-5.565524852752685,-0.22140218269401774,-0.10610655090110438,-0.8587901268062902,0.0,907.309341326733,-40.11049328577526,22,17698,396000,0.0003,22344724480.0,2988252.0,2.392880916595459,7.996489463679995e+19,79562285056.0,386001,40000.0,-3293823194566.937,,,,,,,
-5.5704631748199445,-0.3691441792715558,-0.00450750818211143,-0.7899182921863949,0.0,794.3623394623389,-45.16816174166552,22,17773,398000,0.0003,19647997952.0,2998940.75,1.286942481994629,4.5979843443266945e+19,46489239552.0,388001,40000.0,-3293823194566.937,,,,,,,
-4.224119134902958,-0.20722870236925173,0.12784645821021667,-0.8168236753166753,0.0,824.0577037001611,104.49526370816636,,,400000,0.0003,20123287552.0,2987460.0,-2.5784037113189697,5.535476336680134e+19,44768219136.0,390000,,,0.0,0.0,40000.0,-32226.796188331056,4985.641725845731,0.0,0.0
,,,,,,,21,19011,400000,0.0003,21713934336.0,2987784.75,-1.9146356582641602,9.55456956820137e+19,47035453440.0,390001,40000.0,-2964444820032.2856,,,,,,,
-2.5728570919036873,-0.14271011387336655,-0.15052357515569115,-0.9735651339447542,0.0,1156.5050141919853,34.47746013000049,21,19083,402000,0.0003,22211241984.0,2957925.25,-2.9426934719085693,3.401936915045915e+19,39801659392.0,392001,40000.0,-2964444820032.2856,,,,,,,
-5.161142845153804,-0.2667003204070308,-0.06172048749092432,-0.945364652375927,0.0,1096.3630049646042,-30.266320991455263,21,19156,404000,0.0003,26357639168.0,2945000.0,-0.6754933595657349,2.6829706596896997e+19,29659973632.0,394001,40000.0,-2964444820032.2856,,,,,,,
-4.641523725509638,-0.29932241402481125,0.03288843467386315,-0.9332878343393795,0.0,1073.7584141158702,39.47293229632457,21,19229,406000,0.0003,32935917568.0,2980598.75,-2.1128058433532715,1.71241811190764e+20,120551505920.0,396001,40000.0,-2964444820032.2856,,,,,,,
-4.850883262634283,-0.24293896043333735,0.0033838223857563347,-0.9492066504026543,0.0,1100.313713971948,29.577028585471925,21,19302,408000,0.0003,30454048768.0,2949156.75,-1.9662072658538818,4.768868682297036e+19,33510942720.0,398001,40000.0,-2964444820032.2856,,,,,,,
-5.535382265090942,-0.29875025504365954,-0.04141255499835236,-0.9295458179510642,0.0,1065.5953733836473,-22.147762283908822,21,19376,410000,0.0003,19139416064.0,2923456.0,-0.5597598552703857,5.076035287506957e+19,60400340992.0,400001,40000.0,-2964444820032.2856,,,,,,,
-4.257425664901747,-0.27584035374656773,0.061763104602976106,-0.933832244106042,0.0,1071.9383126595246,63.48863896412974,21,19450,412000,0.0003,29565786112.0,2924119.75,-0.8919093012809753,9.593291728903733e+19,61952032768.0,402001,40000.0,-2964444820032.2856,,,,,,,
-4.995098953247071,-0.23603697343607408,-0.03643480759207825,-0.9441690894640526,0.0,1088.5649929294214,-1.6299736404150609,21,19524,414000,0.0003,25819244544.0,2929775.0,-2.3540966510772705,3.6226339676056715e+19,57480450048.0,404001,40000.0,-2964444820032.2856,,,,,,,
-5.268816787719719,-0.3110278247365271,-0.01346853901846206,-0.9173439468719063,0.0,1040.6686157599327,-4.368769752837057,21,19598,416000,0.0003,19486545920.0,2928990.0,-0.07687120139598846,1.1336948285570443e+20,59113136128.0,406001,40000.0,-2964444820032.2856,,,,,,,
-4.323241794586191,-0.24423277723597298,0.062486551701686786,-0.9338832783789941,0.0,1067.2656721136457,68.69969737698077,21,19673,418000,0.0003,21971611648.0,2901923.0,-0.4374161958694458,4.413428238971935e+19,50853548032.0,408001,40000.0,-2964444820032.2856,,,,,,,
-5.329834970474238,-0.25378237987839863,-0.07143734858802758,-0.9286823797002782,0.0,1057.6192887978884,-39.19068220494362,21,19747,420000,0.0003,17717680128.0,2895653.0,1.1597495079040527,7.842220065819302e+19,75495915520.0,410001,40000.0,-2964444820032.2856,,,,,,,
-4.508010293960569,-0.30835855667977896,0.034877476207074716,-0.9065385237854948,0.0,1017.0121225630172,30.65401224792338,21,19822,422000,0.0003,22321496064.0,2892917.75,1.5593986511230469,7.590863791225989e+19,50489212928.0,412001,40000.0,-2964444820032.2856,,,,,,,
-4.490089908599853,-0.21272166073817622,0.03170270364338994,-0.9304433035471408,0.0,1055.2777841755399,53.96766576057605,21,19896,424000,0.0003,14416537600.0,2897260.75,0.9252616763114929,2.232159457380611e+19,35826577408.0,414001,40000.0,-2964444820032.2856,,,,,,,
-5.845271219253542,-0.2834725809462329,-0.08149304750811612,-0.904948439466456,0.0,1010.9539263779669,-59.16840439947311,21,19971,426000,0.0003,21088876544.0,2889515.25,0.5063189268112183,6.1892169234487706e+19,58181386240.0,416001,40000.0,-2964444820032.2856,,,,,,,
-3.786735845565796,-0.286254406962854,0.0885840625962769,-0.8959364572425571,0.0,992.7655113982004,65.88240603323104,21,20046,428000,0.0003,18706718720.0,2865030.75,-2.263969898223877,6.431385678880388e+19,44331266048.0,418001,40000.0,-2964444820032.2856,,,,,,,
-4.623704360961914,-0.19184051274482739,-0.025075949151355754,-0.9182188118308774,0.0,1026.01264238241,23.05578913267533,21,20121,430000,0.0003,22498865152.0,2861369.25,-2.0802135467529297,1.9236452027587573e+20,116477362176.0,420001,40000.0,-2964444820032.2856,,,,,,,
-5.913809446334834,-0.31385289403336625,-0.06352223764632797,-0.8734091374697304,0.0,949.2722705409655,-59.735147306555824,21,20196,432000,0.0003,18418421760.0,2876425.25,-0.39340031147003174,9.141265786148277e+19,69030600704.0,422001,40000.0,-2964444820032.2856,,,,,,,
-3.4275602931976294,-0.24476681667250086,0.12234561938757271,-0.8810357647448392,0.0,957.1633161884688,86.9481697652018,21,20271,434000,0.0003,19498979328.0,2863359.25,-0.839352548122406,1.5804072274396447e+20,117956657152.0,424001,40000.0,-2964444820032.2856,,,,,,,
-4.8699507217407225,-0.19513430864308304,-0.08879451896618869,-0.8901696375627933,0.0,968.4053243287478,-26.487195350881315,21,20346,436000,0.0003,22381285376.0,2865793.25,-0.9316495656967163,8.796767682542803e+19,89243746304.0,426001,40000.0,-2964444820032.2856,,,,,,,
-5.358788549423218,-0.3337872983073426,-0.014917932296807155,-0.8348294733828265,0.0,873.6482208931386,-33.524336888745395,21,20421,438000,0.0003,24295573504.0,2853420.25,-2.505356788635254,1.1871312695888183e+20,58840223744.0,428001,40000.0,-2964444820032.2856,,,,,,,
-3.5493786735534676,-0.19175639990253113,0.12545298167197413,-0.857213642420784,0.0,902.2233714981323,93.53291110552702,21,20496,440000,0.0003,18090895360.0,2829738.25,1.3673568964004517,1.0651955180293902e+20,102695264256.0,430001,40000.0,-2694953576634.24,,,,,,,
-3.0966597404479987,-0.15947193671596233,-0.17087547409375364,-0.9747372217657292,0.0,1163.865454463517,-19.606209369487615,21,20571,442000,0.0003,20760670208.0,2815788.25,-0.10974735021591187,2.024086777428653e+19,41563475968.0,432001,40000.0,-2694953576634.24,,,,,,,
-3.9516505241393984,-0.2482967626356597,0.017146632712949517,-0.9569220539272333,0.0,1118.5346697520208,32.69465209594535,21,20646,444000,0.0003,16778009600.0,2798812.0,0.7855963706970215,3.6240193522566693e+19,33250252800.0,434001,40000.0,-2694953576634.24,,,,,,,
-4.335240341186516,-0.21834071003770106,-0.006524224602307844,-0.9644918268072767,0.0,1131.5828277283927,22.72235693080945,21,20721,446000,0.0003,25252331520.0,2778220.75,0.05764366686344147,8.242292764748389e+19,83435110400.0,436001,40000.0,-2694953576634.24,,,,,,,
-4.68480746459961,-0.25979787319718595,-0.02430979489917186,-0.9520229968526429,0.0,1109.0268098859628,-0.8649674727427937,21,20796,448000,0.0003,25455644672.0,2759899.25,-1.0037157535552979,4.3047173253104665e+19,57797132288.0,438001,40000.0,-2694953576634.24,,,,,,,
-3.8469708728790293,-0.23392188897493335,0.048480038403007616,-0.9578140159792214,0.0,1119.1625500681048,55.70699072119706,21,20871,450000,0.0003,12825767936.0,2700026.25,-0.9127814769744873,5.453345456913174e+19,65534627840.0,440001,40000.0,-2694953576634.24,,,,,,,
-4.307679088592531,-0.21119530570072262,-0.031949296731942474,-0.9630360794185446,0.0,1127.7804824741524,6.160562228427994,21,20946,452000,0.0003,24639977472.0,2743809.25,-1.4000976085662842,8.55289336467418e+19,99709935616.0,442001,40000.0,-2694953576634.24,,,,,,,
-4.323435895919797,-0.2601627920590599,-0.0017914141814631454,-0.9484406145632347,0.0,1100.886382596076,15.522176426740419,21,21022,454000,0.0003,27421411328.0,2716908.75,-2.280534029006958,1.3437964593059699e+20,74946011136.0,444001,40000.0,-2694953576634.24,,,,,,,
-3.870727212905884,-0.20920056829330955,0.04179132142359115,-0.9603402615657342,0.0,1121.48716352094,55.46485214624224,21,21097,456000,0.0003,18112026624.0,2740247.5,-2.520942449569702,7.636783794848426e+19,82206474240.0,446001,40000.0,-2694953576634.24,,,,,,,
-4.501765247344968,-0.2238608181432128,-0.05233214846403242,-0.9552822400107859,0.0,1112.130222134689,-14.780111070103295,21,21172,458000,0.0003,17689700352.0,2738084.5,1.2035561800003052,9.246599000089218e+19,62542577664.0,448001,40000.0,-2694953576634.24,,,,,,,
-3.872434886932372,-0.2507554572484601,0.03564012204604325,-0.9459922571870019,0.0,1094.471845346835,39.879480975009635,21,21247,460000,0.0003,26611628032.0,2732343.25,-0.1325799822807312,3.671764105376563e+19,42895319040.0,450001,40000.0,-2694953576634.24,,,,,,,
-3.7014718589782722,-0.18036000152406512,0.016595135474930925,-0.9616396385039153,0.0,1121.0629082334056,46.27185712348341,21,21322,462000,0.0003,20699580416.0,2703123.25,2.650932788848877,6.5080788139410194e+19,56074555392.0,452001,40000.0,-2694953576634.24,,,,,,,
-4.527184589385976,-0.2336971989743282,-0.05273340481702373,-0.9462612131246838,0.0,1093.0718645449056,-17.03161531932269,21,21397,464000,0.0003,19048947712.0,2706213.25,1.3664215803146362,8.160371231995357e+19,74756268032.0,454001,40000.0,-2694953576634.24,,,,,,,
-3.2983606090545647,-0.2236567023715248,0.06536341233176438,-0.9456593505836435,0.0,1090.9219608889932,60.5613359606222,21,21473,466000,0.0003,27078811648.0,2688361.25,-2.4924654960632324,2.471725888691608e+19,27551389696.0,456001,40000.0,-2694953576634.24,,,,,,,
-3.709987659454347,-0.16120373400076865,-0.023269808643389393,-0.9580410902667739,0.0,1111.4450841082,27.697394411820465,21,21548,468000,0.0003,24575836160.0,2664427.5,-1.6181576251983643,8.76679147713242e+19,64994213888.0,458001,40000.0,-2694953576634.24,,,,,,,
-4.3848273868560685,-0.24964942984372343,-0.03515419080114775,-0.9328631088805966,0.0,1065.2645496838552,-13.732285932146507,21,21624,470000,0.0003,33736380416.0,2657956.0,-2.12382435798645,2.05400338930881e+19,30186072064.0,460001,40000.0,-2694953576634.24,,,,,,,
-2.97036177444458,-0.18757790206213412,0.08446641453071385,-0.9427900955477395,0.0,1081.3014671289009,70.58332809308983,21,21699,472000,0.0003,18222256128.0,2649591.5,-1.8167592287063599,4.865589641559933e+19,43047972864.0,462001,40000.0,-2694953576634.24,,,,,,,
-3.9175412902832054,-0.1641646142559573,-0.07007039164923802,-0.9451354623015451,0.0,1083.7957155207635,-6.8030746703656515,21,21774,474000,0.0003,28191991808.0,2642339.25,0.2081955075263977,1.6308246734243365e+20,93263962112.0,464001,40000.0,-2694953576634.24,,,,,,,
-3.9435557155609113,-0.2547972950739596,0.007703103699178337,-0.9179012576553173,0.0,1032.929850128334,8.871359792048507,21,21849,476000,0.0003,20223164416.0,2647810.75,0.5314697027206421,9.705882819099623e+18,19089977344.0,466001,40000.0,-2694953576634.24,,,,,,,
-2.7621106624603273,-0.14573733990565238,0.07905444863818789,-0.9357496057995548,0.0,1061.5224492433815,78.71891132123753,21,21925,478000,0.0003,16750642176.0,2631064.0,-0.23622091114521027,6.830217249084041e+19,75441823744.0,468001,40000.0,-2694953576634.24,,,,,,,
-4.247636451721199,-0.17819248444509866,-0.10639303372960161,-0.9245161194568186,0.0,1041.30180881978,-38.74133338941837,21,22001,480000,0.0003,19140227072.0,2641953.75,0.28381264209747314,5.221711782094255e+19,50904571904.0,470001,40000.0,-2470377775505.731,,,,,,,
-1.5694864177703853,-0.08891118698034138,-0.09090479563990324,-0.9898694908949243,0.0,1183.7214934553617,53.727422568995934,21,22076,482000,0.0003,23753881600.0,2647482.5,0.8880282640457153,1.760790290342808e+20,66701238272.0,472001,40000.0,-2470377775505.731,,,,,,,
-3.346136848449708,-0.16854223323386386,-0.04638637914521544,-0.9780906302938288,0.0,1158.2295928488738,10.100665663008035,21,22151,484000,0.0003,15463226368.0,2631217.0,2.0223522186279297,1.3428492080484083e+20,121113460736.0,474001,40000.0,-2470377775505.731,,,,,,,
-3.290464517593383,-0.19978222479811425,0.014075810734557123,-0.9710039396890046,0.0,1144.4064250848978,35.32303086102175,21,22225,486000,0.0003,17460051968.0,2641535.5,-2.0530099868774414,1.499960799486437e+20,109225238528.0,476001,40000.0,-2470377775505.731,,,,,,,
-3.0426494121551513,-0.15969301882772174,0.013696099729120401,-0.9787851396301931,0.0,1158.2593391307412,46.08267471242019,21,22299,488000,0.0003,21117274112.0,2623607.25,0.1045939028263092,2.3322038004896236e+19,29992306688.0,478001,40000.0,-2470377775505.731,,,,,,,
-3.581514015197754,-0.18621681595903805,-0.031730906100876116,-0.9726654207172852,0.0,1146.9111556650926,12.64918400503957,21,22373,490000,0.0003,17860210688.0,2607874.25,-1.4898412227630615,3.826610966744164e+19,54712299520.0,480001,40000.0,-2470377775505.731,,,,,,,
-2.946767135620118,-0.18419107900099854,0.03862921069029839,-0.9721886285024793,0.0,1145.8118123893007,51.48242971583787,21,22447,492000,0.0003,13931421696.0,2592685.25,1.2845325469970703,5.517067433398606e+19,58928844800.0,482001,40000.0,-2470377775505.731,,,,,,,
-3.051767656326295,-0.1444660090759624,-0.009394832792234398,-0.979236093756046,0.0,1158.0291897103464,39.19714475432182,21,22521,494000,0.0003,13939964928.0,2572094.25,-0.19456173479557037,1.5490676276108198e+20,119770931200.0,484001,40000.0,-2470377775505.731,,,,,,,
-3.3914142589569094,-0.1895934430834357,-0.022231118578417135,-0.969308276198662,0.0,1139.4250678259968,16.14425641812916,21,22595,496000,0.0003,8299207680.0,2566852.75,1.3315531015396118,2.2462793857045103e+19,35657072640.0,486001,40000.0,-2470377775505.731,,,,,,,
-2.6068023128509474,-0.15928939296124037,0.04855600239567809,-0.9739274531621777,0.0,1147.6361825599613,59.6554079470451,21,22669,498000,0.0003,21634220032.0,2550696.0,-1.6753509044647217,1.2125811814518332e+20,76274352128.0,488001,40000.0,-2470377775505.731,,,,,,,
-3.023149688720703,-0.13790507700064203,-0.035054163984975746,-0.9769644562790255,0.0,1152.6301464416538,26.188801890607706,,,500000,0.0003,17240141824.0,2549205.25,0.2503751218318939,1.6071855252708734e+20,94472617984.0,490000,,,0.0,0.0,40000.0,-32571.524813923384,5606.620744555888,0.0,0.0
,,,,,,,20,23908,500000,0.0003,19661299712.0,2549030.25,-2.1082491874694824,8.504742781812474e+18,19550949376.0,490001,40000.0,-2470377775505.731,,,,,,,
-3.149639333724974,-0.19183091149114367,0.00024068927573972986,-0.9651549791755965,0.0,1130.1230196637737,26.320974582499307,20,23979,502000,0.0003,25384812544.0,2535958.75,0.7771230936050415,1.9004053972285024e+20,106883186688.0,492001,40000.0,-2470377775505.731,,,,,,,
-2.3761460494995137,-0.1317135732398153,0.04810602704567352,-0.9742799973118899,0.0,1146.211281616228,63.64673293690483,20,24050,504000,0.0003,16492352512.0,2571402.75,-0.15324342250823975,5.776528867907233e+19,84098867200.0,494001,40000.0,-2470377775505.731,,,,,,,
-3.125190317153927,-0.1415697982311275,-0.055770268400067304,-0.9712185210586239,0.0,1140.1532364767452,12.578449620255437,20,24121,506000,0.0003,23990360064.0,2530897.0,1.0951733589172363,9.957837008116122e+18,20348305408.0,496001,40000.0,-2470377775505.731,,,,,,,
-2.751607927322386,-0.18463918309892205,0.026290928414078717,-0.961277445363383,0.0,1120.6839847766723,39.072346130862414,20,24193,508000,0.0003,14324327424.0,2533715.25,1.4168972969055176,1.0746784979557024e+19,16990690304.0,498001,40000.0,-2470377775505.731,,,,,,,
-2.2771944160461417,-0.1084451058912791,0.03095078720092045,-0.9720395187534087,0.0,1139.1783544488267,70.66141610969608,21,24265,510000,0.0003,20829227008.0,2537449.0,2.4028406143188477,1.1997682645901037e+20,94409588736.0,500001,40000.0,-2470377775505.731,,,,,,,
-3.257978214263915,-0.15576647124367216,-0.06450684222531873,-0.961955336350548,0.0,1120.4426895517036,0.6570844779622779,21,24338,512000,0.0003,26993997824.0,2517445.5,0.3021303415298462,6.076261015294784e+19,56179470336.0,502001,40000.0,-2470377775505.731,,,,,,,
-2.363901880264282,-0.17070676454225878,0.05732651825541261,-0.9564493628881076,0.0,1109.1157917413984,53.48744418747291,21,24410,514000,0.0003,16004177920.0,2504275.5,-0.5785403251647949,4.209649151926442e+19,46938755072.0,504001,40000.0,-2470377775505.731,,,,,,,
-2.253247755050661,-0.08922082565432246,0.002234059286018592,-0.9669466381919241,0.0,1126.2303831178635,64.32097894712031,21,24484,516000,0.0003,20165511168.0,2499525.0,-1.9101390838623047,1.5766444347666045e+20,106189438976.0,506001,40000.0,-2470377775505.731,,,,,,,
-3.3053596839904795,-0.17246140752792485,-0.06173993018489369,-0.949883135962706,0.0,1094.7462651193553,-6.1916274680906715,21,24558,518000,0.0003,14263201792.0,2503014.75,1.6321043968200684,3.3862863565849887e+18,12509827072.0,508001,40000.0,-2470377775505.731,,,,,,,
-1.8828188781738275,-0.1431297563172665,0.08888541321528634,-0.9503811758419694,0.0,1094.387237857257,70.49893330429884,21,24632,520000,0.0003,14668634112.0,2480882.5,0.7561808228492737,5.985272030049809e+19,50712895488.0,510001,40000.0,-2280352216825.698,,,,,,,
-0.8822415046691893,-0.05271381648394888,-0.05269582679104872,-0.993341413471149,0.0,1187.3692696609592,69.22671159965724,21,24706,522000,0.0003,12692496384.0,2470261.0,0.7835585474967957,7.588739534761125e+19,72686616576.0,512001,40000.0,-2280352216825.698,,,,,,,
-2.2262058734893833,-0.10712283534317246,-0.04239734898506643,-0.9878372674101592,0.0,1175.9076699721793,38.96636332016375,21,24781,524000,0.0003,21104799744.0,2462001.0,1.3149681091308594,6.718483118250839e+19,52380229632.0,514001,40000.0,-2280352216825.698,,,,,,,
-2.227400156021117,-0.13910774328436828,0.012460158879786033,-0.9828071456045395,0.0,1165.843806624939,48.789161452051175,21,24854,526000,0.0003,19317835776.0,2449812.75,-0.2081468403339386,5.035925982934991e+19,59048902656.0,516001,40000.0,-2280352216825.698,,,,,,,
-1.8943624019622805,-0.09450266330292961,0.023463378791554416,-0.9882253196157796,0.0,1175.7536628092114,66.59953218281319,21,24929,528000,0.0003,15971391488.0,2430762.0,1.1091160774230957,1.3692585537578205e+19,34726277120.0,518001,40000.0,-2280352216825.698,,,,,,,
-2.3424198112487766,-0.1150119756279786,-0.037510187186496805,-0.9849567441325496,0.0,1169.46031738944,35.76713077298211,21,25004,530000,0.0003,13837511680.0,2434664.25,2.322307825088501,1.4972894260355924e+19,21795725312.0,520001,40000.0,-2280352216825.698,,,,,,,
-1.8795923671722403,-0.12709274145552713,0.0296495588551164,-0.9825988232863656,0.0,1164.6783100731534,57.755589543711764,21,25079,532000,0.0003,16780403712.0,2450925.0,-0.2006085067987442,6.011780485737349e+18,21932851200.0,522001,40000.0,-2280352216825.698,,,,,,,
-1.819310260772704,-0.07983691758035205,0.00754813061258472,-0.9877703195705821,0.0,1173.8317497314797,65.57905497703734,21,25154,534000,0.0003,21591678976.0,2451203.25,-0.3227075934410095,9.129030420754386e+19,74331521024.0,524001,40000.0,-2280352216825.698,,,,,,,
-2.2846118412017806,-0.12087999887763733,-0.036183773143446764,-0.9817924267793863,0.0,1162.5020855623252,32.835555866223864,21,25230,536000,0.0003,12336896000.0,2452964.0,-0.1856623888015747,1.3927187234085143e+19,31114080256.0,526001,40000.0,-2280352216825.698,,,,,,,
-1.6266147937774658,-0.11077622815906306,0.04744425360766412,-0.9820368772034032,0.0,1162.7206754390888,69.14503099646475,21,25305,538000,0.0003,24419028992.0,2450698.25,-1.813957691192627,1.400030779198434e+21,33563768832.0,528001,40000.0,-2280352216825.698,,,,,,,
-1.6810535030364993,-0.06719291391748462,-0.015915459628842752,-0.986076657000228,0.0,1169.4990802902996,59.396635240442166,21,25381,540000,0.0003,12564994048.0,2450018.25,0.6255601048469543,1.5826869988291405e+20,120086601728.0,530001,40000.0,-2280352216825.698,,,,,,,
-2.109203807830809,-0.12561511735886585,-0.026054267974858828,-0.978028221062569,0.0,1154.0409085770266,40.00781738546803,21,25456,542000,0.0003,20938014720.0,2447953.5,-2.068852663040161,3.1411749781839544e+19,40213999616.0,532001,40000.0,-2280352216825.698,,,,,,,
-1.3779076633453369,-0.08584785150267879,0.06043694811987977,-0.9809635071839133,0.0,1159.3219908253886,71.65864796972912,21,25531,544000,0.0003,15761092608.0,2450296.25,1.6470996141433716,3.6228158268289057e+19,57578237952.0,534001,40000.0,-2280352216825.698,,,,,,,
-1.643424798965454,-0.058830378563536186,-0.040076862527849165,-0.9825324390591841,0.0,1161.3684813787097,58.5427260418275,21,25606,546000,0.0003,16474996736.0,2487051.0,2.1454250812530518,6.422376060700066e+18,20737802240.0,536001,40000.0,-2280352216825.698,,,,,,,
-1.8106701316833511,-0.1224876882683924,-0.00309661295204394,-0.9741835188004966,0.0,1144.734564316015,45.354141342521245,21,25682,548000,0.0003,14603293696.0,2483358.5,-1.1248894929885864,2.1086638506650894e+19,27320739840.0,538001,40000.0,-2280352216825.698,,,,,,,
-1.054458852767944,-0.05911363297883029,0.053796549991329864,-0.9785386916776329,0.0,1152.2414633509063,78.63994076038655,21,25757,550000,0.0003,19579977728.0,2506022.0,1.7119321823120117,6.362717219483917e+19,57276489728.0,540001,40000.0,-2280352216825.698,,,,,,,
-1.7103181953430175,-0.06301302030514773,-0.057255072599930616,-0.9768338438775209,0.0,1148.5406197392667,47.35446442999669,21,25832,552000,0.0003,13663696896.0,2534080.25,0.7902306914329529,1.0193204624422968e+20,104398544896.0,542001,40000.0,-2280352216825.698,,,,,,,
-1.4756539382934553,-0.11217801706169063,0.022782762497904244,-0.9701939200449972,0.0,1134.9040119346894,56.17308006665795,21,25907,554000,0.0003,17770412032.0,2546059.0,1.6276708841323853,2.378797804739887e+19,41912492032.0,544001,40000.0,-2280352216825.698,,,,,,,
-0.7971884021759028,-0.03280037244887747,0.040988096600849254,-0.9746044646993743,0.0,1142.185395579107,79.86279607092067,21,25983,556000,0.0003,24276119552.0,2585285.5,-0.7048251628875732,1.295572846881947e+20,99229892608.0,546001,40000.0,-2280352216825.698,,,,,,,
-1.7852592239379883,-0.06971186081717491,-0.06925370019356293,-0.9698028228430795,0.0,1133.0182547853385,42.259814241575334,21,26058,558000,0.0003,14878566400.0,2599243.5,1.7425646781921387,2.8002463291268923e+19,40086462464.0,548001,40000.0,-2280352216825.698,,,,,,,
-1.027643964767453,-0.09897950618852645,0.05134370705663124,-0.9647950738553317,0.0,1122.4583055951891,63.68488437296308,21,26133,560000,0.0003,14441420800.0,2600505.5,-1.645167350769043,8.356150272437151e+19,59013001216.0,550001,40000.0,-2117473224249.6658,,,,,,,
0.021456727981567385,-0.009236503550787967,-0.00048041754515819844,-0.9835464214248039,0.0,1161.954405147715,77.70512240346247,21,26209,562000,0.0003,13809424384.0,2624157.75,2.1686880588531494,3.888969109006503e+19,66129530880.0,552001,40000.0,-2117473224249.6658,,,,,,,
-1.1712235908508282,-0.03485129273318259,-0.057269741517382323,-0.9812094763285413,0.0,1157.9968040845579,56.98368752843804,21,26284,564000,0.0003,8689895424.0,2640691.75,1.1801848411560059,7.916552329512773e+19,95353495552.0,554001,40000.0,-2117473224249.6658,,,,,,,
-1.2630844936370835,-0.09702320886681018,0.005975045141440629,-0.9750406952181276,0.0,1145.0325336352998,52.71063574392234,21,26360,566000,0.0003,10671973376.0,2696207.75,0.9914723634719849,9.386583542881845e+18,32785346560.0,556001,40000.0,-2117473224249.6658,,,,,,,
-0.5671324481964107,-0.025867853256753025,0.051805063017464605,-0.977852592459957,0.0,1149.8723192927118,72.96279633936324,21,26436,568000,0.0003,16244282368.0,2714940.25,-0.09410696476697922,2.2714569705275576e+20,114597076992.0,558001,40000.0,-2117473224249.6658,,,,,,,
-1.3637648105621356,-0.04635879923080102,-0.06461529884319724,-0.975013712785262,0.0,1143.9964427065538,52.77843866334289,21,26511,570000,0.0003,18675294208.0,2750579.0,-1.2900981903076172,9.859472059067374e+19,73108193280.0,560001,40000.0,-2117473224249.6658,,,,,,,
-0.8918613929748522,-0.0872130512972746,0.03528066754074139,-0.9702148173907726,0.0,1133.8832117099096,57.61287770218947,21,26587,572000,0.0003,17037920256.0,2806153.75,0.40705767273902893,1.6312544725196341e+19,36926218240.0,562001,40000.0,-2117473224249.6658,,,,,,,
-0.39678575897216845,0.0023308176631491894,0.03278731657756707,-0.9722393574785126,0.0,1136.4947555065833,69.25988043842037,21,26662,574000,0.0003,16390973440.0,2828874.75,-0.38888418674468994,5.266806712191209e+19,62976663552.0,564001,40000.0,-2117473224249.6658,,,,,,,
-1.303244863510134,-0.05430167165043711,-0.07359366108422667,-0.9671296171764022,0.0,1126.4432200320884,39.08026930803637,21,26738,576000,0.0003,21636796416.0,2827032.75,0.39774787425994873,3.5753580462438613e+19,45962194944.0,566001,40000.0,-2117473224249.6658,,,,,,,
-0.46850634193420326,-0.07089639410869418,0.06468450825367669,-0.9634862578622622,0.0,1118.5958667445034,63.17892949214352,21,26813,578000,0.0003,22080894976.0,2895658.5,0.6700052618980408,1.0557413892881908e+19,22776436736.0,568001,40000.0,-2117473224249.6658,,,,,,,
-0.35332038879394545,0.017645358665967805,-0.000447497955842198,-0.9640215827582094,0.0,1117.4896547725853,57.40550085117393,21,26888,580000,0.0003,9297502208.0,2892253.0,-0.2036900520324707,7.419490390483612e+19,80419307520.0,570001,40000.0,-2117473224249.6658,,,,,,,
-1.4153305931091318,-0.07092668034383781,-0.06580175333480161,-0.9566887892662741,0.0,1102.8906290628595,39.34502631091545,21,26963,582000,0.0003,19274496000.0,2957194.75,0.8917508125305176,4.622236052398224e+19,41556914176.0,572001,40000.0,-2117473224249.6658,,,,,,,
-0.0926081733703615,-0.048176054144797927,0.08902924851162847,-0.9541114975906954,0.0,1097.5440319048714,61.64264808075343,21,27039,584000,0.0003,19159085056.0,2982114.0,-0.0069657862186431885,5.259642734229271e+19,68451127296.0,574001,40000.0,-2117473224249.6658,,,,,,,
-0.438708963394165,0.027524063830094075,-0.036512419085638424,-0.9526123152976684,0.0,1092.316740003362,59.404063936737245,21,27114,586000,0.0003,11837628416.0,3064933.25,-0.5028278827667236,4.3773690954320445e+19,55808331776.0,576001,40000.0,-2117473224249.6658,,,,,,,
-1.2698026924133294,-0.08699622027591411,-0.046959142202106105,-0.9431394122049651,0.0,1072.7225226853573,30.509053021077296,21,27189,588000,0.0003,17008835584.0,3081525.0,-1.8648122549057007,2.0615913389544178e+19,41418203136.0,578001,40000.0,-2117473224249.6658,,,,,,,
0.3188994483947755,-0.01704512540333045,0.10527670271299093,-0.9404628994545364,0.0,1067.2930351605128,53.0612929050936,21,27265,590000,0.0003,14458885120.0,3151203.5,1.228776454925537,9.56828971409741e+19,89444712448.0,580001,40000.0,-2117473224249.6658,,,,,,,
-0.7169597015380857,0.024652513635647185,-0.07554601578058652,-0.9364984944764047,0.0,1057.0204410300214,46.04817698500779,21,27340,592000,0.0003,23003224064.0,3220067.5,-2.01916241645813,3.5742114755184165e+19,51822866432.0,582001,40000.0,-2117473224249.6658,,,,,,,
-1.042823305130004,-0.09658148439808778,-0.016912224415728663,-0.9256027334050101,0.0,1033.7964203746867,33.08825224935032,21,27415,594000,0.0003,10436272128.0,3241147.25,-0.018351733684539795,2.427341023203872e+19,48460292096.0,584001,40000.0,-2117473224249.6658,,,,,,,
0.6155457992553711,0.01758335523280208,0.11073580013095836,-0.9213416035476355,0.0,1025.4608637053955,39.91387057620618,21,27490,596000,0.0003,11931137024.0,3287560.0,0.7767912149429321,5.982670585538491e+19,76952567808.0,586001,40000.0,-2117473224249.6658,,,,,,,
-0.9496643886566162,0.01606317831783051,-0.11423383189652911,-0.9144910794368013,0.0,1010.8021879775813,35.64520545827339,21,27565,598000,0.0003,9363462144.0,3355891.25,-0.8280996084213257,1.6008547352302322e+19,28981022720.0,588001,40000.0,-2117473224249.6658,,,,,,,
-0.740931280136106,-0.10440729311447935,0.02020583099960818,-0.9014353297273396,0.0,982.030705899249,32.426932208314966,,,600000,0.0003,12897869824.0,3393099.5,-1.42401921749115,1.0444833797802295e+19,25937252352.0,590000,,,0.0,0.0,40000.0,-34653.633854218584,4351.689736952334,0.0,0.0
,,,,,,,20,28808,600000,0.0003,13828412416.0,3393144.75,-0.41567227244377136,9.462431373403043e+19,103702945792.0,590001,40000.0,-1976311267117.9268,,,,,,,
0.7340875091552739,0.022482758229910357,0.03561875489092502,-0.9705110592667682,0.0,1131.9033480727342,55.02933184420886,20,28881,602000,0.0003,10768096256.0,3435795.0,2.0443201065063477,5.04962589781708e+18,20551577600.0,592001,40000.0,-1976311267117.9268,,,,,,,
-0.40265780639648435,0.019116493122154667,-0.062018809961100416,-0.9682995807532185,0.0,1128.0195648441024,53.41438277332718,20,28954,604000,0.0003,13506146304.0,3525913.75,1.2231452465057373,5.2999108082802885e+19,76689981440.0,594001,40000.0,-1976311267117.9268,,,,,,,
-0.41775461769103994,-0.05879027991506092,0.00308562035381519,-0.9643464171410377,0.0,1118.7898414611786,48.80775254968233,20,29026,606000,0.0003,17507827712.0,3561907.75,1.371084451675415,4.829939956150226e+19,53047422976.0,596001,40000.0,-1976311267117.9268,,,,,,,
0.47466549873352126,0.026756359008026448,0.06509638235314945,-0.9619663955084009,0.0,1113.7183172657496,46.63603775423532,20,29099,608000,0.0003,8728954880.0,3623338.0,0.37384501099586487,4.0316206272034636e+19,59053903872.0,598001,40000.0,-1976311267117.9268,,,,,,,
-0.5336608257293701,0.010095583589655052,-0.0785401507371771,-0.9592698113065425,0.0,1107.7613808126493,47.00503969361433,20,29172,610000,0.0003,15681063936.0,3675633.75,0.357982873916626,3.5876598221400703e+19,62848266240.0,600001,40000.0,-1976311267117.9268,,,,,,,
-0.02393750953674261,-0.05178459647193646,0.0345369992960591,-0.9555357452013127,0.0,1098.867516657981,48.261439509666886,20,29245,612000,0.0003,16138739712.0,3763674.5,-1.206101894378662,1.654027535363898e+20,100942692352.0,602001,40000.0,-1976311267117.9268,,,,,,,
0.5820756111145017,0.05379282253911914,0.04480903348020091,-0.9510354033839615,0.0,1089.1100484197566,35.49869036875914,20,29321,614000,0.0003,18032375808.0,3786341.0,-1.1650276184082031,2.4688121828780016e+19,47405281280.0,604001,40000.0,-1976311267117.9268,,,,,,,
-0.6804758281707763,-0.009467446812203961,-0.09417038776268165,-0.9471510427363127,0.0,1081.1954741269956,36.664860371994,20,29396,616000,0.0003,18418147328.0,3865813.25,-0.6789993047714233,9.112633623751688e+19,75073224704.0,606001,40000.0,-1976311267117.9268,,,,,,,
0.2829729080200196,-0.04395810298546246,0.07178108154316017,-0.9426188437892653,0.0,1070.7750879134608,48.91915431709553,20,29471,618000,0.0003,11173896192.0,3886796.0,-0.03776443004608154,1.309737371397469e+20,79964487680.0,608001,40000.0,-1976311267117.9268,,,,,,,
0.4958932476043712,0.06997133141022845,0.015506988689959821,-0.9363109024855588,0.0,1056.1027674502734,32.00656869766563,20,29546,620000,0.0003,19341277184.0,3988375.25,3.2291133403778076,7.538165518320638e+19,58816819200.0,610001,40000.0,-1976311267117.9268,,,,,,,
-0.8010970401763916,-0.030675593472708065,-0.09362054227256499,-0.9312473999730012,0.0,1046.005247370637,31.637025417687223,20,29621,622000,0.0003,17716256768.0,4024789.0,-2.016099214553833,8.20327153688327e+19,60186468352.0,612001,40000.0,-1976311267117.9268,,,,,,,
0.7731764698028565,-0.021083397910330346,0.10598919958372427,-0.9254663875313557,0.0,1034.0971566034573,35.15833416796299,21,29697,624000,0.0003,18233714688.0,4086579.75,0.4902306795120239,1.0241219637500969e+19,23395600384.0,614001,40000.0,-1976311267117.9268,,,,,,,
0.38075333213806356,0.0833698911444046,-0.028856351528130524,-0.9162576687752703,0.0,1013.1070758165152,36.60288759047008,21,29772,626000,0.0003,21898379264.0,4132973.0,-1.845834493637085,4.1232187418902266e+19,47204139008.0,616001,40000.0,-1976311267117.9268,,,,,,,
-0.8029688777923577,-0.053237378310179925,-0.0779608640515608,-0.90941327263194,0.0,998.011305809435,22.61897145023858,21,29847,628000,0.0003,17230702592.0,4201763.0,0.09619423747062683,5.614459534559098e+19,53967728640.0,618001,40000.0,-1976311267117.9268,,,,,,,
1.2269980220794656,0.005162712582514066,0.13003593903533275,-0.9009169765755074,0.0,982.5601687351943,17.654903967896622,21,29922,630000,0.0003,12215666688.0,4267609.5,1.622076153755188,2.7722619989813887e+19,53737775104.0,620001,40000.0,-1976311267117.9268,,,,,,,
0.057462768554687384,0.08370778314820213,-0.06996312929062343,-0.8898259035350841,0.0,957.0659469520755,34.40924220735128,21,29997,632000,0.0003,16820815872.0,4350838.5,0.49522918462753296,3.809726866188036e+19,51914010624.0,622001,40000.0,-1976311267117.9268,,,,,,,
-0.6973848686218268,-0.0734139508798354,-0.05232846866097423,-0.8800563123949409,0.0,935.9294335752136,17.915507669347125,21,30072,634000,0.0003,16388159488.0,4405409.0,0.9175096154212952,3.2459399645156606e+19,40350756864.0,624001,40000.0,-1976311267117.9268,,,,,,,
1.5745547847747803,0.033693856570673426,0.13953422865961315,-0.8676448017281624,0.0,913.4450943422979,-3.812543786125656,21,30147,636000,0.0003,13993478144.0,4416000.5,-0.7492793202400208,2.554344951621301e+19,44434051072.0,626001,40000.0,-1976311267117.9268,,,,,,,
-0.2742104358673099,0.07937436520160433,-0.10828140565766636,-0.8539860559513113,0.0,884.777194567716,25.47857254590598,21,30222,638000,0.0003,25640562688.0,4547593.0,-0.10138814151287079,3.654663401029763e+19,58160279552.0,628001,40000.0,-1976311267117.9268,,,,,,,
-0.6216847629547116,-0.08989625191661216,-0.02352876056064875,-0.8402971409488406,0.0,854.835918333349,18.29468266835897,21,30298,640000,0.0003,25972670464.0,4576359.5,-2.235100030899048,7.340394162809314e+19,72442642432.0,630001,40000.0,-1852794389932.7927,,,,,,,
0.9214523639678958,0.034515703425250635,0.04466929003876044,-0.978816302895725,0.0,1151.6954950526476,38.554361613928556,21,30374,642000,0.0003,16457273344.0,4628820.5,0.49665191769599915,2.0230246491962212e+19,34509889536.0,632001,40000.0,-1852794389932.7927,,,,,,,
0.05673250961303688,0.03947432236096643,-0.04828738183748988,-0.9770841985312669,0.0,1148.068916859087,44.89466183113013,21,30450,644000,0.0003,14497099776.0,4677701.5,1.0632987022399902,5.018283219355697e+19,59906584576.0,634001,40000.0,-1852794389932.7927,,,,,,,
0.12874740219116215,-0.025120628371587423,0.0008980453530684193,-0.9763102642474132,0.0,1145.6071665779311,39.496700928135255,21,30525,646000,0.0003,13817071616.0,4738395.5,-0.2961648404598236,3.6330621756881502e+19,65631182848.0,636001,40000.0,-1852794389932.7927,,,,,,,
0.7747157173156738,0.043475320527600565,0.050350743047797665,-0.972948569668576,0.0,1138.6515808400884,32.841886076877145,21,30601,648000,0.0003,16534470656.0,4806693.5,-0.8135432004928589,6.491178880417451e+19,60719923200.0,638001,40000.0,-1852794389932.7927,,,,,,,
-0.045258800506591854,0.028624900607454335,-0.06495968585836055,-0.9714808901572531,0.0,1135.4280319038028,39.20328210988926,21,30677,650000,0.0003,18966018048.0,4906857.0,0.32376593351364136,2.569267523433477e+19,31615860736.0,640001,40000.0,-1852794389932.7927,,,,,,,
0.4101875362396239,-0.02144964671555304,0.03275345296294631,-0.9701655258283945,0.0,1131.673515660585,38.76365927783299,21,30752,652000,0.0003,17008292864.0,4923337.5,-1.0831923484802246,9.43408684324828e+19,58324455424.0,642001,40000.0,-1852794389932.7927,,,,,,,
0.7788073005676273,0.06380296953105771,0.032766923110493,-0.96520328176766,0.0,1120.9884514085015,25.47529815673316,21,30828,654000,0.0003,26807265280.0,5020490.0,-1.8593226671218872,7.779442789724455e+18,20562171904.0,644001,40000.0,-1852794389932.7927,,,,,,,
-0.2024051284790039,0.008051829263492892,-0.07662981578354039,-0.9636997819100276,0.0,1118.0459482980984,36.421697143430286,21,30904,656000,0.0003,13500946432.0,5049102.0,0.04278966784477234,3.1306618878038114e+19,40006508544.0,646001,40000.0,-1852794389932.7927,,,,,,,
0.6543844299316398,-0.010634289322791172,0.062255574085488326,-0.961340665357516,0.0,1111.904768526972,35.49010483386937,21,30980,658000,0.0003,13600964608.0,5163202.0,0.27740946412086487,4.194211129063165e+19,52461338624.0,648001,40000.0,-1852794389932.7927,,,,,,,
0.7253644599914553,0.07394078551049811,0.0034132079842468417,-0.9553044878900112,0.0,1098.5138676911117,26.861032616063984,21,31055,660000,0.0003,20505387008.0,5191662.0,-0.8528119325637817,5.8734341053189456e+19,53800681472.0,650001,40000.0,-1852794389932.7927,,,,,,,
-0.30326457023620573,-0.01264436165472692,-0.06957851546562915,-0.9536286192141683,0.0,1094.7426075016892,33.98852258778723,21,31131,662000,0.0003,11037459456.0,5218223.5,-1.225325345993042,5.070371483209957e+19,68653887488.0,652001,40000.0,-1852794389932.7927,,,,,,,
1.0028571891784677,0.00866951841224829,0.08708559851557315,-0.9495381984758183,0.0,1086.1446785989494,23.4207882056836,21,31207,664000,0.0003,10547141632.0,5248168.0,2.3062515258789062,7.332522099359089e+18,23640838144.0,654001,40000.0,-1852794389932.7927,,,,,,,
0.5143172645568854,0.08118912221933355,-0.03161749636229165,-0.9424828787713984,0.0,1070.2484360380256,29.468290040334765,21,31283,666000,0.0003,18157914112.0,5329686.0,-0.5842140913009644,1.2333650298493574e+20,84555595776.0,656001,40000.0,-1852794389932.7927,,,,,,,
-0.14920721435546846,-0.027490852964438907,-0.05151547684470642,-0.9406853363416252,0.0,1065.1281160659037,32.6667926722079,21,31359,668000,0.0003,10409905152.0,5421723.0,-1.5269196033477783,2.191645532529623e+19,34797096960.0,658001,40000.0,-1852794389932.7927,,,,,,,
1.2998066806793194,0.0330334460875071,0.09761525215361559,-0.9341903376354462,0.0,1052.580843045871,11.521651361148951,21,31435,670000,0.0003,11585729536.0,5439497.5,1.133323073387146,1.6895799359847793e+19,40021381120.0,660001,40000.0,-1852794389932.7927,,,,,,,
0.17793649864196764,0.07465824669896506,-0.06919861985155323,-0.9271607453051134,0.0,1037.2688135781048,31.110936537447866,21,31511,672000,0.0003,9939048448.0,5536180.5,0.7128870487213135,2.100713282084641e+19,49682391040.0,662001,40000.0,-1852794389932.7927,,,,,,,
-0.0044052028656005856,-0.04253186283481718,-0.015951139387970863,-0.9239046796890675,0.0,1027.7174879862182,25.036242854634448,21,31587,674000,0.0003,7540545536.0,5519964.0,-0.31058233976364136,8.490858148976919e+18,26656145408.0,664001,40000.0,-1852794389932.7927,,,,,,,
1.6140690612792965,0.06384733445216242,0.09827753503736647,-0.913191759071751,0.0,1007.5016677064856,-0.5671095642312557,21,31663,676000,0.0003,17198680064.0,5590147.5,-0.35040050745010376,2.9342334757946524e+19,38574698496.0,666001,40000.0,-1852794389932.7927,,,,,,,
-0.18893719673156736,0.06185624141832404,-0.10386917329632112,-0.9060342179441371,0.0,992.315539399168,31.802145639606174,21,31739,678000,0.0003,18641674240.0,5620049.5,0.7074015140533447,9.146042064659336e+19,75492638720.0,668001,40000.0,-1852794389932.7927,,,,,,,
0.25370093536377036,-0.04987721524385492,0.025207822175984322,-0.9006562233544103,0.0,978.0205629555223,14.928362208434592,21,31815,680000,0.0003,16508095488.0,5619948.0,0.22910892963409424,4.973364650923839e+19,51304849408.0,670001,40000.0,-1743809039024.569,,,,,,,
-0.7561727008819573,-0.020719082622064275,-0.033491888897648536,-0.9579867876903747,0.0,1102.8914397826688,32.86991292846183,21,31891,682000,0.0003,18086025216.0,5643289.0,1.6782680749893188,3.048213029274098e+19,35778891776.0,672001,40000.0,-1743809039024.569,,,,,,,
0.7243297595977786,-0.0070359893088200315,0.07496828279461491,-0.9546599810224338,0.0,1097.2067990828782,20.45321637813498,21,31966,684000,0.0003,10804215808.0,5637044.0,0.8360301852226257,4.192147125835504e+19,45242388480.0,674001,40000.0,-1743809039024.569,,,,,,,
0.7790148315429704,0.08390500622348997,-0.005065334702163993,-0.9470588050845362,0.0,1080.6675512769962,25.244701397623526,21,32042,686000,0.0003,10061128704.0,5638501.0,0.7302791476249695,5.339410983410467e+19,74386685952.0,676001,40000.0,-1743809039024.569,,,,,,,
-0.2120568504333495,-0.01322729826357262,-0.0688064285697261,-0.9455433610698261,0.0,1076.3198157475122,22.76806053677558,21,32118,688000,0.0003,6669116928.0,5625272.5,-0.08920784294605255,4.926997805775874e+19,68960763904.0,678001,40000.0,-1743809039024.569,,,,,,,
1.2087560958862318,0.015459921463553667,0.09617509262758095,-0.9404677231219202,0.0,1066.3649612996862,12.114834272213704,21,32193,690000,0.0003,16679624704.0,5614955.0,-1.7735459804534912,2.584008455924744e+19,27255496704.0,680001,40000.0,-1743809039024.569,,,,,,,
0.5360158481597891,0.08825156283555075,-0.0427885810066229,-0.9320399160465046,0.0,1047.6982607712455,22.1064435713201,21,32269,692000,0.0003,16488459264.0,5607880.0,-0.26169952750205994,1.172910406097489e+19,19351773184.0,682001,40000.0,-1743809039024.569,,,,,,,
-0.1712721157073972,-0.03156832218515904,-0.04762215132355753,-0.9299263674247331,0.0,1041.403321075414,22.63130388167649,21,32345,694000,0.0003,15290225664.0,5528852.0,-0.7828207612037659,1.970557713537355e+19,26560595968.0,684001,40000.0,-1743809039024.569,,,,,,,
1.5760541172027602,0.04350048373322473,0.10599658903613697,-0.9212854714092092,0.0,1024.98140105092,-0.5771226235065271,21,32420,696000,0.0003,13451729920.0,5499408.5,-0.17473477125167847,2.904547321551677e+19,43317358592.0,686001,40000.0,-1743809039024.569,,,,,,,
0.10527628707885742,0.07947564350901778,-0.08102239232654974,-0.9125789528941483,0.0,1006.0430167240773,31.14581913492833,21,32496,698000,0.0003,6583170560.0,5496666.5,-0.31761157512664795,1.1762966820087136e+20,125290536960.0,688001,40000.0,-1743809039024.569,,,,,,,
0.07085020637512189,-0.045919578486737445,-0.011775668947784625,-0.9084557712044725,0.0,994.267387220951,13.521201059877098,,,700000,0.0003,12248968192.0,5498286.5,0.8399674296379089,8.040944917814234e+19,67283435520.0,690000,,,0.0,0.0,40000.0,-35022.91035026167,4025.6759632786784,0.0,0.0
,,,,,,,20,33741,700000,0.0003,25171787776.0,5497578.5,0.20547595620155334,9.087929796498817e+19,103592132608.0,690001,40000.0,-1743809039024.569,,,,,,,
1.9512152309417712,0.0764851994910154,0.10801035630356717,-0.8944774135593424,0.0,968.3724680437709,-16.68822097557035,20,33813,702000,0.0003,7960181760.0,5483760.0,0.738935649394989,2.361541849351245e+19,53708636160.0,692001,40000.0,-1743809039024.569,,,,,,,
-0.19991698265075716,0.06951014423230596,-0.11935290106616599,-0.885137613490336,0.0,949.365617782687,17.873160944306004,20,33885,704000,0.0003,15984533504.0,5394985.0,0.5537047386169434,8.392858677593244e+18,22239401984.0,694001,40000.0,-1743809039024.569,,,,,,,
0.20914201736450233,-0.05625507101395832,0.03166730678062193,-0.8778492587778564,0.0,930.8533933720191,15.876592470104947,20,33956,706000,0.0003,9114771456.0,5348760.5,0.9124660491943359,1.2208062321150394e+19,31113424896.0,696001,40000.0,-1743809039024.569,,,,,,,
2.2511838874816887,0.10981421282012675,0.09701561008992876,-0.8562154309134125,0.0,890.0094887353862,-28.698639848708932,20,34028,708000,0.0003,15506306048.0,5196928.0,0.998225212097168,1.3595984644985061e+19,26354722816.0,698001,40000.0,-1743809039024.569,,,,,,,
-0.6727112274169926,0.05135962721565907,-0.16052162766016362,-0.845126737432402,0.0,870.4237850871733,8.451901846534616,20,34099,710000,0.0003,10521615360.0,5176435.0,-0.03754475712776184,5.002969221404033e+19,74975682560.0,700001,40000.0,-1743809039024.569,,,,,,,
0.4270791282653812,-0.06888883664681801,0.08307669315901178,-0.8306196051999964,0.0,838.2787657128233,-1.8266984514952316,20,34171,712000,0.0003,19044276224.0,5128134.5,-1.7861380577087402,7.700662781594305e+19,58262036480.0,702001,40000.0,-1743809039024.569,,,,,,,
2.6004568920135487,0.14208148159523612,0.0870134243405582,-0.7977440183822656,0.0,777.2795125007482,-45.67109676059006,20,34243,714000,0.0003,17162503168.0,5047658.0,-0.2585256099700928,8.601730152742781e+19,72525864960.0,704001,40000.0,-1743809039024.569,,,,,,,
-1.4132657489776612,0.02808142007452534,-0.20850082335939676,-0.7797620973768946,0.0,750.0954705804957,-22.534448734729235,20,34315,716000,0.0003,16471871488.0,4957605.0,-1.3344742059707642,1.7453548623269724e+19,39285497856.0,706001,40000.0,-1743809039024.569,,,,,,,
0.6850003738403325,-0.08192232463614903,0.13843845753597123,-0.7498943450150536,0.0,691.9995293160797,-12.146029444372903,20,34388,718000,0.0003,21975375872.0,4892628.5,-2.141258478164673,6.920853510998825e+19,55209496576.0,708001,40000.0,-1743809039024.569,,,,,,,
3.435248359680172,0.18199045556083374,0.09079987670394979,-0.6944457876617235,0.0,599.1269682460988,-84.80745827397301,20,34461,720000,0.0003,13120649216.0,4796171.0,-0.39019837975502014,1.05421020939535e+19,34484563968.0,710001,40000.0,-1646932848373.088,,,,,,,
-0.010213581085204978,0.0051471558431432285,0.004155065082013886,-0.9962969383352663,0.0,1191.8779139628862,32.05710207610229,20,34533,722000,0.0003,12886870016.0,4713242.5,1.786799430847168,1.980989220154717e+19,44855185408.0,712001,40000.0,-1646932848373.088,,,,,,,
0.7472616043090821,0.025424746672602975,0.0299386018486375,-0.9954259157824834,0.0,1190.3048440785362,25.537445750165173,20,34607,724000,0.0003,15098064896.0,4685179.5,-0.16144230961799622,8.595004440115675e+18,24545568768.0,714001,40000.0,-1646932848373.088,,,,,,,
0.7400402793884273,0.054012165411764665,-0.004954666299825558,-0.9938065686763513,0.0,1186.8662683697194,25.80449324922217,20,34680,726000,0.0003,12513293312.0,4649858.5,-0.38606929779052734,1.6087283599869687e+20,94873518080.0,716001,40000.0,-1646932848373.088,,,,,,,
0.38439342498779283,0.017900636168439725,-0.02194523902488103,-0.9947609269136667,0.0,1188.5975979353168,33.4004709316562,20,34754,728000,0.0003,12326952960.0,4549575.5,0.24486443400382996,4.7688625250319204e+19,68777820160.0,718001,40000.0,-1646932848373.088,,,,,,,
0.8888614330291748,0.03656513738363725,0.033514870724476446,-0.9935012726528276,0.0,1186.0126401817492,23.06766171499934,20,34828,730000,0.0003,12849244160.0,4533165.5,-1.645388126373291,5.147264289582193e+19,70567772160.0,720001,40000.0,-1646932848373.088,,,,,,,
0.619734479904174,0.05238225336909195,-0.022382026963101133,-0.9922659209604935,0.0,1183.4017198639344,29.831062386964792,20,34902,732000,0.0003,12834581504.0,4422444.5,-1.6433144807815552,8.586399112360886e+18,25041451008.0,722001,40000.0,-1646932848373.088,,,,,,,
0.32096729278564445,0.005450068086179546,-0.011176209577059167,-0.9932486263695333,0.0,1185.029140884736,30.976565274288983,20,34975,734000,0.0003,12685380608.0,4346873.5,-0.39864581823349,7.503799182882872e+19,89155059712.0,724001,40000.0,-1646932848373.088,,,,,,,
0.8927705135345458,0.04463080908454746,0.03825197631719337,-0.9910209434243814,0.0,1180.51966352168,22.20812439135429,20,35049,736000,0.0003,19828250624.0,4213283.0,-1.4498896598815918,7.146960600571891e+19,53773676544.0,726001,40000.0,-1646932848373.088,,,,,,,
0.3186434993743901,0.038337566076455006,-0.051190025520365286,-0.9903142010455006,0.0,1179.2864104474033,31.900717533063865,21,35122,738000,0.0003,15662087168.0,4151448.5,-4.3470587730407715,1.40548161249118e+20,83874136064.0,728001,40000.0,-1646932848373.088,,,,,,,
-0.0747536430358887,-0.02696043793820688,0.00780613451039891,-0.9899198866125393,0.0,1178.1166211213674,26.344893840160235,21,35196,740000,0.0003,9350810624.0,4149315.25,1.012267827987671,2.5363952043955323e+19,48921305088.0,730001,40000.0,-1646932848373.088,,,,,,,
0.8387406425476074,0.04845091061190391,0.04228619912825898,-0.9870125363396008,0.0,1171.7003855453559,20.05959185506091,21,35270,742000,0.0003,16203463680.0,4175136.0,0.4821518063545227,1.4449849981953114e+19,27858266112.0,732001,40000.0,-1646932848373.088,,,,,,,
-0.03760372352600105,0.0172603379296305,-0.0743552600295015,-0.9860994734383207,0.0,1170.2205574730976,26.139073765290018,21,35344,744000,0.0003,8480865280.0,4117288.0,-1.5880573987960815,1.1945054741739864e+20,118781722624.0,734001,40000.0,-1646932848373.088,,,,,,,
-0.16636106109619125,-0.03794160947703229,0.042522616479566566,-0.9842925813740321,0.0,1165.8618465452246,27.344071647509697,21,35418,746000,0.0003,17280368640.0,4051998.25,-0.11317837238311768,4.531955152641537e+19,49879969792.0,736001,40000.0,-1646932848373.088,,,,,,,
0.8301573467254633,0.06033764903240659,0.03028994401344033,-0.9806309574833555,0.0,1157.006448359402,18.816953329014662,21,35492,748000,0.0003,15336844288.0,4006017.25,-2.303524971008301,3.986700299553001e+19,50561261568.0,738001,40000.0,-1646932848373.088,,,,,,,
-0.48036665916442894,-0.00914263357379665,-0.09561985470464884,-0.9788201951622671,0.0,1154.6045763571324,18.941600851790984,21,35566,750000,0.0003,10877873152.0,3963187.75,-0.060874998569488525,3.0673335364811227e+19,48383287296.0,740001,40000.0,-1646932848373.088,,,,,,,
0.06726452636718798,-0.0348347266025103,0.08243043310477513,-0.9754686509806589,0.0,1146.9822152669385,23.676616631437636,21,35640,752000,0.0003,13514283008.0,3851461.75,-1.1119977235794067,4.466685063784196e+19,58926612480.0,742001,40000.0,-1646932848373.088,,,,,,,
0.747588205337524,0.0708294141662816,0.004278484160461771,-0.9708764287543443,0.0,1134.566435139646,22.786932084832944,21,35714,754000,0.0003,17553391616.0,3813101.75,-0.029151886701583862,1.884263862845309e+19,24946870272.0,744001,40000.0,-1646932848373.088,,,,,,,
-0.8124765491485593,-0.03970560489019951,-0.10195501119134337,-0.9671471160986305,0.0,1128.8515521952208,9.177012365215363,21,35788,756000,0.0003,16627490816.0,3743906.5,0.7411168217658997,6.164745313051686e+19,78172979200.0,746001,40000.0,-1646932848373.088,,,,,,,
0.4169980430603024,-0.019762850590900986,0.11868141881341639,-0.9623689240987047,0.0,1118.9316675150171,15.54737624713611,21,35862,758000,0.0003,19882930176.0,3665395.0,-2.8202929496765137,5.431305966236729e+19,74480492544.0,748001,40000.0,-1646932848373.088,,,,,,,
0.49851481628417976,0.07632426629525611,-0.03687602229858091,-0.956426925152535,0.0,1102.5550691203323,30.54572340545374,21,35936,760000,0.0003,14703450112.0,3579325.25,-1.7123379707336426,2.1493723340986122e+18,9609598976.0,750001,40000.0,-1560254624910.67,,,,,,,
-2.0306896133422825,-0.0738050565227871,-0.1045166942979419,-0.9333478347258787,0.0,1053.2474030903195,-11.967345477961532,21,36010,762000,0.0003,15331502080.0,3553649.25,-1.5221326351165771,2.1067986391397302e+19,40991846400.0,752001,40000.0,-1560254624910.67,,,,,,,
0.17876000976562534,-0.062243729890365765,0.15480102357677283,-0.9213446090190354,0.0,1033.4376273439352,10.164136489105495,21,36085,764000,0.0003,18337062912.0,3503760.5,-2.3841042518615723,3.166167757092605e+19,41491341312.0,754001,40000.0,-1560254624910.67,,,,,,,
1.037929147720337,0.11131775914595651,-0.0003698259793318972,-0.9084141552472442,0.0,997.7392906351549,11.108806802332785,21,36159,766000,0.0003,7001985024.0,3403048.25,2.5900049209594727,1.0527668145108707e+20,86532956160.0,756001,40000.0,-1560254624910.67,,,,,,,
-1.536614484786989,-0.06989100804991415,-0.15726549713062765,-0.8949617362708392,0.0,976.9486222953412,-30.52552141185866,21,36233,768000,0.0003,19200667648.0,3394594.75,-2.7447996139526367,1.548582523080645e+19,27948754944.0,758001,40000.0,-1560254624910.67,,,,,,,
1.2583751850128169,-0.01527513317924869,0.19289300990220007,-0.8773635754122417,0.0,941.6181849810994,-19.651989267227545,21,36307,770000,0.0003,13184346112.0,3338331.75,-0.6904878616333008,6.6379170634325295e+19,62920273920.0,760001,40000.0,-1560254624910.67,,,,,,,
0.979504804611206,0.13502838434515324,-0.04267316591999913,-0.8561379580325728,0.0,890.1545141598123,15.077290911677649,21,36382,772000,0.0003,15057380352.0,3341660.5,-0.1405586302280426,8.351300986354008e+18,14775829504.0,762001,40000.0,-1560254624910.67,,,,,,,
-1.6965592555999705,-0.09904409327007793,-0.14262552078832086,-0.835349453231274,0.0,858.8358388271355,-36.12794336756338,21,36456,774000,0.0003,11483983872.0,3313995.75,-2.300536870956421,3.5760274289228513e+19,60960243712.0,764001,40000.0,-1560254624910.67,,,,,,,
2.567552448272706,0.03677328391720344,0.21912187034523756,-0.8049697050549601,0.0,800.9000487437235,-73.00456728182802,21,36530,776000,0.0003,21320071168.0,3245666.25,-0.18004614114761353,5.041479836069213e+19,49702268928.0,766001,40000.0,-1560254624910.67,,,,,,,
0.7314467964172382,0.15910669520676574,-0.08498286512022482,-0.7719546447756824,0.0,731.0895715935183,15.811987285037052,21,36604,778000,0.0003,5872236544.0,3174371.25,-0.47196513414382935,2.0978890765175357e+19,34883649536.0,768001,40000.0,-1560254624910.67,,,,,,,
-2.001976186752318,-0.12400142257871524,-0.1225551088587226,-0.7370440002381475,0.0,681.8308812176705,-56.98309811146429,21,36678,780000,0.0003,9494872064.0,3183782.0,-0.6380476355552673,7.585635723387077e+18,17931851776.0,770001,40000.0,-1560254624910.67,,,,,,,
4.053463247299196,0.06976824087887773,0.2403835352564252,-0.6866962385773678,0.0,594.6246140922847,-130.24285117253245,21,36752,782000,0.0003,11181775872.0,3099758.0,2.4400827884674072,4.634170591410756e+19,51173093376.0,772001,40000.0,-1560254624910.67,,,,,,,
0.5182801055908205,0.19590012959057482,-0.10385550447158408,-0.6289679812264128,0.0,496.72216318452115,3.09338335365156,21,36826,784000,0.0003,8334142976.0,3091403.25,1.4329259395599365,5.183204246061633e+19,50853711872.0,774001,40000.0,-1560254624910.67,,,,,,,
-3.074500900268552,-0.13574364795831875,-0.14904241979602043,-0.5683565486962268,0.0,430.34925497391623,-89.29788677286136,21,36901,786000,0.0003,18421909504.0,3082727.0,0.19294482469558716,4.601788214754148e+19,48519213056.0,776001,40000.0,-1560254624910.67,,,,,,,
5.8113208751678505,0.08212841796644015,0.28650295356800026,-0.48615331807046963,0.0,324.5326880506223,-145.63812396959278,21,36976,788000,0.0003,14088171520.0,3035457.75,-1.2527493238449097,4.861732554769695e+19,46116052992.0,778001,40000.0,-1560254624910.67,,,,,,,
2.298695024490363,0.27019919869969194,-0.07790324336747705,-0.3664212262368938,0.0,193.07028577747323,-45.9174552665695,21,37051,790000,0.0003,12275605504.0,3031798.0,0.048763275146484375,4.933859637942498e+19,48831287296.0,780001,40000.0,-1560254624910.67,,,,,,,
-5.642213678359978,-0.054485230086062486,-0.2892486511019719,-0.28302930354873196,0.0,142.07812834685816,-86.2734524592797,21,37127,792000,0.0003,13722480640.0,3007341.0,0.02648603916168213,6.248126997246404e+19,61329334272.0,782001,40000.0,-1560254624910.67,,,,,,,
0.5143777294158929,-0.05686012231318815,0.32896191172020384,-0.16652896292144634,0.0,84.83521194749663,36.639765255780624,21,37203,794000,0.0003,19323293696.0,2975795.75,-1.5247489213943481,6.230303473955504e+19,74486521856.0,784001,40000.0,-1560254624910.67,,,,,,,
19.129075225830068,0.39063852156812073,0.14871478383053835,-0.05104199354237308,0.0,73.00482331405895,-10.4898661550389,21,37278,796000,0.0003,19495063552.0,2930264.0,-1.5160917043685913,9.48337135245171e+18,25109774336.0,786001,40000.0,-1560254624910.67,,,,,,,
-1.4627983245849616,0.4574754472313826,0.0627149950434347,-0.02988117547889072,0.0,68.06742344101735,31.182067237150306,21,37353,798000,0.0003,8415947776.0,2906709.25,-0.5225387215614319,3.22492587838328e+18,15183525888.0,788001,40000.0,-1560254624910.67,,,,,,,
21.31840018844603,0.49881635288927373,-0.05953114594775018,-0.07021653745644521,0.0,87.04302101307242,3.8701664643030047,,,800000,0.0003,16154650624.0,2859907.0,0.4545155167579651,9.465394777142224e+19,71705444352.0,790000,,,0.0,0.0,40000.0,-30488.64933914672,7059.831889812708,0.0,0.0
,,,,,,,20,38609,800000,0.0003,10221657088.0,2859672.25,-1.6006457805633545,1.1865941801488823e+20,79160123392.0,790001,40000.0,-1482243039678.0962,,,,,,,
2.0311783561706536,0.0796434547540285,0.08123378758749905,-0.9405361184667035,0.0,1068.163470839424,-4.297210988048312,20,38682,802000,0.0003,10423401472.0,2823678.25,0.8377740383148193,1.6191304876536365e+19,31519152128.0,792001,40000.0,-1482243039678.0962,,,,,,,
-0.4533427200317378,0.03728034784050649,-0.13310815093208012,-0.9340928709364097,0.0,1056.4417476704343,13.409955976752896,20,38754,804000,0.0003,19172716544.0,2747082.0,1.0938513278961182,8.635365532850402e+19,65425125376.0,794001,40000.0,-1482243039678.0962,,,,,,,
-0.9989661579132095,-0.10877221517760231,0.039644841524996755,-0.918800784455276,0.0,1026.566661215845,6.7528757763842275,20,38827,806000,0.0003,11841062912.0,2666496.75,2.338214635848999,5.863278136315504e+19,58382090240.0,796001,40000.0,-1482243039678.0962,,,,,,,
1.8626461372375456,0.09235513434034404,0.09640366990589538,-0.9033720431504889,0.0,990.0496508212601,-25.844728511160096,20,38900,808000,0.0003,15602321408.0,2655774.25,-1.9897757768630981,2.921011408665995e+19,37336862720.0,798001,40000.0,-1482243039678.0962,,,,,,,
-1.1093446331024184,0.01438453796732566,-0.16702968664047788,-0.8927843738327083,0.0,969.942190167714,-8.451233306631043,20,38974,810000,0.0003,11723524096.0,2629107.5,1.8407423496246338,1.9811178630151668e+19,47083057152.0,800001,40000.0,-1482243039678.0962,,,,,,,
-0.25839854621887387,-0.09461592117378453,0.12356868684214832,-0.8696800684780364,0.0,928.3035841079585,-11.32549336225322,20,39047,812000,0.0003,11284772864.0,2650231.0,-0.2773372232913971,4.419804526803734e+19,50951168000.0,802001,40000.0,-1482243039678.0962,,,,,,,
2.625031717300415,0.14615707265871483,0.05951954497256019,-0.8393975826874412,0.0,858.2154995703295,-41.60667336390646,20,39121,814000,0.0003,13817016320.0,2677650.5,0.25552743673324585,5.253425655681175e+19,59169570816.0,804001,40000.0,-1482243039678.0962,,,,,,,
-1.7473859443664554,-0.0017810806882334802,-0.21123580734730685,-0.8224412358745321,0.0,832.6536991937005,-39.62974592891916,20,39196,816000,0.0003,11827702784.0,2630840.75,-1.4758634567260742,5.4840350254676574e+19,73056722944.0,806001,40000.0,-1482243039678.0962,,,,,,,
0.7188249893188465,-0.06972285626947289,0.1879850944455617,-0.7876908486178277,0.0,770.6747020854517,-38.86412418062105,20,39270,818000,0.0003,15473694720.0,2613025.0,-1.2335243225097656,1.1346762966164623e+20,87233388544.0,808001,40000.0,-1482243039678.0962,,,,,,,
3.2726124076843206,0.18773623387355096,0.04433879433968798,-0.738592962363649,0.0,670.6652998721424,-47.437776845594314,20,39344,820000,0.0003,11455741952.0,2623629.75,0.3426276445388794,2.615168615455916e+19,44574535680.0,810001,40000.0,-1482243039678.0962,,,,,,,
-2.439356897354126,-0.006832914118987148,-0.25810203138240784,-0.7110113780638445,0.0,638.2982466841735,-75.44509897316568,20,39419,822000,0.0003,13247040512.0,2627491.0,-0.5234033465385437,4.263936878840906e+19,62052757504.0,812001,40000.0,-1482243039678.0962,,,,,,,
1.6638359470367436,-0.043264969556639624,0.24759514186950107,-0.6573561215512329,0.0,551.7907606717799,-51.60544337333942,20,39493,824000,0.0003,7650720256.0,2616733.25,0.08197082579135895,1.978387775643399e+19,40981766144.0,814001,40000.0,-1482243039678.0962,,,,,,,
5.038354227066043,0.24203835365772186,0.050972717769324834,-0.5749603581281201,0.0,420.2637856057675,-78.85875007558711,20,39568,826000,0.0003,8122163712.0,2633664.75,-0.6069025993347168,2.321084439397925e+19,45903683584.0,816001,40000.0,-1482243039678.0962,,,,,,,
-3.1544881896972647,0.040176521679382425,-0.3052255372262452,-0.5336182318131167,0.0,388.1463427216219,-83.09902607461483,20,39643,828000,0.0003,12030580736.0,2623479.75,-1.3145077228546143,2.7844160005148246e+19,52479979520.0,818001,40000.0,-1482243039678.0962,,,,,,,
0.5949701385498063,-0.08204753058325796,0.256861092963153,-0.44821891388362595,0.0,283.9576608737713,-10.17666859514053,20,39718,830000,0.0003,15382935552.0,2591973.25,-0.934959888458252,1.5597826762867527e+20,105953542144.0,820001,40000.0,-1482243039678.0962,,,,,,,
10.944578742980958,0.293528177831902,0.1126723391307482,-0.32599191284437684,0.0,165.71735878944187,-117.67768718836736,20,39793,832000,0.0003,18789457920.0,2589319.75,-2.191227912902832,4.7944503596335235e+19,54527549440.0,822001,40000.0,-1482243039678.0962,,,,,,,
-3.175060586929318,0.24276941132585106,-0.18533612749698702,-0.27287225601060483,0.0,127.55914245542031,22.8700969723284,20,39868,834000,0.0003,11266064384.0,2617322.25,-0.9996089935302734,7.842470094763459e+18,27797348352.0,824001,40000.0,-1482243039678.0962,,,,,,,
-5.226397771835326,-0.1536938074810211,-0.09839446915639802,-0.15409178322644138,0.0,90.89687442218455,-46.18940540710957,20,39943,836000,0.0003,16172466176.0,2609936.75,0.28967148065567017,6.446897369022726e+18,13607502848.0,826001,40000.0,-1482243039678.0962,,,,,,,
0.19883641433715912,0.1846104407271706,0.33732249306258677,-0.09955475577835837,0.0,72.54072945328393,15.147926649598919,20,40019,838000,0.0003,11107137536.0,2585224.0,-1.0353999137878418,1.7535458116370432e+18,9670791168.0,828001,40000.0,-1482243039678.0962,,,,,,,
19.471637140274048,0.4416666661567172,0.0030937558000979424,-0.07359862693890397,0.0,69.5587680238145,-6.8846678945640924,20,40094,840000,0.0003,12083068928.0,2597796.25,-0.25244808197021484,5.558406871579728e+19,68213899264.0,830001,40000.0,-1411661178779.7275,,,,,,,
0.9979387302398667,0.03772107880574579,0.0390559992142776,-0.9743521463330576,0.0,1141.2516811946489,21.33784377518445,20,40168,842000,0.0003,9720422400.0,2559324.25,0.8157486915588379,1.156970016371481e+19,32325687296.0,832001,40000.0,-1411661178779.7275,,,,,,,
-0.46261968040466295,0.01255509935307776,-0.07415898790410581,-0.9719933660993638,0.0,1137.01521139135,21.634576214392094,20,40243,844000,0.0003,9472175104.0,2546403.75,0.8529662489891052,5.591118661920018e+19,54671314944.0,834001,40000.0,-1411661178779.7275,,,,,,,
-0.513071292877197,-0.06269971881469519,0.019718532877354693,-0.967310489222583,0.0,1126.2378204484164,23.740129631579414,20,40318,846000,0.0003,12082030592.0,2560298.25,-0.3060848116874695,7.747984002835179e+19,62208126976.0,836001,40000.0,-1411661178779.7275,,,,,,,
0.6008061981201169,0.036374023254971195,0.04979987550928751,-0.9641975958285655,0.0,1118.8374593762233,18.5833149726126,20,40393,848000,0.0003,10737510400.0,2548352.25,0.3860797882080078,7.735562160269217e+19,58976116736.0,838001,40000.0,-1411661178779.7275,,,,,,,
-0.7811896305084237,-0.006742376660667719,-0.08404488688187016,-0.9607472587426152,0.0,1111.4378756248293,13.826475958724858,21,40467,850000,0.0003,9293211648.0,2512346.5,-1.8176060914993286,6.629261268094026e+18,16555127808.0,840001,40000.0,-1411661178779.7275,,,,,,,
-0.0797734146118165,-0.05643311935318796,0.06577743287668078,-0.9552762426328671,0.0,1100.8300964723749,26.053094689982398,21,40542,852000,0.0003,9393506304.0,2509159.5,-0.2773170471191406,2.170391972764713e+19,44943183872.0,842001,40000.0,-1411661178779.7275,,,,,,,
0.7023739986419681,0.06440760900440287,0.016969806677087956,-0.9490056236663961,0.0,1084.4914026297397,11.178604620400083,21,40617,854000,0.0003,6872960512.0,2514012.25,0.5950563549995422,1.658571371619287e+18,8911727616.0,844001,40000.0,-1411661178779.7275,,,,,,,
-1.0860521812438975,-0.03155093218248465,-0.09791737201591064,-0.9433598426243713,0.0,1073.246570928356,4.615633790834343,21,40693,856000,0.0003,19129573376.0,2512140.5,-1.748250126838684,1.1327201774697185e+19,20397484032.0,846001,40000.0,-1411661178779.7275,,,,,,,
0.6739890251159666,-0.027014541008839762,0.1247182548837168,-0.935045929451658,0.0,1059.3296098697567,3.795598239866682,21,40768,858000,0.0003,14375130112.0,2503530.5,0.06672956049442291,4.212304252605196e+19,49636696064.0,848001,40000.0,-1411661178779.7275,,,,,,,
0.7974901733398417,0.08890905932734854,-0.03847622860674315,-0.9239773121809564,0.0,1030.0229719111348,15.152359953323174,21,40844,860000,0.0003,11770861568.0,2482674.25,1.4859423637390137,5.2642488083403506e+19,69050294272.0,850001,40000.0,-1411661178779.7275,,,,,,,
-1.2369186172485334,-0.05790301848045111,-0.09405147084658813,-0.9156734395262671,0.0,1012.6779706027874,-3.351543184252929,21,40919,862000,0.0003,13545055232.0,2501914.5,1.125206470489502,2.6429339228851667e+19,51439271936.0,852001,40000.0,-1411661178779.7275,,,,,,,
1.8617516784667973,0.030538538988583597,0.16991430060334767,-0.8998956666836622,0.0,987.0512439932228,-29.56360162620834,21,40994,864000,0.0003,7296162816.0,2532971.25,0.10717615485191345,6.399885550353908e+18,25437347840.0,854001,40000.0,-1411661178779.7275,,,,,,,
0.560544172286987,0.09938617651299507,-0.09169381273019092,-0.885025271867784,0.0,948.4253138529467,20.175592936513713,21,41069,866000,0.0003,14981757952.0,2525310.75,-0.9681992530822754,7.521246233392421e+19,80291528704.0,856001,40000.0,-1411661178779.7275,,,,,,,
-1.2249998874664314,-0.08693720935305685,-0.05239068341868205,-0.870704807044749,0.0,922.3622741061425,2.8292189118764908,21,41144,868000,0.0003,10696706048.0,2512365.5,-0.566733717918396,1.9059402947822617e+19,37658656768.0,858001,40000.0,-1411661178779.7275,,,,,,,
3.064140956878664,0.09258994501868631,0.1688210036505078,-0.842013253511787,0.0,869.6333231358858,-76.6818816822651,21,41219,870000,0.0003,14242051072.0,2538005.5,0.8294248580932617,3.4973463768392008e+19,45688459264.0,860001,40000.0,-1411661178779.7275,,,,,,,
0.032221559524537056,0.10266863037887311,-0.14012419133563522,-0.8243062373561788,0.0,829.0940709501655,13.846682249364648,21,41294,872000,0.0003,8863351808.0,2518012.0,1.6387839317321777,1.9825500868615078e+19,41361915904.0,862001,40000.0,-1411661178779.7275,,,,,,,
-1.0780863265991212,-0.10199881955185362,0.009373778691660426,-0.7995069534126837,0.0,786.8872410283955,-15.570887796837466,21,41369,874000,0.0003,8838799360.0,2555931.25,-0.1808522790670395,1.4518624434270503e+19,31978156032.0,864001,40000.0,-1411661178779.7275,,,,,,,
4.387429376602172,0.1408652880032891,0.15005879159452,-0.7541383036996859,0.0,703.4966586939896,-102.79718615375205,21,41444,876000,0.0003,11153202176.0,2588241.0,-1.6245065927505493,7.828966992462742e+19,59482742784.0,866001,40000.0,-1411661178779.7275,,,,,,,
-0.6591292076110843,0.10803463040848356,-0.1775310680225322,-0.7306199601133575,0.0,660.3542396671355,10.829963019932332,21,41519,878000,0.0003,12639124480.0,2601659.0,0.8403031826019287,5.678524558672396e+19,38650597376.0,868001,40000.0,-1411661178779.7275,,,,,,,
-1.0626195220947234,-0.10514225918053614,0.06135474537608976,-0.6898130333768133,0.0,599.2639332157563,-58.45016478170291,21,41594,880000,0.0003,12117017600.0,2635755.25,0.4399557113647461,1.43964730904711e+19,30812055552.0,870001,40000.0,-1347496516284.919,,,,,,,
-0.6777465858459477,-0.023982533175446897,-0.03229547016733363,-0.9837717425637607,0.0,1162.6827353966912,24.479086298003356,21,41669,882000,0.0003,5351537152.0,2600413.75,-0.6532472968101501,1.2851050563808684e+20,78140358656.0,872001,40000.0,-1347496516284.919,,,,,,,
0.2138644771575928,-0.018148634751248442,0.0534483543548555,-0.9823503930260183,0.0,1160.2577800981296,26.357737724183053,21,41745,884000,0.0003,8909849600.0,2595582.25,0.11473396420478821,1.8996746178202173e+20,115836387328.0,874001,40000.0,-1347496516284.919,,,,,,,
0.1911458454132078,0.03779741407359778,-0.010930514737428116,-0.9804071750096343,0.0,1155.044363730447,27.25977127102211,21,41820,886000,0.0003,11906458624.0,2628350.5,-0.24422088265419006,1.549939848194902e+20,113187938304.0,876001,40000.0,-1347496516284.919,,,,,,,
-0.45335993957519616,-0.02727843286126739,-0.04089270762457029,-0.9786106538816944,0.0,1151.1317607855729,21.08222446640002,21,41895,888000,0.0003,6365241344.0,2628034.75,1.3123588562011719,1.5926428127358616e+19,36270620672.0,878001,40000.0,-1347496516284.919,,,,,,,
0.48231200981140127,-0.0014492798823333233,0.06306541565313198,-0.9768641104086637,0.0,1147.6185622216428,22.512585575254036,21,41972,890000,0.0003,12170929152.0,2603048.75,0.4327898919582367,6.67527143166994e+19,55760465920.0,880001,40000.0,-1347496516284.919,,,,,,,
0.01700379943847666,0.03847124947783728,-0.033611640883131476,-0.9746606632821674,0.0,1142.0657108397902,27.766692017248413,21,42046,892000,0.0003,17374369792.0,2610850.25,-0.4161679744720459,4.271880630449262e+19,62168326144.0,882001,40000.0,-1347496516284.919,,,,,,,
-0.35728733825683634,-0.037990763907803524,-0.02292902000392221,-0.9723329938817913,0.0,1136.6510675778495,22.440505756448264,21,42121,894000,0.0003,10432456704.0,2624510.75,0.14539241790771484,7.114650351878065e+19,61659324416.0,884001,40000.0,-1347496516284.919,,,,,,,
0.7559983062744148,0.02358261321965102,0.06817728290458866,-0.9692660487570898,0.0,1130.5355731880602,15.924110311092505,21,42197,896000,0.0003,15073603584.0,2609145.25,-0.8529984951019287,4.40965559467471e+19,57268641792.0,886001,40000.0,-1347496516284.919,,,,,,,
-0.21449487304687492,0.02978719491083436,-0.06393072379816878,-0.9666532578499045,0.0,1124.3044916052936,22.75294901684713,21,42272,898000,0.0003,6045641728.0,2647376.5,0.020118609070777893,2.4405991543139205e+18,11247412224.0,888001,40000.0,-1347496516284.919,,,,,,,
-0.17318621253967248,-0.044599319063411316,0.010036381800608132,-0.9636355713826539,0.0,1116.7018464322116,22.328410008407634,,,900000,0.0003,9415001088.0,2645309.5,0.04964049160480499,2.9492503857044914e+19,53537656832.0,890000,,,0.0,0.0,40000.0,-33246.80933987778,5702.7543205505,0.0,0.0
,,,,,,,20,43520,900000,0.0003,14467959808.0,2645190.75,0.04962736368179321,9.419799789156958e+18,18279241728.0,890001,40000.0,-1347496516284.919,,,,,,,
0.8865479717254647,0.047244861014103065,0.058087312739672416,-0.9588121354160687,0.0,1106.7473987964763,11.1071060043779,20,43593,902000,0.0003,9118486528.0,2622876.75,-0.5584394335746765,4.6421363332516676e+19,69184462848.0,892001,40000.0,-1347496516284.919,,,,,,,
-0.4795594062805179,0.014336733717410144,-0.08279243436595977,-0.9558321506698322,0.0,1100.1674832638755,20.168925614927225,20,43665,904000,0.0003,3723260160.0,2636346.25,0.6415809988975525,1.2411409300126171e+19,27859576832.0,894001,40000.0,-1347496516284.919,,,,,,,
0.2641219596862791,-0.03762998848976174,0.054175491513423914,-0.9517009741559278,0.0,1090.8788843251907,20.086559237993992,20,43738,906000,0.0003,10308186112.0,2680739.75,-1.2535629272460938,7.260849334390882e+18,24596058112.0,896001,40000.0,-1347496516284.919,,,,,,,
0.9407862606048616,0.07340579785657951,0.026372232057196104,-0.9438798822084289,0.0,1073.0090372443838,9.630060353799202,20,43811,908000,0.0003,12292634624.0,2669835.25,-1.130327820777893,1.3724996116708065e+18,8994511872.0,898001,40000.0,-1347496516284.919,,,,,,,
-0.6475993022918696,-0.006648471799603409,-0.09229738265696506,-0.9402432606855816,0.0,1065.375765764778,11.959592056978138,20,43885,910000,0.0003,4683361280.0,2669160.5,-1.2236738204956055,7.924025490144441e+19,90416250880.0,900001,40000.0,-1347496516284.919,,,,,,,
0.8189230022430426,-0.016209915532897808,0.09913510382488308,-0.9342522889284949,0.0,1053.7422785089843,5.736144360828369,20,43959,912000,0.0003,3202552832.0,2687648.75,0.10908966511487961,1.8310248501214183e+19,43994882048.0,902001,40000.0,-1347496516284.919,,,,,,,
0.9073071937561005,0.0916897572939686,-0.01624843299002489,-0.9232817990184591,0.0,1027.688844963874,16.877631790710293,20,44032,914000,0.0003,14402831360.0,2739468.75,-1.4467490911483765,1.843787541291991e+19,45468069888.0,904001,40000.0,-1347496516284.919,,,,,,,
-0.7775745143890388,-0.031826304924272526,-0.09226611082558275,-0.918187248786459,0.0,1017.1643743293445,5.93403043951249,20,44105,916000,0.0003,10674586624.0,2720154.75,0.3250628113746643,1.7711819506587795e+19,30105014272.0,906001,40000.0,-1347496516284.919,,,,,,,
1.8842024326324467,0.034265594119319905,0.14606530547034963,-0.9042382254916781,0.0,993.8028572701996,-25.410560260971565,20,44178,918000,0.0003,4537686016.0,2727339.5,1.5399041175842285,1.7680195353149702e+19,27965231104.0,908001,40000.0,-1347496516284.919,,,,,,,
0.7798692607879634,0.10696037307246524,-0.06920766564250232,-0.8903766496102508,0.0,958.8831283605427,18.03839314476262,20,44251,920000,0.0003,12794612736.0,2715973.5,-0.6071774363517761,7.786174879519002e+19,49353773056.0,910001,40000.0,-1288911616833.7437,,,,,,,
-0.5830596637725826,-0.01819366039491704,-0.027009018347442963,-0.978192541333048,0.0,1149.4984364564393,25.40580214277075,20,44324,922000,0.0003,15005569024.0,2729816.75,0.08130323886871338,1.6964085629002449e+19,35243261952.0,912001,40000.0,-1288911616833.7437,,,,,,,
0.5999181728363037,-0.0014574917057758189,0.06394037881909417,-0.9760362639174638,0.0,1145.8234519646498,18.750394687207358,20,44398,924000,0.0003,7455029760.0,2757968.0,2.3362677097320557,4.2103425589344993e+18,18220984320.0,914001,40000.0,-1288911616833.7437,,,,,,,
0.5610313167572012,0.06208707148864662,-0.01341443164188679,-0.9719074422881419,0.0,1136.0666472463827,21.335202146609458,20,44471,926000,0.0003,6929492480.0,2751728.25,0.9962589740753174,3.3313361739147903e+19,63133224960.0,916001,40000.0,-1288911616833.7437,,,,,,,
-0.20904653167724535,-0.014610722762850895,-0.044777290948700615,-0.9709753998354855,0.0,1133.5757406714756,23.684110664971502,20,44545,928000,0.0003,8501408256.0,2755751.5,1.3438348770141602,1.6976777291721867e+19,25668816896.0,918001,40000.0,-1288911616833.7437,,,,,,,
0.9556535472869861,0.019563818726065132,0.07315526460019336,-0.9676878103819561,0.0,1126.9326052410563,13.161991296040156,20,44618,930000,0.0003,9738280960.0,2759596.5,1.1981557607650757,3.3987019319346725e+19,52991647744.0,920001,40000.0,-1288911616833.7437,,,,,,,
0.32522656059265137,0.06153192093152707,-0.043046650547139444,-0.9634503055855076,0.0,1117.1279152602706,22.474834535749228,20,44692,932000,0.0003,11895480320.0,2784196.5,0.48329368233680725,3.3489842151498973e+19,62627139584.0,922001,40000.0,-1288911616833.7437,,,,,,,
-0.09236108016967806,-0.028055637245792162,-0.0236173788701253,-0.9619766785592279,0.0,1112.8300138933616,22.69702098195946,20,44766,934000,0.0003,11729147904.0,2804936.25,0.488817036151886,4.804765537920667e+19,68145950720.0,924001,40000.0,-1288911616833.7437,,,,,,,
1.2365829277038574,0.04644136698993033,0.07769205943128205,-0.9560261238045066,0.0,1101.0506706813208,3.8349756962252504,20,44839,936000,0.0003,12382655488.0,2802679.5,-1.6161468029022217,9.953987617907278e+18,17313304576.0,926001,40000.0,-1288911616833.7437,,,,,,,
0.091412464141845,0.05360198658431368,-0.07020170600343226,-0.9520444580425493,0.0,1091.815777983827,22.06662329297854,20,44913,938000,0.0003,11527720960.0,2820903.25,-0.8671857118606567,2.9166195194200064e+19,56937320448.0,928001,40000.0,-1288911616833.7437,,,,,,,
0.17569637870788585,-0.030187764616137328,0.014225998801214728,-0.9497888120158992,0.0,1085.5027186872348,19.45272984315238,20,44987,940000,0.0003,13682098176.0,2814271.5,-0.9143526554107666,2.204739836407133e+19,34789556224.0,930001,40000.0,-1288911616833.7437,,,,,,,
1.484018613815308,0.07438453776232208,0.05925378532153739,-0.9405618504508984,0.0,1066.4465637786568,1.9200829735842535,20,45060,942000,0.0003,8684090368.0,2820015.5,0.5202028751373291,3.93970145512139e+19,54923866112.0,932001,40000.0,-1288911616833.7437,,,,,,,
-0.33278957748413085,0.03080099231006803,-0.09771009371790003,-0.9369195289793155,0.0,1058.6060419218848,17.776603077176894,20,45134,944000,0.0003,2147175552.0,2832008.75,2.4433953762054443,7.837310292852736e+16,2282561536.0,934001,40000.0,-1288911616833.7437,,,,,,,
0.5271370964050289,-0.03002274841412209,0.06594958868720742,-0.9321461802265552,0.0,1047.7782824978524,11.032954566443241,20,45208,946000,0.0003,11859472384.0,2837791.75,-0.30184921622276306,1.378219573524195e+19,34736050176.0,936001,40000.0,-1288911616833.7437,,,,,,,
1.5676907424926734,0.10223753989767108,0.030436879380321157,-0.9181859408320335,0.0,1017.7483044060325,-0.6951218069350756,20,45281,948000,0.0003,9283796992.0,2825547.75,-1.2118330001831055,2.488331153098932e+18,19425050624.0,938001,40000.0,-1288911616833.7437,,,,,,,
-0.5885460700988769,0.007371552677772221,-0.11122096978568757,-0.914133994902623,0.0,1009.0963527042368,8.45671983504553,20,45355,950000,0.0003,9350587392.0,2824828.25,-1.0229287147521973,1.3949270925129023e+19,32381259776.0,940001,40000.0,-1288911616833.7437,,,,,,,
1.4820955238342266,0.007798178577492707,0.13381231477634883,-0.9030002258980726,0.0,990.1191843558456,-20.607715901387767,20,45429,952000,0.0003,10788113408.0,2845884.25,0.8027504682540894,1.7395844054020784e+19,40253243392.0,942001,40000.0,-1288911616833.7437,,,,,,,
1.6664251441955535,0.13239709236830535,-0.031554133335855335,-0.8830527778219537,0.0,943.6588131511196,7.2959146246852145,20,45502,954000,0.0003,9041005568.0,2841813.5,-0.2821063995361328,3.414692129537419e+19,47644291072.0,944001,40000.0,-1288911616833.7437,,,,,,,
-0.7022583847045893,-0.01934377343729567,-0.10988749381535143,-0.8785554751604766,0.0,933.5468343057228,2.7144894551267993,20,45577,956000,0.0003,11855738880.0,2848659.5,1.1482421159744263,4.684088419311786e+19,59761217536.0,946001,40000.0,-1288911616833.7437,,,,,,,
2.7076045532226574,0.060158718642690547,0.17451169646848808,-0.8568543888155131,0.0,898.6443509522381,-55.425860060682794,20,45652,958000,0.0003,6689910784.0,2879202.75,1.8585268259048462,1.879559712297032e+19,45620412416.0,948001,40000.0,-1288911616833.7437,,,,,,,
1.340330339431766,0.14407389052455494,-0.08065353488719741,-0.8347980382845314,0.0,847.3899837541987,14.754554287358049,20,45726,960000,0.0003,9930869760.0,2903393.0,2.165442705154419,9.814114345691382e+18,27836291072.0,950001,40000.0,-1235208717237.2285,,,,,,,
1.2279767799377455,0.051809929398992954,0.0574280700110006,-0.9744279510283657,0.0,1142.595504854962,10.778254088928515,21,45800,962000,0.0003,2662942976.0,2893767.5,2.788259267807007,2.16129285433789e+19,50572984320.0,952001,40000.0,-1235208717237.2285,,,,,,,
0.3149042358398444,0.05104081092881024,-0.05837093813400746,-0.9723073741087896,0.0,1137.5938296030251,22.224815808502644,21,45874,964000,0.0003,7034685952.0,2904298.5,1.2706117630004883,2.7814877811477316e+19,39314022400.0,954001,40000.0,-1235208717237.2285,,,,,,,
0.4242564983367916,-0.009298349107138724,0.017854812097220472,-0.9718789642268288,0.0,1135.191386406632,21.823386993412907,21,45948,966000,0.0003,8798788608.0,2875377.5,-0.001102447509765625,2.8776796554153427e+19,33264678912.0,956001,40000.0,-1235208717237.2285,,,,,,,
1.3208651657104495,0.07350070924938278,0.04174516118989284,-0.9650490755800443,0.0,1121.4153659495955,7.403509047455572,21,46022,968000,0.0003,5331373568.0,2916614.0,1.5191179513931274,8.245800646645645e+18,27811747840.0,958001,40000.0,-1235208717237.2285,,,,,,,
0.10353169059753424,0.03658312199882576,-0.07015920039598078,-0.9639635275451015,0.0,1118.3786764661768,23.303734379093726,21,46096,970000,0.0003,2482891520.0,2900166.25,2.224393606185913,2.0334885158151782e+17,5298054144.0,960001,40000.0,-1235208717237.2285,,,,,,,
0.790957429885865,-0.002201544062685997,0.04834279998761739,-0.9624769416255073,0.0,1114.2617026664843,17.747100973078915,21,46170,972000,0.0003,7177933824.0,2938399.0,-0.8587812781333923,4.488717517586222e+19,59317420032.0,962001,40000.0,-1235208717237.2285,,,,,,,
1.260475872039795,0.09139730359261444,0.017057643520086537,-0.953445193082016,0.0,1095.541417652889,10.204474968577996,21,46245,974000,0.0003,11303701504.0,2939393.75,-0.34935662150382996,1.1394280340279892e+20,80447012864.0,964001,40000.0,-1235208717237.2285,,,,,,,
-0.0886476669311522,0.014267815154859033,-0.0766785367264107,-0.9527729020732458,0.0,1092.8701779772666,16.669720676367902,21,46319,976000,0.0003,10756811776.0,2941786.0,-4.4181413650512695,9.209595595963394e+19,84416995328.0,966001,40000.0,-1235208717237.2285,,,,,,,
1.2548555660247809,0.014439146533804579,0.08475082540091573,-0.9484839039956166,0.0,1084.0842716325765,3.652045750591413,21,46393,978000,0.0003,9909458944.0,2953612.5,0.3224664330482483,4.991079102661263e+19,74323451904.0,968001,40000.0,-1235208717237.2285,,,,,,,
1.076193653106689,0.09974723947656275,-0.019709478276281063,-0.9382498984804883,0.0,1061.3401802699789,12.142068881403608,21,46467,980000,0.0003,13377052672.0,2965135.75,-0.19779238104820251,6.320059686763417e+19,69106991104.0,970001,40000.0,-1235208717237.2285,,,,,,,
-0.19844374275207566,-0.008418250897967511,-0.0680791488171121,-0.9373982444502128,0.0,1058.2110297908519,17.454848306368536,21,46541,982000,0.0003,8225908736.0,2994097.0,-0.20558150112628937,2.1094962084551066e+18,15911374848.0,972001,40000.0,-1235208717237.2285,,,,,,,
1.788324125289917,0.04311593534052095,0.10802033763279534,-0.9287151367778451,0.0,1041.719321008992,-12.464907709249802,21,46615,984000,0.0003,2581221120.0,2967996.0,1.5943266153335571,1.366467553441874e+19,39675326464.0,974001,40000.0,-1235208717237.2285,,,,,,,
0.7358993339538554,0.10015394461120153,-0.05833728282024667,-0.9183043552588193,0.0,1018.1308204938015,16.8689493352365,21,46690,986000,0.0003,10952921088.0,2971258.5,-2.094590663909912,6.857754627752854e+18,24791136256.0,976001,40000.0,-1235208717237.2285,,,,,,,
-0.02359009552001933,-0.029643982967892234,-0.03950251674734382,-0.915939132707633,0.0,1011.1184181356989,23.7084306889424,21,46765,988000,0.0003,10639066112.0,2993466.0,0.43162333965301514,1.3053241956063668e+20,103932960768.0,978001,40000.0,-1235208717237.2285,,,,,,,
2.577401552200311,0.09262640661161592,0.11860551591194037,-0.8976662831073079,0.0,978.2863967802074,-43.779343427928744,21,46839,990000,0.0003,6553829888.0,2955627.25,-0.4754352569580078,4.770635267629384e+18,21609091072.0,980001,40000.0,-1235208717237.2285,,,,,,,
0.20633127593994188,0.09286192906600836,-0.10658510818657854,-0.888222799184673,0.0,955.7845610153611,20.888741050789235,21,46913,992000,0.0003,9778026496.0,2977743.25,-1.2413716316223145,3.7150078976969933e+18,10571343872.0,982001,40000.0,-1235208717237.2285,,,,,,,
0.3534875946044923,-0.036393557602326855,0.03629118732485211,-0.8820380985545051,0.0,942.7813875641086,6.468911060938617,21,46987,994000,0.0003,6039408128.0,3001435.75,1.4184751510620117,9.060000441934702e+19,104020819968.0,984001,40000.0,-1235208717237.2285,,,,,,,
3.4608094177246103,0.14640683424044143,0.08237673938023833,-0.851291760462746,0.0,882.8599604207433,-55.47422655770898,21,47061,996000,0.0003,7256755200.0,3006002.0,0.364226758480072,2.255307035875528e+19,35214790656.0,986001,40000.0,-1235208717237.2285,,,,,,,
-0.36432564735412587,0.0756949912220741,-0.14719966119921724,-0.8435920455348613,0.0,866.4755807837064,5.177832519453038,21,47135,998000,0.0003,7330856960.0,2993577.25,-2.836822032928467,1.1226504101778948e+19,28672669696.0,988001,40000.0,-1235208717237.2285,,,,,,,
0.8781328105926511,-0.021610283972913428,0.11406679175930934,-0.829387510586954,0.0,840.8762415233612,-27.75245384833102,,,1000000,0.0003,17739018240.0,2999947.75,-1.3128961324691772,7.907307635746433e+19,76242534400.0,990000,,,0.0,0.0,40000.0,-33828.05320627555,4847.619565891222,0.0,0.0
,,,,,,,20,48367,1000000,0.0003,10613867520.0,3000279.5,0.10721752792596817,4.222713109283026e+19,67867996160.0,990001,40000.0,-1185802024509.0378,,,,,,,
