rollout/acrobot_xk_applied_torque,rollout/acrobot_xk_elbow_norm,rollout/acrobot_xk_elbow_rate_norm,rollout/acrobot_xk_energy_error_norm,rollout/acrobot_xk_homoclinic_capture,rollout/acrobot_xk_lyapunov,rollout/acrobot_xk_lyapunov_rate,time/fps,time/time_elapsed,time/total_timesteps,train/learning_rate,train/actor_loss,train/alpha,train/alpha_loss,train/critic_loss,train/fraction,train/n_updates,rollout/ep_len_mean,rollout/ep_rew_mean,eval/best_strict_capture_mean_max_duration,eval/best_strict_capture_success_rate,eval/mean_ep_length,eval/mean_reward,eval/std_reward,eval/strict_capture_mean_max_duration,eval/strict_capture_success_rate
0.16444204149208963,0.05720172041100774,0.055611130896396375,-0.9795063632537645,0.0,1248.9239109804373,421.0740785193409,2181,0,2000,0.0003,,,,,,,,,,,,,,,
-0.865974239045287,-0.20084783676960927,0.15341664067191527,-0.8946539950015402,0.0,1358.8021318791946,-45.816956280913395,2186,1,4000,0.0003,,,,,,,,,,,,,,,
1.1113113708785691,0.12286296867520968,-0.4457699493025721,-0.8812854662124706,0.0,1224.5006747221717,-55.976424411461686,2192,2,6000,0.0003,,,,,,,,,,,,,,,
1.1824752173707829,0.32970008108385757,0.5815790581927426,-0.8194392652343152,0.0,1189.9162667322976,-9.324105258919257,2198,3,8000,0.0003,,,,,,,,,,,,,,,
-0.2839860376138239,-0.22386498792373405,-0.5319198314753583,-0.812795296106054,0.0,1265.7804121781028,344.6025690101646,1211,8,10000,0.0003,0.07690060138702393,1.0,-0.0,3365369.0,67.56505584716797,1,,,,,,,,,
-2.299455688476565,-0.08436013150281234,0.1461929038741552,-0.9600562438493736,0.0,1163.9718854831888,-63.40843968341345,157,76,12000,0.0003,16425.369140625,1.6686105728149414,-0.8614917993545532,757540.8125,3018.421142578125,2001,,,,,,,,,
-4.902538770675663,-0.23037123417517608,-0.2195795098181441,-0.9284652407238456,0.0,1073.8852959986223,-175.46459843772888,95,146,14000,0.0003,68629.265625,2.396328926086426,-1.104445457458496,133208.78125,2108.50146484375,4001,,,,,,,,,
-5.03773688507081,-0.5100387878895339,-0.023676545499192528,-0.7803810603054129,0.0,856.8546496005354,-25.894406955076857,73,216,16000,0.0003,103630.4453125,4.709529876708984,-3.449064016342163,221380.640625,5946.23388671875,6001,,,,,,,,,
8.218953193664525,0.32189573158300866,0.6999218056293456,-0.5397594375443785,0.0,767.3963826190177,-632.6222689474705,62,286,18000,0.0003,51094.35546875,9.458518981933594,-5.016460418701172,853010.75,7752.1474609375,8001,,,,,,,,,
0.06231187629699552,0.4021447700785499,-0.1977327212253397,-0.3372028056557625,0.0,217.50449467967576,-131.2822233160505,55,357,20000,0.0003,50340.890625,14.403386116027832,-3.0201592445373535,478189.1875,4363.46923828125,10001,,,,,,,,,
6.206706487655641,0.08465388424481585,-0.25791008030071955,-0.4606834651250259,0.0,297.47943417787513,159.10737384159643,51,427,22000,0.0003,66717.78125,20.556724548339844,-1.8871110677719116,1810437.375,11938.4306640625,12001,,,,,,,,,
4.982079164505003,0.04893768957382501,0.19262851041609,-0.4847467983067816,0.0,302.588023417278,-24.533153005969226,48,497,24000,0.0003,74407.890625,31.85464859008789,-1.2089052200317383,1593159.625,6943.89111328125,14001,,,,,,,,,
0.19331653022766418,0.2950500503263256,-0.04761391545725311,-0.3255783839476741,0.0,181.29195310547414,-100.09329559776772,45,568,26000,0.0003,77510.1875,46.20851135253906,-0.8531418442726135,2250316.75,7944.3623046875,16001,,,,,,,,,
-1.2502078456878662,0.018144503518511258,-0.14571954700568923,-0.2646441300808557,0.0,95.74801893688392,-10.354005387905621,43,638,28000,0.0003,77332.2890625,51.46108627319336,0.5682201385498047,2308965.0,7384.6796875,18001,,,,,,,,,
2.209032930374142,-0.05311838886709233,0.07059859567246468,-0.2536918713679116,0.0,85.33466629133288,74.54341729217538,42,708,30000,0.0003,72597.2109375,46.97454071044922,-0.10045795887708664,2924192.0,8143.3779296875,20001,,,,,,,,,
16.436808835983246,0.28788922630272007,0.27424545927228833,-0.04636608217180872,0.0,89.14766485586831,3.793659909953972,41,778,32000,0.0003,70826.5234375,39.471920013427734,0.052799154072999954,1620584.75,4832.4189453125,22001,,,,,,,,,
6.796581920623781,0.3700528781896012,-0.037421602631687235,0.14639180147083752,0.0,73.51383401727288,29.240272738933623,40,848,34000,0.0003,66045.5,44.923709869384766,-0.2559993267059326,2320318.75,7560.4013671875,24001,,,,,,,,,
17.77930635261533,0.38602741342334074,-0.01946915309300762,0.20969242277274744,0.0,103.22500187234947,-22.487208284476655,39,919,36000,0.0003,60734.41796875,45.16792297363281,0.17445355653762817,3064675.5,8927.9150390625,26001,,,,,,,,,
23.23058546638489,0.39700469174196074,0.04337744537464065,0.2307561837086995,0.0,115.77706041620019,71.47813748330066,38,989,38000,0.0003,57590.94140625,36.6451530456543,-0.26174575090408325,1647162.25,5542.65283203125,28001,,,,,,,,,
19.669559619903563,0.45696947588691655,0.0785122838015831,0.32925845199536014,0.0,212.90882415339752,182.13719941428667,37,1059,40000,0.0003,56739.484375,34.42160415649414,-0.39326342940330505,1446148.625,6537.04296875,30001,40000.0,-23849101.172234,,,,,,,
3.3989446029663077,0.1809289643846286,0.14891714771878356,-0.9693208599939523,0.0,1164.5087726794397,-40.977366724329684,37,1130,42000,0.0003,58862.2109375,34.598880767822266,0.3221273124217987,3022844.75,8480.515625,32001,40000.0,-23849101.172234,,,,,,,
2.879527338027956,0.18342185019990642,-0.0501724850103583,-0.9707499420343356,0.0,1143.1535010749838,36.86232658555709,36,1200,44000,0.0003,70077.375,28.903257369995117,0.13770334422588348,1740496.25,5927.7080078125,34001,40000.0,-23849101.172234,,,,,,,
3.807250780105591,0.1737081668620451,0.0681959983182464,-0.9702521884852557,0.0,1142.9724466447929,-27.45315087691432,36,1271,46000,0.0003,80207.109375,33.248992919921875,-0.13284659385681152,1840423.5,8550.02734375,36001,40000.0,-23849101.172234,,,,,,,
10.663553274154674,0.44360776227574683,0.3640608982609576,-0.834657678952774,0.0,978.4176594860526,-342.50246227085654,35,1341,48000,0.0003,83053.2265625,38.88296890258789,0.21419374644756317,3826780.0,10479.58203125,38001,40000.0,-23849101.172234,,,,,,,
-10.885758058547975,-0.3993171753095592,0.3942080795214978,-0.2881200391032937,0.0,907.593150173092,-120.08370828161348,35,1412,50000,0.0003,89023.90625,40.355125427246094,-0.4259333610534668,3203493.75,7597.86376953125,40001,40000.0,-23849101.172234,,,,,,,
-13.961232625961287,-0.7500943821688738,0.04765135198017474,-0.1436271294279734,0.0,578.8864048408825,172.3854332842815,35,1483,52000,0.0003,80196.359375,56.54690170288086,-0.773277997970581,6121559.5,17096.966796875,42001,40000.0,-23849101.172234,,,,,,,
-17.294075263977007,-0.7489008912637702,-0.07847229980434264,-0.11576225574707312,0.0,624.0969977268736,-139.2306718105281,34,1553,54000,0.0003,69012.9375,48.41766357421875,-0.5244597792625427,3654153.5,6634.85400390625,44001,40000.0,-23849101.172234,,,,,,,
-10.129219341278105,-0.07178953279057675,-0.518817228171759,-0.11241128699757047,0.0,624.4379350864735,-208.94255345396851,34,1624,56000,0.0003,66963.0625,53.03126907348633,-0.9783047437667847,4536398.0,6621.69580078125,46001,40000.0,-23849101.172234,,,,,,,
0.6772840480804445,0.24939446620170144,-0.338944455961899,-0.4738177987133565,0.0,357.65815840332334,86.22640064285532,34,1695,58000,0.0003,60518.96484375,59.31930923461914,-0.12682731449604034,7072234.0,8703.998046875,48001,40000.0,-23849101.172234,,,,,,,
1.0069121131896976,-0.06799741282467263,0.013475962559836699,-0.48792145650205004,0.0,332.240269738697,-147.96113580103346,33,1766,60000,0.0003,60943.4375,55.53108596801758,-0.3892747759819031,7379587.0,11967.5869140625,50001,40000.0,-23849101.172234,,,,,,,
16.28722051048281,0.33895429648519165,0.33594338362685716,-0.24568782127152197,0.0,207.1619126756533,-152.79772002442888,33,1838,62000,0.0003,57863.95703125,71.51634979248047,0.3678416311740875,10553658.0,15943.53515625,52001,40000.0,-23849101.172234,,,,,,,
0.5380489692688009,0.1690857811161629,-0.3032590860765251,0.1023435860868009,0.0,164.85074017959576,22.77940277753764,33,1909,64000,0.0003,56831.5703125,56.032737731933594,-0.11934326589107513,5341904.0,8670.5546875,54001,40000.0,-23849101.172234,,,,,,,
33.237039220809876,0.41662582052338076,0.26743268470291603,0.5130901271390841,0.0,543.5458952322595,889.8505189723973,33,1981,66000,0.0003,49967.7265625,61.413902282714844,0.1109318807721138,7248651.0,17008.36328125,56001,40000.0,-23849101.172234,,,,,,,
36.82541941261291,0.43916513296985527,-0.18079349849041884,0.6597420104734523,0.0,691.6409450377467,-696.7425137812695,33,2052,68000,0.0003,55064.7578125,60.316749572753906,-0.04014004021883011,16450104.0,33050.8828125,58001,40000.0,-23849101.172234,,,,,,,
29.470220716476437,0.35991411994063016,0.0977598409561821,0.5942071372741389,0.0,555.2544872713282,478.64464882894146,32,2124,70000,0.0003,57068.41015625,50.56318283081055,0.09291382879018784,6424791.0,14695.6640625,60001,40000.0,-23849101.172234,,,,,,,
14.87982285308839,0.18394327709349675,-0.04677207332543134,0.5690641829009961,0.0,530.9033560681611,63.66831631183443,32,2196,72000,0.0003,62975.7890625,49.65495681762695,-0.2595812976360321,9422192.0,24304.703125,62001,40000.0,-23849101.172234,,,,,,,
11.11375960731506,0.14651703536669267,-0.12290818623692903,0.649183473608389,0.0,573.5449348919612,-205.98266493950408,32,2268,74000,0.0003,61976.89453125,46.52756881713867,0.4240609407424927,3941632.0,9851.8935546875,64001,40000.0,-23849101.172234,,,,,,,
15.195370553970328,0.16839396679395519,-0.04441345048430255,0.7377061887206342,0.0,690.1773786434975,170.22954963395802,32,2342,76000,0.0003,62959.41796875,41.63847732543945,0.14088642597198486,3156846.0,10315.62109375,66001,40000.0,-23849101.172234,,,,,,,
18.982330322265646,0.18329225018942952,-0.005044622143861469,0.8779685292511156,0.0,991.9332105252489,323.7698508600173,32,2416,78000,0.0003,64246.33984375,38.462406158447266,-0.022235803306102753,3896498.0,10469.3427734375,68001,40000.0,-23849101.172234,,,,,,,
11.281318939208985,0.09554832576654534,-0.11244178582317572,0.940087223439492,0.0,1155.7711510932622,439.9456480439288,32,2490,80000,0.0003,63536.5390625,50.14667892456055,0.3924190104007721,3900494.5,6536.40966796875,70001,40000.0,-25883299.8935905,,,,,,,
8.035378255844119,0.5524124401385635,0.4888158783477198,-0.7419524578015593,0.0,1006.0564468855711,-413.3301838394413,31,2565,82000,0.0003,60877.15234375,35.016536712646484,0.2263164222240448,3586871.0,8880.59375,72001,40000.0,-25883299.8935905,,,,,,,
3.2185606498718244,0.7168374206941887,-0.1498608773834262,-0.6709821102450924,0.0,747.1345527842052,130.97105332781348,31,2641,84000,0.0003,70724.8828125,33.613590240478516,0.1792222261428833,3641878.0,9403.3359375,74001,40000.0,-25883299.8935905,,,,,,,
1.8628597068786625,0.022313228551343118,-0.4994538132390333,-0.8866553585123914,0.0,1092.950550701814,144.7497285722888,31,2717,86000,0.0003,77402.28125,46.91250228881836,-0.3162762224674225,4577079.0,10489.275390625,76001,40000.0,-25883299.8935905,,,,,,,
6.968856225967406,0.23016573420628808,0.5895867967712771,-0.7673050678866582,0.0,986.3625202016681,-408.69997881109873,31,2794,88000,0.0003,61483.953125,82.09432220458984,-0.5132087469100952,12928575.0,16667.087890625,78001,40000.0,-25883299.8935905,,,,,,,
-0.6892101402282691,0.7107748158881835,-0.004089442323866643,-0.5067271524618208,0.0,486.43108871760666,-109.16192547678045,31,2870,90000,0.0003,56572.3984375,69.69351196289062,-0.38231974840164185,11453438.0,18040.80859375,80001,40000.0,-25883299.8935905,,,,,,,
13.683418601989755,0.4932582961286225,-0.10191314966590806,-0.6196598384643309,0.0,549.5964282365157,110.12694918438115,31,2947,92000,0.0003,59481.546875,54.29105758666992,-0.218528151512146,7263972.0,9489.1298828125,82001,40000.0,-25883299.8935905,,,,,,,
10.391717550277697,0.47476687802583045,0.03850529004270992,-0.6365388661784884,0.0,593.3763071687744,-87.22385657500774,31,3024,94000,0.0003,64072.84375,43.65461730957031,-0.007982172071933746,19944030.0,29511.517578125,84001,40000.0,-25883299.8935905,,,,,,,
-0.4438544502258309,0.20105501430405354,-0.4295396340210542,-0.5732766029498239,0.0,512.4348770148869,-73.25697697373349,30,3102,96000,0.0003,60237.390625,65.14765167236328,-0.21330979466438293,11861529.0,13814.751953125,86001,40000.0,-25883299.8935905,,,,,,,
-2.7807161388397237,-0.14857557529537405,0.0840426405796794,-0.5170683488159427,0.0,370.1263659511958,19.83117071793791,30,3179,98000,0.0003,53645.91796875,80.94178009033203,-0.12176606804132462,15537667.0,20829.6796875,88001,40000.0,-25883299.8935905,,,,,,,
9.13055942916871,0.2341255571481858,0.2488096991039595,-0.417268250465347,0.0,312.27158947049475,-149.83232748529582,,,100000,0.0003,45245.5859375,83.18866729736328,0.3067658543586731,11976382.0,11502.521484375,90000,,,0.005218750000000004,0.0,40000.0,-81554.3558879713,71500.45561909463,0.005218750000000004,0.0
,,,,,,,22,4427,100000,0.0003,40768.4296875,83.19271087646484,0.1025572121143341,18224232.0,17985.9140625,90001,40000.0,-25883299.8935905,,,,,,,
0.02009365272521913,0.22022414038219978,-0.3006516800695257,-0.24665204633006427,0.0,147.2322521136532,-37.17235522060483,22,4504,102000,0.0003,34455.51171875,78.9803237915039,0.0755791962146759,18696676.0,15497.357421875,92001,40000.0,-25883299.8935905,,,,,,,
-4.022535051345824,-0.07283562931266953,-0.0844784944393516,-0.20568939041370768,0.0,65.75132062342868,36.51523710125093,22,4582,104000,0.0003,30297.6015625,67.44483184814453,0.07808350026607513,21113262.0,26893.380859375,94001,40000.0,-25883299.8935905,,,,,,,
8.474347930908207,-0.19543695224405788,0.03685919044711077,-0.10796895249460882,0.0,594.5367295028335,551.3545108183621,22,4660,106000,0.0003,32322.86328125,62.863304138183594,-0.21795342862606049,11848795.0,13839.3759765625,96001,40000.0,-25883299.8935905,,,,,,,
14.83320852851869,0.24114494815907236,0.36720785928592375,-0.02255283523747646,0.0,134.84703000600638,-343.5072956265258,22,4737,108000,0.0003,34286.796875,60.98594284057617,-0.22244423627853394,12827241.0,21015.708984375,98001,40000.0,-25883299.8935905,,,,,,,
2.6461908683776816,0.2543701203542252,-0.1573866839064877,0.1665936445291266,0.0,70.84969144457415,-33.23563924438673,22,4815,110000,0.0003,34122.29296875,66.83985900878906,0.5451799631118774,11257056.0,14694.123046875,100001,40000.0,-25883299.8935905,,,,,,,
21.177013210296632,0.30921863117938925,0.12103164770720864,0.39536702233686805,0.0,274.5189274150909,342.3988315181875,22,4893,112000,0.0003,38945.31640625,64.0713882446289,-0.3017037510871887,17846028.0,24981.88671875,102001,40000.0,-25883299.8935905,,,,,,,
24.095539453506483,0.31840872981803797,0.013713889522389132,0.5371798912157363,0.0,400.1252077766436,272.65951533873016,22,4971,114000,0.0003,38878.6796875,58.022483825683594,-0.04530218988656998,12150512.0,19124.994140625,104001,40000.0,-25883299.8935905,,,,,,,
27.083903663635247,0.33734107124508145,0.014623757985509883,0.7169285485517061,0.0,743.420675011234,602.0889682138859,22,5049,116000,0.0003,47949.89453125,62.47322082519531,0.16544422507286072,14479546.0,13319.7548828125,106001,40000.0,-25883299.8935905,,,,,,,
29.860494588851914,0.31660419059783684,-0.0398033256166624,0.93193833157322,0.0,1148.500455413321,304.4363751377385,23,5127,118000,0.0003,50943.546875,58.92229461669922,-0.014318272471427917,11542912.0,13305.7431640625,108001,40000.0,-25883299.8935905,,,,,,,
29.811328582763657,0.28525804517379383,-0.038050113206557164,1.0834169971828194,0.0,1487.9043866508887,175.90237387974733,23,5205,120000,0.0003,54720.5546875,67.95283508300781,0.45816680788993835,12473190.0,12237.7548828125,110001,40000.0,-25071818.197787333,,,,,,,
-3.151567758560177,-0.1518061018504248,-0.14757892854367,-0.9648725530194654,0.0,1139.4554101546225,-32.15893654003316,23,5283,122000,0.0003,53648.14453125,63.40485382080078,0.10896146297454834,10522776.0,12754.6015625,112001,40000.0,-25071818.197787333,,,,,,,
-0.5721319522857682,-0.08790901703330192,0.22569502841343464,-0.957242341932237,0.0,1138.6264777928827,36.45638713188941,23,5360,124000,0.0003,53009.03125,62.65594482421875,-0.21845665574073792,14946064.0,19474.375,114001,40000.0,-25071818.197787333,,,,,,,
0.3968515625000021,0.03337860961842183,-0.22073054562123356,-0.9417319227120872,0.0,1185.3956505793187,2.980061205147241,23,5437,126000,0.0003,60788.6328125,64.79938507080078,0.5414374470710754,8253103.5,12637.990234375,116001,40000.0,-25071818.197787333,,,,,,,
-1.9110081081390358,-0.2405109733995535,0.03991526998499465,-0.8524906922986475,0.0,1185.5896189759058,38.40166069139263,23,5515,128000,0.0003,59876.96484375,63.58809280395508,0.26334407925605774,9996238.0,19906.0859375,118001,40000.0,-25071818.197787333,,,,,,,
5.926962352752687,0.23090196015431955,0.5238922640644471,-0.7995386744634303,0.0,930.3904206294217,-478.35563125895993,23,5592,130000,0.0003,61231.47265625,70.76841735839844,0.4697745740413666,16636570.0,15436.9140625,120001,40000.0,-25071818.197787333,,,,,,,
0.35869917297363474,0.3674147069332783,-0.5185491293329245,-0.5782027570948803,0.0,637.5876835986952,-68.20215737319181,23,5670,132000,0.0003,61802.12890625,69.75209045410156,-0.2559632360935211,16294623.0,20227.650390625,122001,40000.0,-25071818.197787333,,,,,,,
-5.355581018447861,-0.23744299153529663,-0.030918083113533994,-0.5125774000912607,0.0,351.5897554474018,-74.14582700730338,23,5748,134000,0.0003,61604.078125,63.700927734375,-0.1257941871881485,24085630.0,29269.3828125,124001,40000.0,-25071818.197787333,,,,,,,
5.642053728103634,0.05001068595194992,0.3084455344687622,-0.43498533178259113,0.0,274.46699727726366,-117.94488850294486,23,5826,136000,0.0003,61384.09765625,79.35234832763672,0.2064732015132904,17121476.0,25178.650390625,126001,40000.0,-25071818.197787333,,,,,,,
1.4082500934600823,0.2205062725860385,-0.21454926213741632,-0.257487752812866,0.0,154.36195348194198,-48.71287902054144,23,5904,138000,0.0003,52116.7890625,96.35689544677734,-0.49222996830940247,21912588.0,20103.4296875,128001,40000.0,-25071818.197787333,,,,,,,
-6.030539352416989,-0.12424882213608099,-0.0601279467747708,-0.1961295002784391,0.0,56.31554529319724,20.00305436195996,23,5983,140000,0.0003,40820.96484375,102.52747344970703,0.19599997997283936,29742928.0,30587.283203125,130001,40000.0,-25071818.197787333,,,,,,,
-1.4798682670593266,0.20581831847629617,0.17956155157345993,-0.09875193367432324,0.0,179.06871140168897,284.22616777937725,23,6060,142000,0.0003,23820.5234375,102.04354095458984,0.3435502052307129,16322522.0,23671.630859375,132001,40000.0,-25071818.197787333,,,,,,,
9.89339775276184,0.2336404585843112,0.2600440224268744,0.0029612021286301296,0.0,146.98559087672908,-132.86599607199742,23,6138,144000,0.0003,23783.17578125,79.78190612792969,0.06464280933141708,16592695.0,14537.240234375,134001,40000.0,-25071818.197787333,,,,,,,
13.562224349975573,0.39511290037121266,-0.15058271624551697,0.07535633951087166,0.0,82.53002455605295,-44.64125958313671,23,6215,146000,0.0003,33602.80859375,67.48404693603516,-1.1605618000030518,15230386.0,15037.0068359375,136001,40000.0,-25071818.197787333,,,,,,,
19.017662544250488,0.4572582674817941,0.17206226850418135,0.09516658891736296,0.0,102.01541061100491,67.70278761653701,23,6293,148000,0.0003,35623.5078125,77.7756118774414,0.53719562292099,13054676.0,15107.181640625,138001,40000.0,-25071818.197787333,,,,,,,
6.309699590682974,0.47982016481905676,-0.0010803997865926297,0.054166295104037226,0.0,90.60164899390047,9.954546928967757,23,6370,150000,0.0003,37424.203125,72.85920715332031,-0.4484167695045471,17733636.0,13977.884765625,140001,40000.0,-25071818.197787333,,,,,,,
23.627391407012933,0.5436404400872028,-0.030690008786131127,0.030861048906139277,0.0,96.9002000232213,-15.356373407768983,23,6449,152000,0.0003,33864.6640625,74.77571868896484,0.04411992430686951,19684572.0,15065.9091796875,142001,40000.0,-25071818.197787333,,,,,,,
3.660921846389769,0.38889503089692057,-0.07499556224689562,0.029379370684012435,0.0,62.618364069451495,-27.234203531470882,23,6527,154000,0.0003,25032.34765625,79.35465240478516,0.09643961489200592,17772840.0,23958.275390625,144001,40000.0,-25071818.197787333,,,,,,,
12.609218626022342,0.27929419953307094,-0.2374209859674558,-0.02141613617616307,0.0,63.656480544076295,47.29511004266707,23,6605,156000,0.0003,21390.173828125,71.0545425415039,0.1918216347694397,15950176.0,22768.05859375,146001,40000.0,-25071818.197787333,,,,,,,
0.17054620742797866,-0.1612420511994945,-0.33837700527209613,-0.03822395768702586,0.0,71.84237436152536,247.51588976721166,23,6682,158000,0.0003,21842.39453125,65.64405059814453,0.26934170722961426,16291407.0,21988.65625,148001,40000.0,-25071818.197787333,,,,,,,
-7.1117673206329615,-0.09502787751699461,0.06290082265311274,0.9592695058191297,0.0,4798.835374249845,1448.3638580255572,23,6760,160000,0.0003,4155.2841796875,109.08856964111328,-1.2368290424346924,29355176.0,17150.767578125,150001,40000.0,-25178280.494799502,,,,,,,
-3.751025640487671,-0.18013520649545783,-0.24025077736663575,-0.9360747170908118,0.0,1200.4243298806193,-10.356813919081615,23,6836,162000,0.0003,-19699.609375,144.44198608398438,-1.3860331773757935,51479368.0,23841.216796875,152001,40000.0,-25178280.494799502,,,,,,,
-4.881913091659551,-0.4696793015370085,-0.03136415094888853,-0.8510651430490098,0.0,958.7651166428825,-65.19736336238246,23,6913,164000,0.0003,-54898.37890625,206.953125,0.469736248254776,42787416.0,19112.447265625,154001,40000.0,-25178280.494799502,,,,,,,
-7.357903470993039,-0.36368020375783966,0.03718842959742168,-0.903074662391087,0.0,1021.0908666234534,38.85044645121206,23,6988,166000,0.0003,-59928.3984375,166.38153076171875,0.33120155334472656,62844540.0,29228.236328125,156001,40000.0,-25178280.494799502,,,,,,,
-6.601288911819458,-0.34725676055901267,-0.09176675804897944,-0.8901730772153318,0.0,1073.1084085438345,-53.4748483705529,23,7064,168000,0.0003,-47140.953125,142.10556030273438,0.02397102117538452,52337544.0,28266.068359375,158001,40000.0,-25178280.494799502,,,,,,,
-4.2214167346954365,-0.42124269989965946,0.11364809148714661,-0.8687212657610962,0.0,977.69873002907,121.3142017834497,23,7140,170000,0.0003,-46450.40234375,172.8933868408203,-1.3101413249969482,61139088.0,27967.232421875,160001,40000.0,-25178280.494799502,,,,,,,
-6.436101638793942,-0.2605886000823781,0.030469098218942742,-0.9281291524868309,0.0,1081.7327065193908,62.59845193271904,23,7216,172000,0.0003,-62175.33203125,158.69924926757812,0.011316955089569092,96861568.0,69044.3203125,162001,40000.0,-25178280.494799502,,,,,,,
-3.9862928066253636,-0.3132974312997219,-0.10255595638888401,-0.8991898422801126,0.0,1069.7223430365982,-100.12652263705645,23,7293,174000,0.0003,-63959.75,161.50160217285156,0.042221784591674805,78099936.0,36054.171875,164001,40000.0,-25178280.494799502,,,,,,,
-5.106274431228636,-0.3136447178548116,0.1380187813345223,-0.9055759758521061,0.0,1026.3709336436473,112.71912821444819,23,7369,176000,0.0003,-61781.234375,155.62542724609375,0.024703264236450195,97091720.0,54252.5625,166001,40000.0,-25178280.494799502,,,,,,,
-2.184994243621824,-0.09944402615950396,0.11710993244439821,-0.937619482879674,0.0,1281.4642569649282,186.9701355550143,23,7445,178000,0.0003,-54932.41796875,157.83822631835938,-0.583981454372406,87446352.0,30411.974609375,168001,40000.0,-25178280.494799502,,,,,,,
-0.5516018981933578,-0.045177083156083264,0.047038959747673595,-0.9693399761379541,0.0,1137.8266974265587,65.94823413999441,23,7520,180000,0.0003,-72688.3828125,173.00917053222656,0.7242628931999207,83685600.0,43150.5703125,170001,40000.0,-25178280.494799502,,,,,,,
0.6177305850982662,0.06742413208780662,0.05119928335085445,-0.9320784903986647,0.0,1284.8790816740936,352.3936272023877,23,7596,182000,0.0003,-60155.4296875,131.21075439453125,0.6216034293174744,69125520.0,20899.130859375,172001,40000.0,-25178280.494799502,,,,,,,
-7.466285152435301,-0.36148225271095263,-0.5177762201465853,-0.8172503487123988,0.0,981.2286184120159,-684.4516276519705,23,7671,184000,0.0003,-56076.83984375,197.57862854003906,-0.09038849174976349,107854000.0,41003.609375,174001,40000.0,-25178280.494799502,,,,,,,
5.001572116851805,0.10386483993407201,-0.2842563461180878,-0.49670161032893917,0.0,686.8522872427237,-14.427952812692414,24,7747,186000,0.0003,-112065.3359375,246.7842254638672,-1.0163451433181763,145885328.0,34841.9453125,176001,40000.0,-25178280.494799502,,,,,,,
10.50876378822328,-0.501936161448031,0.25890761579314525,-0.3281404631623428,0.0,387.8184824565475,-417.7772443531275,24,7822,188000,0.0003,-126926.40625,207.5899200439453,0.4739189147949219,125825072.0,62527.14453125,178001,40000.0,-25178280.494799502,,,,,,,
7.414986814498892,-0.39503556162131864,0.5423288304487126,-0.08112605473998603,0.0,213.01321679850298,273.47592794626,24,7897,190000,0.0003,-115774.71875,193.2677764892578,-0.9944857358932495,122415976.0,49277.15625,180001,40000.0,-25178280.494799502,,,,,,,
8.330843238830559,0.2575259439268598,-0.13023017722855082,-0.03963470035633299,0.0,217.13408963133858,-175.97291857911912,24,7973,192000,0.0003,-121563.3515625,194.0269012451172,1.3754757642745972,158939392.0,74168.265625,182001,40000.0,-25178280.494799502,,,,,,,
0.5823031482696551,-0.3703741112482117,-0.34401799871598987,-0.1775347672636297,0.0,159.05481652211924,-31.398923039796326,24,8048,194000,0.0003,-144558.625,212.56202697753906,-0.9289669394493103,189569888.0,44452.37890625,184001,40000.0,-25178280.494799502,,,,,,,
-15.615134515762325,-0.7596880807877493,-0.20822656852755964,-0.14177829420214422,0.0,245.57469417895598,75.59467995025878,24,8123,196000,0.0003,-302317.21875,421.01214599609375,-2.084498167037964,343277760.0,59729.046875,186001,40000.0,-25178280.494799502,,,,,,,
2.7558619270324685,-0.02313725877267421,0.38243423196592974,-0.04632720931107055,0.0,657.109514359935,753.7801017917631,24,8198,198000,0.0003,-402719.75,477.66448974609375,-0.5792665481567383,492408928.0,105528.5390625,188001,40000.0,-25178280.494799502,,,,,,,
22.522219045639037,0.3385783530781101,0.7951655909846874,-0.2002987225823043,0.0,564.5724947991675,200.8039474245048,,,200000,0.0003,-514116.59375,730.5385131835938,-0.9721609354019165,427154304.0,68416.9453125,190000,,,0.005218750000000004,0.0,40000.0,-33079.45296650252,3596.291004147548,0.0031875000000000024,0.0
,,,,,,,21,9425,200000,0.0003,-497690.0625,730.6552124023438,-0.6923861503601074,406930496.0,97720.84375,190001,40000.0,-26632801.069994204,,,,,,,
0.12217916297912522,0.001842782310544369,0.06861623860185638,-0.9927887851363866,0.0,1191.9500101750607,159.2020555110204,21,9501,202000,0.0003,-581511.125,616.880859375,1.143890142440796,526437696.0,99002.484375,192001,40000.0,-26632801.069994204,,,,,,,
4.8060296440124475,0.22590795270096214,0.17527087962375426,-0.9555406084581514,0.0,1125.9613817672393,-84.17934010755545,21,9576,204000,0.0003,-492640.625,372.91107177734375,1.2261714935302734,418941184.0,83718.46875,194001,40000.0,-26632801.069994204,,,,,,,
9.939595857620269,-0.009807231183328664,0.6757149452663689,-0.04138050518372864,0.0,2261.6426036070675,-385.24857636712096,21,9651,206000,0.0003,-395208.5625,290.943359375,0.06612898409366608,218025312.0,69353.8125,196001,40000.0,-26632801.069994204,,,,,,,
-34.0372495460511,-0.7070264491915679,-0.010202690782548535,0.1523177231549159,0.0,545.459407094038,-0.5748475091189863,21,9727,208000,0.0003,-315293.375,205.42820739746094,-0.18940743803977966,157357504.0,39866.890625,198001,40000.0,-26632801.069994204,,,,,,,
-33.4590259284973,-0.6929016900886733,0.00906178239367807,0.13846326737524936,0.0,550.6818727503164,4.517674396493802,21,9802,210000,0.0003,-239926.28125,195.9390106201172,-1.0013047456741333,131611232.0,45405.828125,200001,40000.0,-26632801.069994204,,,,,,,
-27.358292913436898,-0.41221556253362585,-0.6295506688520472,0.42329467381972036,0.0,1223.6783786487358,-205.5950922582213,21,9878,212000,0.0003,-213699.875,223.82293701171875,0.016148913651704788,158437056.0,41588.4609375,202001,40000.0,-26632801.069994204,,,,,,,
8.902712490081775,0.213695015613475,-0.20587660350927903,0.10569612448831056,0.0,98.40414420459254,-251.1449216426434,21,9954,214000,0.0003,-167116.859375,167.0888214111328,0.07567921280860901,164828480.0,70143.1875,204001,40000.0,-26632801.069994204,,,,,,,
0.4242335319519042,-0.029837495414626148,-0.19692958298852073,0.01874435185009179,0.0,24.164715311663755,113.91047490203091,21,10031,216000,0.0003,-144695.078125,158.62155151367188,-0.014821916818618774,157404752.0,53298.953125,206001,40000.0,-26632801.069994204,,,,,,,
2.793086465835571,-0.06182441517856517,0.2363801637789287,0.038979091517717036,0.042,70.72275201501934,157.11870652768698,21,10107,218000,0.0003,-135895.125,169.4857940673828,0.0076238662004470825,140139392.0,42418.29296875,208001,40000.0,-26632801.069994204,,,,,,,
15.626143836975102,0.2699862678549899,-0.03467444591212501,0.12294447180334442,0.0,82.47351569061566,-64.09562108634053,21,10184,220000,0.0003,-116114.7421875,174.71665954589844,0.5687960386276245,109273880.0,27522.69140625,210001,40000.0,-26632801.069994204,,,,,,,
-1.773773809432983,0.15335631987729118,0.08836679159062182,0.050735485354158054,0.0,22.92181041197256,69.42805324596772,21,10260,222000,0.0003,-115753.890625,148.2253875732422,0.5319961905479431,89539288.0,46344.51171875,212001,40000.0,-26632801.069994204,,,,,,,
13.370478128433225,0.30760080741560236,0.005707239741359988,0.0036947777715262064,0.0,45.952317739404705,27.672180362083033,21,10336,224000,0.0003,-95263.84375,141.7890625,0.2647354006767273,120613216.0,50240.7109375,214001,40000.0,-26632801.069994204,,,,,,,
-0.4926187953948951,0.10525975507287004,-0.23140821246749727,-0.09072030396471815,0.0,42.16958937151069,64.82534205036904,21,10412,226000,0.0003,-78996.015625,163.28561401367188,-1.5481756925582886,77211280.0,38983.61328125,216001,40000.0,-26632801.069994204,,,,,,,
-17.32425806999207,-0.32364823168827905,-0.34647588359917064,0.039511482359791836,0.0,120.52883265350472,410.2563951339713,21,10487,228000,0.0003,-66281.2890625,149.02969360351562,0.1337788701057434,162787504.0,46143.7734375,218001,40000.0,-26632801.069994204,,,,,,,
-22.831233098983795,-0.39291058779950266,0.38523239791818453,0.40992713336268055,0.0,833.9077968872825,-220.95944296275854,21,10563,230000,0.0003,-47363.390625,135.54344177246094,-0.051321715116500854,81724656.0,47011.48046875,220001,40000.0,-26632801.069994204,,,,,,,
2.011508028030398,-0.24913870405046956,-0.2283125000553228,-0.11009766008292923,0.0,104.91591597534956,18.037803642697845,21,10639,232000,0.0003,-42145.1484375,143.1464385986328,0.23729325830936432,92518176.0,34194.71484375,222001,40000.0,-26632801.069994204,,,,,,,
0.35160213470459123,0.047051935586155814,0.48446809556905257,-0.0352964671640578,0.0,141.44557077096584,-10.551339058450512,21,10715,234000,0.0003,-47854.6796875,222.710205078125,-0.571120023727417,190881488.0,49925.5390625,224001,40000.0,-26632801.069994204,,,,,,,
-10.673820549011216,-0.021871327651324123,-0.4739866792130228,-0.012371914369935693,0.0,462.1340502416955,84.65851354319045,21,10792,236000,0.0003,-91042.171875,187.37078857421875,0.11853437125682831,164443008.0,44185.82421875,226001,40000.0,-26632801.069994204,,,,,,,
-0.5271959152221675,-0.31593790734674254,-0.018130032988398652,-0.13996180356922894,0.0,89.18749302339688,-17.496140672306847,21,10868,238000,0.0003,-61925.328125,130.80419921875,-1.4753042459487915,84090056.0,26111.140625,228001,40000.0,-26632801.069994204,,,,,,,
-27.948717119216926,-0.4772030020562859,-0.23492663778765455,0.0925803722839494,0.0,240.11031930290557,769.8577739783685,21,10944,240000,0.0003,-113860.0078125,223.38217163085938,-0.017347678542137146,181462992.0,62493.37890625,230001,40000.0,-25286805.050876003,,,,,,,
-0.2238620529174807,-0.015458397643147338,0.022785659235171802,-0.9964719410517318,0.0,1205.8659927209376,90.87422574621361,21,11021,242000,0.0003,-130607.09375,173.879638671875,0.1590307652950287,145184816.0,49395.55859375,232001,40000.0,-25286805.050876003,,,,,,,
4.22919894409179,0.3993166811444877,0.6304542433142415,-0.7364604546709977,0.0,1098.7286863827187,-573.5356217208658,21,11097,244000,0.0003,-110886.6875,157.81820678710938,-1.8667609691619873,144834144.0,42198.328125,234001,40000.0,-25286805.050876003,,,,,,,
-2.6930068035125845,0.6756744279707924,-0.2955524033690104,-0.34374732098895994,0.0,495.67589638807107,-253.7456129811629,22,11173,246000,0.0003,-116210.4921875,180.73468017578125,0.09934413433074951,143834160.0,37691.7890625,236001,40000.0,-25286805.050876003,,,,,,,
2.970799734115606,0.059535473510625554,-0.7378696433594674,-0.6093834781614524,0.0,716.6363215842314,508.3649360113493,22,11250,248000,0.0003,-103715.0703125,121.58531951904297,0.28084272146224976,129256352.0,40765.41015625,238001,40000.0,-25286805.050876003,,,,,,,
6.3388787364959684,0.24663877102871662,-0.6890740333883861,-0.5367259664961439,0.0,968.3965774546472,745.8450336572541,22,11325,250000,0.0003,-101489.2265625,188.904296875,0.4525889754295349,140574992.0,32017.580078125,240001,40000.0,-25286805.050876003,,,,,,,
9.096032114028931,-0.13555444056755514,-0.12014223589724747,-0.5375497130887499,0.0,3173.0195740923104,1988.3632287968562,22,11401,252000,0.0003,-92663.7421875,157.6856689453125,-0.43049192428588867,125967584.0,50916.70703125,242001,40000.0,-25286805.050876003,,,,,,,
-6.943853221893312,-0.07093870869810864,0.8781700689174515,-0.2442383039297438,0.0,787.5082187438743,-2889.289219056364,22,11477,254000,0.0003,-90067.0390625,205.1914825439453,-1.9284698963165283,109440944.0,49552.7734375,244001,40000.0,-25286805.050876003,,,,,,,
-9.161374294280998,-0.35073270225116426,0.12651324381871265,-0.6948099496738287,0.0,626.5565682481323,130.8124191912687,22,11554,256000,0.0003,-114239.125,192.36813354492188,0.14739540219306946,185084160.0,52634.68359375,246001,40000.0,-25286805.050876003,,,,,,,
-10.248157953262336,-0.4132213702723206,-0.31340884327783625,-0.6055307002528496,0.0,577.898258073159,-256.4809698235238,22,11630,258000,0.0003,-109725.0546875,129.9145050048828,0.5694522857666016,113328376.0,31434.759765625,248001,40000.0,-25286805.050876003,,,,,,,
8.307665710449216,-0.2535908759380104,0.7303433133876626,-0.1861679076005635,0.0,407.6611196708933,-327.7472734474833,22,11707,260000,0.0003,-110057.15625,188.8093719482422,-0.30949774384498596,255892704.0,113473.5546875,250001,40000.0,-25286805.050876003,,,,,,,
1.3834576129913285,0.0005456729991979206,-0.26355153142118654,-0.21010276681064585,0.0,183.97174114962849,155.32928575847092,22,11783,262000,0.0003,-98389.0546875,143.3671417236328,0.46010851860046387,169330320.0,59028.03515625,252001,40000.0,-25286805.050876003,,,,,,,
-12.07009288597108,-0.22826987755171663,-0.40707846565820827,-0.14805863751280365,0.0,188.21974991462656,372.43532209912854,22,11859,264000,0.0003,-75195.0390625,131.66012573242188,0.34010058641433716,84844304.0,31290.150390625,254001,40000.0,-25286805.050876003,,,,,,,
-23.202798534393313,-0.517906127541105,0.1719128570666727,0.3660744865096738,0.0,380.5071813027644,-364.8320383144579,22,11936,266000,0.0003,-67462.1328125,139.01724243164062,-0.0689571350812912,111375760.0,38720.32421875,256001,40000.0,-25286805.050876003,,,,,,,
-2.722979717254639,-0.09624988603745385,-0.024643990583610866,-0.08640569953676516,0.0,272.30395502646667,269.0675138771473,22,12012,268000,0.0003,-58391.13671875,130.6910400390625,0.15098613500595093,87526240.0,44029.09765625,258001,40000.0,-25286805.050876003,,,,,,,
6.4411445388794215,-0.05099196010717051,0.6054602494512403,-0.08886111581218209,0.0,248.13531740358493,-175.025817990591,22,12089,270000,0.0003,-64645.97265625,180.2532196044922,-0.14929887652397156,94570976.0,36324.72265625,260001,40000.0,-25286805.050876003,,,,,,,
6.950853645324724,0.1775792233794181,-0.37596960738950613,-0.25233575481733966,0.0,199.7639383301158,101.71784953364157,22,12166,272000,0.0003,-61761.33203125,127.9259262084961,0.01438644528388977,120556032.0,66661.2890625,262001,40000.0,-25286805.050876003,,,,,,,
-6.088413663864136,-0.10065370310782429,-0.1876639533961858,-0.3211335554762779,0.0,189.1416877459109,64.65031062044157,22,12243,274000,0.0003,-53745.83984375,151.9011688232422,-0.11639785766601562,96318000.0,37025.95703125,264001,40000.0,-25286805.050876003,,,,,,,
-7.21647676849367,-0.13884007432169915,0.5320504482826279,-0.2043078041987586,0.0,257.5926287006545,156.25824283905496,22,12321,276000,0.0003,-51410.92578125,123.98627471923828,-0.24044008553028107,79763592.0,35777.73828125,266001,40000.0,-25286805.050876003,,,,,,,
3.9899992332458476,0.47133618680976724,-0.2001213555570316,-0.32680148373468987,0.0,349.4542249770518,394.52020686479676,22,12398,278000,0.0003,-32903.546875,104.35589599609375,0.30442917346954346,113888416.0,42929.1953125,268001,40000.0,-25286805.050876003,,,,,,,
-3.3240819778442403,-0.14484117827056636,-0.26508777265061373,-0.6589831663626826,0.0,587.3064411615829,-133.1075206896681,22,12476,280000,0.0003,-19731.095703125,119.39448547363281,0.8952817916870117,109643560.0,51444.14453125,270001,40000.0,-25364216.923342712,,,,,,,
-3.898605495452881,-0.19237128542864704,-0.1839616979306735,-0.9505624010235447,0.0,1144.3476511166837,-52.793589634433445,22,12553,282000,0.0003,-11338.271484375,108.03425598144531,-0.10200448334217072,122709488.0,46394.6171875,272001,40000.0,-25364216.923342712,,,,,,,
-3.8018335399627676,-0.2585257864070696,0.0055057630430250856,-0.9363080482270588,0.0,1078.1553381840401,9.286447484616236,22,12631,284000,0.0003,-19533.919921875,144.59408569335938,-0.39669662714004517,114351872.0,32843.44921875,274001,40000.0,-25364216.923342712,,,,,,,
-5.503522121429445,-0.26780855476254106,-0.013456142723492489,-0.9321540646157264,0.0,1068.8742676620252,5.898519098391769,22,12709,286000,0.0003,-14220.9462890625,133.45375061035156,-0.25450828671455383,79936208.0,30128.73046875,276001,40000.0,-25364216.923342712,,,,,,,
-6.132220413208004,-0.44274720503308546,-0.13352603631088913,-0.8434204652998936,0.0,937.5392711796608,-160.1069810053066,22,12786,288000,0.0003,-21073.33984375,139.84632873535156,0.27232009172439575,104826080.0,32551.701171875,278001,40000.0,-25364216.923342712,,,,,,,
-4.709245613098145,-0.26822381598302664,0.22047193303590124,-0.8753841570676572,0.0,969.4767684248668,128.5430281901617,22,12864,290000,0.0003,-22488.16015625,134.1811065673828,-0.21004949510097504,70069616.0,38613.4921875,280001,40000.0,-25364216.923342712,,,,,,,
-6.1847883853912355,-0.2654828287902058,-0.20400195979479083,-0.8675405177899301,0.0,951.5483555426733,-176.90291757977013,22,12941,292000,0.0003,-19554.3515625,120.88300323486328,-0.010219801217317581,79858928.0,50545.2265625,282001,40000.0,-25364216.923342712,,,,,,,
-6.546010950088504,-0.5131104434031034,-0.10684542044094791,-0.7459796865155167,0.0,759.5520871883451,-69.51688643347619,22,13018,294000,0.0003,-10166.26171875,120.8051528930664,-0.157949298620224,61829292.0,26355.810546875,284001,40000.0,-25364216.923342712,,,,,,,
-6.697498340606688,-0.36300266777923196,0.224425445657443,-0.823172277368159,0.0,902.666306898843,222.77733783026312,22,13096,296000,0.0003,664.6676635742188,120.85176849365234,0.2230992615222931,94656928.0,55880.99609375,286001,40000.0,-25364216.923342712,,,,,,,
-8.992136432647701,-0.4457350239475569,-0.17217686061746343,-0.7907008666217541,0.0,833.0023065284284,-192.91930842446604,22,13173,298000,0.0003,4473.44287109375,117.10356140136719,0.07216104865074158,91092992.0,45386.484375,288001,40000.0,-25364216.923342712,,,,,,,
-4.2224260177612285,-0.5628345567633033,0.10775260143040039,-0.6916623432228148,0.0,778.9040677895517,68.70482189748344,,,300000,0.0003,5743.46240234375,117.57478332519531,-0.2723945379257202,88108840.0,57602.56640625,290000,,,0.005218750000000004,0.0,40000.0,-34397.78690588384,1360.5427490711868,0.0,0.0
,,,,,,,20,14431,300000,0.0003,8208.693359375,117.5815658569336,-0.24370677769184113,82979832.0,60804.94921875,290001,40000.0,-25364216.923342712,,,,,,,
-6.048997220993043,-0.26299644440585096,0.07393545258753537,-0.8387974609710861,0.0,878.9356133040517,70.27275994783686,20,14508,302000,0.0003,8961.9482421875,130.35092163085938,-0.07004255056381226,103565296.0,44332.44140625,292001,40000.0,-25364216.923342712,,,,,,,
-8.694827083587654,-0.36162386010194747,-0.14087191979807387,-0.7886331448162742,0.0,799.3353230575839,-164.5179774843429,20,14586,304000,0.0003,-4083.697265625,140.09474182128906,0.1622924506664276,87289296.0,41435.25,294001,40000.0,-25364216.923342712,,,,,,,
3.6746354961395236,-0.06538091104641724,0.6562948718703332,-0.6379369074388158,0.0,810.4264547940497,-303.3125518759287,20,14663,306000,0.0003,-12323.0810546875,149.60592651367188,-0.6296385526657104,165721104.0,112406.7734375,296001,40000.0,-25364216.923342712,,,,,,,
5.713280931472783,0.4129748607421529,-0.050844483620306455,-0.5820962477400323,0.0,471.5012093233059,131.08756898206227,20,14741,308000,0.0003,-19542.197265625,134.6590118408203,-0.9782776832580566,87144656.0,36277.26171875,298001,40000.0,-25364216.923342712,,,,,,,
13.924887819290161,0.47614907192728934,0.06137443382707636,-0.581570332832427,0.0,494.6414997484723,85.61697059807754,20,14818,310000,0.0003,-29243.89453125,131.4810028076172,0.3477191925048828,61334528.0,26216.341796875,300001,40000.0,-25364216.923342712,,,,,,,
8.750181951522826,0.65240432547128,0.013895238278563407,-0.5472511536600259,0.0,547.7027163717316,138.25815186636825,20,14896,312000,0.0003,-29232.787109375,142.8672637939453,1.0372613668441772,101769208.0,40874.24609375,302001,40000.0,-25364216.923342712,,,,,,,
4.526674301147459,0.4225093986956023,-0.16498963803961028,-0.725439259454733,0.0,731.9755304600648,27.756201672751406,20,14974,314000,0.0003,-14963.82421875,113.91462707519531,-0.19062109291553497,83844112.0,33227.77734375,304001,40000.0,-25364216.923342712,,,,,,,
8.287690368652347,0.2952151677750531,0.1383759646991699,-0.756221850915591,0.0,744.4975163024037,-19.899483734799382,20,15052,316000,0.0003,-6324.35986328125,124.5223617553711,0.21493908762931824,87248096.0,25439.041015625,306001,40000.0,-25364216.923342712,,,,,,,
8.297403219223035,0.6193586820956348,-0.06000743042805667,-0.4435029387555959,0.0,455.22782784924635,-432.5137842622359,21,15130,318000,0.0003,2462.9736328125,117.65447998046875,0.1668931543827057,72614944.0,36028.05859375,308001,40000.0,-25364216.923342712,,,,,,,
13.03464771080017,0.5250753197822067,0.09173565347943802,-0.35006674955008266,0.0,411.15867911574816,174.46458131045688,21,15207,320000,0.0003,12802.4580078125,102.36846160888672,0.14494027197360992,94542960.0,45612.8125,310001,40000.0,-26136057.005635377,,,,,,,
-0.21902230072021503,-0.017667729864974363,-0.017586879986380883,-0.9965129509019501,0.0,1196.406292132891,69.45374906478911,21,15285,322000,0.0003,18406.25,102.07142639160156,0.16939544677734375,52935120.0,22636.322265625,312001,40000.0,-26136057.005635377,,,,,,,
-4.411806337356569,-0.22476302207350293,-0.427496558148291,-0.8973541681428019,0.0,1162.8659090371164,-347.1608209829541,21,15362,324000,0.0003,31679.70703125,105.86050415039062,-0.36408814787864685,77692656.0,31270.255859375,314001,40000.0,-26136057.005635377,,,,,,,
3.346880722045901,-0.8655661648981927,-0.08709218179301786,-0.5332947129211351,0.0,642.2920910687458,-207.59933590589574,21,15440,326000,0.0003,43899.7109375,106.71947479248047,0.40789663791656494,48717440.0,29041.1015625,316001,40000.0,-26136057.005635377,,,,,,,
-6.278336860656739,-0.43994333412652675,0.3781578003985324,-0.28517706040425334,0.0,261.0900932869196,-256.7432756730442,21,15518,328000,0.0003,34385.3046875,116.02599334716797,0.7159869074821472,71164288.0,33352.84375,318001,40000.0,-26136057.005635377,,,,,,,
-6.901623662948619,-0.2560912631368827,-0.14469112639308818,-0.45905483310380696,0.0,302.3381466628399,8.322502893125398,21,15595,330000,0.0003,28528.7890625,133.7739715576172,0.1252111792564392,94665952.0,38537.94140625,320001,40000.0,-26136057.005635377,,,,,,,
-11.66993593215942,-0.44059746691515767,0.07654636979371396,-0.4525330149591102,0.0,327.9512938812079,81.41836053872336,21,15672,332000,0.0003,-11219.455078125,176.39700317382812,0.6570769548416138,125175200.0,35625.0703125,322001,40000.0,-26136057.005635377,,,,,,,
0.25389433479309054,-0.14792998922046227,0.1837250909256616,-0.5099837415491248,0.0,381.0860198494018,128.39971570755645,21,15750,334000,0.0003,-10559.46484375,119.64872741699219,-0.47713375091552734,100259472.0,43239.2890625,324001,40000.0,-26136057.005635377,,,,,,,
1.7165403900146459,0.1256286570786876,0.15829807382753255,-0.4994889325780297,0.0,369.92580806824503,444.91334801914184,21,15827,336000,0.0003,-651.2508544921875,137.2613067626953,-0.17232286930084229,69843536.0,24479.095703125,326001,40000.0,-26136057.005635377,,,,,,,
9.109399000167837,0.0999497996043375,1.3034668488973664,0.12095571815156907,0.0,1533.51320112234,3565.416672245208,21,15904,338000,0.0003,-44538.04296875,182.8056640625,1.1016247272491455,183897408.0,50643.43359375,328001,40000.0,-26136057.005635377,,,,,,,
-5.802049821853638,0.2005552640873421,-1.1918992122612326,-0.11918864469506059,0.0,1794.3966107591552,-4184.347006983542,21,15982,340000,0.0003,-37850.765625,110.11394500732422,-0.09031131863594055,102127616.0,29416.84765625,330001,40000.0,-26136057.005635377,,,,,,,
12.451305603027361,0.40645283736263904,-0.27070847674901577,-0.13870069341642136,0.0,505.35386047901136,578.2491102079259,21,16059,342000,0.0003,-28039.390625,146.1979522705078,-0.8310710191726685,87670160.0,34319.234375,332001,40000.0,-26136057.005635377,,,,,,,
1.6809682350158683,-0.10912012210002504,0.08610267756962316,-0.6848447188399273,0.0,612.5768269667653,-33.02777737699218,21,16137,344000,0.0003,-14907.71484375,128.5022735595703,-0.7506966590881348,83514336.0,39811.546875,334001,40000.0,-26136057.005635377,,,,,,,
0.6122126579284627,0.33836247971586403,0.1608787285247202,-0.5273295552399834,0.0,502.62950075697654,-182.25985348648447,21,16216,346000,0.0003,-32772.375,169.17501831054688,0.2761985659599304,142103264.0,56458.6953125,336001,40000.0,-26136057.005635377,,,,,,,
4.59538017082215,0.2374843328359238,-0.28709706981763455,-0.4617925543702706,0.0,452.146808737642,215.65712902754856,21,16294,348000,0.0003,-23715.482421875,163.3254852294922,0.0009320080280303955,165056768.0,46304.80078125,338001,40000.0,-26136057.005635377,,,,,,,
1.5918870582580595,-0.6089883154323901,-0.5520196836155012,-0.5019680485237273,0.0,580.9439820981697,100.61125613370378,21,16372,350000,0.0003,-40224.0625,180.65834045410156,-0.13327650725841522,97075344.0,27748.560546875,340001,40000.0,-26136057.005635377,,,,,,,
4.072176744461058,0.2109047521540635,0.2654546031000289,-0.4128491244566618,0.0,806.7526375975928,-14.288627156579635,21,16450,352000,0.0003,-31458.220703125,166.468994140625,-0.4927745759487152,112739904.0,40119.37109375,342001,40000.0,-26136057.005635377,,,,,,,
-9.777259582519532,-0.3704102293398934,0.1936282712956287,-0.5557797864422106,0.0,473.53602470345163,42.391915213717525,21,16528,354000,0.0003,-38713.98828125,173.25196838378906,0.5213643312454224,102347504.0,26178.125,344001,40000.0,-26136057.005635377,,,,,,,
-3.697928178787229,-0.4213458252364923,-0.005584644999331163,-0.5101137604331717,0.0,440.8972898461564,121.4704917444285,21,16605,356000,0.0003,-36638.7265625,155.46559143066406,-0.3588103652000427,151325648.0,48924.28515625,346001,40000.0,-26136057.005635377,,,,,,,
0.43331291770935004,0.011574313748725917,-0.04931932738462639,-0.6053821557560026,0.0,788.2281470766472,-75.17998822613146,21,16683,358000,0.0003,-26555.890625,127.98040771484375,0.4347919523715973,149283632.0,59762.890625,348001,40000.0,-26136057.005635377,,,,,,,
-1.6663641529083262,-0.228576521399365,0.1958053010023562,-0.7045164518841871,0.0,634.6809888278885,101.68884394189315,21,16760,360000,0.0003,-9715.2783203125,110.62554168701172,0.443917453289032,94530120.0,35531.8046875,350001,40000.0,-26291964.34566678,,,,,,,
1.0875971088409424,0.0886386083109605,0.02176309760687167,-0.9578847041285491,0.0,1127.6750210943214,119.93591280659302,21,16838,362000,0.0003,10664.525390625,100.76941680908203,0.6199063062667847,75677440.0,28714.517578125,352001,40000.0,-26291964.34566678,,,,,,,
3.3546311607360844,0.13011363807580564,0.09074980936541183,-0.9497032404622769,0.0,1106.3335738120254,-24.571485056194973,21,16916,364000,0.0003,28101.4609375,102.99542236328125,0.2780952751636505,76503840.0,30183.4140625,354001,40000.0,-26291964.34566678,,,,,,,
5.933118074417116,0.3776426311626924,0.2998599383613037,-0.8630384510904411,0.0,986.9430913760426,-219.20072603381288,21,16994,366000,0.0003,41913.5390625,100.39642333984375,-0.014245390892028809,109419240.0,60727.3984375,356001,40000.0,-26291964.34566678,,,,,,,
2.0477496128082304,0.2765100177397418,-0.4532937246582025,-0.8774417694392858,0.0,1055.6297115507934,335.2672405901997,21,17072,368000,0.0003,43337.640625,110.22132110595703,-0.9038554430007935,65733936.0,27489.80078125,358001,40000.0,-26291964.34566678,,,,,,,
4.141322454452512,0.4983814736879725,0.5149051440904399,-0.6648819209829387,0.0,960.1676685901147,-388.1334111595839,21,17150,370000,0.0003,31941.55078125,143.31089782714844,0.15818937122821808,115423152.0,48241.4296875,360001,40000.0,-26291964.34566678,,,,,,,
6.520382427215576,0.42636754491718354,-0.3669389898718005,-0.8155084806844559,0.0,916.2600956259886,336.9762960473079,21,17228,372000,0.0003,43934.78515625,88.45124053955078,0.12493015080690384,119003520.0,41476.96875,362001,40000.0,-26291964.34566678,,,,,,,
-0.8165774631500256,-0.22550984629133208,-0.4086884871517257,-0.8382698658666446,0.0,974.3366869897956,-182.124470940154,21,17306,374000,0.0003,58336.3046875,92.72518920898438,-0.22265736758708954,59629032.0,34569.13671875,364001,40000.0,-26291964.34566678,,,,,,,
7.862703243255623,0.34316648894821933,0.7103393974095727,-0.5299941184436295,0.0,843.3416110988217,-373.8959962157619,21,17384,376000,0.0003,42439.078125,115.66141510009766,0.4209902286529541,75638264.0,27499.435546875,366001,40000.0,-26291964.34566678,,,,,,,
-2.570545291900637,0.1066306056252305,-0.5912452431752664,-0.3773012648326029,0.0,352.16920133786516,-285.61167290571325,21,17462,378000,0.0003,52660.359375,83.96234130859375,-0.26633673906326294,102249864.0,41515.390625,368001,40000.0,-26291964.34566678,,,,,,,
-13.834193641662598,-0.4079595485254459,-0.49619767018450456,-0.14887126962636923,0.0,370.2986552230933,1285.55901641205,21,17540,380000,0.0003,67032.9765625,101.97660827636719,-0.11159568279981613,81791152.0,29363.0859375,370001,40000.0,-26291964.34566678,,,,,,,
21.180196023941086,0.21265067614430486,0.32634409332302733,-0.25072945434748045,0.0,946.2758211939836,-1119.216036010734,21,17618,382000,0.0003,67533.140625,101.05461883544922,-0.005523189902305603,67808216.0,41696.83984375,372001,40000.0,-26291964.34566678,,,,,,,
-13.832339260101328,-0.40179628039549514,-0.8139380905798771,0.4466956486787748,0.0,1419.4036603911409,5177.69471822176,21,17696,384000,0.0003,62062.3671875,126.77385711669922,-1.2740225791931152,101687120.0,30440.48046875,374001,40000.0,-26291964.34566678,,,,,,,
9.427772520065297,0.346893828774309,0.5926470643947934,-0.5437355227516765,0.0,1434.6818940174621,-4773.984104872501,21,17772,386000,0.0003,59633.1328125,105.13314819335938,-0.49027878046035767,77788528.0,34725.8046875,376001,40000.0,-26291964.34566678,,,,,,,
-6.675337133407589,-0.5066872238736151,0.4525453784957635,-0.5204226135066701,0.0,501.7307648183442,43.21504721300327,21,17847,388000,0.0003,62708.97265625,104.94873046875,-0.1757296621799469,60594040.0,26936.275390625,378001,40000.0,-26291964.34566678,,,,,,,
-3.9669171485900794,-0.10542609387360846,0.2386248603059839,-0.7052001089794556,0.0,696.2476229269473,83.20035585792888,21,17923,390000,0.0003,60478.3515625,114.63729095458984,0.07178057730197906,87152880.0,32854.0546875,380001,40000.0,-26291964.34566678,,,,,,,
-1.328099004745482,-0.0543435820229805,-0.28417888460702645,-0.7394792412278468,0.0,725.3982877694206,45.4873428834847,21,17998,392000,0.0003,55522.74609375,110.63076782226562,0.22914478182792664,88945800.0,28119.1171875,382001,40000.0,-26291964.34566678,,,,,,,
0.4891022548675547,-0.12295752724953261,0.1696326229105869,-0.727390110179604,0.0,660.5620405215208,31.46026343423335,21,18074,394000,0.0003,51959.140625,116.43428802490234,-1.1715506315231323,71254384.0,33392.75,384001,40000.0,-26291964.34566678,,,,,,,
-0.05575715827941997,0.21518538723675867,0.34429137364023116,-0.7069458857137737,0.0,705.1667024909144,76.08319294190741,21,18153,396000,0.0003,42723.67578125,111.88884735107422,0.3552699685096741,107008304.0,42277.69921875,386001,40000.0,-26291964.34566678,,,,,,,
4.7760189704894875,0.2054615839569397,-0.25149560252266406,-0.8018191482701233,0.0,988.4131545515938,646.2450083631343,21,18232,398000,0.0003,51182.5859375,113.30680084228516,-0.24752923846244812,107172080.0,43713.22265625,388001,40000.0,-26291964.34566678,,,,,,,
11.058670959472652,0.551904231558428,0.37543823963875894,-0.6584001252790525,0.0,754.4607575706489,-636.6931137034434,,,400000,0.0003,44817.19140625,106.4925537109375,-0.09935560822486877,56917132.0,26696.005859375,390000,,,0.005218750000000004,0.0,40000.0,-1555615900.1609378,4672794454.708125,0.0,0.0
,,,,,,,20,19509,400000,0.0003,41807.3984375,106.47468566894531,-0.24328599870204926,63593344.0,23884.990234375,390001,40000.0,-27167867.115690302,,,,,,,
9.42287199783324,0.3145956379224243,0.5159125884976701,-0.8694864680917153,0.0,1125.9839342949965,-266.843108098266,20,19587,402000,0.0003,46623.05859375,107.90148162841797,0.14513562619686127,78134560.0,30002.375,392001,40000.0,-27167867.115690302,,,,,,,
4.218684612274173,0.8237976802701414,0.0964106068342254,-0.5774838850439864,0.0,728.0859308314613,-169.1755209571079,20,19663,404000,0.0003,46900.640625,105.35591888427734,-0.06411481648683548,72390896.0,37653.93359375,394001,40000.0,-27167867.115690302,,,,,,,
3.1538768711090097,0.8508643269598144,-0.15739075987474827,-0.621704198292262,0.0,706.8181512529015,13.650949010066967,20,19739,406000,0.0003,49482.71875,104.65713500976562,-0.3600653409957886,63774136.0,26218.048828125,396001,40000.0,-27167867.115690302,,,,,,,
17.024654962539653,0.6759645586761251,0.22514577519855974,-0.6293741756741412,0.0,722.4162476107848,11.820983922706525,20,19815,408000,0.0003,49933.16796875,107.77025604248047,-0.18164929747581482,79014672.0,31137.63671875,398001,40000.0,-27167867.115690302,,,,,,,
-10.227480489730832,-0.6880804266697379,0.23545665194496254,-0.10583260682052907,0.0,944.2877670329528,313.75228216872597,20,19891,410000,0.0003,48686.11328125,110.67308044433594,0.34970277547836304,75690816.0,31409.08203125,400001,40000.0,-27167867.115690302,,,,,,,
-0.12836590957641844,-0.3402995691614202,-0.3178502367153118,-0.08050737094777392,0.0,1423.1059781644092,-487.43016331531476,20,19967,412000,0.0003,52169.12890625,114.80101013183594,-0.19208493828773499,45424628.0,22261.794921875,402001,40000.0,-27167867.115690302,,,,,,,
-4.749212432861325,0.49817122049352563,-0.4320032938909296,-0.19031222770743583,0.0,219.84640312650356,-433.99723842837557,20,20043,414000,0.0003,54812.71875,118.31473541259766,0.6398146748542786,70285968.0,26469.142578125,404001,40000.0,-27167867.115690302,,,,,,,
1.2863639106750484,0.02912800829840041,-0.19250221859557895,-0.151257689163705,0.0,79.80883381795624,137.0966024003911,20,20120,416000,0.0003,48895.2734375,122.56779479980469,0.9372737407684326,108613888.0,41430.66015625,406001,40000.0,-27167867.115690302,,,,,,,
-1.0649394435882562,0.26854898924363124,0.37573611871118845,-0.1364649017340778,0.0,110.9335986421215,86.07800514518551,20,20196,418000,0.0003,47873.94140625,121.30521392822266,-0.2988154888153076,80052064.0,39885.73046875,408001,40000.0,-27167867.115690302,,,,,,,
19.050563978195175,0.5855015842569214,0.054206766630543184,-0.17830057881267722,0.0,170.57205370790442,15.923459838010137,20,20273,420000,0.0003,44313.3046875,124.2744140625,0.294898122549057,97574408.0,40203.67578125,410001,40000.0,-27167867.115690302,,,,,,,
-7.846033226013196,0.537746211458259,-0.15095086522568485,-0.17243486481498413,0.0,182.20026623447617,-55.52566276580605,20,20349,422000,0.0003,40206.03515625,124.16009521484375,-0.8377279043197632,88202464.0,37316.625,412001,40000.0,-27167867.115690302,,,,,,,
-3.2425505542755064,0.12539816264634068,-0.30408109083173895,-0.04195362620516849,0.0004999999999999994,54.09489709559106,9.29506160756975,20,20425,424000,0.0003,30729.88671875,131.1686553955078,-0.19771382212638855,79265280.0,43072.94921875,414001,40000.0,-27167867.115690302,,,,,,,
-2.1971349449157676,-0.015852547890842717,0.16619285409316484,0.022061391177381158,0.0,29.977997800560704,96.47656405674049,20,20501,426000,0.0003,27326.48828125,131.8516082763672,0.3275560736656189,154910336.0,61145.76953125,416001,40000.0,-27167867.115690302,,,,,,,
-1.7775159149169921,0.04446968781336145,-0.2883567865344257,0.04668234775387565,0.0,64.1107349461112,181.9739244842415,20,20577,428000,0.0003,28513.859375,112.30057525634766,-0.3040923476219177,77159288.0,49672.2734375,418001,40000.0,-27167867.115690302,,,,,,,
-11.658073133468621,-0.2718448485736122,0.08237782485128603,-0.008981816528911089,0.0,125.6273078114317,-16.130825435774874,20,20653,430000,0.0003,30631.421875,108.42125701904297,0.11706231534481049,116672416.0,47388.28515625,420001,40000.0,-27167867.115690302,,,,,,,
0.1663520622253411,0.1619058104459365,0.41553637505491403,-0.12752863261002734,0.0,119.94327921236493,214.1823700168494,20,20729,432000,0.0003,42544.69921875,100.34783935546875,-0.3705497980117798,69861792.0,29538.5,422001,40000.0,-27167867.115690302,,,,,,,
16.908152463912963,0.5331520492013305,0.04905665024519613,-0.18085040059569563,0.0,153.40356193895522,-84.77974977023814,20,20806,434000,0.0003,47677.00390625,101.74215698242188,-0.16557253897190094,73425600.0,32362.76953125,424001,40000.0,-27167867.115690302,,,,,,,
-3.448475625991824,0.315285221243768,-0.21989911995671046,-0.13690506339696262,0.0,121.05621257279157,-38.99971154667032,20,20882,436000,0.0003,56870.91015625,95.6289291381836,0.5896995067596436,95569672.0,58911.21484375,426001,40000.0,-27167867.115690302,,,,,,,
1.3313850383758525,0.07722859501151559,-0.1502866985407271,-0.13326226092878368,0.0,41.117134457285815,61.71104705480394,20,20958,438000,0.0003,58929.49609375,98.28665161132812,0.4328897297382355,59708336.0,26069.294921875,428001,40000.0,-27167867.115690302,,,,,,,
0.16538403701782306,0.18610590538383356,0.24651891791149533,-0.12232709267803733,0.0,59.753632146289476,75.08028616511582,20,21035,440000,0.0003,63949.9765625,101.50882720947266,-0.27762436866760254,71305016.0,30719.4453125,430001,40000.0,-26004087.182027183,,,,,,,
4.495368761062618,0.24697838728845084,0.2633896154008745,-0.9160276224164842,0.0,1064.8155217804112,-93.60123213204287,20,21111,442000,0.0003,55111.48828125,104.48111724853516,0.2075999528169632,58196704.0,29859.22265625,432001,40000.0,-26004087.182027183,,,,,,,
7.741504360198965,0.7694348863931435,0.40327053596459284,-0.5579853408653593,0.0,719.6459990787888,-392.79145287734684,20,21187,444000,0.0003,53075.5,100.59126281738281,0.1469687521457672,74393504.0,38482.8671875,434001,40000.0,-26004087.182027183,,,,,,,
-8.393034643173214,0.712149919462807,-0.4108433546927736,-0.2942528306301839,0.0,368.71946721134333,-446.4990901420942,20,21263,446000,0.0003,47759.90625,101.0512466430664,0.26067760586738586,58118960.0,37928.40625,436001,40000.0,-26004087.182027183,,,,,,,
14.87072191810608,0.34577133686628475,0.013281370922032108,-0.062131199395637896,0.0,98.12389247705025,3.9791648482129096,20,21339,448000,0.0003,52119.578125,95.8154296875,-0.4111992418766022,55159016.0,22278.060546875,438001,40000.0,-26004087.182027183,,,,,,,
1.1043902816772404,0.2984651232495809,-0.09452834688672312,-0.032796702395141396,0.0,35.3823079524892,-60.09122661082106,21,21416,450000,0.0003,52610.23828125,101.0386734008789,-0.1370362639427185,67640960.0,27962.56640625,440001,40000.0,-26004087.182027183,,,,,,,
-5.331583114624023,0.2856681702106662,0.009495446982776176,-0.04119987099206312,0.0,28.770744408808742,30.99005073997277,21,21492,452000,0.0003,50361.33203125,105.43482208251953,0.3678080141544342,60024656.0,21111.279296875,442001,40000.0,-26004087.182027183,,,,,,,
-10.13560702514649,-0.007575918890301809,-0.46919522756297666,0.0814617611592576,0.0,146.89847920317467,519.5764511396712,21,21568,454000,0.0003,49826.25,116.65013122558594,-0.41184890270233154,102017552.0,49076.54296875,444001,40000.0,-26004087.182027183,,,,,,,
-17.146391075134286,-0.35826432666900615,-0.02098724932597091,0.5399119858777033,0.0,522.1277278113137,31.558326270361523,21,21644,456000,0.0003,45096.9765625,113.26693725585938,0.10769955813884735,67625424.0,28338.484375,446001,40000.0,-26004087.182027183,,,,,,,
-27.753925548553546,-0.4249242205899679,-0.0004333006616351496,0.5604613021538599,0.0,579.9496543888874,57.4115778532567,21,21720,458000,0.0003,49206.4453125,118.91608428955078,0.05712416023015976,71130080.0,27157.5390625,448001,40000.0,-26004087.182027183,,,,,,,
-30.10184470748898,-0.38257623066225654,0.035536180886264916,0.5000122679362239,0.0,438.57072154221004,85.50978785978626,21,21796,460000,0.0003,37926.12109375,116.970458984375,0.3684806823730469,60634540.0,23748.662109375,450001,40000.0,-26004087.182027183,,,,,,,
-26.18807567214964,-0.39907759310028335,0.07100827774630232,0.4519980987514588,0.0,333.44184038459724,-374.8357358179852,21,21874,462000,0.0003,44302.46484375,117.53162384033203,0.10901583731174469,74359256.0,33794.2578125,452001,40000.0,-26004087.182027183,,,,,,,
-23.075043003082275,-0.390955423714592,-0.0917458464320743,0.4020513035607958,0.0,279.1018879329164,172.93043238151293,21,21950,464000,0.0003,38235.5625,115.48033142089844,-0.19655674695968628,83625512.0,32372.189453125,454001,40000.0,-26004087.182027183,,,,,,,
-16.82482644653321,-0.37442490386120597,0.016150415472511153,0.4000619525101942,0.0,261.7953986606918,20.89785841569023,21,22026,466000,0.0003,41848.60546875,113.79345703125,0.17617270350456238,82841056.0,33613.76171875,456001,40000.0,-26004087.182027183,,,,,,,
-22.683966564178455,-0.4113453876025808,-0.0053430949818593304,0.48070212258513173,0.0,367.5567628097884,12.8630353633981,21,22103,468000,0.0003,43808.03515625,107.46334075927734,0.16260667145252228,70974728.0,26836.939453125,458001,40000.0,-26004087.182027183,,,,,,,
-26.19952058410642,-0.3721324370493622,0.03174819666456205,0.40072811763322375,0.0,258.6278477347145,-75.12615883856033,21,22179,470000,0.0003,48493.890625,104.23081970214844,-0.037606097757816315,73982304.0,28769.609375,460001,40000.0,-26004087.182027183,,,,,,,
-21.758953258514396,-0.36019645093636676,0.036048734531420205,0.35553889213424106,0.0,203.47114271178467,-1.2132389177569558,21,22255,472000,0.0003,50362.9375,99.6402587890625,1.264591097831726,67295968.0,27177.96875,462001,40000.0,-26004087.182027183,,,,,,,
-11.040483682632447,-0.3355600485587196,-0.03252903408257963,0.2837600065041072,0.0,172.86811568042427,-49.57135965359031,21,22330,474000,0.0003,48609.890625,106.31573486328125,0.2913954257965088,85501776.0,34319.5859375,464001,40000.0,-26004087.182027183,,,,,,,
-15.993816047668421,-0.3508488350533361,-0.04604498140566394,0.2901749865471688,0.0,175.35518427154727,21.348711293659125,21,22407,476000,0.0003,43563.9140625,116.32530212402344,-0.1894770860671997,86801920.0,39477.55078125,466001,40000.0,-26004087.182027183,,,,,,,
-23.063069366455082,-0.3922997918468474,0.07539075494144207,0.25895821744242586,0.0,146.65935167109728,26.120165273725565,21,22483,478000,0.0003,42407.50390625,114.294189453125,0.6098846793174744,82900984.0,42918.48828125,468001,40000.0,-26004087.182027183,,,,,,,
-9.390760610580452,-0.33494750386269934,0.0015062719239424362,0.2074121585815803,0.0,112.6342678224082,-40.21664776093708,21,22559,480000,0.0003,35028.83984375,107.19163513183594,1.0030949115753174,133759888.0,42431.421875,470001,40000.0,-24889499.30278067,,,,,,,
5.171685791015616,0.23771817646945023,0.3143338430546263,-0.9456924565136019,0.0,1135.6478328814053,-167.30565187877457,21,22635,482000,0.0003,42800.8515625,122.00591278076172,0.6618170738220215,87101152.0,29360.80859375,472001,40000.0,-24889499.30278067,,,,,,,
7.250199920654297,0.6861213248566215,0.22043894328394417,-0.7278224180513452,0.0,814.282044605668,-242.09194576491,21,22711,484000,0.0003,43074.2265625,114.2643814086914,-0.5190640091896057,104415112.0,39471.046875,474001,40000.0,-24889499.30278067,,,,,,,
7.716433645248413,0.5946850159724744,-0.23050025594101026,-0.7663463427147001,0.0,846.5679741207505,197.94016156730822,21,22788,486000,0.0003,39204.0859375,113.51500701904297,-0.1265673041343689,99153216.0,43834.4453125,476001,40000.0,-24889499.30278067,,,,,,,
10.436117176055902,0.5999743863616519,0.16858945693707386,-0.7301051070399487,0.0,827.0267333060262,-210.22502891332599,21,22863,488000,0.0003,39467.953125,111.47315216064453,-0.6095190644264221,54566880.0,22484.220703125,478001,40000.0,-24889499.30278067,,,,,,,
-2.982024362564076,0.848530839235096,0.013455120237182466,-0.5198182733107667,0.0,633.3259269549496,-83.85026224048153,21,22939,490000,0.0003,42105.4453125,111.93196105957031,-0.5739412307739258,68655688.0,26677.7734375,480001,40000.0,-24889499.30278067,,,,,,,
10.51465116691589,0.3856478619420824,-0.15685103542152853,-0.18975654451961124,0.0,241.12845734303056,-541.1163559160248,21,23015,492000,0.0003,39780.421875,117.2084732055664,-0.5851255655288696,63075376.0,25106.080078125,482001,40000.0,-24889499.30278067,,,,,,,
6.135968982696533,0.3873957977377004,-0.04307894352808458,-0.13079460119807873,0.0,125.40052805617935,35.7158412572945,21,23090,494000,0.0003,40183.83203125,124.55704498291016,-0.5370802879333496,131753904.0,69014.7734375,484001,40000.0,-24889499.30278067,,,,,,,
16.7701321105957,0.6312083166312752,0.20827170066597384,-0.10524804279773771,0.0,206.3039902674071,104.90054892143007,21,23165,496000,0.0003,36250.640625,131.66702270507812,0.4798312187194824,49490464.0,21182.078125,486001,40000.0,-24889499.30278067,,,,,,,
6.989928840637194,0.8292252617439833,0.10002140115721045,-0.09248254065368608,0.0,262.5170594406693,182.5278554845692,21,23243,498000,0.0003,35193.265625,114.36614990234375,0.35663312673568726,55359216.0,24840.75,488001,40000.0,-24889499.30278067,,,,,,,
0.5064606323242347,0.7155964159329178,-0.2636175663723818,-0.2212692153451086,0.0,270.5762600512269,-265.3487003760109,,,500000,0.0003,38009.88671875,124.52313232421875,-0.8466615080833435,82973112.0,38162.1640625,490000,,,0.005218750000000004,0.0,40000.0,-22112.50954309427,3094.532531483728,0.0,0.0
,,,,,,,20,24483,500000,0.0003,35746.80078125,124.53215789794922,-0.18144334852695465,109054352.0,37705.29296875,490001,40000.0,-24889499.30278067,,,,,,,
7.11055789375305,0.6957930240403727,0.16420297986659632,-0.16622086835996147,0.0,252.83339756869046,258.23956208444895,20,24559,502000,0.0003,40399.0,121.43566131591797,-0.43077102303504944,118480640.0,55557.7734375,492001,40000.0,-24889499.30278067,,,,,,,
0.7088832492828345,0.6410056735780832,-0.2492092450607783,-0.2718547373819105,0.0,323.63816877254646,-256.4871351751405,20,24636,504000,0.0003,37924.98828125,104.48052215576172,-0.18932531774044037,85720256.0,49399.25,494001,40000.0,-24889499.30278067,,,,,,,
-2.4639104728698773,0.13904570887862444,-0.3033563161338313,-0.10275981285640187,0.0,60.09021051504796,30.989865456385452,20,24713,506000,0.0003,45236.44140625,108.95767211914062,-1.22127366065979,47934632.0,25117.728515625,496001,40000.0,-24889499.30278067,,,,,,,
1.9411271018981942,-0.09528544625925735,-0.16191984319925562,-0.08277637090903425,0.0,92.54019775285377,155.65237985716388,20,24790,508000,0.0003,41165.65234375,107.01508331298828,0.11772292852401733,60057312.0,25534.73828125,498001,40000.0,-24889499.30278067,,,,,,,
3.2614300975799555,-0.29724394933909104,0.06983459514638235,-0.11125821419776494,0.0,135.88882238012584,585.9099285554275,20,24866,510000,0.0003,44443.953125,113.3289566040039,-0.19915105402469635,88246352.0,39648.95703125,500001,40000.0,-24889499.30278067,,,,,,,
-13.707334354400643,-0.30802944308768276,-0.11927493958526464,-0.14001967256223333,0.0,100.28578329785458,-510.1276965247842,20,24943,512000,0.0003,34680.28125,111.6074447631836,-0.09234577417373657,78381904.0,29578.2734375,502001,40000.0,-24889499.30278067,,,,,,,
1.9033440399170025,-0.1787103155054854,0.2974795332133859,-0.05411258847751647,0.0,87.38021030631838,21.09446307060948,20,25019,514000,0.0003,39892.421875,100.19192504882812,0.4147142767906189,104094448.0,33666.453125,504001,40000.0,-24889499.30278067,,,,,,,
-6.413817657470705,-0.08038827518326463,-0.11329942422515572,-0.012683187187389342,0.0,24.069019047019978,289.73499248018527,20,25096,516000,0.0003,23849.064453125,133.23394775390625,0.9905976057052612,116329136.0,44540.58984375,506001,40000.0,-24889499.30278067,,,,,,,
-1.5601965961456294,0.06141324434800673,0.26665978320934197,-0.00811947172357947,0.0,67.82905672399201,-40.626997165201686,20,25172,518000,0.0003,32098.931640625,99.49080657958984,0.2153865098953247,66374448.0,27750.388671875,508001,40000.0,-24889499.30278067,,,,,,,
-3.392020084381102,0.18403776489417853,-0.1388966482272422,0.006503459842323034,0.0,20.0851281077652,62.79149855729819,20,25249,520000,0.0003,39299.62109375,101.22167205810547,-0.006176456809043884,55848876.0,21812.2890625,510001,40000.0,-23979140.40279746,,,,,,,
5.027931831359863,0.21786060819597308,0.4478969128141322,-0.9085653207918636,0.0,1197.361910108646,-287.2457185699808,20,25325,522000,0.0003,41798.953125,106.93953704833984,-0.025699784979224205,53843684.0,31811.099609375,512001,40000.0,-23979140.40279746,,,,,,,
0.7347410488128572,0.8172270595501551,0.1113001033882987,-0.6086030819669194,0.0,709.0246772786875,-57.351669379013906,20,25402,524000,0.0003,36899.02734375,109.33906555175781,0.15675833821296692,74213440.0,31527.712890625,514001,40000.0,-23979140.40279746,,,,,,,
9.511374439239516,0.4235486627418366,-0.3909900346236934,-0.6072357959905417,0.0,613.6009247261154,-127.65996944116839,20,25479,526000,0.0003,38560.85546875,108.60142517089844,-0.4634666442871094,81381856.0,27800.892578125,516001,40000.0,-23979140.40279746,,,,,,,
7.782137212753297,0.45901544026741814,0.22596135172700543,-0.5682973325688501,0.0,505.19549362995747,-199.68993791302356,20,25557,528000,0.0003,35515.05859375,105.5413589477539,-0.38882219791412354,49030564.0,20934.150390625,518001,40000.0,-23979140.40279746,,,,,,,
11.555863037109342,0.6612373214639924,0.11120042770934038,-0.41879066753524286,0.0,376.8990929782092,-143.00358673873978,20,25636,530000,0.0003,36256.5234375,104.51200866699219,0.4625801742076874,60479136.0,28892.232421875,520001,40000.0,-23979140.40279746,,,,,,,
-7.538447074890141,0.4426471565681447,-0.40563511576284267,-0.136232577029055,0.0,162.43890105688033,-193.13544186613478,20,25714,532000,0.0003,39065.01171875,97.6025390625,-0.31095749139785767,52705368.0,26368.677734375,522001,40000.0,-23979140.40279746,,,,,,,
10.617019727706907,0.193278283397733,0.017854208821015377,0.006560359045192287,0.0,107.32113318435533,26.345695853491634,20,25954,534000,0.0003,41326.00390625,100.18719482421875,0.10504255443811417,84905936.0,44495.68359375,524001,40000.0,-23979140.40279746,,,,,,,
0.043281755447385335,0.24322536200552175,0.08083808409171062,-0.05608572202779097,0.0,38.64343957785564,44.64718216916828,20,26032,536000,0.0003,43041.44140625,101.47219848632812,-0.43683210015296936,66137368.0,24386.13671875,526001,40000.0,-23979140.40279746,,,,,,,
-5.6100530986785895,0.439624072895246,0.26692904049299226,-0.09491597285421893,0.0,116.28723336201749,167.25204915141677,20,26110,538000,0.0003,46085.765625,90.63632202148438,0.010689012706279755,59068836.0,22515.48828125,528001,40000.0,-23979140.40279746,,,,,,,
19.43068764305114,0.6454150852763155,0.015044522516328663,-0.28135202187607705,0.0,253.3517793840091,107.43628227126675,20,26188,540000,0.0003,43324.0625,95.12841796875,1.0367743968963623,66108800.0,45240.30859375,530001,40000.0,-23979140.40279746,,,,,,,
-8.355913553237906,0.564957136400922,-0.26490638613499984,-0.23970085105401018,0.0,210.31447952631123,-173.44804474503798,20,26266,542000,0.0003,50899.359375,87.8796157836914,-0.10800985991954803,49066592.0,22972.423828125,532001,40000.0,-23979140.40279746,,,,,,,
5.88271887779236,0.17094093030960142,-0.15317864809515208,-0.15757327794618042,0.0,61.161359962197,6.417801336048663,20,26344,544000,0.0003,55160.140625,92.71794128417969,0.5598919987678528,61468232.0,25340.515625,534001,40000.0,-23979140.40279746,,,,,,,
0.344896316528323,0.28779309630945327,0.28041291177284927,-0.1633012305564511,0.0,112.70126298352146,130.92039462838918,20,26421,546000,0.0003,54147.16796875,89.93360137939453,0.1177222803235054,75237704.0,35591.0078125,536001,40000.0,-23979140.40279746,,,,,,,
11.317762067794803,0.5228158908152155,-0.0674130118186986,-0.2780169581501527,0.0,232.58181215830473,219.36996762571562,20,26499,548000,0.0003,53880.0390625,95.37223052978516,0.32225149869918823,38772104.0,27798.388671875,538001,40000.0,-23979140.40279746,,,,,,,
-1.9759594154357911,-0.02361511581325267,-0.4855851864529376,-0.4867495710067135,0.0,466.11740013281724,-16.636114564004625,20,26577,550000,0.0003,60662.8203125,93.4772720336914,-0.047602832317352295,51417848.0,26322.033203125,540001,40000.0,-23979140.40279746,,,,,,,
-8.410128936767581,-0.41752905652745514,-0.16384598947001383,-0.33983621999968566,0.0,223.88680472772046,-33.641107359880884,20,26655,552000,0.0003,54041.4921875,94.019287109375,-0.0601787194609642,58555636.0,34877.19921875,542001,40000.0,-23979140.40279746,,,,,,,
0.9532036952972401,-0.31850635903962826,0.09140666036037198,-0.13496798408645422,0.0,172.37233365838347,-77.573715477157,20,26733,554000,0.0003,56919.83203125,85.29273223876953,-0.3081132173538208,60434024.0,26751.916015625,544001,40000.0,-23979140.40279746,,,,,,,
-18.07083692359924,-0.5113734090353831,-0.19612630463309566,0.006104438567820092,0.0,149.44215557228523,83.9160568166804,20,26811,556000,0.0003,60305.3125,92.41149139404297,-0.08615617454051971,63854400.0,40746.2421875,546001,40000.0,-23979140.40279746,,,,,,,
-26.736029823303234,-0.5976369584786001,0.094897292735933,-0.03228398571518405,0.0,131.2232329929498,-18.78524326377285,20,26889,558000,0.0003,59780.8125,94.225830078125,0.3621825575828552,61674648.0,35268.1953125,548001,40000.0,-23979140.40279746,,,,,,,
5.3936499423980715,-0.5268733575899756,0.16617865046758135,-0.08894829915109517,0.0,139.1562363331669,-90.80339655672657,20,26969,560000,0.0003,54785.77734375,93.49803924560547,0.6447707414627075,63402032.0,32490.16015625,550001,40000.0,-23120499.183073997,,,,,,,
3.7062182025909416,0.2658613567159703,0.6940814873875069,-0.5724676229394267,0.0,899.6339110628174,-600.0931591881399,20,27047,562000,0.0003,56025.5859375,92.5017318725586,0.2585202157497406,75031776.0,30804.39453125,552001,40000.0,-23120499.183073997,,,,,,,
-8.259303857803353,0.28235589657859606,-0.30372009883701584,-0.23067379469906446,0.0,391.9355696647255,-386.2274577039161,20,27124,564000,0.0003,56401.40625,91.77168273925781,0.5016713738441467,60010640.0,32486.41015625,554001,40000.0,-23120499.183073997,,,,,,,
2.763645954132084,0.415266626319747,-0.5525701242388704,-0.2849038598353555,0.0,678.0920179921529,578.1447340965046,20,27202,566000,0.0003,55302.1015625,94.88311004638672,-0.2886189818382263,53814492.0,27662.427734375,556001,40000.0,-23120499.183073997,,,,,,,
-10.41140185546875,-0.4554107956901327,-0.3080936699589563,-0.5866160821097487,0.0,528.6299193127651,-339.2836161660841,20,27280,568000,0.0003,49694.53125,101.79966735839844,0.47277653217315674,70644400.0,25365.67578125,558001,40000.0,-23120499.183073997,,,,,,,
-12.969666030883785,-0.7844426808464177,0.03874550894022014,-0.05889770524598793,0.0,319.4879970885864,41.92726084339545,20,27358,570000,0.0003,46212.796875,103.85595703125,0.32937753200531006,78961008.0,38440.24609375,560001,40000.0,-23120499.183073997,,,,,,,
-10.202108079910277,-0.6117632280444081,-0.10766530883886165,-0.4521694787283455,0.0,437.5689672745251,33.59284113595858,20,27435,572000,0.0003,41089.02734375,102.70724487304688,0.12563776969909668,95132960.0,34699.80859375,562001,40000.0,-23120499.183073997,,,,,,,
-2.2637075729370126,-0.4175490491822918,0.15945377584824152,-0.11907172122734137,0.0,250.5612635005094,-116.87641895195742,20,27512,574000,0.0003,40073.171875,108.83906555175781,0.6065815687179565,66792512.0,36525.69140625,564001,40000.0,-23120499.183073997,,,,,,,
-20.772950571060207,-0.5404906897004383,0.10235006642119565,0.20957517157339334,0.0,172.5949117919681,-196.96506497021545,20,27589,576000,0.0003,31097.15234375,111.85811614990234,-0.6632329225540161,84739544.0,46911.33203125,566001,40000.0,-23120499.183073997,,,,,,,
-26.92019666290283,-0.4636167010583647,-0.0516034826845875,0.22173991290477973,0.0,172.2881265670667,29.045926640048524,20,27666,578000,0.0003,30375.0390625,106.2472152709961,0.4702802896499634,65962616.0,33615.17578125,568001,40000.0,-23120499.183073997,,,,,,,
-17.44888989830017,-0.45381904533137485,0.015378125700155525,0.20070047610731184,0.0,136.6246560395662,130.81857198626136,20,27743,580000,0.0003,33305.50390625,94.1085433959961,0.17738541960716248,56196912.0,22385.84375,570001,40000.0,-23120499.183073997,,,,,,,
-7.637989360809327,-0.41477688796501955,0.04872799124442102,0.09027908008670806,0.0,76.1775691394862,-139.78248833515661,20,27820,582000,0.0003,38245.62109375,95.82173156738281,0.28646376729011536,73506208.0,32440.546875,572001,40000.0,-23120499.183073997,,,,,,,
-24.38668886756897,-0.4298978971152957,-0.05412451061491081,0.1761159954280948,0.0,105.50658756536288,90.84012825682393,20,27897,584000,0.0003,33287.6171875,124.4999771118164,-0.7280177474021912,80499360.0,32417.99609375,574001,40000.0,-23120499.183073997,,,,,,,
-18.7061555519104,-0.41271622173581624,-0.012272016016224942,0.3011816849374307,0.0,205.21614256806248,261.0221188433194,20,27975,586000,0.0003,13501.1279296875,135.2450408935547,0.9848188757896423,111589096.0,38126.79296875,576001,40000.0,-23120499.183073997,,,,,,,
-16.779934041976905,-0.39524394438614,0.09423063670576598,0.34617940177952655,0.0,204.4080614184116,-116.22570286628954,20,28051,588000,0.0003,18334.30859375,105.36677551269531,-0.24165749549865723,99633560.0,48184.75,578001,40000.0,-23120499.183073997,,,,,,,
-32.49723731231684,-0.42859592604732855,-0.055672077813140874,0.6037948492494238,0.0,530.3254291808195,577.1092252293344,20,28128,590000,0.0003,90.976806640625,147.097900390625,0.18451827764511108,123880560.0,48459.734375,580001,40000.0,-23120499.183073997,,,,,,,
-26.442604890823382,-0.37786670592757915,0.06091387371948178,0.4960421789638406,0.0,487.5420311660844,-642.5074986688041,20,28205,592000,0.0003,2084.54345703125,104.4002914428711,0.465923547744751,106874192.0,42384.640625,582001,40000.0,-23120499.183073997,,,,,,,
-23.0120497932434,-0.34189508190117773,-0.039658293574780214,0.36802906715264294,0.0,217.64411471889684,231.3952203728258,21,28282,594000,0.0003,8943.853515625,103.50765228271484,0.7546627521514893,87439840.0,36718.51953125,584001,40000.0,-23120499.183073997,,,,,,,
-21.060750225067153,-0.3735414481307674,0.04422263430646579,0.5054881471366695,0.0,371.78691695695153,-37.312300769362814,21,28361,596000,0.0003,23370.28515625,92.27406311035156,-0.14884716272354126,81211976.0,24644.234375,586001,40000.0,-23120499.183073997,,,,,,,
-10.298544435501105,-0.26138942527793074,0.10263476324917703,0.3412587428825898,0.0,195.74301527541598,127.61400026273893,21,28437,598000,0.0003,21680.556640625,115.23757934570312,-0.88542240858078,72849280.0,30223.470703125,588001,40000.0,-23120499.183073997,,,,,,,
-18.214377702713033,-0.2830049336099093,-0.13554094161833224,0.49478327380941595,0.0,399.99043169364904,301.41843531948973,,,600000,0.0003,20582.94140625,106.90277862548828,-0.0020261257886886597,80065248.0,31661.486328125,590000,,,0.005218750000000004,0.0,40000.0,-28320.473941508946,9279.91725121168,0.0,0.0
,,,,,,,20,29684,600000,0.0003,24534.384765625,106.8912124633789,0.5735034942626953,113340640.0,52796.41015625,590001,40000.0,-22483366.92286613,,,,,,,
-10.088793809890744,-0.37508245122808426,-0.5404171926560526,-0.7364773415262772,0.0,933.1603325767564,-507.7026558413991,20,29760,602000,0.0003,27056.462890625,103.83560180664062,-0.63231360912323,65960464.0,30194.306640625,592001,40000.0,-22483366.92286613,,,,,,,
7.114346651077283,-0.6054286727017749,0.38365900469997033,-0.3173780001673886,0.0,368.6591630224803,-373.0414041586175,20,29836,604000,0.0003,29609.5859375,115.85250854492188,-0.6227141618728638,66072456.0,31518.05859375,594001,40000.0,-22483366.92286613,,,,,,,
8.503018201828022,0.13494167062516563,0.36137094514376733,-0.12818611698549034,0.0,126.38107304142889,-8.10648963712817,20,29912,606000,0.0003,27504.224609375,108.99908447265625,0.2494637370109558,69608304.0,31901.455078125,596001,40000.0,-22483366.92286613,,,,,,,
-2.2802650985717823,0.19696209376852483,-0.06891295919161873,-0.013002705022631993,0.0,20.92158029893837,34.19861691324376,20,29989,608000,0.0003,20845.14453125,114.58159637451172,-0.16021138429641724,66988664.0,30543.138671875,598001,40000.0,-22483366.92286613,,,,,,,
-3.9969870090484707,0.20061747298182228,-0.11484207269768068,-0.012067145160395488,0.0,69.27783033476769,319.0023227188817,20,30065,610000,0.0003,20444.296875,106.69795227050781,-0.3095230162143707,84915808.0,37538.59375,600001,40000.0,-22483366.92286613,,,,,,,
-4.701875419616699,-0.15541481441870753,-0.19992503274716567,-0.03167876353528127,0.0,85.88607630909466,-62.25788468877797,20,30141,612000,0.0003,27698.125,89.42843627929688,-0.14169926941394806,89897448.0,42464.68359375,602001,40000.0,-22483366.92286613,,,,,,,
-5.1550615348815905,-0.23348709235115334,0.14873857719295877,0.1802720706467287,0.0,130.6436560900455,2.166867552143617,20,30217,614000,0.0003,34453.734375,88.25823974609375,0.31220951676368713,59312680.0,25478.150390625,604001,40000.0,-22483366.92286613,,,,,,,
-7.058925010681153,-0.11399322834583883,-0.1693752079012988,0.24462879488723363,0.0,128.88907045007045,292.8840444052078,20,30294,616000,0.0003,36649.13671875,92.84735107421875,0.21328768134117126,62766016.0,26126.845703125,606001,40000.0,-22483366.92286613,,,,,,,
-15.606726387023919,-0.3089547913855713,0.027674629463239554,0.48325209515385636,0.0,351.5867383174545,159.77353283627374,20,30370,618000,0.0003,41866.69921875,91.01805114746094,-0.23000484704971313,74771024.0,33429.390625,608001,40000.0,-22483366.92286613,,,,,,,
-17.06614295387265,-0.31494964325782054,0.028114124992529903,0.5821190957089992,0.0,481.06425445964555,-12.681885808324436,20,30447,620000,0.0003,40164.38671875,99.21039581298828,-0.1410047709941864,46988944.0,20311.99609375,610001,40000.0,-22483366.92286613,,,,,,,
-19.645587711334233,-0.28071672717114265,-0.07009722985960842,0.6142878476232206,0.0,516.1242101277625,281.6365671387271,20,30524,622000,0.0003,35974.55078125,100.15892028808594,0.4300450086593628,76736224.0,27844.8359375,612001,40000.0,-22483366.92286613,,,,,,,
-16.26055679130554,-0.21414597646372058,0.0028536233814030003,0.5814217168090484,0.0,459.03015294248627,1.193572635069062,20,30601,624000,0.0003,32026.20703125,93.96617889404297,0.0760287344455719,58257448.0,41978.1875,614001,40000.0,-22483366.92286613,,,,,,,
-13.85425239753724,-0.20750787366831552,0.07418911118184485,0.5891570627926893,0.0,448.2950609650963,-9.927273354125091,20,30677,626000,0.0003,34468.234375,90.88842010498047,0.11335116624832153,50683148.0,24997.662109375,616001,40000.0,-22483366.92286613,,,,,,,
-9.589806022644064,-0.18769825129903167,0.03477774160679716,0.6137453739095386,0.0,475.3250536148775,79.5058793027078,20,30754,628000,0.0003,37282.046875,86.71636962890625,0.3106791377067566,45921344.0,23351.958984375,618001,40000.0,-22483366.92286613,,,,,,,
-14.201560811996455,-0.23071205527808233,-0.012316616760983116,0.7119792158043511,0.0,645.7880982524432,348.80670556121095,20,30831,630000,0.0003,35860.9140625,92.6200180053711,0.505816638469696,48569424.0,22263.630859375,620001,40000.0,-22483366.92286613,,,,,,,
-17.906505464553803,-0.22892748771691276,-0.10767057292556213,0.7553035344801967,0.0,742.9893233505967,201.32646601742812,20,30907,632000,0.0003,35930.6953125,83.66651916503906,0.06748388707637787,36266288.0,21137.4609375,622001,40000.0,-22483366.92286613,,,,,,,
-22.23060420036316,-0.2584218412365034,8.645503784022107e-05,0.8010038223797245,0.0,829.5425857353249,95.82232135255738,20,30983,634000,0.0003,40397.05078125,75.11721801757812,-0.29403430223464966,46376800.0,31193.53515625,624001,40000.0,-22483366.92286613,,,,,,,
-21.6858319244385,-0.247102203184825,0.017784733218100295,0.826591027542951,0.0,878.726257443658,68.60508480019149,20,31059,636000,0.0003,52911.625,69.11805725097656,0.12084928900003433,56482660.0,31539.544921875,626001,40000.0,-22483366.92286613,,,,,,,
-22.669895895004284,-0.2507789087566679,0.009599207366638513,0.8867789910828854,0.0,998.490475480273,189.60986899643382,20,31135,638000,0.0003,61197.2265625,70.65775299072266,-0.3047914505004883,51309452.0,30189.48046875,628001,40000.0,-22483366.92286613,,,,,,,
-22.342170793533345,-0.24648889809663813,0.03390283544601381,0.9543029122294676,0.0,1146.6199747852247,28.290390754361365,20,31211,640000,0.0003,62461.01953125,71.38517761230469,0.3634170889854431,39223612.0,17300.4375,630001,40000.0,-22307831.611136813,,,,,,,
9.675085548400876,0.3830730028190865,0.5649275807013906,-0.7794725519591604,0.0,953.0914960004118,-572.7798398929586,20,31287,642000,0.0003,69016.0546875,74.98355865478516,-0.2687099575996399,34275384.0,18562.892578125,632001,40000.0,-22307831.611136813,,,,,,,
-9.904859388351447,0.7878559080162533,-0.23245405137151262,-0.33784858317569166,0.0,409.726474890965,-339.50668127475546,20,31363,644000,0.0003,65852.421875,79.07080078125,-0.211753711104393,50210288.0,32484.634765625,634001,40000.0,-22307831.611136813,,,,,,,
-4.190886770248415,0.13748369589988557,-0.467537242008646,-0.07420317633509335,0.0,108.70858714547086,-66.2867953100048,20,31440,646000,0.0003,64262.86328125,74.50373077392578,0.34792739152908325,36883056.0,24942.251953125,636001,40000.0,-22307831.611136813,,,,,,,
-2.91883481025696,-0.17054967323871004,-0.03884238164536764,0.013702378099162237,0.0,40.992485197076974,20.351833043554265,20,31516,648000,0.0003,57534.0390625,85.5477523803711,0.4987679719924927,55457328.0,23702.3125,638001,40000.0,-22307831.611136813,,,,,,,
3.9537015228271493,-0.21194727099887015,0.12252048347220261,-0.015236804520003434,0.0,27.125058591771708,28.444625173819393,20,31592,650000,0.0003,48383.12109375,94.55204772949219,0.5448657274246216,45465424.0,21573.197265625,640001,40000.0,-22307831.611136813,,,,,,,
-4.961742496490476,-0.07016293341679206,-0.058194882686568944,0.0300922476646139,0.022500000000000023,45.1452169399182,235.44941570975794,20,31669,652000,0.0003,50082.125,88.62940216064453,0.5671848654747009,74299912.0,29437.4921875,642001,40000.0,-22307831.611136813,,,,,,,
-0.20642303657531905,0.04275123947014911,0.18304034156545956,0.016452950115758827,0.0,30.82932071661353,-35.709876435830786,20,31745,654000,0.0003,44218.25390625,82.9442367553711,0.4515584707260132,49217800.0,37719.4609375,644001,40000.0,-22307831.611136813,,,,,,,
-2.0173477382659892,0.10774887754443832,0.0035492309525212485,0.01921720873009623,0.0,6.461945810858417,102.89346890600986,20,31822,656000,0.0003,52673.1875,72.44805145263672,0.14699247479438782,55023156.0,28668.3203125,646001,40000.0,-22307831.611136813,,,,,,,
-8.036187589645388,-0.08571693921639369,-0.11866072026788936,0.08338427813008704,0.0,78.28597731935193,181.89132309973206,20,31898,658000,0.0003,54617.328125,74.42802429199219,0.2496568262577057,66244876.0,28209.298828125,648001,40000.0,-22307831.611136813,,,,,,,
1.6120879898071285,-0.03905507510734191,-0.07252048915450597,0.04986993622770133,0.018,40.60605100258,-27.02148669813141,20,31974,660000,0.0003,58464.73828125,71.96121978759766,0.621860682964325,63028608.0,34721.82421875,650001,40000.0,-22307831.611136813,,,,,,,
-4.310800455093382,-0.3622207275392125,-0.18523750774181535,0.06390866665719887,0.0,141.63580456495902,435.4872156124397,20,32050,662000,0.0003,60295.3046875,79.54248809814453,-0.38867825269699097,55308276.0,30054.509765625,652001,40000.0,-22307831.611136813,,,,,,,
-8.859229833602901,-0.25792175890254576,0.14481850481123087,-0.3494125125075173,0.0,226.81306763132028,-188.9712448563915,20,32129,664000,0.0003,58484.97265625,76.05433654785156,-0.3850710988044739,54960568.0,30551.89453125,654001,40000.0,-22307831.611136813,,,,,,,
12.688264577865597,0.206338674612081,0.41008109529722353,-0.23472662192599164,0.0,247.34609529995933,-20.35146065763734,20,32205,666000,0.0003,57390.609375,77.97078704833984,0.36807844042778015,38420216.0,23771.515625,656001,40000.0,-22307831.611136813,,,,,,,
-0.5652329158782962,-0.04534358390265509,-0.4175715243996314,-0.19373100231622284,0.0,185.5909573646797,7.897659421187212,20,32281,668000,0.0003,61145.16015625,72.71080017089844,0.1148233562707901,47308932.0,24389.330078125,658001,40000.0,-22307831.611136813,,,,,,,
-10.535730150222774,-0.2576329694588639,0.09631008098078236,-0.21402349055297643,0.0,134.78478604973623,166.59104221426517,20,32357,670000,0.0003,54839.875,73.67805480957031,0.04012636840343475,48842552.0,31044.8203125,660001,40000.0,-22307831.611136813,,,,,,,
0.45160904312133715,0.4138326227435703,0.4971230105497547,-0.24338251624430135,0.0,303.0858643863229,135.0579350895246,20,32433,672000,0.0003,60529.36328125,81.68553161621094,-1.0942695140838623,53812032.0,48069.75390625,662001,40000.0,-22307831.611136813,,,,,,,
14.427156595230068,0.6115513984461393,-0.10549388070900274,-0.24013667589826548,0.0,239.24683926877927,-205.6274605269683,20,32508,674000,0.0003,50474.87890625,89.93141174316406,0.0796503871679306,74863968.0,34732.8203125,664001,40000.0,-22307831.611136813,,,,,,,
-5.423231023788453,0.29743083868915804,-0.26769591688768185,-0.08290273226971848,0.0,68.70982097206573,-18.67229780546938,20,32585,676000,0.0003,48560.01953125,84.9346923828125,-0.2876029908657074,60804068.0,39716.640625,666001,40000.0,-22307831.611136813,,,,,,,
-3.530131458282476,-0.05168240333621997,-0.11709110644811188,-0.009475784841085279,0.05400000000000001,66.83417918006333,49.095537255871086,20,32661,678000,0.0003,55448.7578125,73.7291259765625,-0.19562524557113647,58506528.0,27699.291015625,668001,40000.0,-22307831.611136813,,,,,,,
4.0121117610931405,-0.23477255738582126,-0.13609996126251364,-0.05239539856676922,0.0,38.56542063359096,69.20026414330563,20,32737,680000,0.0003,48751.43359375,80.65167236328125,-0.20416000485420227,47591064.0,24943.775390625,670001,40000.0,-21394851.569183648,,,,,,,
4.47469469070434,0.23286936147599271,0.25041689048533783,-0.9351110074258209,0.0,1101.3041482205283,-73.47807953536484,20,32814,682000,0.0003,52421.19140625,68.85009765625,0.2949868440628052,34956888.0,37429.92578125,672001,40000.0,-21394851.569183648,,,,,,,
10.966435277938839,0.6632440370702616,0.39947552305287953,-0.6734239904646498,0.0,773.9035246699465,-459.46314722373506,20,32890,684000,0.0003,53545.09765625,73.05259704589844,-0.44756844639778137,42299808.0,20466.55078125,674001,40000.0,-21394851.569183648,,,,,,,
-15.016738231658929,-0.5166358204432192,-0.006398217824736483,-0.46019924167186305,0.0,631.2979897979909,25.108676914870884,20,32966,686000,0.0003,60724.07421875,71.6212158203125,-0.7718766331672668,33188368.0,17784.3359375,676001,40000.0,-21394851.569183648,,,,,,,
-5.173997507095339,0.5084818449640334,-0.49152181618673635,-0.10314502445928257,0.0,212.1420890768048,-480.0701664805288,20,33043,688000,0.0003,56836.453125,72.79405975341797,0.21122974157333374,60499496.0,33896.23828125,678001,40000.0,-21394851.569183648,,,,,,,
-4.640689142227169,-0.012888100926615397,-0.1556893951297293,0.026178515194645584,0.0,71.62631450480741,10.874132645218518,20,33119,690000,0.0003,56174.45703125,76.02790832519531,0.6064690351486206,64353000.0,30874.765625,680001,40000.0,-21394851.569183648,,,,,,,
0.16681306076049787,0.04762953302785084,0.11632220133213668,0.016980005013485698,0.009,34.46259627794075,109.05582455889392,20,33195,692000,0.0003,50233.55078125,90.89292907714844,0.36044955253601074,56665632.0,18573.32421875,682001,40000.0,-21394851.569183648,,,,,,,
-3.2590149269104036,0.15334073548790722,-0.1259924862146126,0.02425315677463582,0.0,33.28323128457543,141.3941837366026,20,33270,694000,0.0003,43296.6953125,90.19213104248047,0.5941317677497864,101278440.0,53638.609375,684001,40000.0,-21394851.569183648,,,,,,,
1.0631665821075396,0.04064694772684874,0.11525583546791389,0.09847465139922676,0.0,96.79023786756134,112.07930985686576,20,33348,696000,0.0003,40845.12890625,81.40758514404297,-0.1748034656047821,51164816.0,35567.09375,686001,40000.0,-21394851.569183648,,,,,,,
-0.9038950195312512,0.13855895821633918,-0.12640650930004207,0.13785646795758486,0.0,57.02006198819786,134.38429926022005,20,33424,698000,0.0003,47188.671875,79.01698303222656,0.2994059920310974,60464852.0,29327.666015625,688001,40000.0,-21394851.569183648,,,,,,,
-7.9605355911254865,-0.13439772554260382,-0.054658228820479215,0.19228333494693858,0.0,106.58881336816269,-10.51287706838266,,,700000,0.0003,42219.51953125,79.93022155761719,-0.337801992893219,57579128.0,35746.73828125,690000,,,0.005218750000000004,0.0,40000.0,-37943.7166433142,9900.464026679152,0.004218750000000002,0.0
,,,,,,,20,34663,700000,0.0003,45616.90234375,79.93144226074219,0.03851207718253136,53732636.0,33759.46875,690001,40000.0,-21394851.569183648,,,,,,,
-5.670154603958125,-0.32938655809718353,-0.19571500812155762,0.14002420153917566,0.0,98.81808344319184,80.10849147593528,20,34738,702000,0.0003,44344.23828125,78.14680480957031,0.642952561378479,48565128.0,25576.705078125,692001,40000.0,-21394851.569183648,,,,,,,
-7.748032022476206,-0.24462715041597974,0.062101412357576276,-0.14912263032220102,0.0,122.66209009889377,59.52779008168074,20,34816,704000,0.0003,44477.765625,74.93101501464844,-0.229988694190979,48407736.0,31823.822265625,694001,40000.0,-21394851.569183648,,,,,,,
8.075950687408449,0.05213013781652772,0.46978659424268776,-0.1250933810648979,0.0,196.61227300604057,-1.7036982268125083,20,34891,706000,0.0003,48227.30078125,72.4030532836914,-1.2562129497528076,37522848.0,25660.501953125,696001,40000.0,-21394851.569183648,,,,,,,
11.21140346717833,0.30116447596087353,-0.13245632929931628,-0.049186528919539785,0.0,63.57389483189147,-4.454331134402417,20,34967,708000,0.0003,54900.27734375,73.05280303955078,0.08166544139385223,48306488.0,39707.3984375,698001,40000.0,-21394851.569183648,,,,,,,
-4.1136700572967415,0.15416440861634503,-0.12108919919022557,-0.06004693275666927,0.0,28.70869343778972,83.72858528588034,20,35042,710000,0.0003,61169.9921875,73.65532684326172,-0.2019146829843521,29342420.0,28127.2421875,700001,40000.0,-21394851.569183648,,,,,,,
-6.9119485301971295,-0.11894429443940906,-0.1015950214593644,-0.0009046721151158626,0.0,41.91530654661275,51.118393687859594,20,35118,712000,0.0003,58720.58984375,78.00819396972656,-0.23559966683387756,52408248.0,27357.173828125,702001,40000.0,-21394851.569183648,,,,,,,
3.180337039947511,-0.2089228377491017,-0.055054138996367186,-0.02331371042551407,0.0,22.593404565391328,47.98012001995371,20,35193,714000,0.0003,52015.9140625,78.38483428955078,0.4836794435977936,46801088.0,26711.1875,704001,40000.0,-21394851.569183648,,,,,,,
2.070319625854493,-0.12498707388672124,0.16698232591722975,-0.007914195375799273,0.0,19.453485217424753,71.96781692309548,20,35269,716000,0.0003,53872.78515625,80.77706909179688,0.49103838205337524,37981604.0,17977.68359375,706001,40000.0,-21394851.569183648,,,,,,,
-2.308375061035157,-0.0025127200348864145,0.02698868757960906,0.0044543725400327935,0.0,20.72263082182892,163.32786133004439,20,35345,718000,0.0003,49820.0859375,77.52923583984375,-0.14134036004543304,46453852.0,26494.3125,708001,40000.0,-21394851.569183648,,,,,,,
6.22759587478638,0.1965500504659391,0.047407991688092996,0.15014062127611083,0.0,81.10194683530855,55.52313688315044,20,35422,720000,0.0003,50703.046875,75.48983001708984,-0.1472991704940796,47003416.0,26775.060546875,710001,40000.0,-20630091.017102443,,,,,,,
-5.0815732097625625,-0.3346261266264544,-0.24227816317373177,-0.9045385755941925,0.0,1109.4615693518153,-116.46595631356237,20,35497,722000,0.0003,50057.76171875,70.07994079589844,-0.0020041465759277344,37079736.0,20248.0703125,712001,40000.0,-20630091.017102443,,,,,,,
-5.132933631896967,-0.49357962581161974,-0.16731564735844873,-0.8022321887871231,0.0,972.274542536256,-159.70800967372028,20,35573,724000,0.0003,49489.01953125,73.00182342529297,0.4902939200401306,56676744.0,36176.73828125,714001,40000.0,-20630091.017102443,,,,,,,
-7.176651222228993,-0.4446064932212516,0.2255716685626274,-0.8760393515472897,0.0,1011.359897353791,400.38332216528426,20,35649,726000,0.0003,51697.265625,82.9205093383789,-0.5464785695075989,60641816.0,48142.99609375,716001,40000.0,-20630091.017102443,,,,,,,
5.592528625488283,0.4660964596650594,0.6749931409614698,-0.7479309796958196,0.0,1105.6970180713672,-559.3769933959766,20,35724,728000,0.0003,44743.140625,93.12957763671875,-0.2807943820953369,56369892.0,27586.201171875,718001,40000.0,-20630091.017102443,,,,,,,
9.094329143524174,0.7424845532752277,0.12125217607121458,-0.6314363834232957,0.0,677.3394600917032,-129.17854321431415,20,35800,730000,0.0003,39999.7890625,81.51557159423828,0.42204374074935913,54572720.0,29762.775390625,720001,40000.0,-20630091.017102443,,,,,,,
13.451458705902096,0.7530096579398216,0.08924363595343157,-0.5160447927377859,0.0,598.4835397432219,-41.84250392149637,20,35875,732000,0.0003,45267.29296875,77.0245590209961,-0.3019036650657654,65471792.0,42281.33984375,722001,40000.0,-20630091.017102443,,,,,,,
-9.907788667678838,0.21357154123978006,-0.1178619890807131,-0.3191673729771005,0.0,459.47371140381057,-19.039063391902307,20,35951,734000,0.0003,57556.1015625,66.66816711425781,-0.45952919125556946,52797480.0,31758.35546875,724001,40000.0,-20630091.017102443,,,,,,,
8.704356578826959,0.5149863583782356,0.059075164147680874,-0.36605133245091515,0.0,480.73837877150214,-124.97817292688225,20,36028,736000,0.0003,58142.484375,72.88429260253906,-0.08077071607112885,52580324.0,32514.8203125,726001,40000.0,-20630091.017102443,,,,,,,
12.527968053817753,0.7818185759157361,-0.014590178941162737,-0.37541030334179354,0.0,467.9575347670666,101.73826312287663,20,36103,738000,0.0003,51882.63671875,80.51611328125,-0.39547792077064514,37103592.0,25464.0859375,728001,40000.0,-20630091.017102443,,,,,,,
-8.845440887451185,0.6631921778899963,-0.33076057095439493,-0.15762254525868258,0.0,340.5178375047074,-319.95874216004603,20,36179,740000,0.0003,47043.0703125,74.64383697509766,0.883068323135376,37512440.0,19210.275390625,730001,40000.0,-20630091.017102443,,,,,,,
17.84590649223326,0.6138826650226018,0.1259455688139636,-0.11765636015594826,0.0,227.0415358610192,54.04923007588068,20,36254,742000,0.0003,50721.8203125,77.08073425292969,-0.39710110425949097,34461512.0,19966.236328125,732001,40000.0,-20630091.017102443,,,,,,,
-4.424424091339099,0.3912902717620388,-0.29675247260310855,-0.12930216868604194,0.0,128.98615285150143,-140.66469608191719,20,36330,744000,0.0003,51302.2578125,76.37239837646484,0.4280308187007904,38913236.0,19421.328125,734001,40000.0,-20630091.017102443,,,,,,,
-5.588723741531374,-0.0016615492106430902,-0.21349695381604072,-0.026165737462278158,0.0,46.78151972435017,470.24025626575957,20,36405,746000,0.0003,57977.31640625,82.58798217773438,0.4870249927043915,45731448.0,23244.189453125,736001,40000.0,-20630091.017102443,,,,,,,
-2.534439165115354,-0.3085073093332947,-0.23886377949934398,0.12747799298525225,0.0,109.6502079220645,-246.57536811680566,20,36480,748000,0.0003,56674.62109375,78.18638610839844,-0.5381648540496826,40095756.0,17687.1328125,738001,40000.0,-20630091.017102443,,,,,,,
-13.433282644271857,-0.31446853191048313,0.11481360127127722,-0.06380457555427907,0.0,118.08232753063882,83.98812152766365,20,36556,750000,0.0003,51043.2265625,85.30501556396484,0.11401748657226562,52335264.0,23941.740234375,740001,40000.0,-20630091.017102443,,,,,,,
2.7423315391540544,-0.22319438020048538,0.2016839070692009,-0.11977201330768374,0.0,73.27152695543711,-50.85168281287556,20,36632,752000,0.0003,49860.484375,76.96651458740234,-0.5354506373405457,42503056.0,26848.8046875,742001,40000.0,-20630091.017102443,,,,,,,
9.298750770568837,0.14540402235458827,0.18192075006819855,-0.03719697138402722,0.0,56.49107373552129,91.77911453789164,20,36707,754000,0.0003,49001.9296875,68.43418884277344,0.2791152596473694,54752192.0,29178.287109375,744001,40000.0,-20630091.017102443,,,,,,,
3.988379514694217,-0.011900204334741349,-0.3053414112716749,-0.000426619158077631,0.0,85.61265409858431,159.46116486679773,20,36783,756000,0.0003,53721.1171875,84.52714538574219,-0.8165005445480347,41604736.0,25616.09765625,746001,40000.0,-20630091.017102443,,,,,,,
0.23680123901367153,-0.03931449467084933,0.11314007699128205,0.013092960952374298,0.10950000000000014,39.76039900594055,56.57952966096747,20,36858,758000,0.0003,55249.77734375,78.90662384033203,-0.5054981708526611,46848608.0,21640.3203125,748001,40000.0,-20630091.017102443,,,,,,,
2.2370007457733134,-0.03765213079084465,0.013834419802226309,0.011667035980991933,0.0,27.05733510567429,172.35377899535746,20,36936,760000,0.0003,48211.0703125,91.0611572265625,0.3588518500328064,40316556.0,22138.09375,750001,40000.0,-20400721.829085052,,,,,,,
7.773733043670653,0.49147318689234476,0.7039690223865174,-0.5840090987975907,0.0,865.8708722988273,-487.8732034665455,20,37013,762000,0.0003,45259.32421875,78.56770324707031,0.9898673892021179,46476432.0,22151.580078125,752001,40000.0,-20400721.829085052,,,,,,,
0.059440288543709245,0.008984184335738133,-0.0853697979737963,-0.41837403666224876,0.0,578.340281150271,-59.16143075278965,20,37088,764000,0.0003,47828.875,80.69910430908203,-0.00020124390721321106,41802880.0,19307.119140625,754001,40000.0,-20400721.829085052,,,,,,,
-1.29794763565063,0.4464709832994231,-0.4876685939608982,-0.0841715033047773,0.0,210.86066581657408,-438.5642316240135,20,37164,766000,0.0003,46585.51171875,75.7881851196289,-0.6244316697120667,31300196.0,21802.322265625,756001,40000.0,-20400721.829085052,,,,,,,
12.491357437133793,0.21969773454043137,0.12310969913284646,-0.027878769538812964,0.0,54.24552112716405,267.4527804015083,20,37241,768000,0.0003,42590.91796875,78.11394500732422,0.7016764879226685,46748336.0,27091.8671875,758001,40000.0,-20400721.829085052,,,,,,,
7.423518171310427,0.4322088646610924,-0.07818460321801537,0.11713764462964692,0.0,192.1764558417509,-182.48831044961204,20,37317,770000,0.0003,40483.5703125,87.25146484375,-0.33506685495376587,44999968.0,25006.19140625,760001,40000.0,-20400721.829085052,,,,,,,
9.406843505859392,0.28991809169842175,-0.050239936950431205,0.06199017600852603,0.0,58.793538256673465,33.929188306347804,20,37393,772000,0.0003,34305.45703125,80.69729614257812,0.04999619722366333,50439008.0,23260.037109375,762001,40000.0,-20400721.829085052,,,,,,,
-0.40985798835754395,0.050320280815479304,-0.21723509651858103,0.08664631733558713,0.0,47.10843800909202,242.40126374327883,20,37468,774000,0.0003,40437.6875,70.03404235839844,0.25360432267189026,42461208.0,33710.875,764001,40000.0,-20400721.829085052,,,,,,,
-10.717714538574219,-0.27964710037185553,-0.011173045489397404,0.2847777080862171,0.0,295.18328393886617,234.4675607985332,20,37544,776000,0.0003,39779.578125,72.83544921875,-0.2196858823299408,29411344.0,18086.76171875,766001,40000.0,-20400721.829085052,,,,,,,
10.275630424499516,0.14742663485666685,0.18019371566860215,0.3331792204164569,0.0,264.73433660149504,146.69336277092512,20,37619,778000,0.0003,40454.8828125,75.75115203857422,-0.020228132605552673,41474048.0,22473.00390625,768001,40000.0,-20400721.829085052,,,,,,,
1.1429738864898669,-0.055226557929406526,0.08462429010837431,0.38301424967438846,0.0,410.20182868870364,211.01951969755692,20,37694,780000,0.0003,46571.04296875,72.4522705078125,0.3225455582141876,40436408.0,21049.546875,770001,40000.0,-20400721.829085052,,,,,,,
9.30767298126222,0.019776763563781063,-0.31564008572190305,0.42681209077784765,0.0,404.23399459795223,2.7388752955119924,20,37770,782000,0.0003,44802.94921875,71.1671142578125,0.31954312324523926,36057192.0,20512.794921875,772001,40000.0,-20400721.829085052,,,,,,,
12.128135801315306,0.148011187991666,0.18288054742495452,0.5148606684594964,0.0,557.0307353433205,761.2008117044525,20,37845,784000,0.0003,44753.953125,74.58971405029297,-0.32370445132255554,34063768.0,20956.8203125,774001,40000.0,-20400721.829085052,,,,,,,
-10.894963401794444,-0.2308464386167216,-0.21238144131490316,0.5708372980085293,0.0,549.1018750705845,-547.8569816649673,20,37920,786000,0.0003,49624.1640625,68.49223327636719,-0.011556733399629593,34272600.0,21565.337890625,776001,40000.0,-20400721.829085052,,,,,,,
-27.748938980102547,-0.3675122517982548,-0.08217539931853153,0.6913758989012645,0.0,725.755649762723,-25.173001792300994,20,37998,788000,0.0003,51806.1640625,67.8978042602539,-0.09631036221981049,55735888.0,22009.298828125,778001,40000.0,-20400721.829085052,,,,,,,
-13.469702606201194,-0.24656160008202213,0.13715746343012036,0.25274388397433317,0.0,121.05139360186242,-299.3193087595795,20,38077,790000,0.0003,51472.59375,71.60209655761719,-0.10608157515525818,36380656.0,24541.890625,780001,40000.0,-20400721.829085052,,,,,,,
-9.734660604476922,-0.1726632673970406,-0.01618231320620614,0.2526423856939582,0.0,131.90775879775939,113.20607132039967,20,38154,792000,0.0003,50435.01171875,69.9296646118164,-0.4962640404701233,27496350.0,14458.486328125,782001,40000.0,-20400721.829085052,,,,,,,
-2.7959898872375395,-0.1580523364473411,0.14992692581312564,0.24935852830094166,0.0,123.44369659155066,696.5944540969456,20,38231,794000,0.0003,48142.734375,68.03823852539062,0.43099266290664673,49481016.0,23889.642578125,784001,40000.0,-20400721.829085052,,,,,,,
12.381216903686553,0.15543948158506485,-0.12307832537366696,0.3467902628409596,0.0,338.41156614173883,-364.7694979250687,20,38309,796000,0.0003,55333.22265625,69.87916564941406,0.13052058219909668,44387280.0,25706.302734375,786001,40000.0,-20400721.829085052,,,,,,,
5.926748588562011,0.10958150011832736,0.26523603552726177,0.34143248976158813,0.0,231.31249595653577,0.3354598871958626,20,38385,798000,0.0003,54264.21875,72.63639831542969,-0.06723588705062866,52545488.0,26286.46484375,788001,40000.0,-20400721.829085052,,,,,,,
7.149187339782689,0.09301376880722202,-0.07110254696758571,0.3279891088366044,0.0,267.26477512309884,100.01499125489268,,,800000,0.0003,50178.1484375,74.86369323730469,-0.7922815680503845,37187764.0,14938.1748046875,790000,,,0.005218750000000004,0.0,40000.0,-20438.130371584615,1625.2729782348028,0.0005156250000000003,0.0
,,,,,,,20,39632,800000,0.0003,52128.44921875,74.87680053710938,0.11102528870105743,37025168.0,24873.345703125,790001,40000.0,-20023388.65390245,,,,,,,
-3.394929960250843,-0.6388238099692449,-0.5416763612690982,-0.6200979482064394,0.0,889.8603313785114,-567.0909712812761,20,39707,802000,0.0003,42305.81640625,84.01280975341797,0.2597675919532776,54570048.0,23520.62109375,792001,40000.0,-20023388.65390245,,,,,,,
-5.508985275268549,-0.5019152445748012,0.27267228454472087,-0.4995666690924976,0.0,472.06142004609865,-237.2464199048828,20,39783,804000,0.0003,44541.66796875,77.29232788085938,0.5046255588531494,40019752.0,21794.615234375,794001,40000.0,-20023388.65390245,,,,,,,
-9.08104894447327,-0.359982807250853,0.08674322141318276,-0.4610543463188636,0.0,308.27345148941146,-11.98828976298173,20,39859,806000,0.0003,44510.75,67.61055755615234,-0.12543420493602753,43904472.0,26737.494140625,796001,40000.0,-20023388.65390245,,,,,,,
-8.438519557952882,-0.2641611302209912,0.08132567726322121,-0.4911161904976895,0.0,326.227947322827,118.6372970931711,20,39935,808000,0.0003,51450.71484375,64.62997436523438,0.30572429299354553,29597012.0,22654.353515625,798001,40000.0,-20023388.65390245,,,,,,,
7.642998888015745,0.22729988880196053,0.3932970521112423,-0.4257378606211995,0.0,361.8302721987138,-109.11605810109101,20,40011,810000,0.0003,59075.29296875,61.82790756225586,-0.09302625805139542,33454682.0,26337.9375,800001,40000.0,-20023388.65390245,,,,,,,
4.0334431610107435,0.215480288896469,-0.3651778993594977,-0.42240083177914817,0.0,306.8778942291997,49.322287024580454,20,40087,812000,0.0003,59911.66796875,68.42557525634766,0.3132905066013336,64013936.0,32673.69140625,802001,40000.0,-20023388.65390245,,,,,,,
-6.135542682647705,-0.1719218072313203,-0.007115730128248806,-0.39951651721919546,0.0,221.5456586078488,98.93200209477263,20,40163,814000,0.0003,57271.515625,72.11215209960938,-0.6680915355682373,32994468.0,20017.8671875,804001,40000.0,-20023388.65390245,,,,,,,
4.132053358078001,0.24599278435378794,0.3451231201086105,-0.3518805477567909,0.0,273.49757934179104,-41.59005582413802,20,40239,816000,0.0003,59722.37109375,67.55091094970703,0.2442513257265091,57338264.0,24013.419921875,806001,40000.0,-20023388.65390245,,,,,,,
11.655252031326299,0.44017664528130634,0.0448373327498103,-0.1916162866616817,0.0,128.859593636952,-75.42870012180272,20,40315,818000,0.0003,59074.3671875,67.11272430419922,0.1853134036064148,55377540.0,28832.55078125,808001,40000.0,-20023388.65390245,,,,,,,
-4.9665665149688705,0.17175671339008716,-0.3710512599862297,-0.08744215004478648,0.0,86.79127483301136,47.355485465256514,20,40391,820000,0.0003,65303.796875,69.68889617919922,-0.21808283030986786,46524672.0,21861.947265625,810001,40000.0,-20023388.65390245,,,,,,,
-11.746720418930051,-0.21776913470880216,-0.07477097888270538,0.04849487434208593,0.0,55.16824415355502,-12.488488894467595,20,40467,822000,0.0003,62516.40234375,69.62721252441406,0.9486159086227417,56300948.0,31629.3828125,812001,40000.0,-20023388.65390245,,,,,,,
0.047598701477050726,-0.013344000242021457,0.1707554894399277,0.043939344170911214,0.0,84.94863955149002,120.64250288383596,20,40543,824000,0.0003,68156.0,73.90998077392578,-1.0682687759399414,48659248.0,20822.05859375,814001,40000.0,-20023388.65390245,,,,,,,
-8.542933723449718,-0.12774215005872175,-0.06323920616030328,0.09070896761908614,0.0,79.81367506264372,158.81986909316052,20,40619,826000,0.0003,58832.421875,88.6737060546875,-0.01239420473575592,53170100.0,27130.41015625,816001,40000.0,-20023388.65390245,,,,,,,
1.7829551448822076,-0.08228940835654229,0.11383920208503505,0.007755137685601145,0.0075000000000000015,81.82304060590607,95.62574451509448,20,40695,828000,0.0003,61573.70703125,78.32456970214844,-0.021633177995681763,78978048.0,44881.1640625,818001,40000.0,-20023388.65390245,,,,,,,
-3.79869295692443,0.1927012957889762,-0.005181533836650296,-0.00043501835338071837,0.0,29.492247983353824,-4.1628071283671435,20,40771,830000,0.0003,50420.51953125,103.2710189819336,-0.4206467568874359,48168752.0,21214.75,820001,40000.0,-20023388.65390245,,,,,,,
2.826142087936399,0.04063512396438583,-0.2386924549163512,0.014594551162470503,0.0,101.30743171104926,131.09356421912187,20,40847,832000,0.0003,41656.56640625,89.8419189453125,0.8604250550270081,80763968.0,58234.4296875,822001,40000.0,-20023388.65390245,,,,,,,
0.16403246307373057,-0.07237580143445668,0.25473011707467497,0.04312580380431543,0.0,71.08330587224322,85.68747749684572,20,40923,834000,0.0003,48803.33203125,78.02735900878906,0.09640834480524063,40425200.0,19503.984375,824001,40000.0,-20023388.65390245,,,,,,,
-0.4863028602600111,0.08658314016365483,-0.0666573074631621,0.048329066472068374,0.0075000000000000015,22.39155719344134,196.73528778258108,20,40999,836000,0.0003,49545.21875,74.71979522705078,0.5132554769515991,58235160.0,25991.966796875,826001,40000.0,-20023388.65390245,,,,,,,
1.6700453243255604,0.13370317166932255,0.2093971540733532,0.08175391503088536,0.0,85.17461690245187,71.76177228842504,20,41077,838000,0.0003,48022.8359375,71.6513442993164,0.2780318260192871,73392056.0,36096.2265625,828001,40000.0,-20023388.65390245,,,,,,,
2.5059811820983886,0.21375440420291184,-0.1687096338407265,0.0914036715354772,0.0,63.55342365428653,84.77743954802533,20,41152,840000,0.0003,49630.0,73.20557403564453,0.15700189769268036,40540584.0,22075.287109375,830001,40000.0,-19455663.632838048,,,,,,,
7.807540904998783,0.46048707960046464,0.5657033757161551,-0.7987191816302064,0.0,1006.7695061573282,-514.5600652116866,20,41228,842000,0.0003,45191.390625,79.70525360107422,-0.283966988325119,43621184.0,19987.552734375,832001,40000.0,-19455663.632838048,,,,,,,
-3.5783428497314334,0.665102053955968,-0.5159446775101655,-0.4128023475526047,0.0,683.8903459512612,-291.29384256676764,20,41304,844000,0.0003,50096.34765625,72.50784301757812,-0.4293288290500641,40737620.0,18098.6484375,834001,40000.0,-19455663.632838048,,,,,,,
-7.530205049514769,-0.16657866517468028,-0.20035997308051814,-0.3124913206031549,0.0,178.1479228574096,-180.43236565023875,20,41380,846000,0.0003,53982.703125,67.33702087402344,0.14375543594360352,37586656.0,20739.513671875,836001,40000.0,-19455663.632838048,,,,,,,
12.13073714637757,-0.6682322608982959,-0.2667783931592921,-0.24714759208607442,0.0,456.43649833266767,179.11954119096848,20,41456,848000,0.0003,60746.5390625,64.31485748291016,-0.27334728837013245,33773036.0,32783.12890625,838001,40000.0,-19455663.632838048,,,,,,,
-11.680147199630737,-0.49430199218624193,0.07120337978622437,-0.15225177626859668,0.0,124.94579658941232,-166.567500682999,20,41532,850000,0.0003,56647.00390625,74.58676147460938,-0.27765196561813354,46236816.0,34355.42578125,840001,40000.0,-19455663.632838048,,,,,,,
-3.496139097213757,-0.46574584691933146,0.08297129372680025,-0.2280769113364456,0.0,173.891904295243,352.49443065375823,20,41609,852000,0.0003,58047.3203125,78.58512878417969,-0.46975135803222656,36706592.0,23178.0390625,842001,40000.0,-19455663.632838048,,,,,,,
-16.333041707992564,-0.36115135868251863,0.092220517550183,-0.14303567828063934,0.0,213.60627642317297,-233.15909652385724,20,41685,854000,0.0003,47518.46484375,86.78172302246094,-0.42683684825897217,58745984.0,30568.03515625,844001,40000.0,-19455663.632838048,,,,,,,
1.3814589576721181,0.18439264397578764,0.5117769735125592,-0.2949008180140475,0.0,270.74609337087725,50.393674256930375,20,41760,856000,0.0003,47030.08984375,76.9215316772461,-0.18582119047641754,43379484.0,26528.525390625,846001,40000.0,-19455663.632838048,,,,,,,
17.352343151092533,0.5286735794205605,-0.028389587499163642,-0.13758417544645532,0.0,153.13280489613533,-78.70336001233665,20,41836,858000,0.0003,47491.01171875,78.12586212158203,-0.2146877646446228,42015752.0,25715.095703125,848001,40000.0,-19455663.632838048,,,,,,,
-1.235426372528076,0.3110101853271607,-0.022148658987288263,0.013630186931960825,0.0,88.76601619604246,0.8325436773676517,20,41911,860000,0.0003,47827.078125,76.00855255126953,-0.47410014271736145,40258064.0,20721.587890625,850001,40000.0,-19455663.632838048,,,,,,,
17.543661409378053,0.36340405329640946,-0.10631549303736641,0.010752489706857032,0.0,66.92415144425908,4.471480921401996,20,41987,862000,0.0003,44975.1484375,80.06900024414062,-0.54973965883255,41914288.0,24531.048828125,852001,40000.0,-19455663.632838048,,,,,,,
-2.5112100372314456,0.23398398893454858,0.029794975355861085,0.01947990361198668,0.0,32.580548387521745,33.59030957119852,20,42063,864000,0.0003,39787.34375,78.92622375488281,-0.317598432302475,31145604.0,15050.2392578125,854001,40000.0,-19455663.632838048,,,,,,,
16.940429483413684,0.3974345113458393,0.08062617376699105,-0.017169019852015677,0.0,111.21423422496241,60.345144399758205,20,42138,866000,0.0003,46208.578125,70.15235900878906,-0.7581223249435425,50557668.0,26709.892578125,856001,40000.0,-19455663.632838048,,,,,,,
-0.8309945297241216,0.25160871726310347,-0.14021952420276781,-0.028642461500021064,0.0,42.49654905812387,-9.703376152603552,20,42214,868000,0.0003,47710.5,71.33138275146484,0.5408628582954407,44779032.0,35388.33984375,858001,40000.0,-19455663.632838048,,,,,,,
-5.250079156875618,0.2475633475083281,-0.017109094923244274,-0.04299390118723057,0.0,23.83878942051871,52.00066447898092,20,42290,870000,0.0003,53031.5625,66.1553726196289,-0.11997397243976593,62757200.0,49779.05078125,860001,40000.0,-19455663.632838048,,,,,,,
-9.525006509780876,-0.07481773334507313,-0.3350786755053575,0.06351022944296189,0.0,77.9651192839941,161.11837608577775,20,42366,872000,0.0003,57184.36328125,60.58430480957031,-0.09962798655033112,36878468.0,21474.884765625,862001,40000.0,-19455663.632838048,,,,,,,
-2.5544437656402645,-0.1640614096160319,0.012998200365268045,0.08414140039737555,0.0,70.50930470189282,5.383647054148217,20,42442,874000,0.0003,55714.3046875,66.675537109375,0.11856885254383087,39869028.0,18056.685546875,864001,40000.0,-19455663.632838048,,,,,,,
-8.568004032135006,-0.40041896746778344,-0.06232373299963789,0.053922269333957606,0.0,110.4754714906658,240.40378998219958,20,42517,876000,0.0003,56508.87890625,69.09624481201172,0.431582510471344,37825364.0,28745.470703125,866001,40000.0,-19455663.632838048,,,,,,,
-5.859522905349751,-0.3801481859564874,0.031085305062115463,-0.0876667492388935,0.0,124.75675195267534,-21.801170656967336,20,42593,878000,0.0003,58326.13671875,66.37883758544922,0.004314839839935303,30960474.0,15459.54296875,868001,40000.0,-19455663.632838048,,,,,,,
-1.8745803585052472,0.1224677095017681,0.4337097522920647,-0.028374102633358267,0.0,122.61245876112903,-114.67658236217882,20,42669,880000,0.0003,60086.9921875,70.61662292480469,0.41993623971939087,52035652.0,31079.92578125,870001,40000.0,-18947106.789872274,,,,,,,
7.481424112319944,0.3478730913215884,0.4317334280024688,-0.8079054553676,0.0,936.4697047078711,-417.681719210883,20,42744,882000,0.0003,59362.046875,69.80729675292969,0.4851028323173523,53221744.0,46817.2890625,872001,40000.0,-18947106.789872274,,,,,,,
-2.631147825241089,0.6394790716837293,-0.40058631357651575,-0.49504603449576706,0.0,825.611164747489,408.9054972547121,20,42820,884000,0.0003,57999.30859375,92.58699035644531,0.1968119740486145,50984212.0,34447.8203125,874001,40000.0,-18947106.789872274,,,,,,,
-10.60358258819581,-0.34799266127995643,-0.25809937180663306,-0.3567811779935781,0.0,379.30827633133106,-841.8382381322589,20,42895,886000,0.0003,42587.1015625,88.97858428955078,0.574842631816864,45995472.0,25458.44140625,876001,40000.0,-18947106.789872274,,,,,,,
5.956429706573494,-0.039198672672711286,0.3866593847239539,-0.22881653754342363,0.0,203.81784869552246,-22.93556139579095,20,42970,888000,0.0003,31899.166015625,99.9678726196289,-0.43189021944999695,61060044.0,39111.33984375,878001,40000.0,-18947106.789872274,,,,,,,
7.666672538757332,0.23417959670559826,0.0037259288309292793,-0.13663263821408406,0.0,77.18741757570133,51.17026826154956,20,43045,890000,0.0003,31695.125,85.56627655029297,0.34247833490371704,73992144.0,35545.37890625,880001,40000.0,-18947106.789872274,,,,,,,
-1.652273864746101,0.24662978952631184,0.0276915952652009,-0.15366449979620148,0.0,50.490838276095985,62.81707248306057,20,43121,892000,0.0003,31557.54296875,69.55693054199219,-0.3745425343513489,62205596.0,48279.046875,882001,40000.0,-18947106.789872274,,,,,,,
15.106215827941844,0.32177309914570823,0.00013335653651069321,-0.06774330934615531,0.0,61.13400851671104,14.292670975470516,20,43198,894000,0.0003,37509.66015625,69.70929718017578,-0.3287482261657715,57146408.0,29331.521484375,884001,40000.0,-18947106.789872274,,,,,,,
-6.265948860168459,0.5155827937437396,0.21604322279393137,-0.16330351610578916,0.0,167.89609187250574,120.22307875279475,20,43273,896000,0.0003,46770.63671875,70.37372589111328,-0.21517644822597504,54442800.0,25492.591796875,886001,40000.0,-18947106.789872274,,,,,,,
18.428026081085196,0.568043670391438,-0.05345340580041343,-0.256531444466421,0.0,192.19006954379725,39.803930232997665,20,43348,898000,0.0003,50674.7734375,76.41468811035156,-0.13146789371967316,48114232.0,23101.513671875,888001,40000.0,-18947106.789872274,,,,,,,
-3.344880987167355,0.35349383709023596,-0.2618606207012167,-0.22068895311479536,0.0,149.46184501124196,-144.76541370176426,,,900000,0.0003,47702.359375,79.52848815917969,-0.05571006238460541,50103264.0,22762.810546875,890000,,,0.005218750000000004,0.0,40000.0,-33542.4761700723,1310.7124791449194,0.0,0.0
,,,,,,,20,44591,900000,0.0003,45872.03515625,79.54251861572266,-0.9900177717208862,55926768.0,27175.685546875,890001,40000.0,-18947106.789872274,,,,,,,
10.866622215270985,0.23120771035779766,0.09946103028553115,-0.06204297330397358,0.0,57.22064609445329,92.9151561699113,20,44667,902000,0.0003,34497.375,93.26831817626953,0.7146403789520264,47997000.0,27162.1015625,892001,40000.0,-18947106.789872274,,,,,,,
-0.7427853698730453,0.1729405940806978,-0.1025521209201069,0.016736743160664046,0.0,19.814003452833596,1.734092672404239,20,44743,904000,0.0003,32896.125,85.71112060546875,0.6643509268760681,41762116.0,19695.513671875,894001,40000.0,-18947106.789872274,,,,,,,
-0.5425793342590312,0.08252895796469857,-0.0031382994621915747,0.028807205250775635,0.0,12.042257061142715,159.45476191608736,20,44820,906000,0.0003,36669.35546875,68.86605834960938,0.25314682722091675,66047556.0,32947.1796875,896001,40000.0,-18947106.789872274,,,,,,,
8.734693338394163,0.17367538559664208,-0.12963628952747605,0.1418507827311317,0.0,92.5605434649877,202.52961320862929,20,44896,908000,0.0003,45362.15625,62.62712097167969,0.31999945640563965,52210556.0,37160.09375,898001,40000.0,-18947106.789872274,,,,,,,
-5.39597786331177,-0.16548105209123964,-0.16728756957478585,0.1593428402546044,0.0,90.52672448899004,28.799476484656232,20,44972,910000,0.0003,52899.921875,61.44700241088867,0.3061017394065857,63252128.0,45982.90625,900001,40000.0,-18947106.789872274,,,,,,,
-13.155250459671013,-0.2560844063620623,-0.027836633191869853,0.28032758749348596,0.0,168.26477594212213,289.47510310650387,20,45048,912000,0.0003,54846.30859375,61.09920120239258,0.10394294559955597,50250560.0,28385.0390625,902001,40000.0,-18947106.789872274,,,,,,,
-19.030142103195185,-0.4085250700809318,0.0694263554574104,0.12171386551737769,0.0,222.48676185995507,-277.4502943900652,20,45124,914000,0.0003,58658.2265625,68.64295959472656,0.47909247875213623,50486104.0,19659.076171875,904001,40000.0,-18947106.789872274,,,,,,,
4.333210306167606,-0.32066765244781414,-0.018376894500034366,-0.1822616871717592,0.0,94.19683333492819,10.199852082103229,20,45201,916000,0.0003,57339.7421875,78.71031188964844,-0.458678662776947,59225736.0,31231.630859375,906001,40000.0,-18947106.789872274,,,,,,,
11.313928127288836,0.083250412494206,0.4774721263392009,-0.042543235005175234,0.0,133.3639437631837,239.45315549533322,20,45277,918000,0.0003,42233.4296875,108.56269836425781,-0.47629421949386597,52951304.0,27344.310546875,908001,40000.0,-18947106.789872274,,,,,,,
19.73371074104311,0.44912363531692306,-0.04870000914647139,0.3086549259640341,0.0,203.22803031494684,-152.27189343770968,20,45354,920000,0.0003,43155.91015625,71.71837615966797,-0.2849339544773102,49709192.0,26388.689453125,910001,40000.0,-18483082.302056607,,,,,,,
8.150875766754163,0.366117900819042,0.6357483974788102,-0.7830625566058173,0.0,1050.0853367948266,-554.7229261577144,20,45431,922000,0.0003,52032.8671875,61.1406135559082,0.8067954182624817,54385744.0,28045.400390625,912001,40000.0,-18483082.302056607,,,,,,,
-12.604917175292975,-0.2954271928693378,-0.04773898071180853,-0.38155149337486016,0.0,607.0013992875989,-231.991048510446,20,45508,924000,0.0003,56400.19140625,59.17813491821289,0.3517081141471863,29103060.0,22066.423828125,914001,40000.0,-18483082.302056607,,,,,,,
14.605212215423583,0.7179710282388007,-0.19655073382701885,-0.41991053069551254,0.0,450.14633761036964,111.16189598567253,20,45584,926000,0.0003,61289.55078125,61.4936637878418,-0.3248419761657715,37452748.0,18744.228515625,916001,40000.0,-18483082.302056607,,,,,,,
3.9538499546051002,0.6189640334447902,0.35858091188398716,-0.4945654588092086,0.0,607.7120575057257,156.99438957131048,20,45661,928000,0.0003,54460.4609375,80.14692687988281,-0.308451771736145,37081664.0,27322.130859375,918001,40000.0,-18483082.302056607,,,,,,,
5.53555864715575,-0.8612195806150958,0.012718224280552316,-0.36826072422002276,0.0,601.7075956838553,-5.333705637424132,20,45737,930000,0.0003,28585.517578125,109.18646240234375,-0.07493951916694641,69292216.0,27874.916015625,920001,40000.0,-18483082.302056607,,,,,,,
-7.347501684188865,0.32233888734271315,-0.4333272348806947,-0.08459228544342169,0.0,357.0642219755033,-493.8491487488179,20,45814,932000,0.0003,29560.1796875,76.18104553222656,0.29767414927482605,47096216.0,33501.58203125,922001,40000.0,-18483082.302056607,,,,,,,
20.960464080810546,0.5225282456821891,0.08045689553047058,-0.10930579249910065,0.0,122.64394009142329,68.44491248071972,20,45890,934000,0.0003,34674.3359375,69.832763671875,0.326629102230072,52482464.0,26359.314453125,924001,40000.0,-18483082.302056607,,,,,,,
7.244416376113886,0.47287721473878874,-0.16322485694773728,0.08624205755512163,0.0,127.4079489923487,-82.07258982484993,20,45966,936000,0.0003,40336.53515625,73.8122787475586,0.6502671241760254,51345624.0,36700.30859375,926001,40000.0,-18483082.302056607,,,,,,,
20.76204086303711,0.39838146028333893,-0.02952161309347361,0.26456782085331465,0.0,172.21614896706512,103.09391205393513,20,46042,938000,0.0003,26608.42578125,113.96917724609375,-0.015476442873477936,57927752.0,26976.01171875,928001,40000.0,-18483082.302056607,,,,,,,
28.165591453552253,0.47916408611175215,0.0735154604376883,0.36731241635897965,0.0,374.90861994950336,115.92840097189062,20,46119,940000,0.0003,16800.060546875,92.5115737915039,0.47283464670181274,54270852.0,21737.404296875,930001,40000.0,-18483082.302056607,,,,,,,
13.187830526351938,0.26788328639940534,-0.0750968893271774,0.26325163402254126,0.0,161.30619069998488,79.34413935199437,20,46195,942000,0.0003,23019.76171875,79.19747924804688,0.2557945251464844,75484864.0,32337.287109375,932001,40000.0,-18483082.302056607,,,,,,,
9.693149890899672,0.24710567548931353,-0.034067926614490186,0.36133914225387676,0.0,205.37612284048944,92.69159869744813,20,46271,944000,0.0003,31385.78515625,80.35842895507812,-0.3173042833805084,42282336.0,22264.255859375,934001,40000.0,-18483082.302056607,,,,,,,
18.1258377494812,0.26135302192619264,-0.10449371419518495,0.38811053811920365,0.0,266.001361134489,-100.01962580855073,20,46349,946000,0.0003,28735.478515625,80.61937713623047,0.16012009978294373,57840712.0,46041.375,936001,40000.0,-18483082.302056607,,,,,,,
12.791773834228522,0.21546714257294783,0.13501537263945104,0.34280900103123374,0.0,187.39595970016896,247.69690819564946,20,46425,948000,0.0003,22096.103515625,96.7795181274414,0.3083358705043793,44104700.0,27732.689453125,938001,40000.0,-18483082.302056607,,,,,,,
8.499017440795914,0.1962361942971519,-0.05356299257338547,0.38629509745488677,0.0,234.35702517719145,86.75075074411377,20,46501,950000,0.0003,9253.7958984375,122.5122299194336,-0.41808590292930603,89760704.0,45076.83984375,940001,40000.0,-18483082.302056607,,,,,,,
11.698486845016477,0.16534833346405511,-0.13272237579954307,0.34770717682322977,0.0,215.95360572766094,-29.776721489520035,20,46577,952000,0.0003,-7751.4482421875,118.36800384521484,0.32635498046875,75424272.0,25250.2421875,942001,40000.0,-18483082.302056607,,,,,,,
7.004823156356814,0.16917864283175046,0.09953381085668353,0.29428451392814015,0.0,140.51338454028635,99.63481345867936,20,46653,954000,0.0003,-563.41650390625,94.95561218261719,0.23496706783771515,46954848.0,20071.697265625,944001,40000.0,-18483082.302056607,,,,,,,
7.149728298187238,0.16647132238442458,-0.016831194146173727,0.26402867009777103,0.0,115.21578242228755,96.18020849411947,20,46729,956000,0.0003,22817.388671875,69.1031265258789,-0.2588280439376831,45581248.0,23812.083984375,946001,40000.0,-18483082.302056607,,,,,,,
12.120782028198247,0.21795608476271613,-0.004975188393709082,0.23760536378910543,0.0,111.63084613338694,6.824987512582531,20,46805,958000,0.0003,37732.98046875,68.57527160644531,-0.6750196814537048,72230752.0,30167.345703125,948001,40000.0,-18483082.302056607,,,,,,,
-0.47271772766113285,0.08389853871038576,0.055144877769688475,0.1582940281834498,0.0,98.68826842153409,131.25131065623577,20,46881,960000,0.0003,39798.9453125,77.5231704711914,-0.19050423800945282,71548616.0,36246.484375,950001,40000.0,-18230231.552275542,,,,,,,
0.7703876800537103,0.04331274396260073,0.06656315392369681,-0.9975707859239887,0.0,1197.6073693536346,100.18212241244146,20,46957,962000,0.0003,36307.546875,77.9289321899414,0.5906370878219604,62044576.0,22803.2890625,952001,40000.0,-18230231.552275542,,,,,,,
1.9020860385894782,0.0993141802352613,0.004677742648960364,-0.9932560967674923,0.0,1188.0693819668584,80.39534016646518,20,47033,964000,0.0003,45031.59375,69.84101867675781,-0.2393655627965927,50264448.0,32653.51953125,954001,40000.0,-18230231.552275542,,,,,,,
2.0502260398864744,0.11683265433433715,0.028369610059365936,-0.9908763674065518,0.0,1184.8762747150445,56.58065066029204,20,47109,966000,0.0003,48032.3203125,64.56021118164062,-0.3085344731807709,35241760.0,16709.17578125,956001,40000.0,-18230231.552275542,,,,,,,
5.859109725952148,0.2689359425264309,0.23352691015242838,-0.9436217243095658,0.0,1126.8428750974488,-164.9055574137737,20,47185,968000,0.0003,49524.4375,78.2070083618164,0.11426350474357605,62471792.0,45583.796875,958001,40000.0,-18230231.552275542,,,,,,,
2.0110425567626953,0.7441662801751378,0.03413524808027128,-0.5996503088787815,0.0,765.5501300618268,-179.49283167555663,20,47261,970000,0.0003,53118.39453125,70.57128143310547,-0.19267864525318146,45365928.0,18954.650390625,960001,40000.0,-18230231.552275542,,,,,,,
9.559342309951768,0.3261507435001718,-0.068318986398978,-0.6044933372032744,0.0,570.1531082794069,-402.8944789942446,20,47336,972000,0.0003,52769.73828125,74.79740142822266,-0.05451133847236633,46969192.0,21812.2890625,962001,40000.0,-18230231.552275542,,,,,,,
9.84548525428772,0.5202739016603107,0.12718002403801332,-0.4804262624116758,0.0,419.17404801174405,78.26194808281709,20,47412,974000,0.0003,51540.0078125,82.33903503417969,0.1954488605260849,55515212.0,28293.66015625,964001,40000.0,-18230231.552275542,,,,,,,
5.451340673446668,0.5071993515223415,-0.2700577632698575,-0.5334209593360164,0.0,532.5213601997087,-50.675361773714044,20,47487,976000,0.0003,51524.1171875,73.20487213134766,0.2683657109737396,59170780.0,26296.509765625,966001,40000.0,-18230231.552275542,,,,,,,
-13.355506427764906,-0.25221779355307355,-0.45622384394131754,-0.29679915236633453,0.0,337.83122703117783,-178.15929539821136,20,47563,978000,0.0003,51084.234375,63.742889404296875,-0.01711934432387352,43380296.0,20158.958984375,968001,40000.0,-18230231.552275542,,,,,,,
5.921994401931768,-0.3346164368923937,0.3345646325588096,-0.0548014820456334,0.0,190.9711772099943,-44.261785295122706,20,47638,980000,0.0003,57024.8828125,65.46549987792969,-0.6959835886955261,40203216.0,29224.71875,970001,40000.0,-18230231.552275542,,,,,,,
-2.1795894508361817,0.12612077178363676,0.16725984469478525,-0.004605083578884428,0.0,25.79825959126742,102.25697486165268,20,47713,982000,0.0003,53013.3515625,85.61259460449219,-0.4113353490829468,54767548.0,32058.806640625,972001,40000.0,-18230231.552275542,,,,,,,
20.55305326271057,0.38682127259245314,0.06815150706058497,0.1147452542425699,0.0,95.59230099027481,77.23083491950646,20,47789,984000,0.0003,36872.234375,98.19942474365234,0.15487097203731537,51820416.0,29347.05859375,974001,40000.0,-18230231.552275542,,,,,,,
14.745138530731202,0.42718967013533415,0.009432677548734824,0.20761326999586108,0.0,138.04292043508676,-4.339049974068222,20,47864,986000,0.0003,26760.115234375,98.49313354492188,-0.4668172001838684,77455592.0,36490.34765625,976001,40000.0,-18230231.552275542,,,,,,,
8.508941106796263,0.3426269863736239,-0.010167835843684582,-0.05857634105113454,0.0,53.58719719786017,3.512196497900563,20,47939,988000,0.0003,25801.86328125,69.21202087402344,-0.19767554104328156,69612112.0,32148.12109375,978001,40000.0,-18230231.552275542,,,,,,,
-3.5982917633056526,0.27479444665179903,-0.14632180908368472,-0.06113301734633395,0.0,38.37661931663144,-8.277736238963852,20,48013,990000,0.0003,36802.4453125,62.76850509643555,0.8467974662780762,44797752.0,22245.796875,980001,40000.0,-18230231.552275542,,,,,,,
13.278207084655765,0.24930722941978423,0.11840001233985023,0.001261505513324064,0.0,29.691029320748843,87.7703182465835,20,48089,992000,0.0003,43314.55078125,65.08952331542969,0.5992467403411865,52114052.0,35423.27734375,982001,40000.0,-18230231.552275542,,,,,,,
1.0414134807586695,0.22492802049576677,-0.03732280940022571,0.06094932596346887,0.0,52.87445435779457,39.832459180698926,20,48167,994000,0.0003,49470.35546875,64.84859466552734,-0.9231136441230774,59403072.0,29703.404296875,984001,40000.0,-18230231.552275542,,,,,,,
12.504547519683827,0.4011860063906076,0.1079496180009065,0.008212254376837095,0.0,66.05450729286315,69.20927376911405,20,48245,996000,0.0003,46060.62109375,65.27305603027344,-0.15970870852470398,40645800.0,27011.416015625,986001,40000.0,-18230231.552275542,,,,,,,
11.257314393997182,0.42492741828234165,-0.04987582746937953,0.17086525702219926,0.0,113.4904975322869,2.6204810845051916,20,48318,998000,0.0003,55310.5390625,72.71721649169922,-0.8205616474151611,40847688.0,17811.787109375,988001,40000.0,-18230231.552275542,,,,,,,
22.229187829971323,0.3905479411582787,-0.03433551761230113,0.20419004401501464,0.0,129.3199790624021,42.31963807099534,,,1000000,0.0003,46171.8046875,85.87815856933594,0.6208387613296509,60149884.0,25871.634765625,990000,,,0.048125000000000036,0.0,40000.0,-16481.850821579006,3030.1161045585486,0.048125000000000036,0.0
,,,,,,,20,49509,1000000,0.0003,50852.4765625,85.87037658691406,0.4616267681121826,32751406.0,26674.568359375,990001,40000.0,-18161536.267546438,,,,,,,
