rollout/acrobot_xk_applied_torque,rollout/acrobot_xk_elbow_norm,rollout/acrobot_xk_elbow_rate_norm,rollout/acrobot_xk_energy_error_norm,rollout/acrobot_xk_homoclinic_capture,rollout/acrobot_xk_lyapunov,rollout/acrobot_xk_lyapunov_rate,time/fps,time/time_elapsed,time/total_timesteps,train/learning_rate,train/actor_loss,train/alpha,train/alpha_loss,train/critic_loss,train/fraction,train/n_updates,rollout/ep_len_mean,rollout/ep_rew_mean,eval/best_strict_capture_mean_max_duration,eval/best_strict_capture_success_rate,eval/mean_ep_length,eval/mean_reward,eval/std_reward,eval/strict_capture_mean_max_duration,eval/strict_capture_success_rate
-0.13898933770099808,0.11500736027382383,-0.24279372246505246,-0.9209834209529001,0.0,1283.8068837965911,203.8720863573046,2106,0,2000,0.0003,,,,,,,,,,,,,,,
-0.7267136113625027,-0.3268097453146591,0.41776291402623383,-0.8159812136378195,0.0,1132.0121147627324,-128.63435256295065,2126,1,4000,0.0003,,,,,,,,,,,,,,,
0.3620166221521804,0.03345832517929004,-0.14448247564718408,-0.878345902505757,0.0,1085.6754306829212,338.713716945328,2138,2,6000,0.0003,,,,,,,,,,,,,,,
-0.34522447367012604,0.029563879319270653,0.047778481156871194,-0.915747986318084,0.0,1084.0708668373927,169.68595561316656,2136,3,8000,0.0003,,,,,,,,,,,,,,,
0.4717332297798722,-0.029352123756259334,-0.05504861398039845,-0.9178270788116663,0.0,1094.5122363422302,285.0949738465196,1412,7,10000,0.0003,0.1064336821436882,1.0,-0.0,2587746.0,125.63606262207031,1,,,,,,,,,
0.16015389633178667,0.06212232453871645,0.019546150416509506,-0.9286222758713625,0.0,1043.7738329883464,95.79878967446302,160,74,12000,0.0003,22900.8984375,1.5448631048202515,-0.15023553371429443,197726.03125,1679.496337890625,2001,,,,,,,,,
-8.356009841918937,-0.3216655910337635,-0.47566874754713856,-0.7895732513066335,0.0,895.1434254255464,-418.33491510601635,96,144,14000,0.0003,87992.7890625,2.512634038925171,-1.3174824714660645,137182.46875,1837.819580078125,4001,,,,,,,,,
0.7467468719482416,0.006684348532923639,-0.7933812417418612,-0.5318537610311321,0.0,1032.2563575300858,1438.8212629371012,74,214,16000,0.0003,134025.96875,4.71619987487793,-2.9035937786102295,448605.4375,2983.496826171875,6001,,,,,,,,,
4.835916543960566,0.25768705672214853,0.47664491362690187,-0.4918763732820952,0.0,1952.2819700244163,-1614.2601599714753,63,285,18000,0.0003,147564.28125,9.207544326782227,-5.626960277557373,1670765.875,7138.7412109375,8001,,,,,,,,,
5.039120849609381,0.619184057849978,-0.31641950024125415,-0.34273568523485093,0.0,824.4523368009544,853.0138371400287,56,355,20000,0.0003,162842.984375,13.876444816589355,-2.1283209323883057,2374756.0,8243.408203125,10001,,,,,,,,,
14.930994312286368,0.6236162703612004,0.3639360458509469,-0.5323277956632505,0.0,1016.7273274592341,-733.1023997131751,51,425,22000,0.0003,155445.25,22.179115295410156,-2.4970927238464355,2362787.5,6835.0029296875,12001,,,,,,,,,
-16.98581645584109,-0.5344260713061901,0.33691587679268337,-0.38452149140171643,0.0,483.6707220964706,-173.44832437807142,48,496,24000,0.0003,175195.65625,36.4943962097168,-2.2949883937835693,11450932.0,17949.45703125,14001,,,,,,,,,
-10.225518987655636,-0.5084426227516854,-0.04777657657300998,-0.4388452677789867,0.0,338.16659663081765,-103.12857435557721,45,566,26000,0.0003,176958.765625,56.996437072753906,-0.8053286075592041,8430050.0,18307.552734375,16001,,,,,,,,,
-11.584939533233698,-0.6566049725690012,-0.018597542514362964,-0.034487795350450275,0.0,156.8162080384605,-101.52880264247563,43,636,28000,0.0003,195701.9375,53.940311431884766,0.016369909048080444,5115021.0,13574.9990234375,18001,,,,,,,,,
-15.37647363471983,-0.38804631213154794,0.1275377347303222,-0.29856188076088674,0.0,242.00978596117457,69.66330663583354,42,707,30000,0.0003,216796.484375,57.496028900146484,-0.1296238899230957,6098102.0,9059.404296875,20001,,,,,,,,,
3.9621275100707964,-0.3364155489553738,0.23660804217561868,-0.27855823362037463,0.0,170.75587768194563,-101.2684094333541,41,777,32000,0.0003,188309.6875,121.61559295654297,-1.8520588874816895,11852378.0,13338.26171875,22001,,,,,,,,,
-10.12711004638672,-0.21766039785180208,-0.23184470113503688,-0.08776267704793123,0.0,104.76066248461392,31.890013234454813,40,848,34000,0.0003,152133.984375,126.08718872070312,0.5165424346923828,11723381.0,15048.5751953125,24001,,,,,,,,,
-1.1657575435638432,-0.28440001718600033,0.22345386972143078,0.14025357760920223,0.0,74.11854314675125,-24.13110409204038,39,918,36000,0.0003,157540.640625,62.73905944824219,1.0314689874649048,5643707.0,9999.240234375,26001,,,,,,,,,
-13.033512342453012,-0.24674220418536927,-0.05171785403680539,0.3046328574055666,0.0,170.81333550325658,224.87152933746748,38,989,38000,0.0003,169827.75,46.47344207763672,0.829979658126831,4039732.0,11020.9677734375,28001,,,,,,,,,
-5.376819023132319,-0.07546316654626668,-0.05748096458044603,0.4066432390039975,0.0,280.36695504121286,300.85918353243795,37,1059,40000,0.0003,186674.875,43.10407257080078,-0.13723352551460266,2168017.0,4885.4951171875,30001,40000.0,-28932382.93847,,,,,,,
-6.870094558715813,-0.21919579898380848,-0.3901396188131297,-0.9168935053112368,0.0,1115.5481970862818,-230.8608316444196,37,1130,42000,0.0003,187553.703125,69.02412414550781,-0.7882174253463745,6666473.0,10156.8271484375,32001,40000.0,-28932382.93847,,,,,,,
-1.6759151306152325,-0.7361700237922827,-0.060340920839277945,-0.5783931189890715,0.0,638.7957725697427,-365.3089970968069,36,1200,44000,0.0003,179784.359375,70.73157501220703,1.0270495414733887,8105382.5,17515.2421875,34001,40000.0,-28932382.93847,,,,,,,
-10.604169063568117,-0.742046457673081,-0.02541230640167455,-0.4788911528489891,0.0,463.9702230087259,-141.56099716228692,36,1272,46000,0.0003,185645.703125,50.83405303955078,-0.3011316657066345,3368555.75,5665.61083984375,36001,40000.0,-28932382.93847,,,,,,,
-11.339436868667605,-0.46715759578112687,0.22448991111902597,-0.5683666178886714,0.0,516.0339457040458,182.82955678555743,35,1343,48000,0.0003,192796.984375,50.10113525390625,-0.25774216651916504,2764230.0,5829.58203125,38001,40000.0,-28932382.93847,,,,,,,
-6.562421318054212,-0.5630217454741537,-0.3261157512359286,-0.6020114692253528,0.0,588.0206943916423,-48.782999278507674,35,1414,50000,0.0003,188893.109375,63.55680847167969,-0.02049320563673973,5150895.5,9266.4765625,40001,40000.0,-28932382.93847,,,,,,,
-3.4335740680694578,-0.9280574211736506,-0.010587277702068996,-0.37850211481802815,0.0,449.8414495133001,-156.84530655556307,35,1485,52000,0.0003,182840.0,61.158050537109375,0.06376256048679352,5044561.0,10248.439453125,42001,40000.0,-28932382.93847,,,,,,,
-0.9294352588653629,-0.8406414695574633,0.03963882783720356,-0.3624101218376196,0.0,375.3762801892188,-25.23167954601788,34,1556,54000,0.0003,184927.28125,60.81220245361328,-0.00896434485912323,3815796.25,5828.2001953125,44001,40000.0,-28932382.93847,,,,,,,
-10.044913909912113,-0.8422818209228269,0.1347442849797082,-0.12302119014269237,0.0,326.61592700685134,-165.93143956329112,34,1627,56000,0.0003,179874.28125,57.509681701660156,-0.2212369590997696,5759409.0,9188.4736328125,46001,40000.0,-28932382.93847,,,,,,,
-16.487569635391207,-0.5904878138086113,0.1806816076495638,-0.07363505658712345,0.0,169.43813288434632,-116.2001770769249,34,1698,58000,0.0003,186149.703125,51.501075744628906,-0.5727802515029907,4393697.0,7213.64404296875,48001,40000.0,-28932382.93847,,,,,,,
-3.425427160263065,-0.4071628700173779,-0.17252773506576316,-0.014832135664905901,0.0,76.71912162662765,125.71350381523945,33,1769,60000,0.0003,184722.28125,52.968101501464844,-0.11437389254570007,4234718.0,8446.8603515625,50001,40000.0,-28932382.93847,,,,,,,
-21.049087612152096,-0.47207290809526564,0.26833304485247184,0.20161384163503004,0.0,207.1729522692155,-153.2436692634252,33,1840,62000,0.0003,184687.625,46.60857391357422,0.06927494704723358,5623538.0,15458.17578125,52001,40000.0,-28932382.93847,,,,,,,
-25.226684528350845,-0.3939335015968942,-0.14743781866715538,0.2973295030456475,0.0,252.0923019705504,146.884888617169,33,1911,64000,0.0003,187160.21875,47.776859283447266,0.3320954442024231,6245991.5,14641.7900390625,54001,40000.0,-28932382.93847,,,,,,,
-9.01590170288086,-0.3557900221626588,-0.054542746280592073,0.20822514292265218,0.0,116.64915691554472,182.19467974592044,33,1983,66000,0.0003,188654.5,51.79957580566406,-0.5059490203857422,5269919.0,7977.50537109375,56001,40000.0,-28932382.93847,,,,,,,
-21.882355478286776,-0.396958520929672,0.16053521034741988,0.3272785681826545,0.0,266.52362793441364,-281.77962028387924,33,2054,68000,0.0003,189866.84375,47.316810607910156,0.3796781897544861,3991774.5,9034.2919921875,58001,40000.0,-28932382.93847,,,,,,,
-25.08887531089783,-0.3936684011528299,-0.06656383901045673,0.31486352509782134,0.0,224.5585595512607,87.50003695969161,32,2127,70000,0.0003,193578.96875,47.966880798339844,0.10766350477933884,5595525.0,12760.7568359375,60001,40000.0,-28932382.93847,,,,,,,
-7.772894447326662,-0.3297474373180101,-0.07249171779873007,0.20673615255769498,0.0,104.3264782568715,143.08164491168614,32,2199,72000,0.0003,194562.6875,55.8319091796875,0.22923380136489868,4483186.5,8142.06591796875,62001,40000.0,-28932382.93847,,,,,,,
-22.092088283538814,-0.3990671260423306,0.10891892996943454,0.3318240846980311,0.0,216.53730804803746,-179.96081794668174,32,2273,74000,0.0003,195505.546875,50.70920181274414,-0.130793035030365,4767775.5,9493.650390625,64001,40000.0,-28932382.93847,,,,,,,
-28.986339208602907,-0.4267924264965782,-0.02521059660323919,0.3924719781726489,0.0,297.93811150423676,35.80030749961542,32,2346,76000,0.0003,200078.40625,51.080535888671875,-0.3677920401096344,4670567.0,10904.1123046875,66001,40000.0,-28932382.93847,,,,,,,
-20.68447162818911,-0.38959896649963216,-0.10089622803052892,0.36619257797571564,0.0,240.78441787531298,365.40752395267396,32,2421,78000,0.0003,200002.3125,52.75202560424805,-0.1617993414402008,8300540.0,17986.751953125,68001,40000.0,-28932382.93847,,,,,,,
-17.500523967742904,-0.3877243760833561,0.03054055534247028,0.37069442950450204,0.0,234.48865076894552,-75.78292022502075,32,2496,80000,0.0003,201947.875,51.35213088989258,-0.23890841007232666,6201527.5,11460.19921875,70001,40000.0,-21347622.77831,,,,,,,
-6.707722530364984,-0.4251309739727499,-0.3547395329462401,-0.8226084771270092,0.0,1001.8385105153816,-289.11854726340613,31,2571,82000,0.0003,210044.390625,48.92033767700195,0.14272090792655945,3658610.75,6045.5068359375,72001,40000.0,-21347622.77831,,,,,,,
-8.186331342697137,-0.6452980030185501,-0.18366826990669885,-0.7244738695730782,0.0,788.6337321801806,-169.80425980747006,31,2647,84000,0.0003,212001.8125,52.68974304199219,0.1162177175283432,6087562.0,10634.58984375,74001,40000.0,-21347622.77831,,,,,,,
-10.923871162414564,-0.6969098314488236,0.14024392255831647,-0.7084782300218591,0.0,761.7648754559659,163.0122378876042,31,2723,86000,0.0003,217451.609375,52.26525115966797,0.13366958498954773,7040499.0,13816.0234375,76001,40000.0,-21347622.77831,,,,,,,
-6.675083097457889,-0.42079643081866147,-0.018718395224009934,-0.7787850775064483,0.0,979.7619972921416,-153.3254648718776,31,2799,88000,0.0003,224608.328125,56.549407958984375,-0.37112975120544434,5155596.0,6217.197265625,78001,40000.0,-21347622.77831,,,,,,,
-9.034396232604974,-0.7400203741914284,-0.010002810115856856,-0.5326982128163483,0.0,592.517566094405,-57.86070699340725,31,2876,90000,0.0003,228840.625,57.819705963134766,-0.07743121683597565,4858624.5,7652.6396484375,80001,40000.0,-21347622.77831,,,,,,,
-4.838182100296028,-0.5146683719055997,0.32914748796190185,-0.5034501817698561,0.0,637.6466966482182,-264.8969396262139,31,2954,92000,0.0003,228900.234375,54.64234924316406,-0.012277372181415558,7851800.0,8510.00390625,82001,40000.0,-21347622.77831,,,,,,,
-11.946542600631707,-0.32379386073210575,-0.24051224152160722,-0.4269452446382128,0.0,287.0209919096288,-138.3989745451685,30,3032,94000,0.0003,232188.0625,60.85771560668945,-0.21884550154209137,9991971.0,12682.4619140625,84001,40000.0,-21347622.77831,,,,,,,
-1.4208308696746859,-0.4936821214137442,-0.06314631544461939,-0.2164862072417139,0.0,204.37566754002904,0.7427011370557832,30,3110,96000,0.0003,228948.03125,67.47454833984375,-0.8939903974533081,18324420.0,24120.36328125,86001,40000.0,-21347622.77831,,,,,,,
-31.833291007995633,-0.6709096895716246,0.043901730508063515,0.18690498745864162,0.0,280.657023060862,-97.19348063268791,30,3189,98000,0.0003,217455.28125,75.26834869384766,-0.36620450019836426,11323734.0,12562.8359375,88001,40000.0,-21347622.77831,,,,,,,
-15.550705743789674,-0.304994600818261,0.4090842341843811,-0.08154384703627761,0.0,163.9012621032985,-5.383416917868836,,,100000,0.0003,195735.28125,87.2375717163086,-0.13789311051368713,15097946.0,13872.6171875,90000,,,0.0,0.0,40000.0,-36524.59080335077,6406.963267496765,0.0,0.0
,,,,,,,22,4452,100000,0.0003,190612.453125,87.22550964355469,0.19394835829734802,15262979.0,21548.232421875,90001,40000.0,-21347622.77831,,,,,,,
-2.739158658981325,-0.053304407497362156,-0.26444339656784077,-0.1810209933397437,0.0,84.77648166050668,134.69305510926682,22,4530,102000,0.0003,183953.40625,79.74433135986328,-0.399452805519104,10164318.0,12981.1904296875,92001,40000.0,-21347622.77831,,,,,,,
-19.009320407867467,-0.4518359626220674,-0.11051642738627244,0.26384301455719766,0.0,181.24082161657887,155.33436349874387,22,4607,104000,0.0003,159745.171875,100.20712280273438,0.044054269790649414,29526044.0,29445.251953125,94001,40000.0,-21347622.77831,,,,,,,
-31.28943535041804,-0.488014238486262,0.13684842557792737,0.48222291441187604,0.0,402.87168949497,-20.308261154878654,22,4685,106000,0.0003,140260.453125,70.14085388183594,-0.14796842634677887,13087695.0,12920.419921875,96001,40000.0,-21347622.77831,,,,,,,
-26.083005208969116,-0.33990131456477785,-0.06828900119035113,0.5393164367839921,0.0,435.587808281288,397.21099276472864,22,4762,108000,0.0003,137617.546875,63.26752853393555,1.1618821620941162,11008936.0,11021.9892578125,98001,40000.0,-21347622.77831,,,,,,,
-32.376192930221535,-0.3471184595265996,-0.06583887267510338,0.8050285754113518,0.0,914.3122915275885,1218.4621734426019,22,4839,110000,0.0003,139875.1875,75.97492218017578,0.0014385879039764404,17991452.0,23836.603515625,100001,40000.0,-21347622.77831,,,,,,,
-43.084748836517356,-0.4141604293323509,0.08848572825357673,0.9795423512978243,0.0,1326.5696507568455,-1219.9250255010297,22,4916,112000,0.0003,125137.5,83.2778091430664,0.36524152755737305,21216368.0,22289.73828125,102001,40000.0,-21347622.77831,,,,,,,
-36.51927270889286,-0.41256187352509516,0.00532679977459731,0.7580612421422065,0.0,933.6548361808665,-345.9475684185506,22,4993,114000,0.0003,118313.90625,73.04803466796875,-0.0801566019654274,24505092.0,23244.677734375,104001,40000.0,-21347622.77831,,,,,,,
-28.20983331871032,-0.4042510506806765,-0.04266732879399113,0.5096850995832263,0.0,391.1807382168579,74.04500329170017,22,5070,116000,0.0003,127581.609375,59.54562759399414,-0.2780359387397766,10753146.0,12649.6025390625,106001,40000.0,-21347622.77831,,,,,,,
-4.472631093978879,-0.19039553535415718,0.2215961429476652,0.3347165378780912,0.0,178.13393495248687,-114.03620354557175,22,5147,118000,0.0003,128739.3984375,51.0498046875,0.15958505868911743,7563625.0,10253.5732421875,108001,40000.0,-21347622.77831,,,,,,,
-12.790747297286995,-0.17392192734319362,0.022776833198617258,0.4841569639280846,0.0,344.2769450979426,98.35445915104548,22,5225,120000,0.0003,132287.6875,66.88809967041016,-0.20168739557266235,13773031.0,17500.234375,110001,40000.0,-21492230.865930665,,,,,,,
3.825210466384894,0.2069555950036946,0.10966461321533215,-0.8958354339223935,0.0,1021.7414546249855,63.83303472109193,23,5302,122000,0.0003,124230.40625,67.52833557128906,0.034091755747795105,11925592.0,12099.9248046875,112001,40000.0,-21492230.865930665,,,,,,,
-4.8279742145538265,-0.23001541424824895,-0.4658625731396446,-0.8116889093795543,0.0,955.0695175693386,-403.479486368325,23,5379,124000,0.0003,124857.0078125,55.931114196777344,0.5292859673500061,9057324.0,9753.16796875,114001,40000.0,-21492230.865930665,,,,,,,
-2.1915367202758733,-0.21380568996029015,0.299684047915173,-0.7582212092613478,0.0,814.6051791207036,162.20282768092562,23,5457,126000,0.0003,134564.46875,51.97019958496094,-0.2409912347793579,6227598.5,11700.3310546875,116001,40000.0,-21492230.865930665,,,,,,,
-5.106295726776109,-0.37067238245358974,-0.34242244105217623,-0.636190772167513,0.0,608.9024435218103,-335.21827799301195,23,5534,128000,0.0003,134838.015625,64.54454040527344,-0.4605971574783325,8906981.0,17042.482421875,118001,40000.0,-21492230.865930665,,,,,,,
-11.900670621871948,-0.5058903683203727,0.2292912917865345,-0.5410593871404238,0.0,496.16012237924184,357.6777470858393,23,5610,130000,0.0003,125031.890625,72.33724975585938,0.48267221450805664,14524144.0,10797.9599609375,120001,40000.0,-21492230.865930665,,,,,,,
-4.704890016555784,-0.155882094790939,-0.09947304200535098,-0.6505435871578622,0.0,585.9061644246062,-302.76226763027415,23,5687,132000,0.0003,133249.296875,44.98764419555664,-0.133046954870224,9181336.0,12663.7373046875,122001,40000.0,-21492230.865930665,,,,,,,
-3.848358032226577,-0.5957189158585778,0.004325803478566035,-0.1195147003558911,0.0,289.825244617983,-336.6482485094652,23,5763,134000,0.0003,131565.078125,77.2637710571289,-0.9667434096336365,17288188.0,30970.439453125,124001,40000.0,-21492230.865930665,,,,,,,
12.310869825363154,0.06104028303088443,0.4644712446356955,0.13582227994919638,0.0,198.97487720496272,-6.0826291134845665,23,5840,136000,0.0003,62185.63671875,157.6229705810547,-0.03658266365528107,42089408.0,23021.521484375,126001,40000.0,-21492230.865930665,,,,,,,
11.529964225769044,0.36122599977436365,-0.12775782895465698,0.3226648468470261,0.0,238.27486699792217,343.3378852307331,23,5917,138000,0.0003,32666.134765625,112.92778015136719,1.70445716381073,16459518.0,15047.3251953125,128001,40000.0,-21492230.865930665,,,,,,,
-1.3603753395080578,0.006123433178027603,-0.020681349201033608,0.12595198265430227,0.0,98.26560959710568,-200.61488436709234,23,5993,140000,0.0003,37610.14453125,64.59623718261719,0.7322713136672974,12783397.0,19661.302734375,130001,40000.0,-21492230.865930665,,,,,,,
-0.06411272239685013,0.09068496202845601,0.029549874597392084,0.10142352338395709,0.0,17.017828111259693,79.35607041486666,23,6071,142000,0.0003,45874.26953125,49.45063781738281,0.031199391931295395,10721762.0,16380.029296875,132001,40000.0,-21492230.865930665,,,,,,,
-6.350365888595578,-0.1254809455645664,-0.3058244524300158,0.19994841832658336,0.0,144.4234811903548,352.3057886876856,23,6147,144000,0.0003,58391.04296875,52.50461196899414,-0.17277339100837708,6068565.0,7317.76806640625,134001,40000.0,-21492230.865930665,,,,,,,
-7.347554555892945,-0.15454212712099136,0.03469208266172157,0.37561975794306246,0.0,234.3290173595994,184.73071175919418,23,6224,146000,0.0003,68808.46875,56.9591064453125,-0.37531694769859314,12716659.0,15024.7880859375,136001,40000.0,-21492230.865930665,,,,,,,
-10.095112880706791,-0.14470385925279555,0.1674017712026668,0.4848042824959792,0.0,324.6754900663578,-159.76762629276217,23,6301,148000,0.0003,74387.703125,52.56827926635742,0.7507580518722534,8649662.0,8245.05078125,138001,40000.0,-21492230.865930665,,,,,,,
-15.907807468414306,-0.19300292625000748,-0.06800279523103168,0.5509036378520826,0.0,419.2436997551357,156.09619765111114,23,6378,150000,0.0003,88516.25,51.70256042480469,-0.29708200693130493,7047938.5,9775.8623046875,140001,40000.0,-21492230.865930665,,,,,,,
-12.313831758499145,-0.1607719127655538,-0.05765342057276103,0.5603184988411641,0.0,392.41466014761534,153.87379129414003,23,6455,152000,0.0003,92523.125,55.448001861572266,-0.022800907492637634,7642099.5,8778.2578125,142001,40000.0,-21492230.865930665,,,,,,,
-9.303416774749765,-0.1698342640032148,-0.041472403934044604,0.5750308570313644,0.0,423.9869489982933,149.53514029646036,23,6531,154000,0.0003,103359.125,48.34599685668945,-0.06246288865804672,11684264.0,13035.2822265625,144001,40000.0,-21492230.865930665,,,,,,,
-12.236620700836204,-0.15567502694645588,0.08436085783058207,0.5040424393600681,0.0,335.9770281192691,-277.9350217766339,23,6607,156000,0.0003,111960.4609375,49.10749816894531,0.3734591603279114,12864234.0,18093.998046875,146001,40000.0,-21492230.865930665,,,,,,,
5.01575901222229,0.05148951991448137,0.2021704966998351,0.47275262422825737,0.0,366.0723855722712,106.11738486173071,23,6683,158000,0.0003,113723.0703125,51.79278564453125,-0.07265143096446991,8997556.0,10038.32421875,148001,40000.0,-21492230.865930665,,,,,,,
2.2248185749053966,0.09573180373473018,-0.1523379760230773,0.4702179564558599,0.0,299.6608819936828,-12.669335567478974,23,6760,160000,0.0003,113680.796875,55.76087188720703,0.19218429923057556,10267052.0,12450.119140625,150001,40000.0,-20251936.60013425,,,,,,,
-5.423648733139037,-0.4665878292565254,-0.2893092631169736,-0.718410926352299,0.0,923.7301144212898,-245.89228470537338,23,6836,162000,0.0003,116807.6328125,71.72990417480469,-0.6920123100280762,11885914.0,10825.7880859375,152001,40000.0,-20251936.60013425,,,,,,,
-6.467852977752689,-0.3248463857598204,-0.04654142960201023,-0.7520204059263711,0.0,810.5987832868067,-238.29331904262193,23,6912,164000,0.0003,111278.90625,67.22598266601562,0.26932334899902344,21707280.0,18238.1171875,154001,40000.0,-20251936.60013425,,,,,,,
-12.072495798110959,-0.5661743634943271,-0.15643239386978408,-0.5845899011286126,0.0,585.8236085641918,-105.72282999912476,23,6989,166000,0.0003,103836.6640625,76.96996307373047,-0.7740349173545837,13063868.0,14676.25,156001,40000.0,-20251936.60013425,,,,,,,
2.40597771644592,-0.13750286130411918,0.6212380764764357,-0.47100674492216105,0.0,633.0399248482324,-81.17361563581403,23,7066,168000,0.0003,82790.0234375,83.47404479980469,-0.0493016242980957,13305920.0,14472.0615234375,158001,40000.0,-20251936.60013425,,,,,,,
5.13625033950806,0.36970572376215477,0.34381212503551106,-0.4263642468663433,0.0,346.16133146655255,-27.94014964239705,23,7143,170000,0.0003,81055.234375,53.613914489746094,0.9385707378387451,10331793.0,10019.0947265625,160001,40000.0,-20251936.60013425,,,,,,,
-7.494024297714236,0.1477945530936043,-0.6987919590977506,-0.12061195153926099,0.0,253.84942786920888,-203.46979975043337,23,7220,172000,0.0003,91237.0390625,72.88516235351562,-0.6354274153709412,13649410.0,14076.0107421875,162001,40000.0,-20251936.60013425,,,,,,,
-10.822037307739256,-0.20215465483250944,0.23051219049861676,-0.05965267621715441,0.0,63.466217176050634,21.16418956959578,23,7296,174000,0.0003,81394.9375,71.32280731201172,0.6630411744117737,15995546.0,14554.83984375,164001,40000.0,-20251936.60013425,,,,,,,
1.659861488342285,-0.08923145793242612,-0.13309878309918982,-0.1264518459649122,0.0,62.1325372043282,174.33647548800718,23,7373,176000,0.0003,83534.6171875,73.89387512207031,-1.1249480247497559,15208339.0,21704.54296875,166001,40000.0,-20251936.60013425,,,,,,,
4.240826566696163,0.1115566294749948,0.12033959262568372,-0.0824152937301897,0.0,134.06046196824997,183.47625773643887,23,7449,178000,0.0003,49119.40625,129.85684204101562,-0.365295946598053,24631152.0,20084.0625,168001,40000.0,-20251936.60013425,,,,,,,
3.7327459182739213,-0.2399056489167627,-0.18507948870683721,-0.03571502928663186,0.0,59.29202579838862,-104.57859234239297,23,7526,180000,0.0003,26005.224609375,126.88543701171875,0.40867987275123596,23766228.0,18424.6875,170001,40000.0,-20251936.60013425,,,,,,,
4.319135606765738,-0.23197311721403688,0.05866564935526418,-0.02938621043547489,0.0,19.723633188496336,53.71451455126943,23,7602,182000,0.0003,2808.01025390625,130.97496032714844,-0.6017550230026245,45488268.0,26820.1171875,172001,40000.0,-20251936.60013425,,,,,,,
0.2555218276977472,0.04857035816142673,0.08832967658257128,0.019053739826356376,0.0,184.93224265815437,2712.1400422202805,23,7678,184000,0.0003,-63013.15625,269.79217529296875,-0.8839109539985657,75695536.0,29207.40234375,174001,40000.0,-20251936.60013425,,,,,,,
-2.7398882141113288,-0.2075320205789021,-0.13040937943306374,0.14773536675390822,0.0,1413.1042776361096,-2390.8656276512015,23,7754,186000,0.0003,-97177.015625,268.4346618652344,0.6522785425186157,64509480.0,21893.115234375,176001,40000.0,-20251936.60013425,,,,,,,
3.8267284564971895,-0.17306591594938256,0.4548728192349377,-0.11304821750681689,0.0,264.43177938173676,623.4887941176478,24,7831,188000,0.0003,-149189.25,281.65521240234375,-0.9202089309692383,74837968.0,26085.228515625,178001,40000.0,-20251936.60013425,,,,,,,
-15.766706645965588,-0.2610301092452822,-0.8047856613349293,0.2672955376878054,0.0,1604.8928760290655,887.042140545437,24,7908,190000,0.0003,-189001.875,253.8801727294922,0.01720374822616577,121165168.0,47690.5625,180001,40000.0,-20251936.60013425,,,,,,,
4.210189340591439,-0.12913740751415775,-1.2893475752546057,0.1306795532130075,0.0,2373.9910495968325,1061.9306995714062,24,7986,192000,0.0003,-206500.21875,287.8223571777344,-1.7934985160827637,101803024.0,27327.193359375,182001,40000.0,-20251936.60013425,,,,,,,
-32.58439281845096,-0.19407024508119605,-4.480925641434442,4.520292738535027,0.0,73807.8091456194,84936.24540675759,24,8063,194000,0.0003,-460717.09375,683.0518798828125,-1.1354784965515137,3455657728.0,355935.4375,184001,40000.0,-20251936.60013425,,,,,,,
52.65276366615296,-0.1488037910120495,4.504766816553056,7.09578741031508,0.0,150007.94036822044,398228.2790739529,24,8139,196000,0.0003,-736635.0,1230.170654296875,-6.073345184326172,10954417152.0,546710.1875,186001,40000.0,-20251936.60013425,,,,,,,
-35.73467913818362,0.13429130776579515,9.316209654033086,12.86691162238659,0.0,337800.1395159107,-445392.77345701243,24,8215,198000,0.0003,-818253.875,1988.8818359375,-3.0016703605651855,144296017920.0,3385118.75,188001,40000.0,-20251936.60013425,,,,,,,
-23.41139465141298,0.24586838500673158,-4.358482594942796,2.940552397173644,0.0,49936.229421482465,-2680.29113184207,,,200000,0.0003,-895142.8125,2916.926513671875,-3.1353049278259277,497795072000.0,5713817.5,190000,,,0.0,0.0,40000.0,-39794.55011216611,1773.0014241464044,0.0,0.0
,,,,,,,21,9475,200000,0.0003,-847594.375,2917.662353515625,-2.187443256378174,111772614656.0,3547834.25,190001,40000.0,-264715688.7770382,,,,,,,
-9.344101428985617,-0.4151973222476169,-0.5188827304578352,-0.7985260619609534,0.0,953.9531642557077,-479.22981213752513,21,9551,202000,0.0003,-1238024.625,4767.2431640625,-1.5685627460479736,153593937920.0,3265873.25,192001,40000.0,-264715688.7770382,,,,,,,
7.046473957061772,0.20901388072647614,-0.242706136881228,-0.5513556535547794,0.0,709.1711365920589,187.56320170679487,21,9628,204000,0.0003,-1949134.25,7503.345703125,-1.0091898441314697,114097668096.0,2830094.0,194001,40000.0,-264715688.7770382,,,,,,,
4.348355913162234,-0.11805563027837866,0.2521994595291117,-0.5156215704051338,0.0,626.0121178561348,-258.52694851449917,21,9705,206000,0.0003,-2496905.75,9904.5771484375,0.09969069063663483,180373766144.0,3384258.25,196001,40000.0,-264715688.7770382,,,,,,,
-15.454531364440925,-0.6741995769003103,-0.01096883979113375,-0.6369719256607334,0.0,639.4528930176876,43.79530825649888,21,9782,208000,0.0003,-2889031.75,11752.97265625,-0.7088449597358704,338234572800.0,3333170.25,198001,40000.0,-264715688.7770382,,,,,,,
6.039223031997684,0.24616635144851717,-0.4634756945054478,-0.4477636974038778,0.0,798.5263331050375,581.112217699686,21,9858,210000,0.0003,-4010989.5,13563.0478515625,0.46632009744644165,217450479616.0,2899752.25,200001,40000.0,-264715688.7770382,,,,,,,
14.108954444885255,0.6175436367541418,0.12126299304318533,-0.6325697659058269,0.0,1070.6023812536664,-368.48859727259475,21,9935,212000,0.0003,-4891556.5,14873.2392578125,0.3584834337234497,207974662144.0,2223568.75,202001,40000.0,-264715688.7770382,,,,,,,
-4.579933664321903,-0.033733969343649396,0.24924009065080818,-0.4438539553763159,0.0,598.5003978800498,-231.42730124435738,21,10012,214000,0.0003,-5956726.0,16561.216796875,-0.7175709009170532,392622309376.0,2621759.5,204001,40000.0,-264715688.7770382,,,,,,,
-3.777297718048088,0.20863576697128583,-0.41072366308910746,-0.40616835604032486,0.0,671.8757102666356,546.0196126539416,21,10088,216000,0.0003,-7336557.0,18489.263671875,-0.28929460048675537,340231716864.0,5085412.5,206001,40000.0,-264715688.7770382,,,,,,,
11.336922397613531,0.3632660128099662,-0.08392060340800178,-0.6886943235047942,0.0,1399.0310020784666,297.07234672247887,21,10165,218000,0.0003,-8830760.0,20336.443359375,-1.4048151969909668,351289704448.0,3642300.0,208001,40000.0,-264715688.7770382,,,,,,,
18.96577268600463,0.6352305542348918,0.4257384995422834,-0.38494786351154464,0.0,900.5609669196829,-836.699629132017,21,10242,220000,0.0003,-10449138.0,21794.736328125,0.22380387783050537,1823210471424.0,13233987.0,210001,40000.0,-264715688.7770382,,,,,,,
-9.931892976760867,-0.818119257500179,0.03927136835033545,-0.2871508963408786,0.0,368.3569993422185,-64.00279659840486,21,10319,222000,0.0003,-12533183.0,22699.212890625,-0.12770313024520874,238040285184.0,2875138.75,212001,40000.0,-264715688.7770382,,,,,,,
7.939264719009402,0.7212633425963745,-0.048726443633275655,-0.3550221285228736,0.0,550.242419519035,-18.683191862967053,21,10396,224000,0.0003,-14342335.0,23185.533203125,0.5114775896072388,366292697088.0,2195041.75,214001,40000.0,-264715688.7770382,,,,,,,
-11.837755840301517,-0.6245463676187333,0.4236071246434594,-0.40600986773011255,0.0,457.6285493672362,167.23400388100572,21,10473,226000,0.0003,-16249514.0,23878.693359375,0.7288252115249634,808821325824.0,4907835.0,216001,40000.0,-264715688.7770382,,,,,,,
-13.587735404968251,-0.3476425230382149,-0.6462363245105838,-0.38960122443540857,0.0,708.1656550683211,488.07498410637805,21,10550,228000,0.0003,-18476312.0,24559.458984375,1.0058939456939697,1135108161536.0,9503007.0,218001,40000.0,-264715688.7770382,,,,,,,
-29.619665489196763,-0.16367677500109068,-0.7575697434708286,0.5825927024778658,0.0,3103.4127335615817,1178.0558563035802,21,10626,230000,0.0003,-20874788.0,26077.943359375,-0.40160730481147766,4144906108928.0,20771446.0,220001,40000.0,-264715688.7770382,,,,,,,
-46.969049098968505,-0.5920112979139788,-0.3819680436943355,0.8140206632189583,0.0,3821.926843098735,4121.89694598875,21,10702,232000,0.0003,-23918872.0,25477.58984375,1.7368916273117065,952597807104.0,6973829.5,222001,40000.0,-264715688.7770382,,,,,,,
-36.899710443496744,0.052906373503081965,-7.038943597646481,8.106587033963564,0.0,202412.26764657997,1168512.0980090937,21,10778,234000,0.0003,-27614926.0,24450.8125,0.7479878067970276,1728331120640.0,12042893.0,224001,40000.0,-264715688.7770382,,,,,,,
-21.277339708328267,-0.004157336885479862,-23.053642121827256,70.26986925456437,0.0,6888935.892865503,4221460.633634754,21,10855,236000,0.0003,-27378576.0,24721.390625,-0.5667432546615601,42341595348992.0,67436472.0,226001,40000.0,-264715688.7770382,,,,,,,
48.5409782447815,0.030747837113933092,-13.030305274391047,25.396846117950673,0.0,2273087.677603252,-4044288.2856850857,21,10931,238000,0.0003,-27095144.0,29879.15625,-0.24335238337516785,4281994313728.0,14937402.0,228001,40000.0,-264715688.7770382,,,,,,,
39.82186087799069,-0.14257260830314733,3.417938507704283,2.6671874656139627,0.0,1309106.2916179127,-83375.2607666967,21,11008,240000,0.0003,-26852998.0,35561.13671875,2.1522974967956543,15161963315200.0,14841049.0,230001,40000.0,-3784236256.993,,,,,,,
-2.381245502471924,-0.12151210538419016,-0.16404124286771007,-0.986223242172108,0.0,1184.2477029106026,48.18828126303252,21,11086,242000,0.0003,-23820922.0,36029.90234375,0.6252803802490234,68834958508032.0,63284028.0,232001,40000.0,-3784236256.993,,,,,,,
-5.8744433040618915,-0.33217183803693723,-0.11815284499567959,-0.9309587834894052,0.0,1080.509816863088,-96.89279632055911,21,11163,244000,0.0003,-25574308.0,29673.505859375,0.9352353811264038,227172228792320.0,154370528.0,234001,40000.0,-3784236256.993,,,,,,,
-6.576671861648564,-0.435938698311079,-0.0053757021066134095,-0.8888497410877169,0.0,1006.9093043897274,1.368143585393837,21,11240,246000,0.0003,-19396842.0,18918.123046875,2.3951940536499023,346483299713024.0,180147552.0,236001,40000.0,-3784236256.993,,,,,,,
-4.375339353561397,-0.26990323005326783,0.2662717054738517,-0.9437283898249297,0.0,1127.7498475856523,351.5870215693632,21,11318,248000,0.0003,-19930086.0,17282.58984375,-0.6628167629241943,94859486560256.0,92967528.0,238001,40000.0,-3784236256.993,,,,,,,
50.744909070968674,0.05111088075331441,8.459880273483401,11.969248515843683,0.0,394961.16335887037,2174597.7820493053,21,11395,250000,0.0003,-25131284.0,30627.212890625,-1.4881038665771484,33916251537408.0,45699492.0,240001,40000.0,-3784236256.993,,,,,,,
53.663964073181155,0.0028017184787882004,27.36908890947372,101.75695229386329,0.0,14890627.72196947,32176116.07729249,21,11473,252000,0.0003,-25837440.0,26574.7421875,3.51491379737854,8448300285952.0,38610420.0,242001,40000.0,-3784236256.993,,,,,,,
-8.655048524856545,0.006912211541489067,34.88453430034041,160.72519479458836,0.0,33895162.08125922,-16519106.73404111,21,11550,254000,0.0003,-18670840.0,17298.583984375,-1.1322743892669678,526239458656256.0,268545440.0,244001,40000.0,-3784236256.993,,,,,,,
-29.03175757789613,-0.008159081811310425,20.87671580529902,58.82509437985668,0.0,9288738.117911896,-10635345.54973812,22,11627,256000,0.0003,-13527770.0,21478.41796875,-0.25668931007385254,231956822360064.0,126074344.0,246001,40000.0,-3784236256.993,,,,,,,
-24.84865231132505,0.024702996874145323,11.729451498121465,18.330972076790758,0.0,6790389.962833267,-163178.9643553992,22,11703,258000,0.0003,-12254865.0,26362.654296875,-0.8037624955177307,461662712758272.0,176186336.0,248001,40000.0,-3784236256.993,,,,,,,
-23.768860965728752,0.4516924359932704,0.4227142229712284,0.9828739745026104,0.0,7018042.08140239,48251.36113087895,22,11780,260000,0.0003,-8667265.0,31718.896484375,-0.21424907445907593,229513422176256.0,111911688.0,250001,40000.0,-3784236256.993,,,,,,,
-23.813273006439218,-0.013572666969487411,-8.335843080277256,9.280418027670683,0.0,6620168.41589677,-571912.242475414,22,11857,262000,0.0003,-7733843.0,36508.3671875,0.7941224575042725,430306263826432.0,148038672.0,252001,40000.0,-3784236256.993,,,,,,,
-32.57527293586733,0.01389431711585716,-18.43038069923117,46.30723360287277,0.0,7958655.825668626,4033705.8870789274,22,11934,264000,0.0003,685301.25,40365.28125,0.1734798550605774,854007941693440.0,327383712.0,254001,40000.0,-3784236256.993,,,,,,,
-3.2783284702301025,-0.004698988482095268,-23.880024783795026,73.31183799446687,0.0,9441260.793526648,-2019804.593174726,22,12011,266000,0.0003,-5185280.5,44347.7265625,-0.16837212443351746,650169867567104.0,186375616.0,256001,40000.0,-3784236256.993,,,,,,,
8.197163637161253,-0.010456251878678146,-22.16288037360071,64.57432185055754,0.0,6425604.099475529,-4825584.093049324,22,12087,268000,0.0003,16416008.0,48490.28515625,1.4091095924377441,1637910205956096.0,288311904.0,258001,40000.0,-3784236256.993,,,,,,,
23.0948220729828,0.01304794595921021,-14.750870319052714,28.91411534344635,0.0,1585724.9273208855,-3162604.2480457067,22,12166,270000,0.0003,23076382.0,53540.0625,-2.170834541320801,5976453434834944.0,645571776.0,260001,40000.0,-3784236256.993,,,,,,,
-2.0715302734375,-0.02038159279655583,-7.6262197385637345,7.749577963453067,0.0,199990.35924996703,-259953.54789642867,22,12244,272000,0.0003,7182379.0,58018.28515625,-0.19756309688091278,740816226091008.0,223752032.0,262001,40000.0,-3784236256.993,,,,,,,
1.1249468650817909,-0.03926252375957373,-4.6711442908485425,2.463642893160253,0.0,42235.04099885087,-88464.57610497766,22,12322,274000,0.0003,18470922.0,61740.00390625,-1.804490566253662,389479881768960.0,102981376.0,264001,40000.0,-3784236256.993,,,,,,,
-1.8653811588287275,-0.03413594953863164,-2.218473406285698,0.3589351110914324,0.0,7392.858015788397,-10377.962055690801,22,12401,276000,0.0003,22012848.0,66102.9375,0.4854949712753296,747306861199360.0,264880800.0,266001,40000.0,-3784236256.993,,,,,,,
-12.637930768966683,-0.2935390719221254,-0.7054964089688667,-0.09904123928837927,0.0,1287.0647504982667,-2526.285911031059,22,12479,278000,0.0003,41384020.0,68226.125,0.4267423748970032,2442712720605184.0,423980800.0,268001,40000.0,-3784236256.993,,,,,,,
-28.87787462615967,-0.5365265924682614,0.06309530356687099,0.19101811251651724,0.0,716.0600110956792,47.00203843050539,22,12558,280000,0.0003,33647140.0,72821.2890625,-1.1763478517532349,6403444051017728.0,871254720.0,270001,40000.0,-33119447074.65731,,,,,,,
-2.32451161766052,-0.11495071966131419,-0.14123742330974562,-0.9871250636505768,0.0,1183.5240982486994,94.12966762892778,22,12635,282000,0.0003,49851132.0,76263.671875,-1.1231074333190918,1686160405430272.0,274599936.0,272001,40000.0,-33119447074.65731,,,,,,,
-4.115158222198477,-0.24763322919327607,-0.048219205989591625,-0.9616134688214525,0.0,1130.3643110829473,11.605877960160363,22,12713,284000,0.0003,31760168.0,79287.453125,-2.574493408203125,1.0830563195748352e+16,979563776.0,274001,40000.0,-33119447074.65731,,,,,,,
-5.804947494506832,-0.31018027880520604,-0.054863050940201843,-0.9417334936052746,0.0,1095.5823961637423,-23.700838652158463,22,12791,286000,0.0003,41779856.0,80649.109375,0.8799501657485962,460992865632256.0,130827680.0,276001,40000.0,-33119447074.65731,,,,,,,
-6.904230911254883,-0.4114890145452244,-0.06029491050107037,-0.8994367927687346,0.0,1024.6131926385162,-57.34946381609306,22,12869,288000,0.0003,19327418.0,81746.90625,-1.8807052373886108,783557257592832.0,145844784.0,278001,40000.0,-33119447074.65731,,,,,,,
-7.219127927780152,-0.450652080188164,-0.008940150142687588,-0.881975722251817,0.0,995.3279462423835,-3.784603149022796,22,12946,290000,0.0003,22072930.0,84915.2578125,-0.21934854984283447,2159045163089920.0,347964192.0,280001,40000.0,-33119447074.65731,,,,,,,
-8.6157992706299,-0.49315598085559004,-0.05309774415564944,-0.8592073543391785,0.0,961.2672397732966,-59.543759755525436,22,13024,292000,0.0003,35431772.0,86942.1484375,-0.758332371711731,1.0351374768275456e+16,1138332416.0,282001,40000.0,-33119447074.65731,,,,,,,
-7.8739045238494905,-0.5429966032653184,0.008320883713003997,-0.8314236802685567,0.0,919.4600750415948,8.700338195966708,22,13101,294000,0.0003,81474096.0,88525.5546875,0.5775183439254761,5198833499766784.0,528381024.0,284001,40000.0,-33119447074.65731,,,,,,,
-8.989769334793062,-0.5199510327704833,-0.016272575877364682,-0.8425626270098929,0.0,934.6138034241276,-18.367444119573307,22,13178,296000,0.0003,40463016.0,90510.953125,0.90382981300354,1136874085154816.0,267249472.0,286001,40000.0,-33119447074.65731,,,,,,,
-9.052585182189938,-0.6002031797700144,-0.05080211102294054,-0.7933423370557262,0.0,866.5885872413522,-62.35948728317485,22,13256,298000,0.0003,54549096.0,91355.171875,-0.5503748655319214,2816714714644480.0,364290368.0,288001,40000.0,-33119447074.65731,,,,,,,
-8.752307895660381,-0.5725039050753388,0.050034381772152164,-0.8048305920819118,0.0,878.5366590774302,48.418914048572226,,,300000,0.0003,62051272.0,93512.6796875,0.8339866399765015,3961352490057728.0,580388544.0,290000,,,0.0,0.0,40000.0,-31132.34985165285,4412.672551837212,0.0,0.0
,,,,,,,20,14512,300000,0.0003,66447936.0,93516.0625,0.2070397138595581,852309684781056.0,248179904.0,290001,40000.0,-33119447074.65731,,,,,,,
-10.529825952529892,-0.6057350416826881,-0.09521196300539146,-0.779117404055669,0.0,844.988124300097,-119.31163535848643,20,14589,302000,0.0003,98117616.0,94565.359375,-1.2666727304458618,4.165102087857766e+16,1368039552.0,292001,40000.0,-33119447074.65731,,,,,,,
-7.019469568252563,-0.6653252439077282,0.07520294082188157,-0.7275901392448813,0.0,775.1383581977605,39.514733968124126,20,14666,304000,0.0003,59738188.0,95077.1875,-0.6209971904754639,1.09675211128832e+16,1105477376.0,294001,40000.0,-33119447074.65731,,,,,,,
-11.24110457992554,-0.5692913967331357,-0.03526035056811671,-0.7734918893309671,0.0,819.4579207208593,-38.350795426761444,20,14744,306000,0.0003,61372132.0,97022.0625,-0.46069562435150146,1433602503999488.0,307561952.0,296001,40000.0,-33119447074.65731,,,,,,,
-7.115693563461308,-0.7405328242116637,-0.06419277939250052,-0.632909216605684,0.0,662.2061756786015,-169.18528094110297,20,14821,308000,0.0003,87036800.0,98236.53125,-1.2460644245147705,4514033176674304.0,677328064.0,298001,40000.0,-33119447074.65731,,,,,,,
-9.385191631317129,-0.5293084379435783,0.19947641399047503,-0.6391996435202285,0.0,600.194942193229,55.82083095223493,20,14898,310000,0.0003,43283840.0,95271.2421875,-1.409247636795044,8820435823099904.0,907649728.0,300001,40000.0,-33119447074.65731,,,,,,,
-13.667568532943728,-0.5673339912029648,-0.24550477332290724,-0.6035289989745338,0.0,574.1581812107022,-237.05226124691958,20,14974,312000,0.0003,69630408.0,93294.3515625,0.09763899445533752,1643163219394560.0,276415456.0,302001,40000.0,-33119447074.65731,,,,,,,
3.3548314571380624,0.40642306440514914,-0.22193890836657099,-0.22186409225505735,0.0,426.40237710230997,55.801222611084576,20,15050,314000,0.0003,41517920.0,90412.9453125,-0.7365850806236267,7980168421310464.0,911276672.0,304001,40000.0,-33119447074.65731,,,,,,,
15.512929061889645,0.8039994724406384,-0.06604426816252962,-0.285886151170859,0.0,537.3117602370143,90.136344969825,20,15127,316000,0.0003,96061464.0,89004.515625,0.32758039236068726,8466795732140032.0,575444608.0,306001,40000.0,-33119447074.65731,,,,,,,
0.6008795661926261,0.8337701073559463,-0.005041219952379025,-0.27303069661815754,0.0,505.6694539276504,19.22108742544772,20,15203,318000,0.0003,61318564.0,86728.828125,0.9338871240615845,7702743061889024.0,949308480.0,308001,40000.0,-33119447074.65731,,,,,,,
12.613253248214749,0.810463714743495,0.06386329552961861,-0.30245211923689563,0.0,542.1284185562871,-77.13866357238987,20,15280,320000,0.0003,62495156.0,85989.3359375,0.3358655869960785,6009919820005376.0,693902912.0,310001,40000.0,-28983585573.83041,,,,,,,
-10.546774662017823,-0.45536247592961654,-0.5677379961331418,-0.7329980193375583,0.0,880.5552929277126,-558.6617296234974,20,15356,322000,0.0003,46423672.0,87316.8203125,0.5648658275604248,1.5517828509597696e+16,1307188224.0,312001,40000.0,-28983585573.83041,,,,,,,
9.23069319534301,-0.7672383164509207,0.21763315698008004,-0.36495412272389816,0.0,393.6178281603526,-306.7219442894335,20,15433,324000,0.0003,85453848.0,85057.015625,0.5036886930465698,1.1900995747446784e+16,1170808704.0,314001,40000.0,-28983585573.83041,,,,,,,
-9.347500602722164,-0.3051845818471781,0.19016833519219958,-0.2945869004923141,0.0,162.94829646063744,32.090134658826514,21,15509,326000,0.0003,95419968.0,81116.1640625,-0.765093982219696,2691062225174528.0,448622336.0,316001,40000.0,-28983585573.83041,,,,,,,
-3.8395317478179902,-0.3773563362820003,-0.22380084956329568,-0.289471017536954,0.0,166.57245296054253,82.42118866956453,21,15585,328000,0.0003,72391864.0,77287.25,-0.6896582841873169,1.1060509302325248e+16,675568384.0,318001,40000.0,-28983585573.83041,,,,,,,
2.193502416610735,0.05103127621243767,-0.532830325057421,0.06585457141860149,0.0,965.1143548539914,519.6838985219584,21,15662,330000,0.0003,119294680.0,77111.515625,-2.2856760025024414,7824130111963136.0,595880512.0,320001,40000.0,-28983585573.83041,,,,,,,
-8.109214807510378,0.8700220242549976,0.1762084690269992,-0.3484091005496254,0.0,561.5603785932118,-202.76023583001856,21,15738,332000,0.0003,97423232.0,77925.2265625,1.9825522899627686,3451477594996736.0,416049248.0,322001,40000.0,-28983585573.83041,,,,,,,
16.69322218132019,0.7742778247808093,-0.0933656933847398,-0.35832338484216086,0.0,627.0379186863186,58.21266657983608,21,15815,334000,0.0003,53515936.0,75885.828125,0.507824182510376,3610582242557952.0,342034848.0,324001,40000.0,-28983585573.83041,,,,,,,
-5.029297060012825,0.8506421836854977,-0.019483014910318907,-0.3058959967541142,0.0,527.449236396975,32.47035253208607,21,15891,336000,0.0003,90392480.0,73335.1328125,-0.19065247476100922,2456388433346560.0,344878016.0,326001,40000.0,-28983585573.83041,,,,,,,
19.46812178993225,0.7260764518400737,0.04457662229589018,-0.3200603486577686,0.0,626.493515993169,-96.18285212625196,21,15967,338000,0.0003,97909048.0,72089.7421875,1.4911390542984009,1.1249309622206464e+16,762456448.0,328001,40000.0,-28983585573.83041,,,,,,,
5.152679035186767,0.7710003171711147,-0.10857542442717806,-0.285810323995946,0.0,570.4823277853682,191.16631782784,21,16044,340000,0.0003,46461568.0,71894.9609375,1.7702531814575195,1.0773362821300224e+16,610502464.0,330001,40000.0,-28983585573.83041,,,,,,,
7.623190389633182,0.7549282865590616,0.10452519107512098,-0.26995098569421155,0.0,565.0880723176725,-191.84786148404956,21,16121,342000,0.0003,72267048.0,70419.3125,-0.19777703285217285,3593121321451520.0,439206912.0,332001,40000.0,-28983585573.83041,,,,,,,
18.695871700286855,0.7045603439363632,-0.06439417971938098,-0.2939252347842712,0.0,626.9757786313029,84.06192751975341,21,16197,344000,0.0003,115421312.0,69697.0078125,1.8797869682312012,8599021669056512.0,557542592.0,334001,40000.0,-28983585573.83041,,,,,,,
0.2830346908569339,0.7745941796579131,-0.02217489917850538,-0.23553862850869806,0.0,531.7443053442533,62.29672299270756,21,16273,346000,0.0003,95980544.0,69049.1171875,0.2748315632343292,3928875021107200.0,351947200.0,336001,40000.0,-28983585573.83041,,,,,,,
17.137335000991822,0.7102308589672227,0.08575241230849302,-0.28457912448060285,0.0,612.8493804732107,-141.04491421197673,21,16349,348000,0.0003,108319584.0,68630.328125,-0.5232646465301514,4317264350281728.0,396155872.0,338001,40000.0,-28983585573.83041,,,,,,,
12.778599611282356,0.7323993559626478,-0.09313985532234888,-0.27987307373069104,0.0,592.9730226556957,167.10475129457546,21,16426,350000,0.0003,27564048.0,68459.1953125,2.2764270305633545,2760622441758720.0,527414080.0,340001,40000.0,-28983585573.83041,,,,,,,
1.677236816406257,0.7749504886897308,0.06240108226742104,-0.24631610267896192,0.0,535.5523522017698,-111.6439263848266,21,16503,352000,0.0003,68345048.0,68371.4375,1.0163649320602417,7938149682511872.0,886732416.0,342001,40000.0,-28983585573.83041,,,,,,,
20.43602960968017,0.7092695853407129,0.015664639760337697,-0.2951614350340301,0.0,622.5153694014464,-16.38603767042177,21,16583,354000,0.0003,87719264.0,67759.0625,0.11741834878921509,3.424447433067725e+16,1949886080.0,344001,40000.0,-28983585573.83041,,,,,,,
4.309277254104611,0.7684124842868002,-0.09304144398826572,-0.2670257548111346,0.0,555.994697631866,203.14575626116658,21,16662,356000,0.0003,112041360.0,66085.2265625,1.7758634090423584,3.013877121102643e+16,1551822720.0,346001,40000.0,-28983585573.83041,,,,,,,
9.113237760543836,0.7500579347255084,0.12466650920469129,-0.29697603829185515,0.0,590.1361608006907,-218.91537773532121,21,16739,358000,0.0003,52702408.0,63922.99609375,2.3310747146606445,3.988775641494323e+16,1868715008.0,348001,40000.0,-28983585573.83041,,,,,,,
15.854878402709966,0.7355924915811242,-0.08044569006607406,-0.31583031322207217,0.0,616.4451305163888,129.8665577327725,21,16815,360000,0.0003,50063700.0,62433.88671875,2.191035509109497,2.647050836298957e+16,1631063680.0,350001,40000.0,-25765705422.48765,,,,,,,
-6.3592137260437,-0.26110599032259185,-0.3302879155587303,-0.8603449712780761,0.0,961.5247215914934,-218.68537872812902,21,16891,362000,0.0003,95503568.0,62574.14453125,-1.914799451828003,3589779300024320.0,535139296.0,352001,40000.0,-25765705422.48765,,,,,,,
-4.531980318069453,-0.4835774152100046,0.0663559407527738,-0.7551544980842028,0.0,763.5451350718333,45.08546321737699,21,16968,364000,0.0003,10184431.0,61183.8125,1.7739810943603516,2.2859647752863744e+16,1227734912.0,354001,40000.0,-25765705422.48765,,,,,,,
-8.754866796493516,-0.35559029865206115,-0.03742975203009131,-0.8152345467568252,0.0,844.1865641726624,-1.0452603507427964,21,17045,366000,0.0003,143902112.0,60509.12890625,0.008522063493728638,9965546044915712.0,629803712.0,356001,40000.0,-25765705422.48765,,,,,,,
-9.385891176223756,-0.6545923875805499,-0.23118450567130958,-0.5771790165088142,0.0,575.4312951425845,-354.27360435429114,21,17121,368000,0.0003,109326136.0,60436.63671875,-2.1060290336608887,7840913770414080.0,708423808.0,358001,40000.0,-25765705422.48765,,,,,,,
1.292242555618295,-0.5162889500611312,0.38430101143638307,-0.38221954395567204,0.0,324.07906949535857,-129.8408911289956,21,17197,370000,0.0003,77746008.0,59506.23828125,0.5661846399307251,4012145847042048.0,560853440.0,360001,40000.0,-25765705422.48765,,,,,,,
-4.92883609580994,-0.09323710845128655,0.05268779195171781,-0.5029199042403332,0.0,323.91836876638695,206.3612469021894,21,17274,372000,0.0003,133511856.0,58650.9296875,-0.48768338561058044,6009472069664768.0,638528192.0,362001,40000.0,-25765705422.48765,,,,,,,
-26.903879276275635,-0.45107724240079755,-0.46620046367529216,-0.13790237216077053,0.0,368.8306006939228,754.6110706546211,21,17350,374000,0.0003,47127896.0,59158.7578125,1.2890607118606567,8397563543683072.0,629806272.0,364001,40000.0,-25765705422.48765,,,,,,,
19.55153566551209,0.3251013201043136,-0.49079619847887174,0.5314774463317858,0.0,1437.4375478098045,-283.3128162663776,21,17427,376000,0.0003,69815240.0,59249.88671875,-0.7214021682739258,1593100275286016.0,284866816.0,366001,40000.0,-25765705422.48765,,,,,,,
21.067340724945048,0.524894639724225,0.013923694167778786,0.2362741283545802,0.0,732.8320355209139,0.8717456162686422,21,17503,378000,0.0003,146504288.0,58407.78515625,-0.6886595487594604,1.605922631712768e+16,1083202048.0,368001,40000.0,-25765705422.48765,,,,,,,
24.081786170959493,0.5254769829960094,0.050778650180419105,0.2003615117405265,0.0,713.5081399417742,-12.959113184388015,21,17580,380000,0.0003,124766528.0,58851.0078125,1.0486782789230347,2.55967165939712e+16,1503263744.0,370001,40000.0,-25765705422.48765,,,,,,,
28.348014881134016,0.5285785505195373,0.01900391911304181,0.16987718216927258,0.0,697.5160117177745,-22.89633148636789,21,17656,382000,0.0003,78316840.0,58091.03515625,0.16304907202720642,2.8663005415735296e+16,1538083584.0,372001,40000.0,-25765705422.48765,,,,,,,
28.755949052810653,0.5373356283038513,-0.01833042981988746,0.14876493729126108,0.0,682.2602690499264,16.146535644143086,21,17733,384000,0.0003,52887844.0,57663.1015625,-0.4420362114906311,1.494964299104256e+16,923499648.0,374001,40000.0,-25765705422.48765,,,,,,,
24.55407239341735,0.5560178986469663,-0.022553408701306402,0.13849603672215366,0.0,663.2503589490063,5.901321413866766,21,17809,386000,0.0003,124748528.0,56122.08203125,-0.5884237885475159,4.457900316347597e+16,1137848704.0,376001,40000.0,-25765705422.48765,,,,,,,
19.30135908699033,0.5726596279980447,-0.003798168537210358,0.1336940596402521,0.0,645.4242156511368,3.5853626105087164,21,17885,388000,0.0003,51549536.0,55340.3203125,0.9552868604660034,7445651688259584.0,726197120.0,378001,40000.0,-25765705422.48765,,,,,,,
21.915236749649058,0.5798180331109299,0.04829447455716117,0.11688903470260027,0.0,634.703922675181,-20.994653307614282,21,17961,390000,0.0003,84756688.0,57463.5,0.42827484011650085,3648255816630272.0,521302560.0,380001,40000.0,-25765705422.48765,,,,,,,
27.23734255409238,0.5795109453021509,0.036417063390509846,0.08436026019974162,0.0,627.9933525946864,-39.317392835494104,21,18037,392000,0.0003,162345520.0,58278.03125,0.33884555101394653,9961592527519744.0,636980800.0,382001,40000.0,-25765705422.48765,,,,,,,
28.765423927307136,0.5889054863578422,-0.00845847094974871,0.07001994421643873,0.0,618.7852252178512,16.93845863256517,21,18113,394000,0.0003,45789128.0,58721.390625,1.2455408573150635,2.847828746226893e+16,1810667136.0,384001,40000.0,-25765705422.48765,,,,,,,
26.214261285781845,0.6063574881492443,-0.02095578590157397,0.06567490770520944,0.0,602.8769369227701,19.579180063472617,21,18189,396000,0.0003,126926416.0,60152.58203125,-1.2376121282577515,2.742261241819955e+16,1555123840.0,386001,40000.0,-25765705422.48765,,,,,,,
22.16552563858032,0.6219428159291686,-0.022970939410200345,0.06929561915058896,0.0,590.4042534011415,27.5491493641585,21,18266,398000,0.0003,81577584.0,60254.375,-0.47443723678588867,2.431036529888461e+16,1607303040.0,388001,40000.0,-25765705422.48765,,,,,,,
20.51080293083188,0.6326033033036425,0.014585438661182127,0.06849870568405028,0.0,580.8266197410492,-2.7399582822542294,,,400000,0.0003,77726712.0,59258.19140625,-0.3044545352458954,4531902924980224.0,635216000.0,390000,,,0.0,0.0,40000.0,-33759.565160594444,4606.58875985448,0.0,0.0
,,,,,,,20,19520,400000,0.0003,102691024.0,59259.9453125,1.1383912563323975,8818766154563584.0,884233344.0,390001,40000.0,-23191812747.167713,,,,,,,
-2.0284634189605706,-0.09016943274095711,-0.11054654352543797,-0.9739716759263467,0.0,1147.0772151740612,123.24254913801884,20,19596,402000,0.0003,71390600.0,61126.1328125,-0.042482465505599976,9069162747920384.0,652392768.0,392001,40000.0,-23191812747.167713,,,,,,,
-2.055557807922366,-0.15452542096849384,0.031829884739886544,-0.9647637926043606,0.0,1125.9419545744668,120.26571202344645,20,19672,404000,0.0003,76200160.0,62634.50390625,0.05548548698425293,5701544926248960.0,566936576.0,394001,40000.0,-23191812747.167713,,,,,,,
-2.230662076950066,-0.08834034583529769,0.00982214965495232,-0.9734324994569067,0.0,1141.0972854207323,167.02190424847532,20,19749,406000,0.0003,90011504.0,65090.83203125,-0.15241652727127075,5256696372920320.0,694064320.0,396001,40000.0,-23191812747.167713,,,,,,,
-2.6724100437164315,-0.14374485214829627,-0.043753003612642935,-0.9636954204282878,0.0,1122.5876148029138,96.6274968647335,20,19825,408000,0.0003,99506408.0,67589.90625,-1.237351417541504,1.4284516839391232e+16,1134375168.0,398001,40000.0,-23191812747.167713,,,,,,,
-1.5690567588806144,-0.1126055008142069,0.07747095447860225,-0.9649960671188867,0.0,1124.8843014962613,167.54213612199928,20,19902,410000,0.0003,89330984.0,64811.66015625,0.4771873950958252,3.819098663498547e+16,2032132736.0,400001,40000.0,-23191812747.167713,,,,,,,
-1.7600396442413322,-0.05818888535332444,-0.039511350624464765,-0.9691763515128173,0.0,1130.7495095506415,184.57317478178246,20,19979,412000,0.0003,122069096.0,64776.5625,0.8732278943061829,4385175299424256.0,367213472.0,402001,40000.0,-23191812747.167713,,,,,,,
-2.8826105461120624,-0.17417717417976392,-0.05734593848321406,-0.948860031313042,0.0,1092.9787054461926,61.32488853423021,20,20056,414000,0.0003,88785176.0,61678.796875,-1.6175405979156494,1.3839935110905856e+16,825917824.0,404001,40000.0,-23191812747.167713,,,,,,,
-1.8599656143188465,-0.1220646945503478,0.09698070953144823,-0.9534888518200263,0.0,1100.4791770692623,162.2581413701617,20,20133,416000,0.0003,59676732.0,63651.8671875,-0.5260299444198608,1.2921282408480768e+16,846959808.0,406001,40000.0,-23191812747.167713,,,,,,,
-2.2751260814666785,-0.07274835992457171,-0.0587214837889991,-0.9585465023263734,0.0,1107.5219029074447,150.36593556427528,20,20210,418000,0.0003,110247440.0,65601.40625,0.04434603825211525,3.5300555249156096e+16,1354838784.0,408001,40000.0,-23191812747.167713,,,,,,,
-2.171534667968748,-0.1606069473718612,0.011232288631983299,-0.9421322289872496,0.0,1075.8872052542172,101.50032844920715,20,20287,420000,0.0003,87307248.0,70169.53125,2.175855875015259,1.443698495717376e+16,1022907904.0,410001,40000.0,-23191812747.167713,,,,,,,
-0.3845772113800043,-0.019445166423743804,0.11404224657762632,-0.9481799354790229,0.0,1086.3809697915751,202.40630677018464,20,20364,422000,0.0003,71522936.0,72819.6875,-0.06018160283565521,5333118873501696.0,570630144.0,412001,40000.0,-23191812747.167713,,,,,,,
-1.0225192489624022,-0.005580249902771837,-0.09198422162060381,-0.9458045528999599,0.0,1078.6754498928299,193.84452904078785,20,20441,424000,0.0003,32421316.0,72903.28125,2.104243516921997,3190442904518656.0,426025920.0,414001,40000.0,-23191812747.167713,,,,,,,
-0.8289138011932367,-0.1014049622345164,0.03151875116556358,-0.9355559375904321,0.0,1057.4394410516031,155.53776307277582,20,20517,426000,0.0003,60259440.0,73266.625,0.17163676023483276,1229821203972096.0,258425424.0,416001,40000.0,-23191812747.167713,,,,,,,
1.0030487785339344,0.06436433898067338,0.11392528888305012,-0.9296428188303881,0.0,1046.1501808623752,153.70830511253914,20,20594,428000,0.0003,82205208.0,77875.4453125,-1.9566690921783447,8.06736592109568e+16,2195437824.0,418001,40000.0,-23191812747.167713,,,,,,,
0.11926819229126003,0.05296799517061033,-0.10387026970361761,-0.9261858262033794,0.0,1036.0857105021626,192.2070161054476,20,20670,430000,0.0003,88219832.0,83292.8671875,1.2853890657424927,9987059536101376.0,1040091200.0,420001,40000.0,-23191812747.167713,,,,,,,
1.1584472866058344,-0.007830215299009952,0.0774817003123292,-0.9236296280631848,0.0,1030.1399901973177,207.0809256072836,20,20747,432000,0.0003,110783800.0,82576.921875,-0.7924035787582397,5699250876841984.0,754142272.0,422001,40000.0,-23191812747.167713,,,,,,,
2.8922091026306154,0.19803595460909698,0.10100512160600789,-0.8868909392659116,0.0,964.4924924357075,3.70256258137547,20,20823,434000,0.0003,19562740.0,84465.7109375,-0.2139827162027359,7469364202700800.0,737805440.0,424001,40000.0,-23191812747.167713,,,,,,,
2.3800892658233668,0.14172355107929838,-0.09452803593024389,-0.8889560219284703,0.0,961.0554444861388,146.82949526152,20,20900,436000,0.0003,88785280.0,90349.765625,0.09000524878501892,1.1721453229572096e+16,585864064.0,426001,40000.0,-23191812747.167713,,,,,,,
5.985382162094109,0.22788448528201355,0.21023245420045172,-0.8527147416329399,0.0,911.283218737527,-108.76861309313887,20,20976,438000,0.0003,68129152.0,92761.6875,1.4549888372421265,2327565721141248.0,334550432.0,428001,40000.0,-23191812747.167713,,,,,,,
6.770358491897596,0.6070665031674061,0.312615581994272,-0.6445549905980991,0.0,658.9581327973066,-107.39964064369683,20,21053,440000,0.0003,25640988.0,94209.7109375,-0.32621830701828003,3603334753681408.0,625229056.0,430001,40000.0,-21087284291.22564,,,,,,,
5.9925099868774465,0.3272302446272546,0.37857225689213675,-0.9113102214070952,0.0,1106.1917501158457,-225.63801656655946,20,21130,442000,0.0003,56732552.0,105806.1171875,-1.4381484985351562,3.212119282339021e+16,1727388160.0,432001,40000.0,-21087284291.22564,,,,,,,
9.200325881957998,0.6873309056395493,0.18099264012233138,-0.7362676303149854,0.0,810.71058959638,-184.27685692459968,20,21207,444000,0.0003,50740700.0,106555.453125,0.3196653723716736,3128783280275456.0,391587808.0,434001,40000.0,-21087284291.22564,,,,,,,
6.653915290832519,0.8601430957900903,0.031934645723140524,-0.6431417601479715,0.0,721.5495227701259,-10.460005536158997,20,21284,446000,0.0003,152412528.0,107467.1953125,-2.2716543674468994,4.567223984403251e+16,2288463104.0,436001,40000.0,-21087284291.22564,,,,,,,
9.703353054046627,0.8255995682748712,-0.031983747395919804,-0.6636936830821953,0.0,735.9800146772191,18.004180424242485,20,21361,448000,0.0003,35500676.0,112637.0078125,1.036812424659729,9538027147755520.0,780631552.0,438001,40000.0,-21087284291.22564,,,,,,,
10.468160612106335,0.8574890427463088,0.09829667429889989,-0.6411902682587491,0.0,722.9407166147356,-41.046501400870234,20,21437,450000,0.0003,56282020.0,118667.4296875,0.841559648513794,4976053546123264.0,715674880.0,440001,40000.0,-21087284291.22564,,,,,,,
-5.88604991340637,-0.5847151050446989,0.2837606302179595,-0.5985874754642526,0.0,887.7153705020482,508.99989423501137,21,21514,452000,0.0003,82159200.0,126856.46875,-0.07455122470855713,1.145548845350912e+16,1046127424.0,442001,40000.0,-21087284291.22564,,,,,,,
-14.713384012222297,-0.7055976321414275,-0.188083534062612,-0.6561878066827018,0.0,1053.1318594337627,-520.6865320155656,21,21590,454000,0.0003,107841800.0,129148.203125,0.15794381499290466,1.6343057083400192e+16,1034613568.0,444001,40000.0,-21087284291.22564,,,,,,,
10.82394375801085,0.5061241002872376,-0.3272848129603824,-0.5359069540475333,0.0,613.3534598050595,25.33025096123469,21,21666,456000,0.0003,34640208.0,120881.859375,-0.03135339915752411,1.2093142920593408e+16,755124864.0,446001,40000.0,-21087284291.22564,,,,,,,
14.427991420745832,0.5751117059458859,0.33724632970283447,-0.5332580212917465,0.0,620.7807187775402,-4.654890980313143,21,21742,458000,0.0003,16193934.0,121317.71875,-0.3449767827987671,3307224139038720.0,619633280.0,448001,40000.0,-21087284291.22564,,,,,,,
-17.98862136077885,-0.7048487307224959,0.08174956581172753,-0.6156148176288776,0.0,1008.1754011221775,205.49740632986152,21,21819,460000,0.0003,40065288.0,121791.5,0.9577323198318481,3761400556027904.0,531103264.0,450001,40000.0,-21087284291.22564,,,,,,,
3.631406126022351,0.15070633752857412,-0.4152653669206744,-0.4760872105574044,0.0,624.0977279432136,-241.146416562288,21,21896,462000,0.0003,46052376.0,131561.734375,2.6467971801757812,5658106163888128.0,751004160.0,452001,40000.0,-21087284291.22564,,,,,,,
16.896989929199226,0.6929287663704574,0.2085227402473033,-0.5922240481750428,0.0,617.5721022453668,-151.40755946592708,21,21972,464000,0.0003,58239648.0,129876.6796875,1.0632411241531372,4395121906810880.0,483286176.0,454001,40000.0,-21087284291.22564,,,,,,,
-15.6121882667541,-0.5578939643333124,0.32238422941931744,-0.5374753201803266,0.0,1025.4286772953337,667.4228390076394,21,22048,466000,0.0003,71660864.0,132504.96875,1.6449403762817383,5950708327120896.0,661265472.0,456001,40000.0,-21087284291.22564,,,,,,,
-6.290839679718012,-0.2889789945310171,-0.48105695013721356,-0.4524006328006636,0.0,770.5653415675133,-583.0956936251318,21,22124,468000,0.0003,123381368.0,136274.671875,0.7669298648834229,1.3850739101138944e+16,1051426624.0,458001,40000.0,-21087284291.22564,,,,,,,
16.19703795433045,0.662125815802157,0.05626477858922542,-0.632354550318406,0.0,629.7276250370215,-26.470826873151026,21,22201,470000,0.0003,30770056.0,139598.828125,0.8674893379211426,1.6557219185164288e+16,1174052992.0,460001,40000.0,-21087284291.22564,,,,,,,
-8.46080926704407,-0.3037867495120393,0.49124757929702756,-0.46209176040449385,0.0,911.3675549492854,767.7149240221564,21,22276,472000,0.0003,60421272.0,149340.65625,1.0889370441436768,1.3653617282121728e+16,785027520.0,462001,40000.0,-21087284291.22564,,,,,,,
-16.423477781295766,-0.6556162686911612,-0.29553425103686626,-0.5795589356814731,0.0,1020.965737649531,-764.7672382189805,21,22352,474000,0.0003,71916288.0,155145.828125,-0.7909597158432007,3163149997965312.0,432672768.0,464001,40000.0,-21087284291.22564,,,,,,,
16.36961752319332,0.617329375699276,-0.24230174664493426,-0.5053308826929854,0.0,586.0292476217609,60.44772058280373,21,22429,476000,0.0003,48169932.0,153388.34375,-2.1584980487823486,3.885500575881626e+16,1973212544.0,466001,40000.0,-21087284291.22564,,,,,,,
-2.7852450923919614,-0.11796102268361512,0.5374961635160126,-0.42821835307690825,0.0,794.8075895216496,686.3121101929245,21,22505,478000,0.0003,138020928.0,163979.671875,-1.1234387159347534,7033961356197888.0,845164608.0,468001,40000.0,-21087284291.22564,,,,,,,
-13.770770610809327,-0.560846417817908,-0.17829550478603878,-0.6608180355268831,0.0,1181.6284733222947,-504.1950680041304,21,22581,480000,0.0003,48897448.0,165565.203125,-0.5662206411361694,5.228595260896051e+16,1936894592.0,470001,40000.0,-19332751053.53693,,,,,,,
8.275611381530753,0.4934716118767538,0.5547701733603412,-0.8029001311860854,0.0,1011.5306733200539,-442.3016845940821,21,22657,482000,0.0003,-33874932.0,166632.84375,1.3918232917785645,4182809056903168.0,707711488.0,472001,40000.0,-19332751053.53693,,,,,,,
-1.7567741489410422,-0.21255072300148245,0.43461013023020506,-0.5431255772804944,0.0,830.6815790412368,545.6205689131214,21,22733,484000,0.0003,41233964.0,166959.25,-0.6470356583595276,1650648676302848.0,356975616.0,474001,40000.0,-19332751053.53693,,,,,,,
-11.941849246978757,-0.5086849050632871,-0.028726945346967535,-0.7562822019587488,0.0,1369.991288886102,-57.02689118282368,21,22809,486000,0.0003,18847764.0,171993.1875,-0.6552914977073669,1101174652534784.0,325088320.0,476001,40000.0,-19332751053.53693,,,,,,,
-7.219118865966787,-0.6550881917927819,-0.29727805348839903,-0.5343019666422671,0.0,821.9449005448155,-554.3789600640183,21,22885,488000,0.0003,34705304.0,173904.609375,0.7448718547821045,1.0143178376085504e+16,697379264.0,478001,40000.0,-19332751053.53693,,,,,,,
13.708280242919905,0.42871768633977775,0.1399345815918224,-0.5279706519472773,0.0,653.7610795343533,85.00304511964104,21,22962,490000,0.0003,111128432.0,174931.578125,-1.0160398483276367,2.2348793605259264e+16,1071346368.0,480001,40000.0,-19332751053.53693,,,,,,,
-13.641801877975462,-0.5600691655675925,0.26484795812932915,-0.6440065352919951,0.0,1184.0893183830267,719.0938184877103,21,23038,492000,0.0003,80245840.0,175664.828125,0.6460487246513367,5623657304948736.0,649408960.0,482001,40000.0,-19332751053.53693,,,,,,,
-15.146579135894779,-0.6066898248677384,-0.27623477532127894,-0.6193599361319472,0.0,1101.7213567334204,-813.7056797401046,21,23114,494000,0.0003,71015848.0,175446.34375,2.059558391571045,6450403075948544.0,593408704.0,484001,40000.0,-19332751053.53693,,,,,,,
13.439159585952762,0.4825833846888918,-0.24843962925293797,-0.48156467804710096,0.0,586.3827562267609,-29.900908526297606,21,23189,496000,0.0003,60756920.0,175690.453125,-0.5602434873580933,1444443135672320.0,354785536.0,486001,40000.0,-19332751053.53693,,,,,,,
-4.296959360122677,-0.2320068264317025,0.5250890362644285,-0.44955765728532937,0.0,847.4756180504163,803.6108492879424,21,23264,498000,0.0003,31272946.0,173091.703125,-1.8658273220062256,7970373748391936.0,768990720.0,488001,40000.0,-19332751053.53693,,,,,,,
-10.927070796966545,-0.45516860130092135,-0.10564992253829047,-0.7250322640722396,0.0,1367.7079439185163,-288.62666990944126,,,500000,0.0003,48933840.0,179567.015625,-0.7265230417251587,1.0678822001180672e+16,856093760.0,490000,,,0.0,0.0,40000.0,-37878.236710691934,248.4436553492692,0.0,0.0
,,,,,,,20,24513,500000,0.0003,61955760.0,179576.4375,-0.5929195880889893,9787012844355584.0,619363456.0,490001,40000.0,-19332751053.53693,,,,,,,
-3.8066281032562226,-0.2425478001868005,-0.4167247835291565,-0.4251164049256363,0.0,694.9554622996835,-495.6580895909205,20,24588,502000,0.0003,27377820.0,186898.484375,-1.2811564207077026,5468132244193280.0,447431616.0,492001,40000.0,-19332751053.53693,,,,,,,
10.302092231750498,0.28856319418894466,0.3606773889033349,-0.43762197876580244,0.0,611.8514219025243,271.11539466073356,20,24664,504000,0.0003,102766488.0,189950.921875,-1.3804194927215576,2766965303148544.0,371859872.0,494001,40000.0,-19332751053.53693,,,,,,,
-13.29730195236207,-0.4377284744688579,0.19759408813046483,-0.6851383023246072,0.0,1349.5118779048848,629.513912916948,20,24740,506000,0.0003,25256566.0,196988.90625,-0.7766550183296204,3448126983634944.0,424860480.0,496001,40000.0,-19332751053.53693,,,,,,,
-14.750084993362425,-0.5652866587438119,-0.27193306419631996,-0.5983147523334745,0.0,1101.543223279722,-797.6555621982603,20,24816,508000,0.0003,33093848.0,204711.46875,-0.6834561824798584,8320742148014080.0,844464960.0,498001,40000.0,-19332751053.53693,,,,,,,
12.953875587463376,0.35834325669680067,-0.2266000165274476,-0.4684208568789608,0.0,595.3339441674475,-82.19628009912095,20,24892,510000,0.0003,101824840.0,217997.359375,0.03776419162750244,8101289720283136.0,690076224.0,500001,40000.0,-19332751053.53693,,,,,,,
-4.890269754409784,-0.3641966303050941,0.4978206644412701,-0.4666624917985886,0.0,883.3910439930792,866.2566702399585,20,24968,512000,0.0003,13131932.0,220498.90625,0.08830159902572632,1.0476420593614848e+16,656998208.0,502001,40000.0,-19332751053.53693,,,,,,,
-9.29816041755674,-0.3680305622036065,-0.06189774355287459,-0.7503733103351637,0.0,1492.798554134553,-138.03687018197488,20,25044,514000,0.0003,82877592.0,226064.171875,0.30778759717941284,2.388023076664115e+16,1649687808.0,504001,40000.0,-19332751053.53693,,,,,,,
-9.746948883056632,-0.693132904523692,-0.31875248468717765,-0.49140121016611354,0.0,862.1837929017981,-670.5472567812113,20,25120,516000,0.0003,-6703652.0,219670.265625,1.5487663745880127,1213150154194944.0,367874304.0,506001,40000.0,-19332751053.53693,,,,,,,
13.70191326141354,0.02520993225907414,0.12168422314985378,-0.47540040763612906,0.0,630.1799104098134,134.0830392611274,20,25197,518000,0.0003,113797664.0,223543.40625,0.1844184398651123,1.5056401919377408e+16,706888384.0,508001,40000.0,-19332751053.53693,,,,,,,
-12.33058982658386,-0.46073758050556585,0.32134987074814375,-0.639390857335542,0.0,1284.2917849067687,883.3475346663515,20,25274,520000,0.0003,49410504.0,222083.59375,-1.6848764419555664,1.991828449735475e+16,1047322816.0,510001,40000.0,-17848582715.192635,,,,,,,
9.666323286056533,0.29965800429431944,0.840236354354155,-0.5837263929849321,0.0,924.733210636821,-266.3125405007896,20,25351,522000,0.0003,764689.0,222318.390625,0.9928209185600281,450654543806464.0,156489120.0,512001,40000.0,-17848582715.192635,,,,,,,
-14.151724908828736,-0.4668179223697089,0.27901929324859004,-0.7187942052315084,0.0,1408.0474160838553,781.9011701593333,20,25427,524000,0.0003,60078048.0,228320.96875,-0.3354101777076721,7658377660334080.0,642336704.0,514001,40000.0,-17848582715.192635,,,,,,,
-10.786684911727907,-0.49213729316050503,-0.18249254318323238,-0.7357685164672635,0.0,1355.8380914352879,-559.8117713833058,20,25504,526000,0.0003,48512032.0,231045.390625,-0.8956823348999023,4.590846304531251e+16,2348451072.0,516001,40000.0,-17848582715.192635,,,,,,,
-3.2201915168762234,-0.6152392461286508,0.12223672442219592,-0.6333868950547897,0.0,1079.6933422286997,318.8662324531232,20,25581,528000,0.0003,39830888.0,223630.1875,-1.0671625137329102,3.2376305290838016e+16,1548820992.0,518001,40000.0,-17848582715.192635,,,,,,,
-9.246028831481933,-0.3463571818783958,0.055397873074965714,-0.7941612599849219,0.0,1595.4373737518026,213.20710836905874,20,25660,530000,0.0003,60825076.0,224388.578125,0.16489726305007935,1.4400154538868736e+16,929501120.0,520001,40000.0,-17848582715.192635,,,,,,,
-10.75564244270324,-0.5339579487986604,-0.21754241713965322,-0.6672933439290022,0.0,1211.1076379695244,-644.1782267062727,20,25738,532000,0.0003,80083368.0,227152.5,-0.1835561990737915,1.20214524002304e+16,1075589120.0,522001,40000.0,-17848582715.192635,,,,,,,
-2.6394053936004642,-0.6210921018273903,0.1957437205409285,-0.5917850480000955,0.0,1027.5854376747202,524.4021033407291,20,25815,534000,0.0003,35565412.0,225756.515625,0.8542088270187378,2.112453035740365e+16,1446595328.0,524001,40000.0,-17848582715.192635,,,,,,,
-8.545779060363754,-0.3130102863447665,0.02918565726495873,-0.789181374105777,0.0,1619.4864485951127,140.1658357288673,20,25892,536000,0.0003,-12066724.0,225136.453125,-0.7062270641326904,7547512743264256.0,822222720.0,526001,40000.0,-17848582715.192635,,,,,,,
-10.348237295150756,-0.5314958450482966,-0.2320173850804334,-0.6409354203598704,0.0,1175.3100020086147,-659.373290849246,20,25968,538000,0.0003,10218268.0,228791.5625,0.07722312211990356,1.9192164441391104e+16,1100264960.0,528001,40000.0,-17848582715.192635,,,,,,,
-2.6084269618988047,-0.6124965458241778,0.21917065761234972,-0.5782627931099263,0.0,1020.9831948339249,582.7106204343334,20,26044,540000,0.0003,37282256.0,226381.53125,0.32229194045066833,2200051900219392.0,346220192.0,530001,40000.0,-17848582715.192635,,,,,,,
-8.18740215873717,-0.2973738943725016,0.019168603102023705,-0.7829608779914746,0.0,1623.222114078982,114.44958180797194,20,26120,542000,0.0003,7041921.0,230500.6875,-0.5696119070053101,2.232699020378112e+16,1483136256.0,532001,40000.0,-17848582715.192635,,,,,,,
-10.23791715431213,-0.5184963567794229,-0.2252231993065313,-0.6350702472735547,0.0,1175.9632214509468,-636.4932968991719,20,26197,544000,0.0003,38532296.0,230677.921875,0.03431588411331177,1.825045420703744e+16,989804288.0,534001,40000.0,-17848582715.192635,,,,,,,
-2.837673610687257,-0.5831953211783784,0.22917582209232631,-0.5818611219796067,0.0,1052.1094636325895,612.2969606375035,20,26273,546000,0.0003,12309773.0,230501.5625,0.4401966631412506,6472673555120128.0,697745024.0,536001,40000.0,-17848582715.192635,,,,,,,
-7.392481897354119,-0.25896300562520735,0.024100393965239966,-0.7862492830681036,0.0,1669.701767654586,136.25172152251488,20,26350,548000,0.0003,72625360.0,237020.34375,-0.6995288729667664,3.116666640662528e+16,1618893184.0,538001,40000.0,-17848582715.192635,,,,,,,
-9.65180749893189,-0.4781113310515161,-0.22491344577839886,-0.6483207852221426,0.0,1232.3904637489234,-633.4583239126515,20,26427,550000,0.0003,1443897.0,243133.109375,-0.3054580092430115,4.095215239010714e+16,1457112448.0,540001,40000.0,-17848582715.192635,,,,,,,
-3.3126472473144477,-0.5442120454376724,0.22535978236727727,-0.5978493373398226,0.0,1107.4283333561166,611.8089041615758,20,26504,552000,0.0003,35686256.0,254190.65625,0.24248230457305908,9036623001944064.0,867538112.0,542001,40000.0,-17848582715.192635,,,,,,,
-6.400308568954466,-0.21465329350497603,0.03722819166659211,-0.7926987740636886,0.0,1729.1242461177428,189.7542992849667,20,26580,554000,0.0003,10744888.0,262561.34375,1.2242375612258911,4755249277435904.0,695667776.0,544001,40000.0,-17848582715.192635,,,,,,,
-8.687815206527684,-0.413788908775842,-0.2131853115437422,-0.6812956060651786,0.0,1341.5755917978158,-585.9287986835404,20,26657,556000,0.0003,36712396.0,269542.21875,0.46960607171058655,2913166795210752.0,374310016.0,546001,40000.0,-17848582715.192635,,,,,,,
-3.7350058727264406,-0.47503528898295766,0.21394444201562124,-0.6387588340703522,0.0,1225.561389516377,591.0622880944543,20,26734,558000,0.0003,21584218.0,274900.6875,-0.14279969036579132,2.3598429372416e+16,1618714112.0,548001,40000.0,-17848582715.192635,,,,,,,
-5.296061943054203,-0.1672406441215354,0.031635897582457266,-0.7995773155105885,0.0,1792.568752625135,191.74987952639327,20,26811,560000,0.0003,35624216.0,283398.21875,2.460357189178467,2.0309873845600256e+16,986235200.0,550001,40000.0,-16577450788.035902,,,,,,,
9.548693088531497,0.5765314281159687,0.641873177451505,-0.7336672825737237,0.0,972.4780934882502,-494.06584246541746,20,26887,562000,0.0003,-27765700.0,284432.8125,-0.07501786947250366,4113091268706304.0,532880064.0,552001,40000.0,-16577450788.035902,,,,,,,
-5.374252347946171,-0.4824418862028116,0.5338434469912524,-0.5159292413711676,0.0,1009.7466885713114,982.119155612487,20,26963,564000,0.0003,-57249580.0,290771.96875,1.420143485069275,1742350791475200.0,377110752.0,554001,40000.0,-16577450788.035902,,,,,,,
-5.4914161033630355,-0.1694952799177608,0.0620681350384311,-0.8132359841962493,0.0,1818.7444388385663,260.23810569358994,20,27039,566000,0.0003,-65706148.0,295585.125,-1.092761754989624,2.606721737634611e+16,1560328704.0,556001,40000.0,-16577450788.035902,,,,,,,
-6.773211997985829,-0.33050793137916484,-0.187104078769125,-0.7413675827576697,0.0,1519.3879347038317,-469.8833577695744,20,27116,568000,0.0003,-63489592.0,295321.9375,0.7656040191650391,1.979481707249664e+16,1132802432.0,558001,40000.0,-16577450788.035902,,,,,,,
-3.929884048461914,-0.3777221214649203,0.1988906633204198,-0.7172296078101573,0.0,1440.1282907144046,558.167993554771,20,27192,570000,0.0003,-15116950.0,297977.875,0.10559238493442535,2.760621582765261e+16,1295467136.0,560001,40000.0,-16577450788.035902,,,,,,,
-3.826721265792849,-0.0984084155332792,0.02490962292598963,-0.8287771356080383,0.0,1925.1285781769118,224.9443462514522,20,27268,572000,0.0003,11595146.0,297794.34375,-0.5909472703933716,7.396488593486643e+16,2447290624.0,562001,40000.0,-16577450788.035902,,,,,,,
-5.5215830821991005,-0.2853591137545962,-0.19470063953078365,-0.7604995954168446,0.0,1600.8384715705433,-444.11832578947195,20,27345,574000,0.0003,26420084.0,309732.4375,-1.405961036682129,2.035273547173069e+16,1397613440.0,564001,40000.0,-16577450788.035902,,,,,,,
-3.6469453449249305,-0.32556694632667593,0.2032551661871666,-0.7449622311753902,0.0,1539.6034282095309,558.5413408470173,21,27421,576000,0.0003,-96023448.0,308675.875,0.784705400466919,714763893997568.0,289551616.0,566001,40000.0,-16577450788.035902,,,,,,,
-2.8377296543121355,-0.051883221260553045,0.02581681767952949,-0.8350676791087049,0.0,1991.0926428048522,269.0658077962862,21,27498,578000,0.0003,-38679472.0,309384.96875,-1.3845152854919434,1.365875835797504e+16,1017111424.0,568001,40000.0,-16577450788.035902,,,,,,,
-4.187173824310307,-0.2343492803794452,-0.19060793999688372,-0.78343903117456,0.0,1695.790739750622,-376.20304539702204,21,27574,580000,0.0003,15284758.0,323637.65625,-2.212261438369751,2.709912621888307e+16,1551960960.0,570001,40000.0,-16577450788.035902,,,,,,,
-3.111767148971554,-0.26506666933077855,0.20509511990580673,-0.7752969026670663,0.0,1656.4489129375108,561.6768690887174,21,27649,582000,0.0003,-56538152.0,335831.0,0.5523886680603027,712121482477568.0,214716304.0,572001,40000.0,-16577450788.035902,,,,,,,
-1.7770494117736826,0.007628307039380291,0.02744906859863971,-0.8407583739860882,0.0,2073.558627711203,290.66787805175227,21,27727,584000,0.0003,-70491608.0,344838.875,-0.7677402496337891,8135967286231040.0,690078400.0,574001,40000.0,-16577450788.035902,,,,,,,
-2.76036597442627,-0.1757430870406244,-0.18845072689123088,-0.8068928444233783,0.0,1803.7228612364947,-298.3454099392933,21,27803,586000,0.0003,1634638.0,358779.5625,-0.6613454818725586,3.602966460235776e+16,1528042880.0,576001,40000.0,-16577450788.035902,,,,,,,
-2.075996494293214,-0.19499158417941947,0.20666327169036733,-0.8025561616785934,0.0,1781.6239377383165,577.16192015903,21,27878,588000,0.0003,-22697466.0,373660.3125,-1.66538667678833,3967800041275392.0,545169728.0,578001,40000.0,-16577450788.035902,,,,,,,
-0.6953804359436034,0.07726052229506895,0.030023807998837835,-0.8387820037491726,0.0,2155.763414800049,240.25497127646963,21,27954,590000,0.0003,-53542568.0,381395.46875,2.950084686279297,3.332823754735616e+16,1857255680.0,580001,40000.0,-16577450788.035902,,,,,,,
-1.3228725776672376,-0.11578848328186489,-0.20050148341972918,-0.8237445721237415,0.0,1905.9379718252226,-254.55966989394364,21,28029,592000,0.0003,-70154224.0,390701.46875,0.2442724108695984,2855139102687232.0,476702080.0,582001,40000.0,-16577450788.035902,,,,,,,
-1.5499835033416745,-0.1520068666610355,0.1923403372673977,-0.8227752481546614,0.0,1865.2465574449295,532.8551620585139,21,28105,594000,0.0003,-93221024.0,397583.71875,2.0000040531158447,7243104251805696.0,921391680.0,584001,40000.0,-16577450788.035902,,,,,,,
-0.2588173065185541,0.09439454883305658,0.013259678690803032,-0.8436935916513169,0.0,2186.322882680272,195.88181637240092,21,28180,596000,0.0003,-5005854.0,398708.03125,1.8023673295974731,1924139443027968.0,297978656.0,586001,40000.0,-16577450788.035902,,,,,,,
-1.188722259521484,-0.11285217198246239,-0.1993744298299767,-0.8309799822470132,0.0,1923.5800442522534,-238.30346676861782,21,28255,598000,0.0003,-43164676.0,413984.28125,1.7317676544189453,1.1568345161662464e+16,1013022464.0,588001,40000.0,-16577450788.035902,,,,,,,
-1.3279242115020742,-0.13781061672772552,0.19985557954014563,-0.8316763829880087,0.0,1900.3674571430004,554.3879491206587,,,600000,0.0003,-36383904.0,417025.53125,-0.3401147425174713,1.6584861594681344e+16,1248539392.0,590000,,,0.0,0.0,40000.0,-30698.392513011713,1638.905051710945,0.0,0.0
,,,,,,,20,29511,600000,0.0003,-50200144.0,417061.71875,0.5646100640296936,1.6751917568884736e+16,1055509504.0,590001,40000.0,-15476922803.763454,,,,,,,
9.849101507186864,0.5679847922538399,0.7046082236379906,-0.6677029048923603,0.0,943.4307198478162,-495.67228121333477,20,29586,602000,0.0003,-54865992.0,428025.0625,0.3936370015144348,3.443901487434957e+16,1609066752.0,592001,40000.0,-15476922803.763454,,,,,,,
-4.372287324905393,-0.5360554278473885,0.5933299987332634,-0.45657182747154845,0.0,1066.588509520918,1135.488282696194,20,29662,604000,0.0003,-11591924.0,433598.65625,-0.4683544635772705,3382686714429440.0,545335872.0,594001,40000.0,-15476922803.763454,,,,,,,
-0.856212017059326,0.12897660899219993,0.20349865005440967,-0.6937933571499483,0.0,1981.134459744301,436.4340067101946,20,29738,606000,0.0003,-76527016.0,429988.90625,1.2850699424743652,1.3493703838531584e+16,708659200.0,596001,40000.0,-15476922803.763454,,,,,,,
-0.03125125503540113,0.021371271890241076,-0.26796471311490355,-0.700164400769267,0.0,1855.8095476656329,-287.5696962567388,20,29813,608000,0.0003,-55955776.0,424846.46875,0.493969202041626,1.420403666845696e+16,896400384.0,598001,40000.0,-15476922803.763454,,,,,,,
-0.7413175201416008,-0.24591637256071733,0.06875669181066037,-0.6927646826271029,0.0,1527.9855538103748,262.69730910335437,20,29889,610000,0.0003,-82856256.0,419974.5625,1.8439475297927856,4091862587539456.0,630953664.0,600001,40000.0,-15476922803.763454,,,,,,,
0.0020342445373535156,0.13421155943785756,0.23317694360027866,-0.722212800479605,0.0,2035.2241136763519,486.51816898645524,20,29965,612000,0.0003,-29764928.0,414315.65625,1.2729871273040771,2.932691931286733e+16,1544435840.0,602001,40000.0,-15476922803.763454,,,,,,,
1.016871662139891,0.0973942472560988,-0.2399439019523851,-0.7291387809049925,0.0,1994.4531261657894,-200.60123361908606,20,30041,614000,0.0003,-34325104.0,415529.65625,-0.8604231476783752,1.1035068063547392e+16,877463552.0,604001,40000.0,-15476922803.763454,,,,,,,
-0.42880820083618143,-0.20750886534114618,-0.010253580990925661,-0.7357160671953057,0.0,1638.417398818663,102.05781823582777,20,30117,616000,0.0003,-123872544.0,424620.0625,-0.24744915962219238,6.607340751447654e+16,2870506752.0,606001,40000.0,-15476922803.763454,,,,,,,
0.5303183727264387,0.1221766682308752,0.27521019105298294,-0.7466652841515964,0.0,2068.2926146767395,565.3071069559961,20,30193,618000,0.0003,71509840.0,423015.84375,-1.061943531036377,4.006595460805427e+16,2094513280.0,608001,40000.0,-15476922803.763454,,,,,,,
1.970645814895628,0.1703438242705765,-0.20249577063665647,-0.7534555985229602,0.0,2126.552204323111,-154.49533052238678,20,30269,620000,0.0003,-145155424.0,433091.96875,-1.0372631549835205,455046785400832.0,151704352.0,610001,40000.0,-15476922803.763454,,,,,,,
0.06526360321044883,-0.1424677349682941,-0.05834587071182217,-0.7861614854358687,0.0,1800.4895092722106,51.141297153014676,20,30346,622000,0.0003,-122326944.0,436943.5625,0.8757321238517761,1.6876764751986688e+16,893380160.0,612001,40000.0,-15476922803.763454,,,,,,,
1.3321080455780034,0.13562358148831044,0.28547157606511,-0.7744449805850421,0.0,2136.7944166832553,563.3957745523902,20,30423,624000,0.0003,-102575552.0,439471.46875,1.5795543193817139,516743353073664.0,152670064.0,614001,40000.0,-15476922803.763454,,,,,,,
2.711661144256592,0.2238783725366149,-0.1868514176929371,-0.7739142958254566,0.0,2233.9047310780707,-118.68563880693594,20,30499,626000,0.0003,-160911936.0,446251.25,1.6852494478225708,4560516533977088.0,539836928.0,616001,40000.0,-15476922803.763454,,,,,,,
0.7443891201019288,-0.0853885452642921,-0.07113831389552913,-0.8271087826746483,0.0,1942.9570559435729,69.01518610629766,20,30575,628000,0.0003,-80505400.0,450010.375,0.024485737085342407,3483886612905984.0,577996736.0,618001,40000.0,-15476922803.763454,,,,,,,
2.0371826496124306,0.15730425672319526,0.27159489501424544,-0.8009381427778494,0.0,2210.6882396676806,509.33674328631565,20,30651,630000,0.0003,6955580.0,448380.8125,-1.785961389541626,4.023497445605376e+16,1196093568.0,620001,40000.0,-15476922803.763454,,,,,,,
3.4096253185272234,0.2595844073504794,-0.16742789447708484,-0.7943198932378432,0.0,2318.1030003237584,-94.18815984611771,20,30727,632000,0.0003,-139005984.0,463540.03125,-0.1660822331905365,8.48142224326656e+16,2899552768.0,622001,40000.0,-15476922803.763454,,,,,,,
1.5285086936950703,-0.02637096018673336,-0.059322646954948655,-0.8606218323318,0.0,2078.8121341634164,129.60142597284107,20,30803,634000,0.0003,-45395168.0,474109.15625,-2.558851718902588,1.3413271985979392e+16,968821504.0,624001,40000.0,-15476922803.763454,,,,,,,
3.162199007034301,0.21818270701988546,0.2668489902652453,-0.8122706068581383,0.0,2312.628234395505,421.16459217988177,20,30879,636000,0.0003,-173121088.0,476867.125,-0.5645025968551636,1528193521549312.0,374344544.0,626001,40000.0,-15476922803.763454,,,,,,,
4.447931936264038,0.3151636764922552,-0.1727533926026839,-0.8017134747754832,0.0,2410.876016638254,-88.5885633340785,20,30954,638000,0.0003,-172314160.0,487224.09375,0.9302935600280762,3965111123312640.0,480781120.0,628001,40000.0,-15476922803.763454,,,,,,,
2.5554838485717757,0.040673279221117825,-0.043038929625638114,-0.8883605734690472,0.0,2216.145813846222,167.63449272641063,20,31030,640000,0.0003,-180011344.0,502413.21875,-0.41813230514526367,2293704735850496.0,333539936.0,630001,40000.0,-14514477539.453272,,,,,,,
8.016688407897952,0.11831717980649503,0.9378869121540173,-0.521919951957088,0.0,972.5788168222347,-294.72131184544554,20,31106,642000,0.0003,-189016496.0,510529.53125,0.15750962495803833,1.1562563061940224e+16,1176325376.0,632001,40000.0,-14514477539.453272,,,,,,,
-1.2403681583404529,-0.1314229150823248,0.6717762600611369,-0.47011203927684686,0.0,1522.3016713406564,1226.2360268841273,20,31182,644000,0.0003,-170658224.0,521726.0625,2.387119770050049,8660425742745600.0,725277632.0,634001,40000.0,-14514477539.453272,,,,,,,
-5.04793305206299,0.5976766001184514,0.16739113954827026,-0.3019775870954757,0.0,2196.0285782435944,153.54097468029212,20,31259,646000,0.0003,-127557680.0,541661.9375,0.05163408815860748,8.33468382660526e+16,3153921280.0,636001,40000.0,-14514477539.453272,,,,,,,
3.3194480285644534,0.3967578091925523,-0.2609950011267426,-0.2149669399163857,0.0,1821.8345416268846,-452.73818665348057,20,31335,648000,0.0003,-146925264.0,538595.0,-0.2662210166454315,1.7863945805103104e+16,1011469312.0,638001,40000.0,-14514477539.453272,,,,,,,
3.992466638565059,-0.11941537909495518,-0.3866406608710006,-0.40473131517296657,0.0,1339.7741731335668,-468.76983864765646,20,31411,650000,0.0003,-120081152.0,540817.5,-1.1867179870605469,3.62867871145001e+16,2094737792.0,640001,40000.0,-14514477539.453272,,,,,,,
3.790270421981809,-0.09330218830827426,0.4814794327745228,-0.42457153639619954,0.0,1438.5811003314363,988.203858760047,20,31487,652000,0.0003,-136565040.0,551603.5625,-0.16287848353385925,1.6569805586825216e+16,1475908480.0,642001,40000.0,-14514477539.453272,,,,,,,
30.770073719024673,0.7066651059872274,0.23025215626109005,0.2005726422172191,0.0,2470.6592455302543,323.8424045632929,20,31564,654000,0.0003,-161635248.0,556460.8125,-0.015730705112218857,1.3789274897907712e+16,754320064.0,644001,40000.0,-14514477539.453272,,,,,,,
9.73117909812928,0.5745545930573395,0.35727036129913314,0.04467803173601402,0.0,2753.3168456657504,1138.3328190463153,20,31640,656000,0.0003,-150258880.0,551340.5625,0.3132869303226471,3867486248239104.0,607216000.0,646001,40000.0,-14514477539.453272,,,,,,,
-3.056825839996344,0.030113980032386967,-0.48518155295252646,-0.3681156777883543,0.0,2938.956221560089,-906.5020787909187,20,31716,658000,0.0003,-235207360.0,551205.5,-0.8454984426498413,228577505181696.0,91618944.0,648001,40000.0,-14514477539.453272,,,,,,,
4.540638490676878,0.7222486046336276,0.3045862806713679,-0.5499176797986988,0.0,2653.8656972475897,528.0017436653853,20,31792,660000,0.0003,-135039936.0,563832.0625,1.0227673053741455,2777306779090944.0,355144128.0,650001,40000.0,-14514477539.453272,,,,,,,
0.4972416305541959,0.8028826961650553,-0.28563297770380564,-0.5565820288934332,0.0,2793.8354195838074,-371.0601520627364,20,31869,662000,0.0003,-200992352.0,570064.5,-0.10935056209564209,4938305078558720.0,508258592.0,652001,40000.0,-14514477539.453272,,,,,,,
8.007877183914163,0.30550773511490936,-0.21433328999256346,-0.8625812914378794,0.0,2532.068146348961,-89.17513448137865,20,31945,664000,0.0003,-169254912.0,587373.8125,-1.5215656757354736,1.11370112598016e+16,858926720.0,654001,40000.0,-14514477539.453272,,,,,,,
7.632454473495483,0.38074099352505353,0.2657553515590227,-0.8261132347140037,0.0,2569.3893102237403,233.41376487977845,20,32021,666000,0.0003,-249500096.0,599969.5,0.6090126633644104,4418254869102592.0,694796224.0,656001,40000.0,-14514477539.453272,,,,,,,
5.248741168975835,0.6199613052435027,-0.08770440564969682,-0.7258426971973322,0.0,2725.55113785304,-4.284381692882485,20,32097,668000,0.0003,-222619264.0,608707.875,0.5928766131401062,5.310187613611622e+16,2497805312.0,658001,40000.0,-14514477539.453272,,,,,,,
7.848371593475336,0.3373212223232262,-0.11653874249742124,-0.8934477388766239,0.0,2621.3744331107728,-49.223097438557446,20,32173,670000,0.0003,-194300352.0,627458.5625,0.1482316255569458,5272055712841728.0,478060896.0,660001,40000.0,-14514477539.453272,,,,,,,
7.571561613082907,0.4569863991253104,0.21734233579622275,-0.8319131893960754,0.0,2678.7195877014174,171.51817560213763,20,32249,672000,0.0003,-212719520.0,626368.6875,2.2792856693267822,1.0732560631988224e+16,670138240.0,662001,40000.0,-14514477539.453272,,,,,,,
7.0487103004455545,0.584375251535859,-0.11619341285927845,-0.779544341910108,0.0,2759.8333908668687,-52.58366133198564,20,32325,674000,0.0003,-227817728.0,628192.0625,-2.1373534202575684,1.3970883295051776e+16,1000909248.0,664001,40000.0,-14514477539.453272,,,,,,,
8.080332170486443,0.3824037546119583,-0.03065456720514299,-0.8954575338313666,0.0,2682.5488813412608,-5.18261540894709,20,32400,676000,0.0003,-170975600.0,622393.4375,-2.4927496910095215,2.2043357006004224e+16,1182671616.0,666001,40000.0,-14514477539.453272,,,,,,,
7.410431356430069,0.5416825529815724,0.1596956025155418,-0.811593493680869,0.0,2755.973167323028,119.72556904829165,20,32476,678000,0.0003,-303840064.0,631239.1875,-1.2260315418243408,5963454716313600.0,865232704.0,668001,40000.0,-14514477539.453272,,,,,,,
8.463884672164912,0.561838003787235,-0.12905466894468606,-0.8086205486798899,0.0,2776.9994144681505,-72.24768841947981,20,32552,680000,0.0003,-226226320.0,618891.1875,-1.608364462852478,5.922673142844621e+16,2603122176.0,670001,40000.0,-13666214647.694881,,,,,,,
8.133067203521728,-0.03078581042288754,0.9091096383755466,-0.44539202104187675,0.0,952.4123345539145,-403.84767589706655,20,32628,682000,0.0003,-279740960.0,624248.0625,0.15381845831871033,1010975373262848.0,231914864.0,672001,40000.0,-13666214647.694881,,,,,,,
4.267727558135986,-0.2028352476613879,0.7343359131724803,-0.22340212988010258,0.0,1285.4133038220273,1575.2129925593686,20,32704,684000,0.0003,-288845408.0,629190.3125,-0.4881823658943176,1294164914339840.0,303303168.0,674001,40000.0,-13666214647.694881,,,,,,,
54.49158752250671,0.5767092371012633,0.24350004552702487,0.7155655825320815,0.0,3319.841089845565,2332.923820556976,20,32782,686000,0.0003,-306440992.0,622436.75,-0.7493090629577637,2.085417075605504e+16,1277004544.0,676001,40000.0,-13666214647.694881,,,,,,,
34.00447247695926,0.650884277218226,-0.21558693321514033,0.8348699718792165,0.0,3703.200794587082,-2596.729638854841,20,32857,688000,0.0003,-270473184.0,620643.6875,0.7919837236404419,3.486449151456051e+16,1652066176.0,678001,40000.0,-13666214647.694881,,,,,,,
44.3784980201721,0.5168337305232443,0.17151217038535743,0.5509008532292361,0.0,2507.1161763451864,1844.7315833850798,20,32932,690000,0.0003,-347721696.0,615865.5,-1.373157262802124,1.210758796935168e+16,1192186112.0,680001,40000.0,-13666214647.694881,,,,,,,
35.74026644706727,0.30997817689317714,0.74066618828643,1.046546665918662,0.0,5096.0424353876915,2318.008938092371,20,33008,692000,0.0003,-277049056.0,618956.125,0.8600218296051025,3822469085396992.0,419452032.0,682001,40000.0,-13666214647.694881,,,,,,,
-12.079041200637814,-0.1351759832100274,0.00257493148763507,0.05531288845755995,0.0,4617.068964550328,-1130.9192538259235,20,33083,694000,0.0003,-312452768.0,615826.75,-2.5605993270874023,2135925085700096.0,240225376.0,684001,40000.0,-13666214647.694881,,,,,,,
-12.27662221145629,-0.5375078167725346,-0.040707549990276586,-0.015473164025498832,0.0,3921.784326582666,-75.72778484360991,20,33159,696000,0.0003,-218810512.0,614325.625,-0.7573261260986328,9200880804954112.0,717654848.0,686001,40000.0,-13666214647.694881,,,,,,,
-9.428735143661504,-0.33029073364073536,-0.2471446281037335,-0.5535036660338256,0.0,4511.238355788788,-893.5918368726055,21,33235,698000,0.0003,-344236928.0,603433.125,-0.7659538388252258,1321480637906944.0,269113536.0,688001,40000.0,-13666214647.694881,,,,,,,
-6.599134445190478,-0.0854888736778558,-0.7656795873920664,-0.16518508512990396,0.0,3055.2691571187115,-1420.059287272756,,,700000,0.0003,-311347072.0,610156.75,0.8090000152587891,9.679579820903629e+16,3149167360.0,690000,,,0.003265625000000002,0.0,40000.0,-50309.44641136902,4522.167405930961,0.003265625000000002,0.0
,,,,,,,20,34484,700000,0.0003,-346576256.0,610124.75,-0.5632800459861755,1085684114784256.0,308180096.0,690001,40000.0,-13666214647.694881,,,,,,,
22.6285419521332,0.4231347975599654,0.5272010107669957,-0.4372444058241561,0.0,2477.5300403187753,3138.7928522703246,20,34559,702000,0.0003,-372216256.0,596154.375,-0.8310268521308899,1.0651941948358656e+16,906274240.0,692001,40000.0,-13666214647.694881,,,,,,,
-18.508669731140095,-0.4270148125415471,0.392564888901454,-0.4964646081963345,0.0,4811.779509535294,-783.058715970965,20,34635,704000,0.0003,-348894432.0,590971.5625,0.03661471605300903,4530986486333440.0,491321312.0,694001,40000.0,-13666214647.694881,,,,,,,
-10.287784357070922,-0.5534703955008957,-0.23785312761086336,-0.6126644703289255,0.0,4072.2118180947286,-954.7659487384213,20,34710,706000,0.0003,-359367712.0,581316.875,1.1424216032028198,7224549993086976.0,742721600.0,696001,40000.0,-13666214647.694881,,,,,,,
-0.5904504756927583,-0.6871397172176342,0.2628704776223982,-0.5885382645186692,0.0,3798.8812678200447,1195.3976987592998,20,34786,708000,0.0003,-272037376.0,575084.8125,0.23387393355369568,6.964974517747712e+16,2843562496.0,698001,40000.0,-13666214647.694881,,,,,,,
-5.607462465286246,-0.1777697682687864,0.19490732923838522,-0.8690744130619041,0.0,5346.5291103101545,963.859010593782,20,34862,710000,0.0003,-446033824.0,579200.75,1.8895034790039062,1.3012045804863488e+16,1025576896.0,700001,40000.0,-13666214647.694881,,,,,,,
-4.352520151138292,-0.18996682762067157,-0.1555619166086106,-0.8730087516579862,0.0,5311.836750161392,-548.4162492277549,20,34937,712000,0.0003,-375544672.0,575599.5,1.1742304563522339,1.5902176542982144e+16,779328384.0,702001,40000.0,-13666214647.694881,,,,,,,
-3.5536429691314697,-0.3325039085449955,0.09300938473446907,-0.8355279276187821,0.0,4916.615214641646,463.26795876225566,20,35013,714000,0.0003,-363561568.0,592889.75,1.0579743385314941,1.6566532821745664e+16,807355904.0,704001,40000.0,-13666214647.694881,,,,,,,
-2.422804376602172,-0.05017082391082131,0.13026569789002923,-0.9135509042702575,0.0,5726.24211560931,693.9141126879395,20,35088,716000,0.0003,-386498432.0,588460.4375,1.4157650470733643,9434596819075072.0,792771968.0,706001,40000.0,-13666214647.694881,,,,,,,
-2.4241535625457735,-0.1158244679978816,-0.17759681409832995,-0.9053280467611206,0.0,5555.539201093201,-524.9305048411632,20,35164,718000,0.0003,-365498464.0,595162.0,-0.2577804923057556,1645121456046080.0,240546800.0,708001,40000.0,-13666214647.694881,,,,,,,
-2.878108875274654,-0.2472006660480506,0.0991579537182811,-0.8861055976408871,0.0,5208.756401603699,485.56232204031323,20,35240,720000,0.0003,-422097696.0,600666.25,0.06341803073883057,4680056211243008.0,713254592.0,710001,40000.0,-12915891090.419363,,,,,,,
7.30856911468506,-0.19483989807640395,0.9180654291142769,-0.3555864131101382,0.0,984.0136731358599,-374.0162357534854,20,35316,722000,0.0003,-428033408.0,585292.625,1.0708969831466675,1.811343616036045e+16,1522809216.0,712001,40000.0,-12915891090.419363,,,,,,,
4.590509983062744,-0.2811881981040343,0.6390709334549182,-0.13799540427747603,0.0,1110.0545988183105,1464.4453160982305,20,35392,724000,0.0003,-413207040.0,567100.0625,1.0294320583343506,3089182071193600.0,566017408.0,714001,40000.0,-12915891090.419363,,,,,,,
54.74090614891053,0.5255870645588413,0.05631227234702077,0.8782690395142977,0.0,3135.35258452456,-278.8781741787106,20,35468,726000,0.0003,-454624832.0,552952.9375,1.0751904249191284,5.26063743491113e+16,2525792768.0,716001,40000.0,-12915891090.419363,,,,,,,
55.08539056015016,0.5705465529676889,0.3884495511859356,0.9253435992634084,0.0,4219.683024446826,6205.028748531943,20,35545,728000,0.0003,-471869728.0,556379.0625,0.38868021965026855,3755784617852928.0,433523168.0,718001,40000.0,-12915891090.419363,,,,,,,
-18.203160446166955,-0.402018957891644,0.6221074881360285,0.652188110339447,0.0,5452.317798788568,-3167.389828958787,20,35622,730000,0.0003,-407585920.0,581475.4375,0.5989003777503967,6484643628974080.0,798641408.0,720001,40000.0,-12915891090.419363,,,,,,,
-2.139907049179075,0.20843785600607528,0.2321927953871451,-0.1648318180361672,0.0,5509.893441780703,942.1666618382275,20,35697,732000,0.0003,-510904000.0,569967.1875,0.21405011415481567,1208866729623552.0,303948704.0,722001,40000.0,-12915891090.419363,,,,,,,
7.54221816253662,0.09779946000421347,-1.172321032597015,-0.07707334098802815,0.0,3911.074246607288,-3181.956517755097,20,35773,734000,0.0003,-504730144.0,567943.3125,-0.24572116136550903,2801207735222272.0,430360736.0,724001,40000.0,-12915891090.419363,,,,,,,
12.414393579483088,0.21453827098262318,0.9499176912783891,-0.13740553426101884,0.0,3709.469352746024,3182.3735532288247,20,35850,736000,0.0003,-432608544.0,599847.0625,-0.17327097058296204,1.551203674619904e+16,948329984.0,726001,40000.0,-12915891090.419363,,,,,,,
-0.20386401176452573,0.1052431120861372,0.2181773303227786,-0.8699402878547529,0.0,6042.28685785598,869.25289538366,20,35926,738000,0.0003,-500426368.0,592220.0625,1.0816521644592285,3.258485601782989e+16,1828885248.0,728001,40000.0,-12915891090.419363,,,,,,,
0.8343102149963347,-0.023714824405965177,-0.21993500948487038,-0.8984471078854739,0.0,5768.803829085252,-552.2015599443877,20,36003,740000,0.0003,-546664000.0,552555.5,0.03826403617858887,5.461799959160422e+16,2657730560.0,730001,40000.0,-12915891090.419363,,,,,,,
0.40835789680481016,-0.017480176261216243,0.24553818553017237,-0.9034307476660481,0.0,5800.530757907695,1040.1443164719756,20,36079,742000,0.0003,-523785152.0,521105.46875,1.3594865798950195,1497087891996672.0,365512704.0,732001,40000.0,-12915891090.419363,,,,,,,
2.7969013500213626,0.28046470329676443,0.012272859636841769,-0.8746836419065471,0.0,6463.800489976614,100.38320292276066,20,36156,744000,0.0003,-507710208.0,493702.21875,0.515032947063446,1.7326559497027584e+16,915523520.0,734001,40000.0,-12915891090.419363,,,,,,,
1.9341703567504869,0.03480633540676337,-0.1990274016116276,-0.9276082624852384,0.0,5971.051461270746,-459.13536528033154,20,36232,746000,0.0003,-524477408.0,468113.0625,1.1379374265670776,7623603457622016.0,875376000.0,736001,40000.0,-12915891090.419363,,,,,,,
1.6207636013031033,0.05250516605782829,0.21379793226761992,-0.9290135528692057,0.0,6019.218149487413,897.1264416014877,20,36308,748000,0.0003,-522342528.0,453037.96875,0.5484434366226196,2431614256676864.0,281513952.0,738001,40000.0,-12915891090.419363,,,,,,,
3.506664247512821,0.2993569497238217,-0.00162053541942915,-0.891256909012047,0.0,6544.804512021974,38.561561289042004,20,36384,750000,0.0003,-598595456.0,483193.25,0.5284999012947083,2111373576241152.0,473347040.0,740001,40000.0,-12915891090.419363,,,,,,,
2.7621125087738028,0.09021844036460878,-0.14922782754548677,-0.9456567909398615,0.0,6139.902290797895,-267.6060408378207,20,36461,752000,0.0003,-561341056.0,482897.96875,-0.7458330988883972,4304065915781120.0,619435136.0,742001,40000.0,-12915891090.419363,,,,,,,
3.127250593185423,0.14825691249707348,0.20376014170670706,-0.9347595740527014,0.0,6266.181219610301,752.8443338756894,20,36537,754000,0.0003,-519694400.0,477875.5,-1.1316940784454346,6.379417144970445e+16,2688673536.0,744001,40000.0,-12915891090.419363,,,,,,,
4.332583549499526,0.3415307336499206,-0.044544546154515044,-0.8907788627679237,0.0,6653.794818391737,-81.12937028049731,20,36613,756000,0.0003,-577888512.0,464842.84375,-1.655856966972351,2266440820326400.0,398749504.0,746001,40000.0,-12915891090.419363,,,,,,,
3.3212456874847436,0.1247305859666803,-0.11610254852264955,-0.9562225209179779,0.0,6246.244773889369,-198.8805499583457,20,36690,758000,0.0003,-607995456.0,459984.0625,0.030989326536655426,2.0108688987521024e+16,1506728704.0,748001,40000.0,-12915891090.419363,,,,,,,
3.809660690307617,0.2060891094369347,0.1805930123637441,-0.9372777873032715,0.0,6413.0961033746835,613.763167038385,20,36766,760000,0.0003,-643202368.0,431642.625,-0.6440757513046265,852139630919680.0,252969616.0,750001,40000.0,-12246882251.343029,,,,,,,
3.952966072082532,-0.10356746488479353,1.2964794330245737,-0.16994116140905408,0.0,1310.3221644591074,244.18442595366204,20,36842,762000,0.0003,-559548608.0,396854.125,-1.2018979787826538,2.155005424225485e+16,1462878208.0,752001,40000.0,-12246882251.343029,,,,,,,
39.56401204109184,0.4110998055554632,0.5046411149265371,0.626358078932611,0.0,2821.0320486147198,2517.3841806452697,20,36918,764000,0.0003,-589916544.0,353890.53125,-0.4681905210018158,1.535486241800192e+16,1028089664.0,754001,40000.0,-12246882251.343029,,,,,,,
55.96410276412967,0.6724190551920003,0.1666067343084141,1.2784988672447353,0.0,5068.2855039932665,3252.9376727922067,20,36995,766000,0.0003,-621856768.0,322813.40625,0.671055793762207,4780958414798848.0,773029888.0,756001,40000.0,-12246882251.343029,,,,,,,
57.30105021476746,0.6377555999708044,-0.3066474284464169,0.9926886163447225,0.0,4559.305183815294,-3867.0277146949247,20,37072,768000,0.0003,-603734912.0,307257.90625,1.0334365367889404,8642116297162752.0,771005824.0,758001,40000.0,-12246882251.343029,,,,,,,
7.078124849319497,0.1105734568837735,1.2884910844025186,-0.01966303849079694,0.0,5801.790747864332,3422.8397333914218,20,37149,770000,0.0003,-590396096.0,252837.234375,-0.5724987387657166,9581365515255808.0,1004792832.0,760001,40000.0,-12246882251.343029,,,,,,,
4.588014774322509,0.3469866687938642,-0.0741158618905871,-0.8474817228796957,0.0,6596.288812786509,-131.9050600458427,20,37226,772000,0.0003,-594056704.0,218729.765625,1.5851489305496216,6770471018168320.0,670556736.0,762001,40000.0,-12246882251.343029,,,,,,,
3.7211356334686263,0.12458824471925449,0.001043742557664883,-0.9340565641277497,0.0,6197.02255207296,156.46948435436337,20,37302,774000,0.0003,-629098176.0,214979.1875,0.7200784683227539,6534056153972736.0,881495232.0,764001,40000.0,-12246882251.343029,,,,,,,
5.489744058609011,0.41828169998658293,0.2620004115798614,-0.8239844699153993,0.0,6746.475472719959,717.5152805987169,20,37378,776000,0.0003,-639094016.0,215568.1875,0.20027217268943787,1083549381820416.0,240423856.0,766001,40000.0,-12246882251.343029,,,,,,,
6.5903691616058335,0.44107657108338894,-0.22771261540452672,-0.8317046643072753,0.0,6816.2021478298475,-522.1504105272563,20,37454,778000,0.0003,-588910464.0,211426.546875,-0.5507560968399048,3919564874186752.0,536712000.0,768001,40000.0,-12246882251.343029,,,,,,,
5.152931230545033,0.2029791141619292,0.017545032553831896,-0.9411611615532215,0.0,6406.114893974692,120.4549777380397,20,37529,780000,0.0003,-598895936.0,181003.6875,1.2673405408859253,1380795746877440.0,217613360.0,770001,40000.0,-12246882251.343029,,,,,,,
5.796282665252682,0.4454214220170272,0.18763247426215263,-0.8440616942333009,0.0,6844.28051602277,494.7692455679682,20,37605,782000,0.0003,-637279424.0,138624.390625,-1.7086219787597656,7641778685476864.0,948263424.0,772001,40000.0,-12246882251.343029,,,,,,,
6.890967058181764,0.41378254991930236,-0.19642705467732344,-0.8673967914808847,0.0,6807.252974260842,-460.5638447114549,20,37681,784000,0.0003,-648319296.0,131439.953125,0.09242963045835495,739668396081152.0,265029408.0,774001,40000.0,-12246882251.343029,,,,,,,
5.524000247955325,0.2483447649247649,0.04757824438806652,-0.9423543540671921,0.0,6523.027532475347,176.44685076449838,20,37757,786000,0.0003,-608083392.0,125623.90625,0.10117471218109131,1.3443614856183808e+16,788020352.0,776001,40000.0,-12246882251.343029,,,,,,,
5.978125226974489,0.44768049786844005,0.10810861035211228,-0.8628544574846005,0.0,6877.525039089348,285.46669261588846,20,37834,788000,0.0003,-618044288.0,117388.53125,0.18660905957221985,1.445087917637632e+16,861554688.0,778001,40000.0,-12246882251.343029,,,,,,,
6.765336912155149,0.36895868839512447,-0.15649408825166192,-0.9007235055384039,0.0,6751.304836334472,-369.7732315672703,20,37911,790000,0.0003,-537620288.0,106752.875,-2.7876319885253906,2554899413860352.0,333113472.0,780001,40000.0,-12246882251.343029,,,,,,,
5.921426651000977,0.28868339585904584,0.0849241718562497,-0.9362228668366721,0.0,6613.054678370882,255.7500575406839,20,37987,792000,0.0003,-588057216.0,96152.6171875,-0.6408402323722839,4.297064099033907e+16,2293651200.0,782001,40000.0,-12246882251.343029,,,,,,,
6.397193550109856,0.46543042286568753,0.05949957928068835,-0.8638469060858628,0.0,6923.1604104135695,157.35849026315182,20,38063,794000,0.0003,-577337984.0,102802.4609375,0.1631392538547516,3196164337827840.0,382484576.0,784001,40000.0,-12246882251.343029,,,,,,,
6.912002567291263,0.37350575635196626,-0.11270546031586023,-0.9077412347702368,0.0,6772.858170327457,-260.2662751742393,20,38140,796000,0.0003,-619416064.0,104226.953125,3.0611369609832764,1.1740791319822336e+16,1045833536.0,786001,40000.0,-12246882251.343029,,,,,,,
6.640475051879889,0.3499755081306606,0.08681003180157176,-0.919300093706677,0.0,6733.94626962441,241.72698887481982,20,38217,798000,0.0003,-573775552.0,99186.375,-0.1869611144065857,5.464029906180506e+16,2538185984.0,788001,40000.0,-12246882251.343029,,,,,,,
6.570274297714235,0.46344175443570507,-0.0024547309985347584,-0.8710681505048673,0.0,6930.167799752442,1.8297533069778338,,,800000,0.0003,-622821248.0,99462.6875,-1.4261376857757568,4678293127168000.0,493065632.0,790000,,,0.003265625000000002,0.0,40000.0,-36001.49500724137,3025.4327761359477,0.0,0.0
,,,,,,,20,39467,800000,0.0003,-634890496.0,99465.625,1.140058994293213,2792802215788544.0,541451328.0,790001,40000.0,-11646548080.551357,,,,,,,
0.16162645149230925,-0.006215587395207421,0.0025354675532746253,-0.9677986409745398,0.0,1125.1710906070443,223.19399644003124,20,39544,802000,0.0003,-554321920.0,100045.375,-0.4557427167892456,1983739764670464.0,388338240.0,792001,40000.0,-11646548080.551357,,,,,,,
-1.9817560214996341,-0.057054193099973206,-0.11213323662683275,-0.9608245523201205,0.0,1115.970844855644,153.11007598938275,20,39621,804000,0.0003,-537180800.0,104090.5703125,-0.9157814979553223,7470449218813952.0,828453632.0,794001,40000.0,-11646548080.551357,,,,,,,
-3.4364853610992427,-0.2441619578146564,-0.06832906124889648,-0.922710493243361,0.0,1044.926060400055,-6.450447397652881,20,39698,806000,0.0003,-628275584.0,105530.90625,0.8098701238632202,5651073154940928.0,782945088.0,796001,40000.0,-11646548080.551357,,,,,,,
-3.6659656391143804,-0.19004838283904282,0.08238037512417272,-0.9349351087462971,0.0,1063.8734584390813,134.53049696074572,20,39776,808000,0.0003,-620120448.0,108390.1484375,-0.020763933658599854,1.4543723484413952e+16,831169920.0,798001,40000.0,-11646548080.551357,,,,,,,
-4.662981891632083,-0.19854219783603566,-0.1096335701742575,-0.9299753187321511,0.0,1057.0322879055202,-5.950060632744021,20,39853,810000,0.0003,-613572800.0,110494.7578125,-0.69499272108078,5612265977937920.0,832154880.0,800001,40000.0,-11646548080.551357,,,,,,,
-4.349000722885141,-0.33847758397565453,0.0011676070258918104,-0.8814046897310345,0.0,970.845887322752,10.626874298655137,20,39930,812000,0.0003,-629174912.0,109338.1328125,0.6427605748176575,606412539428864.0,180012928.0,802001,40000.0,-11646548080.551357,,,,,,,
-4.623345815658566,-0.20552966074540896,0.09395832696480423,-0.9208646623446493,0.0,1036.342242188973,143.87319348280323,20,40008,814000,0.0003,-631973824.0,110278.84375,0.30599942803382874,1.6587225974177792e+16,866303552.0,804001,40000.0,-11646548080.551357,,,,,,,
-5.521654832839966,-0.24666949003686456,-0.13313220691445346,-0.9055110211528143,0.0,1011.6367954611426,-58.99244375893154,20,40084,816000,0.0003,-533498432.0,111371.2578125,0.28338947892189026,1.0425797961580544e+16,1040888256.0,806001,40000.0,-11646548080.551357,,,,,,,
-4.29441650962829,-0.3601618103539029,0.052067610353198554,-0.861506279269775,0.0,935.7578828685456,58.7235045802475,20,40161,818000,0.0003,-572902848.0,110912.7265625,-2.992020606994629,2958126512865280.0,398552288.0,808001,40000.0,-11646548080.551357,,,,,,,
-4.822846651077268,-0.193688724088495,0.06433423637994409,-0.9170230227445072,0.0,1026.246300746922,131.05953925897444,20,40237,820000,0.0003,-553001536.0,111209.1875,0.19025850296020508,1.4400071860748288e+16,1251912960.0,810001,40000.0,-11646548080.551357,,,,,,,
-5.864688695907595,-0.291354232240045,-0.14504544115968745,-0.8805554457375238,0.0,966.9173437557776,-95.83752941496346,20,40313,822000,0.0003,-490796992.0,112769.3125,-1.3332512378692627,8248184044257280.0,968139904.0,812001,40000.0,-11646548080.551357,,,,,,,
-4.508644935607918,-0.3517768265017316,0.10580991899695494,-0.8534629793586235,0.0,919.9462764230593,108.232272765739,20,40390,824000,0.0003,-581189376.0,113581.1796875,0.8056533932685852,132404983365632.0,100690168.0,814001,40000.0,-11646548080.551357,,,,,,,
-4.914732282638555,-0.19298619473895423,0.013604476350497424,-0.9097951833415904,0.0,1008.5996236227994,94.65846430953695,20,40467,826000,0.0003,-516388544.0,110906.171875,-1.6393506526947021,1.7479750243057664e+16,1135399808.0,816001,40000.0,-11646548080.551357,,,,,,,
-5.930918146133424,-0.34882005090598667,-0.15325743249238685,-0.8463216268763538,0.0,909.1953818272324,-125.94174346929748,20,40544,828000,0.0003,-543485568.0,118250.453125,0.5164796113967896,6183364021190656.0,542648576.0,818001,40000.0,-11646548080.551357,,,,,,,
-5.63759516143799,-0.3677985612459997,0.12687891996632364,-0.8368614648569043,0.0,890.7081342920262,137.33670626318067,20,40620,830000,0.0003,-536091776.0,122160.953125,1.391266107559204,6338715672641536.0,624265984.0,820001,40000.0,-11646548080.551357,,,,,,,
-6.494369392395021,-0.26502446702763033,-0.059979362537888825,-0.8814625488833291,0.0,959.324814348042,-11.996758324987857,20,40698,832000,0.0003,-551851712.0,124813.3046875,1.235212802886963,4992496828416000.0,685188416.0,822001,40000.0,-11646548080.551357,,,,,,,
-6.0346326751708945,-0.5084195756306409,-0.17685419550045695,-0.7537153363252893,0.0,778.987688943575,-173.1398732243271,20,40775,834000,0.0003,-543142336.0,127061.2109375,-0.2702580988407135,9676410994032640.0,694108928.0,824001,40000.0,-11646548080.551357,,,,,,,
-8.866717733383176,-0.49962447484038786,0.14175765161049098,-0.771608100326723,0.0,801.6367680725197,171.63312303943945,20,40853,836000,0.0003,-598248768.0,129108.671875,1.2995495796203613,1.1213969557553152e+16,743233088.0,826001,40000.0,-11646548080.551357,,,,,,,
-9.686750392913815,-0.4201605933911786,-0.08571589343254375,-0.8202766936125275,0.0,869.2480548732483,-109.48352916517781,20,40930,838000,0.0003,-501410144.0,127059.03125,0.08565223217010498,1.1775273464758272e+16,713492544.0,828001,40000.0,-11646548080.551357,,,,,,,
-4.538953962326052,-0.6079282178235795,-0.024785936777121598,-0.7029786151681123,0.0,715.0995897963513,-27.94286835034159,20,41008,840000,0.0003,-579236736.0,127285.4609375,-1.0720456838607788,5078847682772992.0,454116864.0,830001,40000.0,-11093779835.432413,,,,,,,
-5.094535766601553,-0.21496578883248998,-0.30305573979484446,-0.9153560429037457,0.0,1062.2600534575008,-125.60329834478351,20,41086,842000,0.0003,-540280384.0,134551.578125,-1.2025102376937866,605435031715840.0,231391824.0,832001,40000.0,-11093779835.432413,,,,,,,
-24.355529460906975,-0.3818938771919398,-1.593157921073336,0.07052379986007647,0.0,4679.308045740877,21338.615673220072,20,41163,844000,0.0003,-573321792.0,143069.546875,0.10342341661453247,1.10491791785984e+16,813938112.0,834001,40000.0,-11093779835.432413,,,,,,,
-13.056086034774808,0.003155196424861428,-6.3043586273236025,4.960956988254951,0.0,65909.95563987599,92323.62029227108,20,41241,846000,0.0003,-598556288.0,140379.6875,1.1979238986968994,5694388973862912.0,856288448.0,836001,40000.0,-11093779835.432413,,,,,,,
-14.085716491699202,-0.05453429236457219,-6.447113419126234,5.188161118190369,0.0,137849.29348519765,94787.95468347447,20,41318,848000,0.0003,-514898304.0,145526.296875,-0.534587562084198,6.086149906051891e+16,2333796352.0,838001,40000.0,-11093779835.432413,,,,,,,
-13.067246810913074,-0.05303704408662907,-7.977141006837638,7.7501177810220865,0.0,327261.9566512108,216298.98566809765,20,41396,850000,0.0003,-588006784.0,144937.515625,1.311464548110962,5.558144665544294e+16,2623778048.0,840001,40000.0,-11093779835.432413,,,,,,,
-15.948744365692171,0.023893419751947816,-9.128151518934223,10.247979939384706,0.0,638274.5139810138,414680.61344660283,20,41474,852000,0.0003,-562348288.0,147128.15625,0.25331172347068787,5115309270761472.0,788309760.0,842001,40000.0,-11093779835.432413,,,,,,,
-16.52650713157657,-0.043080412030712445,-10.133175981650409,13.338665789568296,0.0,1131828.2916276462,547348.3468184328,20,41552,854000,0.0003,-590471552.0,138628.890625,0.4117889106273651,933504229572608.0,221069872.0,844001,40000.0,-11093779835.432413,,,,,,,
-20.316042556762724,0.00994366626271333,-11.333181262750008,16.544709242679186,0.0,1842791.3210594275,1083143.613677724,20,41630,856000,0.0003,-607186880.0,137620.921875,-3.0318446159362793,1.4350250240114688e+16,1315517824.0,846001,40000.0,-11093779835.432413,,,,,,,
-19.291227550506605,-0.012475577463993102,-13.588010945394078,23.782182921172634,0.0,3083354.4520356795,1406654.8939238153,20,41708,858000,0.0003,-667799296.0,148197.5625,0.027082979679107666,4802483180273664.0,644135104.0,848001,40000.0,-11093779835.432413,,,,,,,
-18.489187406539976,-0.0031998237973121283,-15.55645200494257,30.682189735034395,0.0,4815674.384546874,2078542.5366021185,20,41786,860000,0.0003,-526767008.0,163808.0625,-0.8613908290863037,1.821330273992704e+16,1013508672.0,850001,40000.0,-11093779835.432413,,,,,,,
-16.601867166519163,-0.01160281816570449,-16.644492895651723,35.704525766777024,0.0,6934703.411165045,2148115.6062535048,20,41864,862000,0.0003,-571768896.0,178932.46875,-0.3580746650695801,1.131006622957568e+16,799046976.0,852001,40000.0,-11093779835.432413,,,,,,,
-21.647045524597154,-0.016766832437724942,-18.276793946582824,43.989989356631035,0.0,9986148.454375034,4048985.8358003073,20,41943,864000,0.0003,-632317248.0,182472.03125,-1.0745264291763306,3312178383814656.0,434937056.0,854001,40000.0,-11093779835.432413,,,,,,,
-15.98394541549683,-0.006914221293540077,-20.478267648854317,54.365011634752676,0.0,14199417.127961872,3884420.0930698924,20,42021,866000,0.0003,-628593728.0,176489.484375,1.1833150386810303,3.622076917219328e+16,2174925568.0,856001,40000.0,-11093779835.432413,,,,,,,
-17.102836574554452,0.012864572174578896,-21.067353089862163,58.02117677594352,0.0,18389203.991241872,5288099.123089788,20,42098,868000,0.0003,-678993408.0,167007.03125,1.532251000404358,756237507493888.0,276594752.0,858001,40000.0,-11093779835.432413,,,,,,,
-16.067400049209603,-0.003375339070179638,-22.176245644940654,63.38100064181673,0.0,23613666.038055327,5450522.448151067,20,42175,870000,0.0003,-681612480.0,156140.921875,0.48124203085899353,4965016553914368.0,433178048.0,860001,40000.0,-11093779835.432413,,,,,,,
-15.628479824066146,-0.012239172707169161,-22.703975530361923,67.7390884430771,0.0,29546117.938545015,5655567.678944542,20,42252,872000,0.0003,-602629568.0,141356.21875,-0.11773505806922913,1691479588208640.0,336460864.0,862001,40000.0,-11093779835.432413,,,,,,,
-13.436183261871339,0.0010660012384758667,-22.77587705261882,66.60235880847975,0.0,35321119.285812505,5940473.078788735,20,42330,874000,0.0003,-724270656.0,140263.125,0.8062824606895447,1.5384306566299648e+16,834205248.0,864001,40000.0,-11093779835.432413,,,,,,,
7.820832233428956,-0.00036899787875932353,-19.923132460492454,53.07565063531755,0.0,39842953.38507008,2058574.5081956366,20,42408,876000,0.0003,-796209984.0,137790.859375,1.6674792766571045,3284019504480256.0,403452256.0,866001,40000.0,-11093779835.432413,,,,,,,
50.59490511131291,0.12038787980992928,-6.7222670178759865,8.519315594216243,0.0,40822348.2608154,876717.1172917803,20,42485,878000,0.0003,-693200704.0,140558.390625,-1.3184568881988525,8385931161632768.0,727162816.0,868001,40000.0,-11093779835.432413,,,,,,,
53.73687841987611,0.059940619146697786,8.032834692226903,11.010402212454405,0.0,40699564.43964573,-776152.4115850341,20,42562,880000,0.0003,-948895040.0,149680.71875,-1.51514732837677,1.7275023110701056e+16,1024900224.0,870001,40000.0,-35262601485.623146,,,,,,,
-24.884177742004393,-0.09729372655520815,-3.6838391085067803,1.7170964431491047,0.0,15493.290287020991,51511.93882189311,20,42639,882000,0.0003,-812975296.0,176371.03125,-0.47582384943962097,3322701322125312.0,464444448.0,872001,40000.0,-35262601485.623146,,,,,,,
1.6546198329925605,-0.16416115926033642,-3.916124518078386,1.8348316314379507,0.0,36700.0780936827,-11469.540248967316,20,42715,884000,0.0003,-674044608.0,211425.9375,0.9656892418861389,1.8094787412361216e+16,1161782272.0,874001,40000.0,-35262601485.623146,,,,,,,
3.9555070457458594,0.14406356965627437,-1.9557132766187733,0.7327462702034276,0.0,57922.273467173676,18043.97139008388,20,42792,886000,0.0003,-746346240.0,222914.328125,-1.3484007120132446,3632129825046528.0,366875360.0,876001,40000.0,-35262601485.623146,,,,,,,
6.919939229965209,0.2652103630883484,0.47719041705326354,0.06499884120817782,0.0,57156.11423961891,-4568.491306257391,20,42869,888000,0.0003,-656800512.0,215653.734375,0.13365352153778076,7714682534100992.0,551117312.0,878001,40000.0,-35262601485.623146,,,,,,,
21.69993045043946,0.5680119651705308,0.1219581363519514,0.7228645319815276,0.0,56218.48022090239,913.5948038068735,20,42945,890000,0.0003,-599179968.0,226227.0,2.299468517303467,3140150716530688.0,425552064.0,880001,40000.0,-35262601485.623146,,,,,,,
26.025221200943033,0.16812734711859254,4.151315812672929,4.107634173477613,0.0,62546.92792692838,-24887.91559288419,20,43022,892000,0.0003,-612853120.0,232723.84375,1.1232047080993652,1.1200269685620736e+16,908674624.0,882001,40000.0,-35262601485.623146,,,,,,,
6.065706596374519,0.2099078508026679,-0.07278076184356239,2.0557566644680265,0.0,26957.445056192835,-7444.981203498002,20,43098,894000,0.0003,-550713600.0,215744.234375,0.31547021865844727,1273338215268352.0,180535616.0,884001,40000.0,-35262601485.623146,,,,,,,
8.195577188491812,0.23045181455788533,1.384711328741174,1.3163067463484088,0.0,24100.597483538597,-13904.331186926742,20,43174,896000,0.0003,-560018176.0,196513.625,0.11374896764755249,1545147770732544.0,247435712.0,886001,40000.0,-35262601485.623146,,,,,,,
-16.921024496078505,0.6217757813979208,-0.28551127796809467,0.08336045664211625,0.0,10100.10441439549,8604.822902403675,20,43250,898000,0.0003,-557055936.0,193790.296875,0.14078375697135925,3844291277357056.0,589231040.0,888001,40000.0,-35262601485.623146,,,,,,,
16.76128029441832,0.09803064205536385,-0.5964213072372325,0.6467495274184736,0.0,18050.79574515279,-1482.0150142994612,,,900000,0.0003,-475061856.0,181534.40625,-1.7944470643997192,5936372800028672.0,647666304.0,890000,,,0.003265625000000002,0.0,40000.0,-38469.639247215724,812.4408413778406,0.0,0.0
,,,,,,,20,44495,900000,0.0003,-562294592.0,181558.125,3.754328489303589,1.8144417906950144e+16,1509673984.0,890001,40000.0,-35262601485.623146,,,,,,,
0.7408819675445428,0.09604288817960763,-0.5194003022864053,0.74570211768294,0.0,13711.09248652962,6126.336944393428,20,44572,902000,0.0003,-523324960.0,163989.0625,1.6361291408538818,1.1021101903642624e+16,1204617216.0,892001,40000.0,-35262601485.623146,,,,,,,
31.52637409591672,0.20560058938346887,1.6992953981765673,0.7377780839804805,0.0,18499.759354135287,12663.560704243177,20,44649,904000,0.0003,-423222432.0,141934.921875,-0.9574977159500122,959912037318656.0,239831200.0,894001,40000.0,-35262601485.623146,,,,,,,
7.0712503204345705,0.6829028467584156,1.0208574335757292,0.5463914381020223,0.0,6544.897394921338,-30413.46261936647,20,44726,906000,0.0003,-380588352.0,123903.546875,1.0055780410766602,788310645538816.0,172126512.0,896001,40000.0,-35262601485.623146,,,,,,,
25.09612266159057,0.8705062941640026,0.07019612611058239,0.17605320058750104,0.0,3039.7216173245965,-66.85851010641628,20,44802,908000,0.0003,-385275424.0,100662.671875,2.062429428100586,1.7887769988694016e+16,1088541440.0,898001,40000.0,-35262601485.623146,,,,,,,
15.350126836776708,0.41061049340913125,0.4031140330123248,0.40571805267380895,0.0,3343.447818713577,-1028.1404546370488,20,44879,910000,0.0003,-327061152.0,91815.9921875,-2.350691318511963,4192898740387840.0,318290624.0,900001,40000.0,-35262601485.623146,,,,,,,
19.714684581756583,0.2666540512914436,0.6532158048729441,0.4911132895322385,0.0,2192.3744522467723,-814.2657680252366,20,44956,912000,0.0003,-403162784.0,92693.2421875,0.16292867064476013,1.3914712639012864e+16,1014816320.0,902001,40000.0,-35262601485.623146,,,,,,,
34.670383087158136,0.5016077235055385,0.027994719730599145,0.4968329643929947,0.0,1059.2756014584243,-105.80421105747945,20,45033,914000,0.0003,-278029696.0,103376.5078125,-0.09399917721748352,2.020627493945344e+16,1443766528.0,904001,40000.0,-35262601485.623146,,,,,,,
34.55696565628057,0.5257621639839521,0.023183925644120865,0.42443925372877,0.0,969.5776976824127,-70.68027902321533,20,45111,916000,0.0003,-253247616.0,126981.265625,-0.8236804604530334,4.149525100468634e+16,1962756608.0,906001,40000.0,-35262601485.623146,,,,,,,
35.05571242904657,0.5595727136489114,0.030603120769479665,0.37381961078518144,0.0,907.0002980037332,-65.68660195438922,20,45188,918000,0.0003,-269760448.0,160751.59375,-0.9186241626739502,2.166237622697984e+16,1227892096.0,908001,40000.0,-35262601485.623146,,,,,,,
35.24484847259521,0.6073157610278356,0.03307060784630536,0.31870112495662445,0.0,830.6700830101273,-123.30513254813094,20,45266,920000,0.0003,-358528288.0,184632.109375,0.7599319815635681,2720246527950848.0,298849536.0,910001,40000.0,-33765648718.747242,,,,,,,
5.42178026390076,-0.0363441013134835,1.5323988066493082,0.01735065673516425,0.0,1761.2726169298464,858.7834531697216,20,45343,922000,0.0003,-305404288.0,197793.671875,0.992769718170166,1.3211710244519936e+16,642139456.0,912001,40000.0,-33765648718.747242,,,,,,,
43.766875600814814,0.5890139288946328,0.4989415451278219,0.8205077676885624,0.0,3548.6835364891826,4588.367406413256,20,45421,924000,0.0003,-360957920.0,181212.671875,-2.160323143005371,7351910805798912.0,545087808.0,914001,40000.0,-33765648718.747242,,,,,,,
26.587165307998664,0.1876498682355599,1.085758619013822,0.9111375650779336,0.0,7800.180510854685,997.9904535630428,20,45498,926000,0.0003,-190464576.0,198473.71875,0.7780091762542725,5121903119302656.0,432396160.0,916001,40000.0,-33765648718.747242,,,,,,,
35.10021767044066,0.473800035510038,0.1997842739673764,0.5703443876274997,0.0,7212.64809957126,1154.2970142922654,20,45576,928000,0.0003,-239975568.0,184070.046875,-4.2264533042907715,1.6076764816080896e+16,1254195200.0,918001,40000.0,-33765648718.747242,,,,,,,
-13.775454191207901,-0.31351992394196443,0.8239514619362602,0.31285028229749096,0.0,9895.887279867657,2791.649927072208,20,45654,930000,0.0003,-172069840.0,198324.8125,-1.3360254764556885,3.47181533888512e+16,1573353856.0,920001,40000.0,-33765648718.747242,,,,,,,
1.9167181682586625,0.18212503660467022,-0.1488346406085647,-0.03039106450674516,0.0,11695.57836279099,-430.7990165756227,20,45731,932000,0.0003,-229974176.0,195220.28125,0.23006516695022583,1.64830375837696e+16,894522560.0,922001,40000.0,-33765648718.747242,,,,,,,
3.5105238437652613,-0.4666275925246069,-0.07551454952001119,-0.08671451048821774,0.0,9391.664707641743,-520.3146216860794,20,45809,934000,0.0003,-133519408.0,190280.359375,-3.023766040802002,7659439590998016.0,700759808.0,924001,40000.0,-33765648718.747242,,,,,,,
-1.0833151779174786,0.08707474278349749,0.3134614781816126,-0.322169062878858,0.0,11409.881248680302,1749.5103036952296,20,45887,936000,0.0003,-170282096.0,192377.046875,-2.3238916397094727,3518915292430336.0,297687200.0,926001,40000.0,-33765648718.747242,,,,,,,
-12.075953079223645,-0.13603225287031626,-1.2212714624802647,0.27979027621601343,0.0,10602.288462041777,-2444.367072341133,20,45964,938000,0.0003,-299009056.0,189115.65625,-0.07166704535484314,1.7784083035717632e+16,1347540608.0,928001,40000.0,-33765648718.747242,,,,,,,
13.021775791168237,0.1869607531898292,-0.17873601897362293,-0.24697019452258262,0.0,5558.930474808927,-3743.9147596951543,20,46042,940000,0.0003,-301389152.0,213499.140625,2.0982234477996826,1.2724740410048512e+16,903274880.0,930001,40000.0,-33765648718.747242,,,,,,,
10.60211530113221,0.20465748919371832,0.29213775531304553,-0.2238362376662891,0.0,5504.186549221328,1721.0674452200446,20,46119,942000,0.0003,-301304640.0,198843.71875,0.062484145164489746,3.710021526565683e+16,1732632704.0,932001,40000.0,-33765648718.747242,,,,,,,
50.610338630676296,0.6519122182458318,-0.13949459098721406,0.7379351915405955,0.0,7539.752266859607,-1037.8005799836117,20,46196,944000,0.0003,-271265152.0,214682.71875,-0.37368154525756836,1.1480674141732864e+16,1194537472.0,934001,40000.0,-33765648718.747242,,,,,,,
7.845655586242687,0.6803383542679067,0.3943389889576355,-0.09871975719267694,0.0,6714.601541111595,1802.4337492310324,20,46274,946000,0.0003,-262214976.0,210066.296875,2.083031415939331,4.753210671208858e+16,2462182656.0,936001,40000.0,-33765648718.747242,,,,,,,
-8.481411352157608,-0.3192224714342464,0.7902549754524885,-0.16557635772687415,0.0,9827.965685822925,4028.768009999757,20,46351,948000,0.0003,69772144.0,197787.625,-0.709134578704834,1.581207242407936e+16,1212323968.0,938001,40000.0,-33765648718.747242,,,,,,,
-1.8532818202972394,0.09532065576964475,-0.21373223755064757,-0.44723125069204644,0.0,11546.106876303866,-940.7321560908866,20,46429,950000,0.0003,-217722144.0,175997.171875,-0.3037274479866028,2.1871515364491264e+16,1212262400.0,940001,40000.0,-33765648718.747242,,,,,,,
-51.00927434730529,-0.6503868097334292,-0.27228935936677556,0.5102627220083162,0.0,9373.028610709642,-1411.7158611975453,20,46506,952000,0.0003,-182085376.0,153995.296875,0.5288426280021667,1.4502004319584256e+16,941695936.0,942001,40000.0,-33765648718.747242,,,,,,,
-15.280517351150475,-0.10731359559138874,-0.7801118342982805,0.29327361669646135,0.0,8246.873245026209,-3488.2930388587815,20,46584,954000,0.0003,-45583516.0,179144.53125,-0.9482018947601318,3.963279856631808e+16,1226659840.0,944001,40000.0,-33765648718.747242,,,,,,,
21.430508249282834,0.3986785837638979,0.2720396983068804,0.08967913711743987,0.0,6195.921090202757,2065.7060534520533,20,46661,956000,0.0003,-145642192.0,161973.609375,0.3402581512928009,6.432397284553523e+16,2573924352.0,946001,40000.0,-33765648718.747242,,,,,,,
41.86101206016537,0.6252215434896676,-0.07740776220941581,0.5461818466567584,0.0,7151.253097320759,-1201.6705279316866,20,46739,958000,0.0003,-296387840.0,173314.046875,-1.8736027479171753,6914366918098944.0,734037632.0,948001,40000.0,-33765648718.747242,,,,,,,
2.99467542076113,0.20886760395684797,0.7897606891458424,0.2654174898585559,0.0,8091.832439564381,3733.4962164502444,20,46817,960000,0.0003,-184802480.0,170161.171875,1.5596634149551392,4983206814154752.0,456278688.0,950001,40000.0,-32372002400.191254,,,,,,,
6.665146518707289,0.006796963741793454,1.6227944548889832,0.06942787127125913,0.0,1966.4346007892236,1291.4799750053614,20,46895,962000,0.0003,-217489616.0,172878.734375,-0.3163501024246216,3.850811843018752e+16,1301714432.0,952001,40000.0,-32372002400.191254,,,,,,,
54.2342865962982,0.6823276001710359,0.42928747870567074,1.1780178417469762,0.0,4659.670265156141,6612.498354135825,20,46972,964000,0.0003,-217319920.0,154069.625,1.4183450937271118,1.479339208081408e+16,1064295104.0,954001,40000.0,-32372002400.191254,,,,,,,
-9.17472496032716,0.018823659508222082,0.9616790779274369,0.13707890931141395,0.0,6950.978968093137,-2733.960947594514,20,47050,966000,0.0003,-325576352.0,145377.3125,0.16338561475276947,7583475578175488.0,704298752.0,956001,40000.0,-32372002400.191254,,,,,,,
13.739017023086538,0.4368519077526701,-0.016737278908727362,-0.42138168155908334,0.0,6167.122451285125,-19.164760034268927,20,47128,968000,0.0003,-278272672.0,139584.1875,1.320322036743164,5777715634372608.0,566849472.0,958001,40000.0,-32372002400.191254,,,,,,,
21.147953306198115,0.5612163073100227,0.43692652093722534,-0.05012347925652864,0.0,6827.351025581911,2788.0138058091275,20,47205,970000,0.0003,-213901792.0,129736.046875,0.343003511428833,8791359968247808.0,713198016.0,960001,40000.0,-32372002400.191254,,,,,,,
-12.1364052028656,-0.5927517031022963,0.4692177639219774,0.16376581850139735,0.0,9136.37484589326,1152.1415983353425,20,47283,972000,0.0003,-233540320.0,124817.5859375,1.3219735622406006,2.290212927438848e+16,1180321664.0,962001,40000.0,-32372002400.191254,,,,,,,
1.0235507526397718,0.11525824172585089,0.39699387027782884,-0.11846871037418637,0.0,11430.053824989373,2131.134390078451,20,47360,974000,0.0003,-321872064.0,119816.765625,0.5667555332183838,3.311945059716301e+16,1986580736.0,964001,40000.0,-32372002400.191254,,,,,,,
3.2113498382568344,-0.1877189355217703,-0.5845597765560406,-0.036730588913364615,0.0,10367.022639688857,-2917.059665368901,20,47437,976000,0.0003,-299315776.0,115945.3671875,-1.4038933515548706,1.623093910962176e+16,1306071424.0,966001,40000.0,-32372002400.191254,,,,,,,
1.2391272010803143,-0.431115314893292,0.35514749983626465,-0.1943391800741422,0.0,9498.837317525105,2073.7460883066024,20,47515,978000,0.0003,-94178096.0,117080.5078125,0.9933202266693115,1.4670397102358528e+16,977719552.0,968001,40000.0,-32372002400.191254,,,,,,,
1.8417119464874208,0.22800993791753502,0.14536335184620042,-0.21100847689083713,0.0,11857.32828707954,749.4683282361718,20,47591,980000,0.0003,-98211616.0,116597.5859375,0.15158912539482117,4.632321515218534e+16,1977375104.0,970001,40000.0,-32372002400.191254,,,,,,,
-5.4081408061981255,-0.135232876658658,-1.2163375787774486,0.28417793746328956,0.0,10195.075630248777,-5051.230568610569,20,47667,982000,0.0003,133087400.0,117862.5859375,-1.310227870941162,8921003019206656.0,788728768.0,972001,40000.0,-32372002400.191254,,,,,,,
6.729730621337892,0.17172042485618805,-0.17844743545100533,0.09313502009053538,0.0,5296.285038885532,-1134.8984346770449,20,47743,984000,0.0003,-343689344.0,119299.234375,2.239103317260742,3717773083541504.0,433000640.0,974001,40000.0,-32372002400.191254,,,,,,,
3.2546459484100336,-0.0060094581493022456,-0.1712780419123537,0.05326368850220088,0.0,4834.492088752491,-341.5427966072312,20,47818,986000,0.0003,-131750296.0,120094.296875,-0.7285175919532776,2.277364747521229e+16,897680768.0,976001,40000.0,-32372002400.191254,,,,,,,
-3.866886064529418,-0.28407484263538824,-0.26373147559227195,0.040178097759251,0.0,4207.85741150362,-601.6182978245829,20,47893,988000,0.0003,155127872.0,120817.8984375,-1.3606088161468506,1.4852232059027456e+16,879464000.0,978001,40000.0,-32372002400.191254,,,,,,,
-51.064523283004746,-0.6378093113916409,0.10817505677946325,0.6426258334918041,0.0,4317.324963663968,380.57495688451144,20,47969,990000,0.0003,-210309968.0,122248.4765625,1.9390743970870972,5369797357338624.0,555148992.0,980001,40000.0,-32372002400.191254,,,,,,,
-0.33875121498107424,-0.047530870766879674,0.44121699535758174,-0.4234552596859802,0.0,5018.259418959117,1776.5283820529953,20,48044,992000,0.0003,-228592784.0,123938.765625,-0.584873616695404,3.749336368703078e+16,1871050624.0,982001,40000.0,-32372002400.191254,,,,,,,
15.919086578369127,0.3963937306930338,-0.041164488142933026,0.2369739777083902,0.0,6603.249416223309,-349.89417019137903,20,48119,994000,0.0003,-46256496.0,123927.65625,-2.8935112953186035,2.993896933241651e+16,1293756160.0,984001,40000.0,-32372002400.191254,,,,,,,
-2.4007672996521,0.25145166985293954,0.06239934574946828,-0.0020724405326260934,0.0,5462.61790683248,347.5948361955159,20,48193,996000,0.0003,-30884752.0,126137.234375,-0.15705525875091553,1.2359982796242944e+16,775885696.0,986001,40000.0,-32372002400.191254,,,,,,,
19.845058355331386,0.36029217969647154,-0.11880406807519267,0.35937083162569217,0.0,6820.351897835927,-324.82731221627733,20,48268,998000,0.0003,-141871168.0,126970.609375,1.2209582328796387,1.0265517298286592e+16,931137856.0,988001,40000.0,-32372002400.191254,,,,,,,
-3.9096248531341447,0.18737601527560777,-0.002944075938565448,-0.11573963435069137,0.0,5317.472117758693,96.96989431828115,,,1000000,0.0003,-786486.0,128521.953125,-0.4160988926887512,9.410403912541798e+16,2981582848.0,990000,,,0.003265625000000002,0.0,40000.0,-38756.7063570951,629.6669324626652,0.0,0.0
,,,,,,,20,49468,1000000,0.0003,-79950824.0,128526.9765625,-2.5423991680145264,9.45636951153705e+16,2697868032.0,990001,40000.0,-31088077036.992943,,,,,,,
