rollout/acrobot_xk_applied_torque,rollout/acrobot_xk_elbow_norm,rollout/acrobot_xk_elbow_rate_norm,rollout/acrobot_xk_energy_error_norm,rollout/acrobot_xk_homoclinic_capture,rollout/acrobot_xk_lyapunov,rollout/acrobot_xk_lyapunov_rate,time/fps,time/time_elapsed,time/total_timesteps,train/learning_rate,train/actor_loss,train/alpha,train/alpha_loss,train/critic_loss,train/fraction,train/n_updates,rollout/ep_len_mean,rollout/ep_rew_mean,eval/best_strict_capture_mean_max_duration,eval/best_strict_capture_success_rate,eval/mean_ep_length,eval/mean_reward,eval/std_reward,eval/strict_capture_mean_max_duration,eval/strict_capture_success_rate
-0.3236432155808146,-0.0005732858901228339,0.024759719937863803,-0.9929754361537687,0.0,1192.4648439386835,49.297523256300444,2105,0,2000,0.0003,,,,,,,,,,,,,,,
-0.19515433424268877,-0.04012230618072695,-0.028894569309780956,-0.9927543189101201,0.0,1197.6871313200074,18.210802949507997,2128,1,4000,0.0003,,,,,,,,,,,,,,,
-0.1778119168581905,0.005957131256600446,0.04566207724234117,-0.9942357007504798,0.0,1194.2239568286775,29.834478419519154,2139,2,6000,0.0003,,,,,,,,,,,,,,,
0.4545973842602691,0.02914238031551048,-0.06538985093022542,-0.9951477582218321,0.0,1194.5105688631802,40.665492806161474,2145,3,8000,0.0003,,,,,,,,,,,,,,,
-0.06857827435909729,-0.007010201829707002,0.03964130374693299,-0.9937850692310146,0.0,1199.6806362303075,50.96485836446053,1481,6,10000,0.0003,-0.15357214212417603,1.0,-0.0,716957.125,80.44657135009766,1,,,,,,,,,
0.8662987864017484,0.03860820051340906,0.06646236401596116,-0.9930306365381302,0.0,1200.344186157155,-25.152281671642655,162,73,12000,0.0003,28912.72265625,0.7579204440116882,-0.020967012271285057,7021.32177734375,227.94615173339844,2001,,,,,,,,,
5.197438079714772,0.27391562286297233,0.2153485262707196,-0.9450194667892411,0.0,1116.1725022081212,-178.15501704236115,98,142,14000,0.0003,69369.734375,1.6801438331604004,-0.7737320065498352,21712.60546875,688.3152465820312,4001,,,,,,,,,
8.199228555560058,0.5405628621786616,0.12130968950344617,-0.8267079772636907,0.0,916.6735697757749,-144.73344151503878,75,211,16000,0.0003,105700.28125,2.80780029296875,-0.8358339667320251,18384.3203125,453.061279296875,6001,,,,,,,,,
6.864446674585342,0.5591877514311717,-0.16449502950347647,-0.8105067073272345,0.0,906.4786276820694,209.77181589047692,64,280,18000,0.0003,140110.46875,4.4153218269348145,-1.0561695098876953,42565.31640625,838.116455078125,8001,,,,,,,,,
10.118419603109363,0.4664558020342707,0.23004371231143939,-0.8432540544137194,0.0,973.8774379907966,-306.61376268800035,57,348,20000,0.0003,159795.828125,9.230411529541016,-1.6169767379760742,414891.0625,4009.241943359375,10001,,,,,,,,,
5.527630354166029,0.822422010178901,0.08762813034281441,-0.6103708753898438,0.0,664.4497577653195,-124.70067279053087,52,417,22000,0.0003,180456.0,12.601187705993652,-2.0500855445861816,789403.625,6004.234375,12001,,,,,,,,,
9.426513564586639,0.8524418881943573,0.01582617307679565,-0.6038538016625457,0.0,660.4947013554341,21.453267003744447,49,486,24000,0.0003,192719.953125,18.606239318847656,-1.4423235654830933,736213.75,4746.9814453125,14001,,,,,,,,,
7.99724543392657,0.8609173878693246,-0.06449690165275183,-0.5847213683188094,0.0,643.6343531624948,-24.416683002885257,46,555,26000,0.0003,184513.515625,32.352027893066406,0.6479671001434326,1145929.625,2774.3359375,16001,,,,,,,,,
8.917768859863289,0.8548552224282334,0.0701641943279258,-0.5835782319812783,0.0,637.5550647493344,7.250572200334766,44,624,28000,0.0003,188412.8125,32.359107971191406,0.008680842816829681,1870497.25,6761.994140625,18001,,,,,,,,,
10.480172696113605,0.6964232717147247,-0.19884172399184294,-0.7034219987420282,0.0,769.2758716335932,209.75381863550706,43,693,30000,0.0003,199816.671875,34.09504699707031,0.7963930368423462,2246860.75,6877.2138671875,20001,,,,,,,,,
12.04527026355265,0.6900339675286252,0.2059118061735006,-0.7085269578856944,0.0,773.4667806663898,-206.50347129321463,41,762,32000,0.0003,207594.40625,40.8066520690918,-0.419040709733963,3626317.75,9688.4033203125,22001,,,,,,,,,
-0.0023312246799521434,-0.5133612877937842,0.3334770456428928,-0.4497749769332717,0.0,669.3458611184351,426.00012257640975,40,831,34000,0.0003,207435.078125,51.09926986694336,-0.28869736194610596,9419781.0,15858.2392578125,24001,,,,,,,,,
-12.787617981433886,-0.540640340240029,0.02451993281727345,-0.7256905036678759,0.0,1294.9533321385477,106.73139062969788,39,900,36000,0.0003,194076.625,88.60679626464844,0.23342998325824738,7164503.5,17633.587890625,26001,,,,,,,,,
-8.133812950849533,-0.49634175122687924,0.15879791476451582,-0.7517877501491448,0.0,1379.9850894761364,407.0713934784763,39,969,38000,0.0003,181613.6875,84.09701538085938,0.4154760241508484,7052749.0,24339.615234375,28001,,,,,,,,,
-9.378441696763046,-0.4566963443686689,-0.09716059412352285,-0.7621577932418288,0.0,1422.7288768473506,-269.8856321740557,38,1038,40000,0.0003,181433.90625,45.46363067626953,0.8807521462440491,5063239.5,12716.166015625,30001,40000.0,-21421272.9165,,,,,,,
3.482784487009049,0.1617557930237378,0.3213262840627003,-0.9432798962336116,0.0,1137.7666513289812,-203.5762548880732,37,1107,42000,0.0003,196552.40625,28.7056941986084,-0.4538614749908447,2065963.125,6601.12451171875,32001,40000.0,-21421272.9165,,,,,,,
7.953302769660966,0.5941529502737021,0.04760066073567989,-0.7648722590328145,0.0,833.4519911753321,-71.70708763960687,37,1176,44000,0.0003,215586.109375,23.808740615844727,0.1133732795715332,2688892.0,11329.9716796875,34001,40000.0,-21421272.9165,,,,,,,
5.404061800241465,0.34633502957156376,-0.21421020429632315,-0.8681393351201526,0.0,967.0610106268934,132.91862796963184,36,1245,46000,0.0003,231810.109375,30.90135955810547,-0.18294471502304077,2329451.5,6740.888671875,36001,40000.0,-21421272.9165,,,,,,,
7.242966507673263,0.3021739597391501,0.1941673834068039,-0.8720126407609471,0.0,968.7608888993361,-192.05806379056366,36,1314,48000,0.0003,248156.03125,32.832366943359375,-0.7805263996124268,1669552.625,3830.58935546875,38001,40000.0,-21421272.9165,,,,,,,
4.761232866048818,0.4061320566847952,-0.22364753844919957,-0.8105974698965557,0.0,874.0202846973929,203.74082197317495,36,1383,50000,0.0003,249762.328125,49.87902069091797,0.18697762489318848,4961626.0,9807.259765625,40001,40000.0,-21421272.9165,,,,,,,
-3.9618344146013253,-0.1472606994603729,-0.383532297112212,-0.8306777809998548,0.0,912.7509845848788,-232.95278806662202,35,1452,52000,0.0003,236971.328125,43.02162170410156,-0.13721247017383575,3302290.0,8975.62109375,42001,40000.0,-21421272.9165,,,,,,,
-3.802365865707398,-0.5099905983988885,-0.03596098713933698,-0.7322881831499923,0.0,749.5480252927939,63.20533290255817,35,1521,54000,0.0003,239448.421875,29.633176803588867,-0.04495231807231903,2070639.625,5830.76611328125,44001,40000.0,-21421272.9165,,,,,,,
-8.186022190451624,-0.3172467829699922,0.05568526026603529,-0.8605581914045486,0.0,932.7707296983095,82.41436023786105,35,1590,56000,0.0003,235097.8125,27.41604995727539,-0.23644676804542542,2198128.75,6545.16455078125,46001,40000.0,-21421272.9165,,,,,,,
-7.7798936396837135,-0.41578608617762275,-0.09357287331594155,-0.8171330541253873,0.0,863.7238123852236,-85.27573623511323,34,1659,58000,0.0003,244923.5625,30.921825408935547,-0.12573882937431335,2284717.25,5707.28759765625,48001,40000.0,-21421272.9165,,,,,,,
-6.819931956529618,-0.5075147020014006,0.032657711372105665,-0.7965961008649829,0.0,847.8705875439957,72.0482868022773,34,1728,60000,0.0003,247032.109375,36.275997161865234,0.24238263070583344,3187956.5,8153.53955078125,50001,40000.0,-21421272.9165,,,,,,,
-8.230695343017604,-0.4666366420005597,-0.002282281687327396,-0.8249731602680788,0.0,891.0903093901917,17.577015262715275,34,1797,62000,0.0003,253679.1875,27.322256088256836,-0.021980419754981995,2254485.25,4913.63720703125,52001,40000.0,-21421272.9165,,,,,,,
-5.039849226474765,-0.2973484098211063,0.15046730684100934,-0.8945435245750294,0.0,1005.4921173549674,95.630721936907,34,1866,64000,0.0003,261705.8125,30.694835662841797,0.37629324197769165,1600371.125,3742.99267578125,54001,40000.0,-21421272.9165,,,,,,,
-5.439410482048988,-0.25618693826381017,-0.06299838569017602,-0.9040574315239924,0.0,1003.3364609080585,-55.16915188107648,34,1936,66000,0.0003,268143.09375,29.85961151123047,0.3366526961326599,1881707.375,5940.68115234375,56001,40000.0,-21421272.9165,,,,,,,
-3.3796067047119047,-0.18545110945355636,0.17810194840611682,-0.9175415209325768,0.0,1047.415607622961,120.71142778665902,33,2006,68000,0.0003,277178.28125,28.276552200317383,0.21656319499015808,1893052.625,4232.30126953125,58001,40000.0,-21421272.9165,,,,,,,
-1.9990220594406145,-0.15101601063963904,-0.0637133739338618,-0.9432534746621812,0.0,1085.682868482755,10.61919402232255,33,2076,70000,0.0003,290608.03125,24.584209442138672,0.1437314748764038,1891620.25,6193.40087890625,60001,40000.0,-21421272.9165,,,,,,,
0.9238359445333495,0.06067933887380004,0.3454821083396251,-0.9476148707800017,0.0,1137.560527011649,-13.675349476564218,33,2146,72000,0.0003,300073.625,29.935226440429688,-0.5571223497390747,2370670.5,4667.56298828125,62001,40000.0,-21421272.9165,,,,,,,
7.507402647733694,0.4453080231345371,0.08966978537951989,-0.8702925653839937,0.0,976.285666815715,-129.65015679509483,33,2217,74000,0.0003,299090.25,49.98972702026367,0.16990166902542114,5221077.0,8632.240234375,64001,40000.0,-21421272.9165,,,,,,,
8.505660524964325,0.6002211488780759,0.12402409516902019,-0.7777861395987753,0.0,844.5038471855203,-148.38077408425454,33,2288,76000,0.0003,301523.5,35.69178009033203,-0.013997592031955719,2302982.0,4005.80908203125,66001,40000.0,-21421272.9165,,,,,,,
7.69742025792599,0.608916139890467,-0.13320462499804497,-0.7704761228059682,0.0,837.3255512763808,156.8617122362728,33,2360,78000,0.0003,307261.28125,31.50338363647461,-0.2330634593963623,707117504.0,15469.744140625,68001,40000.0,-21421272.9165,,,,,,,
7.914464344978331,0.369057164158898,-0.08226513328276043,-0.9038347209095353,0.0,1031.0724010841427,93.25644755290787,32,2433,80000,0.0003,312823.59375,40.94786071777344,-0.19827114045619965,2525694.5,5667.80810546875,70001,40000.0,-21263430.775200002,,,,,,,
1.452746683359145,0.09842648102027636,0.022651122050836327,-0.9597581740634057,0.0,1127.0383192599124,41.505229785789275,32,2506,82000,0.0003,318227.65625,35.7821044921875,-0.6528453230857849,7128928.5,11521.951171875,72001,40000.0,-21263430.775200002,,,,,,,
1.413960002660751,0.0378605550859373,0.008182304863877332,-0.9681583702654716,0.0,1140.2361077277803,2.271840002545966,32,2580,84000,0.0003,325115.03125,28.18756675720215,0.24289637804031372,3219643.5,7268.2529296875,74001,40000.0,-21263430.775200002,,,,,,,
0.31372219204902635,0.03452470554142856,0.034893325927164584,-0.9694832144117528,0.0,1132.7442978144545,23.77602768254529,32,2655,86000,0.0003,333511.71875,24.524858474731445,-0.012479603290557861,1820196.375,6057.07568359375,76001,40000.0,-21263430.775200002,,,,,,,
2.216026968359947,0.12406000876885252,0.004137172831774861,-0.9663244246277335,0.0,1128.8429944406657,-2.816394856993845,32,2730,88000,0.0003,344130.46875,22.09903907775879,-0.276030033826828,1937395.375,4975.11767578125,78001,40000.0,-21263430.775200002,,,,,,,
-0.33415957033634175,-0.040336608306446656,-0.16192302930409364,-0.9740087685636318,0.0,1158.5448574642785,18.395250757829192,32,2806,90000,0.0003,357184.375,24.37938117980957,0.7401115894317627,2949310.5,8941.60546875,80001,40000.0,-21263430.775200002,,,,,,,
1.4605070924758898,0.09116300661503586,0.33511335265462766,-0.9649683645215491,0.0,1174.2292768181426,-68.23349703940441,31,2882,92000,0.0003,368354.03125,28.88869285583496,-0.05730120465159416,2269151.0,5092.1708984375,82001,40000.0,-21263430.775200002,,,,,,,
8.575333958268176,0.44787862604018225,0.15678472641144703,-0.8728912247136783,0.0,989.4042956006363,-190.64223808234104,31,2958,94000,0.0003,370009.21875,34.16831970214844,0.4497905969619751,3586033.25,10866.591796875,84001,40000.0,-21263430.775200002,,,,,,,
7.528402303457258,0.611163639605639,0.029709209015782136,-0.7742354096840721,0.0,844.5083309789171,-42.88339613820928,31,3034,96000,0.0003,375293.9375,27.997051239013672,0.062297672033309937,2531548.5,8356.4638671875,86001,40000.0,-21263430.775200002,,,,,,,
9.133996081352244,0.5585605457609689,-0.06208228137328337,-0.8124956484518612,0.0,891.3090631585278,73.81298075574792,31,3110,98000,0.0003,375749.625,31.881887435913086,-0.03289765119552612,2843189.25,5254.76025390625,88001,40000.0,-21263430.775200002,,,,,,,
8.785818357467644,0.5551723048139577,0.0020248978085799733,-0.815679044630039,0.0,892.8769189742555,-5.794205213674816,,,100000,0.0003,377483.1875,28.83367347717285,0.3199242353439331,3760336.0,14304.7294921875,90000,,,0.0,0.0,40000.0,-58616.544811688516,14556.35030215026,0.0,0.0
,,,,,,,23,4315,100000,0.0003,378907.8125,28.828887939453125,0.22542934119701385,1826186.25,4111.00732421875,90001,40000.0,-21263430.775200002,,,,,,,
8.586367839574796,0.5828956036205517,0.03451158341929526,-0.8021267822356448,0.0,877.2429893799291,-28.98193885266136,23,4392,102000,0.0003,384417.8125,24.31622314453125,0.5465330481529236,2047264.5,6850.63671875,92001,40000.0,-21263430.775200002,,,,,,,
9.568569282293323,0.592504589209073,0.0012125760595013372,-0.7967993506323796,0.0,872.5245953877217,-3.0877537502844925,23,4469,104000,0.0003,394136.625,18.521697998046875,0.4267438054084778,1709955.25,6343.68359375,94001,40000.0,-21263430.775200002,,,,,,,
8.066868568658844,0.6490170853111352,0.06902444338470923,-0.761782065139829,0.0,838.3577729421169,-56.85584197735865,23,4546,106000,0.0003,404961.78125,18.721355438232422,0.25864896178245544,1922069.25,6551.099609375,96001,40000.0,-21263430.775200002,,,,,,,
12.247392329573628,0.6434939642860307,0.04476686490690412,-0.7680059226375335,0.0,850.8428201717949,-51.75923870525508,23,4624,108000,0.0003,413860.78125,22.83933448791504,-0.32879549264907837,1796604.375,4458.6982421875,98001,40000.0,-21263430.775200002,,,,,,,
-0.632447178363801,-0.2619443863108773,0.184281990312724,-0.5128948950177133,0.0,654.2718059999829,-191.0668075067099,23,4701,110000,0.0003,416304.78125,33.52005386352539,-0.6930458545684814,3860929.75,11463.1796875,100001,40000.0,-21263430.775200002,,,,,,,
-9.303931654095642,0.6268997562882311,-0.11997236840977242,-0.3882494637781831,0.0,451.65673039481936,-200.95934796402778,23,4779,112000,0.0003,411466.3125,47.21006393432617,0.4937090575695038,6165936.0,12799.490234375,102001,40000.0,-21263430.775200002,,,,,,,
6.424401081204409,0.7072421199188714,-0.2409694129228828,-0.37636961948065106,0.0,354.1080681413094,133.6061713559139,23,4856,114000,0.0003,400827.78125,71.82090759277344,-0.7454466819763184,5551567.0,11556.0126953125,104001,40000.0,-21263430.775200002,,,,,,,
5.4628431570529905,0.3085867285463358,-0.19505473620866656,-0.6676474234618982,0.0,602.6821386104925,90.11878874078612,23,4934,116000,0.0003,388147.90625,84.9377670288086,0.745527446269989,14556868.0,25697.861328125,106001,40000.0,-21263430.775200002,,,,,,,
4.6865896582603455,0.15487071679603184,-0.07201725655402705,-0.7120824052094388,0.0,620.3945817019767,62.4513544092048,23,5012,118000,0.0003,384843.5625,49.91124725341797,0.2738080620765686,8013955.0,11612.0009765625,108001,40000.0,-21263430.775200002,,,,,,,
9.665392938852289,0.35341227659544955,0.2219782415428387,-0.6198613626510198,0.0,561.8784535532276,-132.99651922832118,23,5089,120000,0.0003,382814.09375,39.87228775024414,-0.4533578157424927,3692654.75,6409.14404296875,110001,40000.0,-20702811.857916337,,,,,,,
5.759998037815096,0.30398775052703203,0.3158859981346984,-0.910026876555077,0.0,1082.4739960683214,-230.900351411955,23,5167,122000,0.0003,385256.0625,39.606658935546875,0.2538739740848541,3938727.5,7131.416015625,112001,40000.0,-20702811.857916337,,,,,,,
5.653920575380324,0.5264670931474823,-0.0451685995497441,-0.8165421482470907,0.0,912.9700972517596,79.30432138499083,23,5245,124000,0.0003,391012.6875,32.69050979614258,0.23066005110740662,3725932.5,8710.408203125,114001,40000.0,-20702811.857916337,,,,,,,
4.908574787974356,0.20330481102546386,-0.14746739531429964,-0.9469172696171244,0.0,1116.0865923311917,99.42085195984099,23,5322,126000,0.0003,397393.125,37.07071304321289,-0.1374824345111847,5802405.0,10562.638671875,116001,40000.0,-20702811.857916337,,,,,,,
3.669127848744383,0.20337700395890365,-0.05769543489707735,-0.9498666637788488,0.0,1108.923357382029,28.763693853549785,23,5400,128000,0.0003,396307.9375,38.389976501464844,-0.2122926414012909,10746544.0,18788.44140625,118001,40000.0,-20702811.857916337,,,,,,,
2.560260451436042,0.1317035830089754,0.15192045017297728,-0.9608414942850559,0.0,1137.4588257431076,-64.76338355865495,23,5478,130000,0.0003,390665.78125,50.54047775268555,0.1319827139377594,5002673.0,12559.396484375,120001,40000.0,-20702811.857916337,,,,,,,
10.439244644045841,0.6412692857131452,0.44632221019464935,-0.6880475316495469,0.0,807.8544480922833,-501.4864660552724,23,5556,132000,0.0003,381570.15625,66.02040100097656,0.43606042861938477,15220950.0,34964.6953125,122001,40000.0,-20702811.857916337,,,,,,,
-7.706780675649638,0.9101564382384635,-0.1474047910317268,-0.4177674478906326,0.0,479.6878457428924,-262.09298982245843,23,5633,134000,0.0003,358162.59375,103.05904388427734,-0.890561580657959,14314278.0,27509.48046875,124001,40000.0,-20702811.857916337,,,,,,,
4.68737222850323,0.6403029108592322,-0.14582024362754134,-0.2609505356460012,0.0,222.87040306603123,43.98195826247166,23,5711,136000,0.0003,337925.78125,101.12571716308594,0.367363840341568,8878961.0,12522.43359375,126001,40000.0,-20702811.857916337,,,,,,,
12.467712843418116,0.4914060736129286,0.18122677713911248,-0.5204749300976549,0.0,535.3445684586964,96.42017815671484,23,5787,138000,0.0003,333835.84375,73.30502319335938,0.0570487305521965,7530078.0,9280.720703125,128001,40000.0,-20702811.857916337,,,,,,,
3.1706759333610597,0.806845326065279,-0.07015170011795532,-0.3282772036202823,0.0,345.02885274063186,-180.73172042130577,23,5863,140000,0.0003,324937.5625,66.69344329833984,0.076510950922966,7244846.0,11026.2734375,130001,40000.0,-20702811.857916337,,,,,,,
-0.05793255627153692,0.6103817920554996,-0.2567448570696854,-0.34127603028044606,0.0,312.27392759052987,175.1645016816262,23,5939,142000,0.0003,321131.0625,71.02327728271484,0.29157742857933044,8346801.5,10121.876953125,132001,40000.0,-20702811.857916337,,,,,,,
9.977795987129207,0.4126769521226053,0.30779380130938244,-0.493677665691607,0.0,458.25424528853347,-32.803096587937894,23,6015,144000,0.0003,310533.90625,108.48331451416016,-1.7350201606750488,14092290.0,17517.744140625,134001,40000.0,-20702811.857916337,,,,,,,
5.363210936784748,0.8728617226462669,0.04604552018844882,-0.3811773907835888,0.0,415.997022642963,57.123890963444026,23,6091,146000,0.0003,290059.125,122.25055694580078,0.914825439453125,15383934.0,18875.73828125,136001,40000.0,-20702811.857916337,,,,,,,
3.953241372704507,0.6903776827041821,-0.13583659109741975,-0.45971256031268387,0.0,415.2909648058223,-77.62719410434455,23,6167,148000,0.0003,278614.21875,92.07636260986328,1.2345821857452393,14026286.0,18847.537109375,138001,40000.0,-20702811.857916337,,,,,,,
14.074418266415618,0.6536971438322562,0.1341022939662789,-0.4951754114561882,0.0,462.16771534829917,83.0360229096987,24,6243,150000,0.0003,270784.1875,67.57881164550781,0.4757968783378601,4974779.0,6143.99853515625,140001,40000.0,-20702811.857916337,,,,,,,
5.429461398124714,0.8470519412613638,-0.10369870524195564,-0.3860175209600997,0.0,420.69551763789883,-170.54547035687747,24,6319,152000,0.0003,269475.40625,51.16203689575195,0.31707462668418884,8073918.0,14638.2421875,142001,40000.0,-20702811.857916337,,,,,,,
6.436977630853655,0.707701398594879,-0.06713752481512457,-0.39647099906345085,0.0,356.3861342522197,229.81730357097706,24,6395,154000,0.0003,278253.21875,34.648502349853516,0.44748455286026,914981632.0,19802.435546875,144001,40000.0,-20702811.857916337,,,,,,,
12.046020838618274,0.6518757870203551,0.11333597092530447,-0.5405289173256487,0.0,534.5029332266215,-7.902188971092787,24,6470,156000,0.0003,260188.6875,57.62043762207031,-0.0005451031029224396,13619218.0,19689.1953125,146001,40000.0,-20702811.857916337,,,,,,,
3.0716206347942334,0.31365308191409996,-0.47273881621565966,-0.6126795153798205,0.0,621.6807893544704,36.89199096603548,24,6546,158000,0.0003,250616.46875,46.654266357421875,0.7273896336555481,5342273.0,6643.29248046875,148001,40000.0,-20702811.857916337,,,,,,,
4.670303240418443,0.16265699611887383,0.30531286136102087,-0.6204512046691744,0.0,552.8842422689407,-46.369111847371876,24,6622,160000,0.0003,250201.984375,33.807044982910156,-0.09402132034301758,8457644.0,16524.69921875,150001,40000.0,-19394824.837274,,,,,,,
4.09127100765705,0.1889092022139801,0.26753835324648995,-0.966655460007352,0.0,1165.5252047072042,-129.74041371293464,24,6698,162000,0.0003,254492.75,46.515987396240234,-0.7596599459648132,5828876.0,9365.767578125,152001,40000.0,-19394824.837274,,,,,,,
4.3412353032827475,0.611721677946513,0.07523822597545597,-0.7417028747495052,0.0,869.3059294565136,-70.0633790593102,24,6774,164000,0.0003,249853.53125,61.499794006347656,0.8247089385986328,13471214.0,16609.43359375,154001,40000.0,-19394824.837274,,,,,,,
4.637981349229813,0.16760344379797373,-0.2333686615179008,-0.8645763559440206,0.0,997.5634404826961,-35.61795227858749,24,6850,166000,0.0003,258432.5,43.12192916870117,0.31114661693573,6327989.0,16691.080078125,156001,40000.0,-19394824.837274,,,,,,,
7.727472838163374,0.4042213773932196,0.3406587679569264,-0.75487159868451,0.0,804.9025585722321,-360.97307525262386,24,6926,168000,0.0003,266346.0,32.275115966796875,0.5344584584236145,4802011.0,10257.5078125,158001,40000.0,-19394824.837274,,,,,,,
4.943350399136544,0.45936871604819074,-0.33548028305433786,-0.6773185114636459,0.0,673.5526519558141,119.97950065501605,24,7002,170000,0.0003,269511.5625,31.32719612121582,0.19660931825637817,4064359.75,10143.72265625,160001,40000.0,-19394824.837274,,,,,,,
3.2185926216840772,0.10755140765105674,0.0659850027369291,-0.7207030307899989,0.0,671.5223140654754,-122.50210478179409,24,7078,172000,0.0003,279793.9375,32.696075439453125,-0.1323518007993698,6515081.0,15501.32421875,162001,40000.0,-19394824.837274,,,,,,,
11.807526123523687,0.584189253365573,0.22508735118707104,-0.48888019085364715,0.0,488.03567524636543,-114.23786437648894,24,7154,174000,0.0003,239544.359375,70.06661224365234,1.0946683883666992,10424157.0,12066.6259765625,164001,40000.0,-19394824.837274,,,,,,,
1.269664761424065,0.3076969936220939,-0.30622221231565283,-0.5068820808987318,0.0,389.69036944974664,-129.97742811148473,24,7230,176000,0.0003,244543.59375,49.69668197631836,0.1301204115152359,6916499.0,12458.7158203125,166001,40000.0,-19394824.837274,,,,,,,
14.786351535916324,0.5316840288466633,0.5719881942512197,-0.1230628151832061,0.0,333.6419500352734,219.34714466797357,24,7306,178000,0.0003,240076.875,56.02015686035156,0.29435160756111145,12771830.0,18895.6875,168001,40000.0,-19394824.837274,,,,,,,
-3.915786281228066,-0.46719674892688884,0.4201939203635416,0.11922521016625864,0.0,939.4238547737381,222.5922303502831,24,7382,180000,0.0003,237007.328125,59.25315856933594,0.2528185248374939,7887229.5,10210.6064453125,170001,40000.0,-19394824.837274,,,,,,,
-5.4731438624858795,-0.10586973974397618,0.3822762311640559,-0.47045226428325165,0.0,1158.8893214905445,586.0075052147225,24,7458,182000,0.0003,244120.25,37.60054016113281,0.054248593747615814,4791695.0,6331.8134765625,172001,36250.6,-22018287.738667198,,,,,,,
2.1039252334833156,0.14825125600283204,-0.05054666423921222,-0.9628520850007986,0.0,1126.9363865398952,0.7488739357914258,24,7534,184000,0.0003,258815.3125,41.642189025878906,-2.228445529937744,29089648.0,17211.310546875,174001,36250.6,-22018287.738667198,,,,,,,
-6.899188966155046,-0.27832471886042864,-0.47480397309267486,-0.8674617041433078,0.0,1033.5646126595188,-397.2388327894127,24,7609,186000,0.0003,241856.796875,91.02278137207031,-1.8590456247329712,11670270.0,15846.513671875,176001,36250.6,-22018287.738667198,,,,,,,
0.3289839696884196,-0.07020169028628906,-0.4441899188489967,-0.5691072687548869,0.0,752.3616523605715,321.00162394544964,24,7685,188000,0.0003,228140.953125,100.88591003417969,0.947376012802124,12131608.0,12273.98046875,178001,36250.6,-22018287.738667198,,,,,,,
11.354605212211602,0.5484549957046444,-0.14961877260157366,-0.8040068626783243,0.0,1440.1879053210953,439.08239294636,24,7761,190000,0.0003,227143.953125,69.63531494140625,0.00410076230764389,12722270.0,9518.5,180001,36250.6,-22018287.738667198,,,,,,,
9.55283971250058,0.6192798689932768,0.11627611333538512,-0.7673381724732671,0.0,1291.01895929508,-349.5579279175873,24,7837,192000,0.0003,230563.359375,58.852603912353516,-0.07863505184650421,8586774.0,9990.1728515625,182001,36250.6,-22018287.738667198,,,,,,,
8.8722152364254,0.7411536856158301,0.057158987528849216,-0.6996295093140081,0.0,1068.3484949448039,-137.61356485809728,24,7913,194000,0.0003,232435.53125,53.51850128173828,-0.26976343989372253,8860215.0,9566.1298828125,184001,36250.6,-22018287.738667198,,,,,,,
12.212172769308097,0.6832000352442109,0.19453869249699854,-0.5890422476499755,0.0,814.5535528583323,-412.74637862909356,24,7989,196000,0.0003,244105.96875,60.45830535888672,-0.23898154497146606,7777973.0,7615.431640625,186001,36250.6,-22018287.738667198,,,,,,,
-11.085281745195404,-0.653373676096375,0.38747314732457766,-0.6636415493477812,0.0,741.7190644374535,389.4498725645289,24,8063,198000,0.0003,244679.921875,63.643028259277344,0.3953310549259186,9316926.0,11303.62890625,188001,36250.6,-22018287.738667198,,,,,,,
-2.0523793804645543,-0.07923991595878746,0.3519307648907725,-0.9455006842078245,0.0,1135.1566594605058,143.15721605681327,,,200000,0.0003,237945.140625,74.28687286376953,0.1760617196559906,10748940.0,18214.689453125,190000,,,0.0,0.0,40000.0,-36798.813806890495,2088.0122064649513,0.0,0.0
,,,,,,,21,9257,200000,0.0003,240465.21875,74.281494140625,0.025139987468719482,9313858.0,6769.96728515625,190001,36250.6,-22018287.738667198,,,,,,,
5.315295105576515,0.29299825323084483,0.22397931528101758,-0.9002006708709122,0.0,1036.9388861352681,-228.95266462045603,21,9333,202000,0.0003,236354.21875,80.3200454711914,-0.32708483934402466,9446140.0,7595.7333984375,192001,36250.6,-22018287.738667198,,,,,,,
5.573486832380294,0.38929020903926925,-0.12309207244291451,-0.8608750197852789,0.0,943.4950113734783,92.26014182538901,21,9408,204000,0.0003,232471.671875,81.25334930419922,-0.2882448434829712,9667268.0,17810.091796875,194001,36250.6,-22018287.738667198,,,,,,,
7.3865144741535165,0.32959780844918773,0.11179051929490409,-0.8672544383150959,0.0,947.207387606982,-126.05748909172152,21,9484,206000,0.0003,235383.65625,66.32537078857422,0.5752378702163696,13609704.0,16639.13671875,196001,36250.6,-22018287.738667198,,,,,,,
7.8267965370416634,0.5259848957734236,-0.08315288515990558,-0.7433306344137737,0.0,799.688549581486,33.71414107229911,21,9560,208000,0.0003,244247.5625,51.65330123901367,0.00828319787979126,12599512.0,15482.2509765625,198001,36250.6,-22018287.738667198,,,,,,,
7.51875858843327,0.3615816269652416,0.10360293753484442,-0.8117665637854147,0.0,840.98782102361,-158.54958594481843,21,9636,210000,0.0003,267808.375,49.112815856933594,0.040381863713264465,16655510.0,15905.9208984375,200001,36250.6,-22018287.738667198,,,,,,,
10.187552512288082,0.6050752163160823,0.12451042141833782,-0.6592283973654599,0.0,658.2959619182004,-89.94722917263563,21,9712,212000,0.0003,280769.625,47.18582534790039,0.3030170500278473,10868508.0,10519.494140625,202001,36250.6,-22018287.738667198,,,,,,,
4.959936861991882,0.4661779513102725,-0.3190629490303719,-0.7125042012373081,0.0,729.1227821889823,152.49384046614045,21,9789,214000,0.0003,296318.1875,50.63684844970703,-0.1108865961432457,10087364.0,10617.080078125,204001,36250.6,-22018287.738667198,,,,,,,
2.2540055119991336,0.029239785630807494,-0.21413883805198128,-0.8131497145538473,0.0,816.2179147909688,31.995931116034846,21,9865,216000,0.0003,302433.09375,52.36061477661133,0.6400012373924255,14137572.0,10622.08203125,206001,36250.6,-22018287.738667198,,,,,,,
6.679469251632694,0.21171249506064174,0.3510507220449684,-0.7361920194790107,0.0,742.3306120124203,-256.4095972873444,21,9941,218000,0.0003,314331.59375,54.70802307128906,0.34893128275871277,10615479.0,9457.693359375,208001,36250.6,-22018287.738667198,,,,,,,
4.995342261791238,0.46299109858193455,0.13096712069945565,-0.6475160998780469,0.0,593.9673524481758,19.605045283078546,21,10017,220000,0.0003,319534.3125,58.26616287231445,-0.1768675595521927,11852772.0,15944.3798828125,210001,36250.6,-22018287.738667198,,,,,,,
8.468715770244607,0.31534538135851764,-0.08978954020645732,-0.7906559078195473,0.0,825.8157497448765,155.58262243509054,21,10094,222000,0.0003,325462.53125,54.579917907714844,0.3646323084831238,9591884.0,8379.1103515625,212001,36875.5,-21763644.441848166,,,,,,,
3.9728254455328016,0.2292165060640821,0.22215176496099662,-0.9020046268611224,0.0,1026.5315871440575,-137.9101279311668,22,10170,224000,0.0003,341038.1875,55.65501403808594,-0.4374125599861145,16653418.0,14841.8994140625,214001,36875.5,-21763644.441848166,,,,,,,
6.361118175983431,0.4452598600347144,0.09456772868149023,-0.8295049970002426,0.0,902.6012889286247,-63.70918320762286,22,10246,226000,0.0003,345612.21875,58.381160736083984,0.18364295363426208,14978971.0,14163.5234375,216001,36875.5,-21763644.441848166,,,,,,,
7.6697525185346604,0.31958062118857283,-0.018781155611031414,-0.8834925857157638,0.0,1021.329731719333,15.194828151156097,22,10323,228000,0.0003,352632.8125,63.5651741027832,0.3344005346298218,16486750.0,16665.7578125,218001,36875.5,-21763644.441848166,,,,,,,
6.475340002179148,0.5957267803950907,0.15654485285714506,-0.7450670039829789,0.0,789.4998401158082,-161.94991874788622,22,10399,230000,0.0003,357602.28125,90.24009704589844,0.12232725322246552,19498220.0,24505.955078125,220001,36875.5,-21763644.441848166,,,,,,,
11.536166786551478,0.6095738177836199,-0.05366109514399664,-0.7529454239890279,0.0,817.9979360274397,97.91058930424684,22,10475,232000,0.0003,349488.4375,117.22686004638672,-0.4250069260597229,24444358.0,19711.44921875,222001,36875.5,-21763644.441848166,,,,,,,
5.286387630105019,0.5632882375447889,-0.23583006407118748,-0.7349409414339454,0.0,841.0015286029127,127.21753617493147,22,10551,234000,0.0003,344915.4375,96.84049987792969,0.4089515507221222,28685048.0,21923.9140625,224001,36875.5,-21763644.441848166,,,,,,,
7.737463656067851,0.3455141578426287,0.1577520417955491,-0.8196030469630466,0.0,871.4425122726825,-221.1561868648175,22,10628,236000,0.0003,349920.40625,62.58816146850586,0.09230297058820724,15477316.0,9814.7646484375,226001,36875.5,-21763644.441848166,,,,,,,
11.044259145259865,0.6135501426118428,0.0903915315548009,-0.664523872576405,0.0,664.8449878194884,-82.4809616000303,22,10704,238000,0.0003,352842.625,62.08436965942383,-0.013873077929019928,15268895.0,13446.1328125,228001,36875.5,-21763644.441848166,,,,,,,
1.4928477472066888,0.35101507455199144,-0.40081346563724285,-0.7006999860167569,0.0,719.5432035195803,68.86569339786479,22,10780,240000,0.0003,344308.3125,71.48222351074219,0.39918574690818787,26231568.0,31846.744140625,230001,36875.5,-21763644.441848166,,,,,,,
0.5001143342256543,-0.10003489563969357,-0.014232849416030102,-0.7476175407114671,0.0,709.917358182418,73.00791156876774,22,10857,242000,0.0003,340035.75,83.84159851074219,-0.8765764236450195,16288700.0,10158.7021484375,232001,36875.5,-21763644.441848166,,,,,,,
5.68210458815098,0.214418718287227,0.13762108147949445,-0.6708798044923345,0.0,597.3216516540919,-227.5301580509911,22,10933,244000,0.0003,323589.9375,78.26901245117188,0.6009840369224548,19391852.0,26685.27734375,234001,36875.5,-21763644.441848166,,,,,,,
0.009116758704185796,0.129384655522221,-0.1298959334048304,-0.6759848151734881,0.0,572.3641510950129,13.88304493836355,22,11009,246000,0.0003,319782.53125,67.14502716064453,0.3029201626777649,17916604.0,18864.734375,236001,36875.5,-21763644.441848166,,,,,,,
1.2562025839090347,-0.09579579307643782,-0.05764949246458586,-0.6818938298370206,0.0,596.0875226356288,155.65841445470133,22,11085,248000,0.0003,319237.9375,67.52875518798828,-0.41330456733703613,31297656.0,44791.46875,238001,36875.5,-21763644.441848166,,,,,,,
4.447675691246993,0.14750131511011708,0.13545144880591947,-0.6308493585037442,0.0,538.3064239429591,-212.27059304697198,22,11161,250000,0.0003,318415.53125,78.505126953125,-0.03545806556940079,19461976.0,24670.421875,240001,36875.5,-21763644.441848166,,,,,,,
2.6108995735645295,0.19268992535262533,0.14761234380780308,-0.6382214179978168,0.0,514.6378578699882,-34.28467467710642,22,11237,252000,0.0003,314986.84375,114.08950805664062,0.7231166362762451,21158724.0,18826.927734375,242001,36875.5,-21763644.441848166,,,,,,,
8.334574434161174,0.4422110776863061,0.20941731668749286,-0.5239787863438609,0.0,429.4511055841382,-66.08982712406058,22,11313,254000,0.0003,310419.71875,109.53804016113281,0.12793737649917603,32329228.0,28053.529296875,244001,36875.5,-21763644.441848166,,,,,,,
9.194518542289735,0.4635348578394879,-0.401791928819187,-0.6041436654901524,0.0,612.7708832543544,365.3653233259295,22,11389,256000,0.0003,315179.0,74.92190551757812,0.4991130232810974,20245856.0,14668.5595703125,246001,36875.5,-21763644.441848166,,,,,,,
-9.35670580506324,-0.2565361929622396,-0.35026512362595025,-0.6198708113492929,0.0,562.324356009109,-385.8080538109276,22,11465,258000,0.0003,275521.28125,142.3201904296875,-2.3801074028015137,39888016.0,25081.271484375,248001,36875.5,-21763644.441848166,,,,,,,
-0.5814952248334874,-0.6878680562931119,-0.3023999798542024,-0.4769652215518225,0.0,459.74307514941967,187.21417523507782,22,11541,260000,0.0003,153059.78125,260.14031982421875,-2.7809085845947266,56970684.0,37320.4921875,250001,36875.5,-21763644.441848166,,,,,,,
-9.188049405813224,0.002806472926875199,-0.5159596290473025,-0.5745580516815654,0.0,821.2476222251108,-200.1473693508452,22,11617,262000,0.0003,26146.462890625,386.8075256347656,-0.6328297257423401,87565168.0,34407.640625,252001,37321.857142857145,-21134580.966288716,,,,,,,
-6.66938839972019,-0.7106863150269772,-0.08015404934226403,-0.6976737275068353,0.0,788.128776531381,-172.20802032254787,22,11692,264000,0.0003,15139.86328125,243.28024291992188,0.9898276329040527,77412360.0,35044.0859375,254001,37321.857142857145,-21134580.966288716,,,,,,,
-7.081286919116976,-0.5147256098960907,0.22290956168070872,-0.8212421990165977,0.0,915.1121730666656,216.72070524241235,22,11767,266000,0.0003,9213.0751953125,234.75755310058594,0.06437216699123383,62597176.0,39941.32421875,256001,37321.857142857145,-21134580.966288716,,,,,,,
-5.0179149663448275,-0.22172973387103317,0.09426880898770361,-0.9461182617322678,0.0,1096.224787407041,71.87567628056625,22,11842,268000,0.0003,1409.779052734375,224.62364196777344,0.25376614928245544,35102840.0,17118.041015625,258001,37321.857142857145,-21134580.966288716,,,,,,,
-3.9722286862134975,-0.21782740400773742,-0.02145931107566262,-0.9490144917384581,0.0,1096.5015002218033,-12.804628910934216,22,11918,270000,0.0003,-1952.5697021484375,166.35330200195312,0.7845674157142639,49063448.0,32456.716796875,260001,37321.857142857145,-21134580.966288716,,,,,,,
-2.0606597214937254,-0.13767264404341295,0.09993468809965425,-0.9591641011033414,0.0,1114.9347155999174,36.67190346676968,22,11994,272000,0.0003,-2086.02587890625,116.38361358642578,-0.5760692358016968,63704504.0,45206.5625,262001,37321.857142857145,-21134580.966288716,,,,,,,
-1.80285250544548,-0.06070722740633027,0.013531659730207877,-0.9687612382664748,0.0,1128.0067536602965,12.916916416080525,22,12071,274000,0.0003,6437.23388671875,101.69535064697266,-0.5462303757667542,29281416.0,28493.55078125,264001,37321.857142857145,-21134580.966288716,,,,,,,
-0.3029502230882633,-0.04008814816428745,0.052265309875265925,-0.9691005553990769,0.0,1130.7309626592546,10.458460118359318,22,12147,276000,0.0003,10219.8837890625,107.45262908935547,0.3358583152294159,32373166.0,25204.33984375,266001,37321.857142857145,-21134580.966288716,,,,,,,
3.2459823477268226,0.15748414547809422,0.1479741729427092,-0.9426270177294924,0.0,1085.9103565447263,-82.99325489417869,22,12223,278000,0.0003,22106.794921875,98.20500183105469,-0.24611356854438782,22500016.0,15849.4453125,268001,37321.857142857145,-21134580.966288716,,,,,,,
3.54476551473141,0.2392678658865022,0.015836647114864443,-0.9242735006671016,0.0,1043.3943112832046,-9.64031566529749,22,12299,280000,0.0003,24006.021484375,98.65110778808594,0.4906284809112549,18076078.0,11520.701171875,270001,37321.857142857145,-21134580.966288716,,,,,,,
6.223851459026333,0.2640727946873007,0.027517092319683387,-0.9151899756979839,0.0,1035.1025401018387,17.43646312309427,22,12375,282000,0.0003,34779.67578125,101.9165267944336,0.4834560453891754,23378120.0,14210.232421875,272001,37321.857142857145,-21134580.966288716,,,,,,,
5.926094985604283,0.40061874746774984,0.034277626784439894,-0.8456538465177128,0.0,924.1025458238839,-115.42690850659301,22,12451,284000,0.0003,39021.69140625,94.49751281738281,-0.1539410501718521,20092726.0,14371.978515625,274001,37321.857142857145,-21134580.966288716,,,,,,,
3.2425071758031856,0.22013213992619593,-0.22568178131489242,-0.8944795895917931,0.0,1008.0268121492895,141.01330578974853,22,12527,286000,0.0003,40125.6015625,86.76522064208984,0.23803424835205078,22675072.0,26275.4921875,276001,37321.857142857145,-21134580.966288716,,,,,,,
3.644867658615112,0.24741009102407954,0.39179270693268015,-0.8059687519005425,0.0,1044.6322457729764,-358.09409878356695,22,12603,288000,0.0003,50343.51953125,134.15902709960938,-0.7650784850120544,29943148.0,20111.04296875,278001,37321.857142857145,-21134580.966288716,,,,,,,
9.113847454786297,0.4535603917075313,0.062436247514325055,-0.7618815265519147,0.0,858.8144445467882,13.653863681306191,22,12679,290000,0.0003,20042.02734375,219.76663208007812,-0.06526343524456024,62343028.0,33465.11328125,280001,37321.857142857145,-21134580.966288716,,,,,,,
0.8388506013155184,-0.1703690698881611,0.6128516917093945,-0.2670248574560261,0.0,759.2217928508959,268.0329169514374,22,12755,292000,0.0003,5526.130859375,156.34385681152344,0.34003928303718567,40430672.0,29471.544921875,282001,37321.857142857145,-21134580.966288716,,,,,,,
-3.413464446663867,-0.049684214366115115,0.4123002177734048,-0.7558477776810913,0.0,1303.051517048856,767.7377274408886,22,12830,294000,0.0003,17637.23828125,108.35686492919922,1.073214054107666,33530012.0,21132.580078125,284001,36618.875,-23540170.987159997,,,,,,,
5.863559283018112,0.3887499750978642,0.2699647653165457,-0.8674239096314785,0.0,990.3428826383428,-302.791640785238,22,12905,296000,0.0003,24898.908203125,80.79806518554688,-0.11357864737510681,30629916.0,22167.0703125,286001,36618.875,-23540170.987159997,,,,,,,
5.020048724412917,0.28942409660695595,-0.30049428019586455,-0.8987037366204407,0.0,1055.2279789989934,279.94112639561155,22,12980,298000,0.0003,31247.431640625,113.81868743896484,-1.0270582437515259,26634124.0,16549.322265625,288001,36618.875,-23540170.987159997,,,,,,,
-4.451503344178198,-0.12862905777631153,-0.47819683281420433,-0.9034783082886708,0.0,1112.8031030866698,-236.66147561858193,,,300000,0.0003,-9203.505859375,199.5573272705078,-1.7892189025878906,31470336.0,19299.55859375,290000,,,0.0,0.0,40000.0,-128086298242.5747,8402184772.26353,0.0,0.0
,,,,,,,21,14193,300000,0.0003,-4087.2236328125,199.61947631835938,-1.6317375898361206,55761536.0,27607.658203125,290001,36618.875,-23540170.987159997,,,,,,,
-17.944362990260057,-0.21973329633036884,-1.5807789359303754,-0.28365838004550115,0.0,1870.9262113786194,18228.757977494948,21,14267,302000,0.0003,-51696.78515625,363.90020751953125,-1.2628780603408813,59310952.0,21803.37890625,292001,33475.555555555555,-24006814.90378144,,,,,,,
-17.949065567851083,0.06506918472293155,-2.049292921740818,0.12977423304220828,0.0,2681.358374211881,27182.32586489259,21,14343,304000,0.0003,-74741.390625,427.15728759765625,-0.5958030819892883,38968600.0,18998.791015625,294001,30264.0,-24006723.534809098,,,,,,,
-17.522662303447774,-0.10649049006052298,-1.8847222049168595,-0.209395316048438,0.0,2449.610793015281,20902.825127622167,21,14418,306000,0.0003,-91873.609375,380.19683837890625,-0.12031885981559753,72862184.0,51443.87109375,296001,25455.166666666668,-24009673.829257663,,,,,,,
-17.50082545518875,-0.08468046857422352,-1.8493792630751784,-0.00510653479479023,0.0,2111.4614619706776,17145.26938615585,21,14493,308000,0.0003,-98541.453125,355.8607177734375,-0.023006819188594818,44108856.0,34455.8828125,298001,23608.923076923078,-24011481.667317457,,,,,,,
-16.955691106915477,0.020988772398362932,-1.9607568347416025,-0.038654504607445815,0.0,2741.8069563664835,29902.424466881293,21,14568,310000,0.0003,-106228.3515625,283.08282470703125,0.6813424825668335,51589100.0,33138.1328125,300001,20653.666666666668,-24014253.702055994,,,,,,,
-16.9287995600701,-0.16600239935290262,-1.7892127031682326,-0.19333941572842753,0.0,2094.4299145438745,16289.895852476926,21,14643,312000,0.0003,-98727.296875,242.46875,0.430532306432724,37589656.0,25101.947265625,302001,19457.1875,-24015520.2891405,,,,,,,
-16.586267501711877,-0.03983486194253118,-1.759769270481389,-0.06643075875901519,0.0,2001.7138765328634,15556.167795942703,21,14718,314000,0.0003,-95657.6953125,199.69554138183594,0.14677831530570984,31612994.0,23435.259765625,304001,18400.41176470588,-24017417.205461115,,,,,,,
-9.311531173586843,0.023396970185678892,-1.4805141403678486,-0.20755707790657243,0.0,1724.9912876162766,13354.81846272278,21,14793,316000,0.0003,-99868.8125,145.4931182861328,0.5928038358688354,31370760.0,36573.83203125,306001,17462.277777777777,-24019463.213788554,,,,,,,
2.189859489798546,-0.015753194055540185,-0.648319507764285,-0.7192735519001989,0.0,1508.3180074532434,62.51052867926753,21,14868,318000,0.0003,-99328.6484375,112.15159606933594,0.7377114295959473,32750956.0,41018.97265625,308001,16691.473684210527,-24056608.260703214,,,,,,,
-7.723087266683569,-0.5417778514911153,-0.11566878899327056,-0.799998664593252,0.0,874.1148912899482,-160.8722482908875,21,14943,320000,0.0003,-81161.2578125,111.19666290283203,-0.6450197100639343,27455976.0,17940.4765625,310001,16691.473684210527,-24056608.260703214,,,,,,,
-11.007104061841954,-0.6440964856135927,-0.1493428851525372,-0.7347202897432505,0.0,791.3197911304561,-171.69131602030487,21,15018,322000,0.0003,-80735.703125,113.7414321899414,-0.20727258920669556,28518328.0,19746.07421875,312001,16691.473684210527,-24056608.260703214,,,,,,,
-3.660296304225925,-0.6698924751278533,0.5277751785442694,-0.5601352827140569,0.0,828.4679946931493,432.6411459403555,21,15093,324000,0.0003,-69753.625,114.31468200683594,-0.18201082944869995,24101744.0,17280.66015625,314001,16691.473684210527,-24056608.260703214,,,,,,,
-3.6363489967584566,-0.07158941240731602,-0.5019457791325043,-0.6314943706876445,0.0,926.0850766108501,-673.6024945011351,21,15168,326000,0.0003,-71301.40625,115.00011444091797,-0.028308987617492676,25184370.0,17056.240234375,316001,16691.473684210527,-24056608.260703214,,,,,,,
4.927978669404983,-0.6505943925531414,0.10565289571647007,-0.2095304559084645,0.0,219.57236319023716,-234.1182973440224,21,15243,328000,0.0003,-57815.8828125,121.97816467285156,0.02142251282930374,32883218.0,19984.64453125,318001,16691.473684210527,-24056608.260703214,,,,,,,
-6.010212244987481,-0.49017233375983327,0.5941074880519225,-0.2716368074760273,0.0,774.5212131729319,536.8197981204365,21,15317,330000,0.0003,-59362.11328125,137.72003173828125,0.34221214056015015,40197472.0,19660.130859375,320001,16691.473684210527,-24056608.260703214,,,,,,,
-1.3504462498426444,0.07381336517992154,-0.49310664756224426,-0.7140649417914764,0.0,804.6978863947347,-59.41758603328819,21,15392,332000,0.0003,-55648.109375,148.71792602539062,0.27496597170829773,46225632.0,22570.400390625,322001,16691.473684210527,-24056608.260703214,,,,,,,
-0.38293457090854444,-0.22564417417746202,0.5254640264596796,-0.582046173914917,0.0,671.2494161277093,263.0618917552071,21,15467,334000,0.0003,-49967.4140625,158.4236602783203,0.12905219197273254,27481116.0,22403.00390625,324001,16691.473684210527,-24056608.260703214,,,,,,,
9.04385388731957,0.4783250583015048,0.11998677509008435,-0.46339086425199866,0.0,360.4244453883704,-581.6435755071693,21,15541,336000,0.0003,-47629.03515625,166.3780517578125,0.4582369327545166,30969832.0,15809.5400390625,326001,16691.473684210527,-24056608.260703214,,,,,,,
11.996782661080353,0.477094415060984,-0.08735983438735304,-0.5030980626805419,0.0,401.67102428976943,210.53494193611084,21,15616,338000,0.0003,-40530.14453125,141.44459533691406,-0.0076979100704193115,88770784.0,62625.63671875,328001,16691.473684210527,-24056608.260703214,,,,,,,
-1.397847136259079,0.013157507304061272,-0.0073554771684086135,-0.5388196324276447,0.0,719.8783224330876,-193.65774000961324,21,15691,340000,0.0003,-36265.56640625,154.73666381835938,-0.04869437217712402,70299256.0,39141.6640625,330001,16691.473684210527,-24056608.260703214,,,,,,,
2.551589339971546,-0.14978572577272492,-0.5065175960812612,-0.5761810097169454,0.0,612.7667420113584,237.70081958811426,21,15765,342000,0.0003,-28646.9453125,194.6605682373047,-0.2822919487953186,141163552.0,128456.78125,332001,16691.473684210527,-24056608.260703214,,,,,,,
-3.1810818535089567,-0.10676854930534924,0.35059027367025103,-0.6874277513549324,0.0,639.5627463436578,142.93993956938564,21,15840,344000,0.0003,-21641.375,245.5583953857422,-0.6241308450698853,126364880.0,98539.125,334001,16691.473684210527,-24056608.260703214,,,,,,,
-7.202937023639676,-0.17946622933854,-0.4148543688132759,-0.6312932218208955,0.0,576.5071167180691,-337.3809272896089,21,15914,346000,0.0003,-26711.029296875,324.1556396484375,0.3396233022212982,194110976.0,128256.765625,336001,16691.473684210527,-24056608.260703214,,,,,,,
-3.327907872796056,-0.413429184679944,0.1371475987759283,-0.45685259888947405,0.0,319.35231122725776,3.074680110554122,21,15989,348000,0.0003,9760.380859375,382.87921142578125,-0.9735066890716553,3278123302912.0,275712.0625,338001,16691.473684210527,-24056608.260703214,,,,,,,
-1.206468227505685,-0.05701843235679221,0.2517759359054146,-0.4818561933114815,0.0,312.4546005858885,-6.610109777954345,21,16063,350000,0.0003,-11815.068359375,464.2316589355469,-0.43088048696517944,805743040.0,278691.90625,340001,16691.473684210527,-24056608.260703214,,,,,,,
-5.48218978703022,-0.0849029070292172,-0.31716051812140145,-0.4459108045499155,0.0,299.09087778669505,-83.69421695150422,21,16137,352000,0.0003,-23452.685546875,542.4357299804688,-0.3484308123588562,1324448512.0,406725.90625,342001,16691.473684210527,-24056608.260703214,,,,,,,
-5.979689598083502,-0.22820671331505116,0.18380467957938654,-0.38564802038228,0.0,237.52810724663874,46.64889267266063,21,16212,354000,0.0003,-75336.90625,694.7283935546875,0.07552198320627213,722221952.0,219454.703125,344001,16691.473684210527,-24056608.260703214,,,,,,,
2.0150941407680496,-0.00785015976145313,0.09529395732406677,-0.420081795386476,0.0,221.37710866797173,6.713006767986195,21,16286,356000,0.0003,-124994.0546875,753.16748046875,0.15785498917102814,803379520.0,147025.359375,346001,16691.473684210527,-24056608.260703214,,,,,,,
-4.699047371149061,-0.12241631020737646,-0.41349125224169553,-0.6006377124480413,0.0,599.6776325417756,-178.66240754339785,21,16361,358000,0.0003,-133154.1875,849.4578857421875,0.7323710918426514,1653845504.0,449728.875,348001,17856.9,-23565126.8323955,,,,,,,
-3.6671480274200463,-0.1622728558387188,-0.723517656465548,-0.4549357674713832,0.0,777.6760411128901,645.8584605707892,21,16436,360000,0.0003,-231251.84375,929.19677734375,0.005576580762863159,1984630016.0,303575.96875,350001,17856.9,-23565126.8323955,,,,,,,
14.561035045981411,0.5781502934514381,0.27849854989408335,-0.7128877402320656,0.0,1330.792861236711,-885.217359840987,21,16511,362000,0.0003,-244826.1875,934.3146362304688,-0.06478756666183472,9394565120.0,975474.1875,352001,17856.9,-23565126.8323955,,,,,,,
-10.970027020573625,-0.5771497879821741,0.1726936932316106,-0.47565408145824567,0.0,551.3590255703108,-93.06221091669708,21,16585,364000,0.0003,-401469.15625,944.71923828125,0.2515431344509125,2107497856.0,409160.78125,354001,17856.9,-23565126.8323955,,,,,,,
-3.404386344552053,0.06646920576570771,-0.5324995247926659,-0.40868801916617864,0.0,771.2557272347204,777.3376220083634,21,16660,366000,0.0003,-609977.125,1140.2984619140625,-0.09826239943504333,13987449856.0,776854.125,356001,17856.9,-23565126.8323955,,,,,,,
8.93864612042904,0.25353995246509214,0.03045389640974751,-0.7099176393539509,0.0,1575.200449607706,25.52577041316405,21,16735,368000,0.0003,-620075.5,1383.6102294921875,-0.9410549402236938,29685090304.0,1542047.625,358001,17856.9,-23565126.8323955,,,,,,,
10.09056522011761,0.39430484499712404,0.5617354417075728,-0.24582168315772168,0.0,668.4762482462587,-827.8072725599067,22,16809,370000,0.0003,-641096.875,1752.22265625,-0.014655441045761108,95458508800.0,3645383.5,360001,17856.9,-23565126.8323955,,,,,,,
-16.479302905797958,-0.6212961087602796,0.07156771102534591,-0.3968288626136027,0.0,371.2820265064262,-178.69313573832008,22,16884,372000,0.0003,-1325456.75,2342.360595703125,-0.5052258372306824,186760839168.0,5182854.5,362001,17856.9,-23565126.8323955,,,,,,,
-4.108949207067495,-0.6885746535471565,-0.11652189771459816,-0.4793862653387473,0.0,448.30214314097583,150.9277075918646,22,16961,374000,0.0003,-1080940.75,3167.948974609375,-2.151350736618042,337915215872.0,5269512.5,364001,17856.9,-23565126.8323955,,,,,,,
-14.457518164515493,-0.7997933195413273,-0.015580259404575508,-0.5204286144985764,0.0,529.5753113855526,16.63215795299041,22,17035,376000,0.0003,-1688202.25,4365.765625,-1.8324437141418457,467553550336.0,8559598.0,366001,17856.9,-23565126.8323955,,,,,,,
2.431821748018282,0.1710054391556392,-0.5991097179732625,-0.46668792163201156,0.0,1003.0220180635079,1162.308496973603,22,17110,378000,0.0003,-1923063.625,5742.7802734375,-1.3946952819824219,358968197120.0,6610157.5,368001,17856.9,-23565126.8323955,,,,,,,
11.00045124351976,0.4290120794255168,0.36159424225565734,-0.698134910241622,0.0,1438.0216745818443,-935.7707173751406,22,17185,380000,0.0003,-3407839.5,7659.60791015625,-0.2492746114730835,642696282112.0,10486998.0,370001,17856.9,-23565126.8323955,,,,,,,
-3.1630354094505266,0.10550373503141755,0.3681112418565146,-0.32346692022036544,0.0,478.0384855609433,-279.70250602519894,22,17259,382000,0.0003,-3932538.0,9798.5625,0.09974642843008041,1630774493184.0,12698998.0,372001,17856.9,-23565126.8323955,,,,,,,
-15.384523741602884,-0.8009473223242088,-0.2133835778387916,-0.368122755056445,0.0,396.67535572085677,-27.16373194702746,22,17334,384000,0.0003,-5998283.5,11312.255859375,-0.38446131348609924,200689811456.0,3591992.0,374001,17856.9,-23565126.8323955,,,,,,,
-0.3065195965766943,-0.1538867860139011,-0.04350216153886158,-0.34517520627018666,0.0,457.750153788911,27.312529562280524,22,17408,386000,0.0003,-6174532.0,13444.2099609375,-1.4797070026397705,889467568128.0,10508810.0,376001,17856.9,-23565126.8323955,,,,,,,
6.059075592756274,0.4397704019088401,-0.6457632551479258,-0.4094146322024282,0.0,1180.3709307523186,1269.5437134670294,22,17482,388000,0.0003,-8416958.0,15613.96484375,-0.07064911723136902,393252536320.0,7129905.0,378001,17856.9,-23565126.8323955,,,,,,,
-8.886545327901821,-0.5144855098610542,-0.6938101112313839,-0.7108431959543757,0.0,1042.5222572714986,-524.4333541632,22,17556,390000,0.0003,-10110747.0,16483.740234375,-0.1715221405029297,578659155968.0,6782864.5,380001,18483.52380952381,-24204117.09926024,,,,,,,
5.585445121526721,0.46942183940090404,-0.628789775254566,-0.5151876170862821,0.0,1203.998663786071,1138.3279803198113,22,17629,392000,0.0003,-10880249.0,19368.857421875,-1.9887216091156006,788411056128.0,11092599.0,382001,18483.52380952381,-24204117.09926024,,,,,,,
5.378593412041661,0.13619744118397167,0.22339382481202358,-0.7186362295784138,0.0,1726.8226944827275,-437.6343937467731,22,17702,394000,0.0003,-13279018.0,20846.166015625,-0.6872560381889343,682547740672.0,5264073.0,384001,18483.52380952381,-24204117.09926024,,,,,,,
13.129547249674763,0.6724011100364463,0.34490231074345495,-0.31701510867138066,0.0,747.6283838330974,-718.0079292862989,22,17775,396000,0.0003,-16995468.0,21184.806640625,0.36631834506988525,511814336512.0,4995309.0,386001,18483.52380952381,-24204117.09926024,,,,,,,
-17.480415572524027,-0.659276241390501,0.16179184824632203,-0.5580395780515793,0.0,640.9638981626965,-10.943680898381611,22,17848,398000,0.0003,-16552854.0,22924.98828125,1.7396175861358643,3793750065152.0,21504914.0,388001,18483.52380952381,-24204117.09926024,,,,,,,
6.473481867313368,0.28085747802274563,-0.49705497354632483,-0.5853574422912766,0.0,1063.4554949607566,968.4937329495699,,,400000,0.0003,-20921032.0,25748.03515625,1.1697055101394653,2095932243968.0,12755874.0,390000,,,0.007046875000000005,0.0,40000.0,-132145.98604589372,30002.100511190307,0.007046875000000005,0.0
,,,,,,,20,19056,400000,0.0003,-20958790.0,25746.193359375,0.6929656267166138,1849459736576.0,15464554.0,390001,18483.52380952381,-24204117.09926024,,,,,,,
13.532255301475532,0.5850939788686881,0.32103404330153607,-0.6964783578813533,0.0,1274.2490860327418,-937.9472917781678,21,19130,402000,0.0003,-21410784.0,26225.064453125,1.0030254125595093,2740577632256.0,20231370.0,392001,18483.52380952381,-24204117.09926024,,,,,,,
-9.412848767042165,-0.3778789612666085,0.5004989606084295,-0.5966954470372676,0.0,780.8330366012101,345.4765525730005,21,19204,404000,0.0003,-24733232.0,27533.240234375,1.0603947639465332,10576718725120.0,39587900.0,394001,18483.52380952381,-24204117.09926024,,,,,,,
-13.479761337041849,-0.5968038650862793,-0.3866644671972121,-0.6876802078405574,0.0,774.9881898958087,-432.18780622767963,21,19278,406000,0.0003,-26758180.0,29144.033203125,-0.020468533039093018,5393906401280.0,30020350.0,396001,18483.52380952381,-24204117.09926024,,,,,,,
11.46877493023872,0.44037643775502305,-0.4400822138928337,-0.63789791904441,0.0,1323.9825724919478,1046.081403215572,21,19352,408000,0.0003,-28829876.0,30535.287109375,-0.12373051047325134,8864919453696.0,32749822.0,398001,18483.52380952381,-24204117.09926024,,,,,,,
12.424336821436885,0.3859124391551943,0.5381572365145354,-0.541788666775417,0.0,1019.8383709189818,-949.4518091155227,21,19426,410000,0.0003,-29659950.0,31437.05078125,1.752746820449829,5672688156672.0,32136722.0,400001,18483.52380952381,-24204117.09926024,,,,,,,
-6.04648120462895,-0.18404647508670652,0.365215110833182,-0.6665234079786592,0.0,1096.475245585554,127.0038513462897,21,19500,412000,0.0003,-34014084.0,32656.14453125,-0.8060532212257385,4043093835776.0,14966977.0,402001,18483.52380952381,-24204117.09926024,,,,,,,
-12.72861447632314,-0.4525612350712474,-0.33531731603409565,-0.6155508477421878,0.0,613.8169415499433,-466.997844961463,21,19574,414000,0.0003,-37919420.0,33812.21484375,-1.2991230487823486,2116466900992.0,13277250.0,404001,18483.52380952381,-24204117.09926024,,,,,,,
-0.6199706262350101,-0.8888220350284549,-0.11754153150093571,-0.2883654513309158,0.0,369.9470684824925,102.45890619407206,21,19648,416000,0.0003,-41226080.0,33674.1953125,0.2530656158924103,11572183302144.0,30674400.0,406001,18483.52380952381,-24204117.09926024,,,,,,,
-0.8926291257143172,0.08099552543023249,-0.6145733153005578,-0.38110818978671335,0.0,974.9398014760031,1437.489467416843,21,19722,418000,0.0003,-44584184.0,34678.28125,-1.058095097541809,2122445881344.0,13044463.0,408001,18483.52380952381,-24204117.09926024,,,,,,,
9.55736166715622,0.30934483222860365,0.32768129103704735,-0.7531380481178053,0.0,1634.7035989839985,-767.6024795044891,21,19796,420000,0.0003,-47980572.0,33202.2421875,-0.32139915227890015,5456975101952.0,11583787.0,410001,18483.52380952381,-24204117.09926024,,,,,,,
11.179468102455129,0.14904383551401457,1.7060334572525493,0.11953813530998657,0.0,1935.6914802840336,1777.5521319752272,21,19870,422000,0.0003,-45250352.0,35160.6171875,-0.6327393054962158,12344408145920.0,38375160.0,412001,18483.52380952381,-24204117.09926024,,,,,,,
-1.3907176738977391,-0.22191638708751418,0.39074563211500557,-0.6069780750082865,0.0,2137.6697708740912,21930.173597928686,21,19944,424000,0.0003,-48159352.0,38705.38671875,0.2154099941253662,32503335223296.0,70881280.0,414001,19196.545454545456,-24976734.125672866,,,,,,,
-10.415201600193996,-0.40580755480781855,-0.2634590633540176,-0.8247248378161357,0.0,914.98503903675,-311.3701491698299,21,20018,426000,0.0003,-49636160.0,37830.70703125,-1.0600638389587402,17459381796864.0,57026200.0,416001,19196.545454545456,-24976734.125672866,,,,,,,
4.1023101437091825,0.09032889592832302,-0.6875623422459095,-0.5090817999762929,0.0,1116.9860863291788,1089.2737344362065,21,20093,428000,0.0003,-59888760.0,40082.83203125,1.1060211658477783,3495128203264.0,16871002.0,418001,19196.545454545456,-24976734.125672866,,,,,,,
15.148262535929682,0.30988316620286643,0.691948811863159,-0.5188486389450936,0.0,1185.8786305420485,-626.6383334042656,21,20167,430000,0.0003,-63029440.0,42114.87109375,1.5595965385437012,4840109375488.0,11840216.0,420001,19196.545454545456,-24976734.125672866,,,,,,,
10.60046639263629,0.057766315591592,2.145087993078715,0.4543520907230692,0.0,5773.113201773779,41943.97549321235,21,20242,432000,0.0003,-62978424.0,44521.51171875,-0.8024355173110962,5820060270592.0,15362485.0,422001,18741.260869565216,-25120892.86628318,,,,,,,
-1.813648902177811,-0.029478491217619897,-0.5518093084834809,-0.9207474144038623,0.0,1208.4519323960128,151.84576381827574,21,20317,434000,0.0003,-61236592.0,48881.97265625,-0.678975522518158,44045283885056.0,82225896.0,424001,18741.260869565216,-25120892.86628318,,,,,,,
-6.981901276707648,-0.43902223683527064,-0.10878445841042289,-0.8846060841955367,0.0,1004.0803162322813,-117.09750940679344,21,20392,436000,0.0003,-72040816.0,53005.6015625,0.43538156151771545,13087822315520.0,38701144.0,426001,18741.260869565216,-25120892.86628318,,,,,,,
-9.946299746632565,-0.5763340994645173,-0.13041833608485526,-0.8077725644330734,0.0,893.1669714351773,-155.38613805233464,21,20467,438000,0.0003,-71348016.0,55062.98828125,-0.8759340047836304,8652460654592.0,29395740.0,428001,18741.260869565216,-25120892.86628318,,,,,,,
-6.407513024210941,-0.7866447300093451,-0.07850740671977668,-0.6791888307767681,0.0,747.9707188934043,-64.65035962690742,21,20541,440000,0.0003,-73216896.0,56546.234375,-0.6443799734115601,16728025202688.0,38202440.0,430001,18741.260869565216,-25120892.86628318,,,,,,,
0.16723507344722724,-0.07129009427833984,0.9459028298001261,-0.6208055019708311,0.0,1114.3906054619015,-128.47592827284285,21,20615,442000,0.0003,-68267136.0,59977.984375,0.008947312831878662,50475135139840.0,80265032.0,432001,18741.260869565216,-25120892.86628318,,,,,,,
-1.9764563584327681,0.08142899283749944,-0.6808213656051517,-0.6591487170480499,0.0,739.9652769805848,-91.09314076822247,21,20689,444000,0.0003,-80209928.0,62097.078125,-0.07529473304748535,61254546751488.0,104527232.0,434001,18741.260869565216,-25120892.86628318,,,,,,,
-5.953621996045112,-0.6010676401662923,-0.14545857107299975,-0.25767429426142474,0.0,224.9739041504045,-317.2816865075458,21,20763,446000,0.0003,-92938112.0,65279.2578125,-0.020819902420043945,22039295426560.0,54409052.0,436001,18741.260869565216,-25120892.86628318,,,,,,,
-0.2182753527164508,-0.05955828077948828,1.1916891575583675,0.015470400353083773,0.0,901.757721571475,544.3310010091802,21,20837,448000,0.0003,-89652592.0,68591.53125,0.9549248814582825,15529813213184.0,44842280.0,438001,18741.260869565216,-25120892.86628318,,,,,,,
-6.826560831666016,-0.19678597268477352,-0.7103803464562441,-0.37289192655871023,0.0,887.6495542976915,-165.44880149280274,21,20911,450000,0.0003,-89101056.0,70399.7734375,-2.0707485675811768,97507275177984.0,129894704.0,440001,18741.260869565216,-25120892.86628318,,,,,,,
-11.84550324499607,-0.33202865797575054,-0.29714922273840416,-0.3005727158711284,0.0,302.33069973363075,-419.1526663920127,21,20986,452000,0.0003,-102490312.0,74542.21875,-0.22855234146118164,16246725672960.0,17920758.0,442001,18741.260869565216,-25120892.86628318,,,,,,,
3.961452211141591,-0.07439899049772708,1.5602108825688479,0.20966657596084742,0.0,1607.4438622661114,3265.246031058679,21,21060,454000,0.0003,-94636192.0,78009.171875,1.1071815490722656,173055775080448.0,165114800.0,444001,18741.260869565216,-25120892.86628318,,,,,,,
-1.099482013583186,-0.11943294785568612,0.12597125631138872,-0.919030249745551,0.0,1237.1343650960157,-106.50770450041992,21,21134,456000,0.0003,-101340336.0,81161.5078125,-1.6805187463760376,74869609857024.0,112641736.0,446001,18918.833333333332,-25477445.361477334,,,,,,,
-5.735367028117182,0.4681452814783433,0.42714196678109617,-0.45294283515979167,0.0,836.9058343875226,-1224.3185223114556,21,21208,458000,0.0003,-115561728.0,84140.0234375,-1.7111514806747437,73509254463488.0,101325720.0,448001,18918.833333333332,-25477445.361477334,,,,,,,
-6.106132564544674,0.14189365290401593,-0.7621933774126509,-0.09213427712616955,0.0,280.3563104587467,-349.64767799155675,21,21282,460000,0.0003,-119491424.0,87489.0234375,-0.6731098890304565,23145270476800.0,30513244.0,450001,18918.833333333332,-25477445.361477334,,,,,,,
-4.192775759696952,-0.21978158633516853,0.35755487767248045,-0.042239309905817854,0.0,268.59208306685684,2295.457918284358,21,21356,462000,0.0003,-113864048.0,89980.1015625,-0.5349833965301514,207330486517760.0,196867984.0,452001,18918.833333333332,-25477445.361477334,,,,,,,
-14.537081463336937,-0.13121900088913463,1.0022854377752053,-0.32645488614125545,0.0,1456.5589443974932,-576.600932600917,21,21430,464000,0.0003,-121329216.0,94561.484375,-0.9395339488983154,15820649398272.0,35518332.0,454001,18918.833333333332,-25477445.361477334,,,,,,,
-6.62213608920574,0.16361805283193642,-0.8435529962139845,-0.21550356526808567,0.0,675.979387123813,-1747.47130817799,21,21504,466000,0.0003,-119823800.0,94739.2109375,-0.4273817539215088,65324103761920.0,68773728.0,456001,18918.833333333332,-25477445.361477334,,,,,,,
-11.169582205414764,-0.06928222939174106,-0.32971743638431705,0.05599289740571233,0.0,246.71134758118066,132.50853517248595,21,21578,468000,0.0003,-142170944.0,97997.265625,1.6530296802520752,23747362816000.0,24686832.0,458001,18918.833333333332,-25477445.361477334,,,,,,,
-3.2617826503515235,0.14802634070002893,0.7154292761639056,0.07818626657333619,0.0,638.2902162504851,122.97303013382434,21,21652,470000,0.0003,-138196928.0,100583.7890625,1.9773948192596436,27887377842176.0,23832480.0,460001,18918.833333333332,-25477445.361477334,,,,,,,
0.09295575022698069,0.2349233791119636,-0.8546426219734408,-0.5162038442203751,0.0,1129.9117685004578,678.1570004457051,21,21728,472000,0.0003,-143416672.0,104467.078125,2.247236490249634,226959560802304.0,211981088.0,462001,18918.833333333332,-25477445.361477334,,,,,,,
-0.32055721461772935,-0.0485776490644663,0.6452920137748408,-0.7858541924425186,0.0,1150.738516974427,-391.44954080124313,21,21802,474000,0.0003,-140180320.0,106944.34375,-1.2703770399093628,30791878836224.0,52327620.0,464001,18918.833333333332,-25477445.361477334,,,,,,,
-0.732295670509338,0.18896212351740987,-0.663672631689699,-0.6676338796384478,0.0,777.0868550340706,-5.819408636386789,21,21877,476000,0.0003,-148318640.0,109917.7578125,-0.0727246105670929,398526156636160.0,253632400.0,466001,18918.833333333332,-25477445.361477334,,,,,,,
-8.194885682463656,-0.5733704836978537,-0.20350836908783468,-0.3085023207563508,0.0,257.2232118171377,-370.23041809766283,21,21952,478000,0.0003,-161233824.0,110565.0625,0.26014065742492676,49470171512832.0,40732544.0,468001,18918.833333333332,-25477445.361477334,,,,,,,
9.608792526721977,-0.22181177663506566,1.8120415335228206,0.3392975088201264,0.0,2592.7951937907346,14076.99864515982,21,22026,480000,0.0003,-154297536.0,113646.9453125,0.02582809329032898,97643229347840.0,72736256.0,470001,19198.52,-25805808.92462596,,,,,,,
-3.54386079967022,-0.19745905555349086,-0.23132120723457508,-0.9682949476809993,0.0,1162.045810771612,-141.23060765031906,21,22101,482000,0.0003,-161743840.0,115522.859375,1.018096923828125,142440493219840.0,119257120.0,472001,19198.52,-25805808.92462596,,,,,,,
-7.462093424797058,-0.45124494928837766,-0.1389572441526844,-0.8785653637077366,0.0,997.5506939924087,-155.66590635313628,21,22176,484000,0.0003,-153143152.0,118605.0859375,0.7766244411468506,240243642990592.0,217236512.0,474001,19198.52,-25805808.92462596,,,,,,,
-8.216829541325557,-0.5768457538099094,-0.01982153639659593,-0.8160602673424766,0.0,900.7837651764586,-21.027705570215232,21,22251,486000,0.0003,-170826992.0,128331.8671875,-0.5376749038696289,380948097007616.0,267108096.0,476001,19198.52,-25805808.92462596,,,,,,,
-9.607894679903978,-0.572999875618104,-0.015158809599386171,-0.8185443121097393,0.0,904.0171856692291,-17.999382122640366,21,22325,488000,0.0003,-169089488.0,128002.453125,-0.4747193455696106,282952680341504.0,238217536.0,478001,19198.52,-25805808.92462596,,,,,,,
-9.027315643429752,-0.6513828248553907,-0.061179608814838166,-0.7705459471583066,0.0,843.1860625070183,-66.0351974600782,21,22399,490000,0.0003,-168765088.0,133432.578125,-0.1483440399169922,833438538006528.0,318850560.0,480001,19198.52,-25805808.92462596,,,,,,,
-9.278384346962008,-0.6554093771832854,0.048851812518447654,-0.7685729570098879,0.0,840.2919650039548,52.46330503127438,21,22472,492000,0.0003,-193810112.0,134019.078125,0.30848634243011475,136776647704576.0,105021632.0,482001,19198.52,-25805808.92462596,,,,,,,
-10.212805024385434,-0.6274672578842183,-0.03986974362471187,-0.7853990921953573,0.0,860.95928238009,-45.48565089400069,21,22545,494000,0.0003,-179007648.0,138510.875,-0.03522372245788574,248044897435648.0,163542064.0,484001,19198.52,-25805808.92462596,,,,,,,
-8.586272309422501,-0.7123768247626894,-0.023766199556922708,-0.7324724728976658,0.0,798.7694883798192,-24.509386008079048,21,22618,496000,0.0003,-201743728.0,140651.1875,0.7162338495254517,45048007753728.0,25115230.0,486001,19198.52,-25805808.92462596,,,,,,,
-10.018007761836028,-0.6570777978349268,0.057980210328400256,-0.7660706629947468,0.0,837.0368941214109,62.27816249965703,21,22691,498000,0.0003,-167735120.0,141639.59375,0.6592592000961304,1077607898546176.0,366021856.0,488001,19198.52,-25805808.92462596,,,,,,,
-10.361159347295771,-0.6712029076827176,-0.08364078836438893,-0.7557543461476821,0.0,826.0713830877977,-89.3427258206854,,,500000,0.0003,-206731312.0,150599.109375,-0.8723302483558655,294895675768832.0,231692160.0,490000,,,0.007046875000000005,0.0,40000.0,-203239.20366544614,65862.80641433905,0.0,0.0
,,,,,,,20,23910,500000,0.0003,-197692896.0,150609.015625,-3.8737258911132812,783773885005824.0,369142848.0,490001,19198.52,-25805808.92462596,,,,,,,
-7.849512429833412,-0.7582590393115908,0.01761424931973306,-0.7016908270386928,0.0,766.4327032883921,13.908873930538128,20,23983,502000,0.0003,-227358528.0,151729.75,-0.5529247522354126,120628535361536.0,124715880.0,492001,19198.52,-25805808.92462596,,,,,,,
-10.684126180410384,-0.6598500233674239,0.0539748883151688,-0.7623405854182015,0.0,831.8663815029189,59.03923391689942,20,24057,504000,0.0003,-225159088.0,154607.3125,2.3399782180786133,305936828727296.0,181619520.0,494001,19198.52,-25805808.92462596,,,,,,,
-10.079842715859414,-0.7320621340633631,-0.13611894496898713,-0.7122279384688474,0.0,781.457586780334,-125.57212609065927,20,24131,506000,0.0003,-216809632.0,157884.921875,-2.7658050060272217,132175454273536.0,108175448.0,496001,19198.52,-25805808.92462596,,,,,,,
-5.571352650523191,-0.8430252282095505,0.03890430554550678,-0.6465888500611062,0.0,719.5156388177185,16.73870086766069,20,24206,508000,0.0003,-232586832.0,164512.40625,-0.8351312279701233,111270162333696.0,121049040.0,498001,19198.52,-25805808.92462596,,,,,,,
-11.166989915370946,-0.6852972997598138,0.10113949115413635,-0.7387673107047279,0.0,804.2183460992055,105.80624279217473,21,24280,510000,0.0003,-211577408.0,168069.0625,-1.8306760787963867,1637735454474240.0,369105056.0,500001,19198.52,-25805808.92462596,,,,,,,
-13.229994683861733,-0.7049601584162581,-0.2705130919156909,-0.6637444183985947,0.0,758.8897507849604,-128.50056203032653,21,24353,512000,0.0003,-240529488.0,171202.4375,1.0752174854278564,222028065931264.0,129187552.0,502001,19198.52,-25805808.92462596,,,,,,,
7.570627592205996,0.4754302002876783,-0.49226067277974067,-0.584014074446688,0.0,1290.9535721594386,870.4121710020983,21,24427,514000,0.0003,-218921328.0,173111.1875,1.7139298915863037,1393427514130432.0,416497568.0,504001,19198.52,-25805808.92462596,,,,,,,
11.546699165105808,0.453738235845612,0.4325809066993392,-0.5922517993421574,0.0,1290.3965576008206,-1009.9233971519499,21,24501,516000,0.0003,-226287728.0,178512.671875,-3.467344284057617,1227512927485952.0,426521696.0,506001,19198.52,-25805808.92462596,,,,,,,
-1.7751294577121648,-0.11520275805309256,0.8208651334823056,-0.4608476198119843,0.0,973.764004460996,341.7977977546449,21,24576,518000,0.0003,-259135040.0,182181.828125,1.3460619449615479,228487948402688.0,247135920.0,508001,19198.52,-25805808.92462596,,,,,,,
-4.24569670319557,-0.09253348840258652,-0.30140002010607064,-0.8343715582565853,0.0,883.7704847195579,-102.43876012252532,21,24650,520000,0.0003,-282734944.0,181062.734375,-0.3943055272102356,201291158519808.0,95346320.0,510001,19998.576923076922,-25596923.45980769,,,,,,,
-3.350723854303359,-0.18464612959851348,-0.2254724407687193,-0.9708668744396065,0.0,1164.628761904904,-126.81122154597226,21,24724,522000,0.0003,-286672512.0,183855.65625,1.4856265783309937,1257219337224192.0,506784512.0,512001,19998.576923076922,-25596923.45980769,,,,,,,
-8.071539809107799,-0.4665509002392998,-0.18391312828968862,-0.8656392032044662,0.0,981.8967231817911,-211.89976254551033,21,24798,524000,0.0003,-262345680.0,187285.140625,-0.31641000509262085,251354538835968.0,166453712.0,514001,19998.576923076922,-25596923.45980769,,,,,,,
-8.064516652822485,-0.6746660013877986,-0.05915780674342453,-0.7535568246778195,0.0,822.7504910454479,-58.713282857228855,21,24872,526000,0.0003,-282124128.0,191028.734375,1.6648435592651367,262587002388480.0,228715024.0,516001,19998.576923076922,-25596923.45980769,,,,,,,
-10.445972110033049,-0.6600756535564918,0.019595947649567475,-0.7651926051416638,0.0,835.3142033603649,21.083938223350607,21,24948,528000,0.0003,-320988128.0,197095.640625,0.9610589146614075,210509601177600.0,114272296.0,518001,19998.576923076922,-25596923.45980769,,,,,,,
-9.817323213815692,-0.7440951075609407,-0.11965029206392433,-0.707898466931841,0.0,776.8058543416882,-108.442467347176,21,25024,530000,0.0003,-294983936.0,206490.84375,-1.2469329833984375,1603563755143168.0,549073728.0,520001,19998.576923076922,-25596923.45980769,,,,,,,
-6.500771579742433,-0.8398825103015523,0.029247064166728516,-0.6518264155408217,0.0,725.0849601042908,14.191324748839397,21,25099,532000,0.0003,-300907616.0,213574.6875,2.6579294204711914,162494215618560.0,131508704.0,522001,19998.576923076922,-25596923.45980769,,,,,,,
-10.831311427950851,-0.7119149366243006,0.0849461661877291,-0.7272560463553216,0.0,793.0057504807493,84.67634665314807,21,25175,534000,0.0003,-288245376.0,209359.109375,0.15926331281661987,2608500068843520.0,574682304.0,524001,19998.576923076922,-25596923.45980769,,,,,,,
-12.613988313078885,-0.7706212924054467,-0.20923685769060935,-0.6769193133970896,0.0,759.7871261843147,-132.73628192449058,21,25251,536000,0.0003,-291043232.0,214811.328125,0.6442722082138062,963854011990016.0,406833312.0,526001,19998.576923076922,-25596923.45980769,,,,,,,
2.15447171986103,0.398844936497989,-0.7243308807022649,-0.5578105546103981,0.0,1267.642557437773,1300.128504085977,21,25327,538000,0.0003,-309679424.0,219527.015625,0.5600181818008423,839671340859392.0,365525248.0,528001,19920.666666666668,-25837700.624056,,,,,,,
-9.139322040081025,-0.32331136757099577,-0.46197088574339173,-0.8031218382791877,0.0,921.3308557921808,-481.5890840487724,21,25402,540000,0.0003,-315688544.0,226886.859375,-1.0036802291870117,2314681087688704.0,677158720.0,530001,19920.666666666668,-25837700.624056,,,,,,,
6.6966156554222165,0.20730828309044716,-0.6966354221869102,-0.5765100962155296,0.0,1187.5447223031967,1351.6900038947326,21,25478,542000,0.0003,-353885696.0,228735.484375,0.4733797311782837,316081407262720.0,156585248.0,532001,19920.666666666668,-25837700.624056,,,,,,,
8.456387788057341,0.3875650984021579,0.2287389740083761,-0.8613554881748104,0.0,1727.3915945820343,-703.3239635147364,21,25553,544000,0.0003,-347836224.0,240724.625,-0.817476749420166,273774570110976.0,161112080.0,534001,19920.666666666668,-25837700.624056,,,,,,,
5.096962530612937,0.4258313202987785,0.3282608969719549,-0.6026768822912566,0.0,891.6589832968436,-562.6117101996388,21,25630,546000,0.0003,-337433056.0,245403.4375,-0.3488885760307312,406141435641856.0,306668480.0,536001,19920.666666666668,-25837700.624056,,,,,,,
-11.192791742086403,-0.7483116290960987,0.184369420582229,-0.690110274430776,0.0,761.0269318307419,152.93689695224344,21,25706,548000,0.0003,-373880416.0,242793.421875,0.25157803297042847,218459283652608.0,163719680.0,538001,19920.666666666668,-25837700.624056,,,,,,,
-13.832815775275238,-0.7312434368107512,-0.22840939760800058,-0.6891691583079229,0.0,776.0870161796133,-156.17088593113007,21,25781,550000,0.0003,-329182720.0,242661.46875,0.0034584105014801025,3810026833575936.0,726030656.0,540001,19920.666666666668,-25837700.624056,,,,,,,
2.6610980945825586,0.36832283602600185,-0.7467533695588937,-0.5647533848135694,0.0,1274.6597238706786,1318.6034468349496,21,25857,552000,0.0003,-373947776.0,259088.203125,0.9700990319252014,604160567279616.0,392956896.0,542001,19705.035714285714,-26008177.24085975,,,,,,,
-9.900089947581291,-0.3692895989309669,-0.4854830241682896,-0.7932893509466995,0.0,926.9252298148914,-497.1876821535431,21,25932,554000,0.0003,-392053824.0,259372.015625,-0.25471195578575134,337397799714816.0,140137024.0,544001,19705.035714285714,-26008177.24085975,,,,,,,
7.199528997540476,0.2545089188742457,-0.7419676528488119,-0.6011302613035604,0.0,1334.9959536694014,1528.6891009180702,21,26007,556000,0.0003,-363558272.0,257055.546875,1.367353916168213,2173374516166656.0,661183104.0,546001,19705.035714285714,-26008177.24085975,,,,,,,
7.591785714626313,0.28683598730151744,0.31894430083626035,-0.8643802427508614,0.0,1873.5748219521975,-936.9414753421972,21,26083,558000,0.0003,-371114496.0,263361.3125,0.01462961733341217,4.401983793523589e+17,726248128.0,548001,19705.035714285714,-26008177.24085975,,,,,,,
0.7414651978016029,0.08127834444305024,0.5741912429974523,-0.4998386881642306,0.0,770.7466946911147,-325.6365624161335,21,26158,560000,0.0003,-420927616.0,266958.1875,-0.06803835928440094,612097935278080.0,192115248.0,550001,19705.035714285714,-26008177.24085975,,,,,,,
-14.824806587100023,-0.5859273566553543,-0.20587878956294314,-0.7455749004482889,0.0,832.2238819813662,-259.1412106089834,21,26233,562000,0.0003,-401919712.0,273314.96875,-3.0045061111450195,667197131194368.0,292420192.0,552001,19705.035714285714,-26008177.24085975,,,,,,,
4.407458754777914,0.24222435790579094,-0.7821907644266083,-0.5647752360379972,0.0,1349.8378619600219,1604.2567030894245,21,26309,564000,0.0003,-418788832.0,277904.625,0.26677271723747253,204644202577920.0,83385224.0,554001,19705.035714285714,-26008177.24085975,,,,,,,
-7.2188730359077455,-0.26844418098534817,-0.4190537674349998,-0.879461386141326,0.0,1049.3938858420495,-345.46142067263116,21,26385,566000,0.0003,-436542400.0,267192.25,0.5774346590042114,349336466620416.0,59753880.0,556001,19449.03448275862,-26145733.79936486,,,,,,,
1.3283301347494139,0.07977224888696965,-0.8176230079081387,-0.5261475231093976,0.0,1101.1382678844989,1207.4900904597484,21,26460,568000,0.0003,-403160128.0,287645.6875,-0.0237044095993042,1178790818480128.0,526915424.0,558001,19449.03448275862,-26145733.79936486,,,,,,,
-4.985353609919548,-0.1527886896767185,-0.49173092362702714,-0.8670866148035195,0.0,1261.0826266636095,0.034181444064203786,21,26536,570000,0.0003,-401382848.0,289637.8125,-1.3618333339691162,980073150676992.0,374617920.0,560001,18948.0,-26125660.072757702,,,,,,,
1.1089706003666058,-0.011675112784129055,-0.7937053117496576,-0.49282936480606837,0.0,992.842984913379,1081.2159235867418,21,26612,572000,0.0003,-389694528.0,302706.6875,0.2523224353790283,616793945145344.0,221942432.0,562001,18948.0,-26125660.072757702,,,,,,,
8.339001684784892,0.3189633558912589,0.17774283845910033,-0.8858718724834523,0.0,1870.6736815751192,-556.9466141470521,21,26687,574000,0.0003,-451058560.0,299335.59375,0.5328376889228821,1361274046775296.0,364721856.0,564001,18948.0,-26125660.072757702,,,,,,,
0.48962462007999513,0.06525853219796822,0.5301853346257532,-0.5337409355805021,0.0,797.4885170655143,-523.816321826658,21,26763,576000,0.0003,-455836768.0,303938.125,2.685840606689453,268393814949888.0,183211632.0,566001,18948.0,-26125660.072757702,,,,,,,
-14.447416967749596,-0.5896042599138698,-0.08047360652785972,-0.758189019282902,0.0,826.9354122702538,-97.16515781411384,21,26839,578000,0.0003,-364518880.0,300524.375,-0.8654224872589111,7698991944826880.0,933557440.0,568001,18948.0,-26125660.072757702,,,,,,,
1.6353621029853715,0.13837988861714673,-0.7960229121379427,-0.512084010064792,0.0,1178.0972079366193,1406.934186949205,21,26915,580000,0.0003,-403323840.0,313652.84375,-1.1020811796188354,1646330220904448.0,459723136.0,570001,18948.0,-26125660.072757702,,,,,,,
0.4529670757055271,0.005128594277878899,-0.08288846207270394,-0.9445954217947145,0.0,1191.2270535980233,124.51654587612424,21,26990,582000,0.0003,-422406848.0,323570.0625,-1.0239237546920776,498148392828928.0,158948064.0,572001,18715.354838709678,-26235883.509189516,,,,,,,
-6.799113292694098,-0.22980253536136458,-0.34785902742071934,-0.8870325921618198,0.0,1026.9431199923863,-290.31255985816,21,27066,584000,0.0003,-477676704.0,337645.09375,1.3055096864700317,408791162028032.0,110725512.0,574001,18715.354838709678,-26235883.509189516,,,,,,,
0.17618660688401452,-0.03371623592778219,-0.8113243279482723,-0.4734617415928701,0.0,1009.4253899693539,1166.6315266570778,21,27141,586000,0.0003,-412543424.0,337334.84375,1.526524543762207,1534321634574336.0,526066816.0,576001,18715.354838709678,-26235883.509189516,,,,,,,
9.471773387789733,0.36296992838226866,0.2847304447386496,-0.8469500455264337,0.0,1762.7410025150032,-893.6645686367862,21,27217,588000,0.0003,-516999072.0,344638.65625,2.621161937713623,505026883616768.0,79556584.0,578001,18715.354838709678,-26235883.509189516,,,,,,,
-3.9013218277692805,-0.10885578328604059,0.5553367851104521,-0.5301109792792638,0.0,746.2791956081348,-186.271421259896,21,27292,590000,0.0003,-463895424.0,343765.15625,-0.24929958581924438,717282355445760.0,310963968.0,580001,18715.354838709678,-26235883.509189516,,,,,,,
-14.934977374672894,-0.6207381335379841,-0.3242709728052287,-0.6878240932151306,0.0,794.5422474770895,-290.7931354259001,21,27369,592000,0.0003,-465840480.0,345917.25,-0.10127179324626923,4445215989432320.0,880803456.0,582001,18715.354838709678,-26235883.509189516,,,,,,,
5.953823156952871,0.34003656768498514,-0.7326141017185006,-0.61185647181051,0.0,1376.353279172986,1585.8594797080277,21,27443,594000,0.0003,-425861792.0,363588.71875,-0.28047364950180054,4695115977195520.0,977335232.0,584001,18551.125,-26369072.21356347,,,,,,,
-3.6120684510469445,-0.18160132822444655,-0.19391576210051675,-0.965792382769,0.0,1146.4042388232394,-105.25567854824901,21,27518,596000,0.0003,-491644096.0,351238.6875,-0.848645806312561,1710143234375680.0,610357248.0,586001,18551.125,-26369072.21356347,,,,,,,
-12.536942769885068,-0.3847415015890449,-0.6063168828930499,-0.6286374570202379,0.0,869.8723447518652,-150.92144700076523,21,27592,598000,0.0003,-494172096.0,373418.0625,0.4531739354133606,5267804768960512.0,1034498624.0,588001,18551.125,-26369072.21356347,,,,,,,
4.570722210407264,0.19172844779725506,-0.6901447004818189,-0.6923117577166524,0.0,1358.4825488606145,1072.1368880956666,,,600000,0.0003,-483217472.0,369534.25,0.8680165410041809,1001358337507328.0,524745760.0,590000,,,0.007046875000000005,0.0,40000.0,-190341.60779775205,112771.47240148904,0.0,0.0
,,,,,,,20,28809,600000,0.0003,-496682240.0,369512.40625,-0.5607174038887024,1034765801095168.0,341685376.0,590001,18159.18181818182,-26364236.00070815,,,,,,,
-8.92243414103985,-0.2723662245999895,-0.759272211844346,-0.5648989444915423,0.0,876.4618383813649,-2.2797921581511833,20,28884,602000,0.0003,-516291424.0,383555.90625,0.1739158034324646,868066980265984.0,334456832.0,592001,18159.18181818182,-26364236.00070815,,,,,,,
5.832892594933511,0.16775372544127598,-0.5538184992508024,-0.8420589859113832,0.0,1572.4096985835326,1179.747440293052,20,28959,604000,0.0003,-507684800.0,382630.84375,2.422870397567749,1014154387259392.0,214517920.0,594001,17742.823529411766,-26334091.000424236,,,,,,,
-6.759340764880177,-0.31878716603685286,-0.2856411692231773,-0.9234700873856015,0.0,1094.0274983812774,-263.8319789362929,20,29035,606000,0.0003,-461280384.0,382049.28125,-0.5076278448104858,4391630635270144.0,617363008.0,596001,17742.823529411766,-26334091.000424236,,,,,,,
-4.962700815200796,0.016621676960654634,-0.814362412029789,-0.4300908534261324,0.0,926.8695158693088,505.8194693917321,20,29110,608000,0.0003,-491169952.0,393241.90625,0.8950343728065491,8769816949161984.0,1349056640.0,598001,17742.823529411766,-26334091.000424236,,,,,,,
-0.7495688402652734,-0.05610930820399863,-0.32238239248156786,-0.8757193551084831,0.0,1274.9515004923153,331.5004725764467,20,29186,610000,0.0003,-536478496.0,412055.03125,-1.8689321279525757,710676158873600.0,268179376.0,600001,17384.6,-26322958.704302743,,,,,,,
-11.523182874321934,-0.46397164293914334,-0.47679838723453616,-0.7922273542486135,0.0,972.2248039475721,-465.02737029732094,20,29261,612000,0.0003,-534072320.0,412848.78125,0.17209547758102417,1509169098129408.0,282630720.0,602001,17384.6,-26322958.704302743,,,,,,,
3.125187534689903,0.28657882066167106,-0.7605597979577859,-0.477038713305476,0.0,1186.0552073098027,1199.7661969452238,20,29336,614000,0.0003,-481621440.0,400494.1875,-0.35872799158096313,2251770554220544.0,696421504.0,604001,17046.055555555555,-26312675.194769364,,,,,,,
-1.9506156551837925,-0.08687861377376983,-0.1316044009041814,-0.9527099173192578,0.0,1100.8385298823955,-18.709438944793735,20,29412,616000,0.0003,-531619008.0,414313.28125,-0.5157686471939087,6015702993469440.0,1177459840.0,606001,17046.055555555555,-26312675.194769364,,,,,,,
-11.125095970630639,-0.2849298946769601,-0.747972647109061,-0.5408187183281308,0.0,860.2312156085144,7.160684953227656,20,29487,618000,0.0003,-503158336.0,415044.5,-1.2534825801849365,6873286092783616.0,1134682112.0,608001,17046.055555555555,-26312675.194769364,,,,,,,
6.263613758683186,0.1507082032916791,-0.5458700911689074,-0.7837954297640007,0.0,1437.0952743992868,1091.2340923467086,20,29563,620000,0.0003,-547945280.0,435805.78125,1.1655069589614868,1721280889880576.0,350462912.0,610001,16732.054054054053,-26306688.172089435,,,,,,,
-6.321626614332193,-0.23679291749823117,-0.2945907320823919,-0.9191890960772845,0.0,1086.1339715460094,-217.09964787802485,20,29641,622000,0.0003,-510960832.0,439345.75,1.1984869241714478,2.3087772793307136e+16,1794079872.0,612001,16732.054054054053,-26306688.172089435,,,,,,,
-2.00685489356519,0.054509908274744355,-0.918826327147288,-0.3795800803448291,0.0,1010.3427728307606,806.6842315138741,20,29717,624000,0.0003,-588951104.0,438060.5,-0.4690307378768921,1539437745930240.0,207367296.0,614001,16732.054054054053,-26306688.172089435,,,,,,,
-9.376025502085687,-0.3091069210076235,-0.6801082111127233,-0.7508962030748592,0.0,1098.1651670391836,-390.145803809156,21,29792,626000,0.0003,-516711904.0,430357.3125,0.7715490460395813,2.3907931158216704e+16,1826507136.0,616001,16427.21052631579,-26296410.373797923,,,,,,,
5.909014064073566,0.2151966262578114,-0.7976697276875763,-0.5872807642908991,0.0,1418.4359665776062,1723.7952585071916,21,29868,628000,0.0003,-515010624.0,441332.5,-1.6936157941818237,1429208081367040.0,361477632.0,618001,16094.846153846154,-26264055.74985241,,,,,,,
-2.2794732946157445,-0.09849650960196285,-0.13708887205496784,-0.9387165320942701,0.0,1070.7738855322252,-10.885115350819595,21,29944,630000,0.0003,-593476416.0,442594.84375,0.7393811345100403,1719083343020032.0,451583264.0,620001,16094.846153846154,-26264055.74985241,,,,,,,
-9.079322853088383,-0.2068784060056168,-0.8216635017488465,-0.48175789625345483,0.0,859.5522333704389,82.19015348351174,21,30019,632000,0.0003,-586208640.0,450371.03125,0.7964160442352295,2948477868834816.0,622360704.0,622001,16094.846153846154,-26264055.74985241,,,,,,,
4.439555267691616,0.10471011429880109,-0.4595589563687367,-0.7832712041778029,0.0,1336.0201610342147,902.7261545435767,21,30095,634000,0.0003,-621403648.0,449291.25,1.77440345287323,1911451304329216.0,449429504.0,624001,15823.05,-26255574.362469696,,,,,,,
-6.848706682324408,-0.23948710355228964,-0.3622166943615593,-0.8820333060755721,0.0,1052.5952557081353,-284.0209664456514,21,30171,636000,0.0003,-652033920.0,451462.4375,-0.18695823848247528,1022911624249344.0,250751120.0,626001,15823.05,-26255574.362469696,,,,,,,
-0.24517489492893704,0.09318499609279851,-0.918373518484136,-0.3754420241691332,0.0,1083.1289191478872,1089.76884488373,21,30247,638000,0.0003,-476363776.0,458655.03125,-1.8678481578826904,1.6995922177163264e+16,1793419776.0,628001,15823.05,-26255574.362469696,,,,,,,
-2.9328864377737025,-0.1475838463702289,-0.2330259443340698,-0.9659494597018324,0.0,1203.065070804135,-37.27609950341134,21,30322,640000,0.0003,-520711872.0,449348.6875,-1.203072428703308,5022585758679040.0,1039106432.0,630001,15562.780487804877,-26246767.2526389,,,,,,,
-10.777888609170908,-0.2445942661350048,-0.7035937660691752,-0.5942487745763011,0.0,916.0531714789471,-202.0196597719426,21,30397,642000,0.0003,-579604672.0,458494.09375,-1.2000515460968018,1519601036820480.0,141165312.0,632001,15562.780487804877,-26246767.2526389,,,,,,,
7.12520159840584,0.24686178524410005,-0.4598771908569788,-0.44900223778318926,0.0,1304.654995402505,684.9530068023876,21,30471,644000,0.0003,-601180800.0,469062.6875,0.10398508608341217,2.397980314094797e+16,1929909760.0,634001,15562.780487804877,-26246767.2526389,,,,,,,
11.12904507935049,0.15086161426771252,1.1569845244403671,-0.11806351833884267,0.0,1626.0588720514834,3149.2050077416243,21,30546,646000,0.0003,-565203200.0,465531.8125,1.6526820659637451,1.1826426525253632e+16,1587765248.0,636001,15562.780487804877,-26246767.2526389,,,,,,,
-11.716217767000213,0.20250344238975446,-0.08440846134065559,-0.19392363676719485,0.0,1102.0303016246191,-4463.701628988276,21,30620,648000,0.0003,-636995328.0,476571.15625,-0.43294817209243774,1997129862086656.0,489662784.0,638001,15562.780487804877,-26246767.2526389,,,,,,,
-3.9032163864374048,-0.42325482176478435,0.0441928031867876,-0.0906901149993752,0.0,93.8413260927361,-137.13509930886985,21,30695,650000,0.0003,-618438080.0,484530.53125,1.4559588432312012,6817165902610432.0,972314048.0,640001,15562.780487804877,-26246767.2526389,,,,,,,
-7.4988131839036996,0.023226361805226463,1.0984247335011144,-0.11227336180511384,0.0,847.453387758807,901.4381628584266,21,30770,652000,0.0003,-674788160.0,492080.03125,1.3027946949005127,527458155626496.0,101055624.0,642001,15562.780487804877,-26246767.2526389,,,,,,,
-16.610936395525876,-0.37901850618702326,-0.48151560092419443,-0.5173168848754377,0.0,1035.9369237602398,14.700131034729674,21,30844,654000,0.0003,-642180928.0,496646.125,2.1481387615203857,3125594267058176.0,762300224.0,644001,15562.780487804877,-26246767.2526389,,,,,,,
-8.873565043210977,-0.17590631087233438,-0.5240798295902205,-0.2113571906069697,0.0,473.41082541642044,-874.5077650638348,21,30919,656000,0.0003,-646469312.0,502224.46875,-0.5978448390960693,1915502532231168.0,517628160.0,646001,15562.780487804877,-26246767.2526389,,,,,,,
2.9069725865125706,-0.29197804991227283,0.010125951079891204,-0.2784318789710575,0.0,131.98994462019763,31.43356074891472,21,30993,658000,0.0003,-595231040.0,507737.15625,0.4470697343349457,1570520021598208.0,460627968.0,648001,15562.780487804877,-26246767.2526389,,,,,,,
1.8604987275600418,0.04458023737660742,0.2565641765106403,-0.27198044773202756,0.0,132.79708382632003,-58.153850106864894,21,31066,660000,0.0003,-609520704.0,513077.84375,-0.36998093128204346,2330939954823168.0,599137536.0,650001,15562.780487804877,-26246767.2526389,,,,,,,
-4.949067265391364,0.04345638156515339,-0.34517728629240346,-0.22161782587955148,0.0,158.33191792780545,183.2477363950439,21,31137,662000,0.0003,-607806656.0,517070.40625,0.2652142643928528,1.0243573236629504e+16,1561630976.0,652001,15562.780487804877,-26246767.2526389,,,,,,,
-8.294581455588341,-0.1451214925180867,0.26666267572351326,-0.17399563412495933,0.0,271.9386444212838,-121.63551390912627,21,31206,664000,0.0003,-605983936.0,525207.5625,-0.7025216221809387,2085935424471040.0,341706752.0,654001,15562.780487804877,-26246767.2526389,,,,,,,
3.471735243797302,0.032296836567957225,0.044952359322700114,-0.3240388142297607,0.0,132.1482775814497,10.327477289949087,21,31275,666000,0.0003,-702732096.0,534379.125,0.35217276215553284,1602868641529856.0,168076416.0,656001,15562.780487804877,-26246767.2526389,,,,,,,
0.06554935216903468,0.13875416193704432,-0.04850836221319198,-0.2807532830860368,0.0,114.61785951635194,123.14372315964908,21,31345,668000,0.0003,-566434496.0,533873.3125,0.3780399262905121,1.38321032380416e+16,1769788416.0,658001,15562.780487804877,-26246767.2526389,,,,,,,
-11.283191993832592,-0.26294195152733457,-0.03937117587107894,-0.13571584341710735,0.0,297.84265530244596,413.2791548768807,21,31414,670000,0.0003,-591361472.0,540178.3125,1.4911282062530518,3223600052043776.0,970481152.0,660001,15562.780487804877,-26246767.2526389,,,,,,,
1.0182519060373303,0.20545047344994322,0.08336320639457577,-0.295313223180486,0.0,233.7001086888602,-491.41305848519465,21,31483,672000,0.0003,-742574400.0,551053.5625,2.3385770320892334,778774073311232.0,89278768.0,662001,15562.780487804877,-26246767.2526389,,,,,,,
5.8276091581583005,0.1352233900619659,0.058909035553446745,-0.2956241901607195,0.0,117.31115207759329,-26.61598042987757,21,31553,674000,0.0003,-615030080.0,551371.625,1.2257546186447144,2.545708720717824e+16,1912059136.0,664001,15562.780487804877,-26246767.2526389,,,,,,,
-5.37528271496296,0.01993187637702223,-0.4023966165698532,-0.22249569845465422,0.0,171.66010808898517,176.5798972154134,21,31622,676000,0.0003,-731987008.0,556701.75,-1.4448105096817017,1144359407845376.0,238099536.0,666001,15562.780487804877,-26246767.2526389,,,,,,,
-5.324436123371152,0.06272927337068915,0.8194735690448454,-0.045340399309029486,0.0,496.7662451593665,-24.717518055335237,21,31692,678000,0.0003,-620740928.0,561620.5,-0.3224680423736572,1023384607522816.0,539643136.0,668001,15562.780487804877,-26246767.2526389,,,,,,,
-7.983643330335607,-0.10277647046457769,-0.9599918805774773,-0.4734730123805576,0.0,958.4530954076351,17.60847301692676,21,31761,680000,0.0003,-629548544.0,568283.0,0.4052659273147583,1.7665786751483904e+16,1872439424.0,670001,16144.619047619048,-25909737.310639687,,,,,,,
11.202146121859558,0.29442471906687506,-0.10512941374500719,-0.6766121011918629,0.0,1566.671961445993,87.89804556267313,21,31830,682000,0.0003,-736502784.0,576717.125,-1.9569447040557861,2428150097117184.0,483766080.0,672001,16144.619047619048,-25909737.310639687,,,,,,,
7.523651025295264,-0.01392589721274458,0.8439578529155782,-0.19604478101191747,0.0,690.2479714154045,-1093.560435419995,21,31900,684000,0.0003,-609774848.0,583429.5625,0.2454967498779297,2.1359855910518784e+16,1758950400.0,674001,16144.619047619048,-25909737.310639687,,,,,,,
2.4423068159818677,-0.05496063161645191,0.299972090851507,0.02601489183111664,0.06350000000000004,65.37093343495847,-115.12057906400058,21,31969,686000,0.0003,-694638336.0,587303.25,0.5399143099784851,2.2966697665232896e+16,2179987200.0,676001,16144.619047619048,-25909737.310639687,,,,,,,
10.233280549645425,0.26656592688967795,0.24248392057333334,0.18881930943883218,0.0,94.89538925940809,155.1699095142944,21,32039,688000,0.0003,-735532288.0,595625.3125,-1.2744817733764648,1312700382576640.0,222946032.0,678001,16144.619047619048,-25909737.310639687,,,,,,,
11.294183462262154,0.30304744011165524,-0.2283029480906922,0.014710970723013193,0.0,232.26581119393765,-105.73609974218338,21,32108,690000,0.0003,-743490368.0,600070.75,0.9806773662567139,1758832862691328.0,515600768.0,680001,16144.619047619048,-25909737.310639687,,,,,,,
-2.8101988130807896,0.09095674049503676,-0.19628421794662643,-0.25371434436630796,0.0,128.8215401698955,163.6417627013721,21,32178,692000,0.0003,-750141696.0,603477.4375,1.281272053718567,2683583613370368.0,356707840.0,682001,16144.619047619048,-25909737.310639687,,,,,,,
-5.1333954983949726,-0.030822811463114243,0.674809435063819,0.14018676393303928,0.0,899.797636348888,510.90774903475375,21,32248,694000,0.0003,-753167616.0,610727.875,1.5104869604110718,3827900876849152.0,775715264.0,684001,16144.619047619048,-25909737.310639687,,,,,,,
-1.6952324676513648,0.07875530306382257,-0.19529145127922956,0.35717892480056285,0.0,1396.5173587116224,1133.231436199081,21,32317,696000,0.0003,-795518144.0,623290.9375,1.8750922679901123,1830530765029376.0,407053248.0,686001,16144.619047619048,-25909737.310639687,,,,,,,
-1.6410786914825424,0.13800626815972464,-0.21030554164171472,0.6066506000808713,0.0,1305.7117952982737,-537.1547155167879,21,32387,698000,0.0003,-635119488.0,632435.875,-0.010099455714225769,3.807716244249903e+18,1130020864.0,688001,16144.619047619048,-25909737.310639687,,,,,,,
0.3973009109497045,0.1391789500014091,-0.3218288012002259,0.6372935231508445,0.0,731.8612029577887,-435.59353528413163,,,700000,0.0003,-817825024.0,642185.1875,-1.2068389654159546,1435824344268800.0,251011568.0,690000,,,0.007046875000000005,0.0,40000.0,-93346.02659780948,30887.208056731415,0.0,0.0
,,,,,,,20,33572,700000,0.0003,-721012928.0,642303.4375,-1.124199628829956,7551998299734016.0,1084162048.0,690001,16144.619047619048,-25909737.310639687,,,,,,,
-3.63677826404572,0.06298192648486232,0.2679364624986214,0.7112754649003443,0.0,1389.3298261283016,1892.4487073898642,20,33639,702000,0.0003,-589195264.0,660390.1875,-0.154951810836792,2.6869448547762176e+16,2416978432.0,692001,16144.619047619048,-25909737.310639687,,,,,,,
4.776047434210775,0.12291040146634521,-0.014185578760196776,0.7810263729846864,0.0,1506.8251087957642,-1689.6369445350851,20,33707,704000,0.0003,-835308416.0,666235.25,1.1349490880966187,3098956343017472.0,225925456.0,694001,16144.619047619048,-25909737.310639687,,,,,,,
2.3106681329011933,0.07917313843194052,0.09177983941072577,0.8846831023460643,0.0,1260.936745306435,188.31662332426032,20,33776,706000,0.0003,-616937472.0,676083.125,-2.221081018447876,6701094411436032.0,949091328.0,696001,16144.619047619048,-25909737.310639687,,,,,,,
-3.928139777183552,-0.024089587987521678,0.1294001426368573,1.0114619975615415,0.0,1857.149106544535,1739.2956781058913,20,33844,708000,0.0003,-693481536.0,691081.125,-0.6560257077217102,5902439337164800.0,763632640.0,698001,16144.619047619048,-25909737.310639687,,,,,,,
-0.8986433625221274,0.04981964980563289,-0.07139310397879431,1.051893259050711,0.0,1996.2217076029433,-105.77376706709066,20,33913,710000,0.0003,-751423872.0,705795.6875,-2.2333667278289795,3.634284932261478e+16,1464271616.0,700001,16144.619047619048,-25909737.310639687,,,,,,,
-1.8528974109888146,0.05426434177731701,-0.10653280684130818,1.0185354855934903,0.0,1702.884445676836,-351.53106581705117,20,33981,712000,0.0003,-708034432.0,716373.8125,-1.0742727518081665,1.3663489264451584e+16,1543259008.0,702001,16144.619047619048,-25909737.310639687,,,,,,,
0.8996285182237673,0.09021593958713872,0.042399509341714284,1.0826106747347717,0.0,1879.568003241955,-783.8813545612569,20,34049,714000,0.0003,-630968832.0,733409.75,-1.8623206615447998,5.941284095131648e+16,2538984192.0,704001,16144.619047619048,-25909737.310639687,,,,,,,
-0.9036024272441856,0.049047979066556606,-0.25093834553021865,1.1431623733975944,0.0,1853.8822797868718,-86.63423078503182,20,34117,716000,0.0003,-755339712.0,728132.0,-2.5741028785705566,1.566452956004352e+16,2035042944.0,706001,16144.619047619048,-25909737.310639687,,,,,,,
-0.36815232694149913,0.04817084722320597,0.0009293214211312179,1.2873975360700005,0.0,2788.709160907304,392.2123455921511,21,34185,718000,0.0003,-773257600.0,754751.1875,1.1864209175109863,6150210631761920.0,848671808.0,708001,16144.619047619048,-25909737.310639687,,,,,,,
-0.26596435904502796,-0.05307733715538868,-0.022224407668700423,-0.9067387756745839,0.0,1239.3585034807213,1856.1154596472632,21,34253,720000,0.0003,-790785408.0,763431.0,0.4085341989994049,4.439778131338854e+16,2874944256.0,710001,16699.39534883721,-25780451.681218695,,,,,,,
-5.54953439831734,-0.2783111581741777,-0.1904464295739463,-0.9319802791100492,0.0,1083.404372574394,-168.48807998639668,21,34321,722000,0.0003,-742971392.0,768513.6875,-0.5693269968032837,4.730471825853645e+16,2657141504.0,712001,16699.39534883721,-25780451.681218695,,,,,,,
-6.486226685047148,-0.47189346234362745,-0.046410530502539425,-0.851761980929004,0.0,940.8682390118379,-52.08497564910023,21,34389,724000,0.0003,-778268032.0,789897.5,0.6260201930999756,2.007458265222349e+16,1362616960.0,714001,16699.39534883721,-25780451.681218695,,,,,,,
-7.812154602408409,-0.42168103822066216,0.06805840323727028,-0.8768267530858543,0.0,979.2844705818486,77.81352565437926,21,34457,726000,0.0003,-976783744.0,801853.1875,0.42980217933654785,3547655334526976.0,359677824.0,716001,16699.39534883721,-25780451.681218695,,,,,,,
-7.931829416751852,-0.4268152859607609,-0.07945788122845548,-0.8737319816650696,0.0,975.1345516468973,-90.67238468397983,21,34525,728000,0.0003,-957325184.0,809454.1875,-0.09027719497680664,1.1016066054488064e+16,1096936064.0,718001,16699.39534883721,-25780451.681218695,,,,,,,
-6.655581714510921,-0.4922122786344123,0.03875788011273903,-0.8404515789294749,0.0,923.3805619668702,42.634820499519776,21,34594,730000,0.0003,-788382720.0,830573.25,-1.9814605712890625,1.7863421819092992e+16,2028817408.0,720001,16699.39534883721,-25780451.681218695,,,,,,,
-7.91475828826427,-0.3931979717650488,0.028987603600766285,-0.8898904217094599,0.0,999.2314463953594,34.81045298981377,21,34662,732000,0.0003,-930148480.0,842801.25,-1.1205822229385376,4929623875911680.0,436020000.0,722001,16699.39534883721,-25780451.681218695,,,,,,,
-7.331556232571598,-0.46737829131104536,-0.07970511514364348,-0.8518476091315448,0.0,940.9055715240037,-89.59003653106504,21,34730,734000,0.0003,-885986176.0,860963.8125,1.332794427871704,5224114751012864.0,850636800.0,724001,16699.39534883721,-25780451.681218695,,,,,,,
13.597893925905211,-0.1382939413909752,1.8940707261886216,-0.06597509870327524,0.0,3298.0087595392242,28631.467210461014,21,34798,736000,0.0003,-868991232.0,880935.5625,-0.23087574541568756,4.864890558323098e+16,3120845056.0,726001,16720.522727272728,-25944452.724654928,,,,,,,
-8.643919090628636,-0.25877753171300777,0.8854696942728744,-0.3305990369014469,0.0,947.3889885268438,-477.03556919222405,21,34866,738000,0.0003,-982155904.0,899483.1875,-0.3577961325645447,4811258872201216.0,701725504.0,728001,16720.522727272728,-25944452.724654928,,,,,,,
-13.372589448690418,-0.20724213885354106,-0.6156571450649417,-0.4422979516995817,0.0,1042.8306759864672,-1017.2335940268589,21,34935,740000,0.0003,-997092032.0,931909.8125,1.4365267753601074,5467365592530944.0,876011328.0,730001,16720.522727272728,-25944452.724654928,,,,,,,
-3.3599749195575734,0.20788399692081372,-0.5895588930876409,-0.003368120671464562,0.0,168.1726570970163,-103.80230786405984,21,35003,742000,0.0003,-830482624.0,951951.8125,1.6036502122879028,3.385370532118528e+16,2473662976.0,732001,16720.522727272728,-25944452.724654928,,,,,,,
1.886410216093063,0.1139558936187809,0.41462840663001393,0.43977183577655327,0.0,914.6510343705761,666.6228618462997,21,35072,744000,0.0003,-924917056.0,982409.8125,0.16910168528556824,1.878238805413069e+16,1749974784.0,734001,16720.522727272728,-25944452.724654928,,,,,,,
2.685851961374283,0.08726197510701406,0.02399891497327062,0.6785086631854759,0.0,1152.7198810170996,513.2146641904387,21,35141,746000,0.0003,-1124757888.0,1024318.0625,1.7519460916519165,8.173320187307622e+16,1826828160.0,736001,16720.522727272728,-25944452.724654928,,,,,,,
-3.9475607740879015,-0.014369509939949048,-0.37840916551877324,0.8575774351898156,0.0,1176.6700462607164,298.32852792514274,21,35209,748000,0.0003,-1060732416.0,1053798.0,-0.5755139589309692,8348703458852864.0,666133568.0,738001,16720.522727272728,-25944452.724654928,,,,,,,
5.954495824575424,0.15017090301207958,0.3649633807683596,1.1726126317904395,0.0,3072.9875556987877,132.42763788509802,21,35278,750000,0.0003,-1203499264.0,1101071.875,2.3698031902313232,1.2656384931790848e+16,1022352448.0,740001,16720.522727272728,-25944452.724654928,,,,,,,
-3.777982282638545,0.01935452529485907,-0.40708826904000156,1.0216494771221163,0.0,1501.1261392850877,-490.68180889075904,21,35346,752000,0.0003,-1176699008.0,1129698.0,-0.8475975394248962,3992960228130816.0,673123840.0,742001,16720.522727272728,-25944452.724654928,,,,,,,
6.392024108171452,0.10399014380290221,0.34820294654945716,1.3269200498986868,0.0,3463.703715533599,497.80587582264144,21,35415,754000,0.0003,-1132834688.0,1168935.875,1.0870518684387207,5.860865986474803e+16,2998868480.0,744001,16720.522727272728,-25944452.724654928,,,,,,,
-1.7306320762634264,0.04179337561257242,-0.29743714063218174,1.1164074230395724,0.0,1744.1114717190458,-269.8764715485273,21,35484,756000,0.0003,-1184259712.0,1217879.625,0.16325634717941284,1.1383084968574976e+16,1592777728.0,746001,16720.522727272728,-25944452.724654928,,,,,,,
0.16922445833682967,0.04629451003819229,-0.030037376940963156,1.3226848800657367,0.0,3130.2224951356525,-214.83660552645924,21,35552,758000,0.0003,-1288024704.0,1237562.25,-0.12359848618507385,2.0828985067831296e+16,1257791104.0,748001,16720.522727272728,-25944452.724654928,,,,,,,
1.0471264517307297,0.05216907829703282,-0.00011057802385304276,1.2995215383592524,0.0,3072.2268161241873,-161.07000177950295,21,35621,760000,0.0003,-1248598144.0,1296753.75,0.8492387533187866,5456742527795200.0,629027200.0,750001,16720.522727272728,-25944452.724654928,,,,,,,
0.7490827310085314,0.05177137263637299,0.0010655113557070872,1.258106575698413,0.0,2964.1915052268027,129.46591241387083,21,35689,762000,0.0003,-1337641600.0,1343913.375,0.0004799962043762207,7017062807371776.0,710202816.0,752001,16720.522727272728,-25944452.724654928,,,,,,,
3.863566924929609,0.08840980688840001,0.2316638057503328,1.2179078545893964,0.0,2897.4196170241567,342.2410006334086,21,35758,764000,0.0003,-1464685824.0,1385039.375,1.4561221599578857,8866850460925952.0,694166784.0,754001,16720.522727272728,-25944452.724654928,,,,,,,
-0.34858145058155265,0.07497023307328611,-0.2296209952477018,1.0931808082366439,0.0,1722.7414859758017,-409.7338474833269,21,35826,766000,0.0003,-1441236736.0,1469637.375,-2.1189510822296143,1.250043789049856e+16,898285312.0,756001,16720.522727272728,-25944452.724654928,,,,,,,
0.5840195727348305,0.05168541625314749,-0.003597225804965965,1.2812927952014879,0.0,2926.286048187764,84.06217829092135,21,35895,768000,0.0003,-1419326592.0,1505213.5,2.0395421981811523,6750878987976704.0,485597824.0,758001,16720.522727272728,-25944452.724654928,,,,,,,
0.5251179230213157,0.05019065777855029,-0.0031323982728181255,1.2885304218905431,0.0,2984.6612659466005,318.27928871906,21,35964,770000,0.0003,-1270421632.0,1563358.875,-0.19136734306812286,1.853163454899159e+17,3709318912.0,760001,16720.522727272728,-25944452.724654928,,,,,,,
0.9403731143474551,0.0487646005764139,0.041914528810440485,1.2918513815281305,0.0,3121.94184483584,1052.5762342117014,21,36032,772000,0.0003,-1476959232.0,1570226.25,-0.7169511914253235,5.087061485604045e+16,2106623616.0,762001,16720.522727272728,-25944452.724654928,,,,,,,
0.3584401136636805,0.049338891485977455,0.010639786849747871,1.2708445685343062,0.0,3047.831150497219,747.2047896058075,21,36101,774000,0.0003,-1531877248.0,1644939.75,-0.33967000246047974,3.155028000060211e+16,1188910080.0,764001,16720.522727272728,-25944452.724654928,,,,,,,
1.785347569584842,0.09157430827042887,0.18793973786264126,0.9821019954489859,0.0,3135.1389207389957,-1369.2138816098065,21,36170,776000,0.0003,-1580456960.0,1708917.75,-1.897217035293579,3.197473014362931e+16,1375270400.0,766001,17237.844444444443,-25978227.086961843,,,,,,,
17.261147381067268,0.20581333780670602,1.8024741712062464,-0.132808677338946,0.0,2035.0659408782083,14377.58985671409,21,36239,778000,0.0003,-1616683520.0,1783087.5,1.9688739776611328,2.3754233606045696e+16,1444284928.0,768001,16894.5,-25935879.253161103,,,,,,,
10.08646027922631,-0.09328234329285728,1.611186086275638,-0.08020544490731954,0.0,1856.453078707641,15979.04256651876,21,36307,780000,0.0003,-1641716224.0,1792087.0,1.0308319330215454,1.527895789047644e+17,3293920000.0,770001,16567.0,-25895511.28252725,,,,,,,
14.790570829510681,-0.07634319160583335,1.8769707867280447,-0.07724480111715201,0.0,2382.023394528453,26991.731753892174,21,36376,782000,0.0003,-1807876608.0,1883023.0,0.48783692717552185,2.708001790938317e+16,1246548096.0,772001,15958.755102040815,-25821295.77296249,,,,,,,
17.140417259335504,0.12618324633326808,1.8311379374004217,-0.2042835172648947,0.0,2185.970483698981,15452.654535626189,21,36445,784000,0.0003,-1739196544.0,1934663.25,-0.5520137548446655,2.1606128476277965e+17,3332049152.0,774001,15667.86,-25785259.39483918,,,,,,,
16.817579970359755,0.050704915176172906,1.8169915366353195,-0.03311528408122337,0.0,2055.692467443757,15821.196800665793,21,36514,786000,0.0003,-1786324480.0,1980153.375,0.16609874367713928,5797143918936064.0,1112523776.0,776001,15389.549019607843,-25751047.322958034,,,,,,,
16.91422830045224,-0.01374243588182508,1.9656229578895217,-0.04295936027222407,0.0,2713.147117544166,30079.30931745953,21,36584,788000,0.0003,-1962986624.0,2024331.375,0.3923250138759613,3.1927910705135616e+16,1327456640.0,778001,14863.867924528302,-25686328.975808598,,,,,,,
17.116417224407225,0.18433302472444418,1.840617954176021,-0.15208288575635645,0.0,2101.889108402743,14003.983660379115,21,36653,790000,0.0003,-1881117824.0,2064563.0,-1.1822328567504883,1.3311732301902643e+17,3555785472.0,780001,14615.62962962963,-25655741.475042347,,,,,,,
16.2285338300466,-0.051489990378819885,1.8145011387540815,0.0047219204412523065,0.0,2084.909503359122,15894.658775636926,21,36723,792000,0.0003,-1793911040.0,2059624.875,-2.189082622528076,1.681214439203799e+17,3600607488.0,782001,14376.418181818182,-25626379.81106094,,,,,,,
16.964196218252162,0.03767590966227487,1.9821278984082138,-0.11951058938038733,0.0,2694.2245506752406,28306.09200569693,21,36791,794000,0.0003,-2054152832.0,2112700.5,0.33068352937698364,9.830425085293363e+16,3450890752.0,784001,13923.368421052632,-25570625.430244982,,,,,,,
16.88597625136376,0.2006839731329398,1.8252226032537942,-0.08399636308725594,0.0,2044.3933547485315,14193.963869142432,21,36860,796000,0.0003,-2014877952.0,2136098.25,0.17164748907089233,4.786808052881818e+16,2957075200.0,786001,13708.241379310344,-25544124.00091719,,,,,,,
16.561980829834976,-0.11845450625140737,2.0361226562945056,0.09890425823516688,0.0,2719.172620328611,28227.540214390265,21,36929,798000,0.0003,-1931869184.0,2177533.25,1.426404595375061,1.526238275268772e+17,3559043584.0,788001,13299.65,-25493867.661211416,,,,,,,
17.1312619483471,0.12151229018956006,1.8157923314116249,-0.21790835988855958,0.0,2138.305836785474,14317.692503200682,,,800000,0.0003,-2084979072.0,2266274.75,-0.2273494005203247,3.803500630769664e+16,1350721792.0,790000,,,0.007046875000000005,0.0,40000.0,-436225.10129280714,158794.8439616854,0.0,0.0
,,,,,,,20,38115,800000,0.0003,-2310430720.0,2266527.5,2.0911736488342285,1.1730767725146931e+17,3716008960.0,790001,13105.196721311475,-25469896.137300458,,,,,,,
13.800457752347,0.09355007025170832,1.6988076810858947,-0.11628517418390254,0.0,1809.978290206122,12307.962715941772,21,38181,802000,0.0003,-2019427072.0,2287731.25,0.8714765906333923,4.74329745719296e+16,3098274304.0,792001,12918.91935483871,-25447126.28701016,,,,,,,
15.869705033302306,-0.10663684257695143,1.9794904590294369,0.029580893199241932,0.0,2568.650017758052,26239.532216453987,21,38248,804000,0.0003,-1988612608.0,2333596.0,-0.3892192244529724,6.687470667798938e+16,2426236160.0,794001,12561.953125,-25403425.382213846,,,,,,,
15.898383080363267,0.08739147796774543,1.7468440191755754,-0.2559332530160628,0.0,1982.029053221497,12778.536158942421,21,38316,806000,0.0003,-2098532224.0,2379131.75,-1.030904769897461,1.6405201394702746e+17,4240717312.0,796001,12392.16923076923,-25382726.095225062,,,,,,,
-10.629173772931107,-0.29749838975217463,0.7814451630541559,-0.3806057592497181,0.0,1025.1025242314342,392.0605007026799,21,38384,808000,0.0003,-2178420224.0,2387093.25,0.21219350397586823,2.8550528812187648e+17,3404804096.0,798001,12392.16923076923,-25382726.095225062,,,,,,,
-4.337834216952324,-0.6904585482300432,-0.31501061827806653,-0.4627549388681142,0.0,924.1745090320709,-950.7450592931823,21,38452,810000,0.0003,-2347233792.0,2476152.75,1.8605579137802124,2.438141479537869e+16,908972352.0,800001,12392.16923076923,-25382726.095225062,,,,,,,
-10.878117964267725,-0.29194263897397976,-0.6576125502338528,-0.22173223421080362,0.0,735.7212370574716,1611.8759367590865,21,38521,812000,0.0003,-2146998528.0,2537303.75,-2.7179274559020996,3.392917648651059e+17,7182624768.0,802001,12392.16923076923,-25382726.095225062,,,,,,,
16.5864139169455,0.06519456753684812,1.3400267527782586,-0.23876696128728545,0.0,2333.820871459948,15193.137899292666,21,38589,814000,0.0003,-2579781632.0,2558860.5,-2.674142360687256,1.2245888063766528e+16,869930368.0,804001,12329.484848484848,-25415376.946459167,,,,,,,
13.557304612398143,0.08742233141762493,1.6921886282233025,-0.23587215911231452,0.0,1765.748730293292,8495.417900554265,21,38658,816000,0.0003,-2352629760.0,2595089.75,-0.7256263494491577,1.4063234755592192e+17,3648627456.0,806001,12169.880597014926,-25395699.49036727,,,,,,,
14.04883069038392,0.060684152087099326,1.7332289905807423,-0.08669969387903304,0.0,1901.2104352708325,12990.25071309589,21,38725,818000,0.0003,-2712174592.0,2656111.25,-1.5742639303207397,6.407099068186624e+16,1747258240.0,808001,12012.911764705883,-25375947.108429912,,,,,,,
12.846737586259849,-0.10100880926332645,1.700045722516124,-0.07516854841109012,0.0,1829.5893716367966,10413.733905583858,21,38793,820000,0.0003,-2540079616.0,2688066.5,-2.4949190616607666,8.022523026551603e+16,2615050240.0,810001,11864.101449275362,-25358016.21263387,,,,,,,
16.80330544531343,0.07083332102760069,1.911027803991011,-0.18186969165655112,0.0,2521.8262442334126,24038.38265881551,21,38861,822000,0.0003,-2738428928.0,2746442.75,0.6902954578399658,2.1389308219254374e+17,3957286656.0,812001,11571.38028169014,-25320945.182866633,,,,,,,
14.415829110741619,0.19331488598135957,1.710871606120195,-0.1444124552477293,0.0,1817.0897569655638,11150.289728216727,21,38929,824000,0.0003,-2687002368.0,2805573.0,0.6788726449012756,5.595727347371213e+16,2822266112.0,814001,11431.902777777777,-25303465.127604168,,,,,,,
-13.992811304926867,-0.4903338919346262,0.38507386271664124,-0.35558986353836847,0.0,1020.4347085924976,60.63091726513402,21,38996,826000,0.0003,-2789425408.0,2857404.25,1.700284719467163,6.149871758842266e+16,3461943552.0,816001,11431.902777777777,-25303465.127604168,,,,,,,
-6.524283008575436,-0.526847497633771,-0.14680127116219072,-0.2632881816490672,0.0,793.9507589230674,-157.74139994031404,21,39064,828000,0.0003,-2498113024.0,2933602.5,-1.1338785886764526,1.7827577740027494e+17,4950520832.0,818001,11431.902777777777,-25303465.127604168,,,,,,,
-14.290167813301087,-0.7476123142040907,-0.08377032866547952,-0.24157720435969995,0.0,639.318525837138,131.9158383610592,21,39132,830000,0.0003,-2735415808.0,2963007.25,-0.23093867301940918,1.0126349190981222e+17,4023311872.0,820001,11431.902777777777,-25303465.127604168,,,,,,,
-0.16656741499900735,-0.015323756681034984,-1.1289198912176321,-0.5158061201033605,0.0,1061.3158324101635,-268.97715596973796,21,39199,832000,0.0003,-2776057088.0,2984959.5,-0.5562225580215454,4.821900083173786e+16,2028592128.0,822001,11431.902777777777,-25303465.127604168,,,,,,,
9.738143876194968,-0.14487612542084263,1.8330549326295054,0.04078747255404892,0.0,3081.03648313591,23883.30772938026,21,39267,834000,0.0003,-2780249088.0,3039762.5,0.24135684967041016,1.906716371320832e+17,4708130816.0,824001,11421.246575342466,-25350916.941430807,,,,,,,
16.551359509229663,0.16752124188344214,1.7724200422935266,-0.15835924764897003,0.0,1978.3257522333136,12942.138468966017,21,39335,836000,0.0003,-2999951360.0,3065015.25,0.21050378680229187,7.153195876037427e+16,1955776512.0,826001,11287.121621621622,-25333308.832783,,,,,,,
-14.93808324277401,-0.4012080617345156,0.5500111087649268,-0.4589109326529234,0.0,1038.913516308182,732.4498125676924,21,39402,838000,0.0003,-3153468416.0,3141721.25,-1.09879469871521,2.273965280906445e+16,877981632.0,828001,11287.121621621622,-25333308.832783,,,,,,,
-8.787153923511527,0.0487382896676902,-0.9168802388059271,-0.25161602742249534,0.0,775.8290883090682,-1292.7523933509526,21,39470,840000,0.0003,-3341408256.0,3174901.25,-0.2712496519088745,1.7711792293675008e+16,557890112.0,830001,11287.121621621622,-25333308.832783,,,,,,,
-3.6529315668344524,-0.05961250812272222,0.20935264503181172,0.1569640733578505,0.0,723.7644423228037,830.296736522417,21,39537,842000,0.0003,-3246794752.0,3180953.5,0.3253619074821472,1.1869170469280154e+17,2258668800.0,832001,11287.121621621622,-25333308.832783,,,,,,,
-1.1801288205385165,0.15033008466074063,-0.4456434347221812,0.5816495069892161,0.0,738.7186385192451,-963.4220642787194,21,39605,844000,0.0003,-3127146752.0,3240025.5,-1.8741854429244995,9.371600601009357e+16,2695287296.0,834001,11287.121621621622,-25333308.832783,,,,,,,
3.7364152550697183,0.13754301182331202,-0.07932905038745695,0.7731816004060961,0.0,1239.938766676225,669.7395458392475,21,39673,846000,0.0003,-3191821568.0,3297498.25,-2.24967885017395,2.3424517986163098e+17,5760917504.0,836001,11287.121621621622,-25333308.832783,,,,,,,
-0.558698451519016,0.07848001940743483,0.005591718269724179,0.9502167118948637,0.0,1884.0411050510986,211.05730447703013,21,39740,848000,0.0003,-3395691008.0,3396861.5,-0.21153926849365234,1.982701901929513e+17,4657487360.0,838001,11287.121621621622,-25333308.832783,,,,,,,
-1.3532061600684997,0.057565156929036694,0.026326578962588103,1.0541023633814477,0.0,2153.794280504835,258.6402951239321,21,39808,850000,0.0003,-3300121856.0,3425499.0,2.1644723415374756,7.298013583323955e+16,1819971456.0,840001,11287.121621621622,-25333308.832783,,,,,,,
-2.2551770561933426,0.04415290641374857,0.018939529315800594,1.1389626283868746,0.0,2372.0754952337493,570.4334446692392,21,39876,852000,0.0003,-3402168576.0,3491665.25,2.850346803665161,3.5204661514338304e+17,4647638528.0,842001,11287.121621621622,-25333308.832783,,,,,,,
-2.2826796478033065,0.03479789694972878,0.012501983813919792,1.2218627125116972,0.0,2574.708703259816,316.4890295943345,21,39944,854000,0.0003,-3316296192.0,3570825.5,-0.21427702903747559,1.3436595591131955e+17,5080439808.0,844001,11287.121621621622,-25333308.832783,,,,,,,
-2.7023232710361533,0.023039569582954365,-0.013161419294514493,1.3273833701217643,0.0,2924.2233060090325,0.07499888223930748,21,40012,856000,0.0003,-3382183424.0,3647294.25,-2.178377628326416,2.6443732248376115e+17,3843380224.0,846001,11287.121621621622,-25333308.832783,,,,,,,
-3.449101004600533,0.015729505949407876,-0.03456884409819404,1.431632675728233,0.0,3254.970891644314,468.241112713145,21,40080,858000,0.0003,-3791681536.0,3735952.75,-0.30115723609924316,4.223948293773722e+16,1637850368.0,848001,11287.121621621622,-25333308.832783,,,,,,,
-3.545172254443175,0.008205227314197731,-0.007473562344529764,1.5230827233770146,0.0,3514.582139000255,342.66407478609096,21,40149,860000,0.0003,-3549396480.0,3725816.0,-1.279092788696289,5.495386259817759e+17,8470960640.0,850001,11287.121621621622,-25333308.832783,,,,,,,
-3.999347212314613,0.003045001497625875,0.0678741749090047,1.6199781319725388,0.0,3839.5542859429206,607.1575141369283,21,40217,862000,0.0003,-3875740416.0,3796961.25,2.1690752506256104,3.477312897024e+16,1367610624.0,852001,11287.121621621622,-25333308.832783,,,,,,,
-4.209060634374619,0.012550060566126803,0.06747818270668894,1.7245364268740868,0.0,4290.468103728202,-467.43699394594955,21,40286,864000,0.0003,-3979994624.0,3875832.0,0.82021164894104,4.962806363743846e+16,1119928832.0,854001,11287.121621621622,-25333308.832783,,,,,,,
-3.0942365545034445,0.004800095676317116,-0.10091352497720639,1.8253249556007576,0.0,4684.362914549794,638.5057645623388,21,40354,866000,0.0003,-4096840192.0,3944970.5,-0.6048202514648438,1.2037552944132915e+17,2081825024.0,856001,11287.121621621622,-25333308.832783,,,,,,,
0.07217748165130967,0.007063902396017665,0.20025702259576156,1.9184545586141852,0.0,5151.246825541236,4556.090303775429,21,40423,868000,0.0003,-3792083456.0,4056073.25,-0.6382148265838623,1.4963099123580928e+17,4187430912.0,858001,11287.121621621622,-25333308.832783,,,,,,,
-1.6750191879272471,0.05018757905225696,0.07167279565925935,2.0680054836639186,0.0,5829.990094234971,-1185.6269759997072,21,40492,870000,0.0003,-3957895424.0,4117853.5,-0.1592329442501068,2.996250961866916e+17,5601603072.0,860001,11287.121621621622,-25333308.832783,,,,,,,
-1.6212896162271526,0.011233987460435966,-0.23450615707123174,2.1314591175881246,0.0,6213.5661932252515,-1170.269303082974,21,40560,872000,0.0003,-4209588736.0,4167001.5,1.0922400951385498,2.999563584242975e+17,4487463936.0,862001,11287.121621621622,-25333308.832783,,,,,,,
-7.082318238019932,-0.031447157698598266,-0.007128233485556162,2.2228804774799182,0.0,6594.910002895541,766.6137078074502,21,40629,874000,0.0003,-4265873408.0,4282903.0,0.41979920864105225,7.79686802180014e+16,3118220288.0,864001,11287.121621621622,-25333308.832783,,,,,,,
5.034037561416626,0.15616482173195262,0.5592876533927851,1.2224915584777878,0.0,5163.603817487428,-277.28316720288996,21,40698,876000,0.0003,-4204107008.0,4243296.0,-0.2329779416322708,3.655059259575501e+16,1677294720.0,866001,11669.96,-25405592.30354324,,,,,,,
-9.681289318799973,-0.31290310268719124,0.5511943050459107,-0.3104025117074472,0.0,1097.7187430618917,30.289692744205094,21,40766,878000,0.0003,-4196489728.0,4286654.0,-1.8248118162155151,2.475592348818473e+17,4071323136.0,868001,11669.96,-25405592.30354324,,,,,,,
-5.211035625934625,-0.49128751433480283,0.015448009855959241,-0.25112700395758986,0.0,789.6701915851734,-106.05861637779152,21,40835,880000,0.0003,-4412497920.0,4356418.5,0.6379016637802124,5.323467652490854e+16,2067358976.0,870001,11669.96,-25405592.30354324,,,,,,,
-10.034902281761163,-0.5768857537031498,0.26920782191027387,-0.05202799653249321,0.0,1133.5484552264643,6580.713388766953,21,40904,882000,0.0003,-4766054400.0,4440156.0,0.9810446500778198,2.3477425111302144e+17,5033061376.0,872001,11605.21052631579,-25421246.28474867,,,,,,,
2.3210640525817907,-0.06844080687559874,1.217914091209014,-0.3406697348808404,0.0,1171.14548913915,374.17907010494775,21,40973,884000,0.0003,-4495063552.0,4488337.0,-1.7580540180206299,1.6036253396054835e+17,2585442816.0,874001,11605.21052631579,-25421246.28474867,,,,,,,
-11.608458742499346,-0.3878070637519167,-0.17249887669948558,-0.35900262347879475,0.0,1002.838625366335,-706.2985562629691,21,41041,886000,0.0003,-4325891584.0,4536802.5,1.0185508728027344,1.787979767039918e+17,3088871680.0,876001,11605.21052631579,-25421246.28474867,,,,,,,
-9.81324001967907,-0.6627322360290133,-0.2911064430994489,-0.1271071142088864,0.0,659.6214249034385,-404.93350933182865,21,41110,888000,0.0003,-4597399040.0,4578620.5,1.3059028387069702,6.463618690318336e+16,1878132608.0,878001,11605.21052631579,-25421246.28474867,,,,,,,
-13.901039699912074,-0.68528651500029,0.4711288775424505,-0.15428868038561463,0.0,733.1479185122524,1504.6157161973904,21,41179,890000,0.0003,-4404260864.0,4609539.0,-1.964303731918335,5.2684522138055475e+17,5699395584.0,880001,11605.21052631579,-25421246.28474867,,,,,,,
-3.922110453844082,-0.09830920356325082,-1.3014132903644853,-0.32455968990451217,0.0,1615.8735796611275,-812.9489649670626,21,41247,892000,0.0003,-4083007488.0,4656630.5,0.5487799048423767,8.96045489227563e+17,5636652544.0,882001,11605.21052631579,-25421246.28474867,,,,,,,
14.371127524971952,0.0832969698180669,1.7414821833320635,-0.2580826199466268,0.0,2110.2345775329927,10355.174288854481,21,41316,894000,0.0003,-4721799168.0,4606225.5,1.1929281949996948,3.3538719291644314e+17,5306942464.0,884001,11604.623376623376,-25472517.690257493,,,,,,,
12.4137693119049,0.08628099666013982,1.5372951926581135,-0.27418108657498536,0.0,1605.9024165735264,7613.859855658355,21,41385,896000,0.0003,-4918794752.0,4704773.0,-2.6809940338134766,7.628607524018586e+16,2080399872.0,886001,11478.141025641025,-25455449.01977055,,,,,,,
14.929701319336878,0.17544187474705286,1.5892083241247439,-0.18779028945144585,0.0,1710.970589741956,11269.40903573427,21,41453,898000,0.0003,-5008582656.0,4727170.5,-2.278569221496582,3.506469282512896e+16,621408768.0,888001,11354.784810126583,-25438686.0974217,,,,,,,
-12.196980657577512,-0.47315837641051156,0.4024736102239554,-0.33412814126173757,0.0,1048.6761112354495,109.69226237523169,,,900000,0.0003,-5143652864.0,4698119.0,1.9405592679977417,5.400440338382848e+16,528411936.0,890000,,,0.007046875000000005,0.0,40000.0,-121304.90303198513,63023.64860830119,0.0001875,0.0
,,,,,,,21,42649,900000,0.0003,-4638785536.0,4697877.0,1.1395097970962524,4.559421145517916e+17,6942566400.0,890001,11354.784810126583,-25438686.0974217,,,,,,,
-7.538229991793619,-0.4394958186983842,-0.10061859362930674,-0.2673024429639595,0.0,875.2441819419353,-28.18927173153244,21,42716,902000,0.0003,-5103814144.0,4751976.0,-1.4414122104644775,2.1269705405969203e+17,3653879552.0,892001,11354.784810126583,-25438686.0974217,,,,,,,
-11.956612194180492,-0.6310445122970874,0.0013623142676566025,-0.18554114480189424,0.0,794.5620856600676,20.014876418146066,21,42782,904000,0.0003,-4688261120.0,4746971.0,-0.1131097674369812,1.951766455087268e+17,3087130112.0,894001,11354.784810126583,-25438686.0974217,,,,,,,
-9.021457439064969,-0.5295960790423255,0.13920353655771248,-0.5455607071814373,0.0,1077.7977835945837,626.1682787539429,21,42850,906000,0.0003,-4936473088.0,4801708.5,-1.4229763746261597,2.0563104258378957e+17,3296120320.0,896001,11354.784810126583,-25438686.0974217,,,,,,,
-9.182197950482346,-0.2712841858048395,-0.6370941746350776,-0.39422007858925,0.0,815.8307688561507,-1201.6537471527743,21,42918,908000,0.0003,-4890836992.0,4737894.0,-1.3401753902435303,6.488163827119555e+17,6547886080.0,898001,11354.784810126583,-25438686.0974217,,,,,,,
-5.272579753994939,0.2994167861833151,-0.6892545056505208,-0.04883267221615515,0.0,272.482783198282,125.48986129771257,21,42986,910000,0.0003,-5230458368.0,4730557.5,0.029583215713500977,4.592411304714568e+17,6413167616.0,900001,11354.784810126583,-25438686.0974217,,,,,,,
-2.844533144235615,0.1283309193646103,0.4719043641356812,0.23183923473036389,0.0,472.68181333834497,-58.57848524875851,21,43054,912000,0.0003,-5396041216.0,4789443.0,-0.8783726692199707,7.099939140560486e+16,977248256.0,902001,11354.784810126583,-25438686.0974217,,,,,,,
-7.9154821109771705,-0.05794369682245352,-0.40100857222829306,0.3301861988882622,0.0,378.01530716431745,-159.34782489555838,21,43122,914000,0.0003,-4948956160.0,4747845.0,-1.189347505569458,1.0317689984018022e+17,2199011072.0,904001,11354.784810126583,-25438686.0974217,,,,,,,
-1.8598281633853981,0.12921404713106763,0.02203959919352649,0.6093258288787956,0.0,1381.2725876514914,333.3710203047307,21,43190,916000,0.0003,-5167438336.0,4755830.0,-2.6849453449249268,1.159724835882926e+17,2275184640.0,906001,11354.784810126583,-25438686.0974217,,,,,,,
1.1842531126737597,0.16785168586111843,0.006428665398790344,0.5460465430239356,0.0,1023.3473570342205,23.891046311860013,21,43258,918000,0.0003,-5379257856.0,4837523.0,1.89472496509552,6.579070761309307e+17,7458220032.0,908001,11354.784810126583,-25438686.0974217,,,,,,,
-5.609211451411235,0.06202517944182555,0.3099920259202901,0.6776637262533963,0.0,1243.9486248858018,1682.8913200013699,21,43327,920000,0.0003,-5375044096.0,4827301.5,-1.7501331567764282,2.1370001482265395e+17,5953556480.0,910001,11354.784810126583,-25438686.0974217,,,,,,,
-3.958891054987914,-0.020616331736983663,0.16874566477834194,0.6219787878063818,0.0,1136.9860557743477,-983.7680491102046,21,43395,922000,0.0003,-5440084480.0,4881694.0,2.186317205429077,4.012826427559772e+17,6772617216.0,912001,11354.784810126583,-25438686.0974217,,,,,,,
-4.915844163298601,-0.003602242570486697,-0.410752754095673,0.6681319013804479,0.0,936.8324728507397,1474.8341881358801,21,43464,924000,0.0003,-5048712192.0,4900445.5,-0.1244044303894043,1.3425163418982154e+18,12046098432.0,914001,11354.784810126583,-25438686.0974217,,,,,,,
-5.99680989980698,0.0804656456400939,-0.046137642137897145,0.8019676578702295,0.0,1496.3189853299912,-1896.1060389392078,21,43532,926000,0.0003,-5828576256.0,4985436.0,-1.4008642435073853,1.0943499360796672e+17,1649425664.0,916001,11354.784810126583,-25438686.0974217,,,,,,,
-1.533400946855555,0.06426914867559026,0.02277159904130568,0.8534455023914738,0.0,1599.4071013250891,62.44563928433107,21,43600,928000,0.0003,-5743185920.0,4958139.5,1.137245535850525,1.041941972039762e+17,3338615808.0,918001,11354.784810126583,-25438686.0974217,,,,,,,
-1.889357035756113,0.06288166080297447,-0.08401030574557601,0.8927174041936909,0.0,1744.8065170891703,118.24035420957375,21,43668,930000,0.0003,-5864619008.0,5005893.5,1.5466941595077515,1.1040800985894093e+17,3263436800.0,920001,11354.784810126583,-25438686.0974217,,,,,,,
-2.377746983170521,0.05561276636991121,0.03403776721403696,0.9274944942537174,0.0,1842.47533338512,168.21715405375133,21,43736,932000,0.0003,-5293307904.0,5047446.0,-0.7655237317085266,4.7423733520295526e+17,7381136896.0,922001,11354.784810126583,-25438686.0974217,,,,,,,
-3.323291419148447,0.0413447880442883,0.10130027226740725,0.974725850269269,0.0,1924.8188132371854,408.95789881637603,21,43804,934000,0.0003,-5665712128.0,5019604.0,0.9009081125259399,3.110811483546583e+17,6517986304.0,924001,11354.784810126583,-25438686.0974217,,,,,,,
-4.9962459760904405,0.021976943923831448,0.14114589657309165,0.9642692469627439,0.0,1727.466617216382,760.8851412655652,21,43872,936000,0.0003,-5561328640.0,5080537.0,-0.8437650203704834,4.947920178894602e+17,6635087872.0,926001,11354.784810126583,-25438686.0974217,,,,,,,
-2.522295372486104,0.05117974241542889,0.1348555088206662,0.014562968274140317,0.0,1212.4969346389485,-1426.5143752970077,21,43940,938000,0.0003,-5716813824.0,5088518.5,-0.7470170855522156,2.455119442309284e+17,4692087296.0,928001,11712.85,-25381283.263890635,,,,,,,
12.25067743420602,0.0739071945253971,1.1134400254452637,-0.3221263606714018,0.0,1359.6755653431344,5231.027744767188,21,44008,940000,0.0003,-5331778560.0,5091503.5,0.8822004199028015,3.381824263521567e+17,7393178624.0,930001,11600.728395061727,-25370838.33355217,,,,,,,
1.447843977212906,0.00228325154091977,0.19627936243054403,-0.9127784141988332,0.0,1136.389962625438,123.74593941606851,21,44076,942000,0.0003,-5679105024.0,5109126.0,0.14900541305541992,6.098232336250307e+17,7861165568.0,932001,11600.728395061727,-25370838.33355217,,,,,,,
15.468274217844012,0.1378769569729636,1.526455974290423,-0.25368490820749195,0.0,1754.6463170995555,10379.81533935468,21,44144,944000,0.0003,-5073117184.0,5145717.0,0.34398388862609863,1.577180160812122e+18,13832330240.0,934001,11504.451219512195,-25369075.182963867,,,,,,,
-5.813137995600701,-0.15659336007157101,0.7697646532075832,-0.45850325010455134,0.0,996.1630790174873,692.3766687340307,21,44212,946000,0.0003,-6054670848.0,5102713.0,-0.9239410161972046,1.485301567581061e+17,3507649792.0,936001,11504.451219512195,-25369075.182963867,,,,,,,
-11.574191850423812,-0.5801408721400572,-0.5055323997421414,-0.5371356263577471,0.0,1014.904519631895,-1189.7304319933291,21,44280,948000,0.0003,-6031273472.0,5091236.5,-0.10492774844169617,5.676748297637724e+17,5696087040.0,938001,11504.451219512195,-25369075.182963867,,,,,,,
-5.947745264172559,0.6103357706125536,-0.4347722462527874,-0.15481685874079038,0.0,229.74573999666882,-411.37366205507396,21,44348,950000,0.0003,-5629686784.0,5081719.5,-3.5073165893554688,4.2712714460318925e+17,8849319936.0,940001,11504.451219512195,-25369075.182963867,,,,,,,
-9.803196764588364,-0.05184444985470622,-0.32819129845301487,0.05366033383466005,0.0,146.91951397943586,-82.95372403179175,21,44416,952000,0.0003,-6478371328.0,5143215.0,-2.250282049179077,4.425760732474245e+17,8525095936.0,942001,11504.451219512195,-25369075.182963867,,,,,,,
1.0540399426221851,0.26295797590251613,0.021531485591049334,0.27288272766100774,0.0,771.9217167134677,258.4677535827652,21,44484,954000,0.0003,-5587335168.0,5146752.5,-2.5377743244171143,8.006467751604388e+17,9142580224.0,944001,11504.451219512195,-25369075.182963867,,,,,,,
-8.158123543262489,-0.025012814323458855,0.5342298195314573,0.2778632542588073,0.0,604.6628256096794,105.51409598935581,21,44551,956000,0.0003,-6395602944.0,5173913.0,2.369298219680786,2.5553548736672563e+17,3995122944.0,946001,11504.451219512195,-25369075.182963867,,,,,,,
-7.7308088213205375,0.014168343565880403,-0.5464390919152008,0.23834177501028236,0.0,461.8495536203102,-159.58727467287633,21,44619,958000,0.0003,-6631921664.0,5170830.0,0.7853394746780396,1.0155713023390515e+17,1980807296.0,948001,11504.451219512195,-25369075.182963867,,,,,,,
-1.935399624109265,0.21487634381229256,-0.06691005667707259,0.32001792519503597,0.0,669.3167196916461,123.9597023083641,21,44687,960000,0.0003,-6605510656.0,5190850.5,-0.012931346893310547,2.0937573866982605e+17,4408159232.0,950001,11504.451219512195,-25369075.182963867,,,,,,,
-7.39388774216173,0.055644744647976314,0.44075643395516595,0.3744999036286423,0.0,554.0108399248103,456.8386036523871,21,44755,962000,0.0003,-6323440640.0,5275697.5,3.258272886276245,2.3048241055321293e+17,3365290240.0,952001,11504.451219512195,-25369075.182963867,,,,,,,
-5.751382920742029,-0.07372601010901725,-0.2942539932494336,0.3778174251695069,0.0,445.525643260267,1009.3832547583487,21,44823,964000,0.0003,-6383286272.0,5280504.5,2.2159435749053955,6.425580312461312e+17,7733518848.0,954001,11504.451219512195,-25369075.182963867,,,,,,,
-5.181322576999664,0.10949787320915502,-0.12013907463080675,0.5092133977278378,0.0,696.6533828201788,-1156.885823868068,21,44891,966000,0.0003,-5933824512.0,5266026.5,-0.019679903984069824,8.99452326006227e+17,7462866944.0,956001,11504.451219512195,-25369075.182963867,,,,,,,
-2.4269477075338406,0.07417883299306889,0.1221645705109982,0.5406312339330466,0.0,738.1418652081863,29.363064212607906,21,44959,968000,0.0003,-6631148544.0,5286470.5,-0.9521449208259583,2.544227987792855e+17,4370466304.0,958001,11504.451219512195,-25369075.182963867,,,,,,,
-9.503143464922925,-0.06868138510310451,0.23475997462592865,0.6221071510048246,0.0,801.5826465077906,162.70646080903697,21,45028,970000,0.0003,-6379588096.0,5332014.5,-2.5461292266845703,1.8748644128173588e+18,15245736960.0,960001,11504.451219512195,-25369075.182963867,,,,,,,
-8.141803143620484,-0.07617499134996543,-0.37592804720284867,0.6677090406749969,0.0,734.2872031186787,145.35872500556098,21,45096,972000,0.0003,-6260702208.0,5312589.5,3.196615695953369,4.894824075194532e+17,5187913728.0,962001,11504.451219512195,-25369075.182963867,,,,,,,
-8.200863404273987,-0.011249987164011434,0.11245053708154934,0.7542984369784329,0.0,1048.1832085443498,-149.34219219390073,21,45164,974000,0.0003,-6327447552.0,5349092.0,1.0081192255020142,1.893385823626199e+17,4139880448.0,964001,11504.451219512195,-25369075.182963867,,,,,,,
-8.160121598839746,-0.1019208938611317,-0.07722714693985226,0.8296978203391379,0.0,1132.7809355213592,527.5219763255972,21,45232,976000,0.0003,-6326246400.0,5341124.5,-2.0963234901428223,1.1195252820221624e+18,7874638336.0,966001,11504.451219512195,-25369075.182963867,,,,,,,
-9.752641900181759,-0.09305340909100136,0.0159066770997177,0.9191984481820847,0.0,1447.8038053766682,219.06842518249255,21,45300,978000,0.0003,-6312292352.0,5432297.0,1.7490575313568115,5.827646647823237e+17,8743156736.0,968001,11504.451219512195,-25369075.182963867,,,,,,,
-11.25209079384803,-0.11504003943615661,0.07073306623953125,1.011433110802095,0.0,1571.7723681463788,108.35908099287663,21,45368,980000,0.0003,-6997942784.0,5449841.0,0.973942756652832,3.597806830123745e+17,5482429440.0,970001,11504.451219512195,-25369075.182963867,,,,,,,
-13.099254679679856,-0.12709305927701012,0.06916100577431367,1.1045046922111903,0.0,1820.0549592557447,285.01479159012877,21,45436,982000,0.0003,-6412466176.0,5500148.5,1.9461438655853271,2.958560390461522e+17,3978722816.0,972001,11504.451219512195,-25369075.182963867,,,,,,,
-11.476660669445991,-0.10381182217416088,-0.2932154154187138,0.47565310124297777,0.0,1601.9165048858492,369.70842559874364,21,45504,984000,0.0003,-6533236736.0,5552423.5,0.26113760471343994,1.071409656758272e+17,1581617280.0,974001,11847.77108433735,-25279265.501496483,,,,,,,
-4.686817286014561,-0.26889581092068127,-0.22800440251153173,-0.9131387475976481,0.0,1047.5658333979702,-179.4887484398322,21,45572,986000,0.0003,-6788154368.0,5603603.5,0.05313599109649658,3.532648396672205e+17,4313818112.0,976001,11847.77108433735,-25279265.501496483,,,,,,,
4.110010768175116,0.13895842549774529,0.6474139190926509,-0.7516028877583478,0.0,1040.2835873228933,-270.1905375516501,21,45640,988000,0.0003,-6711425536.0,5512541.0,-0.6763104796409607,5.555818511256781e+17,6073741824.0,978001,11847.77108433735,-25279265.501496483,,,,,,,
2.2416817939281475,0.3013408936802779,-0.3822125461262068,-0.7318984604213473,0.0,742.5763631791614,105.45155657468143,21,45708,990000,0.0003,-7042540544.0,5507601.5,1.7081711292266846,2.356529327023063e+17,3460808448.0,980001,11847.77108433735,-25279265.501496483,,,,,,,
-5.904079412817943,-0.40833184743116596,-0.4420102637112402,-0.5496146292765449,0.0,521.1669398876086,-395.31595598463423,21,45776,992000,0.0003,-7240175104.0,5558760.5,2.595092296600342,1.965237362313134e+17,3493737984.0,982001,11847.77108433735,-25279265.501496483,,,,,,,
7.532854004502294,-0.3809388144442293,0.8134428766474834,-0.31555750114232217,0.0,785.2558758002127,-203.53104498235766,21,45845,994000,0.0003,-6901692928.0,5578894.0,-2.3628761768341064,8.326185117118628e+17,11249412096.0,984001,11847.77108433735,-25279265.501496483,,,,,,,
4.365147222280495,0.41924266589370446,-0.010976185514590906,-0.2833967625401924,0.0,289.6428821480735,119.87165780316158,21,45913,996000,0.0003,-6875381760.0,5590024.5,-0.30827006697654724,3.485236768087736e+17,4535298048.0,986001,11847.77108433735,-25279265.501496483,,,,,,,
-6.680551463365555,0.07982175988185884,-0.5866850354852989,-0.25817501796643516,0.0,253.4341095183857,-229.91439972609982,21,45981,998000,0.0003,-7033858048.0,5593357.5,0.6020716428756714,1.5520656316065382e+17,2383683328.0,988001,11847.77108433735,-25279265.501496483,,,,,,,
-7.357023875117307,0.09908510442547323,0.7888239926937538,0.05428582803265207,0.0,531.3451051442527,160.86784003554834,,,1000000,0.0003,-7202650624.0,5604683.0,-0.7777655124664307,3.965453281882276e+17,4320272896.0,990000,,,0.007046875000000005,0.0,40000.0,-210821.9697161283,103935.76849794286,0.0,0.0
,,,,,,,21,47179,1000000,0.0003,-6640977408.0,5605233.5,0.9093698859214783,1.0194979675994849e+18,7403017728.0,990001,11847.77108433735,-25279265.501496483,,,,,,,
