rollout/acrobot_xk_applied_torque,rollout/acrobot_xk_elbow_norm,rollout/acrobot_xk_elbow_rate_norm,rollout/acrobot_xk_energy_error_norm,rollout/acrobot_xk_homoclinic_capture,rollout/acrobot_xk_lyapunov,rollout/acrobot_xk_lyapunov_rate,time/fps,time/time_elapsed,time/total_timesteps,train/learning_rate,train/actor_loss,train/alpha,train/alpha_loss,train/critic_loss,train/fraction,train/n_updates,rollout/ep_len_mean,rollout/ep_rew_mean,eval/best_strict_capture_mean_max_duration,eval/best_strict_capture_success_rate,eval/mean_ep_length,eval/mean_reward,eval/std_reward,eval/strict_capture_mean_max_duration,eval/strict_capture_success_rate
-0.13898933770099808,0.11500736027382383,-0.24279372246505246,-0.9209834209529001,0.0,1283.8068837965911,203.8720863573046,2135,0,2000,0.0003,,,,,,,,,,,,,,,
-0.7267136113625027,-0.3268097453146591,0.41776291402623383,-0.8159812136378195,0.0,1132.0121147627324,-128.63435256295065,2149,1,4000,0.0003,,,,,,,,,,,,,,,
0.3620166221521804,0.03345832517929004,-0.14448247564718408,-0.878345902505757,0.0,1085.6754306829212,338.713716945328,2156,2,6000,0.0003,,,,,,,,,,,,,,,
-0.34522447367012604,0.029563879319270653,0.047778481156871194,-0.915747986318084,0.0,1084.0708668373927,169.68595561316656,2164,3,8000,0.0003,,,,,,,,,,,,,,,
0.4717332297798722,-0.029352123756259334,-0.05504861398039845,-0.9178270788116663,0.0,1094.5122363422302,285.0949738465196,1211,8,10000,0.0003,0.08873531222343445,1.0,-0.0,39843480.0,125.61004638671875,1,,,,,,,,,
1.1846150207519541,0.10289629125019376,0.07554427727187236,-0.9239426056593495,0.0,1031.8950772829357,56.5928523236631,159,75,12000,0.0003,2195.8818359375,1.6296433210372925,-0.03592752665281296,13508775.0,12358.36328125,2001,,,,,,,,,
-5.61993914413452,-0.22124983152199382,-0.6016546589456752,-0.764095636393101,0.0,965.8709443678184,-553.886590885626,97,143,14000,0.0003,9762.5361328125,2.533404588699341,-1.0845375061035156,7336716.0,13940.4150390625,4001,,,,,,,,,
6.955484973907482,0.2624424427833852,-0.18572482421907174,-0.3372046792128822,0.0,1018.0705446873001,59.586089552954114,75,211,16000,0.0003,2843.71533203125,5.029908180236816,-4.757535457611084,4636078.0,9253.1103515625,6001,,,,,,,,,
-1.9940614662170444,-0.6793443624012824,0.6492826998088975,-0.3726940805296425,0.0,713.7332939339209,491.17360083052125,64,279,18000,0.0003,-37810.76171875,9.277888298034668,-6.762476444244385,13431076.0,12771.7041015625,8001,,,,,,,,,
2.4566724853515605,0.15544528085366846,0.20079015915233045,-0.8324772466696889,0.0,880.4438079361023,-106.57647227247729,57,348,20000,0.0003,-13940.2568359375,13.399779319763184,-3.5195014476776123,4353290.0,10912.4375,10001,,,,,,,,,
-2.8369129829406736,-0.1494776467725503,-0.47889492161146224,-0.8026034157771607,0.0,887.9371502991462,-167.18284348330099,52,416,22000,0.0003,-1603.163818359375,19.952465057373047,-1.42902410030365,2973180.0,11556.2255859375,12001,,,,,,,,,
-5.8548041076660144,-0.3561542019015981,-0.036939134551010215,-0.6654458810301868,0.0,766.9349070099379,-150.44171471697246,49,485,24000,0.0003,1544.990966796875,31.500873565673828,-6.336719036102295,8225585.5,13628.2890625,14001,,,,,,,,,
1.7606367130279534,0.04400138295497357,0.6793351258764163,-0.5246074565976353,0.0,571.8664410124653,-146.63765068741478,46,553,26000,0.0003,-5169.80908203125,51.37221145629883,-2.289051055908203,6022901.0,13109.951171875,16001,,,,,,,,,
1.210326087951665,-0.05219989139340569,-0.5910020050616888,-0.5924698418054143,0.0,604.0588105563792,168.72783656498166,45,621,28000,0.0003,4605.60791015625,67.71402740478516,-0.5158811807632446,9008007.0,19893.21484375,18001,,,,,,,,,
-12.061530096054076,-0.47942163128189147,0.23862702605810418,-0.19223976655051936,0.0,432.2974214257517,-237.20945775739344,43,689,30000,0.0003,32579.375,56.23517608642578,-0.32137924432754517,11911170.0,15160.9033203125,20001,,,,,,,,,
7.682773504257205,0.24992012985999035,0.28212377939287014,-0.13183125254109374,0.0,91.33673752842301,-146.90666496778096,42,757,32000,0.0003,27461.953125,94.7800064086914,-1.768008828163147,13314266.0,20749.146484375,22001,,,,,,,,,
7.849272779464726,0.33387052947017754,-0.12697029275021673,-0.05219302977636256,0.0,53.58728270924179,3.1318676997185237,41,824,34000,0.0003,-525.1207275390625,112.73796081542969,1.596571683883667,16472847.0,16934.28125,24001,,,,,,,,,
-1.4314240570068353,0.07678944211507262,-0.1196604312033289,-0.004320480206933929,0.154,11.30150271019897,30.119934805468993,40,892,36000,0.0003,8571.357421875,85.5008544921875,-0.44411659240722656,17715068.0,24324.705078125,26001,,,,,,,,,
0.18945515060424842,0.004152891469477992,0.018045868299624613,0.000536989444408041,0.6040000000000002,1.5028533710049523,76.91974921603982,39,960,38000,0.0003,9510.1240234375,91.17829895019531,-0.1769777238368988,11677522.0,12194.248046875,28001,,,,,,,,,
2.2050431365966805,0.17977861330353734,0.23614438948673247,0.00655989882218887,0.0,36.76467359045381,121.96821768898914,38,1029,40000,0.0003,21305.52734375,82.31889343261719,-0.5339001417160034,6528332.0,14225.44921875,30001,40000.0,-27716224.642152,,,,,,,
-9.810251543045053,-0.2704314486536072,-0.840419952143727,-0.6096721946561865,0.0,978.2407273968643,-279.1617526901137,38,1097,42000,0.0003,23827.4375,113.32538604736328,0.6112537980079651,13252874.0,21576.173828125,32001,40000.0,-27716224.642152,,,,,,,
17.464350019454955,0.7492842753967488,0.05898375229801632,-0.34507829346202434,0.0,701.037413977326,-418.78915833193855,37,1172,44000,0.0003,17039.39453125,119.4735336303711,1.0869909524917603,17305160.0,16035.0546875,34001,40000.0,-27716224.642152,,,,,,,
20.150365797042834,0.769427475663922,-0.058367749215019214,-0.229682689645619,0.0,535.8703447225034,136.08656841380994,36,1248,46000,0.0003,14371.4306640625,115.03565216064453,-0.4665919840335846,19763920.0,19458.732421875,36001,40000.0,-27716224.642152,,,,,,,
-0.6883530273437509,-0.16211602842662354,0.2424997370472419,-0.24418438316530497,0.0,411.3210442332112,-166.28341250898495,36,1316,48000,0.0003,8850.1455078125,113.42302703857422,-2.739330291748047,17979502.0,23480.759765625,38001,40000.0,-27716224.642152,,,,,,,
0.24206546211240038,-0.043451951249400336,2.2109665497058817,0.6127084825750806,0.0,4451.564540587481,1564.3801814511423,36,1385,50000,0.0003,-162096.59375,283.6266784667969,-6.7634663581848145,101612984.0,54512.9453125,40001,40000.0,-27716224.642152,,,,,,,
-23.439310173034645,-0.23698466233457138,-0.5639545316372843,0.539718257983958,0.0,3007.9139964141705,874.6322279591385,35,1455,52000,0.0003,-425334.875,517.4378662109375,-5.017786026000977,301518208.0,67111.8515625,42001,40000.0,-27716224.642152,,,,,,,
-38.31539197921752,-0.4413405746268339,0.2573940453449575,0.7310920282272363,0.0,1654.8696902102286,-957.3497333432151,35,1524,54000,0.0003,-494616.6875,739.5609130859375,-0.7608616352081299,588135488.0,118595.765625,44001,40000.0,-27716224.642152,,,,,,,
22.526524562835696,0.18341656186626712,-0.12083447169271912,0.8777776698329248,0.0,2967.1371303975943,666.4561339385451,35,1593,56000,0.0003,-548349.125,937.0000610351562,-0.22919341921806335,600353664.0,145719.53125,46001,40000.0,-27716224.642152,,,,,,,
8.136743801116953,-0.006544272488915527,0.056747554844029345,0.8892716221619112,0.0,2618.2700168701945,2918.2410133605963,34,1662,58000,0.0003,-570592.25,1050.617431640625,0.5300441980361938,577573888.0,129047.109375,48001,40000.0,-27716224.642152,,,,,,,
-41.63803486442563,-0.3825083033472272,-0.20719924352427907,1.2741925317819454,0.0,2935.8840132353575,-946.99678627773,34,1731,60000,0.0003,-557111.5,947.7454223632812,-0.11008623242378235,613497600.0,107033.7734375,50001,40000.0,-27716224.642152,,,,,,,
-51.335252393722534,-0.424420068432986,0.02477783278113628,1.4066633260529544,0.0,3254.020900759216,-293.21771856842076,34,1800,62000,0.0003,-493592.09375,814.0110473632812,1.5802689790725708,574485632.0,73966.8671875,52001,40000.0,-27716224.642152,,,,,,,
-43.36788305473328,-0.36716376391454814,0.08978315872863166,1.203157852360617,0.0,2637.8143114240797,-1222.355711954133,34,1870,64000,0.0003,-425243.90625,603.3487548828125,1.2725176811218262,450967808.0,74734.7421875,54001,40000.0,-27716224.642152,,,,,,,
-33.57701453399664,-0.31374439149621486,0.0010567543764121907,1.1048173614847654,0.0,2364.437984798473,37.77911623350941,34,1939,66000,0.0003,-379598.40625,548.943115234375,-0.21479618549346924,310194304.0,53799.51171875,56001,40000.0,-27716224.642152,,,,,,,
-27.298010320663423,-0.2812797372165187,0.024785629103971613,0.9907485969600526,0.0,2094.290557546665,-188.93815450931848,33,2009,68000,0.0003,-325675.28125,470.1045227050781,-0.6767590045928955,295804160.0,112042.1484375,58001,40000.0,-27716224.642152,,,,,,,
-27.77745169830319,-0.2773023459470672,0.04295614336200596,0.9877171382245071,0.0,2101.2360107036925,178.28441275058822,33,2080,70000,0.0003,-277929.1875,497.4818115234375,-0.7656992673873901,273720960.0,82882.109375,60001,40000.0,-27716224.642152,,,,,,,
-26.49535567665101,-0.24522506831368154,0.04707076018635198,1.003000660633453,0.0,2193.6129294521484,39.48170110706994,33,2151,72000,0.0003,-271199.125,680.8883666992188,0.08203260600566864,230712800.0,65721.984375,62001,40000.0,-27716224.642152,,,,,,,
-25.39388701438903,-0.2470358873726918,0.08232309328810637,1.012703796323501,0.0,2231.711815036335,647.4238789121939,33,2224,74000,0.0003,-269673.46875,706.9024047851562,-0.5036187767982483,329863872.0,83046.5390625,64001,40000.0,-27716224.642152,,,,,,,
-23.304593917846688,-0.17763276307140108,0.07289135047353407,1.081123354838585,0.0,2686.491559183412,296.59007330508416,33,2296,76000,0.0003,-276479.40625,638.6622924804688,0.18466809391975403,218282560.0,52282.45703125,66001,40000.0,-27716224.642152,,,,,,,
23.9862393321991,0.1863005064689145,-0.1966623533782384,0.9975208182791759,0.0,3547.6380867464454,-911.7341273166682,32,2368,78000,0.0003,-274161.625,665.7086181640625,0.18696975708007812,259636656.0,96976.25,68001,40000.0,-27716224.642152,,,,,,,
-31.735298330307035,-0.4384611325589681,-0.09587933459152716,0.542127411190552,0.0,1206.5107813296343,-684.5020070257273,32,2441,80000,0.0003,-258214.703125,635.890380859375,0.3794998824596405,245551840.0,64735.35546875,70001,40000.0,-58824994.199572496,,,,,,,
-0.4038908615112322,0.13817683889174256,0.0197857761025377,-0.9286424850910472,0.0,1343.9803636745617,393.8475427770324,32,2514,82000,0.0003,-239254.375,552.0084228515625,0.19518107175827026,286586656.0,60620.16015625,72001,40000.0,-58824994.199572496,,,,,,,
-3.1947973175048787,-0.30882163677226854,-0.3214469769514305,-0.912305572518066,0.0,1131.6253516371517,-323.7833836849909,32,2588,84000,0.0003,-225127.15625,582.8416748046875,-0.344205379486084,376503680.0,122861.8359375,74001,40000.0,-58824994.199572496,,,,,,,
-6.33321891593933,-0.388615263739231,0.0009887520404341069,-0.9000326643794794,0.0,1046.1013449961372,9.396845973893726,32,2662,86000,0.0003,-191042.6875,553.1459350585938,0.012493312358856201,530553984.0,82572.84375,76001,40000.0,-58824994.199572496,,,,,,,
-9.904519620895385,-0.5757430590178887,-0.14664156483893526,-0.7924457182086881,0.0,888.109005953195,-175.78322052572358,32,2736,88000,0.0003,-174028.609375,510.205810546875,-0.4252679944038391,449901376.0,98165.28125,78001,40000.0,-58824994.199572496,,,,,,,
-6.651563419342041,-0.7600216493315348,-0.04426811019235968,-0.6817868176765212,0.0,767.3445839291115,-39.44367105524868,32,2811,90000,0.0003,-181573.59375,510.8699035644531,-0.1603407859802246,316613888.0,60318.74609375,80001,40000.0,-58824994.199572496,,,,,,,
-3.1933055458068975,-0.6613343029127698,0.18279674862112705,-0.6703821863007111,0.0,859.71158641378,1127.03721142499,31,2885,92000,0.0003,-173976.140625,566.5950927734375,-0.005795568227767944,367706496.0,92291.6171875,82001,40000.0,-58824994.199572496,,,,,,,
-3.1756354484558136,0.5540436437699455,0.6529513770047816,-0.4826588065113519,0.0,1314.3316313552277,-925.9797785805388,31,2960,94000,0.0003,-232083.296875,795.8236083984375,-0.4726203680038452,683647360.0,157612.796875,84001,40000.0,-58824994.199572496,,,,,,,
7.718779939651471,0.6514025894921556,0.05633864555007831,-0.6553594709842464,0.0,875.8693768366828,-75.90348757462246,31,3036,96000,0.0003,-305004.0,856.583740234375,0.44452881813049316,455654752.0,126758.9765625,86001,40000.0,-58824994.199572496,,,,,,,
6.165231565475466,0.41127763676762596,-0.21044666343678872,-0.8670675560699528,0.0,1021.6263506336087,261.2160430052333,31,3111,98000,0.0003,-349077.125,841.4771728515625,0.4946332275867462,465779776.0,80828.1328125,88001,40000.0,-58824994.199572496,,,,,,,
5.237978811264028,0.277211385021177,0.016429044705329358,-0.9479920944257149,0.0,1102.8973010479951,25.43095195933557,,,100000,0.0003,-324739.125,655.8729858398438,-0.47790902853012085,382918784.0,76636.4921875,90000,,,0.0,0.0,40000.0,-38578.04929502462,791.2433854697051,0.0,0.0
,,,,,,,23,4346,100000,0.0003,-323179.8125,655.8026123046875,-0.21675913035869598,423239552.0,63438.51953125,90001,40000.0,-58824994.199572496,,,,,,,
5.965125398635868,0.35449738708980333,0.07771363217517079,-0.9209261546704833,0.0,1059.2288515353669,-52.20496278290971,23,4420,102000,0.0003,-267087.46875,603.2345581054688,-0.10305219888687134,502994368.0,99166.953125,92001,40000.0,-58824994.199572496,,,,,,,
8.002170913696297,0.45625491332427676,0.054534607187638084,-0.8759574872592619,0.0,985.8181364646142,-59.27577819613593,23,4495,104000,0.0003,-247295.6875,510.7373962402344,0.22485153377056122,323194784.0,81086.796875,94001,40000.0,-58824994.199572496,,,,,,,
7.787531744003296,0.5104586827360489,0.023377538811278527,-0.8469380513487016,0.0,942.0451147783016,-22.796724996845835,23,4570,106000,0.0003,-207727.234375,431.1453857421875,0.61395663022995,460947904.0,150179.34375,96001,40000.0,-58824994.199572496,,,,,,,
7.648275615692141,0.46768701438989163,-0.07073047961935383,-0.8670858972304689,0.0,977.1960105978027,82.42064717980973,23,4645,108000,0.0003,-161531.28125,368.5424499511719,0.46064162254333496,1007859328.0,230767.34375,98001,40000.0,-58824994.199572496,,,,,,,
7.736158483505248,0.432606358854559,0.020732721551710864,-0.8871646625611618,0.0,1003.2196852200757,-18.810008250205122,23,4721,110000,0.0003,-130209.8828125,357.5977783203125,0.304363489151001,1064512000.0,340367.53125,100001,40000.0,-58824994.199572496,,,,,,,
-3.2382431888580303,0.06162053679840329,-0.709222057892744,-0.8006896589402727,0.0,1293.4088232119198,-163.8505351623397,23,4796,112000,0.0003,-101371.609375,346.9903869628906,-0.13366319239139557,432581056.0,106793.953125,102001,40000.0,-58824994.199572496,,,,,,,
4.927021526336669,0.23621851066301397,-0.3542029101065465,-0.4005428260296211,0.0,608.9184538948841,-212.11650685403663,23,4872,114000,0.0003,-134992.21875,607.606689453125,-1.680649757385254,481604064.0,118364.9921875,104001,40000.0,-58824994.199572496,,,,,,,
-2.9607705669403095,-0.07883824679687838,0.38924665104400435,-0.36494732791383394,0.0,517.0237606687002,-134.9548264354607,23,4947,116000,0.0003,-225634.328125,692.366455078125,-0.455482542514801,872495616.0,154984.46875,106001,40000.0,-58824994.199572496,,,,,,,
-8.725378473281873,-0.48413301495265937,0.20095023628553,-0.3347660942179031,0.0,283.0415189234336,-239.97026544328227,23,5023,118000,0.0003,-207662.890625,478.03521728515625,-0.7031748294830322,551545856.0,127471.8671875,108001,40000.0,-58824994.199572496,,,,,,,
-5.24877367591858,-0.19146933709070807,-0.019094106887916837,-0.31735863021697025,0.0,165.41210367028108,29.598590817377534,23,5099,120000,0.0003,-187569.8125,396.1690673828125,0.37394219636917114,286494464.0,77598.234375,110001,40000.0,-51238083.973396,,,,,,,
-7.907914834976183,-0.5090634945867916,-0.650282410920139,-0.6945817080481826,0.0,896.1311142626215,-500.9474525353553,23,5174,122000,0.0003,-186883.765625,571.3853759765625,-1.2030125856399536,370211200.0,112754.296875,112001,40000.0,-51238083.973396,,,,,,,
-10.067548704147331,-0.8299389609963773,0.16148269175590263,-0.5357944950817908,0.0,576.7001452514977,116.67287765391707,23,5250,124000,0.0003,-241517.40625,634.3213500976562,0.5609989762306213,637875328.0,163634.84375,114001,40000.0,-51238083.973396,,,,,,,
-6.586826414108274,-0.501820290540989,0.17344717854815658,-0.6662205181553671,0.0,651.4288043458366,-65.53389192464428,23,5326,126000,0.0003,-210761.5,378.59326171875,0.6133774518966675,705626560.0,138843.734375,116001,40000.0,-51238083.973396,,,,,,,
-10.715603887557974,-0.4759023909653035,-0.11446412033493482,-0.5365344943622297,0.0,531.603329529578,-151.46429662452786,23,5402,128000,0.0003,-163002.71875,348.97906494140625,-0.10905752331018448,426926912.0,126042.4609375,118001,40000.0,-51238083.973396,,,,,,,
-7.382799030303936,-0.62833470837427,0.11206915641546675,-0.24466797351483688,0.0,249.39322001034844,-271.0908375243572,23,5478,130000,0.0003,-125696.375,342.3426208496094,-0.4874012768268585,271842944.0,57666.0390625,120001,40000.0,-51238083.973396,,,,,,,
0.7143087043762203,-0.3272266977973709,0.5667689906529022,-0.19912805814934845,0.0,610.7898665087582,2165.2819228701046,23,5555,132000,0.0003,-112780.203125,296.3832092285156,0.25131669640541077,171744976.0,51594.89453125,122001,40000.0,-51238083.973396,,,,,,,
43.10673642730711,0.6851439897467174,0.14854136836510587,0.7229292711423446,0.0,1133.7719974445927,-1895.880220028069,23,5637,134000,0.0003,-83787.7734375,246.20724487304688,0.019863151013851166,203237360.0,45879.41015625,124001,40000.0,-51238083.973396,,,,,,,
43.759379920959475,0.6998808346435669,0.07749729464440117,0.5825612323718006,0.0,744.9196351782471,126.71112487763197,23,5719,136000,0.0003,-52087.1953125,233.29559326171875,-0.07744625210762024,189943520.0,66149.9140625,126001,40000.0,-51238083.973396,,,,,,,
26.603376209259014,0.5311070828115124,-0.15813095508814662,0.2032798012598399,0.0,349.617823729778,61.575936959425306,23,5802,138000,0.0003,-33365.546875,232.72006225585938,-0.10769592225551605,266723856.0,87929.375,128001,40000.0,-51238083.973396,,,,,,,
0.38987373542785514,0.38089968390081547,1.6768973252505779,-0.08236739782981506,0.0,3042.168698177091,2433.3849142887566,23,5884,140000,0.0003,-18791.361328125,259.1010437011719,-0.021905720233917236,323532736.0,80561.109375,130001,40000.0,-51238083.973396,,,,,,,
10.364740808486939,-0.32838814975997754,0.6753719015850136,-0.2604093378508694,0.0,3608.98393159116,1942.6833492612423,23,5966,142000,0.0003,-1753.37255859375,236.67054748535156,0.2844584584236145,154818144.0,46365.7734375,132001,40000.0,-51238083.973396,,,,,,,
-17.36085840606688,-0.22315120393468607,-0.2106426435628227,0.26628244654785305,0.0,4825.123538979186,-649.6610425471412,23,6048,144000,0.0003,18961.86328125,248.92433166503906,-0.671387791633606,164715104.0,67462.671875,134001,40000.0,-51238083.973396,,,,,,,
-34.98056416702265,-0.4646880255960942,-0.05340441321659052,0.5797570763919547,0.0,4200.966507833141,111.72854378786744,23,6130,146000,0.0003,12667.380859375,323.8265686035156,-1.1206700801849365,158084896.0,54849.6484375,136001,40000.0,-51238083.973396,,,,,,,
-44.22981806373596,-0.5276821359207565,-0.12148027233860914,0.6331991494068753,0.0,4382.888224821799,-0.6124850398628069,23,6212,148000,0.0003,20497.78125,294.2546081542969,0.020273970440030098,226568848.0,62260.90625,138001,40000.0,-51238083.973396,,,,,,,
-44.15273921012878,-0.7054769359786459,-0.14130908608782344,0.6017599463313021,0.0,4169.459612391645,-579.7280213273318,23,6293,150000,0.0003,19375.365234375,353.4968566894531,-0.04445013403892517,260175584.0,66794.1796875,140001,40000.0,-51238083.973396,,,,,,,
-21.48171933555604,-0.23481162529089228,-0.9036511993382933,0.2563659949202649,0.0,3668.151537565255,-703.5589176479592,23,6370,152000,0.0003,8818.09765625,365.7312927246094,-0.3932742476463318,280639136.0,55280.8515625,142001,40000.0,-51238083.973396,,,,,,,
0.9397761726379356,-0.006866373926533737,-1.503937548472427,0.10392058121568222,0.0,1236.488155101577,-2504.4183742891837,23,6445,154000,0.0003,-59050.44140625,570.959716796875,0.5255872011184692,608389952.0,134729.765625,144001,40000.0,-51238083.973396,,,,,,,
-11.391516469955441,-0.35514767198564123,0.09482346860971852,-0.3206493229569301,0.0,240.72164171599854,40.00921245511566,23,6520,156000,0.0003,-102935.703125,441.4402160644531,0.4615117907524109,332504640.0,64965.984375,146001,40000.0,-51238083.973396,,,,,,,
-16.381790262222296,-0.4181288250783748,-0.40032127742124685,-0.10124910477877125,0.0,598.8722828090013,1877.738023228681,23,6596,158000,0.0003,-110098.640625,492.1560363769531,-0.19006548821926117,363188512.0,78552.8515625,148001,40000.0,-51238083.973396,,,,,,,
-35.10209420776364,-0.5531116648679278,0.5114905839477454,0.4257429536246211,0.0,690.8567787498935,-1049.2722231106484,23,6671,160000,0.0003,-142257.6875,545.0040283203125,0.30058494210243225,485055424.0,60945.80859375,150001,40000.0,-56708624.12446325,,,,,,,
0.6223331871032602,-0.46008075032891316,0.1812321295256117,-0.4602917070330931,0.0,1840.543686637512,740.799080268221,24,6747,162000,0.0003,-130740.2578125,438.45355224609375,-0.3772081732749939,759516672.0,121511.40625,152001,40000.0,-56708624.12446325,,,,,,,
-4.282606327056884,0.19172084530118225,-0.4513988763041273,-0.5691781799220057,0.0,774.3168996694645,-1002.4312730050711,24,6823,164000,0.0003,-140700.828125,487.97503662109375,-1.2664412260055542,619719680.0,96581.15625,154001,40000.0,-56708624.12446325,,,,,,,
-2.3622474136352447,-0.07270917962841786,-0.9986706898079615,-0.29449712011349805,0.0,1310.8357333565007,1788.973023709424,24,6899,166000,0.0003,-350762.46875,1020.69091796875,-3.599277973175049,889729664.0,102518.2578125,156001,40000.0,-56708624.12446325,,,,,,,
5.95079473686218,0.3056147469728912,0.42108918349752567,-0.8146028477047608,0.0,1852.3951537661758,-1260.3194033943687,24,6975,168000,0.0003,-595971.625,1270.2152099609375,1.785720944404602,2004482432.0,199539.5625,158001,40000.0,-56708624.12446325,,,,,,,
9.045085109710701,0.040449223449177125,0.7926663830647618,-0.09099247678533906,0.0,738.2988231028978,-917.6397952003914,24,7050,170000,0.0003,-543500.25,771.0526123046875,1.3724026679992676,1594331136.0,176447.75,160001,40000.0,-56708624.12446325,,,,,,,
-1.8348827800750755,-0.1271360627767724,0.013665013793532783,0.013526398192072265,0.0,136.62755328196928,1186.7854630145903,24,7126,172000,0.0003,-471812.90625,602.9849243164062,0.3321332633495331,777866880.0,136429.90625,162001,40000.0,-56708624.12446325,,,,,,,
49.83343185615536,0.4696832346186553,0.33042974863204067,0.9905015852211313,0.0,1901.36532700643,255.44484656303234,24,7201,174000,0.0003,-355098.1875,543.3734130859375,0.8750240802764893,486356256.0,77544.453125,164001,40000.0,-56708624.12446325,,,,,,,
2.3252747726440304,-0.31103057123915123,-0.5692520581182675,0.2628915948621257,0.0,569.0807599349909,-954.9230135710458,24,7276,176000,0.0003,-301651.0,563.7005615234375,-0.4700632393360138,808391040.0,96397.9296875,166001,40000.0,-56708624.12446325,,,,,,,
-0.2799329700469932,0.019414399183766334,0.28997350426711016,-0.15884488757662066,0.0,219.19627242029648,40.803569181182404,24,7352,178000,0.0003,-295399.34375,557.199951171875,0.6060935854911804,682430976.0,99045.3203125,168001,40000.0,-56708624.12446325,,,,,,,
2.5498302116394,-0.3751799921879301,-0.37062408728174456,-0.27738263060029633,0.0,281.2877186287382,658.0363419905788,24,7427,180000,0.0003,-285735.75,539.3281860351562,-1.0250980854034424,776057600.0,155228.984375,170001,40000.0,-56708624.12446325,,,,,,,
1.9350472373962337,0.24636681952383283,0.9077225707023567,-0.5884825555440641,0.0,839.8372815568716,-33.815281176801854,24,7503,182000,0.0003,-240966.234375,417.3377990722656,0.18654215335845947,504182400.0,87238.8359375,172001,40000.0,-56708624.12446325,,,,,,,
-7.648913658142106,-0.28228945295450236,0.3391507634963851,-0.4015973484808582,0.0,1562.84947070389,-34.36350679722335,24,7578,184000,0.0003,-193057.359375,400.1217346191406,-0.8480848073959351,570736320.0,110700.78125,174001,40000.0,-56708624.12446325,,,,,,,
-8.060593589782714,-0.5490424534302868,0.08250984335106142,-0.3443742605626684,0.0,811.8619167347952,148.57008112412188,24,7653,186000,0.0003,-148562.46875,405.5476989746094,-1.0823237895965576,454741312.0,66295.9375,176001,40000.0,-56708624.12446325,,,,,,,
-19.903090473175034,-0.23599809793413234,-0.9793304186198912,0.263126573873206,0.0,1321.8651290381201,-403.32837364429395,24,7729,188000,0.0003,-136128.078125,446.0980224609375,0.25821977853775024,390513152.0,71592.4375,178001,40000.0,-56708624.12446325,,,,,,,
9.08563640594484,0.03237092155857562,0.2882904170103442,-0.2801015804901308,0.0,261.28668729892377,46.84813754272151,24,7804,190000,0.0003,-148270.953125,460.29754638671875,-0.6382534503936768,524225664.0,117905.9921875,180001,40000.0,-56708624.12446325,,,,,,,
4.791387346267711,0.1436600278549249,-0.3827567969404932,0.06701815843719493,0.0,130.57156752119636,-52.422520316860016,24,7880,192000,0.0003,-172162.953125,527.6524658203125,0.07453674077987671,720587136.0,107210.109375,182001,40000.0,-56708624.12446325,,,,,,,
2.0498186569213868,0.0512609970994174,0.14405705999033463,0.058741800054950014,0.0,63.36730767467443,194.11222592266967,24,7955,194000,0.0003,-181735.921875,446.56689453125,0.23642872273921967,586808064.0,91428.328125,184001,40000.0,-56708624.12446325,,,,,,,
19.941414566040038,0.3396362471550258,0.32943821678714125,0.4188633635284329,0.003999999999999995,446.287366626395,800.2715587104234,24,8030,196000,0.0003,-192978.484375,469.26959228515625,-0.22587718069553375,517345504.0,73341.8359375,186001,40000.0,-56708624.12446325,,,,,,,
40.52619797325141,0.49694759017932905,0.08467414742410562,0.6113047448893946,0.0,641.9427234842498,632.5528855663773,24,8104,198000,0.0003,-220994.484375,549.7782592773438,-0.8491073846817017,568524864.0,92813.625,188001,40000.0,-56708624.12446325,,,,,,,
38.429381402969405,0.5579077300444188,0.043474241179331956,0.46012081687480083,0.0,485.4931311428952,-683.600689070038,,,200000,0.0003,-247289.9375,568.2344360351562,-0.38105183839797974,724813056.0,105522.9375,190000,,,0.0,0.0,40000.0,-38131.15502766076,2167.581700967612,0.0,0.0
,,,,,,,21,9313,200000,0.0003,-248155.9375,568.2303466796875,0.17977653443813324,533284064.0,79300.7265625,190001,40000.0,-51980665.906295404,,,,,,,
-6.52962348175049,-0.3801771029135943,-0.31209855944386206,-0.8491045369034336,0.0,1016.8047804397768,-209.61255219001114,21,9386,202000,0.0003,-258157.84375,525.371826171875,-0.16109177470207214,343547872.0,83582.7734375,192001,40000.0,-51980665.906295404,,,,,,,
-6.912005075454707,-0.423000740016726,-0.08085722542944666,-0.82211323192013,0.0,911.1659353979259,-149.83548765573272,21,9458,204000,0.0003,-224369.65625,484.0122985839844,0.2896898090839386,445199424.0,80826.984375,194001,40000.0,-51980665.906295404,,,,,,,
-9.321370859146116,-0.540544502893599,0.08492523534049949,-0.736225641919555,0.0,751.6082242798768,82.43300107717255,21,9531,206000,0.0003,-201625.25,432.9717712402344,0.10841456055641174,721889408.0,168691.375,196001,40000.0,-51980665.906295404,,,,,,,
-4.78193203735351,-0.43940110545220806,0.1519236323311265,-0.7761051172898121,0.0,819.9100951043301,245.5838821477519,21,9604,208000,0.0003,-193670.75,432.0373229980469,-0.28211352229118347,545333632.0,87783.84375,198001,40000.0,-51980665.906295404,,,,,,,
1.8926387271881095,0.1679612958599411,0.09098246832335473,-0.6974822092183878,0.0,1010.02925344665,-175.82420455924597,21,9677,210000,0.0003,-162868.09375,389.763427734375,1.2669233083724976,481905152.0,83126.46875,200001,40000.0,-51980665.906295404,,,,,,,
0.5874649887084978,-0.06493075480405683,0.6121396367698402,-0.5413759585758843,0.0,1270.5486338021815,5.371153670581353,21,9751,212000,0.0003,-142794.0625,402.2564697265625,0.802716851234436,480220512.0,104581.3046875,202001,40000.0,-51980665.906295404,,,,,,,
-2.44861123466491,0.3863023557927579,-0.46527964652504256,-0.01085172057127169,0.0,265.82056182241666,-562.8191948927165,21,9824,214000,0.0003,-123909.4765625,382.6999816894531,-0.6701014041900635,676073216.0,96123.09375,204001,40000.0,-51980665.906295404,,,,,,,
23.48030060958863,0.45380817461209144,0.2661914371555316,0.10573103166991646,0.0,195.2361711708891,41.007189403445274,21,9898,216000,0.0003,-112616.1328125,349.9600830078125,0.01611119508743286,551227904.0,94047.578125,206001,40000.0,-51980665.906295404,,,,,,,
12.291255416870106,0.5944234076592654,-0.006742773485578725,0.05994874952630053,0.0,248.00195391004826,306.1687439050599,21,9972,218000,0.0003,-108600.984375,358.6597900390625,-0.2816570997238159,442400032.0,79617.7890625,208001,40000.0,-51980665.906295404,,,,,,,
1.6742763519287072,0.07758519809594963,-0.5204908804316059,-0.6096166724743057,0.0,576.3381137454431,168.0825053018347,21,10046,220000,0.0003,-97807.1640625,345.410400390625,0.17972184717655182,405911744.0,67384.5,210001,40000.0,-51980665.906295404,,,,,,,
-6.804353097915634,-0.1882896903209123,0.5535406421888929,-0.32656580485610487,0.0,715.8159974691117,-141.8205730835126,21,10120,222000,0.0003,-82729.9609375,364.043212890625,0.6698553562164307,364687744.0,67512.3828125,212001,40000.0,-51980665.906295404,,,,,,,
4.750781667709347,0.39796208230857916,-0.12246358407100469,-0.24638495322850623,0.0,436.62883835224085,174.43971879154745,21,10194,224000,0.0003,-110775.3515625,412.0708923339844,0.32192009687423706,566880768.0,84522.6953125,214001,40000.0,-51980665.906295404,,,,,,,
0.5638610839843742,0.043420470682631,-0.374807354401619,-0.43935159971732723,0.0,312.2511369809331,-5.5111745370164344,22,10268,226000,0.0003,-103342.09375,413.4630126953125,0.5587772130966187,543753856.0,85520.3984375,216001,40000.0,-51980665.906295404,,,,,,,
-10.055767114639275,-0.2785469612216631,-0.24009757309085622,-0.35852245440875996,0.0,303.51518986938424,111.21514996344774,22,10342,228000,0.0003,-142031.015625,429.1406555175781,-0.537846028804779,479772128.0,121183.8828125,218001,40000.0,-51980665.906295404,,,,,,,
11.075622486114527,-0.5875773890239511,0.13902564020241803,-0.11211411386202068,0.0,411.68326555516114,-321.74594416473514,22,10416,230000,0.0003,-142155.0625,390.64404296875,-0.5586302280426025,418208704.0,69331.015625,220001,40000.0,-51980665.906295404,,,,,,,
1.7848193855285588,-0.27949250819952065,0.022247527388785118,-0.04391231831477633,0.0,29.837726302248893,55.30541421245197,22,10490,232000,0.0003,-146666.71875,391.3808898925781,0.5490273237228394,628267776.0,124407.2578125,222001,40000.0,-51980665.906295404,,,,,,,
6.530857185363781,0.10153613325049955,0.1516329046125245,0.033503862577758926,0.0,430.736565096883,1844.0199041266496,22,10563,234000,0.0003,-133001.4375,367.7470703125,0.9734200239181519,507962624.0,158808.78125,224001,40000.0,-51980665.906295404,,,,,,,
3.2285830688476604,-0.03387894364368854,-0.0029021957096518137,0.018497378763514635,0.0,324.31696168512303,-1621.7943075161952,22,10637,236000,0.0003,-122875.328125,326.7189025878906,0.5214675664901733,567649216.0,107334.0078125,226001,40000.0,-51980665.906295404,,,,,,,
2.9973552951812743,-0.10230670359430617,0.09257217387752781,-0.008511252655274172,0.0,27.123792835817973,184.15968911931898,22,10714,238000,0.0003,-102730.703125,395.8288269042969,-0.5894191861152649,293838016.0,61123.25,228001,40000.0,-51980665.906295404,,,,,,,
15.823285573959355,0.5121255247909404,0.49184999074566643,0.11786278626520864,0.0,311.69386037619296,126.02694410615916,22,10794,240000,0.0003,-129942.2734375,506.3449401855469,0.25741520524024963,653951872.0,98661.5,230001,40000.0,-46789062.260183,,,,,,,
-0.652067810058593,-0.030502672248538917,-0.0740318429570135,-0.9966719915679554,0.0,1197.253036040421,149.35465917643958,22,10868,242000,0.0003,-170971.65625,569.3882446289062,-0.10909153521060944,542844032.0,94300.1796875,232001,40000.0,-46789062.260183,,,,,,,
-0.4222395401000997,-0.11323414062213322,1.074657348046287,-0.3924489593854318,0.0,1674.7989757839764,-411.37565399285575,22,10941,244000,0.0003,-268514.65625,842.3804931640625,-0.24289914965629578,848011584.0,87245.71875,234001,40000.0,-46789062.260183,,,,,,,
-11.912934539794922,-0.7270507799124467,-0.14587799052961914,-0.2522460388667274,0.0,658.7746101512628,-42.07225707056624,22,11015,246000,0.0003,-278193.75,566.9115600585938,1.9507060050964355,1053646784.0,184040.125,236001,40000.0,-46789062.260183,,,,,,,
-1.1830821666717606,-0.8125909970294805,-0.07834818884456954,-0.36012410919117754,0.0,588.26336125736,-71.70111773630668,22,11089,248000,0.0003,-251867.0,390.2093505859375,-0.015481211245059967,737902080.0,90579.109375,238001,40000.0,-46789062.260183,,,,,,,
-12.623547851562481,-0.4196196864437376,-0.40844810770477197,-0.20343076732273155,0.0,1600.2275640647172,658.2773240162433,22,11163,250000,0.0003,-264693.4375,522.582275390625,-0.5119341611862183,723718528.0,101557.5703125,240001,40000.0,-46789062.260183,,,,,,,
8.542236156463645,0.1670598419763184,0.03191367738211528,-0.20242186603259812,0.0,1219.7604917904625,-988.7442229426241,22,11236,252000,0.0003,-280686.875,624.73486328125,0.7499295473098755,703423552.0,102870.546875,242001,40000.0,-46789062.260183,,,,,,,
-3.887225610733033,0.4049208057688655,-0.3880827010699176,-0.036866591895609896,0.0,146.77222530443575,203.032795749376,22,11310,254000,0.0003,-300691.25,612.0032348632812,-0.011347800493240356,740096192.0,93231.03125,244001,40000.0,-46789062.260183,,,,,,,
-30.766005743026735,-0.646447972336607,-0.60341103833906,0.48099546262681747,0.0,767.6827005391333,496.7943967350871,22,11383,256000,0.0003,-295563.6875,470.90277099609375,0.3843291699886322,546489856.0,72873.140625,246001,40000.0,-46789062.260183,,,,,,,
-17.332811218261696,-0.2690398243965247,0.7379057424005849,0.23875348045786884,0.0,696.5124116221089,-641.5373166931746,22,11457,258000,0.0003,-236106.140625,430.89691162109375,0.14212213456630707,441031232.0,68564.4453125,248001,40000.0,-46789062.260183,,,,,,,
-0.4990538005828829,0.3212581570893682,0.24177453448627598,-0.05526923875009121,0.0,70.70083353859573,222.2433192450206,22,11531,260000,0.0003,-224489.703125,466.39208984375,-1.228097915649414,387404288.0,83936.6875,250001,40000.0,-46789062.260183,,,,,,,
15.59610089683535,0.45247791638613993,-0.3153011409102826,-0.11461993480416766,0.0,325.8428617601038,13.438620462839014,22,11604,262000,0.0003,-201755.8125,416.5838623046875,0.4368809163570404,514060224.0,85537.28125,252001,40000.0,-46789062.260183,,,,,,,
-12.201425102233875,-0.21059134184772502,-0.3514307494895324,-0.0847559428719935,0.0,365.8207851422823,1670.1345600580105,22,11678,264000,0.0003,-182338.34375,397.4127197265625,-0.040730126202106476,392948032.0,92416.3671875,254001,40000.0,-46789062.260183,,,,,,,
-4.292458597183218,0.0025633330942887948,0.07150031043730998,0.09776568511866227,0.0,420.82177857733774,-1465.709376796564,22,11752,266000,0.0003,-154326.890625,344.0481872558594,0.09610113501548767,359717344.0,66820.75,256001,40000.0,-46789062.260183,,,,,,,
1.284678102493278,-0.27040221545896076,0.2934108789462433,-0.08393119512995793,0.0,317.990810708872,61.80142632287239,22,11825,268000,0.0003,-133965.359375,357.8401794433594,0.40198463201522827,591186560.0,134499.171875,258001,40000.0,-46789062.260183,,,,,,,
2.557558210372919,0.23411830136305586,0.1859394349592919,-0.22701905081251247,0.0,253.69229125875626,-8.619661860334432,22,11900,270000,0.0003,-116572.9296875,361.3485412597656,-0.18013226985931396,451697984.0,94935.4453125,260001,40000.0,-46789062.260183,,,,,,,
16.61027944755554,0.6449876442183438,0.28338907859795187,-0.0551150624234912,0.0,247.17800802324606,106.04024281611545,22,11976,272000,0.0003,-100903.546875,351.67254638671875,0.31601428985595703,622158464.0,119439.2578125,262001,40000.0,-46789062.260183,,,,,,,
15.711936071395856,0.6825640452442217,-0.3409344927088538,-0.09548276475047301,0.0,347.73651187619873,435.4894699848087,22,12051,274000,0.0003,-86400.40625,359.7855224609375,0.47668901085853577,474996160.0,84382.7421875,264001,40000.0,-46789062.260183,,,,,,,
0.09412378120422007,0.07996868531013507,-0.41798657140538814,-0.6416994823243588,0.0,647.595820206403,111.27391519957702,22,12126,276000,0.0003,-85722.2578125,370.4723205566406,-1.277880311012268,435389760.0,83214.6171875,266001,40000.0,-46789062.260183,,,,,,,
4.108657831192018,0.10249951088167415,0.5022325014072676,-0.6249251378692243,0.0,724.5969340062343,446.31102301924915,22,12201,278000,0.0003,-77472.28125,372.0817565917969,-0.43343573808670044,496375744.0,75101.859375,268001,40000.0,-46789062.260183,,,,,,,
6.066361879348759,0.5238506191582831,0.07507540121921964,-0.5674359217710202,0.0,671.4433982548645,-417.3266076068694,22,12277,280000,0.0003,-78447.59375,382.96209716796875,0.2484511286020279,436750528.0,70512.46875,270001,40000.0,-43848223.95768043,,,,,,,
5.944947301864626,0.29650784647587614,0.38571880109095663,-0.9225915140511809,0.0,1117.9837336359549,-247.1939048559636,22,12353,282000,0.0003,-68914.1015625,375.44482421875,-0.13427866995334625,328977600.0,76614.8828125,272001,40000.0,-43848223.95768043,,,,,,,
7.929694828033431,0.7281162800612816,0.1644796810843576,-0.7061350459101903,0.0,776.7149768880022,-182.001117884846,22,12429,284000,0.0003,-77519.9375,372.6664733886719,0.5814331769943237,496666912.0,75994.7109375,274001,40000.0,-43848223.95768043,,,,,,,
4.179256715774548,-0.17107855154835233,0.2874615833311525,-0.3859039869200447,0.0,815.6716375947403,-200.02476843523849,22,12504,286000,0.0003,-73397.984375,386.7215881347656,-0.5880364179611206,440219200.0,84095.1484375,276001,40000.0,-43848223.95768043,,,,,,,
-15.96761013221743,-0.7192301766000128,-0.1268666741431523,-0.37601841356309035,0.0,793.8888461714132,58.36710869459508,22,12579,288000,0.0003,-79959.0,368.7551574707031,-0.06418891251087189,426204000.0,81866.515625,278001,40000.0,-43848223.95768043,,,,,,,
13.808595903396611,0.6349343355316693,-0.3167725310513349,-0.5326846423014776,0.0,625.8420441612061,135.4956828847144,22,12654,290000,0.0003,-56767.3125,350.3684997558594,0.5934455394744873,376158560.0,64150.10546875,280001,40000.0,-43848223.95768043,,,,,,,
3.55057370758056,0.5342440596550935,-0.1404599005889398,-0.6762884879277704,0.0,668.9212517318969,-27.47983510843883,22,12730,292000,0.0003,-51265.109375,340.0103759765625,0.023640058934688568,595240832.0,104253.5234375,282001,40000.0,-43848223.95768043,,,,,,,
6.818970237731934,0.22974439493699353,-0.07884673378401927,-0.7853702018718626,0.0,778.8687301918272,163.60132907676132,22,12805,294000,0.0003,-47425.1484375,336.6425476074219,1.1567742824554443,631015552.0,109615.6171875,284001,40000.0,-43848223.95768043,,,,,,,
7.601286626815811,0.3706303559534498,0.08419945546394937,-0.7344230263944307,0.0,746.9092926457184,-30.275659824076087,22,12880,296000,0.0003,-28219.84375,312.4162902832031,-0.00902855396270752,510023136.0,59873.03125,286001,40000.0,-43848223.95768043,,,,,,,
-1.3739094333648658,-0.051361495301569554,-0.747005217922353,-0.5296602797587385,0.0,953.9304905244146,-234.4357030249593,23,12954,298000,0.0003,-20011.353515625,306.8796691894531,0.3173300325870514,500092448.0,85654.25,288001,40000.0,-43848223.95768043,,,,,,,
-2.5187902374267512,0.11663803336100514,0.9100096424190398,-0.24844310095720704,0.0,593.3299958026366,-108.19290080904985,,,300000,0.0003,-11797.5634765625,294.0345458984375,-0.2632859945297241,356031232.0,65480.67578125,290000,,,0.0,0.0,40000.0,-83093.4829570463,10050.134930917566,0.0,0.0
,,,,,,,21,14191,300000,0.0003,-10538.955078125,294.0526123046875,0.41975611448287964,477981760.0,115604.53125,290001,40000.0,-43848223.95768043,,,,,,,
3.5234399127960256,0.0176618676411148,-1.2736871488862005,-0.21728065036733193,0.0,1010.6242032835456,543.3486935964138,21,14265,302000,0.0003,-17965.671875,310.5035705566406,0.08547502756118774,323861728.0,52764.59765625,292001,40000.0,-43848223.95768043,,,,,,,
17.1263259830475,0.49309776344607853,0.32092546956034834,-0.4767046891614483,0.0,1089.281386408901,201.736608272606,21,14338,304000,0.0003,-39319.55859375,357.5260009765625,-0.71384596824646,561278528.0,118806.953125,294001,40000.0,-43848223.95768043,,,,,,,
-0.19817927551269413,-0.38071683563372294,0.470466499704483,-0.1220725548218267,0.0,190.17662391393455,-952.3896365425516,21,14412,306000,0.0003,-25951.95703125,285.8280029296875,-1.0538032054901123,331701440.0,49160.5078125,296001,40000.0,-43848223.95768043,,,,,,,
12.302198766708377,0.22244585415236462,0.2903062467181567,0.13113569237543882,0.0,155.32621216726986,174.0523713116236,21,14486,308000,0.0003,-9777.1806640625,278.06219482421875,0.19325844943523407,279351168.0,57534.48046875,298001,40000.0,-43848223.95768043,,,,,,,
10.80767777442931,0.2961002101123958,-0.2803799655563936,0.2239630679192614,0.0,210.10366422722433,352.4762484789589,21,14561,310000,0.0003,-23066.7734375,325.1622009277344,0.11478349566459656,372590432.0,69592.5078125,300001,40000.0,-43848223.95768043,,,,,,,
-2.2449009742736847,-0.3172259305615502,-0.5700720529825807,0.07990042913673295,0.0035,350.5639420152926,-88.12109585004924,21,14635,312000,0.0003,-20507.23046875,268.4302978515625,-0.46635472774505615,362067040.0,108668.890625,302001,40000.0,-43848223.95768043,,,,,,,
-5.664054943084722,-0.2994618360643661,0.49869087091670733,-0.5174848592835162,0.0,913.8604161902962,546.4764887685185,21,14709,314000,0.0003,-14676.74609375,275.16058349609375,0.002638045698404312,488957312.0,92488.203125,304001,40000.0,-43848223.95768043,,,,,,,
-8.925925270080564,-0.4251070947388633,-0.1866306487703946,-0.6663767019869643,0.0,651.0742213172082,-111.66554380139206,21,14784,316000,0.0003,-29513.841796875,324.79168701171875,-0.5007725358009338,319313824.0,82344.34375,306001,40000.0,-43848223.95768043,,,,,,,
-3.588103370666505,-0.2366304189308388,0.22143977941462448,-0.7156122915444288,0.0,673.6132401862156,514.5429969068268,21,14858,318000,0.0003,-44815.02734375,303.7801513671875,0.6657742857933044,440796160.0,109430.40625,308001,40000.0,-43848223.95768043,,,,,,,
-1.251027975082387,-0.3063745286858156,-0.6233828710678985,-0.19644030228415102,0.0,478.59577590862585,-659.2282235830342,21,14933,320000,0.0003,-38044.8984375,312.5086669921875,-0.16786478459835052,354440832.0,75849.0703125,310001,40000.0,-41754697.81958237,,,,,,,
-3.8232444763183673,-0.22439170014621942,0.7243761142459814,-0.10801332296585313,0.0,1641.7907582777011,-231.37541815097916,21,15008,322000,0.0003,-93305.046875,431.478759765625,0.7157419919967651,692428800.0,79842.3828125,312001,40000.0,-41754697.81958237,,,,,,,
10.278977359771732,0.15482180480706248,0.12033988790939223,-0.2574717060816747,0.0,527.2657941227603,-218.99305515437692,21,15083,324000,0.0003,-68596.171875,339.29241943359375,-0.6922136545181274,384854976.0,81381.8046875,314001,40000.0,-41754697.81958237,,,,,,,
-5.628983560562132,-0.6902571051135058,-0.10726033665188443,-0.19032676495434633,0.0,636.250475415559,102.1091886066135,21,15157,326000,0.0003,-115710.0234375,540.2184448242188,-1.8457770347595215,523852288.0,105464.859375,316001,40000.0,-41754697.81958237,,,,,,,
20.979832080841053,0.48532301726531485,-0.3851544933057256,-0.24369838689239948,0.0,485.09093599890383,-61.8920977283556,21,15232,328000,0.0003,-195315.953125,592.4378051757812,0.007636010646820068,803136384.0,158675.875,318001,40000.0,-41754697.81958237,,,,,,,
-8.98270450973511,0.02018744762170679,0.2705212789400811,-0.3225735693636143,0.0,565.8909793951196,240.4400955256146,21,15307,330000,0.0003,-191914.265625,407.19964599609375,0.08487851172685623,560917504.0,79079.671875,320001,40000.0,-41754697.81958237,,,,,,,
3.825498085021976,0.19777398338478303,-0.6615618270016719,-0.2020905830896138,0.0,409.1193620276672,-617.6462360358838,21,15382,332000,0.0003,-199900.3125,395.4139709472656,0.4506993293762207,508671936.0,54943.29296875,322001,40000.0,-41754697.81958237,,,,,,,
-0.9556664867401123,0.03345376688653165,-0.042921005111190964,-0.30591753009433625,0.0,158.74879280928917,206.78947256670386,21,15456,334000,0.0003,-162572.53125,329.2032165527344,-0.02120652049779892,542268416.0,86328.1953125,324001,40000.0,-41754697.81958237,,,,,,,
-13.2767473926544,-0.4992506038163652,0.037374949622509805,0.2297038444833042,0.0,1001.6907506305844,1108.9691431237184,21,15532,336000,0.0003,-161474.375,467.7250061035156,-1.1706264019012451,672734592.0,82228.8984375,326001,40000.0,-41754697.81958237,,,,,,,
-6.472555297851564,0.2135342806893045,0.08160306782041242,0.045261706620075316,0.0,275.25535813025056,-916.780846751515,21,15607,338000,0.0003,-199200.40625,463.4102478027344,1.2498224973678589,544475648.0,81144.046875,328001,40000.0,-41754697.81958237,,,,,,,
6.114669748306278,0.06455452602467236,0.07512559535733122,0.07251991657424342,0.0,101.55843281174384,-60.95606437191247,21,15683,340000,0.0003,-176570.578125,347.625,0.6202136874198914,341008896.0,71104.046875,330001,40000.0,-41754697.81958237,,,,,,,
4.481113727569583,-0.1077100330298912,-0.2291077924688284,0.020509575960137253,0.0,79.35172160993599,93.97707523473368,21,15758,342000,0.0003,-143795.6875,326.12384033203125,0.27084633708000183,451888128.0,107287.53125,332001,40000.0,-41754697.81958237,,,,,,,
0.6437305202484147,-0.06714835214125883,0.19320808561994932,0.01316004808433627,0.0,28.046677818851325,164.59915965925137,21,15834,344000,0.0003,-131386.0625,333.0297546386719,-0.048818737268447876,432769536.0,93882.796875,334001,40000.0,-41754697.81958237,,,,,,,
12.316798191070557,0.22447081317603432,-0.05256969445537464,0.051403889030170916,0.0,86.09704589786789,425.6505009782096,21,15909,346000,0.0003,-109636.640625,326.5826110839844,-0.11539438366889954,456362816.0,65092.8515625,336001,40000.0,-41754697.81958237,,,,,,,
7.002814657211298,-0.2857773787826538,-0.187948478977882,-0.08142682958142035,0.0,130.2072507934835,-299.5831483511484,21,15985,348000,0.0003,-78139.328125,270.6943359375,0.8646975755691528,511099200.0,89597.03125,338001,40000.0,-41754697.81958237,,,,,,,
2.3308005409240704,-0.12253211275329294,0.17547747356399496,-0.047885163092976496,0.0215,23.881803879782037,68.76514661275849,21,16060,350000,0.0003,-52499.0234375,260.664306640625,1.3624751567840576,511969856.0,114756.53125,340001,40000.0,-41754697.81958237,,,,,,,
0.9139476947784427,0.1597677159297531,0.08964640451090394,0.023420296417969215,0.0,102.89348820031464,180.06701029157043,21,16136,352000,0.0003,-48692.45703125,291.5936279296875,0.5440786480903625,405257312.0,85845.34375,342001,40000.0,-41754697.81958237,,,,,,,
1.212745922088622,-0.006710832809498128,-0.10613472991816855,0.07108137161198763,0.0,24.775167252652775,84.57808267922772,21,16211,354000,0.0003,-40900.1484375,288.0857238769531,0.6182032227516174,344470432.0,70116.703125,344001,40000.0,-41754697.81958237,,,,,,,
25.80395105934144,0.29832065711332006,0.32662675747497494,0.5799034592139748,0.0,899.610596972551,1175.9848943949582,21,16285,356000,0.0003,-29874.67578125,287.2046203613281,0.4966176450252533,491107648.0,99122.3984375,346001,40000.0,-41754697.81958237,,,,,,,
19.155743865966805,0.16807591788417922,-0.41231176703104455,0.42398460391303,0.0,393.77565521629117,-1001.3022177648119,21,16360,358000,0.0003,-16876.2265625,247.79466247558594,0.18150463700294495,337625408.0,69216.8984375,348001,40000.0,-41754697.81958237,,,,,,,
1.7892659950256333,-0.07880381718829504,0.13674393352099504,0.23327145258075482,0.0,83.33725011512213,195.257713635371,21,16435,360000,0.0003,-200.897705078125,258.9551696777344,0.7901052236557007,710137344.0,218393.046875,350001,40000.0,-38858894.91009022,,,,,,,
1.4022992515563983,0.16593219157110992,-0.10217805763746095,-0.9125071038135895,0.0,1168.8743738184548,352.57440645746345,21,16510,362000,0.0003,77.0653076171875,248.97146606445312,0.7483044862747192,322458784.0,86389.2890625,352001,40000.0,-38858894.91009022,,,,,,,
2.7430394325256366,-0.6225822946750156,-0.22208293720022074,-0.625003661758367,0.0,928.2546210173869,156.602670872889,21,16585,364000,0.0003,21056.240234375,253.34854125976562,0.27942216396331787,237429760.0,50309.79296875,354001,40000.0,-38858894.91009022,,,,,,,
-3.8534948425292876,0.06130593460440386,0.10839141078655949,-0.5892999760407992,0.0,1219.7871212063446,-723.8028095464889,21,16661,366000,0.0003,31036.001953125,244.40379333496094,0.5722437500953674,327822720.0,59177.63671875,356001,40000.0,-38858894.91009022,,,,,,,
-3.9976667079925554,-0.5665256461923773,0.00852892095869537,-0.5412312253296356,0.0,635.1078545379509,208.08776822859784,21,16736,368000,0.0003,32405.685546875,256.0484619140625,-0.9014228582382202,306561696.0,63546.61328125,358001,40000.0,-38858894.91009022,,,,,,,
-0.8412489166259803,0.004684762649295666,0.23141658407939136,-0.8550850171250739,0.0,954.4857026693345,93.9497953835709,22,16811,370000,0.0003,33732.5546875,251.54112243652344,0.5288611054420471,300885120.0,64346.23046875,360001,40000.0,-38858894.91009022,,,,,,,
7.854681959152215,0.23966328235162965,0.4113583199033999,-0.7706356415783155,0.0,851.5944200595417,-348.7065053697141,22,16886,372000,0.0003,38338.62890625,262.345947265625,1.2740716934204102,268205120.0,65970.8046875,362001,40000.0,-38858894.91009022,,,,,,,
-8.007902021408075,0.40784636248042044,-0.7191354044661614,-0.304865869700893,0.0,626.7031731740552,425.50089817897117,22,16961,374000,0.0003,28699.591796875,298.4261779785156,0.17573101818561554,334939552.0,56178.07421875,364001,40000.0,-38858894.91009022,,,,,,,
-11.105716859817518,-0.2553401768655019,0.28989669755318576,-0.10181118993654946,0.0,413.4369272981406,-649.7766658323311,22,17036,376000,0.0003,10224.3876953125,280.1542053222656,-0.022102490067481995,487485120.0,154102.421875,366001,40000.0,-38858894.91009022,,,,,,,
4.293252040863043,0.06815510918214382,-0.12896182309297569,-0.2946297904851437,0.0,307.9492653999916,227.30497862334252,22,17112,378000,0.0003,16023.23828125,284.92742919921875,-0.9460647106170654,229052256.0,42100.97265625,368001,40000.0,-38858894.91009022,,,,,,,
-2.283142284393305,-0.3745942519356365,-0.2026205667633955,-0.16238488956256825,0.0,103.6432026989029,-192.35474377930407,22,17187,380000,0.0003,-13302.6767578125,327.946044921875,0.3905443847179413,396751296.0,92008.6484375,370001,40000.0,-38858894.91009022,,,,,,,
2.281572664260852,-0.331281092240847,0.2643309344132198,-0.15248775297861208,0.0,154.08447506203245,-6.526762502224394,22,17263,382000,0.0003,-10100.4814453125,257.0025634765625,-1.0916293859481812,300704064.0,101380.9765625,372001,40000.0,-38858894.91009022,,,,,,,
3.247699720382691,0.06121528810374649,0.013755237892309365,-0.1713990634763402,0.0,105.13018083174758,170.51378167307226,22,17338,384000,0.0003,-10884.9501953125,262.2511291503906,-0.1864350587129593,267583520.0,54752.73046875,374001,40000.0,-38858894.91009022,,,,,,,
4.188990684509281,-0.06762843352419144,0.3054700523046059,-0.16231280329094352,0.0,269.78173500163746,95.72414249567697,22,17413,386000,0.0003,-9270.1513671875,301.0669250488281,-1.86797297000885,242366368.0,46934.5390625,376001,40000.0,-38858894.91009022,,,,,,,
5.308046119689946,0.11855977775532957,-0.21913226919741802,-0.23921467559668796,0.0,247.74560430597126,167.67228810235005,22,17488,388000,0.0003,-18819.90234375,271.8521728515625,1.2629683017730713,409967392.0,98662.8671875,378001,40000.0,-38858894.91009022,,,,,,,
-9.563993927001956,-0.2674023184544325,-0.25538300873613523,-0.16478756574086123,0.0,487.0316907828874,445.82750619478355,22,17564,390000,0.0003,-13189.2685546875,272.27264404296875,-0.571381151676178,277055552.0,53918.74609375,380001,40000.0,-38858894.91009022,,,,,,,
0.7515135669708208,0.3630495439803254,0.8711059619370248,-0.35509334869412695,0.0,562.1030371519996,-100.98918707157486,22,17638,392000,0.0003,-7847.765625,261.5694885253906,-0.401140958070755,424392896.0,78788.265625,382001,40000.0,-38858894.91009022,,,,,,,
3.9988341960906957,0.4578557913658099,-0.6786353325897276,-0.5615765185662122,0.0,712.4688268417875,582.0669756162164,22,17719,394000,0.0003,-14627.802734375,261.09259033203125,0.7122333645820618,338588160.0,70377.3125,384001,40000.0,-38858894.91009022,,,,,,,
-4.502199417114249,-0.2365582034952213,0.33168425296729304,-0.2716148484791774,0.0,729.2971645823326,9.748524853491697,22,17800,396000,0.0003,-1814.29052734375,261.6232604980469,-0.10626707971096039,324870592.0,84931.515625,386001,40000.0,-38858894.91009022,,,,,,,
4.516002420425413,0.6510487469235848,-0.033839713484112466,-0.3430815186915601,0.0,561.1822401239999,-161.75814948848063,22,17875,398000,0.0003,928.6839599609375,258.1448059082031,0.23279795050621033,294677376.0,54467.2890625,388001,40000.0,-38858894.91009022,,,,,,,
-7.245432233810426,-0.15924995345144108,-0.5948759123046587,-0.42465600350837657,0.0,695.3641771508064,-13.076000663528484,,,400000,0.0003,10506.20703125,255.951904296875,0.3751974105834961,281306592.0,52395.265625,390000,,,0.0,0.0,40000.0,-20556.085633385053,8758.395475326928,0.0,0.0
,,,,,,,20,19121,400000,0.0003,9402.1650390625,255.93812561035156,0.06902933120727539,247166608.0,48979.1640625,390001,40000.0,-37364125.5525699,,,,,,,
-3.7861076622009113,-0.5562700408426291,-0.582720332292678,-0.6168768882279126,0.0,881.0549248277737,-658.4180776021713,20,19194,402000,0.0003,4800.337890625,276.3322448730469,-0.7832878232002258,228179776.0,48179.16015625,392001,40000.0,-37364125.5525699,,,,,,,
7.450502927780144,-0.5236769814891016,0.7621530837791258,-0.2611346073855417,0.0,625.2628375609881,924.6109793657632,20,19266,404000,0.0003,4005.59033203125,262.4472961425781,-0.606505274772644,424576064.0,94990.671875,394001,40000.0,-37364125.5525699,,,,,,,
10.766387235641478,0.41280714486546644,0.38528667186394255,-0.07771476851979692,0.0,452.44556664188434,-1078.4342771981974,20,19341,406000,0.0003,18703.783203125,245.97512817382812,-0.9464078545570374,268571648.0,57274.4453125,396001,40000.0,-37364125.5525699,,,,,,,
11.482701793670666,0.6643627403835675,-0.34441832252509014,-0.2701714016342701,0.0,476.1386721589619,454.47465436233034,21,19414,408000,0.0003,19728.138671875,255.06494140625,0.09250454604625702,274107072.0,84068.5859375,398001,40000.0,-37364125.5525699,,,,,,,
-6.918008922576896,-0.2448798126177098,-0.48745773452212243,-0.43022422387106074,0.0,742.8539811780772,156.6242582322349,21,19487,410000,0.0003,12842.556640625,252.6334228515625,-1.5110381841659546,284175936.0,74270.265625,400001,40000.0,-37364125.5525699,,,,,,,
-1.7495202159881573,0.45578688623983915,0.6264035124058609,-0.1776894010827535,0.0,820.3999333362086,266.83277801115526,21,19560,412000,0.0003,5897.806640625,240.42393493652344,1.2565878629684448,213371936.0,51304.41015625,402001,40000.0,-37364125.5525699,,,,,,,
-4.018291538238527,-0.19103592192644808,-0.700016643214583,-0.4153746387714156,0.0,681.9935109011482,-471.5627381986793,21,19634,414000,0.0003,13160.4375,238.19081115722656,-0.24561744928359985,355493952.0,73377.3203125,404001,40000.0,-37364125.5525699,,,,,,,
0.991634344100953,0.14952258419476372,0.7813947704088323,-0.3016624210464814,0.0,643.7104064851982,-125.43093518293334,21,19707,416000,0.0003,10300.0,242.5883331298828,-0.05595088005065918,260804064.0,63631.1875,406001,40000.0,-37364125.5525699,,,,,,,
3.947333223342904,0.1473024029883354,-0.6597654199381375,-0.4923596193252689,0.0,512.7654749224664,502.7306159782393,21,19780,418000,0.0003,1444.63232421875,238.19580078125,0.5363512635231018,274738624.0,94146.0703125,408001,40000.0,-37364125.5525699,,,,,,,
-9.361902034759515,-0.396961159797428,0.05203376673037875,-0.3062217733706489,0.0,348.82029112544706,-467.22469952080235,21,19853,420000,0.0003,3070.728515625,245.71932983398438,-0.9952919483184814,297745248.0,71060.3046875,410001,40000.0,-37364125.5525699,,,,,,,
2.213729825973513,-0.07357826286866209,0.2863981474799272,-0.44844757324462436,0.0,290.460356258756,47.81831429360928,21,19927,422000,0.0003,3376.658203125,242.24606323242188,-0.3270266354084015,288664896.0,51787.84375,412001,40000.0,-37364125.5525699,,,,,,,
-1.186835399627685,0.10595763409451608,-0.20401902492493906,-0.3888050442488708,0.0,222.51811403776773,97.47787552895409,21,20000,424000,0.0003,6336.14208984375,252.06666564941406,0.6512645483016968,292318432.0,68866.1484375,414001,40000.0,-37364125.5525699,,,,,,,
-13.697443153381347,-0.3529736934962322,-0.06724373042494633,-0.1618755424533934,0.0,297.56036029342704,-29.010611443799128,21,20074,426000,0.0003,6168.59375,233.08065795898438,0.8510388731956482,326071808.0,65566.625,416001,40000.0,-37364125.5525699,,,,,,,
5.54843078231811,-0.11166172517174511,0.37923434552494123,-0.25543315431301356,0.0,382.57038066470545,-16.45201698127422,21,20148,428000,0.0003,10259.8896484375,222.05435180664062,0.03779655694961548,294434112.0,58598.40234375,418001,40000.0,-37364125.5525699,,,,,,,
0.9182548389434824,0.07934142023817876,-0.21921602500357712,-0.33317310194590444,0.0,262.8365921400989,243.52435819323296,21,20223,430000,0.0003,20577.201171875,225.32351684570312,-0.10613542795181274,204737328.0,53939.89453125,420001,40000.0,-37364125.5525699,,,,,,,
-19.525575096130382,-0.3957165481510017,-0.3484842677641712,-0.12373281693909355,0.0,236.14973912460007,-47.51834896163498,21,20297,432000,0.0003,31906.796875,223.73629760742188,-0.26372382044792175,174904640.0,49562.859375,422001,40000.0,-37364125.5525699,,,,,,,
0.697915355682359,-0.07838428957366644,-0.22051398506037112,-0.0008151072384169525,0.0,585.7212539685424,407.3645821961491,21,20371,434000,0.0003,28457.68359375,228.84915161132812,0.21871843934059143,288889792.0,102233.328125,424001,40000.0,-37364125.5525699,,,,,,,
-3.0157435836791926,-0.6625125737081343,0.3284789367292278,-0.4243216362892506,0.0,423.7899729894433,-196.03704272245204,21,20444,436000,0.0003,31306.794921875,231.5173797607422,0.9492809176445007,205334048.0,95625.5078125,426001,40000.0,-37364125.5525699,,,,,,,
0.46421022605896156,-0.021411303867054903,0.3897706155042446,-0.3973767191811123,0.0,262.2355041126633,-35.28677183134528,21,20518,438000,0.0003,37290.265625,207.79928588867188,-0.6127275824546814,222555744.0,72294.3671875,428001,40000.0,-37364125.5525699,,,,,,,
-3.133487897872922,0.10258908797073692,-0.38210703089846443,-0.32535341899831943,0.0,273.14607449856925,15.217088396415829,21,20591,440000,0.0003,40981.27734375,226.98292541503906,-1.1098490953445435,242080160.0,60074.8125,430001,40000.0,-35680082.12828191,,,,,,,
2.606697332382194,0.21375986751568885,0.41920269980580266,-0.3592029136881654,0.0,1139.2964114591496,-457.17316317068105,21,20665,442000,0.0003,44327.2265625,224.33848571777344,0.49952954053878784,224421504.0,66728.0234375,432001,40000.0,-35680082.12828191,,,,,,,
7.241782873153685,0.5071423701323885,-0.19893087114807412,-0.7445393791114618,0.0,769.076050257995,250.0137452411639,21,20739,444000,0.0003,47683.85546875,236.2035675048828,-1.1291821002960205,204117216.0,50532.16796875,434001,40000.0,-35680082.12828191,,,,,,,
7.6967033309936514,0.29260303639235785,0.07458788287861685,-0.8702542389377189,0.0,957.5776610422676,-78.17247155614378,21,20812,446000,0.0003,32757.7109375,242.31283569335938,0.8943230509757996,236664384.0,52751.9375,436001,40000.0,-35680082.12828191,,,,,,,
2.001702487945558,0.5691780541113751,-0.09918823912167814,-0.6424485924618022,0.0,753.5232697658029,-20.175189086972715,21,20886,448000,0.0003,40673.18359375,233.59970092773438,-0.6169805526733398,262283152.0,53328.66015625,438001,40000.0,-35680082.12828191,,,,,,,
-6.973309032440176,-0.23919302798307385,-0.3167218741572837,-0.3985406350128947,0.0,584.313197151317,-169.48001180737228,21,20959,450000,0.0003,36770.7265625,246.17776489257812,0.1118430346250534,340241856.0,88683.375,440001,40000.0,-35680082.12828191,,,,,,,
3.4469978713989287,0.013592127740865502,0.28802693159279136,-0.32419046876640045,0.0,227.63211402063308,-391.926642368277,21,21033,452000,0.0003,35151.890625,225.9896697998047,0.9932382702827454,261140544.0,83165.0078125,442001,40000.0,-35680082.12828191,,,,,,,
9.930022438049303,0.381467131847028,0.08002331468855582,-0.041013304867595475,0.0,95.54574528855163,13.125518207306362,21,21106,454000,0.0003,30156.1484375,224.68995666503906,0.11042070388793945,289241472.0,58628.04296875,444001,40000.0,-35680082.12828191,,,,,,,
4.339942405700687,0.1751685277976848,-0.10999375419311534,0.08557050255463083,0.0,70.89556123659908,23.89348371582952,21,21180,456000,0.0003,31039.9453125,231.71109008789062,0.0018606036901474,200130400.0,51081.75390625,446001,40000.0,-35680082.12828191,,,,,,,
5.787578208923347,0.03625856427147303,-0.3021258948532441,0.1469905735290238,0.0,118.64743200891266,144.7541739764484,21,21253,458000,0.0003,27567.943359375,218.0945587158203,0.6476317644119263,279341120.0,59991.109375,448001,40000.0,-35680082.12828191,,,,,,,
-3.411834424972531,-0.2833589469610441,0.19627169123993873,0.04866775715122469,0.0,144.8003006369948,57.77600903175197,21,21327,460000,0.0003,35280.921875,224.5328369140625,-0.35000595450401306,196943344.0,52676.42578125,450001,40000.0,-35680082.12828191,,,,,,,
0.6210165843963604,0.1257943226810482,0.00644455755076544,-0.09581595782736649,0.0,40.4486575748829,8.123518486924569,21,21400,462000,0.0003,37217.921875,217.2286376953125,0.495683878660202,286530016.0,58882.203125,452001,40000.0,-35680082.12828191,,,,,,,
-2.0308186130523667,-0.15884803427406197,-0.1868801369731897,-0.06992435319415985,0.0,174.23497939712368,568.4107426674396,21,21473,464000,0.0003,41854.5625,210.78268432617188,0.21449224650859833,159341120.0,41291.9140625,454001,40000.0,-35680082.12828191,,,,,,,
-0.9679777164459277,-0.0076146660378595046,0.10563946241212228,-0.044144556670223975,0.0,430.0001653001596,-302.5261033480498,21,21547,466000,0.0003,45043.7890625,216.56817626953125,-0.21155595779418945,181976768.0,67311.515625,456001,40000.0,-35680082.12828191,,,,,,,
4.004555837631224,-0.059466668858959536,0.16282421721268223,-0.17272123477044624,0.0,95.93260321870994,14.09258189281712,21,21623,468000,0.0003,44969.20703125,209.8567352294922,0.054369181394577026,269265856.0,58016.62890625,458001,40000.0,-35680082.12828191,,,,,,,
14.19070821571352,0.3372098170850715,0.10844958267054226,0.14937356269748173,0.0,125.0007414651966,131.21302672454894,21,21697,470000,0.0003,47216.953125,211.70677185058594,-0.2260531187057495,187929280.0,49868.0078125,460001,40000.0,-35680082.12828191,,,,,,,
12.324293764114383,0.23414260165862186,-0.13803295018941758,0.23044543393036487,0.0,120.4762289909228,144.50202587474388,21,21770,472000,0.0003,50951.8671875,207.7173614501953,0.17257359623908997,214288320.0,60041.83984375,462001,40000.0,-35680082.12828191,,,,,,,
1.5243216876983634,-0.02460240533091871,-0.13260540498191664,0.16099863811722417,0.0,74.53826648045843,2.0291770874080046,21,21845,474000,0.0003,40859.015625,199.06883239746094,-0.18134915828704834,289089536.0,90565.8203125,464001,40000.0,-35680082.12828191,,,,,,,
9.263148693084725,0.1331371435452522,0.023285605850233704,0.21491055688176772,0.0,159.25890627716234,39.230049505464194,21,21918,476000,0.0003,51176.9921875,208.10162353515625,-0.659685492515564,257247488.0,69837.09375,466001,40000.0,-35680082.12828191,,,,,,,
-5.095931200027466,-0.27870601222296204,-0.349446571433891,0.20762462912756005,0.0,134.4520238186449,146.5840746246284,21,21992,478000,0.0003,48766.375,208.83383178710938,-0.23511658608913422,156937120.0,43027.58984375,468001,40000.0,-35680082.12828191,,,,,,,
-7.857873378753655,-0.12328935404726236,0.3982394492644286,-0.21392824046737519,0.0,260.409850703832,41.540361225111454,21,22066,480000,0.0003,46823.4609375,203.6535186767578,-0.5866374969482422,243883280.0,60126.921875,470001,40000.0,-33794377.05728717,,,,,,,
-3.6139398021698006,-0.18402522402418828,-0.21734959955579722,-0.9664546544648932,0.0,1154.047966708751,-65.05442747324707,21,22140,482000,0.0003,42656.72265625,198.83668518066406,0.3310573697090149,208786816.0,42319.59375,472001,40000.0,-33794377.05728717,,,,,,,
-4.8010457992553635,-0.3170944698526268,0.043365336823019546,-0.9316921362255505,0.0,1076.0451527237951,41.59234473711012,21,22213,484000,0.0003,48990.08984375,208.2036590576172,-0.0782836377620697,221200736.0,86846.7265625,474001,40000.0,-33794377.05728717,,,,,,,
-4.468809520721434,-0.2179041503342729,0.010015727008971693,-0.9607859404109368,0.0,1124.7670973641154,38.61137880966127,21,22287,486000,0.0003,44342.71875,190.50657653808594,0.42864853143692017,203841376.0,80826.078125,476001,40000.0,-33794377.05728717,,,,,,,
-5.7162713279724136,-0.3317474043091197,-0.0908678236140272,-0.9192728561201362,0.0,1054.3762848010035,-78.54213490280311,21,22361,488000,0.0003,51402.828125,194.33226013183594,0.4650580585002899,227884704.0,54798.51171875,478001,40000.0,-33794377.05728717,,,,,,,
-4.268492115020745,-0.2773725412072633,0.1326895954588854,-0.9303602646573731,0.0,1071.097420714115,110.83924570519964,21,22435,490000,0.0003,47089.0,193.3393096923828,0.221316397190094,173050240.0,71518.40625,480001,40000.0,-33794377.05728717,,,,,,,
-3.5278387718200674,-0.14647975499917107,0.011229441133254102,-0.9638429976462017,0.0,1123.4456276458588,60.33203397474361,21,22510,492000,0.0003,52702.9375,192.28173828125,0.1471194475889206,192686496.0,50119.1015625,482001,40000.0,-33794377.05728717,,,,,,,
-4.3713945693969585,-0.26198692338232477,-0.08018909248722232,-0.92976848823068,0.0,1066.6600925782132,-46.105895768604555,21,22584,494000,0.0003,55800.57421875,194.20896911621094,-0.05972425639629364,229734112.0,83698.6171875,484001,40000.0,-33794377.05728717,,,,,,,
-2.28102030181885,-0.15093049970691422,0.14307638095849948,-0.9438181544591511,0.0,1091.131449395817,104.33428425155381,21,22657,496000,0.0003,48360.00390625,188.8575439453125,0.2987387180328369,185583312.0,45510.91796875,486001,40000.0,-33794377.05728717,,,,,,,
-2.7427643394470222,-0.0949116481833001,-0.06630097773724623,-0.9516100332887295,0.0,1093.5245385256715,53.838824292903084,21,22730,498000,0.0003,58743.34375,193.44517517089844,-0.08172520995140076,226884896.0,55240.9765625,488001,40000.0,-33794377.05728717,,,,,,,
0.21887239265441535,0.0908283714946525,0.7911852924059392,-0.653235560809817,0.0,1390.7232577259838,-405.73080032044703,,,500000,0.0003,47380.28125,209.8253173828125,0.7045258283615112,225440080.0,53848.86328125,490000,,,0.0,0.0,40000.0,-37396.455716503566,3441.6907587946857,0.0,0.0
,,,,,,,20,23968,500000,0.0003,45030.5625,209.8070068359375,0.3830915093421936,253481824.0,74106.3125,490001,40000.0,-33794377.05728717,,,,,,,
4.0698946228027255,0.2456888262239288,-0.18344836824529537,-0.49127806203522206,0.0,771.2993139163347,159.8382379881814,20,24041,502000,0.0003,44515.21484375,212.8626708984375,-0.3287370204925537,176943344.0,58203.328125,492001,40000.0,-33794377.05728717,,,,,,,
7.199078189849846,0.7042372386383025,0.012324918031855562,-0.6616337713167878,0.0,773.4340041802998,-42.072491452811626,20,24113,504000,0.0003,42531.60546875,217.8044891357422,-0.8083719611167908,166398112.0,45964.45703125,494001,40000.0,-33794377.05728717,,,,,,,
13.736461961746198,0.6437797199934413,-0.07012012187318564,-0.7310207548130158,0.0,781.252883634173,86.16014328253331,20,24185,506000,0.0003,36606.27734375,220.29867553710938,-0.3006138801574707,266415696.0,71347.7734375,496001,40000.0,-33794377.05728717,,,,,,,
5.979216459274286,0.5765923068090174,-0.13620955813252725,-0.7739772662626013,0.0,836.6199736116217,131.80012073700283,20,24258,508000,0.0003,35037.53125,216.66050720214844,0.018640980124473572,213399168.0,92342.2265625,498001,40000.0,-33794377.05728717,,,,,,,
8.009701932907115,0.43089268885783155,0.07032116464586079,-0.8512656740404169,0.0,942.3973455675363,-76.59204263641683,20,24331,510000,0.0003,31403.126953125,221.191162109375,0.913794994354248,231399616.0,56539.6171875,500001,40000.0,-33794377.05728717,,,,,,,
8.365293991088885,0.606496439747968,0.14538860138838144,-0.7404158154834337,0.0,824.118135841468,-127.27823163798591,20,24404,512000,0.0003,32673.73828125,210.29197692871094,0.33093133568763733,269087904.0,106283.84375,502001,40000.0,-33794377.05728717,,,,,,,
6.66740403175354,0.5728713744505414,-0.2390592152908421,-0.7414380553440418,0.0,793.3689100129388,185.79949808780884,20,24477,514000,0.0003,36891.58203125,221.55386352539062,0.2758745551109314,210225440.0,39608.4296875,504001,40000.0,-33794377.05728717,,,,,,,
4.896379238128667,0.33580971749669125,-0.23634976999022517,-0.8566077332142797,0.0,1038.3617802716772,1508.035571432155,21,24550,516000,0.0003,14769.1923828125,262.39447021484375,0.05138973891735077,209430688.0,66224.3515625,506001,40000.0,-33794377.05728717,,,,,,,
-6.251107151031507,-0.6017991792258697,-0.5469387627452703,-0.5976508385155754,0.0,878.5571761688611,-1804.3244479932669,21,24624,518000,0.0003,3430.74609375,228.85438537597656,-0.09428362548351288,223349408.0,53229.6171875,508001,40000.0,-33794377.05728717,,,,,,,
-4.970275766372673,-0.7068850504185945,0.21000271423867525,-0.490344285507493,0.0,506.2416227533303,-192.51605333253198,21,24697,520000,0.0003,14414.7822265625,206.6281280517578,-0.8136544227600098,184380688.0,57534.37109375,510001,40000.0,-34161634.14233823,,,,,,,
-5.219974107742309,-0.5814343065289109,-0.63908290853815,-0.6070179611752218,0.0,1000.4583255892586,-516.6072697591023,21,24771,522000,0.0003,14716.2216796875,229.76576232910156,-0.49177971482276917,188224048.0,50395.2890625,512001,40000.0,-34161634.14233823,,,,,,,
-0.37980150413513025,0.127979539589893,0.034860770963855967,-0.438984748708118,0.0,544.120242821868,-177.96774124313566,21,24844,524000,0.0003,13899.0849609375,187.37586975097656,0.296570360660553,191214336.0,47441.83203125,514001,40000.0,-34161634.14233823,,,,,,,
11.235477062225343,-0.761725582822286,0.1709787961031319,-0.2939965937315416,0.0,300.38536407491375,-228.922272134591,21,24916,526000,0.0003,28556.962890625,195.20741271972656,0.5501033067703247,267173760.0,107634.109375,516001,40000.0,-34161634.14233823,,,,,,,
-3.695547683715816,-0.42538138760850225,0.22465492701480486,-0.19269394449370336,0.0,142.53873313487455,-91.17408566536493,21,24990,528000,0.0003,43965.2890625,185.20603942871094,0.04411406069993973,188918112.0,48757.1484375,518001,40000.0,-34161634.14233823,,,,,,,
-8.227045724868786,-0.12076187439577812,0.18765425436711194,-0.25207516662565305,0.0,189.08671212627846,237.0010737540396,21,25064,530000,0.0003,45890.125,192.56480407714844,-0.03914620354771614,173186608.0,51199.36328125,520001,40000.0,-34161634.14233823,,,,,,,
-16.225207170486485,-0.35207846108217644,-0.11321173108684661,-0.05699630501510243,0.0,263.13391124884527,623.5595149273537,21,25138,532000,0.0003,53509.5625,189.08489990234375,-0.41962191462516785,173698640.0,46651.6328125,522001,40000.0,-34161634.14233823,,,,,,,
2.7391024265289308,-0.2125606935187694,-0.05409762371779003,-0.15472300704374686,0.0,130.43735579869093,-656.9558123091505,21,25213,534000,0.0003,53665.18359375,190.1522674560547,-0.006723135709762573,196562880.0,38472.6875,524001,40000.0,-34161634.14233823,,,,,,,
1.2296473445892333,-0.027756984032463787,0.30706166175566807,-0.18894235495022094,0.0,92.87295776529382,62.4004435641601,21,25287,536000,0.0003,51614.515625,195.51063537597656,-0.12983936071395874,148600192.0,39152.828125,526001,40000.0,-34161634.14233823,,,,,,,
-3.0842488212585417,0.18360059743286974,-0.10367326237076195,-0.14943928792335404,0.0,59.611709896041205,111.10915268662856,21,25361,538000,0.0003,57506.25,189.43829345703125,-0.3965625762939453,207372096.0,52735.36328125,528001,40000.0,-34161634.14233823,,,,,,,
-14.39512652206421,-0.24795406611524476,-0.11540116280175503,0.03213094329230924,0.0,155.53397620352575,528.4732782561109,21,25442,540000,0.0003,52541.875,189.05126953125,-0.48532992601394653,191642784.0,50024.890625,530001,40000.0,-34161634.14233823,,,,,,,
3.8741932334899887,-0.17323792206358243,0.00197068867966574,-0.08758660953089539,0.0,149.05973352902356,-311.9452837440139,21,25523,542000,0.0003,55548.0234375,194.2363739013672,0.14969325065612793,195035168.0,62885.4765625,532001,40000.0,-34161634.14233823,,,,,,,
10.182854593276966,0.19033900678441096,0.2675241805468695,0.03918522093351802,0.0,193.2585843403589,159.67592918055743,21,25604,544000,0.0003,54272.453125,187.6112823486328,-0.9230256080627441,236979136.0,56682.16015625,534001,40000.0,-34161634.14233823,,,,,,,
0.6165888233184759,0.09869262999381864,-0.11256592921808617,-0.1896680920504817,0.0,88.7176839486992,-94.4834863364309,21,25685,546000,0.0003,57105.1640625,181.82017517089844,1.212921142578125,195476288.0,49117.45703125,536001,40000.0,-34161634.14233823,,,,,,,
-18.0894658279419,-0.3147530677050026,-0.343855798594892,0.07886426597673123,0.0,262.72443086349966,1313.2886487175426,21,25756,548000,0.0003,54146.06640625,185.06082153320312,0.052973732352256775,196664384.0,72682.78125,538001,40000.0,-34161634.14233823,,,,,,,
-0.3919380683898859,-0.2656556955112633,-0.018449472679509266,0.03287261606412769,0.0,198.34539257673995,-1172.4461288927928,21,25952,550000,0.0003,69867.109375,189.7761688232422,-0.19954530894756317,203884896.0,61767.2734375,540001,40000.0,-34161634.14233823,,,,,,,
-16.756452110290525,-0.6807619005902292,-0.16555277516853423,0.10723294384448348,0.0,259.713230681496,1236.5762372404104,21,26028,552000,0.0003,64140.88671875,187.1640625,0.20027825236320496,242693152.0,84081.6796875,542001,40000.0,-34161634.14233823,,,,,,,
-13.88461788368225,-0.2977750769758725,0.11586641655645462,0.25869687578218103,0.0,453.4648763305961,-842.3453292746357,21,26103,554000,0.0003,57796.3046875,189.9021759033203,0.41725632548332214,250768320.0,84596.9609375,544001,40000.0,-34161634.14233823,,,,,,,
-13.398030834198007,-0.33575147289692014,0.05980775035880449,0.24670680525748676,0.0,334.86730122026864,-252.70833116385361,21,26177,556000,0.0003,63123.7890625,184.2410888671875,0.1443670690059662,308928640.0,126975.34375,546001,40000.0,-34161634.14233823,,,,,,,
-15.276250226974494,-0.45979934211699297,0.08046250423350125,0.1168302543426642,0.0,279.3627634268738,796.2219936671889,21,26253,558000,0.0003,54091.078125,192.42959594726562,0.7185667753219604,141844608.0,36785.5859375,548001,40000.0,-34161634.14233823,,,,,,,
2.074659677505493,-0.1672759466894608,0.2119193372523624,-0.10001483235771884,0.0,215.72103055446985,-588.3403406457863,21,26328,560000,0.0003,53304.0703125,181.42266845703125,-0.6604840159416199,166121120.0,47649.25,550001,40000.0,-32486337.042654004,,,,,,,
-3.278591892242445,-0.5962815713504545,-0.5920077792072369,-0.6224117290997921,0.0,900.320461936288,-622.7177810303126,21,26403,562000,0.0003,51468.50390625,192.41592407226562,0.6383576393127441,213331648.0,46519.91796875,552001,40000.0,-32486337.042654004,,,,,,,
0.9801960964202873,-0.46273883808018274,0.5162291591991587,-0.346483958999115,0.0,328.94953711861336,-295.2505672956282,21,26478,564000,0.0003,48447.6875,204.45809936523438,-0.152940034866333,159242832.0,107554.9609375,554001,40000.0,-32486337.042654004,,,,,,,
-6.78776055526732,-0.08841665669294362,0.12581177447140526,-0.37281041208320725,0.0,239.5434150152353,105.28476598207983,21,26553,566000,0.0003,45962.7890625,183.72462463378906,-0.695722222328186,146137344.0,40762.25390625,556001,40000.0,-32486337.042654004,,,,,,,
-13.959775772094723,-0.2600239905625285,-0.38482848356348837,-0.20052094302924076,0.0,257.2146742555743,241.39140766697463,21,26628,568000,0.0003,40763.8203125,190.3479461669922,-0.05123327672481537,304582400.0,86636.59375,558001,40000.0,-32486337.042654004,,,,,,,
0.27677429962158373,-0.15698759472284662,0.37667561601610194,-0.12879997223481535,0.0,223.00657672643018,-260.1574295289971,21,26703,570000,0.0003,43028.16015625,178.868896484375,0.44995948672294617,209561328.0,54440.00390625,560001,40000.0,-32486337.042654004,,,,,,,
10.909906097412108,0.19862340489378627,-0.007699681188945134,-0.06549470524120951,0.0,227.20984172993238,123.15254863960286,21,26778,572000,0.0003,40287.375,183.73443603515625,0.08717624843120575,203587840.0,45784.98828125,562001,40000.0,-32486337.042654004,,,,,,,
-3.2577943000793486,0.03018913178108894,-0.1605482349257171,-0.24356679510139417,0.0,108.53247565129064,177.2455334359029,21,26853,574000,0.0003,55343.54296875,174.000732421875,0.6992478370666504,214333856.0,75583.2734375,564001,40000.0,-32486337.042654004,,,,,,,
-15.239011167526279,-0.2935841560860998,0.02770490619570966,-0.0015618350696743881,0.0,200.06144501627054,-23.405408103303838,21,26928,576000,0.0003,51107.99609375,179.7403106689453,-0.008113101124763489,156115376.0,35563.04296875,566001,40000.0,-32486337.042654004,,,,,,,
5.234687330245979,-0.1701405824015889,0.14086139158864458,-0.10785806050288466,0.0,120.84016344078877,61.53258184977498,21,27008,578000,0.0003,59680.078125,176.96018981933594,-0.03169240057468414,193399200.0,65082.46875,568001,40000.0,-32486337.042654004,,,,,,,
10.709386262893673,0.20598541490830025,0.009506342368199345,-0.025937034567193398,0.0,296.818754533906,101.87606760701969,21,27089,580000,0.0003,54391.2734375,187.0100860595703,-1.1688916683197021,204058496.0,80496.6015625,570001,40000.0,-32486337.042654004,,,,,,,
-5.389763086318967,-0.04436009901480115,-0.304366878369086,-0.21601157100888144,0.0,124.6950746526649,358.2041329980207,21,27171,582000,0.0003,48043.4765625,179.55792236328125,-0.6389750838279724,120354944.0,57193.734375,572001,40000.0,-32486337.042654004,,,,,,,
-11.86428561210632,-0.26435852729788484,0.14387201876123817,-0.042074316319582195,0.0,195.20900434554534,-172.18387737782209,21,27252,584000,0.0003,52192.4140625,172.8718719482422,0.4296489655971527,155569280.0,115602.7265625,574001,40000.0,-32486337.042654004,,,,,,,
7.631466741561892,0.04319736332257749,0.38363149080137204,-0.07604711625646617,0.0,240.9880896875568,365.6592544270699,21,27333,586000,0.0003,47799.03515625,180.05899047851562,0.4213198721408844,123099208.0,41141.64453125,576001,40000.0,-32486337.042654004,,,,,,,
3.8049854030609187,0.10689973394267677,-0.2437947096028646,-0.26113834482384946,0.0,178.73279945230087,-166.64421585714703,21,27408,588000,0.0003,50980.796875,169.00868225097656,0.3406755328178406,162947344.0,56838.578125,578001,40000.0,-32486337.042654004,,,,,,,
-14.47588115501404,-0.2820198984226118,-0.19679020924749438,-0.09955207445654461,0.0,230.65157577781412,420.7419424480255,21,27483,590000,0.0003,48015.20703125,168.7345733642578,0.45385226607322693,141943104.0,40813.31640625,580001,40000.0,-32486337.042654004,,,,,,,
2.4565799217224122,-0.07100905315461052,0.34492533290283894,-0.1945017964851108,0.0,192.90438720196684,103.37874361776356,21,27557,592000,0.0003,48226.83203125,162.0130615234375,-0.1264902949333191,181955680.0,74149.6015625,582001,40000.0,-32486337.042654004,,,,,,,
11.143084333419838,0.29631208592451647,-0.1381969775619223,-0.16027701101040454,0.0,452.3642907999264,-149.23667151429814,21,27631,594000,0.0003,52172.90625,164.0401153564453,0.6443437337875366,118936416.0,50611.7734375,584001,40000.0,-32486337.042654004,,,,,,,
-11.742101646423329,-0.23076696199068822,-0.39498396330618923,-0.28436806234661854,0.0,296.11393228330587,132.37930426942935,21,27706,596000,0.0003,55409.3984375,170.0419158935547,0.019281871616840363,126937872.0,43009.3515625,586001,40000.0,-32486337.042654004,,,,,,,
-0.7248374748229987,-0.0877528443956477,0.44923461637422324,-0.20976294887456964,0.0,226.9067146210171,-93.86239088610482,21,27780,598000,0.0003,52098.6171875,168.37747192382812,-0.29610541462898254,125381472.0,40451.1953125,588001,40000.0,-32486337.042654004,,,,,,,
12.32374110412597,0.29005763394764056,-0.03968612860598043,-0.12989430073914426,0.0,402.9437986506559,103.86042780241073,,,600000,0.0003,55749.140625,178.49537658691406,-0.4093121290206909,170641840.0,40318.859375,590000,,,0.003953125000000003,0.0,40000.0,-26145.00152303838,3534.85401651265,0.003953125000000003,0.0
,,,,,,,20,29103,600000,0.0003,51883.09765625,178.49647521972656,0.021471992135047913,180258368.0,56270.2734375,590001,40000.0,-31066898.776296005,,,,,,,
-3.017161777496344,-0.63496533862254,-0.5305694207713227,-0.5786603177130445,0.0,848.9151585207736,-621.1456368027431,20,29177,602000,0.0003,52324.7890625,169.38552856445312,0.6238551139831543,158126112.0,49799.53125,592001,40000.0,-31066898.776296005,,,,,,,
-1.8855144100189205,-0.4076010935582346,0.45984569371591894,-0.39924058374970517,0.0,344.73915593311864,-179.62452595656302,20,29250,604000,0.0003,55447.8671875,158.2210235595703,-0.221358984708786,188545504.0,104578.703125,594001,40000.0,-31066898.776296005,,,,,,,
-5.679887334823613,-0.14447453732372958,0.03828262388954155,-0.42835666597771105,0.0,263.2949298771715,24.142406988966837,20,29324,606000,0.0003,56935.3203125,173.7947540283203,-0.44478410482406616,126877160.0,37130.26171875,596001,40000.0,-31066898.776296005,,,,,,,
-13.575300231933596,-0.31023103293894216,-0.06099750635130444,-0.19315664572842856,0.0,385.710075612616,-7.895506321170691,20,29398,608000,0.0003,49740.9375,161.6772918701172,0.28044888377189636,199499264.0,52150.70703125,598001,40000.0,-31066898.776296005,,,,,,,
3.6479690303802483,0.11851906898589687,0.5420401233634606,-0.148417908440485,0.0,351.8673507886882,362.01598225617937,20,29471,610000,0.0003,53205.8515625,161.81442260742188,-0.3623659014701843,109517968.0,85021.6328125,600001,40000.0,-31066898.776296005,,,,,,,
7.3623766078949044,0.13515146519867013,-0.5417175838644758,-0.42443298379619143,0.0,497.97899553972405,25.883487693189316,20,29545,612000,0.0003,49865.71484375,171.9339599609375,0.2736257016658783,84270936.0,37293.171875,602001,40000.0,-31066898.776296005,,,,,,,
-11.105049442291259,-0.32711288061770494,0.04430793366410639,-0.2475379301810118,0.0,418.963656946651,-147.22877957166665,20,29620,614000,0.0003,50759.42578125,167.41380310058594,-0.3161677420139313,146928000.0,67413.4609375,604001,40000.0,-31066898.776296005,,,,,,,
9.294942014694222,0.27068320002236784,0.14973039287405668,-0.21031750984755887,0.0,528.3769967876102,440.86100719788936,20,29694,616000,0.0003,50986.671875,165.35879516601562,-0.15331996977329254,190258848.0,46589.52734375,606001,40000.0,-31066898.776296005,,,,,,,
-5.939868335723879,-0.10663874010997086,-0.46303664467209615,-0.5429521549428045,0.0,504.53078839050664,0.2748340758606073,20,29768,618000,0.0003,45913.5,161.373046875,0.4341672658920288,177662768.0,43780.2890625,608001,40000.0,-31066898.776296005,,,,,,,
-5.432200437545781,-0.2667499448767055,0.3959898365682704,-0.2831081547841399,0.0,346.8468957485267,-200.60863555632963,20,29843,620000,0.0003,50965.8828125,168.10719299316406,-0.15015563368797302,115988480.0,51377.18359375,610001,40000.0,-31066898.776296005,,,,,,,
7.783672811508201,0.16623693840309064,0.08314450314145147,-0.31521764217888104,0.0,208.84625325484313,67.71262402231547,20,29917,622000,0.0003,55155.765625,154.5458221435547,0.7307663559913635,129349536.0,33806.83203125,612001,40000.0,-31066898.776296005,,,,,,,
-3.7216488323211654,0.045907619966685916,-0.23336013281071794,-0.30944380099188573,0.0,153.32393687991464,870.3675446779121,20,29991,624000,0.0003,58473.9609375,154.01158142089844,0.7719029784202576,194966880.0,64804.5625,614001,40000.0,-31066898.776296005,,,,,,,
-11.158216135025032,-0.2722087751556367,0.01603092335088458,-0.05269331591254606,0.0,252.9862215685442,-806.4098551570386,20,30065,626000,0.0003,57099.80078125,149.72467041015625,0.5110350847244263,137119872.0,79382.0234375,616001,40000.0,-31066898.776296005,,,,,,,
8.120871994018554,0.10075887993107217,0.4201228897105071,-0.08582881246756921,0.0,237.95533098245227,91.81247507581124,20,30138,628000,0.0003,64523.5625,149.38172912597656,-0.06485407799482346,159563264.0,66574.9375,618001,40000.0,-31066898.776296005,,,,,,,
7.3475985221862805,0.26236373186255485,-0.2682491146902838,-0.22301355362314162,0.0,189.6546324858662,57.158414071016736,20,30211,630000,0.0003,62396.91015625,154.267578125,-0.15421214699745178,103890288.0,49141.0859375,620001,40000.0,-31066898.776296005,,,,,,,
-13.295393672943113,-0.16017920211175463,-0.3557330715569563,-0.08579640369200486,0.0,163.25249925365225,95.12541696699917,20,30284,632000,0.0003,62767.45703125,154.4627227783203,-0.16793178021907806,133041632.0,41876.2734375,622001,40000.0,-31066898.776296005,,,,,,,
-0.7708988037109378,-0.21521349288265615,0.009528712477918085,-0.06912845177947623,0.0,191.890176609999,240.4120548443023,20,30357,634000,0.0003,65028.1640625,152.7845001220703,0.7894193530082703,136020208.0,38133.203125,624001,40000.0,-31066898.776296005,,,,,,,
0.9664050884246843,-0.36301639460540414,0.18673770649196444,-0.27646272123101534,0.0,231.07355810159928,-47.64461850821521,20,30431,636000,0.0003,63034.765625,159.74485778808594,0.29059770703315735,128397264.0,44804.6015625,626001,40000.0,-31066898.776296005,,,,,,,
-4.361910837173469,-0.06924167917667437,0.09795587956172297,-0.38832834921727727,0.0,218.06318715228954,135.67089531807065,20,30504,638000,0.0003,68362.25,153.47093200683594,-0.23276591300964355,151863824.0,49238.984375,628001,40000.0,-31066898.776296005,,,,,,,
-14.941798940658549,-0.3069060482387084,-0.12220521024295651,-0.12728982356748855,0.0,317.8763585725915,-5.534460697133418,20,30578,640000,0.0003,62937.8125,157.94302368164062,0.858094334602356,192996960.0,56220.22265625,630001,40000.0,-29972061.314826563,,,,,,,
-6.0873127689361635,-0.43791509583406957,-0.6983406477311183,-0.6615165394719434,0.0,932.1132584696144,-577.9750931705767,20,30651,642000,0.0003,64308.3203125,157.83168029785156,0.05606839060783386,133787872.0,43076.39453125,632001,40000.0,-29972061.314826563,,,,,,,
8.00392464637755,-0.17577853877464886,0.5746607006952651,-0.06511286084379315,0.0,612.9508452045512,-333.3079016921207,20,30725,644000,0.0003,58375.34375,154.45240783691406,-0.1240135058760643,144684304.0,59477.24609375,634001,40000.0,-29972061.314826563,,,,,,,
7.563501926422116,0.07211032258432838,0.36299080937771405,-0.022202761243702438,0.0,118.98641055023944,-28.795096859719944,20,30798,646000,0.0003,54789.5546875,160.9441680908203,0.9141652584075928,141558560.0,45658.45703125,636001,40000.0,-29972061.314826563,,,,,,,
0.9364469776153564,0.12413873818885263,-0.3273878802956318,0.1533674085186762,0.0,89.66230315101335,52.91815015341481,20,30872,648000,0.0003,54628.765625,155.1739959716797,-0.3739857077598572,114013440.0,46498.8125,638001,40000.0,-29972061.314826563,,,,,,,
8.152994993209834,0.1217848153414433,0.22884906352443718,0.23688085792667196,0.0,129.53587808503175,152.07091334572056,21,30946,650000,0.0003,53757.72265625,155.26756286621094,0.45339515805244446,129529888.0,47121.109375,640001,40000.0,-29972061.314826563,,,,,,,
3.0547936439514163,0.07505523187101762,-0.031797390951936386,0.2973099475108961,0.0,157.76971083736132,308.2238039597913,21,31020,652000,0.0003,56310.4453125,155.11932373046875,0.056117866188287735,114807024.0,57339.984375,642001,40000.0,-29972061.314826563,,,,,,,
9.944129018783592,0.2143111470075843,0.04886069326070037,0.44754916611865636,0.0,263.3747910163371,17.71272174379791,21,31094,654000,0.0003,56492.2265625,150.3212127685547,0.22036106884479523,128851808.0,39279.44140625,644001,40000.0,-29972061.314826563,,,,,,,
23.286790590286255,0.2907952938600998,0.053419998771666935,0.5820335068478737,0.0,458.81366466072643,282.11690639535584,21,31168,656000,0.0003,52176.6484375,154.52503967285156,-0.40100258588790894,122952920.0,36153.51953125,646001,40000.0,-29972061.314826563,,,,,,,
22.15666543960571,0.2595979853141122,-0.007348563952604784,0.6959975110605932,0.0,647.9260079897514,356.8508487527013,21,31242,658000,0.0003,48464.00390625,152.69097900390625,-0.9378795623779297,91942880.0,44317.24609375,648001,40000.0,-29972061.314826563,,,,,,,
23.179086523056057,0.26515035089133693,0.02062720372065903,0.8421418274611456,0.0,907.0384831883562,574.9862540123643,21,31316,660000,0.0003,50897.61328125,152.4456024169922,-0.33621978759765625,119946240.0,32525.771484375,650001,40000.0,-29972061.314826563,,,,,,,
15.81476268959046,0.17010037335463124,-0.03472336722857448,0.8967913225003553,0.0,1042.0028310418218,394.6908287417365,21,31390,662000,0.0003,56842.8125,142.05841064453125,0.6930660009384155,123213512.0,44839.77734375,652001,40000.0,-29972061.314826563,,,,,,,
19.57317892837527,0.1846568362253425,-0.031675355815470055,1.094077324830093,0.0,1495.1655112998499,458.9805723831316,21,31464,664000,0.0003,60576.3203125,144.3722381591797,-0.45295587182044983,172190032.0,82967.3125,654001,40000.0,-29972061.314826563,,,,,,,
14.143835580825835,0.11450686542738425,-0.05483149492668812,1.2071098740763646,0.0,1860.2146763375135,271.69084110384,21,31538,666000,0.0003,59514.12890625,143.05642700195312,0.07221242785453796,125096864.0,35189.63671875,656001,40000.0,-29972061.314826563,,,,,,,
13.015006507873547,0.09869301333677044,-0.05452109654236873,1.348264742906479,0.0,2298.2151705610836,26.23430638054756,21,31612,668000,0.0003,59859.26953125,144.49269104003906,-0.016950473189353943,148009056.0,50241.7265625,658001,40000.0,-29972061.314826563,,,,,,,
-4.380433650970457,-0.05605224027272818,-0.00159732216459907,1.3225499022937928,0.0,2211.718832422805,365.4910828477988,21,31685,670000,0.0003,60964.4375,145.9748992919922,0.433062344789505,130150384.0,34695.92578125,660001,40000.0,-29972061.314826563,,,,,,,
7.447398387908938,0.051917204525198296,0.002299042258791981,1.3609181124458212,0.0,2300.9305264240793,379.2049539151711,21,31759,672000,0.0003,64636.59375,144.02301025390625,-0.5504593253135681,106101488.0,31955.9765625,662001,40000.0,-29972061.314826563,,,,,,,
12.730055013656637,0.09124566549748633,0.0018275530774810526,1.478240843223178,0.0,2713.159759687034,515.16895179048,21,31832,674000,0.0003,63278.8671875,150.12588500976562,-0.18839094042778015,182174608.0,38635.60546875,664001,40000.0,-29972061.314826563,,,,,,,
1.6333125438690186,0.004452062569666437,0.01610489537824627,1.4555985159664955,0.0,2612.7817387131518,425.80917751078886,21,31906,676000,0.0003,66002.15625,153.50393676757812,0.3141040802001953,213742192.0,77729.421875,666001,40000.0,-29972061.314826563,,,,,,,
10.305427230834953,0.08446221628562017,-0.08996799824179603,1.5270966466147038,0.0,2852.5989400283256,-40.443556280175606,21,31980,678000,0.0003,69611.7578125,152.36782836914062,0.11343678832054138,125438968.0,42406.72265625,668001,40000.0,-29972061.314826563,,,,,,,
3.0345247478485105,0.03304594256839169,0.01867848206125802,1.4742240672785474,0.0,2642.502973699085,25.679327943845234,21,32054,680000,0.0003,68121.7265625,156.44139099121094,-0.6538103818893433,176358176.0,48739.8984375,670001,40000.0,-31436722.968220413,,,,,,,
-4.202501789093022,-0.3513062071950245,-0.5438378896667878,-0.7331250215186444,0.0,1014.5174656160812,-563.5391592005183,21,32131,682000,0.0003,65867.3125,160.7088165283203,0.6175673007965088,246490496.0,73577.8984375,672001,40000.0,-31436722.968220413,,,,,,,
0.3204246978759785,-0.45743746599840646,0.5174415308308592,-0.47206567364753194,0.0,456.7718444419626,182.91662695771183,21,32204,684000,0.0003,69387.6015625,160.8009490966797,0.7910614013671875,184587472.0,65398.65625,674001,40000.0,-31436722.968220413,,,,,,,
3.4666545886993507,0.1613595086171154,0.06553520464470526,-0.4150361356416869,0.0,322.7726244235708,-360.1655605176148,21,32278,686000,0.0003,64652.8671875,177.1001434326172,-0.6091095209121704,140792032.0,46209.125,676001,40000.0,-31436722.968220413,,,,,,,
-17.120061513900744,-0.32943909683212846,-0.32838740058933186,-0.10307616917054685,0.0,354.27909521284187,245.1145449143388,21,32352,688000,0.0003,61669.9375,171.96217346191406,-0.09321308135986328,195595232.0,80223.296875,678001,40000.0,-31436722.968220413,,,,,,,
1.4217509460449231,-0.20991597082002877,0.2512490463707654,-0.09534872216396058,0.0,91.99760867301045,-267.0959921486885,21,32425,690000,0.0003,58056.85546875,168.16900634765625,-0.9583917856216431,157965760.0,44209.4296875,680001,40000.0,-31436722.968220413,,,,,,,
2.8049916210174546,-0.004057831340582006,0.03670003987529841,-0.056332920088063655,0.0,104.62979390883345,394.0227469139678,21,32498,692000,0.0003,57086.046875,175.88255310058594,-0.19955718517303467,190553728.0,48669.44140625,682001,40000.0,-31436722.968220413,,,,,,,
-0.2890007762908939,0.02294401373695842,-0.07833184648064072,-0.0285292325194432,0.0,79.56929089813978,-118.6652555113894,21,32571,694000,0.0003,48637.84375,171.88772583007812,0.5997709631919861,221654272.0,45425.41015625,684001,40000.0,-31436722.968220413,,,,,,,
0.3668177204132073,-0.09236726602206431,-0.053398367242536944,-0.01950971731912046,0.0,18.099780363100592,164.12455083953722,21,32644,696000,0.0003,50118.7109375,165.16209411621094,-0.408568412065506,183085376.0,54022.4765625,686001,40000.0,-31436722.968220413,,,,,,,
-23.931508852004995,-0.41948132764428575,0.024238716093417587,0.2714450386081032,0.0,445.61585734123963,228.79512863287127,21,32717,698000,0.0003,46845.421875,187.8089141845703,-0.048667605966329575,239495712.0,81118.4296875,688001,40000.0,-31436722.968220413,,,,,,,
1.1928189411163317,-0.14199070973398287,-0.030362445611013544,0.03185828917578841,0.0,23.42364889970178,-83.42209109266432,,,700000,0.0003,43730.58203125,167.19329833984375,1.2943477630615234,217570016.0,47512.96484375,690000,,,0.003953125000000003,0.0,40000.0,-28535.351351690242,4165.6096460828085,0.0,0.0
,,,,,,,20,33956,700000,0.0003,43537.6640625,167.1549530029297,-0.28043854236602783,182715776.0,80974.6015625,690001,40000.0,-31436722.968220413,,,,,,,
-22.655162223815903,-0.4389206601686668,-0.16049390378854084,0.25399097834271017,0.0,317.7796212859962,648.4317924578601,20,34028,702000,0.0003,44695.625,158.287353515625,-0.12148290872573853,125082360.0,52782.26171875,692001,40000.0,-31436722.968220413,,,,,,,
-1.4774042778015148,-0.12651616664474583,0.17501447368822656,0.06607520207980759,0.0,125.87169898272863,-501.75538577374215,20,34100,704000,0.0003,41656.703125,173.81996154785156,0.03708647936582565,135429248.0,37441.88671875,694001,40000.0,-31436722.968220413,,,,,,,
-18.614143966674796,-0.3939444618794703,-0.22911798850733922,0.1826330947396497,0.0,183.15389417950092,460.1970851461626,20,34172,706000,0.0003,38507.27734375,158.7595672607422,0.17935600876808167,120144544.0,42662.703125,696001,40000.0,-31436722.968220413,,,,,,,
-2.7405626335144038,-0.16165819425604566,0.3013407693538525,0.005225755849298873,0.0,119.8427095615436,-351.86581929836,20,34245,708000,0.0003,44930.12109375,155.43141174316406,1.158612608909607,140036576.0,43435.91015625,698001,40000.0,-31436722.968220413,,,,,,,
4.693174953460695,0.0680310322316573,0.38535870610274164,0.009924478748438659,0.0030000000000000014,126.79489191012439,976.1322936994651,20,34317,710000,0.0003,52622.9140625,161.7145233154297,0.21597449481487274,151931840.0,63116.265625,700001,40000.0,-31436722.968220413,,,,,,,
16.8534884300232,0.5068736544567294,-0.07590194735005111,0.08019145417683178,0.0,223.39025301379874,-591.0037400696369,20,34389,712000,0.0003,42456.09765625,150.6107940673828,-0.08395186066627502,119081824.0,47489.96484375,702001,40000.0,-31436722.968220413,,,,,,,
0.3125266876220702,0.029806963118528682,-0.2856816555314501,0.006543493865676411,0.0,83.17675738688834,-115.29633094167323,20,34462,714000,0.0003,58277.609375,144.85791015625,0.4676196873188019,115961056.0,38194.390625,704001,40000.0,-31436722.968220413,,,,,,,
2.989431331634523,0.0012948245760160512,0.25744651012094755,0.02515136173076135,0.018,137.83788035695503,821.6974014311089,20,34535,716000,0.0003,59568.67578125,155.55264282226562,-0.24180877208709717,208518496.0,53736.6171875,706001,40000.0,-31436722.968220413,,,,,,,
18.727317216873157,0.4784623410972212,0.03874329039231043,0.059546251307022506,0.0,328.30450646796805,-577.8858570160023,20,34607,718000,0.0003,70165.1953125,146.73165893554688,-0.09349744766950607,197755904.0,51970.87890625,708001,40000.0,-31436722.968220413,,,,,,,
-4.393846691131591,0.05986044969560499,-0.39204083771952497,-0.10128557452390448,0.0,106.16733248242858,259.7190188049595,20,34681,720000,0.0003,66254.0859375,158.77001953125,0.29688864946365356,132557760.0,45345.91015625,710001,40000.0,-30236808.73163867,,,,,,,
-3.485022151947023,-0.6132055000180565,-0.47135216303748745,-0.5146583245917477,0.0,782.1955415527551,-561.2178001513678,20,34754,722000,0.0003,69431.1328125,156.016845703125,0.31176120042800903,163321616.0,33851.1953125,712001,40000.0,-30236808.73163867,,,,,,,
14.136812738418579,0.06480368411505334,0.8580698641432052,-0.0039890097555490694,0.0,717.8121563366011,-258.36617142639824,20,34829,724000,0.0003,63428.859375,163.5183563232422,-0.45450419187545776,166108672.0,51059.7890625,714001,40000.0,-30236808.73163867,,,,,,,
3.0308538074493363,0.33503243081482587,-0.3206714271087888,-0.10314726843091403,0.0,98.69336256636178,-124.15629228007822,20,34902,726000,0.0003,62036.9921875,153.26316833496094,1.1081887483596802,111134640.0,37709.06640625,716001,40000.0,-30236808.73163867,,,,,,,
-6.865593605041502,-0.08421644028704554,-0.2586411118851839,-0.02034362205744811,0.0,35.47304263328141,132.44783803272435,20,34975,728000,0.0003,57232.8203125,158.5713348388672,0.06137867271900177,139609472.0,42459.47265625,718001,40000.0,-30236808.73163867,,,,,,,
-2.639192777633662,-0.15398946559629334,0.106697352986128,0.017845828054861918,0.0,116.9256131593214,668.1718969920815,20,35048,730000,0.0003,58982.36328125,164.91098022460938,0.11127006262540817,159344736.0,57202.32421875,720001,40000.0,-30236808.73163867,,,,,,,
0.5432696342468262,-0.0592513598079461,0.09000954661310388,-0.017225349656284503,0.0,35.60464372953954,-440.89398708522845,20,35122,732000,0.0003,66065.8125,157.83123779296875,0.5032445788383484,124131264.0,48374.35546875,722001,40000.0,-30236808.73163867,,,,,,,
12.832546220779415,0.22587905244469877,0.239430962092847,0.03183301817274597,0.0014999999999999966,94.46501710787062,138.16354785935098,20,35195,734000,0.0003,62176.59765625,151.49868774414062,-0.24054297804832458,98497000.0,41190.3671875,724001,40000.0,-30236808.73163867,,,,,,,
7.266683443069467,0.23539235366272165,-0.26603009115001647,0.16547166477437764,0.0,121.80287718966514,183.38763069291522,20,35267,736000,0.0003,66336.015625,148.07400512695312,-0.5813674926757812,157663552.0,54537.5234375,726001,40000.0,-30236808.73163867,,,,,,,
15.515787883758529,0.24680666443340152,0.12148199965422385,0.21523990868550597,0.0,207.80552531095123,-68.81349847193727,20,35341,738000,0.0003,62167.9296875,149.30938720703125,0.6294205188751221,140025984.0,55757.15234375,728001,40000.0,-30236808.73163867,,,,,,,
1.2895050678253162,-0.10465343327460064,-0.1031724682158334,0.05132002471490749,0.0,86.93577624179164,93.98035358564081,20,35414,740000,0.0003,71077.2734375,148.50682067871094,-0.12443964928388596,152275520.0,51593.875,730001,40000.0,-30236808.73163867,,,,,,,
12.056979167938229,0.2699119977688214,0.1768322271151532,0.1018080433003424,0.0,128.78674293189724,98.50201811657833,20,35493,742000,0.0003,70192.625,149.10682678222656,0.1804729700088501,147641056.0,64295.3046875,732001,40000.0,-30236808.73163867,,,,,,,
3.812641588211058,0.2277947796868526,-0.14484084951111448,-0.041880164143969376,0.0,58.88079541890092,-16.427196043940476,20,35572,744000,0.0003,68450.1328125,150.62020874023438,-0.29126888513565063,167095920.0,41154.7265625,734001,40000.0,-30236808.73163867,,,,,,,
0.4889748363494871,-0.0648031920938424,-0.13175719204876615,-0.012175830240315343,0.0,14.708066136226687,123.85652343323213,20,35646,746000,0.0003,63989.26953125,152.15626525878906,0.2913844585418701,157975904.0,51409.8046875,736001,40000.0,-30236808.73163867,,,,,,,
-20.541962844848648,-0.3518874756944266,-0.3000302166676211,0.17774350826383722,0.0,232.40188455320668,621.9454247412563,20,35719,748000,0.0003,63664.2421875,152.62059020996094,0.1566760092973709,127853888.0,54270.0546875,738001,40000.0,-30236808.73163867,,,,,,,
-8.117053001403805,-0.193563294903446,0.2792427530212165,0.33055644242311744,0.0,333.91437452410605,-377.5333052020206,20,35792,750000,0.0003,67332.328125,148.44924926757812,-0.041277721524238586,130130160.0,80399.3515625,740001,40000.0,-30236808.73163867,,,,,,,
-16.211689575195326,-0.2012988294812129,0.1333089268759436,0.3946539392515005,0.0,313.6114076037029,49.289761518288785,20,35866,752000,0.0003,63989.390625,145.99411010742188,-0.4379052519798279,129828256.0,41885.7265625,742001,40000.0,-30236808.73163867,,,,,,,
-9.261227167129524,-0.1265650317430566,-0.18713577745636747,0.33751794724850454,0.0,170.47636885418294,502.70214688024544,20,35939,754000,0.0003,58947.10546875,150.0243377685547,-0.37273943424224854,145672112.0,48958.4453125,744001,40000.0,-30236808.73163867,,,,,,,
-2.8356351795196533,-0.022477422296172465,0.18016846902834746,0.2977931872959813,0.0,170.78909584077917,-220.40804810745647,20,36012,756000,0.0003,54709.953125,169.71238708496094,0.7478987574577332,191668224.0,41829.21875,746001,40000.0,-30236808.73163867,,,,,,,
-3.345998975753783,-0.03858890325890975,-0.014319856115166204,0.2980914733699301,0.0,118.95203640187538,173.3146611046439,21,36085,758000,0.0003,34178.65625,176.45404052734375,-1.0340348482131958,240297776.0,72727.28125,748001,40000.0,-30236808.73163867,,,,,,,
-0.1276563396453856,-0.0005678148937181782,0.04005984668296432,0.306954673031878,0.0,147.8913820342452,267.38209610452367,21,36158,760000,0.0003,29928.4921875,158.09425354003906,-0.3974027633666992,120297920.0,35987.80859375,750001,40000.0,-29096316.060522426,,,,,,,
-3.7792235507965133,-0.47264824153111573,-0.40247735822014813,-0.7825120825750076,0.0,1011.8096283035559,-250.31396340448498,21,36231,762000,0.0003,38611.46484375,151.3832244873047,0.21164527535438538,206158096.0,73564.453125,752001,40000.0,-29096316.060522426,,,,,,,
-7.897450937271132,-0.41027545890154227,0.226349303217247,-0.8861533590868087,0.0,1020.3463506482226,233.19051909097968,21,36304,764000,0.0003,42402.21875,144.07974243164062,0.10086372494697571,125055472.0,36961.625,754001,40000.0,-29096316.060522426,,,,,,,
-3.6950677108764607,-0.18288908286290415,0.07711180938989104,-0.9660880382684578,0.0,1134.457259371111,80.49459429064905,21,36377,766000,0.0003,50933.7265625,144.8992156982422,1.0599406957626343,142788784.0,37828.2890625,756001,40000.0,-29096316.060522426,,,,,,,
-3.188816328048705,-0.14669381838657425,-0.021844224874416167,-0.9743186683975633,0.0,1147.2650325253896,50.9016984401658,21,36450,768000,0.0003,50671.70703125,146.45925903320312,0.3509562015533447,109185912.0,33349.4765625,758001,40000.0,-29096316.060522426,,,,,,,
-2.4258557319641123,-0.16332555464516194,0.029982110829021517,-0.9697788538777417,0.0,1139.0522573067253,72.38117137579182,21,36523,770000,0.0003,51664.41015625,151.6964569091797,0.46486610174179077,198012672.0,64299.5390625,760001,40000.0,-29096316.060522426,,,,,,,
-1.8793017158508323,-0.08955990834877067,0.07484632641493426,-0.9796055106634224,0.0,1158.7822534514935,125.92967529781919,21,36597,772000,0.0003,53412.421875,148.5536346435547,-0.8838133811950684,121597280.0,51430.76953125,762001,40000.0,-29096316.060522426,,,,,,,
4.70363048934936,0.08372288893565016,0.41153392747473844,-0.914337102675569,0.0,1295.3104418643584,171.24702466226262,21,36670,774000,0.0003,55409.8359375,136.8256378173828,0.899432897567749,159022400.0,77600.4921875,764001,40000.0,-29096316.060522426,,,,,,,
2.8854621887207057,-0.29527024236311133,0.6890884323591292,-0.05053235957063105,0.0,933.6969285838334,-444.66897695055275,21,36743,776000,0.0003,66322.0,144.1103973388672,0.574041485786438,94077272.0,42092.52734375,766001,40000.0,-29096316.060522426,,,,,,,
9.264107902526854,-0.4281639311077252,0.033802307519580375,-0.10120728411193611,0.0,767.8732767979573,294.02057224012225,21,36816,778000,0.0003,56404.2578125,140.62823486328125,0.3356175720691681,177782048.0,49324.41796875,768001,40000.0,-29096316.060522426,,,,,,,
-6.123491565704348,-0.4123854019640686,-0.2042004056431129,0.034283949158553643,0.0,893.5106527128995,-361.14398607819874,21,36891,780000,0.0003,55263.92578125,163.91250610351562,-0.6402555108070374,172802016.0,48265.31640625,770001,40000.0,-29096316.060522426,,,,,,,
-15.609612094879155,-0.4891082044076541,-0.27156679049649673,-0.028050222539368536,0.0,664.4049349171031,-301.6945229596318,21,36965,782000,0.0003,37795.23046875,170.61703491210938,-0.15110331773757935,173956800.0,95135.625,772001,40000.0,-29096316.060522426,,,,,,,
6.100961578369136,0.16940130033874154,0.38693015077431814,-0.06775094825047188,0.0,565.1055705817536,362.46726350677983,21,37039,784000,0.0003,39696.51953125,156.61410522460938,-0.9175583720207214,187038160.0,39328.05859375,774001,40000.0,-29096316.060522426,,,,,,,
-8.369196199417116,-0.5158211808987844,-0.1692182046186832,0.08220950466340284,0.0,834.401069330009,62.80598776020866,21,37113,786000,0.0003,41174.1015625,140.83673095703125,-0.18401025235652924,115139208.0,45041.5625,776001,40000.0,-29096316.060522426,,,,,,,
-8.856696554183966,-0.16327732968842562,-0.4079469644041031,-0.06426307389079722,0.0,713.611975627129,-187.18264167249487,21,37189,788000,0.0003,45464.2421875,139.93690490722656,-0.6858815550804138,116810304.0,49311.20703125,778001,40000.0,-29096316.060522426,,,,,,,
1.9000235671997074,0.2782104889287667,-0.396637264652196,-0.41587394143082945,0.0,318.76938903450423,-254.4343756982725,21,37263,790000,0.0003,59157.671875,134.83236694335938,0.5992659330368042,186752832.0,81674.4921875,780001,40000.0,-29096316.060522426,,,,,,,
6.259498510360723,0.25431783869455865,0.19989560082463068,-0.3349207318025766,0.0,187.26877566796642,-26.93985152212013,21,37337,792000,0.0003,61317.69921875,131.28097534179688,-0.8719022274017334,134869952.0,34001.5234375,782001,40000.0,-29096316.060522426,,,,,,,
7.376121189117431,0.6231373439749409,-0.048782474183692484,-0.20794630123460833,0.0,549.1690968042705,425.0596072815898,21,37411,794000,0.0003,65195.92578125,130.31356811523438,-0.4546690285205841,94868624.0,42860.13671875,784001,40000.0,-29096316.060522426,,,,,,,
-13.446732223510747,-0.2404395702864045,-0.5864522584568407,-0.3638706729131039,0.0,397.7130443550699,-428.33784087351415,21,37485,796000,0.0003,63287.640625,132.18267822265625,0.13310639560222626,130126584.0,58984.41796875,786001,40000.0,-29096316.060522426,,,,,,,
0.3924882392883325,-0.19185074777670313,0.4287536215488192,-0.028775237761706936,0.0105,218.99195597213273,67.47467172468298,21,37559,798000,0.0003,66603.421875,129.664794921875,0.36156249046325684,129884408.0,47924.125,788001,40000.0,-29096316.060522426,,,,,,,
7.642472005844115,0.32114739376790563,0.1953661683886683,0.004427235188789474,0.0,165.5698167454116,148.71024983029716,,,800000,0.0003,66442.7265625,137.2791748046875,-0.5256415605545044,113791752.0,36523.34765625,790000,,,0.04300000000000003,0.0,40000.0,-19888.607248529668,6455.808124761789,0.04300000000000003,0.0
,,,,,,,20,38795,800000,0.0003,67186.4609375,137.269287109375,0.3273269236087799,103080720.0,39424.25390625,790001,40000.0,-29148410.23484665,,,,,,,
-1.5808342323303346,-0.13847080845873327,0.6952130603299529,-0.1630935006172301,0.0,977.6145768011157,-664.5632595690404,20,38868,802000,0.0003,67096.421875,128.6981201171875,0.6019631624221802,124004024.0,37499.33984375,792001,40000.0,-29148410.23484665,,,,,,,
1.896855854034417,-0.03227248871133062,0.04236990834465772,-0.14914659393778132,0.0,755.4176652528553,153.79338908568488,20,38942,804000,0.0003,63231.5625,137.46560668945312,0.06302066147327423,135917824.0,67840.9921875,794001,40000.0,-29148410.23484665,,,,,,,
-8.936532560348503,-0.09732588496068449,-0.5398068001219046,-0.28086703609446106,0.0,661.4473007795494,-32.7923185993705,20,39015,806000,0.0003,58720.75,175.92198181152344,-0.028977490961551666,136188608.0,46346.953125,796001,40000.0,-29148410.23484665,,,,,,,
11.524108686447155,0.45642610279171286,0.022104965316709184,-0.32032380150174583,0.0,349.7376453143868,-362.9503791324033,20,39089,808000,0.0003,57326.88671875,155.5962677001953,-0.7685017585754395,124787400.0,43595.08984375,798001,40000.0,-29148410.23484665,,,,,,,
-3.375291543960571,0.1292322770754575,-0.27715496857733823,-0.13917917954785436,0.0,63.63072242922968,50.691003381989184,20,39162,810000,0.0003,45498.00390625,154.0435333251953,-0.05116766691207886,133360016.0,35978.34765625,800001,40000.0,-29148410.23484665,,,,,,,
-6.241509572982779,-0.09882422114524923,0.06495879257450589,-0.02736923188421552,0.0,84.39101336591439,89.43327286375788,20,39236,812000,0.0003,50217.90234375,135.5263214111328,-0.2709290683269501,129459656.0,44135.1328125,802001,40000.0,-29148410.23484665,,,,,,,
4.122069435119631,-0.13925747076547765,-0.03788000045954361,-0.07595066520814722,0.0,64.38534287920204,79.09091023078075,20,39309,814000,0.0003,54191.88671875,127.69561767578125,-0.5303516387939453,132027992.0,49839.42578125,804001,40000.0,-29148410.23484665,,,,,,,
9.625864650726319,0.12035479489166488,0.16640483173745177,0.035355734191627394,0.0,86.61350106828081,193.32974327139814,20,39383,816000,0.0003,55460.765625,127.31494903564453,0.10347171127796173,80047200.0,35635.81640625,806001,40000.0,-29148410.23484665,,,,,,,
2.4879328842163075,-0.11879045094924519,-0.19359781460414124,0.09083823673908,0.0,109.72660589255507,229.35290069627064,20,39456,818000,0.0003,68383.375,123.40299987792969,-0.5930494666099548,143318272.0,47446.9609375,808001,40000.0,-29148410.23484665,,,,,,,
21.5899020500183,0.3352169148184293,0.25233178145573487,0.2731254425417617,0.0,351.15845339988,-132.10744181470014,20,39530,820000,0.0003,72575.6328125,127.33110046386719,-1.053297996520996,117703712.0,36324.9921875,810001,40000.0,-29148410.23484665,,,,,,,
0.7024076824188226,0.13780310275677493,-0.03485994991303608,0.0745270384849068,0.0,123.74613873283353,257.95003750648135,20,39604,822000,0.0003,71375.4609375,129.63357543945312,0.5771622657775879,124160008.0,48279.50390625,812001,40000.0,-29148410.23484665,,,,,,,
16.828101797103873,0.39321982173554654,0.03788304120882712,0.020006011524452815,0.0,154.57785064294757,-109.62280295326983,20,39678,824000,0.0003,63042.48828125,128.46685791015625,0.6932339072227478,187344000.0,85735.734375,814001,40000.0,-29148410.23484665,,,,,,,
-2.2585182209014913,0.1315945639615387,-0.27187924983052864,-0.18832892802126358,0.0,92.77362364631557,38.90841770142707,20,39752,826000,0.0003,65408.7578125,128.697265625,-0.0005969256162643433,152099936.0,42914.2734375,816001,40000.0,-29148410.23484665,,,,,,,
-19.251964136123664,-0.2683194263710645,0.2830778894210965,0.21816190684070835,0.0,568.8560064018887,61.69665661255016,20,39827,828000,0.0003,63889.6953125,131.86883544921875,0.2802966237068176,119361424.0,46139.7109375,818001,40000.0,-29148410.23484665,,,,,,,
-2.6411634731292724,0.10530414122222016,-0.29095853372171976,0.09609585975680258,0.0,54.210453728991396,145.06281872338806,20,39902,830000,0.0003,61940.328125,135.6862335205078,-0.3820948302745819,157391264.0,64958.484375,820001,40000.0,-29148410.23484665,,,,,,,
-19.822841430664063,-0.2296890389741125,0.270556444074294,0.4225633625527867,0.0,596.7550195926681,237.1031031721167,20,39977,832000,0.0003,60455.74609375,137.25875854492188,0.2543519139289856,121340160.0,44977.0390625,822001,40000.0,-29148410.23484665,,,,,,,
14.109748348236083,0.31129540288912033,0.020421265626271622,0.2798469977098839,0.0,154.00397864181286,-147.4818617651068,20,40051,834000,0.0003,60561.5390625,135.61029052734375,0.37117820978164673,107755936.0,52893.84765625,824001,40000.0,-29148410.23484665,,,,,,,
7.485891735076907,0.2880526595850171,0.016213260603395688,0.17909400419854682,0.0,81.6739717135201,192.45465584207344,20,40126,836000,0.0003,58754.59375,131.5289764404297,-0.17556951940059662,98023264.0,33354.4609375,826001,40000.0,-29148410.23484665,,,,,,,
19.39847109413149,0.3626045477640189,0.00918554587556561,0.1318959717412808,0.0,85.68522397097693,-174.35729845152173,20,40200,838000,0.0003,58815.46875,132.16307067871094,0.19710728526115417,131298016.0,46775.76171875,828001,40000.0,-29148410.23484665,,,,,,,
-0.7980043849945072,0.15412281947446893,-0.29243873695593076,0.06988511949341275,0.0,55.97262093458873,90.38433965562014,20,40274,840000,0.0003,59652.15625,127.01225280761719,-0.4720444679260254,97644912.0,48746.4921875,830001,40000.0,-28287151.698056526,,,,,,,
-3.630058553695678,-0.677314346260219,-0.560452159211493,-0.5591107080114452,0.0,857.8825617198663,-557.3702052037785,20,40349,842000,0.0003,60308.5390625,126.45555877685547,0.07580935955047607,126236640.0,42396.00390625,832001,40000.0,-28287151.698056526,,,,,,,
-0.10917494201660091,-0.4826084406663404,0.5064837004191681,-0.39056420428286154,0.0,371.7984356777928,-103.40217489843128,20,40424,844000,0.0003,58535.9375,127.72137451171875,0.02532047964632511,109012736.0,37238.41796875,834001,40000.0,-28287151.698056526,,,,,,,
0.1249208278656016,0.10024219496717826,0.1800190347144816,-0.44131672872153954,0.0,277.286221861228,-52.383123537822755,20,40500,846000,0.0003,67468.3125,130.4070587158203,1.2916851043701172,129299296.0,38046.75,836001,40000.0,-28287151.698056526,,,,,,,
-15.520261934280384,-0.24533770434011654,-0.5080105713095425,-0.19731590499171062,0.0,279.38357465706804,37.68103056834072,20,40573,848000,0.0003,68742.765625,130.29647827148438,0.11224541068077087,152492384.0,80271.6640625,838001,40000.0,-28287151.698056526,,,,,,,
-2.590792230606079,-0.13348438515583996,0.35666889500309384,0.07123153995433618,0.044500000000000026,241.8848083969047,-99.06957205319348,20,40646,850000,0.0003,69349.7109375,129.66200256347656,0.5316511392593384,134417664.0,55811.96484375,840001,40000.0,-28287151.698056526,,,,,,,
-3.1089048099517833,-0.12682153616462397,-0.11757724819168636,0.033494006430104487,0.0,21.65512786481383,244.76862440375157,20,40718,852000,0.0003,63011.6796875,144.46775817871094,0.34501972794532776,109911744.0,33316.41796875,842001,40000.0,-28287151.698056526,,,,,,,
-15.113456796646108,-0.275332629956429,-0.08623520833071494,0.259281229204531,0.0,252.54825118994705,72.8735256845207,20,40791,854000,0.0003,57148.41015625,145.03062438964844,-0.4614465534687042,131052016.0,46819.5546875,844001,40000.0,-28287151.698056526,,,,,,,
-16.501740684509254,-0.4598643481214159,-0.056175474691465645,0.1424393940629756,0.0,143.893145177938,355.03037742705345,20,40864,856000,0.0003,54213.4765625,143.4624786376953,-0.38172072172164917,133583632.0,47747.46875,846001,40000.0,-28287151.698056526,,,,,,,
-0.24971371269225573,-0.21597128233054544,-0.03151687453558332,-0.11124386821610543,0.0,184.64058441189113,-247.18584396316209,20,40936,858000,0.0003,49138.109375,141.58387756347656,0.4971548020839691,136530528.0,49625.33203125,848001,40000.0,-28287151.698056526,,,,,,,
9.043898191452028,-0.0724737017134359,0.4931368476713295,-0.15885638108961989,0.0,236.32427510459976,17.403343678979944,20,41009,860000,0.0003,50152.04296875,134.7979736328125,0.15271911025047302,183866656.0,41536.71484375,850001,40000.0,-28287151.698056526,,,,,,,
8.341232719421406,0.44701466313116406,0.14936911296337788,0.1380100163433166,0.0,117.94302115319512,71.15993031892762,20,41084,862000,0.0003,56330.828125,130.70730590820312,0.03149208426475525,136577424.0,47604.06640625,852001,40000.0,-28287151.698056526,,,,,,,
20.345991914749145,0.4150966413913498,0.001273810679248081,0.007791957438463848,0.0,89.62066119295022,-52.33654957220218,20,41157,864000,0.0003,56863.8359375,129.6011199951172,0.5007693767547607,145112800.0,39203.23828125,854001,40000.0,-28287151.698056526,,,,,,,
4.6758809604644735,0.3991348964888685,-0.006213180571139823,0.12006933579480247,0.0,170.76118718964278,121.55166273186082,21,41230,866000,0.0003,64135.64453125,126.18035888671875,0.0946665108203888,117627024.0,25331.017578125,856001,40000.0,-28287151.698056526,,,,,,,
11.733820089340195,0.33680238889964587,-0.20478749133221072,-0.12452664663138313,0.0,90.94709455610656,-59.85960583853417,21,41304,868000,0.0003,61687.83984375,131.90354919433594,0.14638958871364594,154239808.0,40753.58984375,858001,40000.0,-28287151.698056526,,,,,,,
-5.768339998245236,-0.11013021494268062,-0.4264785353740674,-0.054975465435011785,0.0,125.36690578417173,626.4473614478477,21,41377,870000,0.0003,59421.43359375,138.55201721191406,-0.45312434434890747,111398440.0,44444.9765625,860001,40000.0,-28287151.698056526,,,,,,,
-14.1360100460053,-0.26924810169090285,0.25522147037416676,0.10957230406458165,0.0,264.7822660525372,-490.2649261735254,21,41450,872000,0.0003,55827.5390625,133.3490447998047,0.03528553992509842,93092328.0,31296.638671875,862001,40000.0,-28287151.698056526,,,,,,,
1.7947511844635022,-0.01854756845241092,0.030417937729403252,-0.07784406264871849,0.0,40.18304153461768,209.92357145395374,21,41523,874000,0.0003,50352.26171875,145.82066345214844,-0.4365496337413788,108661888.0,38424.83984375,864001,40000.0,-28287151.698056526,,,,,,,
-0.2668959598541237,-0.044262115704049754,-0.13483345897455573,0.015766903040108825,0.0,178.27757348374854,160.42612458708723,21,41596,876000,0.0003,46599.109375,133.90396118164062,0.5058786869049072,142508640.0,45169.17578125,866001,40000.0,-28287151.698056526,,,,,,,
3.8721382007598883,-0.2194298997375834,0.2580626455512087,0.10867708441292558,0.0,193.84950231768812,6.674688197367829,21,41669,878000,0.0003,58656.2890625,123.8604736328125,-0.6059678792953491,85687384.0,31603.767578125,868001,40000.0,-28287151.698056526,,,,,,,
10.152393310546875,0.2307737412307909,0.1896453516505316,0.2120857338965342,0.0,265.39971902753024,200.26834146400404,21,41743,880000,0.0003,53506.4375,130.8314666748047,0.39404621720314026,176953376.0,47829.38671875,870001,40000.0,-27414383.79656041,,,,,,,
-2.405799322128292,-0.4434727697537645,-0.296293715787227,-0.7471948807159475,0.0,1097.7826739719496,-114.19858855397861,21,41816,882000,0.0003,55004.140625,127.07798767089844,0.6203678250312805,133457952.0,41162.7578125,872001,40000.0,-27414383.79656041,,,,,,,
-5.261009555816651,-0.2554152560758907,0.18292995041430501,-0.9491197794655135,0.0,1121.6479114507006,148.62174046434905,21,41890,884000,0.0003,55547.34375,127.95825958251953,0.8262962102890015,92646920.0,43634.08984375,874001,40000.0,-27414383.79656041,,,,,,,
-1.7305196895599302,0.10547977087938966,-0.5919743721311048,-0.42556363439776757,0.0,1153.1124012695277,-495.99333597983394,21,41963,886000,0.0003,62016.77734375,127.9072036743164,-0.06184662878513336,147567216.0,48010.015625,876001,40000.0,-27414383.79656041,,,,,,,
-8.612272829055795,-0.8267139416725647,0.08978012391236066,-0.5633602343349483,0.0,661.4579355345091,37.92284308175381,21,42035,888000,0.0003,58457.3359375,125.02165222167969,0.7964865565299988,101439216.0,35301.2578125,878001,40000.0,-27414383.79656041,,,,,,,
-1.5173165473937995,-0.5056599738686471,0.650877892221951,-0.5750996164629106,0.0,681.7816240748714,277.56276849822524,21,42108,890000,0.0003,61708.875,125.1439208984375,0.5364841818809509,130624864.0,60899.3984375,880001,40000.0,-27414383.79656041,,,,,,,
0.07094301795959355,0.0708174035658767,-0.22594934437562356,-0.6289210371959766,0.0,666.9110280436288,-342.18102239542424,21,42181,892000,0.0003,62180.87890625,127.67777252197266,0.37166789174079895,101401656.0,32556.783203125,882001,40000.0,-27414383.79656041,,,,,,,
-14.4490997982025,-0.5174926055275645,0.03505079305272905,-0.1350088884654455,0.0,429.0621086300946,-251.35109068919115,21,42255,894000,0.0003,54847.83203125,130.4206085205078,0.3176437020301819,80859960.0,32059.50390625,884001,40000.0,-27414383.79656041,,,,,,,
-0.4195140514373775,-0.051011379584143236,0.07088381480335795,0.019999708269730562,0.0,47.211719364854815,-53.24812066464195,21,42328,896000,0.0003,62635.546875,127.87799072265625,-0.7028090953826904,86045376.0,37719.2265625,886001,40000.0,-27414383.79656041,,,,,,,
-17.81457965469359,-0.28709965235192025,-0.1480919500138411,0.19599971446987877,0.0,238.35007703392057,390.37480794490705,21,42401,898000,0.0003,57427.578125,131.80661010742188,-0.01957501471042633,97110448.0,69506.953125,888001,40000.0,-27414383.79656041,,,,,,,
-1.4160451431274366,-0.09796705692725546,0.219392330300085,0.045082588741364005,0.0715,65.66507561997173,-213.51860168338894,,,900000,0.0003,54011.90234375,130.78997802734375,0.5852293968200684,119780096.0,57860.43359375,890000,,,0.04300000000000003,0.0,40000.0,-25330.571847803185,3066.6613805586608,0.002656250000000002,0.0
,,,,,,,20,43627,900000,0.0003,55631.21875,130.80288696289062,-0.01619759202003479,104687440.0,50712.80859375,890001,40000.0,-27414383.79656041,,,,,,,
-3.2658582248687753,-0.13573287630669761,-0.2558669830165618,0.06943801985905843,0.014,99.03957883730958,247.1531419434272,20,43699,902000,0.0003,55353.52734375,130.14491271972656,0.24073082208633423,126563848.0,38697.0703125,892001,40000.0,-27414383.79656041,,,,,,,
-15.658236167907758,-0.2941564878569009,0.15431708660817184,0.18654139420868132,0.0,148.16830229975744,27.348669577414242,20,43771,904000,0.0003,61926.390625,131.05018615722656,0.9920468330383301,111848296.0,41622.92578125,894001,40000.0,-27414383.79656041,,,,,,,
-2.082385995864868,-0.12836454511721992,0.033762216501801896,0.09066061333567427,0.0,97.04054505029214,338.37648344237175,20,43843,906000,0.0003,51942.078125,128.51446533203125,-0.1700253188610077,166430880.0,54280.6171875,896001,40000.0,-27414383.79656041,,,,,,,
-13.128662544250465,-0.2693695280836557,-0.014245278131327106,0.3047016583130502,0.0,322.98304308892284,288.15330562267525,20,43916,908000,0.0003,54273.54296875,126.13343811035156,0.26952701807022095,138474432.0,58247.609375,898001,40000.0,-27414383.79656041,,,,,,,
-17.42009210014344,-0.31024592377150867,-0.16533143878540082,0.2946859985158421,0.0,256.94243868940504,-19.040259439869743,20,43988,910000,0.0003,56231.421875,122.92488861083984,-0.21523414552211761,95212232.0,39154.703125,900001,40000.0,-27414383.79656041,,,,,,,
-3.7665624523162844,-0.16618866556955925,0.012612615129827486,0.15102224301304049,0.0,212.8745810827761,-117.53091278832174,20,44061,912000,0.0003,57311.76171875,125.18611907958984,0.3561054468154907,132484592.0,44189.578125,902001,40000.0,-27414383.79656041,,,,,,,
-18.85111031913753,-0.4161597521425377,0.03731929833861197,0.16386182231984253,0.0,159.6340011018716,112.52785506653689,20,44133,914000,0.0003,52423.46875,129.0836639404297,-0.06385409086942673,100593440.0,34833.609375,904001,40000.0,-27414383.79656041,,,,,,,
-1.1093011245727544,-0.04357626406755364,0.2053040352425347,0.04036912141868177,0.234,66.83579385823805,-120.98582807647833,20,44206,916000,0.0003,50626.36328125,132.0170135498047,0.19153398275375366,118604048.0,82812.078125,906001,40000.0,-27414383.79656041,,,,,,,
-5.491277563095094,-0.18949622893337473,-0.29522342917944916,0.08060093306679178,0.0,106.66112972748945,261.22998615510267,20,44279,918000,0.0003,50835.578125,133.8952178955078,-0.3323802947998047,125683672.0,52355.34375,908001,40000.0,-27414383.79656041,,,,,,,
-14.915467002868674,-0.2531297312440112,0.27638299297223967,0.17007948101247777,0.0,164.32190786397746,-49.95554161193382,20,44352,920000,0.0003,52194.78125,133.53204345703125,0.42911025881767273,140584736.0,51652.81640625,910001,40000.0,-26909659.66336805,,,,,,,
-7.599610565185549,-0.5029547879576819,-0.5932626058583952,-0.7433653572270295,0.0,1005.9630752612214,-471.8552143962494,20,44425,922000,0.0003,47049.375,135.016357421875,0.5736737847328186,95870144.0,36628.15625,912001,40000.0,-26909659.66336805,,,,,,,
4.379843084335335,0.24901960941863338,-0.021473528694487872,-0.19523463316924403,0.0,702.958473882771,-403.53302064617213,20,44498,924000,0.0003,44511.8515625,138.66404724121094,-1.1420238018035889,103719288.0,34811.3203125,914001,40000.0,-26909659.66336805,,,,,,,
-9.822244359970101,-0.6201198493474211,0.41577451911387264,-0.10596892173991349,0.0,270.77676456889566,-135.58781893704253,20,44572,926000,0.0003,44949.3828125,130.8711395263672,0.33861857652664185,115460896.0,40397.65234375,916001,40000.0,-26909659.66336805,,,,,,,
-7.95258060264587,-0.28183759288576243,0.1422972183909172,-0.18119430350649474,0.0,146.23226466125385,396.98001144459107,20,44645,928000,0.0003,47541.125,133.6432647705078,0.22871354222297668,92148088.0,39128.45703125,918001,40000.0,-26909659.66336805,,,,,,,
-3.387786218643188,0.09867762719556608,-0.029061191720667196,-0.38679540477462476,0.0,284.83191751543103,-139.97652530458404,20,44718,930000,0.0003,41427.68359375,130.92251586914062,0.003992289304733276,85984816.0,50234.98828125,920001,40000.0,-26909659.66336805,,,,,,,
-9.98054005813598,-0.22366427351180831,-0.023961285217515532,-0.2647442454589503,0.0,169.09795737944515,12.83083456443754,20,44791,932000,0.0003,43962.453125,128.52133178710938,0.09718877822160721,76556240.0,34292.578125,922001,40000.0,-26909659.66336805,,,,,,,
2.5293424510955838,-0.09249826299868998,0.05540860142259675,-0.28105996485561396,0.0,121.10613051564661,52.33285581438419,20,44864,934000,0.0003,50969.234375,120.61952209472656,-0.16843973100185394,108250368.0,30751.552734375,924001,40000.0,-26909659.66336805,,,,,,,
-4.508409942626949,0.00015655930699351044,0.18242056708777604,-0.26828420727358376,0.0,191.05682818306914,84.30722890230307,20,44937,936000,0.0003,47487.99609375,118.89822387695312,-0.6833218336105347,117542888.0,49946.4296875,926001,40000.0,-26909659.66336805,,,,,,,
-6.4518108768463085,-0.02811282194470195,-0.3122139616966424,-0.250835623810545,0.0,130.00782381795918,36.84745041989933,20,45010,938000,0.0003,60699.1171875,119.76432037353516,-0.15563729405403137,205337472.0,78401.015625,928001,40000.0,-26909659.66336805,,,,,,,
-3.9607463493347317,-0.16895971518066424,0.03947201338597678,-0.17774231822826317,0.0,124.88195993147052,103.14270253358161,20,45083,940000,0.0003,55456.65625,118.88348388671875,-0.6065261363983154,63346984.0,24908.048828125,930001,40000.0,-26909659.66336805,,,,,,,
-1.1254981155395536,-0.13565631964270675,0.0003971978006382926,-0.20116756191906168,0.0,84.16390517176444,94.31096673490602,20,45156,942000,0.0003,56583.88671875,126.92839813232422,-0.5881723165512085,105094320.0,42475.62890625,932001,40000.0,-26909659.66336805,,,,,,,
-3.644084985733022,-0.3252084189418373,-0.2076588945029783,-0.13623247643466926,0.0,124.1365957912885,47.96177122462124,20,45230,944000,0.0003,50362.640625,126.75880432128906,0.5290554761886597,97334336.0,34142.0703125,934001,40000.0,-26909659.66336805,,,,,,,
4.3306077537536645,-0.42144279707803123,0.16350536179094594,-0.06936729455331277,0.0,74.72618132659781,-36.918556011045666,20,45303,946000,0.0003,47556.03515625,132.13824462890625,-0.15195386111736298,102065264.0,36295.7109375,936001,40000.0,-26909659.66336805,,,,,,,
-14.43197822952269,-0.27904924977604156,-0.0855670255467371,-0.07096397540392782,0.0,83.83686537508063,89.29141606032005,20,45376,948000,0.0003,48097.6171875,121.99899291992188,0.1347532570362091,102728360.0,32596.4921875,938001,40000.0,-26909659.66336805,,,,,,,
3.749026773452764,-0.4044455398674469,0.08949152724960904,-0.0062534788616560155,0.0,65.14487356089141,-1.8526160934017344,20,45449,950000,0.0003,54714.31640625,116.66120147705078,0.438590407371521,119998104.0,40210.80078125,940001,40000.0,-26909659.66336805,,,,,,,
-9.51812575721741,-0.1807901742283457,0.03465873157042295,0.012558116607550634,0.0,58.573107575971115,14.054331918106364,20,45523,952000,0.0003,47496.890625,123.08811950683594,-0.4572482705116272,107817496.0,59427.3203125,942001,40000.0,-26909659.66336805,,,,,,,
0.8799616661071777,-0.3172066172169794,0.005376281075754513,0.05821393022226772,0.0,60.26583645826337,72.31273553727799,20,45596,954000,0.0003,54151.3203125,124.15074157714844,-0.7785350680351257,76137184.0,33587.94140625,944001,40000.0,-26909659.66336805,,,,,,,
-7.0942550430297775,-0.13069356169575136,-0.035400420594056646,0.12396552102469505,0.0,88.76834979943062,131.83253537561296,20,45669,956000,0.0003,53161.5546875,119.99691772460938,-0.020606786012649536,101479168.0,53613.5859375,946001,40000.0,-26909659.66336805,,,,,,,
0.6133624477386466,-0.15891991233832706,0.3296931521648322,0.29585615293487555,0.0,247.91717293649066,299.644424050914,20,45742,958000,0.0003,49715.6171875,128.4553985595703,-0.34480029344558716,102016656.0,33998.90234375,948001,40000.0,-26909659.66336805,,,,,,,
2.5787472476959135,-0.023973873215761197,-0.3800547316189168,0.3211374262681478,0.0,251.3630731250709,37.64731938941687,20,45816,960000,0.0003,54894.6875,114.99890899658203,-0.18099059164524078,107082144.0,43891.1328125,950001,40000.0,-26152668.927945416,,,,,,,
-2.2955055389404295,-0.07836547274082609,-0.2044054754107596,-0.9656803175181776,0.0,1163.7663139960732,121.966040646153,20,45889,962000,0.0003,56391.68359375,111.82681274414062,-0.09278763830661774,120993864.0,41037.5390625,952001,40000.0,-26152668.927945416,,,,,,,
-5.655315952301026,-0.353709234899026,-0.5580522880652362,-0.5785523476624178,0.0,756.4872805368548,-581.1725542928353,20,45962,964000,0.0003,57178.6875,113.64005279541016,-0.33573228120803833,113380944.0,67109.453125,954001,40000.0,-26152668.927945416,,,,,,,
5.003064777374268,-0.21051788144223552,0.5128927556439674,-0.05435713692812634,0.0,527.8657242995419,-387.99067919612406,20,46036,966000,0.0003,59290.46484375,120.8084945678711,-0.7509337067604065,86629272.0,36946.10546875,956001,40000.0,-26152668.927945416,,,,,,,
-18.24436518669129,-0.3592012215993839,0.1488494529693507,0.0734102465358725,0.0,196.9806672439579,-87.89472985762364,20,46109,968000,0.0003,50486.0703125,130.5039825439453,0.5863304734230042,152440064.0,43188.18359375,958001,40000.0,-26152668.927945416,,,,,,,
1.243376220703125,0.02007028462067318,0.16899223202848426,-0.06906264150451638,0.0,57.79752535974472,103.47605094204495,21,46182,970000,0.0003,51743.140625,131.1789093017578,0.7153292894363403,94478968.0,31284.990234375,960001,40000.0,-26152668.927945416,,,,,,,
10.094288524627688,0.17730039861272145,0.10524145394063303,-0.019860274720365168,0.0,26.178991369625205,80.49221081016435,21,46255,972000,0.0003,46480.3671875,125.21345520019531,0.07302536070346832,107421336.0,36783.7109375,962001,40000.0,-26152668.927945416,,,,,,,
-0.06088341712951756,0.07703798534083661,-0.25592805348395975,0.041636985901318764,0.0,42.95119977217334,86.38287739966816,21,46330,974000,0.0003,54235.33203125,112.02476501464844,0.5551292300224304,94125568.0,37377.7109375,964001,40000.0,-26152668.927945416,,,,,,,
8.989351535797129,0.10316050728249786,0.24445806581840912,0.10249794103427992,0.0,61.90945165353539,112.22289688140786,21,46403,976000,0.0003,64341.9296875,111.77409362792969,-0.41963666677474976,131339312.0,43341.0546875,966001,40000.0,-26152668.927945416,,,,,,,
4.537523094177242,0.007065023718534862,-0.3414392030142633,0.1259902627220363,0.0,86.73551666482653,107.22850609822905,21,46476,978000,0.0003,62874.3125,111.90528106689453,-0.030546337366104126,100089984.0,53275.671875,968001,40000.0,-26152668.927945416,,,,,,,
10.816282978057858,0.09693559887020649,0.3586365745502997,0.20551187759729894,0.0,145.4411602712492,132.00533583351734,21,46549,980000,0.0003,60685.953125,142.51808166503906,-0.15331429243087769,102753656.0,44755.66796875,970001,40000.0,-26152668.927945416,,,,,,,
4.233714500427257,0.04841196273476724,-0.18254457960110407,0.21359364208443166,0.0,110.26644735795215,242.0902342197888,21,46622,982000,0.0003,44620.3359375,137.83743286132812,-0.8162564039230347,106484384.0,35000.625,972001,40000.0,-26152668.927945416,,,,,,,
11.015102239608776,0.1701573743334174,0.12858354339514194,0.23700953119481796,0.0,119.22299949742764,-72.04302110959185,21,46695,984000,0.0003,50511.2734375,124.64105224609375,-0.27741721272468567,122105600.0,39161.34765625,974001,40000.0,-26152668.927945416,,,,,,,
1.2225523757934558,-0.12200754849267283,-0.09695446859716968,0.2511544973785545,0.0,292.7875027775726,171.66094859445917,21,46768,986000,0.0003,41909.890625,125.58257293701172,0.897764265537262,122412480.0,30708.669921875,976001,40000.0,-26152668.927945416,,,,,,,
-0.6522647762298568,0.03941018804297604,-0.0395646155133875,0.2749740966978005,0.0,318.9972142076016,190.9789672657291,21,46841,988000,0.0003,45214.48828125,105.82659149169922,-0.22584134340286255,140378624.0,53973.38671875,978001,40000.0,-26152668.927945416,,,,,,,
-10.736577671051016,-0.29924140523469683,-0.07001713002777256,0.24530434180146476,0.0,488.31940880670385,105.05844347371556,21,46914,990000,0.0003,56643.83984375,114.78048706054688,-0.6038864850997925,105436944.0,32521.763671875,980001,40000.0,-26152668.927945416,,,,,,,
-5.725329593658447,0.1665736842174791,0.24827530286891417,-0.3571192448495619,0.0,247.53188234581822,907.4268177953495,21,46987,992000,0.0003,54370.6484375,118.371337890625,-0.6936202645301819,102771232.0,36823.265625,982001,40000.0,-26152668.927945416,,,,,,,
-21.21749297904969,-0.446153764695111,-0.2351414085712345,0.4104487247265018,0.0,1196.8850268183019,-857.3852153320845,21,47059,994000,0.0003,39071.73046875,162.7740936279297,0.4665488302707672,143201024.0,38780.35546875,984001,40000.0,-26152668.927945416,,,,,,,
-20.145148414611832,-0.3355895457701971,-0.04777935137234522,0.25436767006853495,0.0,217.0004124038723,92.46160619636423,21,47132,996000,0.0003,45518.3203125,121.7845230102539,-0.6297633647918701,124517824.0,57901.01171875,986001,40000.0,-26152668.927945416,,,,,,,
-0.7557695236206061,-0.0044947007289197535,0.14165519335842497,0.03237563441084917,0.0,67.98353414802354,54.84264236244166,21,47205,998000,0.0003,42197.3125,129.5282745361328,-0.6586219072341919,83874864.0,26025.228515625,988001,40000.0,-26152668.927945416,,,,,,,
-10.949198289871218,-0.26545636725278837,-0.39468767786192127,0.10569008546379505,0.0,117.04966609616906,279.6098096935409,,,1000000,0.0003,45915.8125,123.40847778320312,0.10734744369983673,118165408.0,47966.61328125,990000,,,0.04300000000000003,0.0,40000.0,-16252.075140332163,3059.6857538393615,0.0,0.0
,,,,,,,20,48419,1000000,0.0003,41010.01953125,123.40111541748047,0.440224289894104,96730720.0,44867.65234375,990001,40000.0,-25625168.81739996,,,,,,,
