{
  "return_mean": 1550.6177947920346,
  "return_std": 34.107053015654294,
  "return_n": 8,
  "distance_m_mean": 74.05529269858462,
  "distance_m_std": 3.0680505028423073,
  "distance_m_n": 8,
  "duration_s_mean": 9.537750000000003,
  "duration_s_std": 0.3446787453557297,
  "duration_s_n": 8,
  "mean_speed_mps_mean": 7.7635580657331875,
  "mean_speed_mps_std": 0.11109332254127623,
  "mean_speed_mps_n": 8,
  "work_pos_J_mean": 18518.558759450734,
  "work_pos_J_std": 801.0424950831277,
  "work_pos_J_n": 8,
  "work_neg_J_mean": -1526.4975902205667,
  "work_neg_J_std": 130.956508619274,
  "work_neg_J_n": 8,
  "work_net_J_mean": 16992.061169230165,
  "work_net_J_std": 696.2464178634115,
  "work_net_J_n": 8,
  "work_abs_J_mean": 20045.0563496713,
  "work_abs_J_std": 912.6216619004136,
  "work_abs_J_n": 8,
  "mean_power_W_mean": 1781.2971545057358,
  "mean_power_W_std": 16.114032288895533,
  "mean_power_W_n": 8,
  "mean_abs_power_W_mean": 2100.978647271793,
  "mean_abs_power_W_std": 22.687541564984933,
  "mean_abs_power_W_n": 8,
  "control_cost_mean": 32.94839069448933,
  "control_cost_std": 1.4700581133006003,
  "control_cost_n": 8,
  "cost_of_transport_mean": 1.820842649820808,
  "cost_of_transport_std": 0.02656404098699602,
  "cost_of_transport_n": 8,
  "cost_of_transport_net_mean": 1.6708415298267238,
  "cost_of_transport_net_std": 0.01947950236128721,
  "cost_of_transport_net_n": 8,
  "return_per_joule_mean": 0.08386279083679614,
  "return_per_joule_std": 0.003485998864900611,
  "return_per_joule_n": 8,
  "return_per_joule_abs_mean": 0.07749454582736454,
  "return_per_joule_abs_std": 0.0034638223819093757,
  "return_per_joule_abs_n": 8,
  "gait_detected_mean": 1.0,
  "gait_detected_std": 0.0,
  "gait_detected_n": 8,
  "autocorr_peak_mean": 0.7954313639207021,
  "autocorr_peak_std": 0.06096933211119627,
  "autocorr_peak_n": 8,
  "stride_cv_mean": 0.09185420161895183,
  "stride_cv_std": 0.02320793148087476,
  "stride_cv_n": 8,
  "poincare_dispersion_mean": 1.2812340820654033,
  "poincare_dispersion_std": 0.34487557165582544,
  "poincare_dispersion_n": 8,
  "limb_plv_mean": 0.8915682677555823,
  "limb_plv_std": 0.0338311638447573,
  "limb_plv_n": 8,
  "stride_freq_hz_mean": 3.198358132106031,
  "stride_freq_hz_std": 0.14805579260755125,
  "stride_freq_hz_n": 8,
  "stride_period_s_mean": 0.3142440142493143,
  "stride_period_s_std": 0.00782937400031143,
  "stride_period_s_n": 8,
  "spectral_entropy_mean_mean": 0.7026751151770765,
  "spectral_entropy_mean_std": 0.026588080315778643,
  "spectral_entropy_mean_n": 8,
  "peak_power_frac_mean_mean": 0.8487290031784751,
  "peak_power_frac_mean_std": 0.021152020823200654,
  "peak_power_frac_mean_n": 8,
  "band_power_frac_mean_mean": 0.9832773821493301,
  "band_power_frac_mean_std": 0.002881502130043371,
  "band_power_frac_mean_n": 8,
  "n_strides_mean": 23.0,
  "n_strides_std": 1.6583123951777,
  "n_strides_n": 8
}