{
  "return_mean": 1045.2707856266452,
  "return_std": 309.94307732260074,
  "return_n": 8,
  "distance_m_mean": 52.47219859180085,
  "distance_m_std": 15.354180623372791,
  "distance_m_n": 8,
  "duration_s_mean": 9.884000000000002,
  "duration_s_std": 0.1776513439296193,
  "duration_s_n": 8,
  "mean_speed_mps_mean": 5.316526218269091,
  "mean_speed_mps_std": 1.5627814817561396,
  "mean_speed_mps_n": 8,
  "work_pos_J_mean": 19229.806342503405,
  "work_pos_J_std": 1802.5829058062593,
  "work_pos_J_n": 8,
  "work_neg_J_mean": -1675.0406488343197,
  "work_neg_J_std": 143.68522559162784,
  "work_neg_J_n": 8,
  "work_net_J_mean": 17554.765693669084,
  "work_net_J_std": 1918.1774378162547,
  "work_net_J_n": 8,
  "work_abs_J_mean": 20904.846991337727,
  "work_abs_J_std": 1691.3002305235989,
  "work_abs_J_n": 8,
  "mean_power_W_mean": 1775.658987166838,
  "mean_power_W_std": 185.62440989109746,
  "mean_power_W_n": 8,
  "mean_abs_power_W_mean": 2114.586520444907,
  "mean_abs_power_W_std": 159.77037281931183,
  "mean_abs_power_W_n": 8,
  "control_cost_mean": 33.76287823376654,
  "control_cost_std": 0.7097210419823354,
  "control_cost_n": 8,
  "cost_of_transport_mean": 3.762216739038976,
  "cost_of_transport_std": 3.787340506275087,
  "cost_of_transport_n": 8,
  "cost_of_transport_net_mean": 3.474945420515761,
  "cost_of_transport_net_std": 3.598154738763404,
  "cost_of_transport_net_n": 8,
  "return_per_joule_mean": 0.05593303952242061,
  "return_per_joule_std": 0.017666392390340225,
  "return_per_joule_n": 8,
  "return_per_joule_abs_mean": 0.051232508451288024,
  "return_per_joule_abs_std": 0.016071420344188212,
  "return_per_joule_abs_n": 8,
  "gait_detected_mean": 1.0,
  "gait_detected_std": 0.0,
  "gait_detected_n": 8,
  "autocorr_peak_mean": 0.6863257506529871,
  "autocorr_peak_std": 0.09049306210376543,
  "autocorr_peak_n": 8,
  "stride_cv_mean": 0.12003104264976971,
  "stride_cv_std": 0.05781825402503808,
  "stride_cv_n": 8,
  "poincare_dispersion_mean": 1.6834627114449154,
  "poincare_dispersion_std": 0.3788773415802055,
  "poincare_dispersion_n": 8,
  "limb_plv_mean": 0.82062577541408,
  "limb_plv_std": 0.06712335374308827,
  "limb_plv_n": 8,
  "stride_freq_hz_mean": 2.916266522428683,
  "stride_freq_hz_std": 0.8716481974661232,
  "stride_freq_hz_n": 8,
  "stride_period_s_mean": 0.3574363927038886,
  "stride_period_s_std": 0.05613459611390791,
  "stride_period_s_n": 8,
  "spectral_entropy_mean_mean": 0.7177566702836831,
  "spectral_entropy_mean_std": 0.0204125398982687,
  "spectral_entropy_mean_n": 8,
  "peak_power_frac_mean_mean": 0.8322930173613496,
  "peak_power_frac_mean_std": 0.027086191224906343,
  "peak_power_frac_mean_n": 8,
  "band_power_frac_mean_mean": 0.98344920406018,
  "band_power_frac_mean_std": 0.008304055794046694,
  "band_power_frac_mean_n": 8,
  "n_strides_mean": 22.0,
  "n_strides_std": 5.70087712549569,
  "n_strides_n": 8
}