{
  "return_mean": 741.5677131846967,
  "return_std": 16.56574804919552,
  "return_n": 8,
  "distance_m_mean": 74.30388577365808,
  "distance_m_std": 1.6676380557733657,
  "distance_m_n": 8,
  "duration_s_mean": 10.0,
  "duration_s_std": 0.0,
  "duration_s_n": 8,
  "mean_speed_mps_mean": 7.430388577365807,
  "mean_speed_mps_std": 0.16676380557733647,
  "mean_speed_mps_n": 8,
  "work_pos_J_mean": 19222.77964408372,
  "work_pos_J_std": 297.98893284836305,
  "work_pos_J_n": 8,
  "work_neg_J_mean": -1373.9052744496487,
  "work_neg_J_std": 66.88047672895163,
  "work_neg_J_n": 8,
  "work_net_J_mean": 17848.874369634068,
  "work_net_J_std": 350.5375699284825,
  "work_net_J_n": 8,
  "work_abs_J_mean": 20596.684918533367,
  "work_abs_J_std": 252.31768983531512,
  "work_abs_J_n": 8,
  "mean_power_W_mean": 1784.8874369634068,
  "mean_power_W_std": 35.05375699284828,
  "mean_power_W_n": 8,
  "mean_abs_power_W_mean": 2059.6684918533365,
  "mean_abs_power_W_std": 25.23176898353148,
  "mean_abs_power_W_n": 8,
  "control_cost_mean": 32.91821085224389,
  "control_cost_std": 0.30600973184072566,
  "control_cost_n": 8,
  "cost_of_transport_mean": 1.8840860237257866,
  "cost_of_transport_std": 0.02420540323404252,
  "cost_of_transport_n": 8,
  "cost_of_transport_net_mean": 1.7492748604483266,
  "cost_of_transport_net_std": 0.020739306681919603,
  "cost_of_transport_net_n": 8,
  "return_per_joule_mean": 0.03857563164662025,
  "return_per_joule_std": 0.00048778608199398537,
  "return_per_joule_n": 8,
  "return_per_joule_abs_mean": 0.03600182556258749,
  "return_per_joule_abs_std": 0.0005306839129698395,
  "return_per_joule_abs_n": 8,
  "gait_detected_mean": 1.0,
  "gait_detected_std": 0.0,
  "gait_detected_n": 8,
  "autocorr_peak_mean": 0.8719354043905458,
  "autocorr_peak_std": 0.05484262556229628,
  "autocorr_peak_n": 8,
  "stride_cv_mean": 0.06040896439537589,
  "stride_cv_std": 0.0175639009440053,
  "stride_cv_n": 8,
  "poincare_dispersion_mean": 1.13214771004039,
  "poincare_dispersion_std": 0.19713565376293657,
  "poincare_dispersion_n": 8,
  "limb_plv_mean": 0.895490817012207,
  "limb_plv_std": 0.02481946213785133,
  "limb_plv_n": 8,
  "stride_freq_hz_mean": 3.030303030303095,
  "stride_freq_hz_std": 0.0,
  "stride_freq_hz_n": 8,
  "stride_period_s_mean": 0.3143567953788723,
  "stride_period_s_std": 0.003658602252495534,
  "stride_period_s_n": 8,
  "spectral_entropy_mean_mean": 0.6899429379099111,
  "spectral_entropy_mean_std": 0.028772884389291598,
  "spectral_entropy_mean_n": 8,
  "peak_power_frac_mean_mean": 0.8537722519469257,
  "peak_power_frac_mean_std": 0.020764148008577638,
  "peak_power_frac_mean_n": 8,
  "band_power_frac_mean_mean": 0.9776238082066133,
  "band_power_frac_mean_std": 0.0010347779900197601,
  "band_power_frac_mean_n": 8,
  "n_strides_mean": 24.625,
  "n_strides_std": 0.4841229182759271,
  "n_strides_n": 8
}