{
  "return_mean": 636.2085881749829,
  "return_std": 108.1493520959342,
  "return_n": 8,
  "distance_m_mean": 63.7729041959458,
  "distance_m_std": 10.950318680971062,
  "distance_m_n": 8,
  "duration_s_mean": 10.0,
  "duration_s_std": 0.0,
  "duration_s_n": 8,
  "mean_speed_mps_mean": 6.37729041959458,
  "mean_speed_mps_std": 1.0950318680971063,
  "mean_speed_mps_n": 8,
  "work_pos_J_mean": 21397.22862146339,
  "work_pos_J_std": 639.8414992467209,
  "work_pos_J_n": 8,
  "work_neg_J_mean": -1939.9994636594229,
  "work_neg_J_std": 101.65016800908315,
  "work_neg_J_n": 8,
  "work_net_J_mean": 19457.229157803966,
  "work_net_J_std": 610.2996476381911,
  "work_net_J_n": 8,
  "work_abs_J_mean": 23337.228085122813,
  "work_abs_J_std": 683.3696962273295,
  "work_abs_J_n": 8,
  "mean_power_W_mean": 1945.7229157803965,
  "mean_power_W_std": 61.02996476381908,
  "mean_power_W_n": 8,
  "mean_abs_power_W_mean": 2333.7228085122815,
  "mean_abs_power_W_std": 68.33696962273291,
  "mean_abs_power_W_n": 8,
  "control_cost_mean": 33.86365493939029,
  "control_cost_std": 0.772612927360524,
  "control_cost_n": 8,
  "cost_of_transport_mean": 2.5462486249610423,
  "cost_of_transport_std": 0.6099766391927051,
  "cost_of_transport_n": 8,
  "cost_of_transport_net_mean": 2.3165699631531282,
  "cost_of_transport_net_std": 0.5630482022588458,
  "cost_of_transport_net_n": 8,
  "return_per_joule_mean": 0.029637336869522628,
  "return_per_joule_std": 0.004581244949758793,
  "return_per_joule_n": 8,
  "return_per_joule_abs_mean": 0.027165998056195517,
  "return_per_joule_abs_std": 0.004173235671125256,
  "return_per_joule_abs_n": 8,
  "gait_detected_mean": 1.0,
  "gait_detected_std": 0.0,
  "gait_detected_n": 8,
  "autocorr_peak_mean": 0.593291657541468,
  "autocorr_peak_std": 0.09823027066066922,
  "autocorr_peak_n": 8,
  "stride_cv_mean": 0.18783382142031071,
  "stride_cv_std": 0.18221285966303868,
  "stride_cv_n": 8,
  "poincare_dispersion_mean": 1.601049761121415,
  "poincare_dispersion_std": 0.4334708882123635,
  "poincare_dispersion_n": 8,
  "limb_plv_mean": 0.8421296359789643,
  "limb_plv_std": 0.27768574039853205,
  "limb_plv_n": 8,
  "stride_freq_hz_mean": 3.030303030303095,
  "stride_freq_hz_std": 0.0,
  "stride_freq_hz_n": 8,
  "stride_period_s_mean": 0.3386236361102384,
  "stride_period_s_std": 0.004062720721775855,
  "stride_period_s_n": 8,
  "spectral_entropy_mean_mean": 0.7409373325883135,
  "spectral_entropy_mean_std": 0.011908863334037383,
  "spectral_entropy_mean_n": 8,
  "peak_power_frac_mean_mean": 0.8026344591375838,
  "peak_power_frac_mean_std": 0.05090789956453586,
  "peak_power_frac_mean_n": 8,
  "band_power_frac_mean_mean": 0.9818962036795329,
  "band_power_frac_mean_std": 0.002674305344681186,
  "band_power_frac_mean_n": 8,
  "n_strides_mean": 22.5,
  "n_strides_std": 0.5,
  "n_strides_n": 8
}