{
  "return_mean": 1029.7218417343847,
  "return_std": 361.9609118183712,
  "return_n": 8,
  "distance_m_mean": 51.416985208378264,
  "distance_m_std": 18.393963105335622,
  "distance_m_n": 8,
  "duration_s_mean": 9.805500000000002,
  "duration_s_std": 0.18238626593030485,
  "duration_s_n": 8,
  "mean_speed_mps_mean": 5.228407301246885,
  "mean_speed_mps_std": 1.829729030168254,
  "mean_speed_mps_n": 8,
  "work_pos_J_mean": 23246.598494613987,
  "work_pos_J_std": 2328.6966922391257,
  "work_pos_J_n": 8,
  "work_neg_J_mean": -1465.7747779112947,
  "work_neg_J_std": 117.1672256667055,
  "work_neg_J_n": 8,
  "work_net_J_mean": 21780.823716702693,
  "work_net_J_std": 2417.544334168151,
  "work_net_J_n": 8,
  "work_abs_J_mean": 24712.373272525285,
  "work_abs_J_std": 2242.452291301473,
  "work_abs_J_n": 8,
  "mean_power_W_mean": 2218.5776688538645,
  "mean_power_W_std": 216.04552612602637,
  "mean_power_W_n": 8,
  "mean_abs_power_W_mean": 2517.8980415361766,
  "mean_abs_power_W_std": 194.9569508219038,
  "mean_abs_power_W_n": 8,
  "control_cost_mean": 35.25412893262585,
  "control_cost_std": 3.0479880666891024,
  "control_cost_n": 8,
  "cost_of_transport_mean": 3.9974773138602004,
  "cost_of_transport_std": 2.195626465193649,
  "cost_of_transport_n": 8,
  "cost_of_transport_net_mean": 3.732862181245906,
  "cost_of_transport_net_std": 2.033639030052535,
  "cost_of_transport_net_n": 8,
  "return_per_joule_mean": 0.043497656043453695,
  "return_per_joule_std": 0.013244479002919645,
  "return_per_joule_n": 8,
  "return_per_joule_abs_mean": 0.040939186507598105,
  "return_per_joule_abs_std": 0.012587820423229859,
  "return_per_joule_abs_n": 8,
  "gait_detected_mean": 1.0,
  "gait_detected_std": 0.0,
  "gait_detected_n": 8,
  "autocorr_peak_mean": 0.6775545411731262,
  "autocorr_peak_std": 0.1078072762246285,
  "autocorr_peak_n": 8,
  "stride_cv_mean": 0.2950295458861808,
  "stride_cv_std": 0.14996352161654036,
  "stride_cv_n": 8,
  "poincare_dispersion_mean": 2.1006126383823442,
  "poincare_dispersion_std": 0.37278694469641593,
  "poincare_dispersion_n": 8,
  "limb_plv_mean": 0.668239833624903,
  "limb_plv_std": 0.10453246905359999,
  "limb_plv_n": 8,
  "stride_freq_hz_mean": 3.526891245187069,
  "stride_freq_hz_std": 0.6839230194131682,
  "stride_freq_hz_n": 8,
  "stride_period_s_mean": 0.27623824986629025,
  "stride_period_s_std": 0.03258268269379162,
  "stride_period_s_n": 8,
  "spectral_entropy_mean_mean": 0.7325657468583655,
  "spectral_entropy_mean_std": 0.03221176195213514,
  "spectral_entropy_mean_n": 8,
  "peak_power_frac_mean_mean": 0.7837794508153682,
  "peak_power_frac_mean_std": 0.046471344809000295,
  "peak_power_frac_mean_n": 8,
  "band_power_frac_mean_mean": 0.9858688027240237,
  "band_power_frac_mean_std": 0.0036003439709408314,
  "band_power_frac_mean_n": 8,
  "n_strides_mean": 27.625,
  "n_strides_std": 3.998046397929869,
  "n_strides_n": 8
}