{
  "return_mean": 510.71525933500976,
  "return_std": 142.850576673924,
  "return_n": 8,
  "distance_m_mean": 51.04351633843679,
  "distance_m_std": 14.414117089599152,
  "distance_m_n": 8,
  "duration_s_mean": 10.0,
  "duration_s_std": 0.0,
  "duration_s_n": 8,
  "mean_speed_mps_mean": 5.104351633843678,
  "mean_speed_mps_std": 1.4414117089599152,
  "mean_speed_mps_n": 8,
  "work_pos_J_mean": 22741.717362174073,
  "work_pos_J_std": 1983.958048768764,
  "work_pos_J_n": 8,
  "work_neg_J_mean": -1705.442788658575,
  "work_neg_J_std": 138.38546166203443,
  "work_neg_J_n": 8,
  "work_net_J_mean": 21036.274573515497,
  "work_net_J_std": 1982.5135925375916,
  "work_net_J_n": 8,
  "work_abs_J_mean": 24447.16015083265,
  "work_abs_J_std": 1995.0238108732553,
  "work_abs_J_n": 8,
  "mean_power_W_mean": 2103.62745735155,
  "mean_power_W_std": 198.25135925375918,
  "mean_power_W_n": 8,
  "mean_abs_power_W_mean": 2444.716015083265,
  "mean_abs_power_W_std": 199.50238108732552,
  "mean_abs_power_W_n": 8,
  "control_cost_mean": 35.198420762923675,
  "control_cost_std": 2.2301885059164097,
  "control_cost_n": 8,
  "cost_of_transport_mean": 3.65289008254203,
  "cost_of_transport_std": 1.5851484828633668,
  "cost_of_transport_n": 8,
  "cost_of_transport_net_mean": 3.377429738618134,
  "cost_of_transport_net_std": 1.4754662306566395,
  "cost_of_transport_net_n": 8,
  "return_per_joule_mean": 0.022168946425637173,
  "return_per_joule_std": 0.005158623777444826,
  "return_per_joule_n": 8,
  "return_per_joule_abs_mean": 0.020618272978803087,
  "return_per_joule_abs_std": 0.004840722931698617,
  "return_per_joule_abs_n": 8,
  "gait_detected_mean": 1.0,
  "gait_detected_std": 0.0,
  "gait_detected_n": 8,
  "autocorr_peak_mean": 0.584239230040257,
  "autocorr_peak_std": 0.0907767884068664,
  "autocorr_peak_n": 8,
  "stride_cv_mean": 0.2729863513031489,
  "stride_cv_std": 0.09972441167604511,
  "stride_cv_n": 8,
  "poincare_dispersion_mean": 2.1908973656629,
  "poincare_dispersion_std": 0.29358881763897965,
  "poincare_dispersion_n": 8,
  "limb_plv_mean": 0.6396858476572466,
  "limb_plv_std": 0.2025526432642299,
  "limb_plv_n": 8,
  "stride_freq_hz_mean": 3.3459595959596675,
  "stride_freq_hz_std": 0.432806477298055,
  "stride_freq_hz_n": 8,
  "stride_period_s_mean": 0.2917528914293785,
  "stride_period_s_std": 0.03882116680013695,
  "stride_period_s_n": 8,
  "spectral_entropy_mean_mean": 0.7426703913432666,
  "spectral_entropy_mean_std": 0.03287654744623365,
  "spectral_entropy_mean_n": 8,
  "peak_power_frac_mean_mean": 0.7884323144732747,
  "peak_power_frac_mean_std": 0.03771238009292274,
  "peak_power_frac_mean_n": 8,
  "band_power_frac_mean_mean": 0.9795743238300006,
  "band_power_frac_mean_std": 0.004105148516021979,
  "band_power_frac_mean_n": 8,
  "n_strides_mean": 27.0,
  "n_strides_std": 4.55521678957215,
  "n_strides_n": 8
}