{
  "return_mean": 1280.6244625524746,
  "return_std": 45.10854425797578,
  "return_n": 8,
  "distance_m_mean": 63.86405580087755,
  "distance_m_std": 2.116142427616611,
  "distance_m_n": 8,
  "duration_s_mean": 9.821500000000002,
  "duration_s_std": 0.26017830424537725,
  "duration_s_n": 8,
  "mean_speed_mps_mean": 6.502879228157871,
  "mean_speed_mps_std": 0.1467860878437996,
  "mean_speed_mps_n": 8,
  "work_pos_J_mean": 20203.026573795913,
  "work_pos_J_std": 1170.7539207486477,
  "work_pos_J_n": 8,
  "work_neg_J_mean": -1952.3093444251977,
  "work_neg_J_std": 142.97622498937469,
  "work_neg_J_n": 8,
  "work_net_J_mean": 18250.71722937072,
  "work_net_J_std": 1219.4164823624408,
  "work_net_J_n": 8,
  "work_abs_J_mean": 22155.33591822111,
  "work_abs_J_std": 1138.084939828262,
  "work_abs_J_n": 8,
  "mean_power_W_mean": 1857.3322598167292,
  "mean_power_W_std": 97.27348722369257,
  "mean_power_W_n": 8,
  "mean_abs_power_W_mean": 2254.9447755778565,
  "mean_abs_power_W_std": 77.52151217927461,
  "mean_abs_power_W_n": 8,
  "control_cost_mean": 34.661906547093,
  "control_cost_std": 1.130004609793344,
  "control_cost_n": 8,
  "cost_of_transport_mean": 2.3031201683129376,
  "cost_of_transport_std": 0.10512913055671468,
  "cost_of_transport_n": 8,
  "cost_of_transport_net_mean": 2.080290566652339,
  "cost_of_transport_net_std": 0.11215179764142684,
  "cost_of_transport_net_n": 8,
  "return_per_joule_mean": 0.06362270950597232,
  "return_per_joule_std": 0.004584270947208774,
  "return_per_joule_n": 8,
  "return_per_joule_abs_mean": 0.057978053313964766,
  "return_per_joule_abs_std": 0.003929582631252302,
  "return_per_joule_abs_n": 8,
  "gait_detected_mean": 1.0,
  "gait_detected_std": 0.0,
  "gait_detected_n": 8,
  "autocorr_peak_mean": 0.5463088337960154,
  "autocorr_peak_std": 0.12708265089254142,
  "autocorr_peak_n": 8,
  "stride_cv_mean": 0.17201451496944606,
  "stride_cv_std": 0.05865121054364777,
  "stride_cv_n": 8,
  "poincare_dispersion_mean": 1.9796598557598182,
  "poincare_dispersion_std": 0.2985746050638678,
  "poincare_dispersion_n": 8,
  "limb_plv_mean": 0.8954940938680456,
  "limb_plv_std": 0.02731308454067845,
  "limb_plv_n": 8,
  "stride_freq_hz_mean": 2.684435325927975,
  "stride_freq_hz_std": 0.37597935060749343,
  "stride_freq_hz_n": 8,
  "stride_period_s_mean": 0.36239057516289536,
  "stride_period_s_std": 0.03887568009610943,
  "stride_period_s_n": 8,
  "spectral_entropy_mean_mean": 0.7238807221910455,
  "spectral_entropy_mean_std": 0.027470284577227243,
  "spectral_entropy_mean_n": 8,
  "peak_power_frac_mean_mean": 0.839056257566506,
  "peak_power_frac_mean_std": 0.03152403242417984,
  "peak_power_frac_mean_n": 8,
  "band_power_frac_mean_mean": 0.9853677637017244,
  "band_power_frac_mean_std": 0.0029828483135414387,
  "band_power_frac_mean_n": 8,
  "n_strides_mean": 20.875,
  "n_strides_std": 2.666341125962693,
  "n_strides_n": 8
}