{
  "return_mean": 431.1422639147836,
  "return_std": 195.678208778533,
  "return_n": 8,
  "distance_m_mean": 43.051666482895804,
  "distance_m_std": 19.818322720735562,
  "distance_m_n": 8,
  "duration_s_mean": 10.0,
  "duration_s_std": 0.0,
  "duration_s_n": 8,
  "mean_speed_mps_mean": 4.30516664828958,
  "mean_speed_mps_std": 1.9818322720735564,
  "mean_speed_mps_n": 8,
  "work_pos_J_mean": 19402.30797465949,
  "work_pos_J_std": 574.3871889156472,
  "work_pos_J_n": 8,
  "work_neg_J_mean": -1685.6971028274338,
  "work_neg_J_std": 84.3843930788988,
  "work_neg_J_n": 8,
  "work_net_J_mean": 17716.610871832054,
  "work_net_J_std": 627.5506098156158,
  "work_net_J_n": 8,
  "work_abs_J_mean": 21088.00507748692,
  "work_abs_J_std": 529.3986865222428,
  "work_abs_J_n": 8,
  "mean_power_W_mean": 1771.6610871832054,
  "mean_power_W_std": 62.75506098156156,
  "mean_power_W_n": 8,
  "mean_abs_power_W_mean": 2108.8005077486914,
  "mean_abs_power_W_std": 52.939868652224256,
  "mean_abs_power_W_n": 8,
  "control_cost_mean": 32.81522529059235,
  "control_cost_std": 0.9789863933891852,
  "control_cost_n": 8,
  "cost_of_transport_mean": 5.01558398118127,
  "cost_of_transport_std": 4.178553194191393,
  "cost_of_transport_n": 8,
  "cost_of_transport_net_mean": 4.586861295624752,
  "cost_of_transport_net_std": 3.825765471088635,
  "cost_of_transport_net_n": 8,
  "return_per_joule_mean": 0.022259660942137174,
  "return_per_joule_std": 0.01012021515446018,
  "return_per_joule_n": 8,
  "return_per_joule_abs_mean": 0.02045070004412549,
  "return_per_joule_abs_std": 0.009257668027761998,
  "return_per_joule_abs_n": 8,
  "gait_detected_mean": 1.0,
  "gait_detected_std": 0.0,
  "gait_detected_n": 8,
  "autocorr_peak_mean": 0.5755422675538424,
  "autocorr_peak_std": 0.1751065623619699,
  "autocorr_peak_n": 8,
  "stride_cv_mean": 0.28012293164513186,
  "stride_cv_std": 0.1668678586222919,
  "stride_cv_n": 8,
  "poincare_dispersion_mean": 2.117021771100586,
  "poincare_dispersion_std": 0.46819299621749944,
  "poincare_dispersion_n": 8,
  "limb_plv_mean": 0.556718790141455,
  "limb_plv_std": 0.2575789629244852,
  "limb_plv_n": 8,
  "stride_freq_hz_mean": 3.030303030303095,
  "stride_freq_hz_std": 0.0,
  "stride_freq_hz_n": 8,
  "stride_period_s_mean": 0.307169410892125,
  "stride_period_s_std": 0.06563203893844154,
  "stride_period_s_n": 8,
  "spectral_entropy_mean_mean": 0.7419322871316089,
  "spectral_entropy_mean_std": 0.02018630037578938,
  "spectral_entropy_mean_n": 8,
  "peak_power_frac_mean_mean": 0.7567855409737643,
  "peak_power_frac_mean_std": 0.0543533501745118,
  "peak_power_frac_mean_n": 8,
  "band_power_frac_mean_mean": 0.982021724372181,
  "band_power_frac_mean_std": 0.0053841371722642955,
  "band_power_frac_mean_n": 8,
  "n_strides_mean": 26.5,
  "n_strides_std": 6.48074069840786,
  "n_strides_n": 8
}