rollout/acrobot_xk_applied_torque,rollout/acrobot_xk_elbow_norm,rollout/acrobot_xk_elbow_rate_norm,rollout/acrobot_xk_energy_error_norm,rollout/acrobot_xk_homoclinic_capture,rollout/acrobot_xk_lyapunov,rollout/acrobot_xk_lyapunov_rate,time/fps,time/time_elapsed,time/total_timesteps,train/learning_rate,train/actor_loss,train/alpha,train/alpha_loss,train/critic_loss,train/fraction,train/n_updates,rollout/ep_len_mean,rollout/ep_rew_mean,eval/best_strict_capture_mean_max_duration,eval/best_strict_capture_success_rate,eval/mean_ep_length,eval/mean_reward,eval/std_reward,eval/strict_capture_mean_max_duration,eval/strict_capture_success_rate
-1.0356582898586058,-0.046711382397421036,0.1252043890169703,-0.9696314310839236,0.0,1242.9731728031388,185.10799771566207,2116,0,2000,0.0003,,,,,,,,,,,,,,,
-0.6244938695766041,-0.10532085213655491,-0.18519963501753056,-0.9685055912964582,0.0,1222.6460446798558,437.4273961993897,2119,1,4000,0.0003,,,,,,,,,,,,,,,
-0.5689981339462115,-0.004886327046163216,0.059342451028793874,-0.9875670608929097,0.0,1242.8551843431774,174.08120582133725,2126,2,6000,0.0003,,,,,,,,,,,,,,,
1.4547116296328615,0.1521004156005187,-0.10540833974510207,-0.9607553995430158,0.0,1252.2154456343071,199.7175864835321,2135,3,8000,0.0003,,,,,,,,,,,,,,,
-0.21945047794911102,-0.014238784094636364,0.33160983496207636,-0.9412586859510829,0.0,1246.4754455371922,-85.9300096867478,1412,7,10000,0.0003,-0.06900359690189362,1.0,-0.0,742221.4375,81.5118408203125,1,,,,,,,,,
4.39491126441955,0.24635050014121843,-0.09759906329383337,-0.9552350054046111,0.0,1135.6467625756616,92.84895009398599,156,76,12000,0.0003,18783.14453125,1.2465544939041138,0.03611457720398903,106585.8515625,1142.11376953125,2001,,,,,,,,,
-3.009439977645875,-0.12888185115192077,-0.43018567482754033,-0.9422464306726657,0.0,1156.7478050383945,-186.78858634744668,94,148,14000,0.0003,48609.6171875,1.594270944595337,-0.2471366673707962,19812.244140625,565.7012329101562,4001,,,,,,,,,
-8.905175144195557,-0.6671844309108591,-0.330680144632237,-0.7231998734776646,0.0,817.832142009359,-255.01722610525846,73,218,16000,0.0003,63921.39453125,3.4245846271514893,-1.275253176689148,67209.625,1324.464111328125,6001,,,,,,,,,
-4.33721211433411,0.25341400480679077,-0.8239373012542668,-0.34451447636097116,0.0,1181.8293608889305,834.1169886316287,62,288,18000,0.0003,76143.4765625,6.040180683135986,-1.7099417448043823,178666.78125,3027.525146484375,8001,,,,,,,,,
1.6442883758544917,0.12836170411395598,0.3687797668411121,-0.32479211767644317,0.0,1270.6022844953147,-641.9708228089443,55,358,20000,0.0003,81869.3515625,9.441652297973633,-0.3928830027580261,1384466.0,9081.705078125,10001,,,,,,,,,
5.501011713027954,0.6689591095271815,0.20486386803389112,-0.2567084570174288,0.0,682.7808670348905,-69.75104332746604,51,428,22000,0.0003,83110.5390625,10.533713340759277,-0.6438741683959961,329951.6875,3227.553466796875,12001,,,,,,,,,
6.062090641021735,0.5518883613830907,-0.19214534136099268,-0.5765855207468171,0.0,1056.5138848570737,469.8238474702611,48,498,24000,0.0003,84076.7890625,16.35635757446289,-0.8049973845481873,2090008.25,8131.1435546875,14001,,,,,,,,,
7.873088291168214,0.2661637052517748,-0.12816723874198516,-0.7199070297188083,0.0,1554.3377871813648,347.4825983857358,45,569,26000,0.0003,86034.15625,24.099668502807617,-0.5129420757293701,504422.53125,3589.470947265625,16001,,,,,,,,,
1.4516316108703615,0.047067677699185864,-0.15461374575354847,-0.7751121125608006,0.0,1922.546828322676,460.71362502892026,43,639,28000,0.0003,85994.2890625,30.25128746032715,0.5452280044555664,2522154.0,9305.265625,18001,,,,,,,,,
0.7955566463470464,0.16319478025309223,0.14305362921020925,-0.7993584447665039,0.0,1799.4437340898453,-282.7437460669804,42,709,30000,0.0003,89444.265625,20.060569763183594,0.06275729089975357,917020.625,4413.20458984375,20001,,,,,,,,,
9.43568872642517,0.4989124047028957,0.3777269366012642,-0.5938138674171838,0.0,1189.5990333443046,-1021.2464463386426,40,780,32000,0.0003,90435.15625,17.970674514770508,0.22007209062576294,1110257.0,6031.2802734375,22001,,,,,,,,,
10.28065056800843,0.7535873773876803,-0.12239175168175777,-0.48022282691812135,0.0,766.9096526021779,373.03520855123895,39,851,34000,0.0003,93025.15625,16.55262565612793,0.30450284481048584,447080.3125,2287.0498046875,24001,,,,,,,,,
15.139278293609626,0.6697270536670965,0.22099083331746083,-0.5387847445732733,0.0,942.3282072676799,-411.17056116274074,39,921,36000,0.0003,93785.2265625,17.778892517089844,-0.14828303456306458,340577.375,2416.639404296875,26001,,,,,,,,,
-17.104414548873955,-0.5299154758360134,0.4256299380566843,-0.33866942034997904,0.0,446.29665126674394,-188.79023202463608,38,995,38000,0.0003,84759.640625,31.00731658935547,0.06213421747088432,1208079.75,4902.06689453125,28001,,,,,,,,,
-5.5985754871368405,-0.5691415117273935,-0.15777542612023177,-0.5559608870643244,0.0,481.57777088506805,0.5036643664970754,37,1072,40000,0.0003,77661.015625,20.8729190826416,1.2219195365905762,1438624.25,6905.62060546875,30001,40000.0,-22507205.120087,,,,,,,
-3.1893054695129393,-0.16263956004076113,-0.1467435503208145,-0.9532715454131735,0.0,1143.7343846153215,-34.56474689217983,36,1149,42000,0.0003,82029.7109375,15.253687858581543,-0.11808087676763535,585697.25,2966.159912109375,32001,40000.0,-22507205.120087,,,,,,,
-2.24274384880066,-0.15128963545742294,0.015326451114782279,-0.9571650160160101,0.0,1125.5106667219138,46.58770158842279,35,1226,44000,0.0003,82687.8046875,24.1469783782959,0.3239750266075134,897328.625,3054.2890625,34001,40000.0,-22507205.120087,,,,,,,
-9.13198800468444,-0.4294256443741232,-0.42941161608717865,-0.8062213742827181,0.0,954.6291309954551,-463.19742009552357,35,1303,46000,0.0003,83090.3828125,29.432405471801758,-0.9425550699234009,935780.0,4473.39404296875,36001,40000.0,-22507205.120087,,,,,,,
1.4369376487731935,-0.801185233156061,0.17298409309687293,-0.4540118080797031,0.0,496.6127944049281,-333.1364226223388,34,1380,48000,0.0003,78693.46875,27.200725555419922,-0.10740645229816437,813694.25,5074.97412109375,38001,40000.0,-22507205.120087,,,,,,,
-12.026222251892083,-0.3911494462007863,0.055094830540623696,-0.39907374639559884,0.0,300.45463255471094,-101.7182928417117,34,1451,50000,0.0003,78403.8984375,24.255523681640625,-0.11497941613197327,698454.625,3114.60009765625,40001,40000.0,-22507205.120087,,,,,,,
-23.782331581115727,-0.7377954480616324,-0.2898347455397153,0.07123713472117722,0.0,254.2147612162705,366.28131907737264,34,1522,52000,0.0003,76235.5625,19.72455406188965,0.3265016973018646,2096186.0,12213.2685546875,42001,40000.0,-22507205.120087,,,,,,,
13.066906448364245,0.34091386913386845,-0.35741460051207585,0.2947045581639493,0.0,685.7412688803124,96.93038996259418,33,1593,54000,0.0003,77643.4921875,15.218778610229492,-0.31504908204078674,576570.25,3064.4951171875,44001,40000.0,-22507205.120087,,,,,,,
9.633820373535162,0.3041315928555441,-0.24342128154840062,-0.3635254543948858,0.0,1100.5786952572157,586.9952080775354,33,1663,56000,0.0003,81230.125,18.423015594482422,-0.40807396173477173,432737.53125,3079.222900390625,46001,40000.0,-22507205.120087,,,,,,,
17.794486244201618,0.40596837045434575,0.3301855008230556,-0.22418418451420766,0.0,979.0354931919026,-572.4373946152123,33,1734,58000,0.0003,75701.78125,27.042940139770508,0.8637396097183228,857654.25,4115.0537109375,48001,40000.0,-22507205.120087,,,,,,,
25.258340787887537,0.5176926676897607,-0.0869576042376817,0.18612624534016986,0.0,793.7604192419251,439.43581375880433,33,1806,60000,0.0003,74791.6640625,22.293607711791992,-0.11433115601539612,560481.5,3277.502685546875,50001,40000.0,-22507205.120087,,,,,,,
21.128168773651087,0.3918522286812381,-0.16342979405809852,0.47127692638721613,0.0,1174.8764610057037,239.47776579536887,33,1877,62000,0.0003,72669.3671875,31.341487884521484,-0.0249674990773201,1983440.625,12216.7080078125,52001,40000.0,-22507205.120087,,,,,,,
25.044610300064072,0.3347863691120743,-0.0979636756753139,0.7625927456069916,0.0,1614.1316132839179,219.31628090397297,32,1949,64000,0.0003,71835.546875,29.477968215942383,0.08774887025356293,657898.125,4486.54443359375,54001,40000.0,-22507205.120087,,,,,,,
31.146792877197317,0.32445737601232644,0.04129518066299763,0.9947508936928855,0.0,2106.334935872592,341.9338752383198,32,2021,66000,0.0003,74123.3515625,19.475112915039062,0.441113144159317,605850.875,3957.8564453125,56001,40000.0,-22507205.120087,,,,,,,
26.763036592483513,0.305251310775198,0.026478821902790595,0.8697061289618088,0.0,2067.9883780977043,-471.07902018446197,32,2093,68000,0.0003,78047.375,13.929104804992676,0.3206087052822113,433433.34375,2548.899658203125,58001,40000.0,-22507205.120087,,,,,,,
9.855116460800174,0.16971307944904543,-0.06346748627016736,0.31169452238833184,0.0,1152.9858519054014,-162.42020040854842,32,2166,70000,0.0003,79246.453125,22.14061164855957,-0.29734766483306885,847998.5,5073.8798828125,60001,40000.0,-22507205.120087,,,,,,,
6.879689319610594,0.14604094207348856,-0.14775829552809344,0.255072790793583,0.0,1139.6451758178987,273.52166178480866,32,2239,72000,0.0003,76558.8828125,24.590059280395508,0.17484818398952484,956590.625,3861.417236328125,62001,40000.0,-22507205.120087,,,,,,,
2.4329078807830755,0.19327918800920324,0.35153278591226766,0.19202085794597054,0.0,1103.1881897795663,-473.7192861141323,31,2313,74000,0.0003,75516.234375,21.099180221557617,-0.091878242790699,1153294.75,8240.1494140625,64001,40000.0,-22507205.120087,,,,,,,
20.849592613220207,0.3988646152500744,-0.06325029359492891,0.02826867830694352,0.0,796.6773839723805,39.18763169502095,31,2387,76000,0.0003,76030.578125,21.747940063476562,-0.12068284302949905,909261.75,5205.2978515625,66001,40000.0,-22507205.120087,,,,,,,
5.062258090972896,0.5864612651538981,0.16083938436263265,-0.06877625863808193,0.0,648.4279910535064,-122.71902136848806,31,2462,78000,0.0003,75430.15625,21.695213317871094,-0.1894219070672989,18540300.0,6482.3095703125,68001,40000.0,-22507205.120087,,,,,,,
15.007195627212532,0.6084137775645366,0.06665703685890599,-0.33523384082800617,0.0,737.4450407434232,30.488176576843667,31,2538,80000,0.0003,75481.390625,22.109941482543945,-0.16327498853206635,839340.375,3846.21533203125,70001,40000.0,-21637241.468229003,,,,,,,
-4.275222503662103,-0.20192861904740775,-0.17839051762769395,-0.9205675365571153,0.0,1066.9010406694617,-54.058372543908305,31,2615,82000,0.0003,73567.484375,22.10612678527832,-0.16491778194904327,635468.1875,4651.85107421875,72001,40000.0,-21637241.468229003,,,,,,,
-6.287607219696041,-0.33727836897721547,-0.19108712190356383,-0.8750162440110526,0.0,983.1460922342682,-149.72947007315577,31,2692,84000,0.0003,72561.1484375,21.441572189331055,-0.08144267648458481,756118.625,3090.468505859375,74001,40000.0,-21637241.468229003,,,,,,,
-8.346152826309197,-0.5226601397623608,0.06094309058233153,-0.7783948218063104,0.0,833.7724773644924,39.22545638129672,31,2769,86000,0.0003,72563.796875,22.75404167175293,-0.11712151765823364,863465.9375,4361.92626953125,76001,40000.0,-21637241.468229003,,,,,,,
-7.573866161346434,-0.46398394505105306,0.0037650060220834735,-0.8108923564864681,0.0,863.911595523798,-2.747520301286544,30,2848,88000,0.0003,72197.59375,22.718177795410156,-0.008159376680850983,703422.25,3152.981201171875,78001,40000.0,-21637241.468229003,,,,,,,
-9.597142496108996,-0.6265864892670746,-0.09841810846823483,-0.6781586438792054,0.0,708.6628181405606,-174.28541904611006,30,2926,90000,0.0003,74515.3125,19.655170440673828,0.19194847345352173,729836.4375,3633.4794921875,80001,40000.0,-21637241.468229003,,,,,,,
-9.50079235839844,-0.643935936547458,-0.0230038313426645,-0.6501871340924604,0.0,641.4141986721468,-104.26099480745836,30,3005,92000,0.0003,75894.7109375,17.016475677490234,-0.060553595423698425,780698.5,3503.486328125,82001,40000.0,-21637241.468229003,,,,,,,
-6.057980112075822,-0.7373786828749519,-0.17750868996924735,-0.3580836674388409,0.0,503.8525834319241,-80.99792336909702,30,3084,94000,0.0003,78367.578125,20.185400009155273,0.10129362344741821,648374.375,3444.23486328125,84001,40000.0,-21637241.468229003,,,,,,,
0.1496554756164549,-0.3146209943712203,0.6178323272764688,0.06255110078615285,0.0,232.58864372410324,-444.0365478699618,30,3163,96000,0.0003,78526.7265625,19.34283447265625,-0.3845548927783966,853675.375,6532.4150390625,86001,40000.0,-21637241.468229003,,,,,,,
-6.145380699157713,-0.13595251132025266,-0.18538055891315527,0.1456338996560977,0.0,90.77265164649907,126.5421907847108,30,3242,98000,0.0003,77494.46875,20.406864166259766,0.16548839211463928,668650.25,3745.1142578125,88001,40000.0,-21637241.468229003,,,,,,,
3.363952054977418,0.021096390624701564,0.1409857468358678,0.26069823915293483,0.0,223.1273490278353,944.8412119101488,,,100000,0.0003,74133.5078125,20.778060913085938,0.26487621665000916,2214454.25,11294.1025390625,90000,,,0.0,0.0,40000.0,-37429.61553653306,5345.362403346631,0.0,0.0
,,,,,,,22,4472,100000,0.0003,73728.4375,20.77743148803711,-0.09546078741550446,926897.75,3075.438720703125,90001,40000.0,-21637241.468229003,,,,,,,
-11.68284240913391,-0.23525195108092228,-0.07432703001102206,0.4294151591659409,0.0,319.47118906696926,-637.8080493665259,22,4551,102000,0.0003,71566.140625,20.570594787597656,0.35471922159194946,772008.9375,2998.677734375,92001,40000.0,-21637241.468229003,,,,,,,
-22.266274965286247,-0.2887505613386914,-0.07996242809204257,0.5593512737234129,0.0,425.3500004340911,205.1008145227144,22,4630,104000,0.0003,69345.7265625,17.928556442260742,0.2751457691192627,922617.375,5343.67919921875,94001,40000.0,-21637241.468229003,,,,,,,
-17.495488248825055,-0.21079733677717621,-0.04527214229894855,0.6318722588662623,0.0,548.8368451088684,535.9497111201887,22,4710,106000,0.0003,69083.5546875,19.175273895263672,0.4194929301738739,941787.4375,3610.107177734375,96001,40000.0,-21637241.468229003,,,,,,,
-24.31209578704829,-0.28049414078554263,-0.006360819761617701,0.8644188671112721,0.0,954.8976616845339,581.4056637374415,22,4789,108000,0.0003,69063.2734375,17.266620635986328,0.2696095108985901,1203078.125,3661.22900390625,98001,40000.0,-21637241.468229003,,,,,,,
-33.41008047485356,-0.3057045848064625,-0.00637957424068701,1.154151487395719,0.0,1683.6588550683152,914.4623043408935,22,4868,110000,0.0003,71573.109375,18.558895111083984,0.3389852046966553,1143106.0,4201.9443359375,100001,40000.0,-21637241.468229003,,,,,,,
-32.280497404098504,-0.27572116368332983,0.07564240079100223,1.289083617532003,0.0,2041.3149214228547,-460.9295528882403,22,4947,112000,0.0003,69617.453125,28.025949478149414,0.17914658784866333,1276106.0,3691.782470703125,102001,40000.0,-21637241.468229003,,,,,,,
17.924175004959125,0.09360596958309958,-0.033165084235512995,1.4651896030843912,0.0,4187.118783795289,-860.8806240540964,22,5026,114000,0.0003,61046.37109375,36.49492645263672,0.7382627725601196,3151169.75,11197.8671875,104001,40000.0,-21637241.468229003,,,,,,,
-28.99600082397464,-0.31091390035180005,-0.07389482467139595,1.0468008413519012,0.0,1657.608129272704,1667.2598194654868,22,5105,116000,0.0003,62313.8984375,28.596179962158203,-0.09861838817596436,2356952.75,6546.4345703125,106001,40000.0,-21637241.468229003,,,,,,,
-48.684038494110105,-0.3926422808190374,0.07188115838537146,1.294943868821862,0.0,2465.2542398442165,-1530.0083687087667,22,5184,118000,0.0003,59589.1484375,30.783588409423828,-0.0430021770298481,3262573.5,6814.5546875,108001,40000.0,-21637241.468229003,,,,,,,
-33.6832469100952,-0.3313987219876988,0.02188397865690203,0.9620129180956494,0.0,1173.1181435415924,-234.80122565000198,22,5263,120000,0.0003,64556.11328125,25.058631896972656,0.6687750220298767,1970770.75,4160.0966796875,110001,40000.0,-20711314.515317004,,,,,,,
9.052514871597298,0.1630335762190564,0.47558163316788576,-0.8784357077246046,0.0,1262.8076780847255,569.1008234806245,22,5342,122000,0.0003,62375.05078125,31.897031784057617,-2.5050230026245117,2361517.0,6323.86279296875,112001,40000.0,-20711314.515317004,,,,,,,
-17.897689105987535,-0.080796584143857,0.7060284818165079,1.18532484948041,0.0,9174.588176878517,1887.6835390360288,22,5421,124000,0.0003,58537.0859375,35.12335205078125,0.3957878053188324,2706281.25,5978.43896484375,114001,40000.0,-20711314.515317004,,,,,,,
3.1800803127288755,-0.24818849940865656,-0.7254616575316428,-0.10886178536882259,0.0,844.4373242775395,-3140.6943182524046,22,5499,126000,0.0003,57761.890625,34.7510871887207,-0.4283347427845001,3132222.0,7703.21142578125,116001,40000.0,-20711314.515317004,,,,,,,
17.650568012237546,0.6504691409690855,0.00045586903819115355,-0.20455930110379048,0.0,202.92094689622985,11.671577369159111,22,5578,128000,0.0003,51878.5859375,42.17920684814453,-0.6021085977554321,2289695.0,6255.6865234375,118001,40000.0,-20711314.515317004,,,,,,,
3.011772224426274,0.5156243433548844,-0.2038075058034692,-0.12172705665318441,0.0,121.39652020027461,-84.38246703962851,22,5657,130000,0.0003,51525.875,51.17279815673828,-0.0028056949377059937,3320288.5,5936.69970703125,120001,40000.0,-20711314.515317004,,,,,,,
15.364087593078665,0.45533642544357883,0.004742725302446186,0.03951032995534087,0.0,98.29570174724398,29.78734858576254,23,5736,132000,0.0003,39939.31640625,54.7326545715332,0.1002252995967865,6774673.0,12975.78125,122001,40000.0,-20711314.515317004,,,,,,,
1.6866328315734855,0.15329146577479322,-0.2622159055490102,0.10404181989875401,0.0,53.90002752429597,24.63693528036666,23,5814,134000,0.0003,32633.431640625,47.54572677612305,0.16678881645202637,4474387.0,12374.1162109375,124001,40000.0,-20711314.515317004,,,,,,,
2.0353001079559307,0.15431832834263992,0.1705529610147913,0.12453262492131274,0.0,42.89235874326247,135.16545084024872,23,5893,136000,0.0003,31605.923828125,45.65883255004883,0.8738340735435486,2864838.0,6841.25634765625,126001,40000.0,-20711314.515317004,,,,,,,
-7.697854215621955,0.012702163542565292,-0.368733627791817,0.19056475607806894,0.0,118.88503008063061,356.8850680038677,23,5971,138000,0.0003,37671.1171875,46.279624938964844,0.01308487355709076,4051874.5,12200.8056640625,128001,40000.0,-20711314.515317004,,,,,,,
-18.78122875404355,-0.3370335324854918,-0.13262844895623493,0.5218088024242837,0.0,401.80906389647066,943.4306108722634,23,6049,140000,0.0003,32646.703125,49.984413146972656,0.0843852311372757,3735911.75,8355.896484375,130001,40000.0,-20711314.515317004,,,,,,,
-26.70863006019589,-0.35810126156585653,0.1964214044028235,0.6867835963756069,0.0,683.5500597217314,-823.956563541701,23,6127,142000,0.0003,34735.78515625,45.96706771850586,-0.09816299378871918,5484557.0,11844.16015625,132001,40000.0,-20711314.515317004,,,,,,,
-9.390961446762091,-0.12762550440577494,0.07458315063750262,0.4255635641415219,0.0,236.3103800391382,-9.429093840037567,23,6206,144000,0.0003,36395.90625,42.37371063232422,0.35308095812797546,5418153.5,9327.03515625,134001,40000.0,-20711314.515317004,,,,,,,
-6.575957136154172,-0.08384434328044217,-0.048119336991866136,0.40998726105349476,0.0,215.02945385675443,230.03989090117796,23,6284,146000,0.0003,36501.03125,40.54981994628906,-0.1158551424741745,5500263.0,11582.7666015625,136001,40000.0,-20711314.515317004,,,,,,,
-5.8976207485198815,-0.15757028453456698,0.022644580713809148,0.4718238074343314,0.0,277.5463491173273,77.60619192831874,23,6362,148000,0.0003,39187.078125,37.14645767211914,0.3944512605667114,4705335.0,12112.8447265625,138001,40000.0,-20711314.515317004,,,,,,,
-12.673324684143067,-0.1958998846448489,-0.011495591008255087,0.5610497451690312,0.0,401.7851039880062,218.907036272431,23,6440,150000,0.0003,43668.0703125,29.297067642211914,-0.0766739696264267,4160098.0,10471.0693359375,140001,40000.0,-20711314.515317004,,,,,,,
-15.01537672233581,-0.17073942996032007,-0.03485413174670039,0.6423021866291341,0.0,526.4678726053164,277.69969548212424,23,6519,152000,0.0003,47632.53515625,29.074413299560547,-0.2951764464378357,3480027.75,6903.63427734375,142001,40000.0,-20711314.515317004,,,,,,,
-9.50265077590941,-0.11499073546174365,0.007156166863269747,0.7098903572100917,0.0,636.6073697023908,284.32067326466125,23,6597,154000,0.0003,49495.4609375,36.59780502319336,-0.34091275930404663,16440235.0,7361.0732421875,144001,40000.0,-20711314.515317004,,,,,,,
-5.456787792205814,-0.08053128174703471,0.10819652484660942,0.7646899528199755,0.0,718.3065391911596,54.727261097710596,23,6675,156000,0.0003,43273.28515625,40.947654724121094,-0.1370166689157486,3673059.5,7413.09375,146001,40000.0,-20711314.515317004,,,,,,,
-3.4584439659118633,-0.06292346723193847,0.026898104751836863,0.765884788631804,0.0,715.958019965314,109.84414051857375,23,6753,158000,0.0003,40525.2734375,42.493656158447266,-0.3191685378551483,2749199.5,6069.42626953125,148001,40000.0,-20711314.515317004,,,,,,,
-3.4425916786193898,-0.05431664954291334,-0.03637109435950084,0.7743358347988504,0.0,742.4158638633606,188.16703674199695,23,6837,160000,0.0003,40649.78515625,34.13361740112305,-0.1840939223766327,2412044.0,10994.3876953125,150001,40000.0,-18718490.927823503,,,,,,,
5.7746998710632305,0.5470311569769476,0.4464049244958921,-0.7577623696902446,0.0,991.5111866263962,-345.22358204080444,23,6915,162000,0.0003,45821.171875,24.645437240600586,-0.23123544454574585,1385475.75,4344.33837890625,152001,40000.0,-18718490.927823503,,,,,,,
9.028618028640746,0.603419956330877,-0.05362206373125132,-0.7869456067964106,0.0,855.9869490312498,52.69901844892583,23,6993,164000,0.0003,49280.98828125,21.729721069335938,0.15073363482952118,3444165.0,8283.455078125,154001,40000.0,-18718490.927823503,,,,,,,
9.133880985260003,0.5033830555407126,-0.0739696105049559,-0.8455631113594918,0.0,939.2102903149386,92.76332445054273,23,7071,166000,0.0003,55807.21875,23.30637550354004,0.1138075590133667,3005540.25,6301.70556640625,156001,40000.0,-18718490.927823503,,,,,,,
7.301663942337038,0.5060078313860246,0.027402192467907843,-0.8457764785215997,0.0,941.4451748179908,-29.87740523906037,23,7149,168000,0.0003,57929.4375,26.948705673217773,0.3759724497795105,4428960.0,16555.5703125,158001,40000.0,-18718490.927823503,,,,,,,
-0.5051881694793674,-0.027122910299528243,-0.6785198445365944,-0.7808600922254182,0.0,1664.8583857982512,22.881226218322116,23,7228,170000,0.0003,60727.1953125,30.21691131591797,-0.2712302803993225,2803704.0,7096.2158203125,160001,40000.0,-18718490.927823503,,,,,,,
0.6814760112762472,-0.20428809229163203,0.2066834214142894,-0.8467053601781802,0.0,1133.437187185494,562.85907308082,23,7307,172000,0.0003,59606.671875,25.210241317749023,0.2809038758277893,3863190.0,7545.08056640625,162001,40000.0,-18718490.927823503,,,,,,,
-6.245014848709105,-0.2922351135487183,-0.13158818940033054,-0.83114883127685,0.0,1025.9927892869136,-472.9736404731655,23,7388,174000,0.0003,61680.48046875,27.600730895996094,0.3901275098323822,4643898.0,7417.5673828125,164001,40000.0,-18718490.927823503,,,,,,,
-6.406550809860228,-0.3853309325213785,0.0555857869214361,-0.8131989429617204,0.0,846.8831906268293,23.906322298216704,23,7466,176000,0.0003,64310.96484375,25.090566635131836,0.6195877194404602,3117909.75,12150.7939453125,166001,40000.0,-18718490.927823503,,,,,,,
12.983487527847302,0.3663396482653949,0.7568230062825883,-0.4979073124179315,0.0,731.0952977983453,-651.4276571664187,23,7545,178000,0.0003,63556.35546875,28.55234718322754,-0.9224746227264404,4187492.0,8073.49560546875,168001,40000.0,-18718490.927823503,,,,,,,
11.0947938861847,0.6631524643405258,-0.19458577590858736,-0.12562055140252176,0.0,174.5249089368176,-7.751856333502461,23,7624,180000,0.0003,60119.69921875,29.600250244140625,0.09463031589984894,3717715.5,7230.12158203125,170001,40000.0,-18718490.927823503,,,,,,,
17.32532703399657,0.720201793792248,0.28633008373414937,-0.09226032770047253,0.0,259.8769090879352,92.71592912093173,23,7703,182000,0.0003,60575.5078125,26.258102416992188,0.24951070547103882,2788479.5,5834.60986328125,172001,40000.0,-18718490.927823503,,,,,,,
15.36403200531005,0.9140933133753368,-0.04610835405766664,0.002059195638425794,0.0,269.48402381594417,-10.011761542778048,23,7781,184000,0.0003,58822.17578125,31.28339195251465,0.22359055280685425,4792984.0,11486.455078125,174001,40000.0,-18718490.927823503,,,,,,,
11.544668354034426,0.8272083163857344,-0.08799400895319734,-0.14877982806142812,0.0,253.51251979984158,111.85116397552754,23,7860,186000,0.0003,59765.6171875,30.04169464111328,0.5511212348937988,3503509.5,6155.7236328125,176001,40000.0,-18718490.927823503,,,,,,,
5.597264926910402,0.42819350196965816,-0.4847635550197784,-0.44659698446296564,0.0,421.70548857033344,-97.56089095012682,23,7938,188000,0.0003,44726.39453125,56.04454803466797,-1.9741519689559937,8842309.0,20653.958984375,178001,40000.0,-18718490.927823503,,,,,,,
-4.069814540863039,-0.14398656933936274,-0.24228252008825563,-0.37320551566083054,0.0,221.8771802288528,16.79126591291134,23,8016,190000,0.0003,36425.1640625,53.56401062011719,0.3010369539260864,7832997.0,14223.5419921875,180001,40000.0,-18718490.927823503,,,,,,,
2.25995718383789,-0.03322977930941974,0.23129445794207928,-0.24088188635433583,0.0,128.0756899328568,62.23015956225017,23,8095,192000,0.0003,42050.078125,34.55178451538086,-0.19648456573486328,4452370.0,8725.494140625,182001,40000.0,-18718490.927823503,,,,,,,
0.9756782760620111,0.1067911609585865,0.15175833609356554,-0.22133047143319404,0.0,111.73341934246602,81.11360233266068,23,8173,194000,0.0003,45806.2421875,28.842390060424805,-0.03874337673187256,3251127.0,4983.791015625,184001,40000.0,-18718490.927823503,,,,,,,
-2.984413703918466,0.000734062963931799,-0.2909883553524196,-0.1439348897451959,0.0,73.0522532873657,39.83519384249192,23,8251,196000,0.0003,48167.6171875,29.887096405029297,0.027138344943523407,3117932.5,5595.61181640625,186001,40000.0,-18718490.927823503,,,,,,,
-8.35637792396545,-0.1677196047509168,0.12377746016679204,-0.1020816073919074,0.0,43.3744156019731,75.79095506788276,23,8326,198000,0.0003,50798.1328125,29.610124588012695,0.19295838475227356,4320500.0,16162.546875,188001,40000.0,-18718490.927823503,,,,,,,
-0.29099386596679755,0.16302816051556143,0.1450755827036358,-0.10940206580143909,0.0,43.56058978286423,45.261378752114574,,,200000,0.0003,51534.625,27.073150634765625,0.6034646034240723,3227775.5,6589.443359375,190000,,,0.002750000000000002,0.0,40000.0,-23562.927544286602,6374.256022255668,0.002750000000000002,0.0
,,,,,,,20,9552,200000,0.0003,52265.390625,27.06839370727539,0.3911745250225067,3303341.0,7924.6064453125,190001,40000.0,-17556097.598651603,,,,,,,
6.408535812377918,0.32615478833512734,0.33964096277253447,-0.8874831850826455,0.0,1052.6381585431295,-239.60131147385434,20,9628,202000,0.0003,54262.16796875,26.37066078186035,0.21455621719360352,2673532.5,5755.50390625,192001,40000.0,-17556097.598651603,,,,,,,
4.372063070297244,0.5106744956364742,-0.17728463232253844,-0.7973642794587344,0.0,912.4293057646642,242.80106862004348,21,9705,204000,0.0003,53863.03515625,24.81402015686035,0.6322029829025269,2720294.5,5178.625,194001,40000.0,-17556097.598651603,,,,,,,
7.3717179508209245,0.32532006825920345,0.14834279054468513,-0.8264533136947206,0.0,996.8554909133617,-229.56441571904222,21,9782,206000,0.0003,57063.765625,30.757984161376953,-0.5449503660202026,2644218.5,6924.94287109375,196001,40000.0,-17556097.598651603,,,,,,,
10.728077266693122,0.6334210911394291,0.26576461667959284,-0.6626616553294303,0.0,694.9159027269857,-295.83420408110834,21,9859,208000,0.0003,52054.05859375,35.26649856567383,0.2638000547885895,3516220.5,9359.03515625,198001,40000.0,-17556097.598651603,,,,,,,
-4.84027522850036,0.4195751399115678,-0.5015631352598512,-0.3719922254357959,0.0,448.1985227111487,-298.266024643694,21,9936,210000,0.0003,36983.08984375,65.91078186035156,0.004644148051738739,9404498.0,16406.66015625,200001,40000.0,-17556097.598651603,,,,,,,
0.057834819793700615,-0.09518898485384102,-0.07019411539230089,-0.3769018135592338,0.0,244.3147236703432,227.6081610445142,21,10013,212000,0.0003,38250.53515625,37.476470947265625,0.5815420746803284,6357512.0,9240.35546875,202001,40000.0,-17556097.598651603,,,,,,,
7.256265674591068,0.22262327397145365,0.19186025010565091,-0.31703149515826295,0.0,193.20462109601922,-89.77742059549949,21,10090,214000,0.0003,43283.91796875,29.169374465942383,-0.2850589156150818,4435888.0,6793.26123046875,204001,40000.0,-17556097.598651603,,,,,,,
8.869095657348621,0.4774681637503682,0.10675511139903295,0.035492305965126855,0.0,129.33381787854526,-98.80403063914063,21,10166,216000,0.0003,47429.6484375,32.50641632080078,-0.0489346981048584,4909307.5,10304.408203125,206001,40000.0,-17556097.598651603,,,,,,,
18.541174726486197,0.36914871239317093,-0.152072955022972,-0.0020647596985827574,0.0,69.26507821943545,-17.420331023460463,21,10243,218000,0.0003,41914.1328125,33.38575744628906,0.9189706444740295,6472418.0,10613.796875,208001,40000.0,-17556097.598651603,,,,,,,
-1.0621096935272205,-0.019630657077973287,-0.3370834553424343,-0.08484695452933692,0.0,59.33775415200039,119.54807976677618,21,10320,220000,0.0003,47342.2578125,25.075706481933594,-0.4886144995689392,6621247.0,7613.8291015625,210001,40000.0,-17556097.598651603,,,,,,,
-16.559664257049604,-0.3660410864398817,-0.07405863249117682,-0.06073473469749999,0.0,52.1299859921622,-7.10671561386406,21,10396,222000,0.0003,49648.28515625,27.748170852661133,0.528648316860199,3969977.75,7090.6904296875,212001,40000.0,-17556097.598651603,,,,,,,
1.0308916187286368,-0.1642908588505942,0.2273981200352271,-0.07362675764880458,0.0,46.58803714032497,24.719499492932748,21,10473,224000,0.0003,51372.40234375,27.743223190307617,0.5388298034667969,3716670.0,6934.46435546875,214001,40000.0,-17556097.598651603,,,,,,,
5.214738286972049,0.09611470998200243,0.14433280209684252,-0.046251366658091854,0.0,21.96561823022188,88.32367701648052,21,10550,226000,0.0003,52957.8984375,28.99551773071289,-0.5607954263687134,3983372.25,12376.36328125,216001,40000.0,-17556097.598651603,,,,,,,
4.146904647827142,0.12624053230501997,-0.16670368964417995,0.027400211415905353,0.0,52.426403739859374,77.31565537104828,21,10627,228000,0.0003,52112.81640625,33.11118698120117,0.32567304372787476,3764062.25,6812.15380859375,218001,40000.0,-17556097.598651603,,,,,,,
2.163434009552,-0.06376597358650142,0.07057400758614983,0.0517319493609039,0.0,34.01864727622111,95.96267349288938,21,10704,230000,0.0003,43933.0078125,38.634925842285156,0.45625928044319153,4557474.0,7310.88916015625,220001,40000.0,-17556097.598651603,,,,,,,
0.44987258911133005,0.02702661248926514,-0.029086571049975057,0.058031431356144025,0.0,31.269153787290673,307.05651884884736,21,10781,232000,0.0003,38144.62890625,56.28501892089844,-1.1763367652893066,4472352.0,9593.2197265625,222001,40000.0,-17556097.598651603,,,,,,,
1.7626595764160158,-0.15956261999586155,-0.008130661458264625,0.10475602127367124,0.0,87.36279783340788,-10.130733412527858,21,10857,234000,0.0003,35595.63671875,39.30428695678711,0.13474908471107483,6911378.0,15071.9091796875,224001,40000.0,-17556097.598651603,,,,,,,
-1.4683330135345458,-0.020641289959406513,-0.04265232583525553,0.12175552201932247,0.0,39.981195101657974,307.22453108859594,21,10934,236000,0.0003,32229.8515625,45.814056396484375,0.15668344497680664,9049506.0,14656.9541015625,226001,40000.0,-17556097.598651603,,,,,,,
0.3229793663024898,-0.11098191130705762,0.06308420567900169,0.19725868220657666,0.0,115.49435529193038,39.62108863845545,21,11010,238000,0.0003,28425.986328125,33.7635383605957,0.6705598831176758,4313355.0,8122.4287109375,228001,40000.0,-17556097.598651603,,,,,,,
-4.269873153686513,-0.04434930507045404,-0.030988817464266124,0.18776882601863476,0.0,68.32918349320664,161.2450431971454,21,11086,240000,0.0003,37414.61328125,25.36079216003418,0.19798721373081207,3294269.5,7082.99365234375,230001,40000.0,-15789731.970075669,,,,,,,
11.031809865951539,0.4956507551407699,0.5970566137074904,-0.6663006160391428,0.0,818.9529029681322,-608.9661719588198,21,11163,242000,0.0003,42636.66015625,28.138248443603516,0.24565589427947998,4767389.0,7354.81982421875,232001,40000.0,-15789731.970075669,,,,,,,
-10.514899911880498,0.6310594483268079,-0.5118913915536814,-0.13433536208731453,0.0,468.6824234951923,-394.0809392985232,21,11240,244000,0.0003,44629.82421875,29.827259063720703,0.3233833312988281,4554690.0,8359.7431640625,234001,40000.0,-15789731.970075669,,,,,,,
8.31520638847351,0.15668003338078373,0.085535668238436,0.0023921727736658832,0.0,20.159050235560112,53.00146153298677,21,11317,246000,0.0003,43000.328125,26.693803787231445,0.4985933303833008,5687028.5,8777.453125,236001,40000.0,-15789731.970075669,,,,,,,
4.357692712783819,0.1867012374098512,-0.17318067756594516,0.07370633379811453,0.0,44.385232560659894,42.04038951585459,21,11393,248000,0.0003,46502.23828125,29.42960548400879,0.0657729059457779,3735942.0,5458.20703125,238001,40000.0,-15789731.970075669,,,,,,,
4.035438737869265,0.06869026450469713,0.0968852229374688,0.09988212980419983,0.0,21.302532841439852,106.34118232322925,21,11470,250000,0.0003,41558.58203125,35.10014724731445,0.327872633934021,6563791.0,9030.1923828125,240001,40000.0,-15789731.970075669,,,,,,,
4.470226352691652,0.10204218216306989,-0.09990235052564954,0.11998002423702775,0.0,37.65104846294124,229.7318415900306,21,11547,252000,0.0003,35321.375,56.98945236206055,-1.211103081703186,4556131.5,12084.037109375,242001,40000.0,-15789731.970075669,,,,,,,
6.631588378906249,0.19861460603583253,0.22748873538483783,0.14450507616308494,0.0,64.15615600556815,70.54117414349085,21,11624,254000,0.0003,24712.447265625,50.2861213684082,1.6378364562988281,10299668.0,12633.2060546875,244001,40000.0,-15789731.970075669,,,,,,,
15.15367814064031,0.3202186804933563,-0.0753031042478921,0.30261752649763074,0.0,163.81128102144632,69.85776007104012,21,11700,256000,0.0003,27852.474609375,40.14003372192383,0.5981037020683289,3923665.25,9313.0361328125,246001,40000.0,-15789731.970075669,,,,,,,
17.23264834403995,0.2496700147332707,0.02895837403268525,0.3346675090276124,0.0,155.53592731144377,88.6498849418936,21,11777,258000,0.0003,30347.31640625,29.104686737060547,0.4029494822025299,3283810.0,5743.14501953125,248001,40000.0,-15789731.970075669,,,,,,,
11.336755077362058,0.25502993381479155,0.05896842257430434,0.3648790414327013,0.0,189.35617487376516,204.98902040948613,21,11853,260000,0.0003,35386.171875,28.252588272094727,0.5893564224243164,3335487.5,7833.34423828125,250001,40000.0,-15789731.970075669,,,,,,,
19.993734628677363,0.35386828562784395,0.02557000793975981,0.5090012179154122,0.0,352.50771195997953,67.73367069305071,21,11930,262000,0.0003,39302.4765625,28.329355239868164,-0.21108996868133545,2754134.5,6573.375,252001,40000.0,-15789731.970075669,,,,,,,
33.468045993805035,0.4204491059090614,0.03202275036324463,0.654335724453324,0.0,574.7815694819737,247.37026865562396,21,12007,264000,0.0003,39168.546875,26.70881462097168,0.1048068255186081,3372994.75,5640.25146484375,254001,40000.0,-15789731.970075669,,,,,,,
29.779364137649548,0.37266885220742224,-0.07421311765094377,0.589558335700488,0.0,484.65409031474826,-181.51425068315237,22,12084,266000,0.0003,43965.25390625,30.16380500793457,-0.12586548924446106,4026890.0,7250.5830078125,256001,40000.0,-15789731.970075669,,,,,,,
20.44060569381714,0.30030753738885413,-0.04001220741542833,0.4608923844271621,0.0,288.11836565264434,-133.44967612675538,22,12162,268000,0.0003,40957.07421875,25.841283798217773,-0.15496492385864258,3427880.5,6914.96875,258001,40000.0,-15789731.970075669,,,,,,,
11.162018472671503,0.21942295858016747,0.009912074571474309,0.40958201944142103,0.0,237.0723962512896,133.87171681657603,22,12240,270000,0.0003,36726.65234375,41.60309982299805,-0.5634498000144958,3707067.5,7125.283203125,260001,40000.0,-15789731.970075669,,,,,,,
11.58617446899414,0.22897621505624763,-0.023534933898669872,0.4849349026579107,0.0,346.6175299663741,45.0856304411596,22,12318,272000,0.0003,28008.333984375,51.89937210083008,-0.271337628364563,7656901.0,10759.0166015625,262001,40000.0,-15789731.970075669,,,,,,,
11.268253253936757,0.16775644398101977,-0.1943963619148955,0.4135015578913701,0.0,279.04309488149033,431.7317077284388,22,12396,274000,0.0003,16068.3330078125,52.90784454345703,0.9576644897460938,6460232.0,11080.4384765625,264001,40000.0,-15789731.970075669,,,,,,,
5.4224583206176735,-0.010096948725201307,0.12742448716949695,0.41805922268385587,0.0,264.76930708040334,-41.96415984078202,22,12474,276000,0.0003,15156.5625,52.652183532714844,0.4263855814933777,4769811.0,7452.76416015625,266001,40000.0,-15789731.970075669,,,,,,,
6.844785781860373,0.11948105944122361,-0.07051095584551326,0.5907379184503218,0.0,488.0022282418864,201.79720351150723,22,12552,278000,0.0003,17556.0,37.994144439697266,0.18272674083709717,3752278.0,6705.1171875,268001,40000.0,-15789731.970075669,,,,,,,
19.33259853553775,0.19874907097582725,0.0810791863483333,0.9969132727085951,0.0,1580.10323952178,969.2426399545061,22,12630,280000,0.0003,21410.791015625,32.696746826171875,0.6586639881134033,5249732.0,9900.0458984375,270001,40000.0,-14822014.479261002,,,,,,,
-1.1850700378417982,-0.07417450989099723,-0.013215323747991508,-0.9832710928329652,0.0,1184.7556242056564,101.93515018796839,22,12708,282000,0.0003,29414.677734375,22.128822326660156,-0.17140188813209534,3304446.0,7546.07861328125,272001,40000.0,-14822014.479261002,,,,,,,
-3.5835912342071516,-0.2612640896288166,-0.5086367570892761,-0.8576367658701353,0.0,1108.1537118432495,-482.77067667978747,22,12785,284000,0.0003,35122.33203125,25.940841674804688,-0.1424402892589569,3133251.0,5788.33447265625,274001,40000.0,-14822014.479261002,,,,,,,
-5.562987869262695,-0.3003914393026829,-0.3222640440204289,-0.5700492998519517,0.0,717.4977873656991,343.8034181302927,22,12864,286000,0.0003,39481.99609375,28.936946868896484,-0.543440043926239,3628086.5,6431.03125,276001,40000.0,-14822014.479261002,,,,,,,
16.311185058593722,0.6811890336646411,0.17361940980850615,-0.6195794407154412,0.0,1049.8419851795495,-424.25185773204134,22,12942,288000,0.0003,41906.71875,25.80643081665039,0.07227127254009247,4910815.0,8408.4453125,278001,40000.0,-14822014.479261002,,,,,,,
6.2784848957061765,-0.6683717842959875,0.3489118158325988,-0.21221067612279418,0.0,253.34966394133411,-473.8710285173867,22,13021,290000,0.0003,38428.98046875,37.97595977783203,-0.35719430446624756,4871013.0,11613.837890625,280001,40000.0,-14822014.479261002,,,,,,,
-8.614321420669564,-0.5190724174219188,-0.055918240170726836,-0.07916352475254823,0.0,126.91186436634541,206.19881729150768,22,13099,292000,0.0003,37069.3671875,32.735137939453125,-0.23030512034893036,5805700.0,9528.986328125,282001,40000.0,-14822014.479261002,,,,,,,
-6.738718139648431,-0.21371074646863208,0.4787141539339302,-0.3321047412036657,0.0,284.06990934424516,-102.08419591440995,22,13176,294000,0.0003,34450.05859375,35.230712890625,0.33386752009391785,3835135.0,8695.4775390625,284001,40000.0,-14822014.479261002,,,,,,,
8.293516775131229,0.18840931115582177,0.06687967972269998,-0.3093923601338582,0.0,144.48347917234187,53.065471982965626,22,13253,296000,0.0003,32977.671875,31.233623504638672,0.08982042223215103,4667430.0,8045.31591796875,286001,40000.0,-14822014.479261002,,,,,,,
-2.8903588314056377,0.12253934577121851,-0.22535771533731497,-0.27618710871449675,0.0,125.19659907284212,25.116834742408706,22,13330,298000,0.0003,31973.693359375,29.84438133239746,0.24020379781723022,3512774.5,5862.611328125,288001,40000.0,-14822014.479261002,,,,,,,
-4.678819185256957,-0.10257108179023101,0.10737142213938312,-0.20741648673741694,0.0,94.77561730419532,86.8645679591501,,,300000,0.0003,33564.66015625,29.510759353637695,-0.07489361613988876,3306432.0,9268.1357421875,290000,,,0.002750000000000002,0.0,40000.0,-122526.11921035415,122170.72503232208,0.0,0.0
,,,,,,,20,14588,300000,0.0003,35792.63671875,29.508865356445312,-0.13709895312786102,5351876.0,13557.7568359375,290001,40000.0,-14822014.479261002,,,,,,,
-2.5089964370727422,0.5084233631359009,0.471549535189222,-0.1981126873690943,0.0,289.1661367780081,201.50466319622942,20,14666,302000,0.0003,34841.45703125,27.606779098510742,-0.08862362802028656,3924029.0,8088.29150390625,292001,40000.0,-14822014.479261002,,,,,,,
10.337950260162346,0.5188061762404722,-0.3054226671037866,-0.5482813436653012,0.0,566.1508715856986,492.77322498388963,20,14744,304000,0.0003,34535.8984375,27.804248809814453,-0.34371131658554077,4110458.0,8386.59765625,294001,40000.0,-14822014.479261002,,,,,,,
2.7335941925048783,0.16436718329601455,-0.09108885162860293,-0.6748294855432873,0.0,845.5104743951181,15.34901497849904,20,14823,306000,0.0003,37138.53125,26.175945281982422,0.2148919403553009,3803608.0,8313.9794921875,296001,40000.0,-14822014.479261002,,,,,,,
7.435501535415641,0.34269925374735044,0.11581704921779166,-0.6623504289751593,0.0,604.2365663180613,-37.426984581811276,20,14901,308000,0.0003,35468.33203125,25.287174224853516,0.4351470470428467,3310386.25,8554.853515625,298001,40000.0,-14822014.479261002,,,,,,,
4.72649921226502,0.558723284495542,0.05791094141175604,-0.35505055990434425,0.0,377.6702868511991,-486.64496085664507,20,14979,310000,0.0003,41712.75,26.65331268310547,-0.1354648619890213,3501952.5,7660.45654296875,300001,40000.0,-14822014.479261002,,,,,,,
7.5700547237396245,0.32726525031779147,-0.02254680282630601,-0.10558508755840004,0.0,190.46796679168497,-58.33203519978603,20,15057,312000,0.0003,42658.48046875,28.474332809448242,0.08209178596735,5028532.5,10890.80859375,302001,40000.0,-14822014.479261002,,,,,,,
7.539458103179927,0.428698463169979,-0.03224772223703545,-0.019095489893048233,0.0,67.54622952022056,-8.311577588728541,20,15135,314000,0.0003,38007.03125,29.257719039916992,-0.1743047684431076,6205543.5,9242.8876953125,304001,40000.0,-14822014.479261002,,,,,,,
15.277366847991932,0.40327106212247,0.10486864048789087,0.08810377361156112,0.0,82.98111118180174,118.19333538693019,20,15213,316000,0.0003,39163.4140625,30.986778259277344,-0.45855557918548584,6172462.0,14172.1767578125,306001,40000.0,-14822014.479261002,,,,,,,
13.83873951148986,0.4336363310819727,-0.15609721905520207,0.2398337502695751,0.0,168.68177890071127,-1.5950213644640217,20,15290,318000,0.0003,39997.63671875,31.44314956665039,-0.08840040862560272,6163262.5,12885.0048828125,308001,40000.0,-14822014.479261002,,,,,,,
38.701062517166235,0.44961616580996405,-0.03714690753130867,0.7370577317409606,0.0,989.9110335907717,187.7892164910891,20,15368,320000,0.0003,32168.138671875,39.34067153930664,-0.15564082562923431,4803434.0,6401.0146484375,310001,40000.0,-14392966.231807373,,,,,,,
4.777806983947745,0.4614207179495596,0.4748858351469025,-0.7249697541749295,0.0,1207.6610112671542,-291.2677451651939,20,15446,322000,0.0003,33112.0078125,29.604393005371094,0.13256749510765076,6236866.0,9924.451171875,312001,40000.0,-14392966.231807373,,,,,,,
4.6747782764435275,0.28855967690517387,0.6202268886079104,-0.22976141635887512,0.0,1389.9924653990172,276.36475010425727,20,15525,324000,0.0003,39214.03125,30.260238647460938,-0.1473635733127594,3940925.75,6912.8583984375,314001,40000.0,-14392966.231807373,,,,,,,
-15.711380552291907,-0.7474103661978527,-0.1555181249333835,0.09843684294801812,0.0,671.8630284527203,-343.77727536492023,20,15603,326000,0.0003,41221.29296875,30.82215118408203,0.20716050267219543,6596742.0,9597.525390625,316001,40000.0,-14392966.231807373,,,,,,,
-32.1082342662811,-0.521918215897107,0.05990864297669071,0.25591410945997944,0.0,1054.5497062987538,340.2346827082957,20,15682,328000,0.0003,39959.34765625,32.623294830322266,-1.092956304550171,4949502.5,7092.8466796875,318001,40000.0,-14392966.231807373,,,,,,,
-33.65537853622435,-0.5960762853956607,-0.1293874864812004,0.32936653083021694,0.0,1178.6672429305124,-421.8650860091889,20,15760,330000,0.0003,43624.95703125,28.0040340423584,0.7619341015815735,6015724.0,10719.94921875,320001,40000.0,-14392966.231807373,,,,,,,
-24.139319931030272,-0.6698602199580374,0.0705763088748461,0.0006603937323752469,0.0,577.4141960071122,-7.822449016882648,20,15838,332000,0.0003,46730.5546875,23.964824676513672,-0.14412273466587067,5638445.0,7330.50927734375,322001,40000.0,-14392966.231807373,,,,,,,
-19.565493904113758,-0.694709837470803,-0.05523205218207219,-0.04553765852108815,0.0,568.5167521617624,-10.17735732499037,20,15916,334000,0.0003,48706.34765625,26.54167366027832,-0.3010987341403961,4720393.0,7915.43994140625,324001,40000.0,-14392966.231807373,,,,,,,
-5.237668388366689,-0.7440330738241253,-0.06877798969622939,-0.14902192814148654,0.0,547.9886245505812,14.379148857531568,21,15994,336000,0.0003,47146.67578125,25.602764129638672,-0.046937245875597,3819122.5,9048.880859375,326001,40000.0,-14392966.231807373,,,,,,,
-16.58205762100214,-0.7918035287079952,-0.044119069889553594,-0.3007179524217863,0.0,563.7737096690106,12.558977654683007,21,16073,338000,0.0003,46607.72265625,26.944671630859375,0.14951205253601074,4348412.0,5983.28515625,328001,40000.0,-14392966.231807373,,,,,,,
8.0090056705475,0.2287330926139397,-0.06810195513047723,-0.4132950329830599,0.0,561.2036979208374,-25.139462910676095,21,16151,340000,0.0003,46145.94140625,32.574214935302734,-0.17886494100093842,6016633.0,12933.8203125,330001,40000.0,-14392966.231807373,,,,,,,
-1.8806703586578368,0.8434179965091054,-0.12217483066742336,-0.34854328071363494,0.0,424.84064225725626,-101.09401322177351,21,16229,342000,0.0003,43927.96875,25.858182907104492,-0.5375850200653076,4082644.0,7881.82763671875,332001,40000.0,-14392966.231807373,,,,,,,
5.810912542343136,0.78669915078461,-0.22003430028351298,-0.3599065734104295,0.0,430.77639749405404,-201.5012161962472,21,16307,344000,0.0003,38130.8359375,42.188812255859375,-0.7573935985565186,8593760.0,9965.3154296875,334001,40000.0,-14392966.231807373,,,,,,,
-1.0135695075988784,0.2503447651041376,-0.3110760289505585,-0.1268397244642899,0.0,113.30923928476271,-57.92132824809255,21,16385,346000,0.0003,35239.15234375,32.28061294555664,0.0925600603222847,4973036.0,6246.95068359375,336001,40000.0,-14392966.231807373,,,,,,,
1.6065089168548594,0.04628073536989797,0.022910680453316196,-0.11430791796657344,0.0,72.98497322542298,6.833690820941889,21,16463,348000,0.0003,36337.96484375,28.149394989013672,-0.565913200378418,3563328.5,7557.2744140625,338001,40000.0,-14392966.231807373,,,,,,,
1.341104986190796,0.04522072949954381,-0.0768569731342445,-0.10867352983287906,0.0,18.045181046989832,118.10021809935203,21,16541,350000,0.0003,29684.18359375,31.395671844482422,-0.32932034134864807,4514879.5,6771.0517578125,340001,40000.0,-14392966.231807373,,,,,,,
-0.44816570281982554,0.02184151582442389,0.10841100011574878,-0.11884407765500099,0.0,40.01341154865151,185.97411189755283,21,16619,352000,0.0003,34048.8828125,30.732078552246094,-0.389346182346344,2977741.5,5177.5302734375,342001,40000.0,-14392966.231807373,,,,,,,
-7.020340673446653,0.3456323950157615,0.188428048330956,-0.17944028498906806,0.0,105.02563750564255,275.89683673444864,21,16696,354000,0.0003,30501.83984375,30.900394439697266,0.6282637119293213,5530035.0,8866.9560546875,344001,40000.0,-14392966.231807373,,,,,,,
15.677236742019653,0.32452483981554503,-0.01788412491181184,-0.17604526172651921,0.0,125.12943779202593,-248.73152523338047,21,16774,356000,0.0003,34338.21875,31.020751953125,0.4598134756088257,5425530.0,12051.3046875,346001,40000.0,-14392966.231807373,,,,,,,
-1.8336390647888157,0.33866603969606096,-0.07760146711121721,-0.07523912780919345,0.0,47.730074057331834,8.86944073609892,21,16853,358000,0.0003,34957.578125,29.696653366088867,-0.033717602491378784,4567237.0,7491.49658203125,348001,40000.0,-14392966.231807373,,,,,,,
-0.890039793014523,0.24630281067774007,-0.09548422010152788,-0.06645979103822437,0.0,37.407585215341975,1.0695409445998263,21,16931,360000,0.0003,33238.0703125,30.06938362121582,0.4164321720600128,6686256.0,11522.681640625,350001,40000.0,-14079130.53691611,,,,,,,
-1.7308541831970214,-0.15743478328609206,-0.14144560587820446,-0.9320820865723419,0.0,1266.258460924789,128.0464220387113,21,17009,362000,0.0003,40225.484375,30.730562210083008,-0.21638715267181396,5122846.0,7871.353515625,352001,40000.0,-14079130.53691611,,,,,,,
-8.428556529998788,-0.6461092959123962,-0.46589737135491377,-0.6554997991890503,0.0,830.879517092826,-579.976120528343,21,17087,364000,0.0003,38997.10546875,29.86775016784668,-0.045031577348709106,6189736.0,10282.912109375,354001,40000.0,-14079130.53691611,,,,,,,
4.581082845687857,-0.8426980071707031,0.17656685637000152,-0.5120735973153852,0.0,561.6164224933065,-117.19967821448756,21,17165,366000,0.0003,37234.15234375,29.1868839263916,0.11618749052286148,4281392.0,10035.099609375,356001,40000.0,-14079130.53691611,,,,,,,
-3.074123115539541,-0.15126166278132508,0.5647909708403014,-0.6436151308000568,0.0,673.2464552517367,184.99228185447237,21,17243,368000,0.0003,38967.109375,30.88483238220215,0.40527015924453735,7101877.0,12329.34765625,358001,40000.0,-14079130.53691611,,,,,,,
3.0457097225189207,0.016288395515211346,-0.8075247131161198,-0.22191766741923588,0.0,1119.9342795954055,9.361737598976662,21,17321,370000,0.0003,35921.74609375,30.440004348754883,-0.3907701373100281,4508137.5,7762.9921875,360001,40000.0,-14079130.53691611,,,,,,,
-0.14261835670470946,-0.2365384515741907,0.888415430125769,0.14445529025385911,0.0,458.37248633273634,-484.3958055150017,21,17399,372000,0.0003,35632.09765625,39.019779205322266,-0.24647054076194763,7056944.0,11012.8876953125,362001,40000.0,-14079130.53691611,,,,,,,
12.47516017913821,0.2921949274864455,-0.11774162576527797,0.13309020472716213,0.0,64.74359561839209,25.43344915323361,21,17477,374000,0.0003,26249.634765625,45.988258361816406,0.8377077579498291,7762390.0,9152.5400390625,364001,40000.0,-14079130.53691611,,,,,,,
2.312196342468261,0.10859679137694961,0.05511884781952535,0.13417686736776652,0.0,50.44418633823493,152.09206763047325,21,17555,376000,0.0003,28094.177734375,31.71519660949707,-0.24889937043190002,7170637.0,10828.7509765625,366001,40000.0,-14079130.53691611,,,,,,,
12.267140676498391,0.2731572412862186,-0.09279337959040013,0.3515945521570717,0.0,218.14275551688414,171.3667999507108,21,17633,378000,0.0003,25459.78515625,39.14619827270508,0.530188262462616,7819953.0,9199.8955078125,368001,40000.0,-14079130.53691611,,,,,,,
0.5426884574890134,0.014209978236356141,0.02440006242134639,0.36888310198831126,0.0,195.14301844966835,211.50522938986316,21,17712,380000,0.0003,21542.966796875,48.32759094238281,0.20169776678085327,9776980.0,9547.0,370001,40000.0,-14079130.53691611,,,,,,,
-0.9081724491119388,0.05841825522369682,-0.05926834730247124,0.44257819267469806,0.0,303.54791132986423,283.84235341921914,21,17790,382000,0.0003,17631.744140625,40.101112365722656,0.6264851093292236,11226272.0,18388.73046875,372001,40000.0,-14079130.53691611,,,,,,,
9.016194658279415,0.15998975326199738,-0.09145654350985724,0.6140561726675743,0.0,557.2009130692234,330.384932426928,21,17868,384000,0.0003,12647.255859375,53.459190368652344,0.20958267152309418,7718487.0,12174.1064453125,374001,40000.0,-14079130.53691611,,,,,,,
3.5990687866210935,0.07544643754451581,0.2002109975306521,0.6804833577900771,0.0,655.1490723297982,335.79322987626745,21,17946,386000,0.0003,13511.982421875,36.9737434387207,-0.029085222631692886,7254209.0,13120.7314453125,376001,40000.0,-14079130.53691611,,,,,,,
-4.4364577922821065,-0.030557603780905555,-0.15457296914158533,0.7169229465636524,0.0,674.4335692022111,-36.53887090346459,21,18023,388000,0.0003,17128.501953125,41.96794128417969,0.5612683296203613,6420608.0,7606.0458984375,378001,40000.0,-14079130.53691611,,,,,,,
-14.941687200546268,-0.14151337433450348,-0.1544384971014422,0.7741142342098527,0.0,772.881911164062,432.28498542245717,21,18101,390000,0.0003,19399.4921875,41.70328140258789,-1.4822059869766235,8025445.0,12510.5576171875,380001,40000.0,-14079130.53691611,,,,,,,
-12.048994626998892,-0.1672619051664679,0.11957720172936474,0.8196931609771283,0.0,876.9237255193805,560.3582168799829,21,18178,392000,0.0003,17360.494140625,34.81686019897461,0.8078590631484985,5844267.0,7795.96044921875,382001,40000.0,-14079130.53691611,,,,,,,
0.22933764266967882,0.02055092360406059,0.02548741743779071,0.7120692675677737,0.0,693.556952956623,-509.97781759882395,21,18257,394000,0.0003,27734.7578125,28.541484832763672,-0.7982699275016785,5685308.0,11744.984375,384001,40000.0,-14079130.53691611,,,,,,,
-3.5091518630981446,-0.025506898454468376,0.10611789788369595,0.7457174103162595,0.0,747.1715673132596,245.42592701785492,21,18333,396000,0.0003,25926.33984375,32.12795639038086,0.2834645211696625,5012509.0,9057.5517578125,386001,40000.0,-14079130.53691611,,,,,,,
4.179046363830562,0.04499497529282964,0.06499459046814397,0.7746875028501712,0.0,795.5573092812502,849.2662023320356,21,18410,398000,0.0003,28388.740234375,33.77629470825195,-0.1256558746099472,5974197.0,14828.6103515625,388001,40000.0,-14079130.53691611,,,,,,,
5.7420820198059115,0.11785460990397015,-0.14297737187831686,0.8710694674009225,0.0,972.7412481937519,-485.3025715432735,,,400000,0.0003,31881.072265625,26.989395141601562,0.14022767543792725,5181332.0,7437.3037109375,390000,,,0.002750000000000002,0.0,40000.0,-38301.65647948209,1267.6928109119435,0.0,0.0
,,,,,,,20,19658,400000,0.0003,31585.87109375,26.982742309570312,0.5034172534942627,8468573.0,14353.47265625,390001,40000.0,-14176739.603052398,,,,,,,
1.049572378158571,0.03482362694711676,0.040642542079524974,-0.989116826789572,0.0,1186.3453447532645,124.91112391609987,20,19734,402000,0.0003,33836.15625,27.437969207763672,0.3931487500667572,5124408.0,8417.7666015625,392001,40000.0,-14176739.603052398,,,,,,,
10.16176787185669,-0.05234535432698724,-0.5947617374846607,-0.4879669833094639,0.0,1409.208086966396,665.8222276988602,20,19811,404000,0.0003,34873.8046875,36.914798736572266,0.4750976264476776,11053210.0,11225.7734375,394001,40000.0,-14176739.603052398,,,,,,,
7.746504638671877,0.24584571046774406,0.9560270821051927,-0.28890077086574656,0.0,941.6994321773673,-1527.9802156419328,20,19888,406000,0.0003,31742.279296875,33.69356155395508,0.2696332633495331,7937260.0,11439.36328125,396001,40000.0,-14176739.603052398,,,,,,,
-1.7823990535736034,0.23616400528325276,-0.7458487657763774,-0.12460973513380015,0.0,469.77798248192164,90.3902208660231,20,19965,408000,0.0003,33145.39453125,37.485145568847656,0.2121950387954712,10955808.0,18376.25,398001,40000.0,-14176739.603052398,,,,,,,
-13.127746465682947,-0.5129659613771227,-0.005368597876978911,-0.20706233302157215,0.0,190.6453432382298,58.35025665935191,20,20042,410000,0.0003,31504.83984375,33.138031005859375,-0.26507991552352905,7139412.0,9886.259765625,400001,40000.0,-14176739.603052398,,,,,,,
0.6475721988677983,-0.12977431948121054,0.35198814032668374,-0.20636287844120835,0.0,156.14586710439494,-166.05912860400443,20,20119,412000,0.0003,27584.1640625,37.397647857666016,0.4790593683719635,8803018.0,12361.8154296875,402001,40000.0,-14176739.603052398,,,,,,,
-1.493604124069213,-0.0012008281320926518,0.050482437475948036,-0.21667365701255298,0.0,91.81045902183482,114.82271313561934,20,20195,414000,0.0003,26538.833984375,42.762630462646484,-0.01038486510515213,8681940.0,11577.763671875,404001,40000.0,-14176739.603052398,,,,,,,
0.11505158805847071,-0.22852176257189977,-0.20266754966566164,-0.19615855185476594,0.0,255.53331625367326,578.123164180934,20,20271,416000,0.0003,27402.189453125,35.27908706665039,0.21390877664089203,9929782.0,15769.5380859375,406001,40000.0,-14176739.603052398,,,,,,,
6.145326021194464,0.21533071947473312,0.3921806129967088,-0.28628712700123254,0.0,245.97903579615672,-433.25488746756145,20,20348,418000,0.0003,30126.0078125,34.26816940307617,-0.08923476934432983,9358420.0,10900.3720703125,408001,40000.0,-14176739.603052398,,,,,,,
3.346916568756106,0.48221897504819455,0.26618460499218394,-0.1495831547773617,0.0,168.61253451240802,167.01376835477424,20,20424,420000,0.0003,28756.205078125,41.19915008544922,0.022042453289031982,5334815.0,8984.1767578125,410001,40000.0,-14176739.603052398,,,,,,,
7.757499053955013,0.6466553014519468,-0.32630477558621235,-0.1827487689384365,0.0,417.9254890603409,609.5323162611348,20,20501,422000,0.0003,32057.5546875,28.83814811706543,-0.017562642693519592,5640892.0,9688.591796875,412001,40000.0,-14176739.603052398,,,,,,,
0.773114854812623,0.06951918062024358,-0.1669860587696663,0.008609284779080652,0.009,56.14086579383393,-708.2111326725898,20,20578,424000,0.0003,30753.66015625,34.36391830444336,0.5620167255401611,5105007.0,10593.39453125,414001,40000.0,-14176739.603052398,,,,,,,
1.5473588047027642,0.029960560625425566,-0.03287841356783541,0.0011248996546607845,0.05700000000000016,22.844730665864194,194.85762652298183,20,20654,426000,0.0003,30700.96484375,39.204872131347656,0.5263378024101257,5619433.0,10106.7998046875,416001,40000.0,-14176739.603052398,,,,,,,
-1.540262027740479,0.08254704234264809,0.06326072684394522,-0.020317285107243694,0.0,16.513954583007187,81.19535694926904,20,20731,428000,0.0003,30529.85546875,34.76240539550781,0.49577832221984863,7622980.5,10133.220703125,418001,40000.0,-14176739.603052398,,,,,,,
0.9625194091796876,-0.07481991151002515,-0.15888957349738664,-0.010521942006560814,0.0,15.136806955161788,109.59253551768421,20,20813,430000,0.0003,31030.267578125,32.52680206298828,-0.1644146740436554,4080083.0,8117.73876953125,420001,40000.0,-14176739.603052398,,,,,,,
2.3824423217773463,-0.2595237366357018,-0.08862453358047831,-0.03319261106173313,0.0,36.86212130664751,89.75861342803374,20,20896,432000,0.0003,29520.69921875,30.368667602539062,0.48606055974960327,5873806.5,9894.54296875,422001,40000.0,-14176739.603052398,,,,,,,
-11.338391355514524,-0.21597221483369047,0.17147449510278379,-0.08999650075177916,0.0,65.06097997403334,46.098903974124916,20,20978,434000,0.0003,33419.875,27.346851348876953,-0.2585611045360565,3857249.25,5940.76220703125,424001,40000.0,-14176739.603052398,,,,,,,
1.8712099456787123,-0.004195568660554637,0.03401606204906059,-0.14786866986683433,0.0,32.29426508148704,101.81989551247133,20,21060,436000,0.0003,33458.1328125,29.587499618530273,0.17796435952186584,5910213.0,7755.7099609375,426001,40000.0,-14176739.603052398,,,,,,,
4.195437768936148,0.07733598274034979,0.04219842005327817,-0.12670698949757542,0.0,40.11574223778135,105.02125600812421,20,21143,438000,0.0003,33541.234375,30.009050369262695,-0.412792444229126,6359389.0,11967.5341796875,428001,40000.0,-14176739.603052398,,,,,,,
0.11668547439574987,-0.113664856918109,-0.2766105411779563,-0.1071810632554493,0.0,61.53640283188762,123.43721721385377,20,21225,440000,0.0003,31408.87890625,35.59307098388672,0.0133756622672081,6740532.0,10418.689453125,430001,40000.0,-13519473.628193725,,,,,,,
7.4446583290100214,0.665214939113705,0.631909391850646,-0.6045245748783844,0.0,878.768338797605,-543.9337434836909,20,21301,442000,0.0003,34832.7734375,24.557022094726562,-0.21255728602409363,6286817.0,8814.9765625,432001,40000.0,-13519473.628193725,,,,,,,
-6.665292890548704,0.5005560657698314,-0.5745078138145674,-0.2895440894499942,0.0,395.9035045022396,-420.2371253158076,20,21377,444000,0.0003,38507.6640625,30.447973251342773,-0.15093828737735748,6628991.0,14024.966796875,434001,40000.0,-13519473.628193725,,,,,,,
-5.650120588302612,-0.17569619874028145,-0.3148563284423435,-0.18971934164215534,0.0,108.95404853073677,35.8502194597087,20,21453,446000,0.0003,38088.3359375,27.621091842651367,-0.21977472305297852,5276172.0,8086.7060546875,436001,40000.0,-13519473.628193725,,,,,,,
7.76227699470521,-0.38903112273415275,0.08842800181477647,-0.1032133603313606,0.0,80.50988740806474,-77.02050174638102,20,21529,448000,0.0003,36442.90234375,31.76580047607422,0.08834363520145416,6336943.0,10929.2822265625,438001,40000.0,-13519473.628193725,,,,,,,
3.4063697586059605,-0.0354388997151669,0.2852348407334182,-0.0034585218766638604,0.0,36.78436919721068,55.22705036644835,20,21607,450000,0.0003,36101.890625,31.435834884643555,-0.4292599856853485,5530837.0,8547.90625,440001,40000.0,-13519473.628193725,,,,,,,
4.029877710342403,0.08985123928249732,-0.13906692593328254,0.008292401427035148,0.0,34.293354977931486,121.58122471615756,20,21683,452000,0.0003,34327.3828125,30.082971572875977,0.3517918884754181,6823482.5,12547.189453125,442001,40000.0,-13519473.628193725,,,,,,,
1.217867033004763,-0.09010960216878988,-0.026322007415125317,0.019708519834679927,0.0,13.705393036870202,46.6062979649215,20,21763,454000,0.0003,34470.625,32.24818801879883,0.2810753583908081,7756716.0,11325.61328125,444001,40000.0,-13519473.628193725,,,,,,,
4.5597916183471705,0.06105383893543436,0.13439049318797067,0.044252419580297464,0.0,34.99416243376645,170.16815857514624,20,21845,456000,0.0003,33822.12109375,29.721054077148438,0.6052016615867615,6952542.5,8036.52197265625,446001,40000.0,-13519473.628193725,,,,,,,
3.824862314224246,0.08332764733492322,-0.15252302642796006,0.03796419749950417,0.0,33.411219251977364,28.38140607045215,20,21927,458000,0.0003,34907.57421875,29.45110511779785,-0.32320743799209595,5852099.0,6553.8330078125,448001,40000.0,-13519473.628193725,,,,,,,
1.6009015636444093,-0.03036672548582791,0.1388293054714866,0.05630538030371805,0.0,16.54926356473191,137.93729525793262,20,22010,460000,0.0003,36404.4296875,29.75872039794922,-0.038482919335365295,5345585.0,6078.10302734375,450001,40000.0,-13519473.628193725,,,,,,,
10.32347015190123,0.17872661842489684,0.09061105593060603,0.08952754639091517,0.0,37.414883535962325,63.968733513453714,20,22085,462000,0.0003,24533.119140625,51.78180694580078,-0.45815372467041016,8648918.0,18131.98828125,452001,40000.0,-13519473.628193725,,,,,,,
-0.17160977935790903,0.24292379338320919,-0.11924281348721999,0.12608049404430033,0.0,117.37827497003433,42.69770144844733,20,22161,464000,0.0003,19677.9453125,41.56142044067383,0.8443942666053772,12527716.0,15721.6015625,454001,40000.0,-13519473.628193725,,,,,,,
5.4125709857940665,0.10747303749043555,-0.020743416871927833,0.13575511694054213,0.0,58.69785570502926,222.97982439497667,20,22238,466000,0.0003,22642.55859375,32.648529052734375,0.28136491775512695,8450274.0,13992.41015625,456001,40000.0,-13519473.628193725,,,,,,,
3.2070398216247575,-0.07315612761956934,0.0903103875150887,0.1942472679751455,0.0,171.63941307913717,8.651467382005375,20,22314,468000,0.0003,28125.8046875,27.099498748779297,0.15603914856910706,6300915.0,7102.08349609375,458001,40000.0,-13519473.628193725,,,,,,,
7.949706073760974,0.16568631099819128,0.07816293162044008,0.23157464192480148,0.0,114.11624168009192,143.37263548451799,20,22390,470000,0.0003,29323.01953125,29.44991111755371,0.32909882068634033,9033146.0,14642.4541015625,460001,40000.0,-13519473.628193725,,,,,,,
11.393414604187017,0.30161429653167265,-0.04530587423118005,0.18784055858110726,0.0,122.90714768012731,-83.09246895843872,21,22466,472000,0.0003,32638.123046875,26.00206756591797,0.5612528920173645,8569760.0,14484.3671875,462001,40000.0,-13519473.628193725,,,,,,,
2.388665487289429,0.12040754888171971,-0.15861822260160874,0.06161697940944923,0.0,34.49679206354266,-2.944929036578382,21,22542,474000,0.0003,37345.5390625,26.185813903808594,-0.20324358344078064,4932055.0,7864.708984375,464001,40000.0,-13519473.628193725,,,,,,,
2.542930778503415,0.04691674661255197,0.06387726752633105,0.07627207984021098,0.0,25.37795290865871,144.098782124392,21,22618,476000,0.0003,38128.19921875,28.528993606567383,-0.16787894070148468,4786746.0,8081.421875,466001,40000.0,-13519473.628193725,,,,,,,
1.4425628318786603,0.02768120597548554,-0.12295629387184691,0.05796984152481702,0.002499999999999998,31.251774537115104,19.572215274957628,21,22693,478000,0.0003,38598.7109375,27.60100746154785,0.11713825166225433,5416996.0,7751.171875,468001,40000.0,-13519473.628193725,,,,,,,
1.5055118312835685,-0.048739063044116404,0.10954287646033888,0.07646820328691738,0.0,15.47417452288494,95.80037716124863,21,22769,480000,0.0003,37081.25,31.83534812927246,0.21080121397972107,6936834.0,12996.2783203125,470001,40000.0,-12684884.495543748,,,,,,,
-3.2995213489532476,-0.6950871349224902,-0.5291712976190408,-0.5723715381324004,0.0,911.3371619324676,-581.8272042250238,21,22845,482000,0.0003,32801.26171875,32.159271240234375,0.2564489543437958,7811762.0,10707.24609375,472001,40000.0,-12684884.495543748,,,,,,,
3.982098394393921,-0.15673668112120023,0.6163955851098463,-0.4201556176219184,0.0,514.6368015308,-266.07384751783826,21,22921,484000,0.0003,31816.140625,27.155664443969727,-0.30801063776016235,6868007.0,13955.212890625,474001,40000.0,-12684884.495543748,,,,,,,
-0.8276157817840569,0.2340587305304734,0.07791221870509447,-0.4287424491655107,0.0,323.1245654213484,40.72131698327819,21,22999,486000,0.0003,33872.76953125,26.77256965637207,0.04213828220963478,6416116.0,8519.0146484375,476001,40000.0,-12684884.495543748,,,,,,,
-2.910645593643189,0.005589936332281253,-0.3393789847498124,-0.39604853947337276,0.0,243.30539660155893,-70.46175728664511,21,23075,488000,0.0003,34135.94921875,27.66590118408203,-0.6797935962677002,7028116.5,10358.0400390625,478001,40000.0,-12684884.495543748,,,,,,,
1.3742506198883069,-0.1262067364106569,0.16580671073316047,-0.2977344994387106,0.0,132.3503644229754,18.087254713869932,21,23150,490000,0.0003,33652.22265625,31.305999755859375,-0.22133833169937134,7283372.0,12573.779296875,480001,40000.0,-12684884.495543748,,,,,,,
15.467414987564084,0.2655036309194949,0.3158534771608668,-0.011769440631656356,0.0,159.71290560324826,67.64094766871227,21,23226,492000,0.0003,30089.32421875,35.08420944213867,-0.2128363698720932,10050824.0,11685.009765625,482001,40000.0,-12684884.495543748,,,,,,,
11.384529863357526,0.3548994865699418,-0.22275329431616955,0.13428919413982507,0.0,153.42281628023053,-40.44902206286449,21,23301,494000,0.0003,28972.08203125,37.76249694824219,0.11494816094636917,8927178.0,14113.6484375,484001,40000.0,-12684884.495543748,,,,,,,
1.130179857254029,0.0016531683656902496,-0.2766541486756604,-0.10361165710510307,0.0,72.97300220498042,102.78247787026298,21,23376,496000,0.0003,22825.537109375,38.90518569946289,0.23071274161338806,9642331.0,13309.2607421875,486001,40000.0,-12684884.495543748,,,,,,,
-2.2144279670715346,-0.4768177564999744,-0.1462857922745418,-0.15453062563041942,0.0,142.78240303987886,106.0556916079312,21,23452,498000,0.0003,23735.28125,31.88750457763672,0.5079766511917114,4599585.0,7303.16650390625,488001,40000.0,-12684884.495543748,,,,,,,
-11.526624736785896,-0.46643165931228253,0.031012929353458635,-0.3031696228124274,0.0,181.97914970282739,6.055368705179295,,,500000,0.0003,21361.4609375,37.22875213623047,-0.06306638568639755,5666411.0,9623.5263671875,490000,,,0.01282812500000001,0.0,40000.0,-24431.304085919823,7031.495670703902,0.01282812500000001,0.0
,,,,,,,20,24694,500000,0.0003,20674.935546875,37.2248649597168,-0.2717674672603607,7476703.0,9175.5849609375,490001,40000.0,-12684884.495543748,,,,,,,
3.8984331626892152,-0.19522651902940977,0.2808274856713575,-0.2193868368079482,0.0,170.7103471520445,-46.414726672955105,20,24771,502000,0.0003,21495.513671875,31.757537841796875,0.02484115958213806,5701808.5,8396.9150390625,492001,40000.0,-12684884.495543748,,,,,,,
-2.6021930904388455,-0.02475546808546955,-0.07561312561027687,-0.20496606393402353,0.0,67.86051365449184,216.57071698038834,20,24847,504000,0.0003,24493.81640625,27.61948585510254,-0.3460312783718109,4718287.0,6893.08203125,494001,40000.0,-12684884.495543748,,,,,,,
-9.849904405593882,-0.5132576780916822,-0.25920416305595456,-0.17463351214174092,0.0,224.58145717973954,225.65598932465463,20,24924,506000,0.0003,28614.74609375,26.76057243347168,-0.4981982111930847,5868890.0,8306.162109375,496001,40000.0,-12684884.495543748,,,,,,,
-2.5923085556030245,-0.14961645896150194,0.4204074257041006,-0.40134722684191837,0.0,398.0882655815568,-121.90557486796429,20,25000,508000,0.0003,30031.783203125,27.422496795654297,-0.6262732148170471,5967292.0,11558.8857421875,498001,40000.0,-12684884.495543748,,,,,,,
0.8425331230163579,0.04330883061174002,-0.06184423327117522,-0.42329592463963084,0.0,230.35553253185475,95.15249515769612,20,25077,510000,0.0003,30333.01171875,26.086143493652344,0.29151439666748047,6732268.0,14012.8505859375,500001,40000.0,-12684884.495543748,,,,,,,
-4.182269987106325,-0.33396508298489463,-0.16815852702740658,-0.3798834868446382,0.0,458.3583216598108,234.48269961432047,20,25153,512000,0.0003,33469.3046875,28.714914321899414,-0.033822931349277496,5486705.0,9762.6845703125,502001,40000.0,-12684884.495543748,,,,,,,
-4.324940839767453,-0.23494894899885402,0.24040082982737201,-0.4451649896486427,0.0,394.7838436480052,-188.85896425931315,20,25229,514000,0.0003,34005.12890625,28.40555763244629,-0.040813229978084564,6717379.0,8988.529296875,504001,40000.0,-12684884.495543748,,,,,,,
3.597225730895996,0.08184407290631689,-0.016468737905202223,-0.40455289519221804,0.0,202.52462201400598,91.008352668091,20,25306,516000,0.0003,34288.5390625,29.35083770751953,-0.5582013726234436,4422966.0,7607.41943359375,506001,40000.0,-12684884.495543748,,,,,,,
0.28074968338012674,-0.24114434296406712,-0.3154329550290715,-0.33592574004232145,0.0,369.79505162248637,141.69124583149758,20,25382,518000,0.0003,32435.57421875,26.598072052001953,0.6220979690551758,5437259.5,7708.60009765625,508001,40000.0,-12684884.495543748,,,,,,,
-9.446845809936523,-0.329182707378418,0.056329623517865864,-0.4594753666401502,0.0,305.0131386475691,182.52581935943707,20,25459,520000,0.0003,36543.21484375,26.87642478942871,0.3556406795978546,5166636.0,8802.1201171875,510001,40000.0,-12351916.68603923,,,,,,,
10.390957557678226,0.44630142104600024,0.5431060195504214,-0.6922572067106633,0.0,854.0231463636529,-525.2317859035236,20,25536,522000,0.0003,35848.11328125,25.908138275146484,0.3450029194355011,3946900.5,9923.552734375,512001,40000.0,-12351916.68603923,,,,,,,
-8.046978485107445,0.6323078816540209,-0.3259989879161601,-0.28878210292321593,0.0,376.2082018261329,-438.1815220621387,20,25612,524000,0.0003,35245.75390625,26.129541397094727,0.07175292074680328,6644940.0,9840.5595703125,514001,40000.0,-12351916.68603923,,,,,,,
0.5575840702056897,0.06837410018050108,-0.3309339920505468,-0.22878236999970514,0.0,123.93445997635189,51.45470975910793,20,25689,526000,0.0003,36914.75,26.117713928222656,-0.10760603100061417,4644366.0,8023.74365234375,516001,40000.0,-12351916.68603923,,,,,,,
1.9218688488006592,-0.021975690691159597,0.1520104816777734,-0.2168483340895018,0.0,72.83246044182029,90.44039477871905,20,25767,528000,0.0003,38054.14453125,27.258134841918945,-0.000607077032327652,6600331.0,11002.513671875,518001,40000.0,-12351916.68603923,,,,,,,
3.4580055389404327,0.07875663036679162,0.006930576175929285,-0.21033237152383955,0.0,76.19272799774484,89.73638317862667,20,25845,530000,0.0003,36829.12890625,27.49418830871582,0.006117247045040131,3311036.0,5501.61474609375,520001,40000.0,-12351916.68603923,,,,,,,
-0.6126400890350333,-0.19554026872689653,-0.2734000933797186,-0.19725335313049439,0.0,158.9340701106012,71.3256031067962,20,25924,532000,0.0003,33621.0078125,27.412874221801758,0.2390957772731781,8348149.0,19885.705078125,522001,40000.0,-12351916.68603923,,,,,,,
-14.42362193679813,-0.3698567421753029,0.0020247361067469607,-0.1588156601425168,0.0,90.77144900933807,225.8668431247494,20,26002,534000,0.0003,34072.05859375,27.653444290161133,0.11131257563829422,7394108.5,10183.365234375,524001,40000.0,-12351916.68603923,,,,,,,
1.9637967529296867,-0.14202656112879292,0.2260344184259348,-0.08582562190557805,0.0,56.459456500447054,-184.28293545576003,20,26079,536000,0.0003,34088.16796875,27.488025665283203,-0.20212337374687195,5435647.5,7861.974609375,526001,40000.0,-12351916.68603923,,,,,,,
3.897060689926156,0.07049355685259724,0.03972354807581736,-0.06379927553225774,0.0,39.39188512508652,56.07754130730613,20,26157,538000,0.0003,33325.890625,28.74860382080078,-0.16653546690940857,4315546.0,5999.36962890625,528001,40000.0,-12351916.68603923,,,,,,,
-0.5324200534820557,-0.05678601158861124,-0.23910257971166157,-0.0783644006223893,0.0,46.487129104217644,139.87622260991836,20,26235,540000,0.0003,32619.6484375,29.63981056213379,0.2648558020591736,5658150.5,9967.0673828125,530001,40000.0,-12351916.68603923,,,,,,,
-3.1037376079559325,-0.3233912992188653,-0.014244732210181184,-0.10640755831475475,0.0,57.99138637603363,-3.503588333634872,20,26313,542000,0.0003,30352.28515625,29.67220115661621,0.588648796081543,5806430.0,9194.5615234375,532001,40000.0,-12351916.68603923,,,,,,,
-12.01210338783261,-0.29907972863022825,0.17798489262738454,0.0420082125150753,0.0,90.22398792981464,45.36349751411507,20,26391,544000,0.0003,30694.693359375,27.6292724609375,-0.10216313600540161,4552200.0,8428.421875,534001,40000.0,-12351916.68603923,,,,,,,
-2.221593519210816,-0.11745496645290596,-0.235138310240836,0.08053823780436946,0.0,69.57604687946325,106.15735881537412,20,26469,546000,0.0003,29422.466796875,26.650535583496094,0.3672356605529785,7853001.5,16064.9150390625,536001,40000.0,-12351916.68603923,,,,,,,
-19.454094245910643,-0.35125761891878854,0.2008505046111183,0.1730729139102416,0.0,123.18059117922213,33.842038307147966,20,26547,548000,0.0003,31246.212890625,27.481197357177734,0.0195787213742733,6449234.0,12248.1123046875,538001,40000.0,-12351916.68603923,,,,,,,
-1.470649911880494,0.042676595808337166,0.030037217361882144,0.1380430041536936,0.0,67.24257466600429,79.69219730226276,20,26625,550000,0.0003,31328.390625,26.907541275024414,0.3508312404155731,5701522.0,7228.1875,540001,40000.0,-12351916.68603923,,,,,,,
-7.500144760131849,-0.08303787766788415,0.17307038158332222,0.29858309229067975,0.0,217.08000823528835,156.44249442249492,20,26703,552000,0.0003,31909.76953125,25.45822525024414,-0.388685405254364,4689775.0,8662.138671875,542001,40000.0,-12351916.68603923,,,,,,,
0.45845522308349473,0.08819228428368636,-0.28987707002546176,0.30574939987289695,0.0,189.05623539562575,129.6706369207212,20,26781,554000,0.0003,32731.984375,23.539121627807617,-0.08894266933202744,6260500.0,9760.4765625,544001,40000.0,-12351916.68603923,,,,,,,
1.4868815555572519,0.12443577742305457,0.30985304778211775,0.3801349429514236,0.0,277.8457078107261,70.13706650630616,20,26860,556000,0.0003,34920.6796875,24.574962615966797,-0.21054506301879883,5848665.0,11660.6083984375,546001,40000.0,-12351916.68603923,,,,,,,
9.321411268234257,0.15548778890292056,0.05463181291528856,0.30478441061873296,0.0,207.53511755939473,29.954453003394946,20,26938,558000,0.0003,36180.8828125,26.49886703491211,-0.10957963764667511,3799170.5,5600.0869140625,548001,40000.0,-12351916.68603923,,,,,,,
1.1197701148986816,0.13911962086585067,-0.32125160828301563,0.31110533540385554,0.0,181.997365569042,196.19092050753156,20,27017,560000,0.0003,35001.796875,26.580650329589844,0.09897658228874207,5138637.5,8111.09423828125,550001,40000.0,-11843886.756207285,,,,,,,
-6.781995164871217,-0.40544308812915214,-0.3961255866547714,-0.8765169478583683,0.0,1087.1244124090229,-274.9352512285087,20,27095,562000,0.0003,35767.078125,25.366350173950195,0.31122446060180664,4113337.5,7589.2255859375,552001,40000.0,-11843886.756207285,,,,,,,
-8.935634105682377,-0.5904451504642637,-0.04850525414786817,-0.7987052380531209,0.0,882.7882977176299,-53.63638757574411,20,27173,564000,0.0003,34885.0234375,26.40557861328125,0.24148041009902954,3581615.0,6832.18896484375,554001,40000.0,-11843886.756207285,,,,,,,
-9.334971868515044,-0.05413047522072314,-0.31876788879059176,-0.5486352085082683,0.0,691.3868115583489,-229.49552789975493,20,27251,566000,0.0003,37623.4765625,26.023223876953125,0.2579662501811981,4798064.5,6524.2158203125,556001,40000.0,-11843886.756207285,,,,,,,
14.925620471954339,0.710614362735433,-0.09011045226293408,-0.5504133687280813,0.0,910.8871753602722,238.8953755587664,20,27330,568000,0.0003,35870.546875,27.655271530151367,0.24793744087219238,6087166.0,11600.462890625,558001,40000.0,-11843886.756207285,,,,,,,
9.191430244445808,-0.061305087025672764,0.5204243690961072,-0.26493749432896047,0.0,492.3709867562651,-570.11541801454,20,27408,570000,0.0003,33746.05078125,29.25543212890625,0.12286578863859177,6721673.0,13200.216796875,560001,40000.0,-11843886.756207285,,,,,,,
-3.071886253356933,-0.13654507662461582,0.2931340346694861,-0.07899905447397422,0.0,136.07927749458955,-165.5296176709575,20,27487,572000,0.0003,31504.689453125,29.068382263183594,-0.16772930324077606,4948837.0,8462.017578125,562001,40000.0,-11843886.756207285,,,,,,,
-2.0895897235870367,-0.06857676875213131,-0.177917377844659,-0.11485792945374675,0.0,70.5598650114605,205.5777082803087,20,27565,574000,0.0003,32226.71484375,27.941303253173828,0.8987641930580139,5060963.0,11144.712890625,564001,40000.0,-11843886.756207285,,,,,,,
-10.403104614257806,-0.383236415650818,-0.08617725112374666,-0.1297611685259826,0.0,77.92408135720228,-50.49097341553322,20,27643,576000,0.0003,32273.84375,26.788219451904297,0.09926055371761322,5290903.0,8467.4052734375,566001,40000.0,-11843886.756207285,,,,,,,
-7.354592872619641,-0.31566331918029433,0.20510053992552288,0.07680612780883236,0.0,98.63615744650383,-32.84815098262321,20,27723,578000,0.0003,30561.615234375,26.137348175048828,-0.05713888257741928,5437866.0,10329.109375,568001,40000.0,-11843886.756207285,,,,,,,
-12.234814535140984,-0.2948942220956277,-0.19330628303957992,0.0894815079620375,0.0,60.8158035157511,191.24925093031197,20,27801,580000,0.0003,31866.841796875,28.862119674682617,-0.6879981160163879,4883091.0,8122.64453125,570001,40000.0,-11843886.756207285,,,,,,,
-11.220438327789306,-0.18499717060855878,0.2298503835836441,0.3180346602109814,0.0,313.27305279020084,179.8436958110211,20,27879,582000,0.0003,30479.1640625,27.825469970703125,0.485041081905365,4354463.0,8294.046875,572001,40000.0,-11843886.756207285,,,,,,,
-20.73030739593505,-0.2929794589401531,0.013432476162091858,0.47925816504807706,0.0,463.1824424178505,972.2494323625084,20,27956,584000,0.0003,32609.142578125,28.247543334960938,0.07743202149868011,5252103.0,8374.0166015625,574001,40000.0,-11843886.756207285,,,,,,,
-10.987014709472659,-0.024148598556882426,-0.1787944934730234,0.5405764433825522,0.0,507.3195808123845,23.23211372981342,20,28034,586000,0.0003,30440.435546875,30.094995498657227,-0.09477239847183228,4680424.0,6857.794921875,576001,40000.0,-11843886.756207285,,,,,,,
0.9759293308258131,0.055914439037704634,0.2098365930265088,0.8070915644636707,0.0,1084.2223466277787,-327.87356894050265,20,28111,588000,0.0003,31945.359375,29.15359878540039,0.12621116638183594,5535081.0,9651.7060546875,578001,40000.0,-11843886.756207285,,,,,,,
-3.0475169792175114,0.006509435523841216,0.11681033154069036,0.8538035372094813,0.0,1123.071128287776,375.44385551463887,20,28188,590000,0.0003,29479.515625,29.203083038330078,-0.3872412443161011,4593961.0,6715.17138671875,580001,40000.0,-11843886.756207285,,,,,,,
-4.031213274002069,0.0016565413593062394,-0.012707971206088345,0.9612895258254338,0.0,1487.254241211296,237.86409031001944,20,28265,592000,0.0003,28027.50390625,27.390602111816406,0.4528812766075134,6118812.0,17461.978515625,582001,40000.0,-11843886.756207285,,,,,,,
-13.696048894882214,-0.11775829413079437,-0.21947284076506587,1.128733349846402,0.0,1763.2318976696542,621.7400485022584,20,28342,594000,0.0003,34589.375,24.148649215698242,-1.0701249837875366,3464359.5,8373.54296875,584001,40000.0,-11843886.756207285,,,,,,,
-17.334619525909428,-0.16953844332015502,-0.04000044484074505,1.1286444015462693,0.0,1621.7462429318095,83.88189192589371,20,28418,596000,0.0003,34604.1484375,23.695035934448242,-0.015483222901821136,3504260.5,7334.06591796875,586001,40000.0,-11843886.756207285,,,,,,,
-17.771570697784416,-0.1716320417728526,0.03264870891190561,1.0516001378066033,0.0,1385.4166562579867,-185.42877417730372,20,28495,598000,0.0003,38186.96875,22.814218521118164,-0.5866518616676331,4721438.0,10330.6640625,588001,40000.0,-11843886.756207285,,,,,,,
-15.557138898849514,-0.16019406317270338,0.07171294166504402,0.9886699276644133,0.0,1213.537567349931,-181.43651701310563,,,600000,0.0003,41442.703125,22.244199752807617,-0.18639744818210602,4671800.5,8619.216796875,590000,,,0.02773437500000002,0.0,40000.0,-9550.21464219814,2370.4096278334296,0.02773437500000002,0.0
,,,,,,,20,29733,600000,0.0003,37585.26953125,22.240863800048828,-0.16223956644535065,4088363.0,7273.54150390625,590001,40000.0,-12124383.771829398,,,,,,,
-9.206224681854252,-0.640367226835602,-0.5991117458363602,-0.5946336301403595,0.0,835.1721199019565,-580.0760766875277,20,29811,602000,0.0003,36742.9140625,24.61558723449707,0.17417669296264648,4641193.5,6687.9052734375,592001,40000.0,-12124383.771829398,,,,,,,
8.721036689758302,-0.7824407994812732,0.2575831080159692,-0.41495362055121626,0.0,448.9938884972438,-207.50196326218307,20,29888,604000,0.0003,40241.875,22.04973030090332,-0.24740326404571533,5236697.0,7919.8173828125,594001,40000.0,-12124383.771829398,,,,,,,
-18.758919307708755,-0.5883852852729483,-0.07473008485053652,-0.16544335399051835,0.0,193.46000225324724,-75.13355208045118,20,29966,606000,0.0003,41484.6796875,22.869956970214844,-0.17534689605236053,6144668.0,11412.3388671875,596001,40000.0,-12124383.771829398,,,,,,,
3.271657835006715,-0.13491643519680774,0.5734908078790504,0.08739151734619903,0.0,170.10706750189368,-99.17235535382798,20,30043,608000,0.0003,42081.2421875,23.989736557006836,-0.04199445992708206,3713124.75,5035.05126953125,598001,40000.0,-12124383.771829398,,,,,,,
5.339316314697274,0.13939982505536405,-0.04664975059869517,0.0756622632297867,0.0,44.85159877554799,4.736130511155707,20,30119,610000,0.0003,43024.5,24.846633911132812,0.22509676218032837,6054368.0,11458.9482421875,600001,40000.0,-12124383.771829398,,,,,,,
-0.5146512870788563,0.1372193640593629,-0.021522932843828745,0.07022533607074044,0.0,13.767824577228662,80.91571709461547,20,30195,612000,0.0003,40941.51953125,23.91730499267578,0.0734248086810112,4350810.5,6887.8837890625,602001,40000.0,-12124383.771829398,,,,,,,
7.216313011169452,0.1396716980940993,-0.003604367764507594,0.05884807618647931,0.0,46.36531344252684,36.06837744795335,20,30272,614000,0.0003,39697.34375,24.557893753051758,0.31021979451179504,6459302.0,9411.9033203125,604001,40000.0,-12124383.771829398,,,,,,,
-1.9419164295196534,0.13772876502494913,0.02087788726611893,0.04173038199678067,0.0,9.030392222933514,60.128174684997155,20,30348,616000,0.0003,39964.58984375,25.10479736328125,0.2109658122062683,5094951.5,9698.6240234375,606001,40000.0,-12124383.771829398,,,,,,,
5.205376014709471,0.13569192403647568,-0.01621605399737837,0.03787094853499815,0.0,29.57043501723128,68.95023351761117,20,30425,618000,0.0003,37643.1796875,26.896207809448242,0.08550462126731873,7000868.5,9223.7685546875,608001,40000.0,-12124383.771829398,,,,,,,
1.956090402603153,0.15738641148687577,0.013772528924342872,0.0489617708462257,0.0,12.709377391820638,52.32568242705077,20,30502,620000,0.0003,36392.24609375,25.71007537841797,0.12190522253513336,4786354.5,8876.8271484375,610001,40000.0,-12124383.771829398,,,,,,,
0.6416360530853251,0.1388046450902244,-0.05364957521971383,0.052363830643792734,0.0,15.90621606351799,108.60033310334691,20,30578,622000,0.0003,38957.23828125,24.092090606689453,0.7712823152542114,4596370.0,5803.83544921875,612001,40000.0,-12124383.771829398,,,,,,,
4.496298837661743,0.10916092880350019,0.053157064334199484,0.04733052206574083,0.0,17.336220676928072,27.46684246060544,20,30655,624000,0.0003,35336.34375,25.474563598632812,-0.0569317489862442,5212912.0,11205.1455078125,614001,40000.0,-12124383.771829398,,,,,,,
-1.4014925251007078,0.16368452487936236,0.01938189227618038,0.06195018027165083,0.0,14.018313559317967,60.696196210846566,20,30732,626000,0.0003,33037.69921875,29.416431427001953,-0.20499131083488464,6186731.0,11183.11328125,616001,40000.0,-12124383.771829398,,,,,,,
5.907959594726562,0.10997805994230561,-0.019391139410960573,0.031758553930307985,0.0,17.60490638732498,93.31855457393748,20,30808,628000,0.0003,30567.076171875,29.88934898376465,0.20185786485671997,6873177.5,9113.36328125,618001,40000.0,-12124383.771829398,,,,,,,
-2.0080721626281703,0.24773963610750047,0.034813977341058636,0.04953157217272575,0.0,38.47074113399375,27.952433342220328,20,30885,630000,0.0003,34600.46875,24.10235023498535,-0.3444615304470062,5884512.0,10142.302734375,620001,40000.0,-12124383.771829398,,,,,,,
7.377630722045897,0.15911172433629492,-0.03338261094327021,0.03844407793013926,0.0,14.940867507058487,41.73569249936489,20,30961,632000,0.0003,32018.357421875,24.249534606933594,-0.17063358426094055,5134034.0,7150.8359375,622001,40000.0,-12124383.771829398,,,,,,,
-0.3439513759613022,0.12840216265090368,-0.0662215930380477,0.03744296646637331,0.0,12.633169258399095,58.342183386170476,20,31038,634000,0.0003,35176.34375,24.994792938232422,0.05014163628220558,6481080.0,12516.642578125,624001,40000.0,-12124383.771829398,,,,,,,
1.8526289367675786,0.09130734542349492,0.048785139695564944,0.05024243564389894,0.0,15.14489037981323,144.21376960584323,20,31115,636000,0.0003,37601.71875,27.312257766723633,-0.5077071189880371,6000612.0,8632.806640625,626001,40000.0,-12124383.771829398,,,,,,,
4.56193259620667,0.118829275437072,0.0345177698971861,0.03463508662392184,0.0,16.472315101924234,26.276416222185667,20,31191,638000,0.0003,34580.609375,26.3741455078125,0.07900553941726685,6111796.0,8847.787109375,628001,40000.0,-12124383.771829398,,,,,,,
-0.8368508758544928,0.08643833478898173,-0.07404168495779045,0.05314538994000023,0.0,16.90627912135868,76.50011635105719,20,31268,640000,0.0003,35285.6171875,26.16588592529297,-0.29699254035949707,4949634.5,7328.53564453125,630001,40000.0,-11543599.415487062,,,,,,,
-1.525752115249632,-0.07231504406659939,-0.09562676815294967,-0.9939832671728313,0.0,1192.4305874206875,42.21798955415442,20,31345,642000,0.0003,34997.1796875,24.0137996673584,0.01615069806575775,5139134.0,11251.255859375,632001,40000.0,-11543599.415487062,,,,,,,
-2.023166854858402,-0.24683520188033234,0.01664111763290228,-0.9418945595020033,0.0,1184.265684545637,522.8244776492597,20,31421,644000,0.0003,37567.16015625,24.88898468017578,-0.6529687643051147,6117601.0,10222.1650390625,634001,40000.0,-11543599.415487062,,,,,,,
1.3664162540435782,0.1454996441348618,0.1642752610084547,-0.9663397204427547,0.0,1222.9118225615816,-464.7840312091208,20,31498,646000,0.0003,36883.390625,25.521324157714844,0.062088608741760254,4877639.0,8490.052734375,636001,40000.0,-11543599.415487062,,,,,,,
1.0331696205139147,0.06850797521040991,-0.021376989173963107,-0.9846346128054466,0.0,1171.3356014088467,62.11140922130677,20,31574,648000,0.0003,36043.1171875,25.848623275756836,-0.061658479273319244,4156762.5,7425.4833984375,638001,40000.0,-11543599.415487062,,,,,,,
2.615873458862306,0.12682499998711466,0.09133693163840415,-0.9734425319355162,0.0,1166.1293685292305,3.9791685934440055,20,31651,650000,0.0003,35366.6484375,25.72341537475586,-0.15288271009922028,4975599.0,7707.13916015625,640001,40000.0,-11543599.415487062,,,,,,,
3.1520143489837587,0.1461623456906043,0.6121405714540968,-0.5942013141236187,0.0,903.1844575838779,-467.61380518766725,20,31728,652000,0.0003,33233.72265625,27.447771072387695,0.6396483182907104,5244360.0,6706.66162109375,642001,40000.0,-11543599.415487062,,,,,,,
-6.358964803695675,0.1794033020004008,-0.6166401458029601,-0.09204240498755009,0.0,451.786636352159,-497.64641157246007,20,31804,654000,0.0003,34218.1015625,27.609424591064453,-0.14448489248752594,5242115.0,12289.7919921875,644001,40000.0,-11543599.415487062,,,,,,,
8.943700157165525,0.22858726722372746,0.09619079547228199,-0.17308821282601533,0.0,76.3891748304279,-11.151901052131675,20,31881,656000,0.0003,36962.31640625,28.565059661865234,-0.09991469979286194,5630564.0,7406.64501953125,646001,40000.0,-11543599.415487062,,,,,,,
-5.4479997978210415,0.28757724195875556,-0.05664646877891299,-0.10877940871419478,0.0,63.34663338802492,-4.963046167662943,20,31958,658000,0.0003,31064.83203125,30.232872009277344,-0.09496776759624481,6353416.5,14229.3447265625,648001,40000.0,-11543599.415487062,,,,,,,
12.45890640640258,0.29953350742040574,0.006310003765529782,-0.10459109045327396,0.0,45.2464351560843,34.09379520429042,20,32034,660000,0.0003,31061.4296875,28.345678329467773,0.08241113275289536,5836095.0,12589.1123046875,650001,40000.0,-11543599.415487062,,,,,,,
1.7759490108490008,0.19123295224172102,-0.08993721596242345,-0.14162198109633203,0.0,44.88344920980967,51.7149988003311,20,32111,662000,0.0003,31427.927734375,26.228914260864258,0.05397557094693184,5859073.0,10707.6767578125,652001,40000.0,-11543599.415487062,,,,,,,
4.077763568878166,0.0741848798795185,-0.042646645495523536,-0.15953927365992768,0.0,45.32229291682964,49.63717341586718,20,32187,664000,0.0003,31544.49609375,23.788455963134766,0.08430947363376617,6127146.0,9490.796875,654001,40000.0,-11543599.415487062,,,,,,,
-3.4930930404663076,0.2496362540576393,0.22564227910081286,-0.16367275439571405,0.0,97.09931694524438,117.60015098948699,20,32263,666000,0.0003,33998.5859375,24.052827835083008,0.13207900524139404,4151430.25,7205.0498046875,656001,40000.0,-11543599.415487062,,,,,,,
7.222995548248288,0.34500866092006627,-0.06991751121417863,-0.2641532074837419,0.0,170.27683563301602,67.31831286114138,20,32339,668000,0.0003,37480.8359375,24.062952041625977,-0.4769604802131653,5316061.0,9696.10546875,658001,40000.0,-11543599.415487062,,,,,,,
4.0895213356018125,0.3144947093537407,-0.0437384326108476,-0.23841795668270657,0.0,106.29234029539204,-39.37987130393039,20,32415,670000,0.0003,35065.55078125,23.378496170043945,0.5985510349273682,5872054.5,7093.87548828125,660001,40000.0,-11543599.415487062,,,,,,,
6.073726398468016,0.1393521477132819,-0.02388369184841753,-0.25935533705305713,0.0,122.6337122956548,24.474669245881568,20,32491,672000,0.0003,37615.66796875,24.953386306762695,0.1155250072479248,4329786.0,6347.51025390625,662001,40000.0,-11543599.415487062,,,,,,,
-2.3664059410095195,0.26934651269253757,0.027729588693585397,-0.19594485685655932,0.0,95.92851143517512,13.496878021621143,20,32566,674000,0.0003,37377.7265625,25.199304580688477,0.08115852624177933,4541234.0,11980.0185546875,664001,40000.0,-11543599.415487062,,,,,,,
9.20137958335878,0.27563928579816055,0.05511565573181675,-0.18060806546496028,0.0,89.92134411350895,4.483122826313898,20,32642,676000,0.0003,35062.71875,23.50517463684082,0.09665316343307495,5505794.0,8444.34375,666001,40000.0,-11543599.415487062,,,,,,,
2.9635194892883208,0.2567709917914561,-0.061400494133828525,-0.12079708473543825,0.0,48.13896429631047,18.700365804446516,20,32718,678000,0.0003,36365.328125,22.832426071166992,-0.15253466367721558,4039752.5,6772.923828125,668001,40000.0,-11543599.415487062,,,,,,,
3.8677958297729473,0.13961460627024083,-0.09501686531902381,-0.15342620980010946,0.0,52.071187882734314,54.097713847922556,20,32795,680000,0.0003,37170.81640625,22.90946388244629,-0.3789425492286682,5227345.0,9073.8291015625,670001,40000.0,-11420841.091662942,,,,,,,
-0.6870220623016351,-0.04783712184834102,-0.021093328667132275,-0.9957778958965812,0.0,1207.9377904854878,105.76418142423712,20,32871,682000,0.0003,36435.4140625,25.358713150024414,-0.3405158519744873,3796982.75,7699.89208984375,672001,40000.0,-11420841.091662942,,,,,,,
4.545302406311031,0.5069509879662839,0.6371245211784659,-0.6977106921137168,0.0,1011.848966404936,-579.2006755454191,20,32947,684000,0.0003,36588.8203125,28.26481056213379,-0.3852350115776062,5277864.0,12866.244140625,674001,40000.0,-11420841.091662942,,,,,,,
-5.2619779071807775,0.29073978307871207,-0.8035692670057023,-0.40231339135854777,0.0,625.03265893447,-357.04740847034407,20,33027,686000,0.0003,31157.201171875,36.13249206542969,0.1737600564956665,9783614.0,11911.8486328125,676001,40000.0,-11420841.091662942,,,,,,,
-6.3812029151916505,-0.21316997642637167,0.18418369828207123,-0.3115771563743668,0.0,197.82458567889304,-37.4100484515322,20,33108,688000,0.0003,31190.43359375,24.17839813232422,-0.4441782832145691,4060683.5,8337.4228515625,678001,40000.0,-11420841.091662942,,,,,,,
2.179499010086055,0.03514298157773832,0.028157232030729156,-0.30514126655447504,0.0,126.19647996258405,85.533608756823,20,33185,690000,0.0003,31052.4140625,22.755786895751953,0.5525710582733154,6258700.0,12114.4736328125,680001,40000.0,-11420841.091662942,,,,,,,
-2.2941518878936766,0.13040927943061784,0.12671987912853913,-0.32097396941682865,0.0,159.79122089983912,90.24011969290328,20,33264,692000,0.0003,32923.09375,22.324644088745117,0.4981156885623932,5186558.0,7433.96484375,682001,40000.0,-11420841.091662942,,,,,,,
4.927070096969602,0.18107539643786388,-0.07597071672491448,-0.3774545288833506,0.0,216.6038115358551,151.94804663843465,20,33345,694000,0.0003,32865.3984375,24.596111297607422,0.04306899011135101,4403361.0,7011.93603515625,684001,40000.0,-11420841.091662942,,,,,,,
2.7119757728576683,0.2280356890652209,0.07450818159075877,-0.39765736010106956,0.0,226.92846364015196,107.56865816740674,20,33426,696000,0.0003,33406.734375,28.37943458557129,-0.5128692388534546,8646052.0,17649.1875,686001,40000.0,-11420841.091662942,,,,,,,
0.9198474578857428,0.009569020837792265,-0.1958480555666273,-0.48371353906531833,0.0,312.1174378404157,38.34060947370634,20,33501,698000,0.0003,32515.5703125,26.296131134033203,-0.1289748102426529,4070955.75,7222.97607421875,688001,40000.0,-11420841.091662942,,,,,,,
-9.005376218795776,-0.3611461935209663,-0.27035136160436596,-0.4066275337466746,0.0,395.1591002976439,-40.04775083138746,,,700000,0.0003,33816.70703125,25.539548873901367,0.08823055028915405,4330272.0,9713.4140625,690000,,,0.12356249999999704,0.0,40000.0,-27152.011889678713,14284.627129325449,0.12356249999999704,0.0
,,,,,,,20,34732,700000,0.0003,32039.63671875,25.537660598754883,-0.17808614671230316,4541520.0,8353.5126953125,690001,40000.0,-11420841.091662942,,,,,,,
-3.365009195327769,-0.2832403553338216,0.3348281407072086,-0.23194196247411855,0.0,194.79430220267167,-93.50139837576481,20,34808,702000,0.0003,33920.46875,24.398523330688477,-0.45306214690208435,4171121.25,9383.78515625,692001,40000.0,-11420841.091662942,,,,,,,
8.867839544296261,0.15490485598866252,0.19630516563648215,-0.14260776075701262,0.0,76.82372460739636,5.9329499896865165,20,34883,704000,0.0003,32519.62890625,27.47456932067871,0.0906095802783966,6592287.5,12762.40625,694001,40000.0,-11420841.091662942,,,,,,,
0.9898491516113298,0.07979976818702315,-0.2749965771417462,0.014035910403394709,0.0,63.55566785424938,49.18043739865838,20,34959,706000,0.0003,35008.765625,27.659576416015625,-0.11392974108457565,5464846.0,7801.32763671875,696001,40000.0,-11420841.091662942,,,,,,,
1.612329071044921,-0.041813990997414965,0.10075331648605934,0.019407942898922576,0.0,8.257548741457272,104.53910736160054,20,35035,708000,0.0003,35180.28515625,29.252439498901367,-0.3544751703739166,5765869.0,8225.1484375,698001,40000.0,-11420841.091662942,,,,,,,
3.294503086090087,0.05145796944905941,0.008146720343237861,0.029957428348812154,0.10449999999999973,6.063647988499971,103.44179031623779,20,35111,710000,0.0003,33154.4375,30.01219940185547,-0.5482266545295715,5223895.0,6330.50732421875,700001,40000.0,-11420841.091662942,,,,,,,
-2.662016006469727,0.1860570019738797,0.06887379323955858,0.027698705556970314,0.0,26.982276164178746,62.843419761964554,20,35187,712000,0.0003,32210.04296875,31.16183090209961,-0.4209873080253601,5821167.0,7284.40283203125,702001,40000.0,-11420841.091662942,,,,,,,
1.3744093551635748,0.11401946351202369,-0.13839448187945924,0.012045543253412087,0.0,36.86092482684687,102.3273545753017,20,35263,714000,0.0003,26186.7421875,42.745994567871094,-0.3329528570175171,6775606.0,8860.919921875,704001,40000.0,-11420841.091662942,,,,,,,
0.4821649417877221,0.16055250648566569,0.16232206018947196,0.005797327201535041,0.0,36.35655014795132,77.9101031572732,20,35339,716000,0.0003,28086.62109375,26.612571716308594,0.030993793159723282,4774326.5,7303.802734375,706001,40000.0,-11420841.091662942,,,,,,,
-0.25442848205566476,0.10639194719202848,-0.06337476181268198,0.04404355019197274,0.0,17.3413340967061,60.69362624696559,20,35415,718000,0.0003,32462.27734375,24.161964416503906,-0.1844913363456726,3463422.0,4962.90771484375,708001,40000.0,-11420841.091662942,,,,,,,
1.603309886932372,0.04466890723391684,-0.052416355589663996,0.022075093572823515,0.15799999999999997,12.770821872803978,88.9702842523152,20,35491,720000,0.0003,31542.94140625,25.241004943847656,-0.043779805302619934,4936200.0,8597.767578125,710001,40000.0,-11150275.67454039,,,,,,,
0.004660593032836485,0.011909956952541403,0.020672687630646846,-0.9720500604093607,0.0,1136.1678985542378,75.00352316409176,20,35567,722000,0.0003,32236.07421875,24.733291625976562,-0.5868667364120483,3896965.0,7219.10107421875,712001,40000.0,-11150275.67454039,,,,,,,
2.302812910079959,0.11098485180826449,0.09330871059830892,-0.9560437644536739,0.0,1117.2209038376063,37.608733071882014,20,35644,724000,0.0003,31992.171875,24.065532684326172,-0.1538713276386261,5897614.5,14041.2255859375,714001,40000.0,-11150275.67454039,,,,,,,
-0.27234749984741236,-0.00010627478216787405,-0.1163892872316958,-0.9577944204402923,0.0,1134.8343726647404,77.52435355577911,20,35720,726000,0.0003,32422.34765625,27.602218627929688,-0.17275270819664001,4480579.0,7543.59521484375,716001,40000.0,-11150275.67454039,,,,,,,
1.703212976455688,0.0660650077307162,0.074358832796952,-0.960571408370018,0.0,1145.4642357006626,110.7258783605058,20,35796,728000,0.0003,35546.94921875,26.02916717529297,-0.11064339429140091,7330890.0,16300.005859375,718001,40000.0,-11150275.67454039,,,,,,,
0.9323478164672827,0.026243995015018923,0.863765739307662,-0.40897467967508133,0.0,944.2362533268213,-344.60011511781454,20,35873,730000,0.0003,32423.26171875,31.15427589416504,-0.38171112537384033,6419238.5,7604.90185546875,720001,40000.0,-11150275.67454039,,,,,,,
-17.70429068756104,-0.7445388341066272,-0.014896098998334878,-0.11914139429531065,0.0,583.0779008209196,-213.9658536664717,20,35950,732000,0.0003,34370.50390625,28.41487693786621,-0.06892576813697815,8981279.0,13640.419921875,722001,40000.0,-11150275.67454039,,,,,,,
-25.311532007217405,-0.6517876428706884,0.05086926697325585,0.08010655096386281,0.0,712.7204209436258,141.09827023382678,20,36027,734000,0.0003,31661.09765625,27.98461151123047,0.10141454637050629,5488433.0,8332.5048828125,724001,40000.0,-11150275.67454039,,,,,,,
-30.087613290786727,-0.5418349571090468,-0.0652391599334988,0.2146832342524891,0.0,895.357816323983,108.0368671963668,20,36104,736000,0.0003,31646.115234375,32.26082229614258,-0.1743726134300232,11397090.0,16599.02734375,726001,40000.0,-11150275.67454039,,,,,,,
-23.220765024185166,-0.4837011749666811,0.1614052301972362,0.28037360130549654,0.0,949.4389191920861,193.3159504953836,20,36181,738000,0.0003,29836.24609375,29.500001907348633,0.09715328365564346,8475008.0,11657.5751953125,728001,40000.0,-11150275.67454039,,,,,,,
-24.16864358329771,-0.43805281623521386,0.009826300804579574,0.39032704400643015,0.0,1102.1820860170897,67.97300247777976,20,36257,740000,0.0003,32912.92578125,25.909330368041992,0.3188416063785553,6769998.0,13732.7001953125,730001,40000.0,-11150275.67454039,,,,,,,
-17.774409486770615,-0.3870923016536687,0.11577085509748594,0.44257559816331554,0.0,1104.1449983922323,128.830622703457,20,36334,742000,0.0003,33060.1953125,24.157562255859375,-0.4154019355773926,6243025.0,11977.3251953125,732001,40000.0,-11150275.67454039,,,,,,,
-27.471115161895757,-0.379072435516972,-0.00022025197437274203,0.6866599022684488,0.0,1704.4242662503236,246.0694431020238,20,36410,744000,0.0003,35296.03125,25.25050926208496,-0.06992252916097641,6675513.0,10989.0751953125,734001,40000.0,-11150275.67454039,,,,,,,
-30.07384721565244,-0.3613049342488621,-0.01768248742682471,0.7938360737592961,0.0,1852.586396635603,251.94696293592307,20,36487,746000,0.0003,35865.34375,26.082448959350586,0.34675198793411255,5071180.0,6656.52587890625,736001,40000.0,-11150275.67454039,,,,,,,
-31.455457035064672,-0.3526343647244366,0.030634003152067137,0.9260137407392757,0.0,2087.4309553350595,297.6496209821047,20,36563,748000,0.0003,38019.375,24.570955276489258,0.3254803419113159,6176250.0,7045.53857421875,738001,40000.0,-11150275.67454039,,,,,,,
-25.779279502868636,-0.29814798435715223,0.05837652133168834,0.9960063892281117,0.0,2389.828365091899,387.0154590676768,20,36640,750000,0.0003,40687.16796875,24.92676544189453,-0.7245219945907593,5422402.0,12793.873046875,740001,40000.0,-11150275.67454039,,,,,,,
-20.671634822845476,-0.23513944257188307,0.004818646607390731,1.075818174405416,0.0,2644.596262543527,436.0941126480586,20,36716,752000,0.0003,35352.80078125,28.835247039794922,0.4008330702781677,9965874.0,15412.330078125,742001,40000.0,-11150275.67454039,,,,,,,
-32.31530582618715,-0.28842602913279414,-0.1681972963258399,1.444178336764562,0.0,4281.323531175609,5278.494758736758,20,36793,754000,0.0003,32122.662109375,33.40620422363281,0.5996160507202148,8204285.0,10360.3759765625,744001,40000.0,-11150275.67454039,,,,,,,
-47.06300561523442,-0.38753930912496837,0.11216500093378323,1.0903989213552574,0.0,3593.367371139877,-5062.612967993473,20,36869,756000,0.0003,33551.5546875,23.96177864074707,0.01325257122516632,5127828.5,8736.490234375,746001,40000.0,-11150275.67454039,,,,,,,
-4.83899453544617,-0.22229012248651847,0.15912083153172885,0.26565187038089333,0.0,1228.7902939270848,-799.7357552522121,20,36945,758000,0.0003,40097.57421875,27.19851303100586,-0.24780158698558807,7385975.0,11703.478515625,748001,40000.0,-11150275.67454039,,,,,,,
-18.25985589027406,-0.29277079191419575,-0.30369196347589317,0.29754075369626454,0.0,1235.4914020370732,-277.3007871057222,20,37021,760000,0.0003,40084.6484375,25.679590225219727,-0.22933441400527954,5839874.0,8501.23046875,750001,40000.0,-11878444.040312737,,,,,,,
1.6470710315704347,0.060761374076289176,0.27736393492548705,-0.9572089593143525,0.0,1212.4513093918708,-93.75840976283646,20,37097,762000,0.0003,41840.12890625,24.46837043762207,-0.014975227415561676,7408989.5,14337.0908203125,752001,40000.0,-11878444.040312737,,,,,,,
8.005013475418092,0.6399285025785718,0.20469766562309935,-0.7335535897742422,0.0,810.6743734078223,-280.33686481214943,20,37175,764000,0.0003,45885.921875,28.8178653717041,0.030325956642627716,6059991.0,9183.32421875,754001,40000.0,-11878444.040312737,,,,,,,
-3.0390619125366203,0.20847897841042645,-0.7858633333884353,-0.6981089813375528,0.0,956.1321483963433,63.878637658670755,20,37251,766000,0.0003,42719.265625,27.99462127685547,0.1791541874408722,8193742.5,16424.60546875,756001,40000.0,-11878444.040312737,,,,,,,
-0.867986228942874,-0.42875893096412526,0.3002882861232264,-0.32322886084528984,0.0,397.2390648999142,-602.6359697781057,20,37328,768000,0.0003,38832.99609375,25.93653678894043,0.11210794746875763,6076119.0,10084.677734375,758001,40000.0,-11878444.040312737,,,,,,,
5.384282337188717,0.09565719229527322,0.10658155856520443,-0.21785595683965744,0.0,77.3184318081027,-6.795989706455764,20,37405,770000,0.0003,42393.41015625,28.196245193481445,0.09074151515960693,6861622.0,13674.0712890625,760001,40000.0,-11878444.040312737,,,,,,,
-1.7665139045715295,0.12728780126131917,-0.19343250162423345,-0.16169190527035254,0.0,105.41877614794913,93.64476888208114,20,37481,772000,0.0003,40654.8828125,26.706165313720703,-0.4584605097770691,6658164.0,8978.4453125,762001,40000.0,-11878444.040312737,,,,,,,
-21.107870637893665,-0.37615896300472995,-0.21634545871562663,0.04371326338742645,0.0,119.41309804346761,11.966273190875492,20,37557,774000,0.0003,41994.54296875,31.446073532104492,0.2471611350774765,6826131.0,10322.19140625,764001,40000.0,-11878444.040312737,,,,,,,
-4.582500989913941,-0.3742139264999252,-0.0021524203509429036,0.12386490370959945,0.0,83.56828336709629,85.4850467987356,20,37633,776000,0.0003,36715.609375,34.985511779785156,-0.48421144485473633,10582978.0,11429.6318359375,766001,40000.0,-11878444.040312737,,,,,,,
-19.24342088699341,-0.3789227552864492,0.16033333995154586,0.11043981606229337,0.0,93.64842035892634,-105.94269651352248,20,37709,778000,0.0003,39276.48046875,27.89010238647461,-0.36772722005844116,9538088.0,10226.9892578125,768001,40000.0,-11878444.040312737,,,,,,,
2.222833074569698,-0.2524312664076094,-0.16012797117030395,0.008457860391301468,0.0,45.91590008198983,114.51041149628549,20,37784,780000,0.0003,38580.83984375,31.17488670349121,0.05256423354148865,6778733.0,8563.5244140625,770001,40000.0,-11878444.040312737,,,,,,,
-20.66279340362549,-0.5291359119559557,-0.01627214886245029,-0.02209300663756892,0.0,106.0891096619303,78.70364979295697,20,37860,782000,0.0003,36036.1953125,30.311861038208008,0.08111411333084106,9144408.0,13062.3291015625,772001,40000.0,-11878444.040312737,,,,,,,
1.9172023220062273,-0.22485422698893562,0.30002167206203667,-0.04356423251069558,0.0,62.55655037154224,-122.84299301570289,20,37936,784000,0.0003,37538.3125,26.677898406982422,0.30724719166755676,6040110.0,6916.9228515625,774001,40000.0,-11878444.040312737,,,,,,,
0.8983798885345461,0.0671763620788096,0.10085953966039256,-0.009288441688669548,0.0,10.040431931953542,82.52921716431497,20,38012,786000,0.0003,38577.78515625,27.27281951904297,-0.08865370601415634,5601114.0,7035.07373046875,776001,40000.0,-11878444.040312737,,,,,,,
2.293590881347655,0.057348085277382076,-0.07569832631940195,-0.029009602360119794,0.0,15.575949615846971,115.40276923277165,20,38089,788000,0.0003,39355.265625,29.72455596923828,-0.49151793122291565,7237856.0,12883.94921875,778001,40000.0,-11878444.040312737,,,,,,,
0.016710857391357792,-0.06825479029262033,-0.06322276984832462,-0.017601676569597616,0.0,5.778595774781215,63.55864409851909,20,38166,790000,0.0003,35248.796875,29.836774826049805,0.31504005193710327,9647001.0,13989.126953125,780001,40000.0,-11878444.040312737,,,,,,,
0.6557752571105965,-0.12643295984799133,0.007361387793360712,-0.021776811852171497,0.0,13.78682125145151,71.40628278895514,20,38243,792000,0.0003,37736.640625,26.42420768737793,0.07737553119659424,8893254.0,15280.421875,782001,40000.0,-11878444.040312737,,,,,,,
-15.150458538055386,-0.2424065310433343,-0.13787331539382452,0.1214534101757181,0.0,76.76833409266594,182.2714818650366,20,38319,794000,0.0003,38788.4296875,26.785037994384766,-0.6067398190498352,4173050.0,6514.6708984375,784001,40000.0,-11878444.040312737,,,,,,,
-4.343240697860713,-0.20426034314540925,-0.028687648857575715,0.2290236595891411,0.0,123.70557556183812,41.421277902244945,20,38396,796000,0.0003,39532.00390625,25.68750762939453,-0.16288653016090393,5186345.5,10378.5625,786001,40000.0,-11878444.040312737,,,,,,,
-17.533229154586817,-0.2600220966875211,0.21318675229964737,0.32488707115716076,0.0,207.12233072451318,-15.471555517835611,20,38472,798000,0.0003,40655.98828125,22.98692512512207,0.41348591446876526,5993414.0,9519.4462890625,788001,40000.0,-11878444.040312737,,,,,,,
-18.2604447441101,-0.25729477398874145,-0.22553946463420982,0.35091719815588934,0.0,231.86175673466397,255.09600868573824,,,800000,0.0003,41736.63671875,22.51723861694336,0.4353123903274536,4935332.0,6819.30126953125,790000,,,0.12356249999999704,0.0,40000.0,-19249.842959951828,6042.446035084426,0.03282812500000002,0.0
,,,,,,,20,39720,800000,0.0003,42082.34765625,22.5157413482666,0.0847051739692688,7059885.5,11653.390625,790001,40000.0,-11597450.3404075,,,,,,,
1.6665768146514888,0.12532641115769466,0.1522764015428843,-0.9102266564959917,0.0,1170.0040205566413,18.621894827325026,20,39798,802000,0.0003,43000.5234375,23.047285079956055,0.22764356434345245,5638197.0,6846.806640625,792001,40000.0,-11597450.3404075,,,,,,,
11.088600404739376,0.5072990319204845,0.4741202328494998,-0.6776652136504097,0.0,866.7288261608975,-551.0806306518132,20,39875,804000,0.0003,40134.30078125,27.04254722595215,0.14363573491573334,6840196.0,12485.74609375,794001,40000.0,-11597450.3404075,,,,,,,
-8.853165842056274,-0.3842748309343105,0.5890009196528392,-0.63008345272414,0.0,1316.6574080373814,1558.0888982694228,20,39952,806000,0.0003,38611.546875,24.545578002929688,-0.08643533289432526,4922068.5,10423.439453125,796001,40000.0,-11597450.3404075,,,,,,,
-5.273626428604124,-0.24699883054699304,-0.1103957912746358,-0.9366069486300014,0.0,1997.911254517465,-269.2369335534776,20,40030,808000,0.0003,41144.56640625,24.34789276123047,-0.0630071759223938,6365507.0,8825.6875,798001,40000.0,-11597450.3404075,,,,,,,
-1.9745939140319906,0.040063212893466024,-0.4857619876164037,-0.45226803639928337,0.0,1166.867821949593,-1181.8922169561738,20,40108,810000,0.0003,39368.23828125,28.903684616088867,0.00010003894567489624,6614927.0,16423.990234375,800001,40000.0,-11597450.3404075,,,,,,,
8.250981798171997,0.6183672460110196,0.08977481189661236,-0.43988032561145174,0.0,544.5396916579188,18.842767654863497,20,40186,812000,0.0003,40838.82421875,28.15673065185547,-0.31007423996925354,8151715.5,16996.560546875,802001,40000.0,-11597450.3404075,,,,,,,
3.004279020309443,-0.7332545430919447,0.23696830692195958,-0.24942793338444,0.0,604.8351364472669,83.48891305861743,20,40264,814000,0.0003,39921.4765625,33.9031867980957,-0.3708454966545105,7765103.5,8032.18017578125,804001,40000.0,-11597450.3404075,,,,,,,
-26.390115617752127,-0.7326565476195853,-0.15234767717239564,0.0007701372333765142,0.0,519.0841621077861,-219.31031109281966,20,40342,816000,0.0003,39732.1796875,28.622236251831055,0.13376334309577942,7546384.0,9045.87109375,806001,40000.0,-11597450.3404075,,,,,,,
-16.983799024581884,-0.684398428278159,-0.12311665713119486,-0.10103449427187818,0.0,483.1674634702335,-77.06875777451722,20,40420,818000,0.0003,41935.9609375,27.385711669921875,0.0989660769701004,6814653.0,11308.8056640625,808001,40000.0,-11597450.3404075,,,,,,,
3.785599790573124,0.5514388107201484,-0.08696794648174444,-0.2344811062939052,0.0,363.9279248097549,67.30784642130001,20,40498,820000,0.0003,40080.5078125,27.539960861206055,0.025662004947662354,6201378.5,11666.25,810001,40000.0,-11597450.3404075,,,,,,,
-1.9382052078247058,0.43106602673876,-0.5593038139362038,-0.20546679460871403,0.0,413.7207938463616,-326.2850280507224,20,40576,822000,0.0003,42514.10546875,31.41857147216797,-0.02455189824104309,8829210.0,16111.5537109375,812001,40000.0,-11597450.3404075,,,,,,,
-11.176633216857917,-0.17697936962939562,-0.14302782240367137,-0.007787834856637452,0.0,112.6618597223162,51.3611503633238,20,40654,824000,0.0003,34524.5,38.321693420410156,-0.08358528465032578,9076046.0,12471.5263671875,814001,40000.0,-11597450.3404075,,,,,,,
3.948179660797118,-0.28030590164375613,-0.25199822581803294,-0.0007596803725236352,0.0,104.50226793466688,144.0490370362818,20,40732,826000,0.0003,32558.2890625,31.083717346191406,0.21710678935050964,6616459.0,8252.265625,816001,40000.0,-11597450.3404075,,,,,,,
-15.27906986618042,-0.5303466479014631,0.0258935647330463,-0.09440956305491588,0.0,108.42937924335727,22.044185697806014,20,40810,828000,0.0003,34152.97265625,27.362640380859375,-0.1085471659898758,9485398.0,15606.1669921875,818001,40000.0,-11597450.3404075,,,,,,,
2.9411277389526393,-0.5216170700369716,0.08359433875434906,-0.18935130643901615,0.0,200.3577931336466,167.97753362359975,20,40888,830000,0.0003,32876.4453125,28.721843719482422,-0.293979287147522,8143823.0,10068.0283203125,820001,40000.0,-11597450.3404075,,,,,,,
1.4581223526000986,0.04361282813815482,0.4617694750540342,-0.010561931127168698,0.0,114.94400133761665,-169.01239572424714,20,40965,832000,0.0003,30190.681640625,40.00214767456055,0.03380932658910751,7663068.0,9191.375,822001,40000.0,-11597450.3404075,,,,,,,
7.458822175979587,0.17238465131082337,-0.06839537204575069,-0.08257557051094576,0.0,59.98949466307277,40.576906957952275,20,41047,834000,0.0003,31451.02734375,27.514469146728516,0.3485459089279175,6994126.5,9916.6865234375,824001,40000.0,-11597450.3404075,,,,,,,
-2.2154545021057137,0.08161587072351988,-0.1954308418175484,-0.0507562618069536,0.0,26.368879297191093,100.35904912644388,20,41130,836000,0.0003,33736.79296875,24.066307067871094,0.11604302376508713,6128494.0,7550.39599609375,826001,40000.0,-11597450.3404075,,,,,,,
-9.551229040145873,-0.160133757345625,-0.17507127871556383,0.026162991899472434,0.0,59.469369297051486,126.45784417683856,20,41211,838000,0.0003,37304.71875,25.343353271484375,0.21760794520378113,4969127.0,6098.07958984375,828001,40000.0,-11597450.3404075,,,,,,,
-4.806928590774541,-0.14408829106626322,0.10541561305589052,0.11460006227453266,0.0,99.19157500124204,46.13993645821742,20,41288,840000,0.0003,38876.57421875,27.583778381347656,-0.19677044451236725,7821778.0,8027.22021484375,830001,40000.0,-11595478.687563334,,,,,,,
-3.875651439666747,0.02847115623328868,-0.9092311349580406,-0.5165794384064045,0.0,1240.1766401581947,-449.75194128298637,20,41365,842000,0.0003,37444.7890625,28.252683639526367,-0.16095095872879028,9933586.0,14127.5224609375,832001,40000.0,-11595478.687563334,,,,,,,
12.752912265777589,0.4592649003236074,-0.18813806542447054,-0.23473991099985625,0.0,822.7827913889793,169.48319762626423,20,41442,844000,0.0003,36323.19140625,30.299497604370117,-0.2939184308052063,11419900.0,16251.990234375,834001,40000.0,-11595478.687563334,,,,,,,
1.2206795272827315,-0.0136068751727108,0.9883855561914109,-0.0627073361603677,0.0,1183.1456128111531,54.88167277228008,20,41519,846000,0.0003,34524.75,34.4647331237793,-0.16709357500076294,7712749.0,9059.427734375,836001,40000.0,-11595478.687563334,,,,,,,
9.820646564483653,0.28599588048202845,0.4114838963388098,-0.5185361068414486,0.0,494.83924808711583,-577.2131778222547,20,41595,848000,0.0003,33741.3828125,29.093273162841797,0.6024908423423767,10432688.0,10834.38671875,838001,40000.0,-11595478.687563334,,,,,,,
-9.966299272537231,0.6774533699874353,0.24709161567692806,-0.386656862983577,0.0,435.89986036972454,760.6390377895934,20,41672,850000,0.0003,36836.9765625,25.3148136138916,0.4262505769729614,9525724.0,14924.54296875,840001,40000.0,-11595478.687563334,,,,,,,
7.384737869262687,0.265261211071396,-0.5510571285789093,-0.40521001257958783,0.0,505.7636343768205,-594.3867752772265,20,41749,852000,0.0003,35668.4921875,26.26158332824707,0.7446417212486267,9171852.0,15954.6982421875,842001,40000.0,-11595478.687563334,,,,,,,
3.5954489593505885,0.19264054134354308,0.24403557319089367,-0.5079826981434884,0.0,358.8745389848226,-23.55412487645981,20,41826,854000,0.0003,37512.875,30.141338348388672,-0.12530076503753662,6751372.0,8202.7646484375,844001,40000.0,-11595478.687563334,,,,,,,
11.371418706893945,0.4704170669201859,-0.0023130777872627526,-0.28119355461018297,0.0,230.02774041465995,385.7872369091036,20,41902,856000,0.0003,37177.92578125,27.694477081298828,-0.28381210565567017,7201638.5,12430.751953125,846001,40000.0,-11595478.687563334,,,,,,,
-1.0391041545867938,-0.20010718709020045,-0.5152275503751074,-0.0978362861172315,0.0,209.5968217241709,-574.4186683012654,20,41981,858000,0.0003,38399.5703125,25.17453384399414,0.3872184157371521,8956604.0,14534.1201171875,848001,40000.0,-11595478.687563334,,,,,,,
-15.966401496887192,-0.3717000084251727,0.16058451879264998,-0.038514766163606974,0.0,82.20470767188652,-24.399586388986194,20,42058,860000,0.0003,41971.64453125,24.403818130493164,-0.4681167006492615,7820771.0,16557.32421875,850001,40000.0,-11595478.687563334,,,,,,,
4.09471127700805,-0.20115518651329714,-0.03533334267711421,-0.0536572432547873,0.0,27.72869770456621,27.986134133510493,20,42134,862000,0.0003,41104.81640625,25.19791030883789,0.49670612812042236,6052462.0,8368.5556640625,852001,40000.0,-11595478.687563334,,,,,,,
-1.5388226680755606,-0.12590251104311506,0.12843891078651548,-0.05428757501360685,0.0,24.13344965098477,68.92253612115591,20,42210,864000,0.0003,42219.24609375,25.323192596435547,-0.5777233839035034,4993809.0,9682.81640625,854001,40000.0,-11595478.687563334,,,,,,,
-2.5980238971710197,0.09639076349331276,0.07387890054781107,-0.08692921805797102,0.0,31.125519081891504,77.90110399695077,20,42287,866000,0.0003,41099.2890625,23.87044906616211,-0.13030147552490234,5995989.0,10718.6318359375,856001,40000.0,-11595478.687563334,,,,,,,
-4.006667203903199,-0.03746499518733495,-0.21133948902668545,-0.054837973103886245,0.0,30.727810081825574,93.29830400799334,20,42363,868000,0.0003,39556.9375,24.35793113708496,0.2475017011165619,7243220.0,8884.68359375,858001,40000.0,-11595478.687563334,,,,,,,
-11.491757541656494,-0.22252453430425373,0.07727888701046659,0.10887657537757196,0.0,66.23089546885785,72.11157090486327,20,42440,870000,0.0003,42630.66796875,23.686613082885742,-0.06316763907670975,5435664.5,10933.9931640625,860001,40000.0,-11595478.687563334,,,,,,,
-1.4634057521820085,-0.2790585028330228,-0.1479486053093596,0.07045410116148755,0.0,58.25113576259227,-6.664548580487051,20,42516,872000,0.0003,43570.78515625,24.750816345214844,-0.5207748413085938,4923612.0,6808.11328125,862001,40000.0,-11595478.687563334,,,,,,,
-15.899113935470563,-0.2883755724644055,0.15357755657453526,0.10746409458223392,0.0,78.75522725216473,-6.7084809510896894,20,42593,874000,0.0003,41406.5703125,27.15593719482422,0.2613399624824524,6224982.0,8036.51806640625,864001,40000.0,-11595478.687563334,,,,,,,
-1.0508840198516805,-0.27332216727406144,-0.26030219685814204,0.06119797460786737,0.0,69.17618264994935,154.0192059765791,20,42670,876000,0.0003,36537.9140625,29.12050437927246,0.5627588033676147,5858300.0,10914.3134765625,866001,40000.0,-11595478.687563334,,,,,,,
-19.380356487274163,-0.4164574738469996,0.19604052137845368,0.06727631516674645,0.0,101.67462894255351,-72.3408488302011,20,42746,878000,0.0003,41892.44140625,27.415742874145508,-0.08093832433223724,4695350.0,7411.4130859375,868001,40000.0,-11595478.687563334,,,,,,,
3.4346476936340324,-0.2505738808928637,-0.20298006329685794,-0.021653709940933793,0.0,65.45810496341153,134.34420031795779,20,42823,880000,0.0003,40497.32421875,25.292564392089844,-0.01209791749715805,6273565.0,13287.67578125,870001,40000.0,-11417320.359255226,,,,,,,
8.992036371231078,0.4240894519006916,0.46738156761550625,-0.7400103699366887,0.0,847.0144160858454,-477.84068553270436,20,42899,882000,0.0003,42029.21484375,24.65810775756836,-0.8523635864257812,3555668.0,6244.3271484375,872001,40000.0,-11417320.359255226,,,,,,,
-4.023352001190196,0.7328062790232398,-0.2726284999976492,-0.46309234831108986,0.0,679.8852386520585,-54.29827775366523,20,42975,884000,0.0003,39351.078125,24.681129455566406,0.1873040348291397,4574265.0,11545.099609375,874001,40000.0,-11417320.359255226,,,,,,,
-10.109627552032471,-0.25417080633285744,-0.3853117040309237,-0.2847724098434686,0.0,392.4175878889666,-256.13472575824744,20,43051,886000,0.0003,41582.66796875,29.648681640625,-0.22064942121505737,7309950.0,13204.3916015625,876001,40000.0,-11417320.359255226,,,,,,,
1.0277335624694819,0.0026798448257603852,0.1947352457143953,-0.1654304440896906,0.0,96.91801923333273,-46.75222207198819,20,43127,888000,0.0003,36895.8125,28.202430725097656,0.6778726577758789,6092221.5,9377.1806640625,878001,40000.0,-11417320.359255226,,,,,,,
2.944522373199464,0.07354515386789147,0.11965536058645428,-0.16127039368271803,0.0,48.57935049439754,70.40188592404371,20,43203,890000,0.0003,37776.24609375,24.65938949584961,0.06064358726143837,6075796.0,15588.3583984375,880001,40000.0,-11417320.359255226,,,,,,,
-4.648721778869632,0.3365010890087871,0.16022422700031683,-0.18295617784221163,0.0,102.23928244383472,83.60326362383714,20,43279,892000,0.0003,40876.38671875,24.37299346923828,-0.06280124187469482,5846221.0,11031.8388671875,882001,40000.0,-11417320.359255226,,,,,,,
-5.597771270751953,-0.025220794292283077,-0.42319261455006907,-0.19673527852940573,0.0,301.29259329159436,72.97697454102705,20,43354,894000,0.0003,41758.46484375,23.98418426513672,-0.15814226865768433,5679611.5,10889.0498046875,884001,40000.0,-11417320.359255226,,,,,,,
0.1716739063262943,0.07904742016465752,0.26262640298311996,-0.15684790367818927,0.0,85.35926810550504,-34.411230652548696,20,43430,896000,0.0003,43944.0078125,23.38020133972168,-0.6937429904937744,7338233.0,10338.9072265625,886001,40000.0,-11417320.359255226,,,,,,,
7.117948356628418,0.15017659074518225,-0.002056960299566415,-0.1675562109344528,0.0,52.944685886887285,64.11906777768748,20,43506,898000,0.0003,41836.75390625,26.94913101196289,0.0319112092256546,4975769.0,6583.849609375,888001,40000.0,-11417320.359255226,,,,,,,
-3.7540875759124757,0.2633407349842327,0.11126088671246244,-0.17209251868677525,0.0,74.37857980873022,79.78488569370303,,,900000,0.0003,39118.45703125,30.882909774780273,0.34632134437561035,10704362.0,18724.72265625,890000,,,0.12356249999999704,0.0,40000.0,-12716.768833927454,1477.2528140760178,0.0,0.0
,,,,,,,20,44746,900000,0.0003,42467.0,30.886075973510742,-0.0858154445886612,7021850.0,13817.638671875,890001,40000.0,-11417320.359255226,,,,,,,
-1.8470598011016854,0.10603280085964881,-0.3387468994597206,-0.23267286753727215,0.0,207.5979068585861,80.16148911759932,20,44822,902000,0.0003,40409.73046875,27.226665496826172,-0.7523823976516724,7143726.0,8586.04296875,892001,40000.0,-11417320.359255226,,,,,,,
1.838225200653076,-0.2103981024559793,0.006360592818181966,-0.2474045744437867,0.0,117.92992543507671,5.845875849185515,20,44898,904000,0.0003,39573.15234375,27.532516479492188,-0.3449523448944092,6948798.0,9218.234375,894001,40000.0,-11417320.359255226,,,,,,,
1.0292951087951656,-0.04870261410105386,0.19855246216207906,-0.2377393614840337,0.0,106.98404278166907,85.29894929873429,20,44974,906000,0.0003,37217.9765625,28.182130813598633,0.4581252336502075,11189939.0,10403.134765625,896001,40000.0,-11417320.359255226,,,,,,,
-3.4598849315643356,0.30426941255209206,0.18493346196557947,-0.24901281428862415,0.0,143.49958323725673,104.6039492531764,20,45051,908000,0.0003,41290.02734375,26.057693481445312,-0.84525465965271,7037567.0,10212.482421875,898001,40000.0,-11417320.359255226,,,,,,,
3.4405898036956835,0.21454896918313612,-0.41849606811656737,-0.39457982717094525,0.0,344.33334117590505,301.5897157255914,20,45127,910000,0.0003,42857.21875,23.48749542236328,0.08211848139762878,7076530.0,14549.9033203125,900001,40000.0,-11417320.359255226,,,,,,,
2.5436889724731437,-0.18562481357120675,0.21168928674713747,-0.46664140742959387,0.0,346.42387884552255,-96.37273269047512,20,45203,912000,0.0003,45742.609375,23.831087112426758,-0.4904857873916626,8510628.0,14177.1591796875,902001,40000.0,-11417320.359255226,,,,,,,
6.363700904846188,0.2154981382749973,0.05445174753638513,-0.3537322907362644,0.0,199.12150734573194,61.941746553420444,20,45280,914000,0.0003,44110.52734375,23.92797088623047,-0.4172361493110657,5973708.0,9513.9736328125,904001,40000.0,-11417320.359255226,,,,,,,
2.624855690002442,0.1543415881982239,0.032541046765567856,-0.3470617231342066,0.0,184.1835760930122,-90.07033028022022,20,45356,916000,0.0003,45024.77734375,23.818891525268555,-0.4543137848377228,7667747.0,9605.1181640625,906001,40000.0,-11417320.359255226,,,,,,,
8.148088964462298,0.24928200746753357,-0.0008387455628522195,-0.2739564017609609,0.0,150.5424922518558,42.77201136132755,20,45432,918000,0.0003,44899.16796875,24.822168350219727,-0.12364809215068817,6419314.0,9134.2333984375,908001,40000.0,-11417320.359255226,,,,,,,
8.972027860641488,0.2438430399356102,0.040956217043955356,-0.2653419602200094,0.0,143.89702850962888,-55.807947600090415,20,45509,920000,0.0003,45308.0859375,25.462249755859375,-0.03865622729063034,4838091.0,7407.72265625,910001,40000.0,-11220392.89503226,,,,,,,
1.2193664321899347,-0.5716714614497194,-0.3704413142615389,-0.45978999519553126,0.0,907.643989033464,175.19064400197288,20,45585,922000,0.0003,45837.9609375,25.76761817932129,0.11696791648864746,6323775.5,10663.39453125,912001,40000.0,-11220392.89503226,,,,,,,
0.9273504695892333,-0.03500063572838687,0.4774366864121907,-0.14957838688462224,0.0,204.2766060107192,-1129.8695077794277,20,45662,924000,0.0003,40531.84375,27.670413970947266,0.43278181552886963,10500790.0,17139.94140625,914001,40000.0,-11220392.89503226,,,,,,,
5.398318616867069,0.232789405260711,0.04848333014019993,-0.0732375557885263,0.0,33.78009362817187,27.785708531747087,20,45738,926000,0.0003,38368.65625,27.39192771911621,0.5859308242797852,11809636.0,12973.3447265625,916001,40000.0,-11220392.89503226,,,,,,,
-0.4770549163818395,-0.01790428470470627,-0.3510644484809002,-0.021109758138535925,0.0,63.033531410464455,106.4653347707946,20,45815,928000,0.0003,40721.59375,26.862567901611328,-0.09360082447528839,5594560.0,8505.6142578125,918001,40000.0,-11220392.89503226,,,,,,,
-1.6133949966430645,-0.3463718723752379,-0.1002197885883337,-0.05193098968460934,0.0,49.70952805747229,36.43456673620073,20,45891,930000,0.0003,39262.296875,23.84952163696289,-0.1446930468082428,6730666.5,8723.9111328125,920001,40000.0,-11220392.89503226,,,,,,,
-18.49464780807494,-0.43309075168331,0.13810282988137382,0.12726728608847054,0.0,130.50687262347896,9.644598190900837,20,45968,932000,0.0003,41302.8984375,25.331090927124023,0.0200643390417099,4575317.0,7524.4443359375,922001,40000.0,-11220392.89503226,,,,,,,
-10.74411874771119,-0.2925605679561324,-0.1263020377975879,0.11430833775647223,0.0,66.32980041665643,132.39998779329434,20,46045,934000,0.0003,41829.05859375,28.13186264038086,0.003652285784482956,5376589.0,8997.564453125,924001,40000.0,-11220392.89503226,,,,,,,
-10.198510358810427,-0.26111255834044816,0.1527581711658466,0.19793505560532357,0.0,109.39030990484346,-60.92717608466953,20,46121,936000,0.0003,39773.1796875,25.032739639282227,0.555199921131134,5558352.0,8621.609375,926001,40000.0,-11220392.89503226,,,,,,,
-18.198182586669898,-0.3366777194645303,-0.06320453986537684,0.21591301134063126,0.0,135.68638740521928,120.55829474283223,20,46198,938000,0.0003,39255.109375,23.2961483001709,0.1617402732372284,4911627.0,8044.4873046875,928001,40000.0,-11220392.89503226,,,,,,,
-1.9901408157348661,-0.21636810142292645,0.00018576467589556916,0.12658052616084892,0.0,59.974996733960964,-76.40268610966208,20,46274,940000,0.0003,41644.44140625,24.089372634887695,-0.011094201356172562,4760893.5,5833.39013671875,930001,40000.0,-11220392.89503226,,,,,,,
-21.130004150390633,-0.33499151405658023,-0.04674144231960059,0.20816273461518373,0.0,120.56016414723598,106.6083906987074,20,46351,942000,0.0003,37696.89453125,26.186344146728516,-0.06991925835609436,4851615.0,7658.9326171875,932001,40000.0,-11220392.89503226,,,,,,,
-10.104333545684819,-0.3550442171081181,-0.015423308273213943,0.24430121318111814,0.0,152.80940454213575,113.79917168572211,20,46428,944000,0.0003,42685.6953125,26.149982452392578,-0.3317737579345703,7384201.0,10619.9326171875,934001,40000.0,-11220392.89503226,,,,,,,
-13.981452800750777,-0.35503883669542835,0.01700660837416082,0.3013134434125803,0.0,200.61281158721494,-79.32549816383272,20,46505,946000,0.0003,39705.40625,25.488725662231445,0.1099124401807785,4985533.0,7207.01171875,936001,40000.0,-11220392.89503226,,,,,,,
-19.226796581268303,-0.3033047133348825,0.13695543977557215,0.2697670269604729,0.0,155.45295059587207,37.52714491215909,20,46582,948000,0.0003,39676.84375,25.58184242248535,0.09626267105340958,7406204.0,15318.7626953125,938001,40000.0,-11220392.89503226,,,,,,,
-2.0961198654174797,-0.16551302791280717,-0.03591573884358834,0.1753837354864442,0.0,66.68604731663024,-17.981514792515135,20,46659,950000,0.0003,39925.4453125,32.2799186706543,-0.02239275723695755,13642187.0,15693.0263671875,940001,40000.0,-11220392.89503226,,,,,,,
-12.433150375366173,-0.17878863390294514,0.13551555297892018,0.18593526134624572,0.0,96.13828896906088,52.10970725650813,20,46737,952000,0.0003,35769.4609375,27.64103889465332,0.28104352951049805,6993879.5,8493.89453125,942001,40000.0,-11220392.89503226,,,,,,,
-2.834806781768798,-0.1816378709274986,-0.20475970861042078,0.13602680884312549,0.0,66.50891380942774,93.91013819261799,20,46819,954000,0.0003,38230.796875,23.656177520751953,0.26382043957710266,6717326.0,10844.298828125,944001,40000.0,-11220392.89503226,,,,,,,
-15.167203268051134,-0.3318662079893011,0.031755078375265755,0.16359895300035135,0.0,118.7690954224829,116.34464677359831,20,46902,956000,0.0003,39161.1328125,24.653776168823242,0.010646186769008636,5563286.0,7640.85400390625,946001,40000.0,-11220392.89503226,,,,,,,
-10.067737670898431,-0.26890610339946863,-0.0632997385126418,0.15552921828983796,0.0,82.055843945875,27.207064362078604,20,46978,958000,0.0003,39894.25,23.93149185180664,-0.5487136244773865,5223010.5,9037.3720703125,948001,40000.0,-11220392.89503226,,,,,,,
-11.6764633693695,-0.3597302820624075,0.010537218377733915,0.2566571971878228,0.0,199.75163768080327,8.134307441587646,20,47055,960000,0.0003,39739.9296875,23.455564498901367,0.5869531631469727,6079337.5,9863.619140625,950001,40000.0,-10947174.647412749,,,,,,,
-1.5187303771972664,-0.08229285900181965,-0.12215954935976994,-0.9522638289758676,0.0,1111.2139647801855,42.498305906433494,20,47131,962000,0.0003,44650.21484375,24.382247924804688,-0.12170648574829102,5200039.0,11725.646484375,952001,40000.0,-10947174.647412749,,,,,,,
-3.8190485973358177,-0.19360820569608608,0.042408783154760904,-0.9341733513575743,0.0,1080.1811921519918,50.83060656699329,20,47208,964000,0.0003,42878.94140625,23.330169677734375,0.15390309691429138,6360056.5,10929.3212890625,954001,40000.0,-10947174.647412749,,,,,,,
0.15355723381042521,-0.27024111815384605,-0.2983727164982032,-0.8911785979961099,0.0,1079.4270184026427,-106.29285851591219,20,47284,966000,0.0003,44533.515625,23.5944766998291,0.3817604184150696,7491820.5,10473.2509765625,956001,40000.0,-10947174.647412749,,,,,,,
-8.811254339218147,-0.3630100327106961,0.15527936638903164,-0.8969803721000325,0.0,1053.5380579177397,107.3225548887442,20,47361,968000,0.0003,47005.69140625,23.257150650024414,-0.14332525432109833,4873957.5,8101.79248046875,958001,40000.0,-10947174.647412749,,,,,,,
-4.92584741210939,-0.34742427758302236,-0.5066840234721075,-0.5617069042736635,0.0,815.8768637651797,-438.3176858911677,20,47437,970000,0.0003,44193.33203125,25.248462677001953,-0.12069028615951538,9607980.0,14351.521484375,960001,40000.0,-10947174.647412749,,,,,,,
9.512735748291018,-0.43364068591874516,0.387317543640748,-0.14968224667990865,0.0,303.3948440720843,-511.2192414338288,20,47514,972000,0.0003,43379.21484375,26.42696762084961,0.37676119804382324,7423037.0,10879.4111328125,962001,40000.0,-10947174.647412749,,,,,,,
9.437236843109137,-0.5890797476185509,-0.12333956212411734,-0.18762822958232653,0.0,155.34325916025637,115.17894702019301,20,47590,974000,0.0003,42800.609375,29.333559036254883,-0.05322256684303284,7757274.0,9137.92578125,964001,40000.0,-10947174.647412749,,,,,,,
3.3004114322662295,-0.6122382674686646,0.0850430141892339,-0.20755194287282075,0.0,180.3964564507276,-75.5082425148945,20,47666,976000,0.0003,38565.6484375,30.21726417541504,-0.22036674618721008,5902168.5,8882.337890625,966001,40000.0,-10947174.647412749,,,,,,,
-19.54448615455627,-0.498650986333848,-0.24520848459865663,-0.1950910886369971,0.0,488.8082614082218,744.2382714351156,20,47743,978000,0.0003,40226.1484375,28.003881454467773,-0.11670056730508804,7731015.0,11459.2197265625,968001,40000.0,-10947174.647412749,,,,,,,
-1.0419725265502984,-0.6298914396367206,0.23527435909616065,-0.36767694447733584,0.0,478.24824193534454,-288.3521204181456,20,47819,980000,0.0003,33030.58203125,31.175800323486328,0.718452513217926,9177118.0,16059.1279296875,970001,40000.0,-10947174.647412749,,,,,,,
-4.591377035140992,-0.5914300922567418,0.050579279894896356,-0.35906944616492686,0.0,349.03187918459315,-318.5896840622247,20,47894,982000,0.0003,33412.62109375,26.337799072265625,0.3045468330383301,6571375.0,9332.08984375,972001,40000.0,-10947174.647412749,,,,,,,
-12.976363540649404,-0.4867506811353448,0.19029644920125152,-0.3926840932151672,0.0,326.99036098955963,320.52259676244034,20,47970,984000,0.0003,38576.9375,23.721580505371094,-0.5527108907699585,6149217.0,11476.6142578125,974001,40000.0,-10947174.647412749,,,,,,,
-12.587041717529296,-0.6283501486805989,-0.39291034450444284,-0.4314571899564683,0.0,596.004245965869,-99.8996117259823,20,48045,986000,0.0003,40565.3046875,24.033836364746094,0.06656746566295624,6854408.5,10496.5244140625,976001,40000.0,-10947174.647412749,,,,,,,
4.733731063842771,-0.7548497509836473,0.09635055570226775,-0.39900130110548127,0.0,386.4101620713469,-103.59436550116654,20,48121,988000,0.0003,40504.00390625,24.11598014831543,-0.27318277955055237,6265136.0,8156.0947265625,978001,40000.0,-10947174.647412749,,,,,,,
-17.509758281707764,-0.5260442115352608,0.12228333788970897,-0.49240345211511366,0.0,509.4291872487096,673.5254693249965,20,48196,990000,0.0003,42497.65234375,23.65407943725586,-0.32775139808654785,6232179.5,9006.1171875,980001,40000.0,-10947174.647412749,,,,,,,
-6.921244594573971,-0.7752034296725276,-0.28929155698663817,-0.4356016124480982,0.0,581.821970163474,-502.70741178769146,20,48277,992000,0.0003,40200.796875,26.49277114868164,0.24015891551971436,11142718.0,15599.9775390625,982001,40000.0,-10947174.647412749,,,,,,,
4.845874628067006,-0.7627218851447369,0.19058656488677622,-0.39871474276586394,0.0,404.33134660466027,-154.83795743961173,20,48358,994000,0.0003,42404.76171875,26.125965118408203,0.03983588516712189,8312735.0,11223.115234375,984001,40000.0,-10947174.647412749,,,,,,,
-16.30232068634032,-0.5701513561948113,-0.20830935440173473,-0.37210857012786286,0.0,623.0162768662126,349.6109193403401,20,48439,996000,0.0003,40678.4375,32.39789962768555,-0.44805747270584106,9483468.0,14532.1201171875,986001,40000.0,-10947174.647412749,,,,,,,
-2.5356370315551753,0.7005529360658284,-0.12441462379126465,-0.27733542037309555,0.0,594.7362214652114,-124.92635850444404,20,48519,998000,0.0003,34615.98046875,31.222997665405273,0.0515567921102047,6367212.0,7906.45068359375,988001,40000.0,-10947174.647412749,,,,,,,
-5.814238206863408,0.9235417878936436,0.045441568158985604,-0.3706169400827076,0.0,521.892019370562,-16.833137737947563,,,1000000,0.0003,35831.8515625,25.246854782104492,-0.2459738552570343,4307336.5,7195.7998046875,990000,,,0.12356249999999704,0.0,40000.0,-42181.6392549839,3180.914046394218,0.0017968750000000014,0.0
,,,,,,,20,49788,1000000,0.0003,39363.59375,25.253664016723633,0.2108263224363327,6211119.5,11162.8095703125,990001,40000.0,-11091878.13536268,,,,,,,
