rollout/acrobot_xk_applied_torque,rollout/acrobot_xk_elbow_norm,rollout/acrobot_xk_elbow_rate_norm,rollout/acrobot_xk_energy_error_norm,rollout/acrobot_xk_homoclinic_capture,rollout/acrobot_xk_lyapunov,rollout/acrobot_xk_lyapunov_rate,time/fps,time/time_elapsed,time/total_timesteps,train/learning_rate,train/actor_loss,train/alpha,train/alpha_loss,train/critic_loss,train/fraction,train/n_updates,rollout/ep_len_mean,rollout/ep_rew_mean,eval/best_strict_capture_mean_max_duration,eval/best_strict_capture_success_rate,eval/mean_ep_length,eval/mean_reward,eval/std_reward,eval/strict_capture_mean_max_duration,eval/strict_capture_success_rate
-0.6951487488094719,-0.0032285599428959364,0.02954946121638021,-0.9799226984556386,0.0,1231.6224730031743,442.92044908326034,2082,0,2000,0.0003,,,,,,,,,,,,,,,
-0.015724475480616264,-0.12994166418517333,0.17139721566979668,-0.9401983068674495,0.0,1289.7037279149447,29.32698687666009,2102,1,4000,0.0003,,,,,,,,,,,,,,,
-0.031666731845587034,0.05673706508306734,-0.4692272684998022,-0.8785570482202193,0.0,1181.0504780755675,-143.19027994434703,2112,2,6000,0.0003,,,,,,,,,,,,,,,
-0.7544393557084824,0.031263798487341114,0.22403886521647057,-0.9046106315876593,0.0,1252.510932968651,839.8712852438547,2124,3,8000,0.0003,,,,,,,,,,,,,,,
0.002026943632809761,-0.17882690585130592,0.2801826163883169,-0.9027538958340722,0.0,1291.7209600226288,-439.62827770233673,1412,7,10000,0.0003,0.0001036524772644043,1.0,-0.0,3173438.0,97.6973648071289,1,,,,,,,,,
6.546796934127809,0.4602876307278586,0.17034833839280936,-0.8615710661046833,0.0,971.8865239296326,-230.406205107886,160,74,12000,0.0003,22409.068359375,1.6127814054489136,-0.34127312898635864,491798.40625,2201.174560546875,2001,,,,,,,,,
8.665266817092892,0.5685167545939864,-0.04956952895177538,-0.8155837591488775,0.0,904.1705274236919,61.60754481895561,97,144,14000,0.0003,90753.5,2.223750114440918,-0.6572300791740417,154161.078125,2168.221923828125,4001,,,,,,,,,
12.484716287612905,0.3671661251090171,0.5079388693691375,-0.5887873938764971,0.0,781.8058722183548,-86.72051635171094,74,214,16000,0.0003,159515.921875,4.215931415557861,-1.3632757663726807,402123.375,2731.134765625,6001,,,,,,,,,
-16.125546957015967,-0.5283489271139148,0.1515124115138288,-0.4090638845316934,0.0,946.0411585744149,8.777897760919767,63,284,18000,0.0003,203603.296875,8.962358474731445,-5.6654462814331055,1093484.25,5535.53955078125,8001,,,,,,,,,
-19.810550527572648,-0.560692165811985,-0.26800242702312904,-0.23383218521871912,0.0,849.6363875646044,117.76466771875565,56,354,20000,0.0003,179281.203125,16.399568557739258,-4.860866546630859,6573373.0,19040.455078125,10001,,,,,,,,,
-23.156532953262314,-0.1249492948980388,-2.737897693601426,0.930179801958266,0.0,6105.656798479395,7933.801368719991,51,424,22000,0.0003,110663.4921875,29.46859359741211,-5.097249984741211,186128320.0,66333.6484375,12001,,,,,,,,,
-16.625042043685937,-0.2202582303344837,-1.7658815810053807,0.956419284395057,0.0,10271.272572306505,2448.2138279650267,48,493,24000,0.0003,256064.8125,49.345149993896484,-7.213133335113525,914499072.0,170065.875,14001,,,,,,,,,
31.256342399597166,0.4906121369767266,0.06939982212342535,0.19560911432264888,0.0,9360.992114513372,-2008.547130403517,46,562,26000,0.0003,385161.875,87.00397491455078,-6.936583042144775,1957946496.0,250174.875,16001,,,,,,,,,
41.080160955429115,0.5908036369326006,0.002969811069212698,0.4624235856425075,0.0,9120.701467375546,185.97220196193172,44,630,28000,0.0003,715244.75,147.57156372070312,-8.257172584533691,2229409280.0,198819.171875,18001,,,,,,,,,
20.07300851821901,0.43546030448212775,-0.126728722785873,0.24271544795471242,0.0,11026.941326426126,284.4351184122465,42,698,30000,0.0003,761802.4375,277.58209228515625,-10.929037094116211,3422526208.0,202165.40625,20001,,,,,,,,,
15.401491403579708,0.5441645613348495,0.47549262220855315,-0.18662021377923477,0.0,9005.54151356321,1161.0176186158362,41,766,32000,0.0003,624768.75,539.4678344726562,-13.72427749633789,24121659392.0,565108.3125,22001,,,,,,,,,
63.389292306900025,-0.05670694452697481,14.511528718611727,32.79463365618256,0.0,2183875.2046167743,9685487.161155846,40,834,34000,0.0003,-731437.3125,1069.725341796875,-18.340511322021484,10197221244928.0,20701688.0,24001,,,,,,,,,
-27.65695542144777,0.006268825355369418,25.3540611005107,87.93623425418043,0.0,11074422.583888996,-7371770.017489611,39,902,36000,0.0003,7180109.5,1666.0025634765625,-13.545478820800781,321538599419904.0,100090800.0,26001,,,,,,,,,
-63.63210062217713,-0.16732370795757878,5.185826362143759,7.874270336824033,0.0,1289470.1968320636,-1152968.652350309,39,970,38000,0.0003,15256078.0,3037.32080078125,-12.701323509216309,286821942558720.0,98687312.0,28001,,,,,,,,,
-49.4690631313324,0.03331032088611889,-14.779693866110767,31.305576820521413,0.0,2488227.749072039,2835368.029731571,38,1038,40000,0.0003,18541538.0,5263.56787109375,-8.21796703338623,349255935983616.0,97269728.0,30001,40000.0,-34203173978.488644,,,,,,,
-7.952552968978879,-0.3391145757158573,-0.41325524091070004,-0.8194410805350439,0.0,934.5378743235739,-349.4685978831753,37,1106,42000,0.0003,33275580.0,8757.2626953125,-8.04288101196289,259100009037824.0,83813656.0,32001,40000.0,-34203173978.488644,,,,,,,
-3.1432714481353856,-0.0394934551607269,-0.8066488866844833,-0.5001710881174578,0.0,979.7206362988142,1234.734839796423,37,1174,44000,0.0003,36803596.0,14346.830078125,-7.153119087219238,4028398003290112.0,364751328.0,34001,40000.0,-34203173978.488644,,,,,,,
-30.19321959304811,-0.5244106478585743,-0.800145511728282,0.07131858990226349,0.0,2637.690533544545,2188.765264286909,37,1243,46000,0.0003,35342400.0,22656.068359375,-4.1133623123168945,1499730907496448.0,287481376.0,36001,40000.0,-34203173978.488644,,,,,,,
-29.69124372100832,-0.2159603463747562,-1.0716600257129263,0.907201765611485,0.0,7714.686054578554,3206.6112848781463,36,1311,48000,0.0003,41747816.0,33538.81640625,-4.18524694442749,4969957913788416.0,439107680.0,38001,40000.0,-34203173978.488644,,,,,,,
-40.40747802352904,-0.3787317144494282,-1.0750629517630752,1.0574691778144472,0.0,10688.243982167203,20299.497544408187,36,1380,50000,0.0003,40282180.0,43750.95703125,-0.9380234479904175,2990821951406080.0,380411776.0,40001,40000.0,-34203173978.488644,,,,,,,
-20.591483890533464,-0.10447917493434193,-4.582626201621316,2.7674398542717706,0.0,46775.87097376237,59828.47336279307,35,1449,52000,0.0003,40984464.0,50418.5546875,-0.2998683750629425,4039758997094400.0,531739008.0,42001,40000.0,-34203173978.488644,,,,,,,
-26.87519921875,0.002092008927044427,-8.727171077666371,10.705251476208879,0.0,294825.14190749533,595479.6084875009,35,1518,54000,0.0003,33126464.0,54542.390625,-0.6503903269767761,1809572935237632.0,432667648.0,44001,40000.0,-34203173978.488644,,,,,,,
-26.423890335083016,-0.02189089671558293,-14.790073620696964,28.81165110416913,0.0,1537953.855478504,2068278.8312817533,35,1586,56000,0.0003,37548840.0,55577.37109375,0.26770102977752686,4962922757357568.0,446239904.0,46001,40000.0,-34203173978.488644,,,,,,,
-28.219668243408204,-0.00044218848619945433,-20.576293032211904,55.99417988517702,0.0,5209325.368726604,5375368.726450198,35,1655,58000,0.0003,60080228.0,54852.765625,1.0124058723449707,3839084703252480.0,402127360.0,48001,40000.0,-34203173978.488644,,,,,,,
-26.65314612388612,-0.0031180692385723518,-26.017278589763475,89.01701629508271,0.0,12715192.729275934,9717091.44767431,34,1724,60000,0.0003,58311932.0,53333.9765625,0.6302192211151123,1.1144961244266496e+16,662525696.0,50001,40000.0,-34203173978.488644,,,,,,,
-19.081482563018834,-0.00041152025198360766,-30.04118554519217,118.10396395129753,0.0,22854909.644826803,8870140.138454638,34,1793,62000,0.0003,52070064.0,53185.8125,-0.6423325538635254,2531503384821760.0,243191456.0,52001,40000.0,-34203173978.488644,,,,,,,
-3.822414682388304,-0.002634406714666964,-30.230034324289303,120.16758575137321,0.0,27730401.2723815,-563490.0857154111,34,1863,64000,0.0003,57626432.0,63550.33203125,-0.4534880220890045,5661679576678400.0,341786912.0,54001,40000.0,-34203173978.488644,,,,,,,
22.946793403625474,0.012260937847310815,-23.69075688579796,75.41788883482252,0.0,22384398.456502974,-6841651.629370381,34,1932,66000,0.0003,59766404.0,82110.2265625,-2.041487216949463,1.2835967178113024e+16,617281024.0,56001,40000.0,-34203173978.488644,,,,,,,
57.01716125297546,-0.14179419267140156,-6.676623041752368,12.341028004952475,0.0,18607384.312803134,-627080.8872375803,33,2001,68000,0.0003,105323024.0,104309.8828125,-0.025409787893295288,2.218384968122368e+16,537210176.0,58001,40000.0,-34203173978.488644,,,,,,,
53.684289119720454,-0.006091095076430796,16.165624565876,38.83416039443741,0.0,19675710.34634101,4876036.250025728,33,2072,70000,0.0003,120908952.0,128552.9609375,-0.8237189054489136,1.256802993831936e+16,542826048.0,60001,40000.0,-34203173978.488644,,,,,,,
38.425639446258586,0.01285885434989278,30.6557262017029,125.65268072503268,0.0,32602548.030121256,21614767.257201344,33,2142,72000,0.0003,164910016.0,154112.828125,-0.7457453012466431,2.1875284198293504e+16,868302720.0,62001,40000.0,-34203173978.488644,,,,,,,
19.207284547805795,-0.005132562180167286,38.729510141223294,198.39305495650095,0.0,55007071.026477836,11410513.168689704,33,2213,74000,0.0003,153554272.0,180835.8125,1.5075461864471436,2.0400454705872896e+16,771134464.0,64001,40000.0,-34203173978.488644,,,,,,,
-11.359056982040403,0.003077393061481722,36.89546347616834,179.45772340584656,0.0,42455402.074610196,-29863986.473714747,33,2284,76000,0.0003,251055648.0,204237.21875,-2.572897434234619,3.130628290851635e+16,808618112.0,66001,40000.0,-34203173978.488644,,,,,,,
-25.663585779190093,-0.004495160169124822,28.042692105920658,103.79973907053633,0.0,14555249.178118708,-20590157.673385646,33,2355,78000,0.0003,278751136.0,221049.6875,-0.8573220372200012,4.774395597396378e+16,938350784.0,68001,40000.0,-34203173978.488644,,,,,,,
-45.92291963577269,0.023041230862849312,14.319741636600977,30.691585145802293,0.0,1674847.1439983791,-5526795.746537066,32,2426,80000,0.0003,357119904.0,237942.109375,0.18890804052352905,6.306446939101594e+16,1149564288.0,70001,40000.0,-294476536320.8706,,,,,,,
0.011908782958984397,-0.004899953629313015,-0.0021135545706980263,-0.9972134287990392,0.0,1194.1240367964385,241.41821624597418,32,2499,82000,0.0003,455049664.0,245797.171875,1.0018280744552612,5.216745016629658e+16,1002672832.0,72001,40000.0,-294476536320.8706,,,,,,,
-0.5996119174957264,-0.017895731696316024,-0.023773926342820148,-0.9967460703655038,0.0,1193.3428231451046,215.75452742694745,32,2573,84000,0.0003,445482208.0,252409.125,-0.7103877663612366,5.558763999828378e+16,1212802944.0,74001,40000.0,-294476536320.8706,,,,,,,
-0.534119005203246,-0.04361776188060643,0.004062249317982691,-0.9956110751851216,0.0,1190.986386107536,206.28324518112353,32,2646,86000,0.0003,596091648.0,260917.390625,-0.6571363210678101,3.902961335926784e+16,983754240.0,76001,40000.0,-294476536320.8706,,,,,,,
0.02163990974426271,0.0021797985189066006,0.041671791653726545,-0.9960448062824442,0.0,1192.1129631429317,213.5310018042233,32,2720,88000,0.0003,595005056.0,268014.03125,1.7209446430206299,4.769053946570342e+16,1021494016.0,78001,40000.0,-294476536320.8706,,,,,,,
0.23211321067810092,0.025888321779023143,-0.0097535547087013,-0.9959793957465003,0.0,1191.4067363096942,203.88524045816936,32,2794,90000,0.0003,783392000.0,274800.8125,-0.8079289197921753,3.2130484985135104e+16,782576256.0,80001,40000.0,-294476536320.8706,,,,,,,
0.6991038322448724,0.022405666945772073,0.020550250679287382,-0.9957955231806422,0.0,1191.1264317423024,201.17771868319304,32,2868,92000,0.0003,768907904.0,277443.84375,1.1604148149490356,4.871722992297574e+16,1191638016.0,82001,40000.0,-294476536320.8706,,,,,,,
1.1975092620849614,0.07037618620653051,0.02382266965241387,-0.9926691796511835,0.0,1185.1041139719464,175.59393321712238,31,2944,94000,0.0003,814083008.0,281300.09375,1.3175524473190308,5.725503649690419e+16,1498543104.0,84001,40000.0,-294476536320.8706,,,,,,,
1.029328723907471,0.06172561550134219,-0.022314455360524562,-0.9931347910360834,0.0,1185.7161910586651,183.9371202403821,31,3020,96000,0.0003,1000604160.0,281920.46875,-0.6869018077850342,6.006227436621005e+16,1103894400.0,86001,40000.0,-294476536320.8706,,,,,,,
1.3824090175628672,0.061092835024469064,0.02632562579709704,-0.9928195889588979,0.0,1185.030971148701,168.7480344184199,31,3096,98000,0.0003,998816384.0,279118.71875,0.4170380234718323,6.890689192892826e+16,1309708544.0,88001,40000.0,-294476536320.8706,,,,,,,
1.4935774192810063,0.09569585380534996,0.0012630920811179495,-0.9892590449160189,0.0,1177.9957390658144,147.3465841936928,,,100000,0.0003,1040839424.0,275920.03125,-0.5571567416191101,4.753566723997696e+16,1176927872.0,90000,,,0.0,0.0,40000.0,-35219.50103019019,3627.9550890973737,0.0,0.0
,,,,,,,22,4356,100000,0.0003,1177074304.0,275945.5625,0.19256344437599182,1.0647796016427827e+17,1357683456.0,90001,40000.0,-294476536320.8706,,,,,,,
1.2506708316802997,0.06540178803473622,-0.020729518559970142,-0.9916115260790219,0.0,1182.2386655419725,165.20270692952613,23,4428,102000,0.0003,1416731392.0,271231.71875,1.8151702880859375,5.60305370258473e+16,1558234112.0,92001,40000.0,-294476536320.8706,,,,,,,
1.7542670288085929,0.07946595133707941,0.03396706109028064,-0.9898268862480966,0.0,1178.8273676426159,146.38685521915582,23,4503,104000,0.0003,1448508288.0,263103.75,-0.3868505358695984,7.958632811043226e+16,1859650304.0,94001,40000.0,-294476536320.8706,,,,,,,
1.5020384998321539,0.10363250727060101,-0.01618917548150219,-0.9868600962072279,0.0,1172.8789163284687,136.93861420367958,23,4578,106000,0.0003,1354910208.0,256517.265625,0.7550963163375854,3.675670378132275e+16,1055576064.0,96001,40000.0,-294476536320.8706,,,,,,,
1.3620386257171635,0.06374973613292918,-0.011386141972407157,-0.9902308154065513,0.0,1178.8813518620623,154.9131489440066,23,4653,108000,0.0003,1955792896.0,250797.875,0.20026814937591553,5.84697563274281e+16,1657598848.0,98001,40000.0,-294476536320.8706,,,,,,,
1.9797727603912354,0.09709748338009719,0.03881496642719682,-0.9861125724851234,0.0,1171.1208888782844,110.58571001418474,23,4727,110000,0.0003,1342637056.0,250479.734375,-0.26417863368988037,6.741360051958579e+16,1388395008.0,100001,40000.0,-294476536320.8706,,,,,,,
1.5466996765136718,0.10666653295049323,-0.030642736603159637,-0.9844238469189286,0.0,1167.4958716819453,122.57657111940512,23,4802,112000,0.0003,1709144576.0,252253.1875,1.3573317527770996,8.901659882369843e+16,2609427712.0,102001,40000.0,-294476536320.8706,,,,,,,
1.7079984817504883,0.07178055678370236,0.006500368792423518,-0.987606858033687,0.0,1172.9403898614896,131.2717961947649,23,4877,114000,0.0003,1605735936.0,258348.25,-0.8398053646087646,6.606095210931814e+16,1363521152.0,104001,40000.0,-294476536320.8706,,,,,,,
2.1748360404968263,0.12105475135181161,0.03274967358705861,-0.9808246389511087,0.0,1160.1853631423592,80.06940119273324,23,4951,116000,0.0003,1693908992.0,266317.125,-0.01973693072795868,6.664964609671168e+16,1576771072.0,106001,40000.0,-294476536320.8706,,,,,,,
1.6025956630706784,0.10478593432786568,-0.04296812999074174,-0.9819100925533154,0.0,1161.7657680490656,113.44447579023785,23,5025,118000,0.0003,1692031616.0,270829.8125,-0.8081414699554443,1.0785072620136038e+17,1816979712.0,108001,40000.0,-294476536320.8706,,,,,,,
2.051612545013428,0.0829304680625385,0.02913297851558304,-0.9837140882320463,0.0,1164.5868505688197,97.04954249739052,23,5100,120000,0.0003,2292449280.0,282684.53125,-0.6636481285095215,8.096301974762291e+16,1473669376.0,110001,40000.0,-196333422792.46445,,,,,,,
1.2298524188995361,0.06083225824338341,0.06954636447465203,-0.9951379882358048,0.0,1192.423852386154,102.36082246847212,23,5174,122000,0.0003,1576755200.0,295749.5,0.20784945785999298,1.038998802750505e+17,2102331392.0,112001,40000.0,-196333422792.46445,,,,,,,
1.7608343009948735,0.10621067274509988,-0.00045759178378325263,-0.9912316860885748,0.0,1183.1214950867236,85.99975720483323,23,5249,124000,0.0003,2413169664.0,315829.625,-1.8252686262130737,8.348745549532365e+16,1629162496.0,114001,40000.0,-196333422792.46445,,,,,,,
1.9285006999969478,0.09862332425344165,0.003930156324999393,-0.9920600416328158,0.0,1184.6305446813317,86.54870979408652,23,5323,126000,0.0003,1586461824.0,330367.84375,-0.005462475121021271,1.2983045326687437e+17,1883465472.0,116001,40000.0,-196333422792.46445,,,,,,,
2.277728178024289,0.12373091992584734,0.019194835132429474,-0.9884619727545281,0.0,1177.8702773364353,62.72168191049625,23,5398,128000,0.0003,2147225856.0,347691.65625,-1.5464259386062622,6.025129587690701e+16,1315333504.0,118001,40000.0,-196333422792.46445,,,,,,,
2.067210016250616,0.1219621727956278,-0.018991237895121468,-0.9885300982904396,0.0,1177.878994436203,73.79326133805948,23,5473,130000,0.0003,1514158464.0,370448.5,0.7776795029640198,9.054504024539136e+16,1824561536.0,120001,40000.0,-196333422792.46445,,,,,,,
2.2364002017974887,0.10917435240263207,0.010350257606412009,-0.9901224320958768,0.0,1180.7216008802939,70.29562701119745,23,5548,132000,0.0003,1800471936.0,389573.75,-0.4421007037162781,6.180437323100979e+16,1128842496.0,122001,40000.0,-196333422792.46445,,,,,,,
2.3959193630218514,0.1370871557433721,0.011261396916297331,-0.9857882196598823,0.0,1172.5561358203408,55.668730849574565,23,5622,134000,0.0003,1775422848.0,402894.59375,-0.6180959343910217,9.246088771718349e+16,1844376576.0,124001,40000.0,-196333422792.46445,,,,,,,
2.1296000614166264,0.11947539496631966,-0.02308541011548297,-0.9880756339375397,0.0,1176.7076164969997,73.94813718796652,23,5697,136000,0.0003,1970962048.0,416226.5,0.03660397231578827,8.678290659213312e+16,1380618624.0,126001,40000.0,-196333422792.46445,,,,,,,
2.3978678150177033,0.11634479432962276,0.0225065063651367,-0.9882596962999599,0.0,1176.942146996207,53.92249264785463,23,5771,138000,0.0003,2178934784.0,431754.1875,0.06195187568664551,1.905809961422684e+17,1805450880.0,128001,40000.0,-196333422792.46445,,,,,,,
2.4237691917419424,0.1468744944153893,0.0003669036885791141,-0.9832564337570773,0.0,1167.425363188996,51.02143274546304,23,5846,140000,0.0003,1859011328.0,436039.0,0.44089776277542114,1.556637710192476e+17,2074664960.0,130001,40000.0,-196333422792.46445,,,,,,,
2.2283293361663725,0.11768227348425417,-0.02107389693920823,-0.9873428131253347,0.0,1174.8573485502127,74.3659536115438,23,5920,142000,0.0003,1690417664.0,438101.875,1.6004459857940674,1.2929495674440909e+17,1594690688.0,132001,40000.0,-196333422792.46445,,,,,,,
2.5966381702423096,0.12927474575663755,0.03288467441859836,-0.9851871115507161,0.0,1170.8397569705296,43.54060514290835,24,5995,144000,0.0003,1613439232.0,434608.78125,0.36505326628685,1.6481607144911667e+17,2246251008.0,134001,40000.0,-196333422792.46445,,,,,,,
2.491150833129885,0.15573899868507055,-0.012978034073780606,-0.9804968252155314,0.0,1161.843091966813,53.05541949017515,24,6069,146000,0.0003,1775007488.0,427090.90625,-3.331732749938965,1.086970237372334e+17,1710712192.0,136001,40000.0,-196333422792.46445,,,,,,,
2.359836061477662,0.11787073978259634,-0.012902274840421146,-0.986135567868549,0.0,1171.9990446079105,72.47469456868315,24,6144,148000,0.0003,1680816128.0,419037.1875,0.39997440576553345,1.3641884719959245e+17,1528005888.0,138001,40000.0,-196333422792.46445,,,,,,,
2.803897804260255,0.1460459075255017,0.03752325257871273,-0.9810345246031862,0.0,1162.5914454315678,36.58949578071325,24,6219,150000,0.0003,1961293696.0,405704.625,-0.380122572183609,1.9762103165596467e+17,2308094464.0,140001,40000.0,-196333422792.46445,,,,,,,
2.5538731651306144,0.15951028462619998,-0.029252008244734347,-0.9782384918025988,0.0,1157.1491123782353,64.67481769560908,24,6294,152000,0.0003,2000175488.0,387115.34375,-0.5336832404136658,3.706936107959583e+17,2774957312.0,142001,40000.0,-196333422792.46445,,,,,,,
2.5291175422668437,0.11867275017597914,0.0009306570685825936,-0.9845859700220557,0.0,1168.4249922246793,66.82245096605958,24,6369,154000,0.0003,1922115328.0,369902.375,-0.10983946919441223,1.3989677427693978e+17,1873761024.0,144001,40000.0,-196333422792.46445,,,,,,,
2.97766335487366,0.16395157491244475,0.03432169554913393,-0.9761052872585059,0.0,1152.7513992404731,31.215901234702272,24,6444,156000,0.0003,2593220096.0,358669.75,-0.7505918145179749,1.66777875070976e+17,2705275648.0,146001,40000.0,-196333422792.46445,,,,,,,
2.4953250484466536,0.15368362426235987,-0.04118637249354244,-0.9772365827417687,0.0,1154.5222323844723,75.88077782550245,24,6518,158000,0.0003,1776034048.0,334991.0,-0.1545083224773407,2.285327359189975e+17,2806830080.0,148001,40000.0,-196333422792.46445,,,,,,,
2.788298450469971,0.12709978591844515,0.02294019954167896,-0.9812782536976989,0.0,1161.5173100829716,61.95892181999028,24,6593,160000,0.0003,2393741568.0,321668.65625,-1.7445902824401855,1.752908266691625e+17,2475004928.0,150001,40000.0,-147261780481.2289,,,,,,,
1.3565415477752696,0.06694370051148797,0.07913159003264535,-0.9948176874319618,0.0,1192.4759592665412,89.27527687029504,24,6668,162000,0.0003,1943522688.0,308688.53125,0.46540647745132446,1.209528245855191e+17,2468304384.0,152001,40000.0,-147261780481.2289,,,,,,,
2.1234606742858895,0.12787299432057803,0.007313511173971074,-0.988633467763847,0.0,1178.5711242539303,74.35581448765514,24,6742,164000,0.0003,1462306048.0,293349.75,-0.9898111820220947,1.1801449142943744e+17,2081030016.0,154001,40000.0,-147261780481.2289,,,,,,,
2.452005401611327,0.12515806241620261,0.003582378777799615,-0.9890336898328634,0.0,1179.2441649297334,79.85290670854064,24,6817,166000,0.0003,1948334208.0,280194.0625,1.0696392059326172,2.0813768857695027e+17,2723307776.0,156001,40000.0,-147261780481.2289,,,,,,,
2.641096897125243,0.145426658980788,0.015584849766704602,-0.9855814543861842,0.0,1172.8293489115438,63.35853455708366,24,6891,168000,0.0003,1849059456.0,264053.6875,-0.8663871884346008,1.812366591346606e+17,2729352704.0,158001,40000.0,-147261780481.2289,,,,,,,
2.4918540172576913,0.14273328379889844,-0.016968544705887035,-0.9858717803221206,0.0,1173.2730204836575,82.4409901644579,24,6964,170000,0.0003,1869728000.0,250456.5625,-1.332491397857666,1.4062923799959962e+17,2734946816.0,160001,40000.0,-147261780481.2289,,,,,,,
2.476237014770506,0.1275433870896468,0.005484547198139794,-0.9881834893238596,0.0,1177.5152013178329,83.81042941010371,24,7038,172000,0.0003,2030026240.0,237533.09375,-2.254971504211426,2.713868544465961e+17,2807014656.0,162001,40000.0,-147261780481.2289,,,,,,,
2.5825913772583027,0.14545860873947597,0.005215836418571021,-0.9851263278058503,0.0,1171.7324299592135,76.13301190231046,24,7111,174000,0.0003,1089168384.0,225346.3125,-0.7664996385574341,5.889121287824998e+16,1563222784.0,164001,40000.0,-147261780481.2289,,,,,,,
2.328822446823114,0.12896401121362133,-0.020223235733035364,-0.9874969465035972,0.0,1176.115382344091,98.48503000634146,24,7184,176000,0.0003,1676063360.0,217461.4375,0.26343080401420593,3.2338564554214605e+17,2493232128.0,166001,40000.0,-147261780481.2289,,,,,,,
2.471792839050294,0.12415494590168724,0.016801031617058277,-0.9880672605701428,0.0,1177.0257747313558,82.01779227712429,24,7257,178000,0.0003,1695428864.0,211894.453125,-0.908562421798706,1.6819396014820557e+17,2870435072.0,168001,40000.0,-147261780481.2289,,,,,,,
2.435880163192754,0.14379451231376653,-0.003451490479180736,-0.9847641570867599,0.0,1170.7577385444192,84.42160115565909,24,7330,180000,0.0003,1757000704.0,201177.84375,-2.7130448818206787,1.2015609097224192e+17,2988813056.0,170001,40000.0,-147261780481.2289,,,,,,,
2.1770123748779313,0.11782664508802702,-0.016440390616696544,-0.9883953651575847,0.0,1177.417574305475,107.82356119646046,24,7403,182000,0.0003,1256542464.0,195746.375,-0.5800004601478577,2.6906114683568128e+17,2833327872.0,172001,40000.0,-147261780481.2289,,,,,,,
2.495015251159671,0.12368939609354916,0.02016798418186782,-0.9873497685341864,0.0,1175.339631839457,93.17070551099852,24,7477,184000,0.0003,1115231744.0,187241.203125,1.9519429206848145,9.57817478405161e+16,1975807488.0,174001,40000.0,-147261780481.2289,,,,,,,
2.2028358402252164,0.1359172235207414,-0.013762753462940999,-0.9852513509634047,0.0,1171.336704180812,95.06836825468838,24,7550,186000,0.0003,1207901568.0,178074.328125,-1.5211900472640991,2.281518753990574e+17,2263672320.0,176001,40000.0,-147261780481.2289,,,,,,,
2.108583189010621,0.10684067560213231,-0.00866269008692118,-0.9891080834072893,0.0,1178.310777325846,113.83418617106304,24,7623,188000,0.0003,1891826048.0,172089.328125,-3.986607551574707,3.518826161121526e+17,3173193216.0,178001,40000.0,-147261780481.2289,,,,,,,
2.3921672821044915,0.12514307293296928,0.019784783613837415,-0.9862419266742675,0.0,1172.8939354742508,97.2076361545274,24,7696,190000,0.0003,1623605120.0,165889.671875,-1.0919307470321655,1.1841930068702003e+17,2558742528.0,180001,40000.0,-147261780481.2289,,,,,,,
1.9088540325164787,0.11796810105662282,-0.028836509858885598,-0.9867371748488942,0.0,1173.6867969313778,114.20133092177531,24,7769,192000,0.0003,1152296576.0,161152.21875,1.3072245121002197,1.448770980942971e+17,2322990848.0,182001,40000.0,-147261780481.2289,,,,,,,
1.9985021038055424,0.09267816933686088,0.009232052515217309,-0.9895708745072573,0.0,1178.626399598298,120.71387050218902,24,7841,194000,0.0003,1360913920.0,155268.828125,1.0362663269042969,1.5617555932223898e+17,2479974144.0,184001,40000.0,-147261780481.2289,,,,,,,
2.184622728347783,0.12456585791051948,0.014357373429733825,-0.9849510636945963,0.0,1169.7346758684757,91.89307247832333,24,7914,196000,0.0003,1923803904.0,150310.265625,-0.250379741191864,2.148899784616837e+17,2392132608.0,186001,40000.0,-147261780481.2289,,,,,,,
1.6548824081420899,0.10104136605277621,-0.03603024550693434,-0.9872754648297879,0.0,1174.06679602859,125.49889420713326,24,7987,198000,0.0003,1276704256.0,144450.546875,0.7468120455741882,2.960358091972936e+17,3636070144.0,188001,40000.0,-147261780481.2289,,,,,,,
1.9445824871063229,0.08466488249125423,0.02300536666817863,-0.9887549709635315,0.0,1176.4466229211434,114.45852031453848,,,200000,0.0003,1434080640.0,142630.0625,0.5438939332962036,1.9014373411179725e+17,3218489344.0,190000,,,0.0,0.0,40000.0,-35416.52867456968,3304.1250776075453,0.0,0.0
,,,,,,,21,9237,200000,0.0003,1561699968.0,142626.25,0.9471899271011353,3.620447836123955e+17,3079107584.0,190001,40000.0,-117818831345.0068,,,,,,,
1.9112574729919434,0.0809195422536656,0.09528447636591615,-0.9623415541538723,0.0,1118.2888685360285,102.18030905330845,21,9308,202000,0.0003,1169537280.0,138170.484375,-2.1373610496520996,3.41724777938944e+17,3355278592.0,192001,40000.0,-117818831345.0068,,,,,,,
1.262263832092286,0.11551814450323611,-0.05366620563111663,-0.9564914811074703,0.0,1104.441291121883,114.02755995502037,21,9379,204000,0.0003,1295887488.0,135028.484375,1.4619287252426147,2.3350854143075942e+17,3523856384.0,194001,40000.0,-117818831345.0068,,,,,,,
1.471594068527223,0.04138419901125511,0.006203553574004376,-0.9614113395086027,0.0,1111.6631968972795,143.53996131232796,21,9450,206000,0.0003,1116516224.0,132205.1875,0.0010456740856170654,2.145478929064919e+17,3084076800.0,196001,40000.0,-117818831345.0068,,,,,,,
2.3658976802825893,0.12280171188679832,0.05278031225139795,-0.9493384746930523,0.0,1088.4841451868674,72.71625216151233,21,9523,208000,0.0003,1354726144.0,127473.515625,1.244895577430725,2.2968435409000858e+17,2980165632.0,198001,40000.0,-117818831345.0068,,,,,,,
0.9052548980712883,0.08842507571595916,-0.08751429223650703,-0.9487326636708842,0.0,1086.6916731106683,121.44987199041937,21,9596,210000,0.0003,1006251584.0,125221.4140625,0.5295330882072449,1.7549341168658022e+17,2698533888.0,200001,40000.0,-117818831345.0068,,,,,,,
1.4798604946136489,0.029305615211330828,0.04697326165745067,-0.9505172835274801,0.0,1087.4260022653255,148.69273698532083,21,9669,212000,0.0003,1573642368.0,122740.8671875,0.34085917472839355,2.878561298814075e+17,3361067264.0,202001,40000.0,-117818831345.0068,,,,,,,
2.013364665985103,0.13117620725868825,0.027312194799078347,-0.9356214684613199,0.0,1057.8614520692947,74.26824377601957,21,9742,214000,0.0003,1646935552.0,120998.125,-0.09947499632835388,2.4746866261150925e+17,2658970368.0,204001,40000.0,-117818831345.0068,,,,,,,
0.5493123168945315,0.05200593360305576,-0.0949296316025545,-0.9371131436665487,0.0,1059.6062999389821,135.5111739927606,22,9815,216000,0.0003,1565003008.0,119977.078125,-1.456782579421997,7.34750878644306e+16,1763763968.0,206001,40000.0,-117818831345.0068,,,,,,,
1.7493921718597416,0.03480374733001432,0.08504806226129231,-0.9339126598653514,0.0,1051.6080296035107,110.58080392522689,22,9888,218000,0.0003,1243630080.0,118110.921875,2.2049076557159424,2.1366383401815245e+17,3507077632.0,208001,40000.0,-117818831345.0068,,,,,,,
1.6822301940917965,0.13267021893142467,-0.008218601438444599,-0.9185468804301404,0.0,1019.880538585043,77.09560833782709,22,9961,220000,0.0003,1311614464.0,115590.5234375,0.7784058451652527,1.2598649189669274e+17,1811938944.0,210001,40000.0,-117818831345.0068,,,,,,,
0.21073623466491717,0.01734627554862839,-0.08860714104279604,-0.9200943263894975,0.0,1021.0939329789675,141.41724645649973,22,10034,222000,0.0003,1210992640.0,116319.8203125,0.0971536636352539,1.2645383587810509e+17,1932140544.0,212001,40000.0,-117818831345.0068,,,,,,,
2.0804174041748045,0.04857512884354981,0.11179576682967492,-0.9115728570092406,0.0,1004.4083241148921,86.60088171513802,22,10107,224000,0.0003,1398109824.0,115071.6015625,-0.38605356216430664,2.8142072268377293e+17,3170744576.0,214001,40000.0,-117818831345.0068,,,,,,,
1.113548891067503,0.12951238117776595,-0.047756778932365164,-0.8958139959318199,0.0,971.5840721103993,85.2554184209785,22,10180,226000,0.0003,1744983040.0,114524.3125,-2.392437696456909,2.99842868208468e+17,3115715328.0,216001,40000.0,-117818831345.0068,,,,,,,
0.09632733345031724,-0.017572520334347155,-0.06646793590360767,-0.8952785868390836,0.0,967.3373523738029,133.04496038899993,22,10253,228000,0.0003,1333454592.0,113619.09375,0.35466837882995605,2.044158417169285e+17,2884922368.0,218001,40000.0,-117818831345.0068,,,,,,,
2.473608415603636,0.07160960865663239,0.12836182448745423,-0.8796202730910714,0.0,938.4611921619222,61.71987255477236,22,10326,230000,0.0003,1469171968.0,112749.6328125,1.7313344478607178,1.6644247248489677e+17,2666253824.0,220001,40000.0,-117818831345.0068,,,,,,,
0.5407516059875502,0.11810537940420972,-0.09504190581007836,-0.8636264152704185,0.0,905.9961746340855,94.35824593171677,22,10399,232000,0.0003,1129156992.0,112751.25,-1.3749589920043945,2.0166469182554112e+17,3606972672.0,222001,40000.0,-117818831345.0068,,,,,,,
-0.13562469673156743,-0.05091970798175924,-0.029969438716595825,-0.8576874379103651,0.0,889.306150143422,110.51321088925647,22,10471,234000,0.0003,1143614080.0,114389.3984375,1.186692237854004,2.442280582470697e+17,2892230400.0,224001,40000.0,-117818831345.0068,,,,,,,
2.9434933700561543,0.09334678687140235,0.13466224407554114,-0.8340794611147385,0.0,847.3394333535126,38.44541770698547,22,10544,236000,0.0003,1269951488.0,112830.953125,-0.08994503319263458,3.005887494089605e+17,3839372544.0,226001,40000.0,-117818831345.0068,,,,,,,
-0.11556694602966337,0.10352515297360594,-0.12908147346368476,-0.8170610197122573,0.0,813.9809708678697,92.19151724948027,22,10617,238000,0.0003,940027584.0,111876.6953125,0.7801759839057922,6.865510376616755e+16,1717269376.0,228001,40000.0,-117818831345.0068,,,,,,,
-0.08370683860778898,-0.0681358551022971,0.011460450914054683,-0.8045599192909955,0.0,786.2414176800793,97.91277227096082,22,10689,240000,0.0003,1156453888.0,112244.21875,-1.8826141357421875,2.6003759234547712e+17,3094383872.0,230001,40000.0,-98189003354.34492,,,,,,,
-0.8211092700958255,-0.0262725856732943,-0.0368085434352989,-0.9673940034965508,0.0,1124.741539692388,131.49311904986965,22,10762,242000,0.0003,801836928.0,113842.09375,2.47542405128479,1.406410749294674e+17,3010861568.0,232001,40000.0,-98189003354.34492,,,,,,,
0.5262831516265867,-0.014224087630197883,0.06608886472372477,-0.964760360263285,0.0,1119.8184153792538,137.30139702255505,22,10835,244000,0.0003,966132608.0,114379.578125,1.831358790397644,2.1985030491131085e+17,3704408576.0,234001,40000.0,-98189003354.34492,,,,,,,
0.21901733589172395,0.05103472556784608,-0.015207811541751482,-0.9609010555020807,0.0,1110.3798789290893,127.38298810555658,22,10908,246000,0.0003,1444712960.0,114020.2890625,-0.5949276685714722,7.375999022504346e+16,1464727424.0,236001,40000.0,-98189003354.34492,,,,,,,
-0.6109459056854244,-0.036270750643462434,-0.05564290991727688,-0.9574256249177718,0.0,1103.1242349238962,118.93475399449883,22,10980,248000,0.0003,1517218048.0,114226.203125,-1.3638458251953125,3.0864036997994906e+17,3306766848.0,238001,40000.0,-98189003354.34492,,,,,,,
0.6970228080749525,-0.0032544813068790756,0.08027652520936825,-0.953996458550336,0.0,1095.735735811147,136.9397482719501,22,11053,250000,0.0003,1401860608.0,113425.6328125,0.508548378944397,5.433222964759757e+17,3928295936.0,240001,40000.0,-98189003354.34492,,,,,,,
-0.17163380813598644,0.04253838084295489,-0.04537770120267723,-0.9501890737255982,0.0,1086.3731746548317,133.5300697075511,22,11126,252000,0.0003,1604679424.0,113355.9921875,-1.3093998432159424,3.5603973213782016e+17,3144218624.0,242001,40000.0,-98189003354.34492,,,,,,,
-0.7235344657897963,-0.06140827347934886,-0.034519482934477756,-0.9443182773734544,0.0,1073.979135603637,117.26109673550596,22,11199,254000,0.0003,959926080.0,113978.9765625,1.1694740056991577,1.4693732518671155e+17,2411164672.0,244001,40000.0,-98189003354.34492,,,,,,,
0.6510458698272703,0.00883397802276874,0.08211452774046345,-0.940431360914628,0.0,1065.1688115540524,135.34883227543673,22,11272,256000,0.0003,990677056.0,114519.9453125,0.08646616339683533,1.6846885523501875e+17,2114981504.0,246001,40000.0,-98189003354.34492,,,,,,,
-0.6624802474975586,0.0202654042575472,-0.07775829570625094,-0.9360581471468316,0.0,1055.6203724623754,129.60906163238957,22,11344,258000,0.0003,1363294464.0,115144.1640625,-0.9882458448410034,2.5689711225864192e+17,3054262016.0,248001,40000.0,-98189003354.34492,,,,,,,
-0.7713523674011241,-0.08246564827758715,0.006910391086071239,-0.9267622866579217,0.0,1035.9115763271896,110.79120098305793,22,11417,260000,0.0003,1067918848.0,115224.4609375,1.0198009014129639,1.2937894912484966e+17,3139518208.0,250001,40000.0,-98189003354.34492,,,,,,,
0.6406940841674807,0.027372019690151954,0.0698983727951358,-0.922005943173511,0.0,1024.0834194972037,132.31495302903056,22,11490,262000,0.0003,852846208.0,116488.0,2.4078054428100586,9.55814906953728e+16,1834766208.0,252001,40000.0,-98189003354.34492,,,,,,,
-1.3371078205108629,-0.010526162877120554,-0.11120522762703577,-0.9148079257682008,0.0,1010.9187073438796,111.82532537965827,22,11564,264000,0.0003,1073975552.0,116664.328125,-0.20591819286346436,1.3989187801422234e+17,1897059584.0,254001,40000.0,-98189003354.34492,,,,,,,
-0.6310255470275867,-0.10061136016444763,0.052521685709053544,-0.9012837620472531,0.0,982.4674374825722,108.07565254547328,22,11637,266000,0.0003,949032832.0,117991.8046875,-0.7796657681465149,1.8367915549628826e+17,3020328448.0,256001,40000.0,-98189003354.34492,,,,,,,
0.4257251663208019,0.040444010333765955,0.05372840673505659,-0.8959964532459336,0.0,967.5412658289796,138.55291051376432,22,11710,268000,0.0003,1231548160.0,118804.78125,-0.5580117702484131,2.2874131671076045e+17,3340094464.0,258001,40000.0,-98189003354.34492,,,,,,,
-2.0427872505187987,-0.043595050150947806,-0.13366026793183883,-0.8837281187841307,0.0,946.7257701033556,94.25511681903468,22,11784,270000,0.0003,996267264.0,120172.4296875,0.3898705244064331,3.030522739304694e+17,3519336448.0,260001,40000.0,-98189003354.34492,,,,,,,
-0.20232566261291543,-0.10263862759099576,0.09999143540037261,-0.8666182816724781,0.0,912.0047576901018,112.22120929658054,22,11858,272000,0.0003,1025917696.0,120087.078125,-0.328122079372406,2.4447701173141504e+17,3418711296.0,262001,40000.0,-98189003354.34492,,,,,,,
0.3094111537933346,0.057761083694476814,0.028081664807868164,-0.8587104658975979,0.0,889.5325024040312,145.12970696021893,22,11933,274000,0.0003,1063279488.0,122834.078125,-0.8657858371734619,3.178235941743493e+17,2731176448.0,264001,40000.0,-98189003354.34492,,,,,,,
-2.608018138885499,-0.07762839028936039,-0.15431546462739376,-0.8378164838406804,0.0,856.2759470742203,54.54921712555503,22,12007,276000,0.0003,1030980416.0,123973.7578125,0.056716978549957275,1.6604984375456563e+17,2920249856.0,266001,40000.0,-98189003354.34492,,,,,,,
0.22659511947631825,-0.0982387327434754,0.1482696108108381,-0.8149159274113201,0.0,811.9746766392847,115.52826724585631,23,12081,278000,0.0003,1493202688.0,124116.0703125,0.2011164426803589,2.3964375618420736e+16,884935168.0,268001,40000.0,-98189003354.34492,,,,,,,
0.27959699249267606,0.07642835573114924,0.005761410403185617,-0.801877856626377,0.0,777.1226974268184,130.3763760067586,23,12156,280000,0.0003,1045855424.0,124764.8671875,-1.6934218406677246,1.6101389152079053e+17,2313587712.0,270001,40000.0,-84167731303.74046,,,,,,,
-1.1042074928283687,-0.05324639510220211,-0.0603151117100275,-0.9964057017306324,0.0,1194.7067996186543,148.37629185262716,23,12230,282000,0.0003,948676608.0,127525.921875,1.2101292610168457,2.1890420951534797e+17,2547671808.0,272001,40000.0,-84167731303.74046,,,,,,,
-1.4777813396453876,-0.09316964543308738,-0.0004864002836623277,-0.9933838119605838,0.0,1187.5998076079352,128.48936614420518,23,12305,284000,0.0003,1023517760.0,127011.5390625,-1.1930100917816162,2.4937423652152934e+17,2975736832.0,274001,40000.0,-84167731303.74046,,,,,,,
-1.749295396804809,-0.08688135921587956,-0.003465355258912932,-0.9940000592946145,0.0,1188.6861397603577,132.0806609705065,23,12380,286000,0.0003,1030118976.0,129478.0859375,-1.2576866149902344,1.8444036114009293e+17,2473498880.0,276001,40000.0,-84167731303.74046,,,,,,,
-1.994466724395752,-0.10648085347212537,-0.015545370645768618,-0.9915649621030408,0.0,1184.1362298114725,116.21351446806108,23,12454,288000,0.0003,841315584.0,131150.84375,1.8337376117706299,1.444962203944878e+17,2820463616.0,278001,40000.0,-84167731303.74046,,,,,,,
-1.7879043197631832,-0.1073476545506531,0.014609123547687652,-0.991363775983618,0.0,1183.6730741423173,125.45667503857042,23,12528,290000,0.0003,1043644416.0,130405.515625,-1.9851126670837402,2.5031344278994944e+17,3080757248.0,280001,40000.0,-84167731303.74046,,,,,,,
-2.0651248130798345,-0.09982734228293107,-0.012828194146787,-0.9921457819474466,0.0,1185.0516808850628,126.59125487346952,23,12603,292000,0.0003,1125245696.0,131894.390625,-0.8278906941413879,1.7909182118651494e+17,3039036928.0,282001,40000.0,-84167731303.74046,,,,,,,
-2.2224281082153365,-0.1262894045860472,-0.010605866243842193,-0.9884022754593782,0.0,1177.9154603114753,102.56120094308872,23,12677,294000,0.0003,1011184256.0,133910.75,-1.685808777809143,1.904358434275328e+17,2656977664.0,284001,40000.0,-84167731303.74046,,,,,,,
-2.0287065410614016,-0.11713723404989056,0.014173258904476363,-0.9895456154641117,0.0,1179.982507675422,124.82566999019194,23,12751,296000,0.0003,1154020352.0,135110.65625,-2.039842128753662,1.8311757993240166e+17,2899184128.0,286001,40000.0,-84167731303.74046,,,,,,,
-2.4625255928039573,-0.11890274595094814,-0.018060035560617943,-0.9890942877409316,0.0,1179.1063250305594,112.88025085911893,23,12825,298000,0.0003,1122748288.0,135031.703125,-0.7480659484863281,1.4863837275409613e+17,2453007616.0,288001,40000.0,-84167731303.74046,,,,,,,
-2.389001392364499,-0.14410122019048435,-0.004616186778622716,-0.9850581091386532,0.0,1171.4195480045355,93.05845634889806,,,300000,0.0003,682137920.0,135792.84375,0.5746432542800903,1.264720808991785e+17,2657725184.0,290000,,,0.0,0.0,40000.0,-33840.783970478136,5244.548844264353,0.0,0.0
,,,,,,,21,14086,300000,0.0003,856820928.0,135786.5,0.3715500235557556,2.0046744392197734e+17,2844964352.0,290001,40000.0,-84167731303.74046,,,,,,,
-2.3653473739624036,-0.12819560081095524,0.012566223748346074,-0.9874000641641417,0.0,1175.7227605098244,117.34935050945609,21,14158,302000,0.0003,958647104.0,139806.125,1.7933192253112793,2.691954590529618e+17,3020584704.0,292001,40000.0,-84167731303.74046,,,,,,,
-2.8078418769836424,-0.142518068825548,-0.028424650681156606,-0.9847430563008795,0.0,1170.8404023464752,87.69855988576808,21,14230,304000,0.0003,959559616.0,140855.75,-0.16943494975566864,7.591237872569549e+16,1916209408.0,294001,40000.0,-84167731303.74046,,,,,,,
-2.7493469219207762,-0.16545877519133848,0.007263191070427869,-0.9804831598910659,0.0,1162.6416351989642,90.01198983142632,21,14302,306000,0.0003,1064199488.0,142189.21875,-0.839832067489624,1.8777459579158528e+17,2489656320.0,296001,40000.0,-84167731303.74046,,,,,,,
-2.801886171340938,-0.1433762279801031,0.005169338160890745,-0.9842579652444593,0.0,1169.5348544987523,107.38458358956058,21,14374,308000,0.0003,948160832.0,142803.1875,-0.29152747988700867,8.28910391567319e+16,2115690240.0,298001,40000.0,-84167731303.74046,,,,,,,
-3.1612255573272696,-0.16944758779222527,-0.02677350788093186,-0.978969417050689,0.0,1159.7475892176496,67.50074072431663,21,14447,310000,0.0003,827389888.0,143497.25,1.0517443418502808,1.8364902200573952e+17,2589090048.0,300001,40000.0,-84167731303.74046,,,,,,,
-2.95291990661621,-0.17694505939328495,0.01791648768698142,-0.9772543898801285,0.0,1156.312708730421,89.80620820203319,21,14520,312000,0.0003,776361792.0,144957.828125,1.277187705039978,1.3684057862832128e+17,2266351360.0,302001,40000.0,-84167731303.74046,,,,,,,
-3.1552403717040987,-0.1562879435919356,-0.006318544058090404,-0.9810920502626977,0.0,1163.224912823048,88.40267036623939,21,14594,314000,0.0003,866080192.0,146315.75,1.1453975439071655,1.694050034867241e+17,3071351808.0,304001,40000.0,-84167731303.74046,,,,,,,
-3.3910431480407714,-0.19042388969048019,-0.0223935620738926,-0.973661251351724,0.0,1149.4817591697388,58.88598149535327,21,14669,316000,0.0003,778336256.0,146499.921875,-0.6194009780883789,1.3608997296380314e+17,2048192768.0,306001,40000.0,-84167731303.74046,,,,,,,
-3.1351664505004866,-0.1816298838399871,0.027040100195039548,-0.9751845472156392,0.0,1152.1198913401504,91.6464178837096,21,14743,318000,0.0003,904402240.0,147276.6875,-0.20975226163864136,2.276257419052974e+17,3238698496.0,308001,40000.0,-84167731303.74046,,,,,,,
-3.4092899494171123,-0.1704070818449556,-0.02203590402417799,-0.9772138218429383,0.0,1155.706002396183,69.58076029966982,21,14817,320000,0.0003,987423232.0,148943.109375,0.5871886610984802,3.5167164731857306e+17,3820696320.0,310001,40000.0,-73652626793.29517,,,,,,,
-1.3238085422515864,-0.07515130653987973,-0.08343344140180739,-0.9900770963064831,0.0,1182.1638414507013,151.02043026028582,21,14892,322000,0.0003,647727168.0,151545.8125,0.4715123772621155,1.9024830797552026e+17,2800488192.0,312001,40000.0,-73652626793.29517,,,,,,,
-3.306941957473756,-0.16264816771335408,-0.05775004969065249,-0.9774376900681552,0.0,1156.584597320911,59.913432022859986,21,14967,324000,0.0003,874203776.0,152203.515625,0.06672687828540802,8.380441549183386e+16,2480067584.0,314001,40000.0,-73652626793.29517,,,,,,,
-3.544893898010254,-0.21870156036959854,-0.00020622624116624043,-0.9646521571998304,0.0,1132.039610566333,53.07166559275176,21,15041,326000,0.0003,751995392.0,151597.5625,2.603721857070923,2.130406858031104e+17,2744340224.0,316001,40000.0,-73652626793.29517,,,,,,,
-3.5396693096160887,-0.18545417672306566,0.017357701858603875,-0.9719281439453427,0.0,1144.8926858550847,82.88108142878467,21,15116,328000,0.0003,600867200.0,153944.203125,-0.36382073163986206,1.4928851054362624e+17,3255748096.0,318001,40000.0,-73652626793.29517,,,,,,,
-4.016318635940558,-0.21064237904189165,-0.04010758447019589,-0.965213689148779,0.0,1132.7808183113311,31.532921446787043,21,15191,330000,0.0003,705670464.0,154067.125,-0.3246777057647705,1.78171117637206e+17,2479646464.0,320001,40000.0,-73652626793.29517,,,,,,,
-3.738740137100218,-0.2303141155880088,0.025871525092633785,-0.9596045087738292,0.0,1122.1406606701894,64.9964762276981,21,15266,332000,0.0003,1187330048.0,155840.859375,0.891661524772644,2.5632540916187136e+16,1016058688.0,322001,40000.0,-73652626793.29517,,,,,,,
-3.8400987510681146,-0.18951317158788739,0.0005232166636175681,-0.9690796545366744,0.0,1138.7125447247367,71.24476751687807,21,15341,334000,0.0003,914069632.0,156587.828125,0.2606666684150696,1.2319907530145792e+17,3429047040.0,324001,40000.0,-73652626793.29517,,,,,,,
-4.283488485336304,-0.2373922598408114,-0.040327575983276624,-0.9558828144214623,0.0,1114.9698691928184,15.554221822912687,21,15416,336000,0.0003,847194880.0,157088.75,-0.42691686749458313,1.7335491311016346e+17,3361815296.0,326001,40000.0,-73652626793.29517,,,,,,,
-3.831701768875123,-0.2330744180095791,0.04165262922438546,-0.9560981111261007,0.0,1114.7997468941123,76.5151711120353,21,15490,338000,0.0003,1094361344.0,158018.671875,1.0954147577285767,1.7631512482965094e+17,2412783360.0,328001,40000.0,-73652626793.29517,,,,,,,
-4.189206665039064,-0.20173409190948366,-0.020548242585456563,-0.963724662668818,0.0,1127.943509291605,50.00001684569201,21,15564,340000,0.0003,802539840.0,158821.515625,0.16035157442092896,3.603935834354483e+16,1816016640.0,330001,40000.0,-73652626793.29517,,,,,,,
-4.365471143722534,-0.2607983799642771,-0.02488032527701105,-0.9465354361413336,0.0,1096.9121975163557,15.959734637992762,21,15639,342000,0.0003,490622624.0,158855.15625,0.8201797008514404,6.239866785575731e+16,1844386816.0,332001,40000.0,-73652626793.29517,,,,,,,
-4.010623716354372,-0.22541192918301214,0.04725897593418308,-0.9549958079662354,0.0,1111.4638163847683,82.3248805383978,21,15713,344000,0.0003,478910720.0,160652.90625,1.5656101703643799,1.2943791902582374e+17,2895372800.0,334001,40000.0,-73652626793.29517,,,,,,,
-4.599113506317147,-0.22006069815927823,-0.04527440866678563,-0.9557125303419702,0.0,1112.4268240441586,22.194966345921618,21,15788,346000,0.0003,1128463488.0,161575.875,-1.5841012001037598,7.993956340072448e+16,2461040384.0,336001,40000.0,-73652626793.29517,,,,,,,
-4.225820312500009,-0.27907557381598563,0.0031670857777236594,-0.9372954473445958,0.0,1079.0959153161598,28.269671420923512,21,15862,348000,0.0003,856032128.0,162771.859375,-0.5912278890609741,1.4189995561372877e+17,2338220544.0,338001,40000.0,-73652626793.29517,,,,,,,
-4.362441423416127,-0.21988324885942948,0.03379517507972439,-0.9528341515265197,0.0,1105.5819159238297,78.37136961785771,21,15936,350000,0.0003,832056704.0,164705.171875,-1.2417463064193726,2.1407183873140326e+17,3811475200.0,340001,40000.0,-73652626793.29517,,,,,,,
-5.052436290740968,-0.25368210476963304,-0.06588403159936951,-0.9415798881723685,0.0,1086.003519443792,-15.249859414392812,21,16011,352000,0.0003,748458880.0,164961.25,-0.8318723440170288,5.701400722721997e+16,1467665408.0,342001,40000.0,-73652626793.29517,,,,,,,
-4.236841987609867,-0.2900392978880842,0.04128945878393887,-0.9283428882261499,0.0,1061.5073346909307,55.76714600908749,22,16086,354000,0.0003,558655808.0,167483.28125,0.36775416135787964,8.242705383974502e+16,1864703872.0,344001,40000.0,-73652626793.29517,,,,,,,
-4.751165266036987,-0.2213096093441386,0.0066543771529820024,-0.9478177822604867,0.0,1094.1503448026976,59.45296869350811,22,16160,356000,0.0003,725952832.0,167123.5,-1.4325687885284424,2.3553432288545997e+17,2645944576.0,346001,40000.0,-73652626793.29517,,,,,,,
-5.28239207458497,-0.2917849209294015,-0.06276006688120778,-0.9236618085256192,0.0,1052.2742565511198,-29.777489336686237,22,16235,358000,0.0003,622119040.0,168101.4375,0.8055170774459839,1.87352915902464e+16,742473920.0,348001,40000.0,-73652626793.29517,,,,,,,
-4.369727136611935,-0.2794523012068467,0.06907404534862928,-0.9244084994596757,0.0,1051.9419185413765,80.29634764045153,22,16309,360000,0.0003,696859264.0,168892.84375,-1.3583629131317139,8.279341455009382e+16,2186744320.0,350001,40000.0,-65473939013.13515,,,,,,,
-3.176247047424314,-0.15631539207475753,-0.1841873942474578,-0.9686073908391177,0.0,1149.7961644039378,11.476096578472056,22,16383,362000,0.0003,659972736.0,169315.859375,1.250579833984375,1.906049448799109e+17,3123419904.0,352001,40000.0,-65473939013.13515,,,,,,,
-4.300712080001835,-0.2847959678269865,0.002370472652319479,-0.9393101484350816,0.0,1084.5543589265214,29.764235106974194,22,16457,364000,0.0003,1330195328.0,170322.21875,-1.7480921745300293,1.889033819164508e+17,2178588928.0,354001,40000.0,-65473939013.13515,,,,,,,
-5.0699509754180925,-0.2493198164223554,0.00335656443036103,-0.9499754509782075,0.0,1102.6791859832363,39.64855387876983,22,16531,366000,0.0003,813987392.0,170172.84375,0.44684404134750366,1.3378728637759488e+17,2097743360.0,356001,40000.0,-65473939013.13515,,,,,,,
-5.4872628555297815,-0.30740413971925495,-0.05345435530890486,-0.9293170522052708,0.0,1066.987929138705,-26.681495627558803,22,16605,368000,0.0003,665940736.0,171966.609375,-0.9966171383857727,1.317577940711506e+17,3006435584.0,358001,40000.0,-65473939013.13515,,,,,,,
-4.922775815963747,-0.3042084160199834,0.052103767142405416,-0.928813167223429,0.0,1065.1032422956737,65.79359965913135,22,16680,370000,0.0003,629493504.0,174184.46875,-0.8666195869445801,1.2949445797530829e+17,2662305280.0,360001,40000.0,-65473939013.13515,,,,,,,
-5.512780654907229,-0.2646611962145187,-0.02576365147501102,-0.9414626325048382,0.0,1086.25183301178,13.905586974337846,22,16754,372000,0.0003,375064192.0,173022.5625,0.7860516905784607,1.0658298070460006e+17,2661352448.0,362001,40000.0,-65473939013.13515,,,,,,,
-5.305488876342773,-0.34126520091241896,-0.029029163601407997,-0.9125130547762179,0.0,1036.2415353637039,-14.654783659262245,22,16828,374000,0.0003,539937088.0,174678.859375,1.8898372650146484,1.4358280969964749e+17,2746247680.0,364001,40000.0,-65473939013.13515,,,,,,,
-5.325776863098144,-0.2901449198161952,0.05931932551599149,-0.9282403005717166,0.0,1061.7930805764108,74.28642123011811,22,16903,376000,0.0003,610865088.0,175445.828125,1.1897956132888794,5.998453545815245e+16,1688007808.0,366001,40000.0,-65473939013.13515,,,,,,,
-5.861622341156002,-0.28865574575812586,-0.06256429796735456,-0.9276808577581616,0.0,1060.6628252239648,-31.347301517591145,22,16977,378000,0.0003,537985472.0,177600.46875,2.113138437271118,7.977540975067136e+16,2286536704.0,368001,40000.0,-65473939013.13515,,,,,,,
-5.182715976715095,-0.35869850299420564,0.017167044374023565,-0.8989861333431551,0.0,1010.6131387072737,22.948766392780072,22,17051,380000,0.0003,965036416.0,178247.96875,-0.5487579703330994,1.3671176396917965e+17,2862853376.0,370001,40000.0,-65473939013.13515,,,,,,,
-5.696226564407349,-0.2759083945211244,0.03849921179962707,-0.926874434361057,0.0,1055.882866711783,64.77814902463757,22,17125,382000,0.0003,719648064.0,180062.609375,-0.5394390821456909,1.1960365509876122e+17,2808489984.0,372001,40000.0,-65473939013.13515,,,,,,,
-6.324870185852052,-0.3283607179765532,-0.08727964284338638,-0.905120827525857,0.0,1019.9989521431228,-67.90894342698137,22,17200,384000,0.0003,884663040.0,181197.296875,-0.49092602729797363,7.102717125407539e+16,1658359168.0,374001,40000.0,-65473939013.13515,,,,,,,
-5.083823888778688,-0.36047762600957794,0.06685798863095356,-0.8883346403040235,0.0,989.5993058524684,67.5751828515033,22,17274,386000,0.0003,495530240.0,179092.78125,-0.6085180044174194,1.1976504278987571e+17,2542882304.0,376001,40000.0,-65473939013.13515,,,,,,,
-6.037708309173586,-0.27532092768043087,-0.005145636823858849,-0.9190630465408053,0.0,1038.333606717673,27.357758869692056,22,17348,388000,0.0003,602333440.0,180841.84375,2.430588722229004,4.472728690937037e+16,1480709504.0,378001,40000.0,-65473939013.13515,,,,,,,
-6.210195379257205,-0.37507623890192077,-0.0718119084491442,-0.8758487786745003,0.0,967.2517708528476,-67.83453645918704,22,17422,390000,0.0003,585050624.0,181684.390625,-0.3275704085826874,1.828588682823598e+17,3435870720.0,380001,40000.0,-65473939013.13515,,,,,,,
-5.640714460372923,-0.33453736929098105,0.09658650763090651,-0.8851198990453404,0.0,979.0846392420185,97.5614893141183,22,17496,392000,0.0003,785657344.0,181325.90625,-1.9780139923095703,2.4339638077987226e+17,3442366464.0,382001,40000.0,-65473939013.13515,,,,,,,
-6.365441884994505,-0.28589920411140773,-0.06135603973491309,-0.9030740967800502,0.0,1007.1669693155362,-29.732734924951668,22,17570,394000,0.0003,1019162816.0,183294.390625,1.0989940166473389,1.1483319197342106e+17,2575711744.0,384001,40000.0,-65473939013.13515,,,,,,,
-5.502660848617554,-0.4125401190984131,-0.01991786359009222,-0.842743516138551,0.0,908.1897583405414,-36.95047322025342,22,17645,396000,0.0003,482412192.0,185229.28125,2.062069892883301,5.394685082206208e+16,1859427456.0,386001,40000.0,-65473939013.13515,,,,,,,
-6.157837530136105,-0.29803835873950024,0.09250491525393637,-0.8806441216846064,0.0,962.9491913176057,107.8166956127802,22,17719,398000,0.0003,659427840.0,184430.265625,0.2648382782936096,1.3195680567577805e+17,3358802944.0,388001,40000.0,-65473939013.13515,,,,,,,
-7.2311365337371845,-0.31729348648014966,-0.11866314099911754,-0.8702364263657136,0.0,947.5924752645683,-105.7511554915687,,,400000,0.0003,615165440.0,188311.015625,0.14329758286476135,8.299892014527283e+16,1757903488.0,390000,,,0.0,0.0,40000.0,-32751.293626511873,5063.376195018606,0.0,0.0
,,,,,,,21,18981,400000,0.0003,779744896.0,188316.578125,1.3312777280807495,7.313640392333722e+16,2701966080.0,390001,40000.0,-58930665258.38751,,,,,,,
-2.6348418350219722,-0.1432774649286567,-0.1625151600180362,-0.9721194321541761,0.0,1153.6497939961087,59.76423595615354,21,19051,402000,0.0003,783360512.0,186117.46875,-0.9795277118682861,1.1987923738034176e+17,1959342720.0,392001,40000.0,-58930665258.38751,,,,,,,
-5.964744871139526,-0.3075767623769265,-0.09915521028303546,-0.9288009940587573,0.0,1068.8895339109777,-73.62397719476267,21,19121,404000,0.0003,811646528.0,186463.5625,-0.05055183172225952,2.0461076451269018e+17,2487460352.0,394001,40000.0,-58930665258.38751,,,,,,,
-5.795036689758299,-0.40085132680512797,0.005405028047713687,-0.8904037749243325,0.0,1001.5836198671669,10.022819459008812,21,19192,406000,0.0003,497261728.0,187069.6875,0.6713920831680298,7.767575485847962e+16,2297691648.0,396001,40000.0,-58930665258.38751,,,,,,,
-6.581766780853272,-0.3363094517431389,0.0306766096997513,-0.9158770857159202,0.0,1042.259149259561,47.089097497370055,21,19263,408000,0.0003,653438464.0,187048.28125,2.667858123779297,2.7340026639548416e+16,932935936.0,398001,40000.0,-58930665258.38751,,,,,,,
-7.000735185623169,-0.3846501864464286,-0.0756185924016412,-0.8935339966787369,0.0,1006.2851260354169,-71.0191978288014,21,19334,410000,0.0003,562573824.0,188290.171875,0.056124746799468994,1.2375398507610112e+17,2654795264.0,400001,40000.0,-58930665258.38751,,,,,,,
-6.0635780639648456,-0.4067232354883591,0.061986342274952866,-0.8810986991110534,0.0,984.2947069802293,65.9571725793139,21,19407,412000,0.0003,616210880.0,189392.53125,0.4915202260017395,1.2472805788903014e+17,2305317120.0,402001,40000.0,-58930665258.38751,,,,,,,
-6.942577451705932,-0.3382801519423206,-0.014596440426273966,-0.9097726740488341,0.0,1029.4518592033626,2.32454909915729,21,19479,414000,0.0003,683660864.0,189882.453125,-0.4476732015609741,7.86068178689065e+16,1698622336.0,404001,40000.0,-58930665258.38751,,,,,,,
-6.583524974822998,-0.4315718937770639,-0.05167296535494904,-0.8651424980625808,0.0,957.6493242608536,-56.23887508261098,21,19551,416000,0.0003,586684608.0,191073.921875,1.3559807538986206,4.75675101275095e+16,1376557184.0,406001,40000.0,-58930665258.38751,,,,,,,
-6.682117950439453,-0.37893814818947946,0.08274847221849424,-0.8840183687680759,0.0,985.1837911713333,90.40435277034385,21,19623,418000,0.0003,916205440.0,190701.640625,-1.8266315460205078,2.2371739038541414e+17,2933076736.0,408001,40000.0,-58930665258.38751,,,,,,,
-7.372135402679442,-0.3579386307256085,-0.0746268560456028,-0.8921947928503683,0.0,998.2060583466205,-70.80346276049636,21,19696,420000,0.0003,332022720.0,192589.421875,1.061529278755188,3.37363238649856e+16,1499385856.0,410001,40000.0,-58930665258.38751,,,,,,,
-5.989770650863649,-0.4631894179328916,0.011501644584512393,-0.837165596813892,0.0,909.5186949392942,0.3866567408275623,21,19768,422000,0.0003,628396864.0,192635.34375,-1.4084134101867676,4.631828023476224e+16,1830411776.0,412001,40000.0,-58930665258.38751,,,,,,,
-7.255281503677369,-0.3491971489888182,0.06331063427539377,-0.8850372086508544,0.0,980.3521382065841,82.57956932382716,21,19841,424000,0.0003,745400448.0,192373.0,-1.7625532150268555,1.43582904188928e+17,3207147264.0,414001,40000.0,-58930665258.38751,,,,,,,
-7.916585893630982,-0.4052421421043737,-0.11750967797405645,-0.8554285227174608,0.0,935.6711032415546,-128.32874075554375,21,19914,426000,0.0003,505365312.0,193355.5625,-0.11360210180282593,1.1022492399304704e+17,2115865216.0,416001,40000.0,-58930665258.38751,,,,,,,
-5.701158601760863,-0.44972215861649467,0.09424659883946769,-0.823721490992831,0.0,881.626802814028,84.09724110550671,21,19987,428000,0.0003,444104928.0,193674.09375,1.0879261493682861,8.722588951904256e+16,2882360832.0,418001,40000.0,-58930665258.38751,,,,,,,
-7.350651483535763,-0.3293784420251677,-0.0027049872940576396,-0.8777883446854999,0.0,960.053516586958,20.80015448554803,21,20060,430000,0.0003,652152960.0,194805.546875,0.5006883144378662,1.3623708418362573e+17,2347518720.0,420001,40000.0,-58930665258.38751,,,,,,,
-7.203185371398907,-0.47029895930140886,-0.10622664576647455,-0.7994726397281389,0.0,843.1354511425518,-135.69789415914343,21,20133,432000,0.0003,419289024.0,195487.25,0.7153288125991821,1.6757874903272653e+17,3616034304.0,422001,40000.0,-58930665258.38751,,,,,,,
-6.8883068199157735,-0.4063197335868843,0.13995588532049927,-0.8117331926641408,0.0,851.1158045088409,128.5663209857803,21,20205,434000,0.0003,478560320.0,196452.171875,-0.46506574749946594,5.399141969769267e+16,1410986624.0,424001,40000.0,-58930665258.38751,,,,,,,
-7.919160455703735,-0.33633227433361246,-0.08624448445532566,-0.8452502716251303,0.0,899.2784192532921,-80.88654892829719,21,20278,436000,0.0003,372313728.0,197639.234375,-0.2434684932231903,7.673191002537984e+16,2098985472.0,426001,40000.0,-58930665258.38751,,,,,,,
-5.210804964065553,-0.5220705407971197,-0.017254748439228137,-0.7216975336926323,0.0,719.328857145455,-99.43743498706837,21,20351,438000,0.0003,457676224.0,196730.390625,-2.4295363426208496,1.1250619587231744e+17,2738148608.0,428001,40000.0,-58930665258.38751,,,,,,,
-7.911913528442382,-0.3294762287274694,0.13970198003930376,-0.7854396893562388,0.0,785.6050127091555,145.87219187689382,21,20424,440000,0.0003,760515008.0,196035.5625,-1.6016234159469604,8.987815208340685e+16,2289200640.0,430001,40000.0,-53576785351.03657,,,,,,,
-5.382139642715454,-0.2547229272906525,-0.30316457183971596,-0.9132610868374721,0.0,1065.1465194327996,-162.64861876368542,21,20496,442000,0.0003,715699328.0,197332.8125,-1.6250581741333008,6.87172261731369e+16,2113508736.0,432001,40000.0,-53576785351.03657,,,,,,,
-5.720116977691654,-0.46106621320372987,0.02357973748052757,-0.8359708165142078,0.0,906.6254753925547,24.150336483496194,21,20570,444000,0.0003,602706240.0,196156.75,-1.7518787384033203,1.3399752502673408e+17,2789535488.0,434001,40000.0,-53576785351.03657,,,,,,,
-7.7774188156128,-0.3685220323627894,0.017145783260152054,-0.8797012257787821,0.0,971.933483286129,34.604857609930164,21,20643,446000,0.0003,437660096.0,196508.1875,1.7307636737823486,1.7669973056107315e+17,3481934848.0,436001,40000.0,-53576785351.03657,,,,,,,
-7.854802186965938,-0.4814873766537472,-0.11100670922889738,-0.816413237917361,0.0,878.092635397254,-133.49766419049215,21,20716,448000,0.0003,440935392.0,194056.4375,0.9899771213531494,6.255034892078285e+16,2543333120.0,438001,40000.0,-53576785351.03657,,,,,,,
-6.932006078720095,-0.4552336042498111,0.12552951790182842,-0.8175975503310504,0.0,873.4213066411238,123.22242218524796,21,20789,450000,0.0003,598202048.0,197368.765625,0.2913529574871063,1.3601348818619597e+17,3289800960.0,440001,40000.0,-53576785351.03657,,,,,,,
-8.343695936203003,-0.37464899251207645,-0.06596982034522335,-0.8581264994947434,0.0,931.4700283579539,-64.5750058754667,21,20862,452000,0.0003,520528640.0,196917.53125,-0.9969554543495178,6.128975883953766e+16,1927970688.0,442001,40000.0,-53576785351.03657,,,,,,,
-6.006876571655267,-0.5424786345306409,-0.036233585689454194,-0.7516860749445495,0.0,776.1299081284398,-92.8049546710843,21,20936,454000,0.0003,603143552.0,197962.5625,-0.002749830484390259,1.2644841562937754e+17,2546550272.0,444001,40000.0,-53576785351.03657,,,,,,,
-8.302642379760748,-0.3915061567797642,0.1303274645535845,-0.8109534129936636,0.0,845.8571041485147,146.45734991487808,21,21009,456000,0.0003,613778880.0,199625.015625,-1.0068491697311401,1.053846504692777e+17,1898555392.0,446001,40000.0,-53576785351.03657,,,,,,,
-9.794793682098392,-0.40732056622634566,-0.16649703937708146,-0.7973236420539997,0.0,831.62966938659,-212.574057245707,21,21083,458000,0.0003,595704896.0,198436.234375,0.8193602561950684,4.542920911958835e+16,1402523776.0,448001,40000.0,-53576785351.03657,,,,,,,
-3.400225646972657,-0.5518556684564206,0.11375246035969243,-0.6622539296739144,0.0,637.5153739285902,-10.260252886997046,21,21156,460000,0.0003,632707392.0,197874.796875,-1.1075741052627563,1.4666354679139533e+17,2558327296.0,450001,40000.0,-53576785351.03657,,,,,,,
-8.294940982818602,-0.2984613985566278,0.08448825463556184,-0.764804375016434,0.0,736.1054136093496,129.42450001921364,21,21230,462000,0.0003,412274880.0,198515.546875,1.6767966747283936,1.3883903550108467e+17,2886731776.0,452001,40000.0,-53576785351.03657,,,,,,,
-11.94290335845947,-0.43881981050190944,-0.25961009827579407,-0.6567015183970711,0.0,621.4752983591653,-344.8481425244183,21,21303,464000,0.0003,600266176.0,200769.40625,-0.40623873472213745,5.680938639530394e+16,2036768896.0,454001,40000.0,-53576785351.03657,,,,,,,
2.8643066101074215,-0.45141309710067945,0.3609037585833017,-0.39523361861589557,0.0,326.8378753374935,-144.08840463849626,21,21376,466000,0.0003,282778400.0,201223.125,-0.44654756784439087,1.2465163324096512e+17,3574985728.0,456001,40000.0,-53576785351.03657,,,,,,,
-2.451903057098387,-0.03450620089906418,0.07804080888014354,-0.38926854493524793,0.0,189.10463831129945,159.64142837319747,21,21449,468000,0.0003,452205824.0,205183.484375,-0.4749728739261627,8.933461538216346e+16,1719707776.0,458001,40000.0,-53576785351.03657,,,,,,,
-9.248006298065178,-0.14727230181876397,-0.29586101756562777,-0.32630909559813076,0.0,198.34821366531497,157.7849785518209,21,21522,470000,0.0003,699787392.0,207140.9375,-1.1984121799468994,1.6572423369392128e+17,3126345216.0,460001,40000.0,-53576785351.03657,,,,,,,
-49.78683415603646,-0.6350538209657604,-0.060368592328033994,0.5243332119123848,0.0,581.9545342561619,-112.46834297247938,21,21596,472000,0.0003,757036224.0,208039.140625,0.018967151641845703,1.9523847585792e+17,2568042240.0,462001,40000.0,-53576785351.03657,,,,,,,
-8.05911057090759,-0.43705351007960697,0.13555128320388984,0.12026732241330701,0.0,113.75726281871304,16.267387832622667,21,21668,474000,0.0003,558499904.0,209618.625,0.8908398151397705,7.904840922641203e+16,2326679040.0,464001,40000.0,-53576785351.03657,,,,,,,
-47.59241145515443,-0.5329076753301955,-0.17491189304967222,0.6803002616765713,0.0,741.4010157980457,912.3063892368915,21,21742,476000,0.0003,729691584.0,213950.609375,0.3566160798072815,1.4819241770981786e+17,2932971264.0,466001,40000.0,-53576785351.03657,,,,,,,
-35.3999846916199,-0.5145058800175506,0.04946844191192687,0.4832509483858539,0.0,398.4946563553699,-570.6976636250196,21,21815,478000,0.0003,723168192.0,214315.9375,0.6039628982543945,2.2714195678907597e+17,3534474496.0,468001,40000.0,-53576785351.03657,,,,,,,
-49.806642093658496,-0.5683433025324216,-0.03744809552760607,0.6718740282932585,0.0,649.8999029108162,267.80341728508387,21,21888,480000,0.0003,250886608.0,216598.140625,-0.08908849954605103,4.385058100504166e+16,1932468480.0,470001,40000.0,-49114265771.83611,,,,,,,
-4.1402692832946775,-0.22939234225229335,-0.2612428611877705,-0.9530178030718944,0.0,1139.8200145571984,-75.3288077219494,21,21961,482000,0.0003,595480512.0,219372.765625,2.355396270751953,1.1432875665444045e+17,2307683840.0,472001,40000.0,-49114265771.83611,,,,,,,
-8.126763801574738,-0.47079913068494633,-0.1178383727617021,-0.8632770205368091,0.0,968.5890030475737,-134.83341926210693,21,22034,484000,0.0003,311224000.0,218888.984375,0.2668168544769287,8636601559154688.0,666723840.0,474001,40000.0,-49114265771.83611,,,,,,,
-7.468740928649902,-0.5600138262734197,0.01830595166578476,-0.8160479715891947,0.0,895.3955041091579,21.05309075538543,21,22107,486000,0.0003,492052032.0,219581.875,-3.330526828765869,5.499636473554534e+16,1578605056.0,476001,40000.0,-49114265771.83611,,,,,,,
-9.345463184356701,-0.503039131870278,0.00523703919901864,-0.8472608270053723,0.0,939.1642350142561,8.634129027302452,22,22180,488000,0.0003,291552096.0,221135.296875,1.0005146265029907,3.4391334294913024e+16,1258285824.0,478001,40000.0,-49114265771.83611,,,,,,,
-8.360605764389042,-0.5752844084413722,-0.0555070825837004,-0.8043184537956433,0.0,879.0268573849686,-65.67703852846279,22,22253,490000,0.0003,384690560.0,221736.9375,-0.9158017635345459,5811919143305216.0,513910336.0,480001,40000.0,-49114265771.83611,,,,,,,
-8.641040296554552,-0.5442510700019737,0.07318832952690851,-0.8193866169663242,0.0,898.5654336777861,82.63427302819184,22,22325,492000,0.0003,357413568.0,221460.09375,-0.1340477168560028,7.706662541669171e+16,2378327296.0,482001,40000.0,-49114265771.83611,,,,,,,
-9.621903423309353,-0.5190571079358963,-0.06300670792147196,-0.8329141946155353,0.0,917.390466932313,-75.85832734072517,22,22398,494000,0.0003,476861152.0,221018.703125,-1.1446422338485718,1.166343380486062e+17,2781789952.0,484001,40000.0,-49114265771.83611,,,,,,,
-7.108405017852787,-0.607893297724617,0.012364151289105263,-0.778780931563182,0.0,842.1930571591492,8.084729476729745,22,22471,496000,0.0003,549380480.0,221816.890625,0.6191098690032959,7.170556563344589e+16,2460095488.0,486001,40000.0,-49114265771.83611,,,,,,,
-9.664201465606686,-0.5122907753845938,0.04259836406034084,-0.8325098162875055,0.0,913.6501094951562,55.177031967764684,22,22544,498000,0.0003,621537280.0,223671.5625,-2.003000020980835,1.2693265601213235e+17,2915945984.0,488001,40000.0,-49114265771.83611,,,,,,,
-9.046062948226929,-0.5855165490872472,-0.09997253429108847,-0.7860263919324441,0.0,851.3962333076033,-118.4643125719018,,,500000,0.0003,275862592.0,223827.125,-0.6323640942573547,2.083092209808179e+16,1165316992.0,490000,,,0.0,0.0,40000.0,-31691.316777864173,4435.265922090698,0.0,0.0
,,,,,,,21,23794,500000,0.0003,246281376.0,223810.46875,-0.8774064779281616,2.7565396458471424e+16,1420969216.0,490001,40000.0,-49114265771.83611,,,,,,,
-7.982498462677007,-0.5826048002020551,0.10442367392822122,-0.7815173449109732,0.0,842.079609328607,108.34910529047944,21,23864,502000,0.0003,593595776.0,220867.84375,0.5417529344558716,3.868156638946918e+16,1173656960.0,492001,40000.0,-49114265771.83611,,,,,,,
-10.089115701675418,-0.5036642640846736,-0.052345513670929156,-0.8275930337498136,0.0,902.8476275990914,-65.14093209808759,21,23933,504000,0.0003,305911584.0,221245.203125,2.373208999633789,3.834828981220147e+16,1566556160.0,494001,40000.0,-49114265771.83611,,,,,,,
-6.47618909072876,-0.64473296353919,-0.027646703519968785,-0.7336200525478678,0.0,777.8963928811844,-56.021598947362,21,24003,506000,0.0003,554190528.0,219516.125,-2.5597023963928223,1.8368375970122957e+17,3304383488.0,496001,40000.0,-49114265771.83611,,,,,,,
-9.987870325088473,-0.5112870985009298,0.10674049399440416,-0.803872567834368,0.0,862.5682258784072,129.27036383005722,21,24073,508000,0.0003,436236256.0,219117.890625,-0.44389253854751587,9.592296636520858e+16,1822184576.0,498001,40000.0,-49114265771.83611,,,,,,,
-10.442418840408314,-0.5495069916006254,-0.1518349703477579,-0.7752989307764109,0.0,827.4089599284188,-192.96271853288496,21,24143,510000,0.0003,522311552.0,218467.921875,-0.23991839587688446,1.492504227736453e+17,2378803712.0,500001,40000.0,-49114265771.83611,,,,,,,
-5.4176993274688705,-0.632790617585811,0.11941893113900387,-0.7015858448896065,0.0,723.7401745486187,82.77618140082508,21,24214,512000,0.0003,593974336.0,220105.1875,-1.8949253559112549,3.5588996662820864e+16,1116888448.0,502001,40000.0,-49114265771.83611,,,,,,,
-10.116285388946523,-0.44920345856518074,0.019927256493468902,-0.808515580762436,0.0,850.2489841063219,45.07091921605252,21,24285,514000,0.0003,494786240.0,220765.5,-1.0848422050476074,1.0415014372442112e+16,600731776.0,504001,40000.0,-49114265771.83611,,,,,,,
-7.603559860229484,-0.6383420167566709,-0.15879269179210695,-0.6622661901287172,0.0,673.8875726643523,-243.35821772715903,21,24357,516000,0.0003,683031872.0,220367.296875,-0.9339631795883179,1.555554347641733e+17,2987685888.0,506001,40000.0,-49114265771.83611,,,,,,,
-7.3928681163787875,-0.5110325333951832,0.2394593482506594,-0.6432270165713304,0.0,606.4780515534616,114.75634572985301,21,24428,518000,0.0003,411077888.0,221268.40625,-0.7450565099716187,7.72925578763305e+16,2036225920.0,508001,40000.0,-49114265771.83611,,,,,,,
-9.345316558837897,-0.36746539760364677,-0.08756777863000957,-0.7332347360923855,0.0,697.4966432841826,-69.50094676856459,21,24501,520000,0.0003,755635392.0,223132.546875,-1.1671934127807617,6.570957653986509e+16,1531380480.0,510001,40000.0,-45338862226.79586,,,,,,,
-6.499289346694945,-0.32153421949447514,-0.38419339788770007,-0.8886326698486257,0.0,1051.5402487572328,-280.4493582025012,21,24573,522000,0.0003,565083392.0,224345.78125,0.883476197719574,2.355589845876736e+16,1558377344.0,512001,40000.0,-45338862226.79586,,,,,,,
-6.204937147140504,-0.6126982091890427,-0.004352649926276576,-0.7579043231307961,0.0,808.4836076565299,-2.351316426654166,21,24645,524000,0.0003,532999616.0,222717.546875,1.4094839096069336,6.936354144177357e+16,1995822336.0,514001,40000.0,-45338862226.79586,,,,,,,
-10.38321133041382,-0.5211289797273103,0.023871470484276815,-0.8143913797604695,0.0,880.5355459616327,34.94553610095036,21,24718,526000,0.0003,370694624.0,224618.53125,-0.7703195810317993,5.933311347340083e+16,1679638656.0,516001,40000.0,-45338862226.79586,,,,,,,
-8.672145223617559,-0.6452872617692615,-0.1270036800158513,-0.7282841776281836,0.0,773.6566578778923,-152.72095657168518,21,24792,528000,0.0003,364110048.0,223527.625,1.4384748935699463,2.19216741400576e+16,1491455744.0,518001,40000.0,-45338862226.79586,,,,,,,
-8.327879072189338,-0.598109858701731,0.15811179673056233,-0.7362561627289375,0.0,772.53933960569,141.92028746286752,21,24865,530000,0.0003,447243648.0,221550.71875,0.3509035110473633,2.9912443614396416e+16,1128186880.0,520001,40000.0,-45338862226.79586,,,,,,,
-10.98459872055054,-0.5065411679593315,-0.09000066582412755,-0.7929545497137941,0.0,841.8803942139153,-120.80372507887022,21,24939,532000,0.0003,482116864.0,221582.203125,-0.23020139336585999,1.6930455279160525e+17,2677755904.0,522001,40000.0,-45338862226.79586,,,,,,,
-3.6652584896087665,-0.6997960780764902,0.008100208909258975,-0.6297920834768975,0.0,642.1536391063646,-118.85526721606182,21,25013,534000,0.0003,174563696.0,220573.984375,1.6877250671386719,2.0619306911924224e+16,977605952.0,524001,40000.0,-45338862226.79586,,,,,,,
-10.748478315353404,-0.45811870838281893,0.15228946231355878,-0.7268466953069318,0.0,713.6528285690406,171.8479125292085,21,25087,536000,0.0003,235494016.0,219696.453125,-0.15119685232639313,6.392206698584474e+16,2366526464.0,526001,40000.0,-45338862226.79586,,,,,,,
-13.546166894912716,-0.5072779501506445,-0.2391262105015176,-0.6746817545592747,0.0,669.6356193562776,-341.3707221872939,21,25161,538000,0.0003,418720544.0,218261.765625,-1.1883617639541626,1.0290976146430362e+17,3230896640.0,528001,40000.0,-45338862226.79586,,,,,,,
6.570673656463628,-0.6252154420157956,0.3389351172934466,-0.27524339233724326,0.0,330.02711905036796,-276.4846975764777,21,25235,540000,0.0003,413325760.0,219138.375,-0.19313961267471313,3.4364606713430016e+16,1396601728.0,530001,40000.0,-45338862226.79586,,,,,,,
6.823226146698001,0.055130199027354665,0.2569915607608046,-0.057866156226732295,0.0,62.01737512424813,9.067239953811368,21,25310,542000,0.0003,306862560.0,221590.65625,0.446198970079422,4.103756640472269e+16,1683335808.0,532001,40000.0,-45338862226.79586,,,,,,,
-1.3100344009399425,0.12286012763560955,0.0055732254306643395,-0.05330221065358951,0.0,10.418194098097013,136.25298432600007,21,25385,544000,0.0003,336643296.0,222502.921875,-0.9679924249649048,1.2840455848434074e+17,2712283648.0,534001,40000.0,-45338862226.79586,,,,,,,
-3.605083684921263,0.04438480486079255,-0.21166028391707478,-0.038556385847213825,0.0,28.79342264733629,265.8260236840806,21,25459,546000,0.0003,523899168.0,222014.765625,-0.91278475522995,4.152316829211034e+16,1488474240.0,536001,40000.0,-45338862226.79586,,,,,,,
-47.080195310592636,-0.49024839253456437,-0.28118723922644784,0.747672213150111,0.0,976.0551647013099,1171.532226909081,21,25533,548000,0.0003,382426496.0,224982.5625,0.026945054531097412,4.10326100124631e+16,1664504320.0,538001,40000.0,-45338862226.79586,,,,,,,
-39.1250658607483,-0.5115988387353513,0.002435654401306889,0.5507015596676925,0.0,498.9433913279416,-586.7780366203541,21,25607,550000,0.0003,514285696.0,225412.515625,1.0550765991210938,1.761274691185541e+17,2757286656.0,540001,40000.0,-45338862226.79586,,,,,,,
-44.510617624282816,-0.5628108301656598,-0.01970255508892012,0.5914869002872021,0.0,531.7426765664353,18.017100530673385,21,25681,552000,0.0003,307441120.0,229665.125,0.8462075591087341,5.034670186037248e+16,1810647936.0,542001,40000.0,-45338862226.79586,,,,,,,
-43.93024431037902,-0.5776192724421763,-0.007016112074481812,0.5450176521020573,0.0,473.7874669274518,-65.16859278786337,21,25756,554000,0.0003,616862656.0,231325.828125,-0.4372466802597046,6.664837478639206e+16,2037552512.0,544001,40000.0,-45338862226.79586,,,,,,,
-42.96595213699339,-0.5881478053528277,0.002585559738841996,0.49896561765752023,0.0,418.5136449929298,-111.25112711997839,21,25830,556000,0.0003,388948704.0,234484.9375,0.8788917064666748,1.0096322215621427e+17,2654293248.0,546001,40000.0,-45338862226.79586,,,,,,,
-45.091434671402034,-0.6062454287298051,0.016377222804354444,0.48892007187610226,0.0,410.61639817869275,-213.55854723306732,21,25905,558000,0.0003,285652992.0,237393.140625,0.3257151246070862,3.3839978605707264e+16,1125169536.0,548001,40000.0,-45338862226.79586,,,,,,,
-42.88831523132317,-0.6121578192570568,-0.008120016614411791,0.44374276590690226,0.0,360.6032059324438,-4.760570616455055,21,25980,560000,0.0003,474158240.0,238201.15625,-0.735317051410675,3.830935593366323e+16,1269489792.0,550001,40000.0,-42101980010.01625,,,,,,,
-8.761652261734005,-0.3626237867779943,-0.4464848764064545,-0.7912970607500369,0.0,893.1814857560703,-421.81572995892844,21,26054,562000,0.0003,409125920.0,238007.46875,-1.1024588346481323,6.050251710398464e+16,1891199104.0,552001,40000.0,-42101980010.01625,,,,,,,
-1.9354241142272945,-0.6211526256542494,0.13694035754540143,-0.596384572466361,0.0,566.1250365785849,-9.566102736102556,21,26128,564000,0.0003,533022400.0,237611.9375,-1.3195157051086426,1.1118009894987366e+17,2523231232.0,554001,40000.0,-42101980010.01625,,,,,,,
-10.37627700424195,-0.3779595877293246,0.048041861465197136,-0.7110994916664971,0.0,655.1046681195772,92.93335137940888,21,26202,566000,0.0003,269215008.0,239172.6875,0.24283647537231445,5978428046049280.0,825121216.0,556001,40000.0,-42101980010.01625,,,,,,,
-14.747109325408951,-0.6001375055477168,-0.3112499199741264,-0.47480250501366517,0.0,470.8090434893086,-400.95149384477395,21,26277,568000,0.0003,306596288.0,236085.46875,-0.4158526659011841,3.094188070325453e+16,1508514944.0,558001,40000.0,-42101980010.01625,,,,,,,
-4.790345975875851,-0.5955497085947974,0.2226428292327759,-0.13315934935472684,0.0,183.1473902690338,-121.16710390869295,21,26352,570000,0.0003,451971072.0,241456.0,1.057058572769165,3.464655628402688e+16,1552253312.0,560001,40000.0,-42101980010.01625,,,,,,,
-53.9628207931518,-0.6845603872134581,-0.05120473577451667,0.4870865440018301,0.0,563.3238812835481,-5.246465149670559,21,26426,572000,0.0003,265576352.0,239903.921875,0.07355749607086182,4.670438920473805e+16,1859716864.0,562001,40000.0,-42101980010.01625,,,,,,,
-11.056805784225467,-0.5281138956132634,0.08703103618611374,0.054591827678874216,0.0,106.83717164973308,-18.211258396555518,21,26501,574000,0.0003,499826048.0,242171.59375,-2.2609219551086426,3.2232264972632064e+16,1765088000.0,564001,40000.0,-42101980010.01625,,,,,,,
-47.50027329444884,-0.6076609635022613,-0.12742619727730647,0.5198682075180554,0.0,486.56429424691885,502.34709959358497,21,26575,576000,0.0003,447700288.0,242535.84375,-0.679746687412262,6.190133641268429e+16,1657281152.0,566001,40000.0,-42101980010.01625,,,,,,,
-33.82923059272766,-0.5793748853209275,0.03692211068460977,0.32710355759162746,0.0,253.23074765561958,-258.79819692520806,21,26650,578000,0.0003,490656544.0,246295.5625,-1.4813954830169678,7.292620822387098e+16,1891670400.0,568001,40000.0,-42101980010.01625,,,,,,,
-43.01447889137268,-0.6113960089242519,-0.031965922588096975,0.4565339199417325,0.0,372.04258961700435,178.2241571247099,21,26724,580000,0.0003,418055680.0,246296.96875,-0.31486189365386963,2.3116991455821824e+16,1219895424.0,570001,40000.0,-42101980010.01625,,,,,,,
-42.15709079742436,-0.6118585931567522,0.0009801422298813217,0.43988197345463076,0.0,356.30567414439133,-23.720473106580943,21,26798,582000,0.0003,377309248.0,246219.9375,0.7344416975975037,2.495376857969459e+16,1268209280.0,572001,40000.0,-42101980010.01625,,,,,,,
-43.56436506080625,-0.6201638077252183,0.009518988359073936,0.44465005852439743,0.0,363.0388744668704,-85.77067386172395,21,26874,584000,0.0003,443498688.0,246507.984375,0.08354628086090088,1.929369317330125e+16,868931520.0,574001,40000.0,-42101980010.01625,,,,,,,
-42.57277273178109,-0.620578737542712,0.013866889505735981,0.4209956890207817,0.0,339.0978286880525,-105.74970497553981,21,26951,586000,0.0003,350342272.0,248919.25,1.3836766481399536,3.158112001327104e+16,1323120128.0,576001,40000.0,-42101980010.01625,,,,,,,
-41.089771699905434,-0.6173289838540106,0.005089484164154632,0.40063174189025363,0.0,318.26954784205014,-32.164971755192155,21,27027,588000,0.0003,299050496.0,250464.4375,-0.2093389481306076,1.458147839442944e+16,689100288.0,578001,40000.0,-42101980010.01625,,,,,,,
-40.59601465034485,-0.6162085264037718,-0.0013952013996359153,0.3962498764771643,0.0,313.1021763727883,23.119036402607772,21,27101,590000,0.0003,377151328.0,252025.703125,1.251771330833435,4.932623051574477e+16,2032701440.0,580001,40000.0,-42101980010.01625,,,,,,,
-39.05350093650817,-0.6129173093592658,-0.007962019713396778,0.3860298698861709,0.0,303.12634935034595,43.874359660816,21,27176,592000,0.0003,706275328.0,252466.421875,-0.9239101409912109,7.445082712467046e+16,2370243584.0,582001,40000.0,-42101980010.01625,,,,,,,
-39.708619594573975,-0.6215504833580788,-0.014430460220967023,0.4040564092572917,0.0,324.6675677479493,28.565865023968417,21,27250,594000,0.0003,71542872.0,255892.015625,2.317948818206787,611827352338432.0,211182832.0,584001,40000.0,-42101980010.01625,,,,,,,
-39.39042725753783,-0.625433498215331,-0.006940585549394857,0.40174232766348905,0.0,321.499628213707,3.85687107324323,21,27325,596000,0.0003,450334848.0,254200.359375,-2.4572267532348633,5.102736827744256e+16,1632865920.0,586001,40000.0,-42101980010.01625,,,,,,,
-38.96643823051449,-0.6249558171763676,-0.0018844288566166848,0.39219190235938306,0.0,312.21930619079717,-2.3405356149323047,21,27400,598000,0.0003,261059264.0,255033.234375,0.40570566058158875,2.2060395141267456e+16,1145417472.0,588001,40000.0,-42101980010.01625,,,,,,,
-38.9369051685333,-0.628660151130143,0.0017893107705338215,0.3891147678568498,0.0,310.2604356934003,-4.000851294654129,,,600000,0.0003,328988448.0,259338.375,-0.16707375645637512,5.23575883684905e+16,2010437632.0,590000,,,0.0,0.0,40000.0,-29689.548808002102,3417.43865227113,0.0,0.0
,,,,,,,20,28663,600000,0.0003,211571552.0,259351.25,1.1198744773864746,6.357901935797862e+16,2270205184.0,590001,40000.0,-39296222936.508156,,,,,,,
-8.848706035613995,-0.3765548299291879,-0.4582398665236535,-0.7912741109805494,0.0,902.6731664372156,-440.98958967059014,20,28734,602000,0.0003,304969344.0,259119.09375,1.4355442523956299,4841536244154368.0,400972800.0,592001,40000.0,-39296222936.508156,,,,,,,
-2.08060971450806,-0.6342696862069837,0.1378308312139456,-0.5960004539227518,0.0,569.9695429723091,-15.096171623716788,20,28804,604000,0.0003,274750720.0,256291.828125,-0.3731932044029236,2.710118780318515e+16,1296061440.0,594001,40000.0,-39296222936.508156,,,,,,,
-10.597520963668824,-0.4021710871414416,0.033434435630617924,-0.7068269373446847,0.0,653.3552393698524,78.73562528080588,20,28875,606000,0.0003,301232896.0,256924.90625,-1.784361720085144,1.3213504681856205e+17,2828489472.0,596001,40000.0,-39296222936.508156,,,,,,,
-14.203808353424005,-0.6413143153805044,-0.2980226447955249,-0.4495696638043634,0.0,456.1099729515502,-383.20182404097886,21,28946,608000,0.0003,361527552.0,255833.9375,0.9536904692649841,2.815325292724224e+16,1234679936.0,598001,40000.0,-39296222936.508156,,,,,,,
-12.738802656173709,-0.6411699444631634,0.1376904671917067,-0.13485633037336997,0.0,201.87109361196386,-35.99141407549897,21,29017,610000,0.0003,580341760.0,256674.859375,-0.783126950263977,4.95151704220631e+16,1533636992.0,600001,40000.0,-39296222936.508156,,,,,,,
-47.80131838035585,-0.6542515185815555,-0.3410682375566588,0.8622564772837693,0.0,1313.5514770451002,2188.8563228481635,21,29087,612000,0.0003,270665600.0,258987.90625,0.16490592062473297,8.821310493189734e+16,1941259264.0,602001,40000.0,-39296222936.508156,,,,,,,
41.95104493713377,0.6179663324979944,-0.09373058811363053,0.3094135123193405,0.0,846.158941186787,-1598.2918321826023,21,29158,614000,0.0003,506959904.0,260291.09375,-1.6728054285049438,3.167517120711885e+16,1275211520.0,604001,40000.0,-39296222936.508156,,,,,,,
37.590187810897824,0.6232982645375338,-0.005148785036362119,0.3098342739039373,0.0,755.8912542372809,42.687810430727424,21,29229,616000,0.0003,430522560.0,261772.765625,0.5477253794670105,6.072978100348518e+16,1906915840.0,606001,40000.0,-39296222936.508156,,,,,,,
38.34433328819272,0.6241955381875064,-0.015971508364053092,0.3245452475488996,0.0,769.0003906204079,21.220595446775526,21,29301,618000,0.0003,570340864.0,260529.0,-0.0664563924074173,3.651219129316147e+16,1251614592.0,608001,40000.0,-39296222936.508156,,,,,,,
38.8008782558441,0.6197767507639523,-0.017974333043395695,0.3276822450310336,0.0,775.6890184959163,-9.909818973102684,21,29373,620000,0.0003,315876800.0,262614.9375,-0.9343887567520142,4.10048000992215e+16,1666553472.0,610001,40000.0,-39296222936.508156,,,,,,,
39.09172175598142,0.6155165178110923,-0.02277595474913184,0.33165429810452657,0.0,787.4530546359923,-17.23260194155739,21,29444,622000,0.0003,441359392.0,264591.375,-0.04986482858657837,4637065736093696.0,564411008.0,612001,40000.0,-39296222936.508156,,,,,,,
39.10344025993349,0.6099904352558951,-0.016784176191993863,0.3308184914050185,0.0,788.4274409157938,-18.885910100459398,21,29517,624000,0.0003,460904384.0,266695.3125,-1.223767876625061,1.108347492195369e+17,3105853696.0,614001,40000.0,-39296222936.508156,,,,,,,
39.627144351959224,0.6079204606780669,-0.021308242017256,0.3337714889707451,0.0,795.043536671704,-42.407903044973914,21,29589,626000,0.0003,460156512.0,264592.625,-3.0758607387542725,2.5139414246096896e+16,1280928640.0,616001,40000.0,-39296222936.508156,,,,,,,
39.78821574020381,0.6036664810544449,-0.015712732626683247,0.3370765630684105,0.0,801.5406439137633,-22.889863305421734,21,29662,628000,0.0003,310584768.0,264515.9375,1.0281726121902466,2.6425361814257664e+16,1455555072.0,618001,40000.0,-39296222936.508156,,,,,,,
40.08782359313968,0.6008028610660525,-0.01211436505509144,0.34227754040135133,0.0,805.917590113885,-13.719523841582486,21,29734,630000,0.0003,412596192.0,265885.46875,0.9210878014564514,9772981186199552.0,729570496.0,620001,40000.0,-39296222936.508156,,,,,,,
40.1438677406311,0.5978157683414604,-0.007946102542733676,0.34685060613857194,0.0,812.6834551867084,-1.403589491479587,21,29806,632000,0.0003,355545760.0,264278.15625,-2.33525013923645,7.264880487615693e+16,2021492736.0,622001,40000.0,-39296222936.508156,,,,,,,
40.41302072715765,0.5960395439184482,-0.0036159451188457234,0.3510778028280822,0.0,817.6216598521333,3.2680409431447592,21,29879,634000,0.0003,289611680.0,263762.75,-1.699535846710205,3.006951701086208e+16,1182179200.0,624001,40000.0,-39296222936.508156,,,,,,,
40.59573542976372,0.5943949122908802,0.0011282284605105112,0.35836364577979396,0.0,824.3644698597004,14.587687386310831,21,29951,636000,0.0003,352591648.0,262789.5625,0.03231799602508545,1.5608560552719155e+17,3000308480.0,626001,40000.0,-39296222936.508156,,,,,,,
40.44816969490043,0.5922981493155398,0.006821491294349214,0.36365590868264697,0.0,829.7253183750242,22.802918875266357,21,30023,638000,0.0003,319170304.0,264151.40625,-1.583336591720581,5.37448585101312e+16,1829049088.0,628001,40000.0,-39296222936.508156,,,,,,,
40.642347290039076,0.5907707364327044,0.010167490029022449,0.3722385290185602,0.0,840.0782508913575,41.971881925275625,21,30096,640000,0.0003,294839648.0,262996.15625,-0.691670835018158,2.127562301190963e+16,1080513920.0,630001,40000.0,-36842127393.66606,,,,,,,
-5.364530748367312,-0.2994569078473173,-0.34173412903995215,-0.9208029100945185,0.0,1103.2764895631458,-185.06012760545613,21,30169,642000,0.0003,716908480.0,264674.65625,-0.7306329607963562,1.0230455762262426e+17,2854144512.0,632001,40000.0,-36842127393.66606,,,,,,,
-9.67983435249329,-0.6177237633385835,-0.15769320231686526,-0.7723032804606882,0.0,844.5040499778692,-188.2933894944228,21,30241,644000,0.0003,297022272.0,262106.015625,0.4061781167984009,4.389026220788941e+16,2073427840.0,634001,40000.0,-36842127393.66606,,,,,,,
-7.17844783020019,-0.702102551945433,0.0744598964026767,-0.7158632581878694,0.0,769.2162766081467,61.28266882536913,21,30314,646000,0.0003,177766176.0,261040.59375,0.6043680906295776,6044437398421504.0,651908672.0,636001,40000.0,-36842127393.66606,,,,,,,
-11.170676002502447,-0.595757628810462,-0.010445987762752275,-0.7804216475515694,0.0,840.9328135826022,-11.113821960242491,21,30387,648000,0.0003,506544992.0,261518.0,0.25189435482025146,1.0953097753709773e+17,2831916800.0,638001,40000.0,-36842127393.66606,,,,,,,
-7.092612699508666,-0.7293700040959809,-0.0721334541027659,-0.6843958464429472,0.0,730.7664819160266,-100.32591020415627,21,30460,650000,0.0003,290050688.0,262149.0,-0.3073393404483795,3.2791929276071936e+16,1562089088.0,640001,40000.0,-36842127393.66606,,,,,,,
-10.051418212890624,-0.6093916910194456,0.14536666233941214,-0.7337260009295627,0.0,771.7464798103478,131.6678826241737,21,30533,652000,0.0003,96443232.0,258308.84375,0.25401127338409424,6.536456181697741e+16,2751073536.0,642001,40000.0,-36842127393.66606,,,,,,,
-12.381390975952163,-0.6120191488303027,-0.15446790243134953,-0.7259778068197447,0.0,762.5071429020334,-205.29121065707483,21,30605,654000,0.0003,605990336.0,256026.515625,-1.5341756343841553,9.92092262320046e+16,2687304704.0,644001,40000.0,-36842127393.66606,,,,,,,
-0.9605215167999273,-0.7060869850116311,0.17963987107244925,-0.568869471181833,0.0,573.3474486698169,-86.99708989103453,21,30678,656000,0.0003,228975792.0,256232.671875,0.5797314643859863,6.62034848940032e+16,2335715840.0,646001,40000.0,-36842127393.66606,,,,,,,
-11.390224699020388,-0.4053923868825168,0.058651701055880086,-0.6772770811417786,0.0,606.9453642254164,88.37211103306629,21,30752,658000,0.0003,277487328.0,254708.25,0.05741456151008606,3.86253925122048e+16,1511987968.0,648001,40000.0,-36842127393.66606,,,,,,,
-16.838323957443237,-0.6066806697713221,-0.31540289373753916,-0.464482240850422,0.0,464.4632018397345,-353.74432130266206,21,30825,660000,0.0003,145630880.0,255264.390625,-1.9133058786392212,4324987506786304.0,746260608.0,650001,40000.0,-36842127393.66606,,,,,,,
-23.20816053390503,-0.8150447597038609,-0.07675994958173954,-0.04674571355213561,0.0,296.0823130248764,714.0960803749547,21,30898,662000,0.0003,311528672.0,254683.96875,1.2574822902679443,4.189221335701914e+16,2136428160.0,652001,40000.0,-36842127393.66606,,,,,,,
28.463712913513223,0.7759962743030882,-0.23832573185481054,0.02291896716067566,0.0,528.9256913153915,-367.365825100376,21,30971,664000,0.0003,272197664.0,257375.421875,0.14907526969909668,2.598310473682125e+16,1279777280.0,654001,40000.0,-36842127393.66606,,,,,,,
25.450360755920396,0.7521513572831444,-0.014767397534140159,-0.03549783824808103,0.0,520.7741764717952,11.221705568200635,21,31044,666000,0.0003,288353216.0,256524.609375,0.00624779611825943,3.349253937378099e+16,1318837504.0,656001,40000.0,-36842127393.66606,,,,,,,
26.74401757240296,0.7346122854333733,-0.010293040494922325,-0.007276618084058391,0.0,533.7107257705252,4.213714361679742,21,31118,668000,0.0003,308355104.0,256451.234375,0.10602059215307236,1.4028451962945536e+16,1212656896.0,658001,40000.0,-36842127393.66606,,,,,,,
28.166455562591548,0.7198612711136152,-0.007974225639810895,0.02097606271501764,0.0,545.9304217809611,3.9623687103129064,21,31191,670000,0.0003,369982272.0,255128.828125,-0.8279541730880737,3.4319511704305664e+16,1214516480.0,660001,40000.0,-36842127393.66606,,,,,,,
29.316010374069197,0.7060829228657073,-0.01116519015621754,0.04699332878755491,0.0,560.7310809652814,12.608096028791007,21,31265,672000,0.0003,396283776.0,256974.90625,0.7985037565231323,2.257473465483264e+16,1028681344.0,662001,40000.0,-36842127393.66606,,,,,,,
30.18237768363952,0.6928982305968268,-0.005188289508255677,0.0722125328715004,0.0,576.3678889128339,4.031855681426961,21,31339,674000,0.0003,239216512.0,256060.953125,0.04381704330444336,6.351829711034778e+16,2373357568.0,664001,40000.0,-36842127393.66606,,,,,,,
31.54300755119323,0.6817924755146245,-0.007368200727813716,0.09907696375987263,0.0,592.7380966756605,7.5908962080574325,21,31412,676000,0.0003,190230560.0,256948.4375,1.5958783626556396,1.6462220951027712e+16,1450831872.0,666001,40000.0,-36842127393.66606,,,,,,,
32.27852984046937,0.6717032007803653,-0.004563951734382637,0.12330634353516158,0.0,606.5758771189386,8.21413477136461,21,31485,678000,0.0003,280467584.0,257490.5625,0.8957712650299072,2.592445695839437e+16,1225067520.0,668001,40000.0,-36842127393.66606,,,,,,,
33.307719545364364,0.6624458030243784,-0.007111394862587596,0.14661058476599864,0.0,625.1977967752389,10.780789792324777,21,31558,680000,0.0003,405566048.0,254377.390625,1.3529027700424194,6.955448709781914e+16,2584254208.0,670001,40000.0,-34676455751.66428,,,,,,,
-8.007531284332277,-0.37966168480725965,-0.4527750865483428,-0.8230418774884024,0.0,961.3746034949157,-415.4282252402329,21,31632,682000,0.0003,242314416.0,256973.671875,0.18911021947860718,1.1112406680653005e+17,3184656128.0,672001,40000.0,-34676455751.66428,,,,,,,
-4.106401817321774,-0.6370682513814301,0.10440894063977463,-0.6653112742749027,0.0,668.09933779751,29.318285132313786,21,31705,684000,0.0003,227148128.0,255953.03125,1.635718584060669,3.407170927119565e+16,1315113984.0,674001,40000.0,-34676455751.66428,,,,,,,
-11.199674638748165,-0.476594888255134,-0.016302731016405066,-0.7493381097478546,0.0,747.2988552821968,8.85722682435182,21,31778,686000,0.0003,409915296.0,253322.109375,1.8542425632476807,1.3403502009122816e+17,2950412288.0,676001,40000.0,-34676455751.66428,,,,,,,
-7.674268497467036,-0.7231412396023491,-0.17657988925609808,-0.5137638085838968,0.0,521.0407454549896,-318.11479554356373,21,31852,688000,0.0003,443772928.0,251687.046875,-2.3586363792419434,6.53642482843648e+16,2306720768.0,678001,40000.0,-34676455751.66428,,,,,,,
5.389712400436392,-0.3788909366900914,0.5463681060445716,-0.15487318839646866,0.0,209.8778468721663,-259.4141025931716,21,31925,690000,0.0003,248833472.0,255407.09375,0.8324180841445923,1.1738957368786944e+16,943145728.0,680001,40000.0,-34676455751.66428,,,,,,,
3.2132186660766617,0.05694767645715451,-0.019855374315966384,-0.062072914039829306,0.0,23.266673644208865,56.98266805812537,21,31997,692000,0.0003,297357056.0,252743.6875,0.9775403738021851,1.9540164166549504e+16,1409039872.0,682001,40000.0,-34676455751.66428,,,,,,,
-1.3804130954742426,-0.02116561468518183,-0.0303643189800592,-0.06523729967574808,0.0,7.157972087798278,177.66414805779183,21,32070,694000,0.0003,367795168.0,252643.4375,-0.7989832758903503,2.961742016335053e+16,1302915712.0,684001,40000.0,-34676455751.66428,,,,,,,
-28.467162544250503,-0.34175635452491115,-0.3505348696741648,0.26616861375665873,0.0,345.44381323083365,834.1699613788386,21,32143,696000,0.0003,536751712.0,252834.828125,0.6225156784057617,3.015588880318464e+16,1101261312.0,686001,40000.0,-34676455751.66428,,,,,,,
-44.158190774917564,-0.5583735173937415,0.026082909624018442,0.6208613632892551,0.0,650.0307910983529,-533.5202178737692,21,32216,698000,0.0003,251472288.0,254369.375,1.7098257541656494,1.595991593582592e+16,981448960.0,688001,40000.0,-34676455751.66428,,,,,,,
-36.89754520034789,-0.5433223260765958,-0.018279630367566496,0.4545742729617722,0.0,364.1451082495141,89.83873679998598,,,700000,0.0003,353789472.0,257995.4375,-0.8192130327224731,9.549404516122624e+16,2760186880.0,690000,,,0.0,0.0,40000.0,-28393.36654328756,2608.3577589689685,0.0,0.0
,,,,,,,20,33473,700000,0.0003,316403872.0,258034.0625,1.4044318199157715,1.4642751256867635e+17,3007355904.0,690001,40000.0,-34676455751.66428,,,,,,,
-38.575041402816794,-0.5675262194645188,-0.004266665911899824,0.47252009879446,0.0,392.6836846567836,-56.987080463445466,20,33543,702000,0.0003,65644348.0,257558.59375,1.9156619310379028,2.136428402180096e+16,1555636864.0,692001,40000.0,-34676455751.66428,,,,,,,
-37.41672840881347,-0.5711962893821652,-0.009108319589373966,0.42962519891800377,0.0,341.29601341824656,24.767355452468653,20,33614,704000,0.0003,294345216.0,257748.28125,0.1984378695487976,3.440497296356147e+16,1363805440.0,694001,40000.0,-34676455751.66428,,,,,,,
-38.21008806037903,-0.5894195985521246,-0.005448478883650959,0.4294339992817703,0.0,348.8433225422985,-36.8417037193525,20,33685,706000,0.0003,303824384.0,257744.59375,-0.4247686266899109,3.1654548921647104e+16,1735219712.0,696001,40000.0,-34676455751.66428,,,,,,,
-37.47447829246523,-0.5906790102589518,-0.010477351201006195,0.3996243033387229,0.0,315.5027377084397,41.60781095677147,20,33756,708000,0.0003,357432640.0,260154.09375,0.15795177221298218,8053749264154624.0,623938112.0,698001,40000.0,-34676455751.66428,,,,,,,
-38.01578175735472,-0.6056889802555845,0.002086715603538666,0.40093801022546005,0.0,325.1992309330915,-65.05634194871234,20,33826,710000,0.0003,362933792.0,260085.875,-0.0237581729888916,2.495888388574413e+16,1049971712.0,700001,40000.0,-34676455751.66428,,,,,,,
-37.09586466979979,-0.6017360298757368,-0.011395379534988538,0.3739708655755757,0.0,297.7419954284988,68.51880078369398,21,33897,712000,0.0003,157388000.0,262918.40625,1.8610655069351196,1668824843681792.0,291470560.0,702001,40000.0,-34676455751.66428,,,,,,,
-37.89554436111447,-0.6173683462489753,0.0032912822754261593,0.387824008272115,0.0,315.4172275431194,-62.01496616652165,21,33967,714000,0.0003,217296240.0,261693.390625,-0.0556524395942688,4.185791804316058e+16,1896101632.0,704001,40000.0,-34676455751.66428,,,,,,,
-37.20606549262992,-0.6101899226954448,-0.009209712724500635,0.3655935091168556,0.0,292.53896521816114,62.252049467517914,21,34038,716000,0.0003,378454752.0,263800.96875,-0.2492508441209793,3.418850661184307e+16,1386333056.0,706001,40000.0,-34676455751.66428,,,,,,,
-37.95693154144287,-0.624684424223999,0.003418481815319404,0.37975083877868615,0.0,309.8806188665734,-49.95960181413865,21,34108,718000,0.0003,289142432.0,260654.265625,0.662229061126709,8.18380162549678e+16,2365879040.0,708001,40000.0,-34676455751.66428,,,,,,,
-37.602572107315105,-0.6198742428896653,-0.010851202541937223,0.36340302671660246,0.0,291.8395119540049,59.46955244188251,21,34179,720000,0.0003,348038976.0,261744.0625,-0.2998437285423279,1.4688602609732813e+17,2751442432.0,710001,40000.0,-32750844729.800213,,,,,,,
-5.520231325149544,-0.30265430489201256,-0.35330308999540705,-0.9188833006965434,0.0,1102.35957157408,-204.2410753279881,21,34251,722000,0.0003,554705344.0,261476.859375,-2.1845693588256836,4.765550541746995e+16,1428199040.0,712001,40000.0,-32750844729.800213,,,,,,,
-9.492884233474728,-0.6433814045486111,-0.1597350724297298,-0.7554162369265928,0.0,824.4776085341194,-191.64877493734338,21,34322,724000,0.0003,333979328.0,263076.40625,1.8456827402114868,1.109412558185431e+17,2236866048.0,714001,40000.0,-32750844729.800213,,,,,,,
-7.155706974029537,-0.690987941369156,0.1047936560720378,-0.7148052353369243,0.0,764.6087275323538,79.91835721554547,21,34394,726000,0.0003,162089296.0,259312.90625,0.7379351258277893,3.5750925519814656e+16,1573950080.0,716001,40000.0,-32750844729.800213,,,,,,,
-11.62814569854736,-0.5968746962966273,-0.04972366991068918,-0.769268740763412,0.0,822.4483157555896,-61.05141586948874,21,34466,728000,0.0003,214105136.0,256718.6875,1.7390937805175781,1.7284022140928e+16,1438384256.0,718001,40000.0,-32750844729.800213,,,,,,,
-5.498992284774787,-0.732665454596491,0.02100835846483626,-0.6510214732015236,0.0,686.8811935449578,-99.93963358940547,21,34538,730000,0.0003,182501968.0,256218.015625,0.5785099864006042,2.340992540527821e+16,1664327680.0,720001,40000.0,-32750844729.800213,,,,,,,
-10.854756875991821,-0.5006890286043651,0.12146585326917768,-0.7259231644334144,0.0,721.580256511369,95.91888702560196,21,34610,732000,0.0003,529730048.0,255370.796875,0.4928889870643616,1.189839084978176e+17,2132668032.0,722001,40000.0,-32750844729.800213,,,,,,,
-13.970719734191901,-0.595873689068091,-0.23176645821621095,-0.6405251911851731,0.0,639.6055749400305,-316.34234273972163,21,34683,734000,0.0003,101120528.0,256175.265625,-1.0792617797851562,4.780783072758989e+16,1995084544.0,724001,40000.0,-32750844729.800213,,,,,,,
7.067889226913456,-0.6505437700863109,0.35113035250008967,-0.2834266134949178,0.0,326.4979551803592,-273.15676833557416,21,34756,736000,0.0003,157631296.0,251890.1875,-0.7431248426437378,1.7069067617697792e+16,1165674368.0,726001,40000.0,-32750844729.800213,,,,,,,
3.160858526229863,-0.01392812220260629,0.2195113335002277,-0.09470536859313144,0.0,61.705344997231165,-23.214670344377954,21,34829,738000,0.0003,377232384.0,251855.59375,0.08218114078044891,7.738137780001178e+16,2909491968.0,728001,40000.0,-32750844729.800213,,,,,,,
-1.5307112541198726,-0.028393972021032332,-0.05615441269125455,-0.08318538444694078,0.0,12.24599449889981,129.05226254716436,21,34902,740000,0.0003,442612992.0,252728.515625,-1.8887741565704346,6.962400543847219e+16,2264572160.0,730001,40000.0,-32750844729.800213,,,,,,,
-13.992582908630366,-0.23915041169634826,-0.36181401068489005,0.030071276151947938,0.0,124.90509583039065,698.9650179788669,21,34975,742000,0.0003,189447696.0,252187.75,0.2971702516078949,5296777007726592.0,686897472.0,732001,40000.0,-32750844729.800213,,,,,,,
-54.19769668769835,-0.5989297067140928,0.05823331828640474,0.6667223461793076,0.0,725.0294588324637,-490.8706188668795,21,35048,744000,0.0003,267195488.0,251805.890625,0.38759845495224,3.858041990964838e+16,1801973632.0,734001,40000.0,-32750844729.800213,,,,,,,
-24.751276899337785,-0.5334188797086348,-0.08850248538996058,0.3122536658950575,0.0,235.21586226928335,450.4493106567377,21,35121,746000,0.0003,456123360.0,252231.53125,-1.7186813354492188,6.178996361573171e+16,2268975872.0,736001,40000.0,-32750844729.800213,,,,,,,
-45.29482836532597,-0.6062879018558202,0.047810187021449575,0.5227523538802265,0.0,464.58924304607507,-349.6822269792866,21,35194,748000,0.0003,110342160.0,254192.84375,1.1217474937438965,954172954378240.0,289853888.0,738001,40000.0,-32750844729.800213,,,,,,,
-29.883602203369197,-0.5633967040333885,-0.05694129327606676,0.3125304087976877,0.0,236.88382282087082,292.55721505820736,21,35267,750000,0.0003,224154512.0,252305.15625,-1.422947645187378,8440341954822144.0,889293248.0,740001,40000.0,-32750844729.800213,,,,,,,
-43.88701902961734,-0.6175516013302931,0.03596039822114062,0.4785800802506895,0.0,409.42824529331307,-235.33678611555024,21,35340,752000,0.0003,276009920.0,255362.515625,0.0450737327337265,1.7300422473547776e+16,1174660992.0,742001,40000.0,-32750844729.800213,,,,,,,
-31.491676061630248,-0.5807843723874083,-0.04300039451795618,0.3098695796275108,0.0,240.37543847622655,215.943821754074,21,35413,754000,0.0003,426338176.0,256911.4375,1.0589447021484375,4.877356271403008e+16,2407230208.0,744001,40000.0,-32750844729.800213,,,,,,,
-43.87975897407536,-0.6272488110473239,0.036928177207308274,0.4559953205908152,0.0,387.61145595528563,-232.61826795934678,21,35486,756000,0.0003,231494240.0,257607.96875,-1.243363857269287,2130780520185856.0,238246656.0,746001,40000.0,-32750844729.800213,,,,,,,
-31.996844964981072,-0.589994127921202,-0.037696223645529936,0.307104713229314,0.0,241.06405990640872,210.20870584969867,21,35559,758000,0.0003,355942656.0,256454.171875,0.7163654565811157,2.1561158880198656e+16,851309056.0,748001,40000.0,-32750844729.800213,,,,,,,
-43.860743364334105,-0.6309697400683392,0.039532041752031476,0.4430894393798386,0.0,375.251010830075,-246.39881575122817,21,35632,760000,0.0003,249512768.0,257054.3125,0.5951404571533203,3.698806507962368e+16,1363293184.0,750001,40000.0,-31028105824.467182,,,,,,,
-4.945614868164073,-0.26136434758075233,-0.3095741085375905,-0.9357217463104497,0.0,1117.391875205635,-150.0296296021684,21,35705,762000,0.0003,381841664.0,259241.203125,-1.9874374866485596,3.979017475797811e+16,2146458624.0,752001,40000.0,-31028105824.467182,,,,,,,
-9.213545618057266,-0.5766301895852017,-0.1561436423701434,-0.7948857965646124,0.0,872.0519535787739,-196.71132129552905,21,35778,764000,0.0003,402751872.0,255514.53125,-1.368003487586975,3.655797564453683e+16,1282117120.0,754001,40000.0,-31028105824.467182,,,,,,,
-7.30992692565918,-0.6311920872265271,0.09042987941647936,-0.7531001340145047,0.0,806.923707563877,73.62526748743561,21,35851,766000,0.0003,331660032.0,254224.84375,-1.0456774234771729,3.120455875559424e+16,1629367040.0,756001,40000.0,-31028105824.467182,,,,,,,
-10.777487989425653,-0.551343737065348,-0.04712825803707348,-0.7961348658770785,0.0,856.1329132305415,-56.84957328905267,21,35924,768000,0.0003,366196704.0,253331.0625,-1.440136432647705,7.85242428276736e+16,2766531072.0,758001,40000.0,-31028105824.467182,,,,,,,
-6.5411125793457146,-0.6850889701533569,-0.006364165045625742,-0.6914138369691111,0.0,725.82471130581,-84.25444084194397,21,35997,770000,0.0003,441568192.0,252510.234375,-2.1568708419799805,5.387884430989722e+16,1422769024.0,760001,40000.0,-31028105824.467182,,,,,,,
-10.249081369400017,-0.491457185468261,0.1226374622626562,-0.7595085675735368,0.0,777.8016711894657,98.45091454408958,21,36070,772000,0.0003,273121024.0,253249.40625,-0.6305099129676819,8548052218413056.0,699632832.0,762001,40000.0,-31028105824.467182,,,,,,,
-12.375299821853647,-0.5685182171806472,-0.1971573163345875,-0.69825271227514,0.0,708.2395168908772,-274.1622286693318,21,36143,774000,0.0003,164141264.0,252264.96875,0.598246693611145,5.563935140452762e+16,2191211520.0,764001,40000.0,-31028105824.467182,,,,,,,
0.6069579601287901,-0.5958194526457232,0.3156072324849079,-0.4932276321791127,0.0,467.93749125725446,-144.31439458716403,21,36216,776000,0.0003,377037696.0,251696.890625,1.3245041370391846,2.305766077759488e+16,1109434752.0,766001,40000.0,-31028105824.467182,,,,,,,
-7.335843784332277,-0.19887968063283157,0.01435669973478661,-0.5389904915429118,0.0,371.44456788659454,6.022091533178305,21,36290,778000,0.0003,289801312.0,251291.0625,-0.11724853515625,5.228560901157683e+16,1654012800.0,768001,40000.0,-31028105824.467182,,,,,,,
-19.746616264343263,-0.4640093739212285,-0.35707942836750967,-0.32956071596627895,0.0,320.3867504865028,43.61587688664499,21,36363,780000,0.0003,233997744.0,250730.203125,-0.1894155591726303,2736052544471040.0,381034816.0,770001,40000.0,-31028105824.467182,,,,,,,
16.652325441360507,0.220032181651354,-0.4274103064583105,0.3539656397830132,0.0,790.6893868934717,228.97795190801287,21,36436,782000,0.0003,403251488.0,248811.984375,-0.4158973693847656,2.588562615907123e+16,1185111552.0,772001,40000.0,-31028105824.467182,,,,,,,
34.26056485176085,0.6623951166851195,-0.004224236092751288,0.16396879642068332,0.0,621.7033184238242,18.279573722774057,21,36509,784000,0.0003,317647488.0,247815.953125,-2.1808953285217285,9.659715597159629e+16,2897323008.0,774001,40000.0,-31028105824.467182,,,,,,,
34.89267700195309,0.6522018573229198,-0.0038917294352000717,0.1903247767220956,0.0,640.5317776410241,13.65575288113432,21,36582,786000,0.0003,244874624.0,248425.03125,0.2739540934562683,4298302874976256.0,543571456.0,776001,40000.0,-31028105824.467182,,,,,,,
35.47307600402832,0.6421815428073082,-0.002510923056230991,0.2131137340110802,0.0,660.7587253431846,19.347644258663184,21,36656,788000,0.0003,90043960.0,248079.375,1.8448724746704102,3830475709743104.0,595598720.0,778001,40000.0,-31028105824.467182,,,,,,,
36.34493303680416,0.633579904271872,-0.0008224997057003725,0.2391928722832917,0.0,682.8730312206643,28.834401862313243,21,36730,790000,0.0003,278579552.0,248036.546875,0.490039199590683,3.707938037930394e+16,2012712192.0,780001,40000.0,-31028105824.467182,,,,,,,
36.88019140243526,0.6255916556126779,0.0020727700765467115,0.2610959443928844,0.0,703.6952845054689,35.269739601088475,21,36805,792000,0.0003,286864576.0,246712.609375,-0.9344017505645752,2.55162396442624e+16,1186896896.0,782001,40000.0,-31028105824.467182,,,,,,,
37.40388393592834,0.6186158192439656,0.003831515354103444,0.28343690752322087,0.0,724.8003053771606,42.51418923009493,21,36879,794000,0.0003,214553424.0,245295.8125,-1.3199045658111572,1.7930732546555904e+16,1485738752.0,784001,40000.0,-31028105824.467182,,,,,,,
38.18336401748651,0.6134115169864183,0.008139958926643797,0.3088980620037916,0.0,748.1498921969926,57.15503088279641,21,36953,796000,0.0003,368899712.0,245866.328125,0.12064492702484131,2.291577868045517e+16,1150665728.0,786001,40000.0,-31028105824.467182,,,,,,,
38.43375968742369,0.6080823618942557,0.011156868045617673,0.32884145690335725,0.0,768.7972377227136,58.19847260235778,21,37027,798000,0.0003,300393568.0,248877.234375,1.2769886255264282,4.352258723754803e+16,1745035008.0,788001,40000.0,-31028105824.467182,,,,,,,
38.78448171424862,0.6022440927159829,0.00935833869907588,0.34993091647461383,0.0,792.5050512792549,61.84474241900265,,,800000,0.0003,286565408.0,247506.3125,-0.36813947558403015,8604046243921920.0,908377152.0,790000,,,0.0,0.0,40000.0,-28044.29839849029,2895.5133345409936,0.0,0.0
,,,,,,,20,38288,800000,0.0003,386086912.0,247500.40625,1.4520554542541504,1.0550713434662502e+17,2541386496.0,790001,40000.0,-29478116397.160744,,,,,,,
-4.748556404113757,-0.2577603325123587,-0.3049339744633108,-0.9418473901807799,0.0,1129.3558824940346,-152.45214462087256,20,38361,802000,0.0003,106885784.0,248562.71875,0.42100536823272705,6.061969669672141e+16,2538918144.0,792001,40000.0,-29478116397.160744,,,,,,,
-8.667917436599732,-0.5577357423543055,-0.1300900646391853,-0.8148281710927235,0.0,900.518446393937,-159.5883795474494,20,38433,804000,0.0003,244517904.0,246027.703125,-1.7792725563049316,6.557332729233408e+16,2589664000.0,794001,40000.0,-29478116397.160744,,,,,,,
-8.0737629070282,-0.5944704114529249,0.06508510475809755,-0.7911304407953208,0.0,860.7769825084043,63.04680688461303,20,38505,806000,0.0003,236069520.0,246025.125,-0.8090847730636597,2.059862234942669e+16,1380508416.0,796001,40000.0,-29478116397.160744,,,,,,,
-10.25085531616212,-0.5574312649699787,-0.05272477979558586,-0.8098144159391912,0.0,883.6838079782464,-65.80910380344484,20,38578,808000,0.0003,465910496.0,243907.859375,-0.15299415588378906,2.0341033833332736e+16,1159026176.0,798001,40000.0,-29478116397.160744,,,,,,,
-7.301988227844251,-0.6425392323451511,0.024887099910300255,-0.7487800226079163,0.0,802.4911938197423,-5.526530601675958,20,38651,810000,0.0003,278585728.0,243959.734375,-1.1740885972976685,7.046805241148211e+16,2886151680.0,800001,40000.0,-29478116397.160744,,,,,,,
-9.952715299606329,-0.5155909453546266,0.044988152319010946,-0.8089104526812464,0.0,869.2487136037541,44.70531404980519,20,38723,812000,0.0003,176553824.0,242853.859375,0.4906744658946991,1.0644154098909184e+16,681421184.0,802001,40000.0,-29478116397.160744,,,,,,,
-10.277100130081177,-0.6193371244485653,-0.13145254320148783,-0.7349918223535226,0.0,775.7785805567748,-173.25357221147084,20,38795,814000,0.0003,372228800.0,241707.59375,-0.8002699613571167,6.521463739357594e+16,2379759104.0,804001,40000.0,-29478116397.160744,,,,,,,
-5.846683607101441,-0.5493396559122146,0.21486318398565435,-0.7130250121161292,0.0,727.1361472328365,96.93704726264983,20,38868,816000,0.0003,252165792.0,241952.515625,-0.011245667934417725,9796992200867840.0,868155840.0,806001,40000.0,-29478116397.160744,,,,,,,
-9.898300682067868,-0.43098819249548037,-0.1067726403614584,-0.764653996812039,0.0,767.4705656320896,-98.38201296189841,21,38940,818000,0.0003,195793280.0,241392.6875,-0.048731423914432526,2.512338972311552e+16,1322685952.0,808001,40000.0,-29478116397.160744,,,,,,,
-5.750597684860219,-0.6822557726216387,-0.03166906998174707,-0.5178759042694583,0.0,500.69350597862217,-300.80509187042327,21,39012,820000,0.0003,181364224.0,242702.90625,-0.5818158388137817,5885842509791232.0,804404544.0,810001,40000.0,-29478116397.160744,,,,,,,
-1.6085684833526597,-0.24524917386335143,0.3674795447040191,-0.3899483130627654,0.0,280.8512731217374,-123.22471083743913,21,39085,822000,0.0003,287336896.0,242152.1875,-0.5966701507568359,1.49803359010816e+16,992780672.0,812001,40000.0,-29478116397.160744,,,,,,,
-3.9379323730468707,-0.17835155494400756,-0.18561935197951074,-0.38375545600418315,0.0,202.54370689513982,59.57491751775092,21,39159,824000,0.0003,255360288.0,242170.203125,0.3378821611404419,7.123490164231373e+16,2538620160.0,814001,40000.0,-29478116397.160744,,,,,,,
-39.04070409202573,-0.6416165875322326,-0.39520002410759836,0.226275533645031,0.0,511.8466276010737,1348.2569544129194,21,39233,826000,0.0003,214630784.0,239021.96875,1.3725993633270264,1.676024551047168e+16,1165193984.0,816001,40000.0,-29478116397.160744,,,,,,,
5.905538782119754,0.44214867471571834,-0.1419739710203957,0.3202362848612693,0.0,1384.9295497273408,-1146.7739866955524,21,39312,828000,0.0003,291029408.0,239404.546875,-1.0162465572357178,4.245624993716634e+16,1793927168.0,818001,40000.0,-29478116397.160744,,,,,,,
18.55008098983763,0.8195711710471667,0.004088859936403683,-0.15364586668721736,0.0,481.983971891626,-8.426970158073592,21,39385,830000,0.0003,6767176.0,240098.9375,1.2392628192901611,164758670016512.0,64045768.0,820001,40000.0,-29478116397.160744,,,,,,,
22.777764890670774,0.79422664644509,-0.020783851794818575,-0.09338660203325042,0.0,487.3097472905909,15.220551813144276,21,39460,832000,0.0003,299775424.0,238785.015625,-0.5312221050262451,8.047303269862605e+16,2941192960.0,822001,40000.0,-29478116397.160744,,,,,,,
25.23638067817687,0.7681760638316294,-0.016830279858903705,-0.046638941958766215,0.0,499.53077957275735,29.1972769883988,21,39534,834000,0.0003,230080640.0,238289.78125,0.4581698775291443,924312932450304.0,301692704.0,824001,40000.0,-29478116397.160744,,,,,,,
27.61285368537905,0.7453912097985316,-0.01570229187219255,-0.0005104065640735057,0.0,516.020258706126,34.782921589693906,21,39606,836000,0.0003,234289120.0,239350.203125,1.1846028566360474,2.4772720675782656e+16,1659729920.0,826001,40000.0,-29478116397.160744,,,,,,,
29.508090824127137,0.7291072485701341,-0.01489109736148004,0.04615656829991503,0.0,530.9858365819293,42.02025507251762,21,39679,838000,0.0003,355693440.0,238608.59375,1.213533878326416,5.775845390863565e+16,1963658624.0,828001,40000.0,-29478116397.160744,,,,,,,
30.965622900009134,0.7101730424434122,-0.014996868600362765,0.0825447358077752,0.0,553.6595014367302,46.58883750684257,21,39752,840000,0.0003,19030654.0,235627.734375,2.08840012550354,2067518873141248.0,460664832.0,830001,40000.0,-28075698170.160614,,,,,,,
-6.709149391174323,-0.3438672276845867,-0.3951653946703066,-0.8706374834471825,0.0,1025.7393895721432,-327.6563346101321,21,39825,842000,0.0003,354762464.0,236013.4375,1.2295397520065308,1.5155760619061248e+16,764405632.0,832001,40000.0,-28075698170.160614,,,,,,,
-6.036815601348875,-0.5340371040472136,0.08875649870561618,-0.7799448691908867,0.0,823.2595258488466,57.99587304566711,21,39897,844000,0.0003,451923264.0,232457.890625,-0.17786718904972076,3.795095809268122e+16,1391622400.0,834001,40000.0,-28075698170.160614,,,,,,,
-10.103473512649515,-0.4753410181756348,-0.0823985028364729,-0.80162532169336,0.0,845.5959427304383,-91.40947911859529,21,39970,846000,0.0003,172491024.0,230339.390625,-0.15293240547180176,1.6300793531465728e+16,961397568.0,836001,40000.0,-28075698170.160614,,,,,,,
-6.605935241699216,-0.6638696414106087,-0.0132686273285495,-0.6459773690013274,0.0,654.3915847077728,-168.34896290401397,21,40042,848000,0.0003,401657088.0,226962.171875,-1.968078374862671,4.964407957048525e+16,1728600960.0,838001,40000.0,-28075698170.160614,,,,,,,
-7.467622259140013,-0.35010635678607044,0.20829525622335587,-0.6749633289257772,0.0,621.3086243947122,28.96679086929959,21,40115,850000,0.0003,349154656.0,227588.34375,-1.2350014448165894,8336359722844160.0,896653632.0,840001,40000.0,-28075698170.160614,,,,,,,
-10.470711143493663,-0.4188596791735876,-0.23218120692838934,-0.6288020459810199,0.0,558.4465931213236,-210.03198956281432,21,40188,852000,0.0003,150421680.0,226179.109375,-0.6060805320739746,2763055272296448.0,475827360.0,842001,40000.0,-28075698170.160614,,,,,,,
-5.9315560951232875,-0.6978800442650751,0.08358339243124964,-0.18608646007131344,0.0,246.91615012854916,-270.03720479338745,21,40260,854000,0.0003,374069472.0,226428.59375,-0.1985800564289093,2.781723401335603e+16,1227610368.0,844001,40000.0,-28075698170.160614,,,,,,,
-34.0892268104553,-0.5843896162127311,-0.160044106998827,0.19764322982754798,0.0,276.86589687038696,476.2858671068892,21,40333,856000,0.0003,211017664.0,224208.6875,0.3472495973110199,8304270948433920.0,579513088.0,846001,40000.0,-28075698170.160614,,,,,,,
-34.82392947006224,-0.6620982730705657,0.12730128287381437,0.32758122180010407,0.0,362.4925582135686,-479.02524579093193,21,40406,858000,0.0003,306344416.0,224682.796875,-1.5884878635406494,2.2120535420829696e+16,1263326592.0,848001,40000.0,-28075698170.160614,,,,,,,
-35.47364956665035,-0.5897157586630503,-0.0827776184663681,0.302595610459484,0.0,286.27901775998816,311.4939500958371,21,40478,860000,0.0003,193808000.0,224822.546875,0.413165807723999,5.374816992991642e+16,2084902912.0,850001,40000.0,-28075698170.160614,,,,,,,
-36.87051618194582,-0.6302909448310087,0.06754310126001471,0.3649261040355189,0.0,327.81343951869707,-283.3017214166206,21,40551,862000,0.0003,98759880.0,223499.28125,0.9261465668678284,1605833511141376.0,422365664.0,852001,40000.0,-28075698170.160614,,,,,,,
-35.87569750785832,-0.5951528392893605,-0.046737964869222506,0.34028489600534795,0.0,294.14222348803037,192.1508708584826,21,40623,864000,0.0003,160719840.0,221593.1875,-2.2769651412963867,4.291291662988083e+16,2210145536.0,854001,40000.0,-28075698170.160614,,,,,,,
-37.732837511062606,-0.6233865617367778,0.03125566425211503,0.3859081155231314,0.0,324.90147409752785,-145.59084867493473,21,40696,866000,0.0003,98630632.0,221599.109375,-0.5829623341560364,3304272154329088.0,524541472.0,856001,40000.0,-28075698170.160614,,,,,,,
-37.48033267784119,-0.6088850887199252,-0.028966725125579382,0.3762543074995364,0.0,312.9547497779668,148.80410647621403,21,40770,868000,0.0003,434527584.0,220585.34375,-1.2786738872528076,3.960870379978752e+16,1786734720.0,858001,40000.0,-28075698170.160614,,,,,,,
-37.303827266693084,-0.6211832741903632,0.034897197458511935,0.3790701975266629,0.0,318.5621673175446,-147.36764026864324,21,40843,870000,0.0003,181631248.0,218381.0625,0.47231629490852356,6616898556919808.0,673813824.0,860001,40000.0,-28075698170.160614,,,,,,,
-37.94195089721679,-0.6089421437163194,-0.03471113091958403,0.38309942330214614,0.0,319.73796293493206,156.2523066154193,21,40916,872000,0.0003,166856832.0,220126.171875,0.17455124855041504,2312431867002880.0,427021920.0,862001,40000.0,-28075698170.160614,,,,,,,
-36.802139308929455,-0.6210647420150626,0.043256961127912476,0.373309073954362,0.0,317.83943234788467,-159.61505545190465,21,40990,874000,0.0003,122811120.0,219741.921875,0.19411355257034302,1.074633566584832e+16,1142428288.0,864001,40000.0,-28075698170.160614,,,,,,,
-38.14582504844664,-0.6105806022258871,-0.037158065059104725,0.38512316868562596,0.0,322.3931753221378,147.59889312304762,21,41063,876000,0.0003,140538192.0,218911.109375,1.1021177768707275,6624480247939072.0,745963520.0,866001,40000.0,-28075698170.160614,,,,,,,
-36.64550333023068,-0.6160745876710022,0.0416492684974661,0.3673661464973142,0.0,309.89709535680436,-152.07616959812663,21,41136,878000,0.0003,238121600.0,216039.6875,-0.6891903281211853,984919752835072.0,179723648.0,868001,40000.0,-28075698170.160614,,,,,,,
-38.68837833786011,-0.6115233997987723,-0.03945405731429747,0.39820939737833516,0.0,335.1494114654459,160.41881082385626,21,41209,880000,0.0003,28789866.0,215578.46875,2.0664048194885254,463116726960128.0,246960560.0,870001,40000.0,-26800337770.281948,,,,,,,
-4.158910068511961,-0.2119076765047271,-0.26394816662018405,-0.9436252913181956,0.0,1114.2490511835672,-101.87358134733599,21,41281,882000,0.0003,139442720.0,212421.109375,-1.5512771606445312,218767279783936.0,115422104.0,872001,40000.0,-26800337770.281948,,,,,,,
-8.90452775764461,-0.5298323727901135,-0.17096447631182407,-0.8065834176422902,0.0,882.3214376706321,-223.25926922430227,21,41354,884000,0.0003,198848784.0,214040.609375,0.9984019994735718,575568500228096.0,147792560.0,874001,40000.0,-26800337770.281948,,,,,,,
-6.431392372131348,-0.5406805597418787,0.15353824628136997,-0.7749902109065089,0.0,824.1072650138102,100.22381753540746,21,41427,886000,0.0003,390885344.0,211428.359375,-2.7029528617858887,3.3782211295576064e+16,1676942592.0,876001,40000.0,-26800337770.281948,,,,,,,
-9.552807916641235,-0.44406616886216305,-0.09490108654190495,-0.8119024232435377,0.0,858.5038672572244,-103.1125593049973,21,41500,888000,0.0003,280625248.0,212076.1875,-0.49877244234085083,8.014002670429798e+16,2625544192.0,878001,40000.0,-26800337770.281948,,,,,,,
-7.132159784317012,-0.6439356952711569,-0.008317805308345992,-0.6543266939215501,0.0,660.3931716033337,-158.81231045074617,21,41573,890000,0.0003,138395376.0,208961.5625,1.1699845790863037,680923175583744.0,183587520.0,880001,40000.0,-26800337770.281948,,,,,,,
-6.308284543991087,-0.3112395795366702,0.2210743307684984,-0.6828715475283867,0.0,630.9047637698586,19.914863856814137,21,41646,892000,0.0003,279396512.0,210366.015625,0.11468994617462158,6698811099447296.0,601765696.0,882001,40000.0,-26800337770.281948,,,,,,,
-9.43895730972289,-0.39249937893940545,-0.24688834911926874,-0.6297322586897246,0.0,554.6911166174731,-203.2195486828674,21,41719,894000,0.0003,266270736.0,207936.390625,-0.5632517337799072,5032750335655936.0,558407104.0,884001,40000.0,-26800337770.281948,,,,,,,
-5.753665924072267,-0.6767107734654736,0.07519482594757022,-0.2232325100016107,0.0,251.0803221284749,-250.21969795072707,21,41793,896000,0.0003,104876872.0,207771.859375,1.131026268005371,1564585987407872.0,376637856.0,886001,40000.0,-26800337770.281948,,,,,,,
-9.109596244812014,-0.41456939492111844,-0.11757277819329945,0.013275367676637425,0.0,138.5217457728069,351.38594233719596,21,41866,898000,0.0003,262124768.0,209846.046875,-1.0542263984680176,1.8527720115798016e+16,1130445312.0,888001,40000.0,-26800337770.281948,,,,,,,
-48.53795194053653,-0.6703911486690329,0.01934138423375487,0.5027146806997799,0.0,461.3401509976655,-160.66549996784286,,,900000,0.0003,265461568.0,208402.328125,-0.23122671246528625,3992641863680000.0,427488480.0,890000,,,0.014828125000000011,0.0,40000.0,-27412.661506106902,2800.6941269386243,0.014828125000000011,0.0
,,,,,,,20,43120,900000,0.0003,122674832.0,208405.515625,0.5708038806915283,4247637293268992.0,687327680.0,890001,40000.0,-26800337770.281948,,,,,,,
-28.674218458175616,-0.5964655638642121,-0.05167115898031685,0.25784252202192703,0.0,236.9101225411358,324.27576853335427,20,43191,902000,0.0003,267148320.0,206081.25,0.4082435667514801,5.646690999808819e+16,2051502208.0,892001,40000.0,-26800337770.281948,,,,,,,
-41.40776843643196,-0.6451176870972714,0.0253185172211869,0.40499015107116465,0.0,351.73074340123,-183.2390419346518,20,43262,904000,0.0003,263554192.0,206511.328125,1.7059650421142578,1.246953560080384e+16,866902912.0,894001,40000.0,-26800337770.281948,,,,,,,
-39.01486861610416,-0.6334608400339937,0.009033874102950961,0.3677263750626669,0.0,309.2292238274914,-42.450378956797614,20,43334,906000,0.0003,308372864.0,208301.59375,-1.1628448963165283,3.605031480511693e+16,1283633536.0,896001,40000.0,-26800337770.281948,,,,,,,
-41.135742795944196,-0.6374365306792477,0.026038000747919957,0.38957343265977595,0.0,327.773503495765,-158.32962632637094,20,43405,908000,0.0003,129572744.0,207021.0625,0.9067457318305969,1.2625970120884224e+16,1141437056.0,898001,40000.0,-26800337770.281948,,,,,,,
-38.72337931632994,-0.6284128648084256,0.003487888533910154,0.3697235199942562,0.0,309.5449385878727,-23.837165964004356,20,43475,910000,0.0003,164904672.0,206262.34375,-0.4210192561149597,1.3815506410668032e+16,872880320.0,900001,40000.0,-26800337770.281948,,,,,,,
-40.11664972305304,-0.6308712879379089,0.005576386107833995,0.383837798242108,0.0,320.92323432585573,-31.991837751244198,20,43546,912000,0.0003,346318592.0,206205.3125,-1.4916530847549438,3714125045694464.0,440336512.0,902001,40000.0,-26800337770.281948,,,,,,,
-38.39791778755191,-0.6250781471957949,-0.0032527089532949135,0.3760297043844827,0.0,314.0982431821342,32.57624869390176,20,43617,914000,0.0003,220689008.0,205065.71875,-0.7052814960479736,2081797223481344.0,464680128.0,904001,40000.0,-26800337770.281948,,,,,,,
-38.173982925415004,-0.6250726497272003,-0.0020214127699140962,0.38535003361566583,0.0,321.82721145014733,-2.2898752410773904,20,43688,916000,0.0003,143138592.0,204521.984375,-0.4271475672721863,3.142372019929088e+16,1725707264.0,906001,40000.0,-26800337770.281948,,,,,,,
-37.47649580001831,-0.6154829151993851,-0.00040195757038990554,0.3828101152621761,0.0,318.61410676711785,24.519459001868025,20,43758,918000,0.0003,434224576.0,203152.875,-0.6794735193252563,5740187283881984.0,776877632.0,908001,40000.0,-26800337770.281948,,,,,,,
-37.84764594459528,-0.6139643237651684,0.004689668190088354,0.3972991739922849,0.0,330.97252943708475,-15.648893305240183,20,43829,920000,0.0003,259369952.0,203889.0625,-0.9068951606750488,1879384004755456.0,318085696.0,910001,40000.0,-25635933322.59569,,,,,,,
-4.167105743408201,-0.2174827092590539,-0.2692447688409882,-0.9560204363723896,0.0,1144.672781949594,-119.49336409435155,21,43901,922000,0.0003,168120384.0,201940.390625,1.0060222148895264,7239125501476864.0,605096384.0,912001,40000.0,-25635933322.59569,,,,,,,
-7.940257675170904,-0.5015188522750783,-0.11053008719651944,-0.8462493409003549,0.0,943.61208360264,-137.70982406012342,21,43972,924000,0.0003,243985392.0,200470.5625,0.5706008672714233,1.6245106059247616e+16,1087775744.0,914001,40000.0,-25635933322.59569,,,,,,,
-7.391014122009279,-0.48759977857249515,0.08618520994372454,-0.8482794039336577,0.0,940.2286683999831,81.27921717938388,21,44044,926000,0.0003,138254480.0,199354.671875,0.0038449540734291077,2.940054578973901e+16,1643244672.0,916001,40000.0,-25635933322.59569,,,,,,,
-9.015060491561883,-0.4828081244963686,-0.09346501633477299,-0.8449932753504603,0.0,932.7972634481017,-114.28236533768728,21,44116,928000,0.0003,20591432.0,199105.390625,1.0679413080215454,3342049881358336.0,546170048.0,918001,40000.0,-25635933322.59569,,,,,,,
-7.0930486259460555,-0.5621600486873221,0.06682537591046214,-0.7910716496399304,0.0,853.5543819108266,39.05982418076293,21,44188,930000,0.0003,203036544.0,198631.828125,0.8790820240974426,4.159639748450714e+16,2154880512.0,920001,40000.0,-25635933322.59569,,,,,,,
-8.27179776382447,-0.3925767346405193,0.02914836772863049,-0.8576890793555536,0.0,936.813414528637,10.671818154323939,21,44260,932000,0.0003,191817536.0,196885.796875,-0.24631081521511078,6598447377416192.0,702265920.0,922001,40000.0,-25635933322.59569,,,,,,,
-9.848655864715571,-0.5496343190728998,-0.14340441370637935,-0.7608917788506856,0.0,799.6672630611848,-190.81357941785356,21,44333,934000,0.0003,133428344.0,198157.296875,1.094773292541504,7176568229068800.0,964250624.0,924001,40000.0,-25635933322.59569,,,,,,,
-4.467227088928221,-0.440125584745662,0.27519824947417715,-0.747086476623283,0.0,767.7378097164894,103.65045285722312,21,44405,936000,0.0003,329461088.0,196254.234375,-0.7219559550285339,6351364351328256.0,545692288.0,926001,40000.0,-25635933322.59569,,,,,,,
-7.596461313247681,-0.316209941497168,-0.16479288078165152,-0.7742482842774397,0.0,766.6364565335641,-125.48204958929685,21,44477,938000,0.0003,93394344.0,194553.234375,-0.42135417461395264,1.6305632885866496e+16,1377626880.0,928001,40000.0,-25635933322.59569,,,,,,,
-9.158294149398804,-0.595529669609146,-0.03086301658618616,-0.5664635866745235,0.0,522.1769022363915,-237.71111129103735,21,44550,940000,0.0003,199718128.0,194210.65625,0.6108199954032898,2.118130553008947e+16,1601432320.0,930001,40000.0,-25635933322.59569,,,,,,,
-0.6817755031585692,-0.20834611836682393,0.34342918100309505,-0.5145179913246575,0.0,401.1882907120499,-58.59923249555924,21,44622,942000,0.0003,168040320.0,191259.703125,-0.5301353931427002,2038558445535232.0,370635136.0,932001,40000.0,-25635933322.59569,,,,,,,
-4.89200678253174,-0.22111378603414336,-0.32846158740146864,-0.47770816877722555,0.0,340.3205200675575,35.33918421963273,21,44695,944000,0.0003,268291616.0,190948.40625,-0.8817484378814697,7.336603005485056e+16,2714848256.0,934001,40000.0,-25635933322.59569,,,,,,,
-10.592542140960715,-0.14975011777771038,-0.5136158220536495,0.23900956162732606,0.0,533.3931781087497,207.04068843212858,21,44767,946000,0.0003,95532440.0,189510.140625,0.003063678741455078,2.3340821528969216e+16,1669117440.0,936001,40000.0,-25635933322.59569,,,,,,,
33.78284044647217,0.72143547749867,-0.030716199750078117,0.12344386021627314,0.0,549.6536542685496,-3.030764739703569,21,44839,948000,0.0003,283215328.0,188985.671875,0.23704686760902405,2.7107896542101504e+16,1228061184.0,938001,40000.0,-25635933322.59569,,,,,,,
35.243770841598455,0.7059493920872976,-0.022628692746982357,0.15104585744651244,0.0,570.9734970526926,9.191672262564238,21,44912,950000,0.0003,252115280.0,187021.515625,0.3645094037055969,7717678810660864.0,712993088.0,940001,40000.0,-25635933322.59569,,,,,,,
36.762987848281824,0.6920684701208,-0.015352552029076282,0.17799304716455427,0.0,592.3367223053754,7.645672405015875,21,44984,952000,0.0003,386742048.0,183368.171875,-2.547882318496704,4.948183718087885e+16,2045457280.0,942001,40000.0,-25635933322.59569,,,,,,,
37.00956821060179,0.6797732236079205,-0.01886172179103858,0.20087114364935524,0.0,614.3267783803334,34.940582291468736,21,45056,954000,0.0003,309109120.0,182173.5,0.06969892978668213,2.6810878078746624e+16,1618030208.0,944001,40000.0,-25635933322.59569,,,,,,,
38.86147864913944,0.6680229590528421,-0.018961626686818642,0.22414283512892244,0.0,638.0325552371108,4.662261714406383,21,45128,956000,0.0003,159279216.0,181544.09375,1.1792094707489014,2.2584458460790784e+16,1317225216.0,946001,40000.0,-25635933322.59569,,,,,,,
39.92401968574521,0.6577195541263225,-0.009168978823354016,0.2472280554695949,0.0,661.5137537395726,9.377397678086101,21,45201,958000,0.0003,277858176.0,179383.703125,-0.14872774481773376,1.1947285831221248e+16,796392512.0,948001,40000.0,-25635933322.59569,,,,,,,
40.475604694366474,0.6498653865582075,0.0058880548195272015,0.27125526354243096,0.0,682.5188345219734,34.24595648315149,21,45273,960000,0.0003,213228896.0,176576.515625,1.6586090326309204,9674914197929984.0,852671744.0,950001,40000.0,-24568952113.72169,,,,,,,
-3.695955955505376,-0.19119597608513855,-0.2425015010646163,-0.9663534920867072,0.0,1158.5618062437418,-97.62837936097159,21,45345,962000,0.0003,290399552.0,174809.84375,0.13464686274528503,6.429938845273293e+16,2544029952.0,952001,40000.0,-24568952113.72169,,,,,,,
-7.19652195739746,-0.44953608466336964,-0.08625664317506081,-0.876611615430586,0.0,989.658562705261,-103.54680001149421,21,45418,964000,0.0003,176835936.0,175308.6875,0.2202470898628235,8285657633914880.0,765122816.0,954001,40000.0,-24568952113.72169,,,,,,,
-6.776205053329466,-0.41948373292423813,0.07527622895146173,-0.887717657605959,0.0,1002.5914593353026,71.98314814114816,21,45490,966000,0.0003,138236512.0,171930.859375,-1.1559196710586548,1.9920202200252416e+16,828621696.0,956001,40000.0,-24568952113.72169,,,,,,,
-8.004487850189218,-0.43286703402664145,-0.0982981339764494,-0.8767036401713295,0.0,984.5060226694787,-114.28900042232804,21,45563,968000,0.0003,407448032.0,169654.640625,-0.05987538397312164,2.0946808905662464e+16,1060883328.0,958001,40000.0,-24568952113.72169,,,,,,,
-6.986321685791028,-0.499849664499122,0.07167691477869506,-0.8367624728623528,0.0,921.8109786725803,59.00223855613296,21,45636,970000,0.0003,336965376.0,169344.765625,0.7570940852165222,1.0516244604125184e+16,806935232.0,960001,40000.0,-24568952113.72169,,,,,,,
-7.105411680221561,-0.3469233695618625,0.011053589835984033,-0.8944897133280156,0.0,1003.7232722425815,-4.286016076285033,21,45708,972000,0.0003,164783424.0,165613.359375,0.18773064017295837,1.2320926511136768e+16,855284352.0,962001,40000.0,-24568952113.72169,,,,,,,
-8.864994411468517,-0.5135053282510289,-0.12451673981008292,-0.802542308339718,0.0,863.9085058981203,-159.80078966656035,21,45780,974000,0.0003,375174176.0,164611.265625,-1.1783393621444702,4.30489983736873e+16,1953894656.0,964001,40000.0,-24568952113.72169,,,,,,,
-4.840716680526748,-0.39022968981080597,0.25405302120891227,-0.8185516136333831,0.0,883.1798654968254,137.35264445803142,21,45853,976000,0.0003,189982464.0,161174.359375,0.15862496197223663,2.494766328368333e+16,1587149952.0,966001,40000.0,-24568952113.72169,,,,,,,
-7.2635800762176554,-0.31390110588177994,-0.19684108579112358,-0.8270776458698736,0.0,872.9811387093478,-171.67846340580914,21,45926,978000,0.0003,30685534.0,160895.609375,0.12998183071613312,78986713497600.0,88747608.0,968001,40000.0,-24568952113.72169,,,,,,,
-7.4045215606689485,-0.5721293707539601,0.04891036566018811,-0.6502117733015956,0.0,640.0871846547816,-117.53618646440744,21,45999,980000,0.0003,256525472.0,160021.078125,0.4258727431297302,9484296033140736.0,775307008.0,970001,40000.0,-24568952113.72169,,,,,,,
-1.520164012908936,-0.11973589886948048,0.2535577897088228,-0.6657499634074501,0.0,596.7827170103482,-36.75084484997284,21,46072,982000,0.0003,204541424.0,157083.0625,1.0789717435836792,1.122576675897344e+16,1030557184.0,972001,40000.0,-24568952113.72169,,,,,,,
-7.203276556015018,-0.29876319508595783,-0.35105090791318094,-0.5858533355508068,0.0,496.8704850904277,-186.5563801599568,21,46144,984000,0.0003,266518432.0,157183.3125,-0.708504855632782,2747452998287360.0,481237056.0,974001,40000.0,-24568952113.72169,,,,,,,
-8.088001836776733,-0.6125273260502031,0.08550425040887508,-0.23348594115210014,0.0,217.8792302691147,-223.0728746961673,21,46217,986000,0.0003,109203800.0,154887.109375,-0.10829722881317139,468942380335104.0,188364960.0,976001,40000.0,-24568952113.72169,,,,,,,
3.622702165603628,-0.14628326250142834,0.3942509272803295,-0.04277433838946662,0.0,76.93639069606884,-30.909824081282853,21,46291,988000,0.0003,254859232.0,155819.015625,1.479347586631775,1.7552682008969216e+16,1286614912.0,978001,40000.0,-24568952113.72169,,,,,,,
18.84335540962219,0.30118713647066536,0.017411951169541223,0.20967127050662315,0.0,162.28877331145927,1.1628140439837718,21,46364,990000,0.0003,279275328.0,153635.609375,0.25963518023490906,5.117676871483392e+16,1712597376.0,980001,40000.0,-24568952113.72169,,,,,,,
6.255679731369022,0.19633001198257388,0.1771832358943963,0.19712970044238715,0.0,96.59826615290021,359.1278065344265,21,46437,992000,0.0003,236345184.0,152375.765625,0.4139290452003479,3.3370762018553856e+16,1177775616.0,982001,40000.0,-24568952113.72169,,,,,,,
24.979407932281536,0.3717749434514577,-0.08665425259954683,0.5151292797486817,0.0,440.0791195514962,-113.87191572466783,21,46510,994000,0.0003,155381824.0,150499.171875,0.9559000730514526,4018997930491904.0,683770688.0,984001,40000.0,-24568952113.72169,,,,,,,
28.35524654769896,0.35411314012731226,-0.09353792048227803,0.5669164479067355,0.0,539.2180284453111,-99.87651699870706,21,46584,996000,0.0003,141979408.0,150444.640625,-0.5290939807891846,2931249144397824.0,531619808.0,986001,40000.0,-24568952113.72169,,,,,,,
26.34005632019044,0.3310325965099267,0.09941054328814546,0.5502848884576907,0.0,483.96539548550487,276.17042627018526,21,46657,998000,0.0003,111622336.0,150438.1875,-0.20070044696331024,716285990141952.0,198621728.0,988001,40000.0,-24568952113.72169,,,,,,,
17.25059191703798,0.2679836080008334,0.11446097622105468,0.4981085276545993,0.0,391.28290349954517,581.7346243197093,,,1000000,0.0003,162255072.0,148273.890625,0.2234966903924942,3.1073716871888896e+16,1381427968.0,990000,,,0.014828125000000011,0.0,40000.0,-27996.525976864603,2220.36042291215,0.0,0.0
,,,,,,,20,47909,1000000,0.0003,115501632.0,148257.34375,1.0188566446304321,2260599664803840.0,526543200.0,990001,40000.0,-23587219861.98131,,,,,,,
