rollout/acrobot_xk_applied_torque,rollout/acrobot_xk_elbow_norm,rollout/acrobot_xk_elbow_rate_norm,rollout/acrobot_xk_energy_error_norm,rollout/acrobot_xk_homoclinic_capture,rollout/acrobot_xk_lyapunov,rollout/acrobot_xk_lyapunov_rate,time/fps,time/time_elapsed,time/total_timesteps,train/learning_rate,train/actor_loss,train/alpha,train/alpha_loss,train/critic_loss,train/fraction,train/n_updates,rollout/ep_len_mean,rollout/ep_rew_mean,eval/best_strict_capture_mean_max_duration,eval/best_strict_capture_success_rate,eval/mean_ep_length,eval/mean_reward,eval/std_reward,eval/strict_capture_mean_max_duration,eval/strict_capture_success_rate
0.05138813796627807,0.01292989803650534,-0.0038056873789987632,-0.9971755002595099,0.0,1208.1390732318168,56.965497507335215,2115,0,2000,0.0003,,,,,,,,,,,,,,,
-0.27061694970165273,-0.00885026053415546,0.08205819565147318,-0.9906047564672069,0.0,1213.1010870555456,9.438935538923216,2120,1,4000,0.0003,,,,,,,,,,,,,,,
0.3472848033995523,-0.012881818464468345,0.038856941128767045,-0.9865293999759063,0.0,1239.8396131948605,-3.560226744919507,2134,2,6000,0.0003,,,,,,,,,,,,,,,
0.3695235054283698,0.012869882395837907,-0.06821346030904782,-0.9817192541513834,0.0,1234.205938208572,128.09990268696592,2143,3,8000,0.0003,,,,,,,,,,,,,,,
-0.08874563675432005,0.006886427757158542,-0.12634456166771565,-0.9827398778776387,0.0,1223.021400439426,-47.2017851297698,1481,6,10000,0.0003,-0.033362098038196564,1.0,-0.0,734050.625,67.40431213378906,1,,,,,,,,,
-1.083411909937858,-0.042078802730804214,-0.018346586976682067,-0.9942532032464463,0.0,1207.1897450212941,-17.4551157680796,163,73,12000,0.0003,24556.732421875,1.326174020767212,-0.17797408998012543,13682.2900390625,472.8857421875,2001,,,,,,,,,
-4.682766224145895,-0.2509293697598063,-0.1466972924124938,-0.9578911472286507,0.0,1130.2349226491094,-120.11240412576858,98,141,14000,0.0003,67278.0390625,2.079404592514038,-0.5797679424285889,19256.08203125,602.4125366210938,4001,,,,,,,,,
-6.933563600778582,-0.4328303750569294,-0.0845927970730071,-0.8883444456553843,0.0,1008.0010953138468,-92.77344663510705,76,209,16000,0.0003,107276.0,3.2234842777252197,0.3777974545955658,19704.2265625,584.763427734375,6001,,,,,,,,,
-9.08688267827033,-0.5452766238988169,-0.10367450613667849,-0.830520461979158,0.0,923.552324919655,-118.73983635368333,64,277,18000,0.0003,140964.890625,5.470796585083008,-0.7858327627182007,129178.609375,2879.5263671875,8001,,,,,,,,,
-7.981693033576015,-0.7089775160569701,-0.028586102038846487,-0.7231595190048692,0.0,789.4823384722918,-53.37229017259475,58,344,20000,0.0003,166201.84375,10.425865173339844,-2.419261932373047,347230.8125,3361.533203125,10001,,,,,,,,,
1.1083133864402799,-0.11650035700216592,0.7165918069563347,-0.7940837766684802,0.0,1019.8071141676971,-11.677038805674018,53,412,22000,0.0003,98165.1875,23.91645622253418,-6.151244640350342,1531263.75,7891.3642578125,12001,,,,,,,,,
5.415437883734698,0.5684727461125967,0.23319415989891196,-0.6605099052158162,0.0,647.6517362076067,-159.48622551247018,50,479,24000,0.0003,54798.90625,35.597007751464844,-1.0271044969558716,752416.8125,3843.48095703125,14001,,,,,,,,,
10.271073425412178,0.6427842336635268,-0.15219216804868585,-0.6844979001303013,0.0,710.754590304878,209.51701854092624,47,546,26000,0.0003,58487.27734375,34.35762405395508,0.6690937876701355,665856.125,3635.12109375,16001,,,,,,,,,
5.637637738585472,0.2935930168779409,-0.2036931263597706,-0.8837860846944742,0.0,1005.7018692544127,227.16670208185118,45,612,28000,0.0003,83634.4453125,18.44026756286621,2.513864278793335,461316.6875,2892.213134765625,18001,,,,,,,,,
6.746765334010121,0.33141631666388693,0.23310333471783978,-0.8855082363887371,0.0,1003.3506428609446,-215.18316820372448,44,680,30000,0.0003,114032.09375,11.713957786560059,-1.394315242767334,326025.5,2518.101318359375,20001,,,,,,,,,
10.069195551872257,0.6754820184948406,0.05151761826069399,-0.6838807396095238,0.0,734.997667955992,-46.32345204080056,42,747,32000,0.0003,138085.875,16.251483917236328,-1.5004767179489136,506384.0,2965.69091796875,22001,,,,,,,,,
0.4882181084156024,0.15606266653667047,0.21471056624650045,-0.5495483747472761,0.0,714.9554892489649,-235.7313386146052,41,814,34000,0.0003,147848.765625,23.62535285949707,-0.2978071868419647,932145.875,3436.26171875,24001,,,,,,,,,
-4.013779618740085,0.02178602727472571,0.49907044397716804,-0.5128303413533308,0.0,916.7683622863115,900.8738203318151,40,881,36000,0.0003,160133.09375,17.694013595581055,-1.234606385231018,1876679.5,4465.26416015625,26001,,,,,,,,,
-9.147512107491504,-0.37888359036065183,-0.012230286388386432,-0.7335831564294156,0.0,1460.770500509408,58.84805847249827,40,948,38000,0.0003,177949.71875,28.3458194732666,0.35236963629722595,2095156.75,6256.24755859375,28001,,,,,,,,,
-7.575214869976047,-0.5162453819529144,0.054510239458047255,-0.6621045759773252,0.0,1286.5351594800145,405.19424903139077,39,1015,40000,0.0003,205118.171875,22.37094497680664,-0.7642507553100586,1720273.25,5321.671875,30001,40000.0,-21880706.999499,,,,,,,
-2.4857337790727607,-0.13379906290989416,-0.16757970166063801,-0.9828836295700938,0.0,1177.8628709747895,-56.334405553188724,38,1082,42000,0.0003,218539.265625,29.943857192993164,-1.430888295173645,2107656.0,5123.7509765625,32001,40000.0,-21880706.999499,,,,,,,
9.162123676538464,0.15146078177357092,1.0071796067521357,-0.6234989672023206,0.0,1169.8278124292883,-185.3390652092693,38,1149,44000,0.0003,179427.859375,58.997474670410156,1.2481629848480225,7084338.0,12144.16796875,34001,40000.0,-21880706.999499,,,,,,,
-16.336804109215745,-0.5039682065886184,0.3985434352749588,-0.1495913558111238,0.0,985.3806238295801,683.4730694582332,37,1216,46000,0.0003,124915.3125,86.88697814941406,-0.9971460700035095,12810988.0,9538.0712890625,36001,40000.0,-21880706.999499,,,,,,,
-6.164404020309449,-0.2648982298225503,0.016907050608674604,-0.538263287067821,0.0,1320.7699831430505,-62.35134967813129,37,1283,48000,0.0003,108717.0234375,66.81478118896484,1.337992548942566,9164834.0,24553.013671875,38001,40000.0,-21880706.999499,,,,,,,
-2.536651145219802,-0.2341605273287637,-0.19407468579891532,-0.6408963466595323,0.0,1474.8554119574706,-336.53386238056277,37,1350,50000,0.0003,111239.0390625,51.156951904296875,-0.07853870093822479,4586718.0,8207.9443359375,40001,40000.0,-21880706.999499,,,,,,,
-3.5607566326856603,-0.2588838496807611,0.28410386285249084,-0.6983798932507657,0.0,1549.8160777855246,674.637044940791,36,1417,52000,0.0003,136937.078125,36.158267974853516,0.21185970306396484,3302232.5,8002.23095703125,42001,40000.0,-21880706.999499,,,,,,,
-8.487053351998322,-0.2649010865753913,-0.4376304891158939,-0.6596702307214956,0.0,1560.20800201439,-1157.8815180409622,36,1484,54000,0.0003,128046.96875,72.65441131591797,-1.8089321851730347,9417291.0,18212.138671875,44001,40000.0,-21880706.999499,,,,,,,
-7.8984003454446805,-0.32195860222925227,-0.5860579380048203,-0.2784138269142243,0.0,749.1281397244722,483.84949851166385,36,1551,56000,0.0003,98855.84375,94.5296859741211,0.419291615486145,13425156.0,12990.3203125,46001,40000.0,-21880706.999499,,,,,,,
2.4632518535852426,-0.018530562738315867,-0.4403407163388194,-0.939532556820732,0.0,1220.4945569691577,-66.32251474961824,35,1618,58000,0.0003,80060.890625,63.99383544921875,-0.12124213576316833,8163913.0,7511.24609375,48001,40000.0,-21880706.999499,,,,,,,
4.495492064952847,0.17445504239546628,0.5612476894373766,-0.9080130255075544,0.0,1163.32058121785,-278.0197224668046,35,1685,60000,0.0003,84690.2265625,51.43013000488281,0.11910338699817657,4479387.0,11463.482421875,50001,40000.0,-21880706.999499,,,,,,,
6.046002575159078,0.6228662014899312,-0.13059665491045608,-0.7385650713877122,0.0,856.8477449493519,113.75103158929024,35,1752,62000,0.0003,101926.1640625,30.008020401000977,0.6420691609382629,2366261.5,4650.8349609375,52001,40000.0,-21880706.999499,,,,,,,
10.149943646788575,0.5189443532812601,0.16651059789216183,-0.8243932353472673,0.0,922.0469338415921,-195.88467635157875,35,1820,64000,0.0003,126491.703125,20.362136840820312,-0.07579390704631805,1782955.0,3278.988037109375,54001,40000.0,-21880706.999499,,,,,,,
4.927197223901748,-0.13167969308072433,0.6469031990939558,-0.3511209040973436,0.0,786.5459106496805,246.54371499684328,34,1888,66000,0.0003,151494.25,30.564659118652344,-1.3653286695480347,2286058.75,4956.7841796875,56001,40000.0,-21880706.999499,,,,,,,
-17.33306292414663,-0.3858914756384484,-0.17347259900308096,-0.2430190757355793,0.0,937.586165291439,-174.38747917667797,34,1956,68000,0.0003,130069.03125,57.982269287109375,-0.42253217101097107,3698231.5,9068.4677734375,58001,40000.0,-21880706.999499,,,,,,,
0.9142651337385181,-0.019570356797276943,-0.9067026016947644,-0.0851025313277596,0.0,878.1924688800137,-545.4581270100906,34,2025,70000,0.0003,134996.296875,40.21140670776367,1.2149871587753296,4487704.5,6376.3134765625,60001,40000.0,-21880706.999499,,,,,,,
5.018808984160428,0.12880562995258113,-0.03163466134743109,-0.4652598086076791,0.0,293.41822486573403,28.985705796436523,34,2094,72000,0.0003,156781.984375,23.612422943115234,0.4994859993457794,2315615.5,5992.35302734375,62001,40000.0,-21880706.999499,,,,,,,
1.003833737373353,-0.1065703735845805,-0.0035449305532404504,-0.5337467977459416,0.0,389.05786975374014,89.17437155009769,34,2163,74000,0.0003,179022.3125,25.338998794555664,-1.944074273109436,3854350.75,8499.0419921875,64001,40000.0,-21880706.999499,,,,,,,
-2.730553912520408,-0.08929454280356124,-0.22177407172797334,-0.5295574007583627,0.0,389.4172119759733,-34.0272167814814,34,2233,76000,0.0003,177453.96875,39.49427032470703,0.19037622213363647,4027226.0,9086.5517578125,66001,40000.0,-21880706.999499,,,,,,,
-5.9417397290468275,-0.24181840349545075,0.3019508520823182,-0.5268849466829947,0.0,492.8523380201392,151.2918851257386,33,2304,78000,0.0003,188658.8125,34.90682601928711,-0.3258805572986603,2747634.0,4657.03857421875,68001,40000.0,-21880706.999499,,,,,,,
4.0099237948656095,0.15370978651970693,-0.012890022968953845,-0.6343779999803794,0.0,503.67263518190094,15.531471455306491,33,2376,80000,0.0003,199162.796875,36.768287658691406,0.1266144961118698,3193756.25,8122.0263671875,70001,40000.0,-20903700.5829955,,,,,,,
3.7171482986211757,0.23233434829539937,0.110966623699562,-0.9424819413824437,0.0,1153.2282161101923,-34.40166317150643,33,2448,82000,0.0003,210025.453125,33.05850601196289,-0.6344888806343079,3799013.5,6949.12841796875,72001,40000.0,-20903700.5829955,,,,,,,
3.8180404222011575,0.22162735027619576,0.14371065715253054,-0.9476548782200468,0.0,1134.3777882797601,-109.37543247837019,33,2520,84000,0.0003,216980.0,43.050533294677734,-0.09720474481582642,4908653.0,10169.958984375,74001,40000.0,-20903700.5829955,,,,,,,
6.446208077073098,0.37259108269587454,-0.06657383182202124,-0.9064995610388284,0.0,1038.8552847759188,65.58824788034312,33,2593,86000,0.0003,223271.671875,46.27008056640625,-0.07472707331180573,4272174.0,10892.5439453125,76001,40000.0,-20903700.5829955,,,,,,,
5.490804271101953,0.30616755898887515,0.08118638612717047,-0.9364233739287332,0.0,1087.3128126521071,-63.63310293816651,32,2666,88000,0.0003,227015.328125,44.606258392333984,-0.43162181973457336,4419439.5,9659.3662109375,78001,40000.0,-20903700.5829955,,,,,,,
7.588451000452042,0.5001333937598184,0.10006768947994853,-0.850686635481197,0.0,953.0808151055868,-117.15691766227637,32,2740,90000,0.0003,235800.828125,42.321533203125,-0.008262410759925842,3428769.5,5603.07666015625,80001,40000.0,-20903700.5829955,,,,,,,
4.925030713677403,0.38191676995513973,-0.4221092374168036,-0.8753250703592328,0.0,1105.6713252326363,626.0043353822216,32,2814,92000,0.0003,245066.84375,48.4126091003418,0.11958710849285126,5315227.0,8397.423828125,82001,40000.0,-20903700.5829955,,,,,,,
-3.7490777230262764,-0.26973345505483726,-0.128322857523828,-0.9056110709059906,0.0,1075.6257501348011,-499.6798874328282,32,2889,94000,0.0003,209949.421875,77.97517395019531,1.7469100952148438,8874269.0,11466.921875,84001,40000.0,-20903700.5829955,,,,,,,
-3.556327241063117,-0.23152832357290007,0.030993188742315967,-0.9282673887366201,0.0,1054.5277663131524,13.206273141661006,32,2965,96000,0.0003,206687.5625,49.235904693603516,0.5661295056343079,5797540.5,9440.49609375,86001,40000.0,-20903700.5829955,,,,,,,
-3.785053122043612,-0.1814295773300682,0.11412682014301781,-0.9381038352843677,0.0,1078.9901712256226,77.02898867944141,32,3040,98000,0.0003,199148.96875,56.85057067871094,0.32561546564102173,5474043.5,9215.607421875,88001,40000.0,-20903700.5829955,,,,,,,
0.08783961296081685,-0.01361810166210837,0.0589188609050631,-0.9649819198286951,0.0,1128.974015305288,-2.2514985162242795,,,100000,0.0003,193124.78125,56.09074783325195,-0.05760002136230469,6905685.5,13360.4609375,90000,,,0.0,0.0,40000.0,-41203.20679161705,1376.247873431946,0.0,0.0
,,,,,,,23,4264,100000,0.0003,194206.109375,56.092594146728516,-0.048501044511795044,4768984.0,7749.31005859375,90001,40000.0,-20903700.5829955,,,,,,,
2.3808405649662023,0.13313117005452577,0.08387527179215427,-0.9446384945811175,0.0,1092.1438592641978,-15.43396428575615,23,4339,102000,0.0003,185160.0625,49.214778900146484,-0.10628406703472137,4994796.0,7954.93896484375,92001,40000.0,-20903700.5829955,,,,,,,
3.484163621664053,0.2604910797292318,0.05034329639674055,-0.9114058320618055,0.0,1075.3712167775377,12.036062291743956,23,4415,104000,0.0003,193740.75,37.60785675048828,0.6071038842201233,4784479.0,7628.87646484375,94001,40000.0,-20903700.5829955,,,,,,,
5.844462348222736,0.27993045716152243,0.015580300277072303,-0.9136349688601111,0.0,1077.7673243955828,-8.534471847049078,23,4491,106000,0.0003,208819.46875,32.17292022705078,0.02454681694507599,4748347.0,7855.8759765625,96001,40000.0,-20903700.5829955,,,,,,,
0.9669666874408721,0.1230466938955572,-0.3759143928902108,-0.8849957372037431,0.0,1149.2037312937912,-116.99745818166474,23,4568,108000,0.0003,196655.25,66.1577377319336,-0.3508799970149994,6106641.5,10650.5341796875,98001,40000.0,-20903700.5829955,,,,,,,
-2.3153070676326766,-0.1339367344040956,0.24522175373740843,-0.9192948754783694,0.0,1056.224724290017,102.73517846492892,23,4644,110000,0.0003,195552.109375,55.00503921508789,0.137166827917099,4837077.0,6122.11181640625,100001,40000.0,-20903700.5829955,,,,,,,
-1.418801347017288,-0.0633181919447702,-0.21284708094084412,-0.9348212387360318,0.0,1082.024505366511,-17.562641191511492,23,4719,112000,0.0003,196473.78125,39.73435592651367,0.15823689103126526,4998199.5,8918.021484375,102001,40000.0,-20903700.5829955,,,,,,,
-2.843952617645262,-0.2516963410208638,0.3101057412402285,-0.8742603983724494,0.0,1103.7982653515642,454.9108491333401,23,4795,114000,0.0003,202819.921875,39.606197357177734,-0.1439686417579651,4271397.0,6160.63232421875,104001,40000.0,-20903700.5829955,,,,,,,
4.85956513106823,0.5255172845955761,0.06757383340956677,-0.6864584310243773,0.0,839.1341005737339,-542.5025833783445,23,4871,116000,0.0003,216579.796875,31.05088233947754,-0.07821162045001984,3623668.0,6633.642578125,106001,40000.0,-20903700.5829955,,,,,,,
7.113075185418128,0.5093778335309759,0.3436421745185764,-0.6929612676635193,0.0,770.4063013712399,-400.9284258959825,23,4947,118000,0.0003,233429.5625,35.450130462646484,-0.7132545709609985,5410538.0,10845.017578125,108001,40000.0,-20903700.5829955,,,,,,,
-5.563576067090043,0.20690892736006233,-0.6097051555969017,-0.35980260887012755,0.0,525.7220566198032,-332.96900310878937,23,5024,120000,0.0003,190262.453125,61.084110260009766,1.2989743947982788,10428002.0,20883.966796875,110001,40000.0,-21244874.017948333,,,,,,,
0.5351429617404947,0.03670747404378356,0.05397159184048468,-0.9860336897067045,0.0,1169.7287569330833,3.574983312611341,23,5100,122000,0.0003,188154.3125,50.1524772644043,-0.3673170208930969,3893396.75,9746.76171875,112001,40000.0,-21244874.017948333,,,,,,,
0.9223367029428469,0.0631553621114914,-0.11984530902476066,-0.9819907541026864,0.0,1185.5648661882235,168.35322877160556,23,5176,124000,0.0003,186956.6875,59.559913635253906,-0.1426360011100769,5469743.0,10464.224609375,114001,40000.0,-21244874.017948333,,,,,,,
-4.811657005548479,-0.43626614073397046,-0.308392070296123,-0.841963235602937,0.0,990.9559110646713,-424.00271873469114,23,5252,126000,0.0003,181593.0,47.975746154785156,0.5007877349853516,10762406.0,14580.818359375,116001,40000.0,-21244874.017948333,,,,,,,
-1.4290197330713257,-0.08410925709248537,0.44700013005154793,-0.9083189962060101,0.0,1137.6374255833518,188.52465667065138,24,5329,128000,0.0003,184921.578125,33.277915954589844,0.000587955117225647,3502328.5,6395.68798828125,118001,40000.0,-21244874.017948333,,,,,,,
0.9495925962924964,0.002045395520043205,-0.016117985677180497,-0.9228294115926645,0.0,1171.6396486257709,523.3720725240507,24,5405,130000,0.0003,188399.328125,49.376853942871094,-0.5109339356422424,7720929.5,12421.3115234375,120001,40000.0,-21244874.017948333,,,,,,,
3.227630723714827,0.5537890559612788,0.23899171461855986,-0.6921261262548289,0.0,893.290378443851,-521.5099591831902,24,5481,132000,0.0003,201669.140625,30.503515243530273,0.8981071710586548,10594924.0,12835.4853515625,122001,40000.0,-21244874.017948333,,,,,,,
-0.7776807266473766,-0.11818976172197304,-0.6290567739589337,-0.8674124328973719,0.0,1103.9327385089946,-229.51762788111006,24,5557,134000,0.0003,215041.03125,32.10934066772461,-0.2162359654903412,5161240.5,10215.296875,124001,40000.0,-21244874.017948333,,,,,,,
-5.946023157238955,-0.4070180777615707,0.24490049770562383,-0.8273820196292857,0.0,925.7079964299485,257.62750127442007,24,5633,136000,0.0003,225488.53125,41.511253356933594,-0.9961474537849426,3189735.0,5276.302734375,126001,40000.0,-21244874.017948333,,,,,,,
-2.258434721827508,-0.11473427108785617,-0.07890024840958812,-0.9362749680215898,0.0,1071.0604225139846,-46.42833740161885,24,5709,138000,0.0003,225086.53125,46.37748718261719,-0.262309193611145,4615616.0,14442.8349609375,128001,40000.0,-21244874.017948333,,,,,,,
-6.58637023091316,-0.48105901928110256,-0.13765733292749946,-0.7719669566979611,0.0,850.549330142485,-152.70867851535638,24,5785,140000,0.0003,228645.78125,41.421897888183594,-0.3644561469554901,5964455.0,10619.2685546875,130001,40000.0,-21244874.017948333,,,,,,,
1.6116489112377195,0.08564166679474333,0.8242125754542219,-0.7800281174318129,0.0,1084.8829973313993,-248.444468291984,24,5861,142000,0.0003,238707.40625,39.93691635131836,-0.9591072797775269,5169727.0,10102.6337890625,132001,40000.0,-21244874.017948333,,,,,,,
6.4831890970468535,0.7622165121479885,0.012987614642919712,-0.5794319657734666,0.0,597.123202985473,-22.903715182474436,24,5937,144000,0.0003,231765.3125,66.26959991455078,1.1018989086151123,9277010.0,11604.4970703125,134001,40000.0,-21244874.017948333,,,,,,,
6.812726955413812,0.6147077020856687,-0.36182773138891133,-0.7022095550522158,0.0,813.1106241907776,549.7055816062648,24,6013,146000,0.0003,241589.96875,44.51015090942383,-0.4539942741394043,7508588.0,14363.19921875,136001,40000.0,-21244874.017948333,,,,,,,
-0.8716627085208902,-0.11220849175917179,-0.2915317021475753,-0.9565140598577894,0.0,1198.8253422857485,-3.0923313525051395,24,6089,148000,0.0003,238502.859375,43.09792709350586,0.07124311476945877,6976428.0,15369.064453125,138001,40000.0,-21244874.017948333,,,,,,,
-1.7814659237861643,-0.07631804952656628,0.10900789925735198,-0.9904345883676753,0.0,1185.641501756162,35.642828802803,24,6165,150000,0.0003,241636.453125,41.56791305541992,-0.33896347880363464,6698437.0,12534.6953125,140001,40000.0,-21244874.017948333,,,,,,,
2.177118273973466,0.0661620547692791,0.21955917215233103,-0.979711934477982,0.0,1198.024703003282,-51.10296512598109,24,6241,152000,0.0003,248508.71875,39.169857025146484,-0.19330525398254395,4363482.0,5920.39599609375,142001,40000.0,-21244874.017948333,,,,,,,
2.9035261482000303,0.6680880997525754,0.3035210877453941,-0.6630291090119083,0.0,802.3929600825206,-491.20384896880967,24,6317,154000,0.0003,252886.0625,44.570274353027344,0.4920159876346588,5370604.0,9801.0625,144001,40000.0,-21244874.017948333,,,,,,,
11.375142273902895,0.6111021790122958,-0.17852359862415987,-0.5727174008496089,0.0,555.2634737127738,70.07004492358031,24,6393,156000,0.0003,261290.96875,32.0120735168457,0.26581788063049316,3944011.0,8655.3779296875,146001,40000.0,-21244874.017948333,,,,,,,
7.74776563823224,0.49563583855679244,-0.21413385166025403,-0.6858535697089225,0.0,792.0728265449969,567.2795585513278,24,6469,158000,0.0003,272125.78125,30.764408111572266,-0.42506667971611023,6394697.0,11226.0830078125,148001,40000.0,-21244874.017948333,,,,,,,
-4.977658630609524,-0.1324208009869955,-0.8950900695716519,-0.5345505876407454,0.0,916.0881762304299,-735.6122957379905,24,6544,160000,0.0003,248252.984375,66.36061096191406,0.8197721838951111,11888520.0,20068.51953125,150001,40000.0,-21243785.2084505,,,,,,,
-1.4916942542791412,-0.10686074452092946,0.05337139381904793,-0.9504445425285454,0.0,1196.4731966636975,-10.136569274016622,24,6620,162000,0.0003,249824.625,44.14019012451172,1.2265293598175049,6583122.0,11189.1767578125,152001,40000.0,-21243785.2084505,,,,,,,
-2.9105352127552018,-0.12255898669147776,-0.4102347330614703,-0.9333691839421487,0.0,1156.4257419287835,-215.2953816387075,24,6696,164000,0.0003,254956.203125,40.428890228271484,0.1594516783952713,4816920.0,7955.6181640625,154001,40000.0,-21243785.2084505,,,,,,,
-5.690039150118828,-0.5144903003372906,0.2081996169561413,-0.7925691420723708,0.0,922.7897788559536,229.2924914172137,24,6771,166000,0.0003,260277.671875,31.022281646728516,0.14258593320846558,6141521.0,14730.275390625,156001,40000.0,-21243785.2084505,,,,,,,
-3.8480624842643736,-0.20259990545899723,-0.08039405983093742,-0.9560174178232936,0.0,1130.0694230341746,-90.86289064198962,24,6847,168000,0.0003,270230.5625,47.55864334106445,-1.608396291732788,4427557.0,7475.97998046875,158001,40000.0,-21243785.2084505,,,,,,,
0.5050836777687049,0.3276501805925802,0.6443754041160932,-0.7750495537706328,0.0,1156.3642433593702,-170.1641350143378,24,6922,170000,0.0003,242918.1875,67.46357727050781,1.9883830547332764,10986176.0,9110.4384765625,160001,40000.0,-21243785.2084505,,,,,,,
-0.8127377384901068,-0.0663021741121371,-0.5990455743965694,-0.7515936819341011,0.0,1027.9127618816576,-40.831853681511504,24,6998,172000,0.0003,227132.46875,68.30980682373047,0.806993842124939,6213085.0,8336.4521484375,162001,40000.0,-21243785.2084505,,,,,,,
-2.487135159373291,-0.2052058845468356,0.05415390521129585,-0.8328763349415859,0.0,848.705986983813,9.763118310174352,24,7073,174000,0.0003,225165.4375,45.719581604003906,0.23522713780403137,5482510.0,7892.45849609375,164001,40000.0,-21243785.2084505,,,,,,,
-7.045475602746007,-0.2966322314417436,-0.3178161070356161,-0.7611647977448979,0.0,824.7393747805229,-234.05851191702126,24,7149,176000,0.0003,222549.671875,41.15392303466797,0.1309470236301422,5530164.0,9279.1572265625,166001,40000.0,-21243785.2084505,,,,,,,
-5.159303419589994,-0.5141307479673889,0.4570936826568126,-0.6787702902789619,0.0,822.2009935573586,749.935580653034,24,7225,178000,0.0003,228363.671875,42.315547943115234,-1.581781029701233,6397584.0,9001.853515625,168001,40000.0,-21243785.2084505,,,,,,,
6.678083764314643,0.4089914480446031,0.2805127553230685,-0.7193967455341107,0.0,799.5117152006346,-615.0964925833218,24,7301,180000,0.0003,220876.21875,57.97121047973633,0.2855123281478882,8629178.0,9920.361328125,170001,40000.0,-21243785.2084505,,,,,,,
-3.88546469211578,-0.1259565160889774,-0.41407051772924863,-0.6807713844375852,0.0,831.8885188522014,-0.03333199271260599,24,7378,182000,0.0003,228134.953125,40.01215362548828,1.263909935951233,5146631.0,9792.876953125,172001,40000.0,-21243785.2084505,,,,,,,
-0.6481290763616588,-0.08522087932609204,0.03140023023722049,-0.7767746155796224,0.0,743.2262126019526,34.65722913175745,24,7454,184000,0.0003,235477.953125,44.256229400634766,-1.2529349327087402,6724811.0,13090.9384765625,174001,40000.0,-21243785.2084505,,,,,,,
-10.437290430665016,-0.3853864806739738,-0.4065367377811925,-0.6256749464419336,0.0,611.0951793357956,-280.52441402383494,24,7530,186000,0.0003,218933.015625,69.03929901123047,-2.7088799476623535,4769685.0,8897.0732421875,176001,40000.0,-21243785.2084505,,,,,,,
8.23244436740876,0.3888184190407081,-0.36385168985737076,-0.3384222501138071,0.0,630.8246552591746,154.75108117028876,24,7606,188000,0.0003,189366.203125,86.9538345336914,1.6166670322418213,14842740.0,16578.791015625,178001,40000.0,-21243785.2084505,,,,,,,
11.744117619991318,0.40956174004484824,0.3890513500993947,-0.41259866705213266,0.0,847.4327517154429,188.9690339738784,24,7682,190000,0.0003,182914.984375,58.324729919433594,1.608156681060791,10459020.0,10127.494140625,180001,40000.0,-21243785.2084505,,,,,,,
-9.131699844598776,-0.30215691668878925,0.24906042849026047,-0.7473668357626708,0.0,840.0955654538774,-78.7510324201638,24,7758,192000,0.0003,196790.25,33.69369125366211,0.4897800087928772,5113156.0,9320.4306640625,182001,40000.0,-21243785.2084505,,,,,,,
-5.758424735069275,-0.47192044135304706,0.027267273496739977,-0.671870576084446,0.0,682.1846505111746,386.7282176855559,24,7834,194000,0.0003,209869.109375,29.67641830444336,-0.8141186237335205,5861133.0,8563.2861328125,184001,40000.0,-21243785.2084505,,,,,,,
-0.27585380434989837,0.25683597851527706,0.6930788499793795,-0.7306254574788437,0.0,986.0779235705455,-532.7763097990794,24,7909,196000,0.0003,211309.890625,49.56666946411133,0.7087335586547852,11720972.0,15611.919921875,186001,40000.0,-21243785.2084505,,,,,,,
6.760299516916268,0.46399007453384944,-0.5541616352881668,-0.7187275551906197,0.0,904.5552186175831,642.6891916109183,24,7984,198000,0.0003,228799.609375,33.579715728759766,-0.77573162317276,7503688.0,9985.8115234375,188001,40000.0,-21243785.2084505,,,,,,,
-6.630249223709107,-0.3452233105315119,-0.1618866559661076,-0.7287419534142636,0.0,748.0777584966012,-524.542605746675,,,200000,0.0003,223519.703125,49.909366607666016,0.5279346108436584,6834845.0,8890.4248046875,190000,,,0.0,0.0,40000.0,-32781.3701057014,6713.575097344687,0.0,0.0
,,,,,,,21,9393,200000,0.0003,221153.25,49.90291976928711,-0.2077949196100235,5249956.5,8016.58935546875,190001,40000.0,-20999206.8155078,,,,,,,
-3.7033714222908034,-0.2610434205290351,-0.11223724897082296,-0.9286441389867971,0.0,1140.524040716401,33.41544911174148,21,9474,202000,0.0003,221481.828125,45.67901611328125,0.024550236761569977,7388338.0,14424.7958984375,192001,40000.0,-20999206.8155078,,,,,,,
0.17989748179912513,0.005686199923764762,0.1765486448461849,-0.9700518759768361,0.0,1153.2691613138527,-78.06794681370076,21,9555,204000,0.0003,226122.859375,38.600868225097656,-0.3170892298221588,3266518.0,4893.93701171875,194001,40000.0,-20999206.8155078,,,,,,,
-5.079199858903887,-0.2904731287088575,-0.4455985504873552,-0.860856170020816,0.0,1042.9795996583184,-308.24343429564965,21,9637,206000,0.0003,236903.109375,33.796504974365234,-0.20073840022087097,5778170.5,9402.7587890625,196001,40000.0,-20999206.8155078,,,,,,,
-5.19592736959457,-0.5235008137173638,0.26042395695329396,-0.7193061055393235,0.0,809.3950632726518,75.22397856834017,21,9718,208000,0.0003,247983.234375,32.16484451293945,-0.011663142591714859,6823308.0,13030.9052734375,198001,40000.0,-20999206.8155078,,,,,,,
-4.240643007755271,-0.13269933329856134,-0.08674733448884862,-0.7791854869605572,0.0,769.2907154205341,-196.36896147370533,21,9799,210000,0.0003,257416.96875,35.33424758911133,0.4724790155887604,5312506.0,7288.92626953125,200001,40000.0,-20999206.8155078,,,,,,,
-8.599438338875775,-0.5483714536400545,-0.13387071792911287,-0.587423495639084,0.0,581.1310969298513,47.24099266725546,21,9880,212000,0.0003,264502.34375,38.69002151489258,-0.6574413180351257,5448370.5,7994.265625,202001,40000.0,-20999206.8155078,,,,,,,
-4.565844764113436,-0.2939826752806536,0.21546456124360705,-0.7461197404564012,0.0,724.6941872224927,-15.650351680625636,21,9962,214000,0.0003,267418.71875,45.09512710571289,-0.7169833183288574,4537536.0,10189.3447265625,204001,40000.0,-20999206.8155078,,,,,,,
-7.170393717885021,-0.35654043939097746,-0.2516387723619564,-0.6720986152617685,0.0,620.2273393628146,-202.5014957830528,21,10043,216000,0.0003,271336.28125,49.81650924682617,0.14599546790122986,8429054.0,15866.5244140625,206001,40000.0,-20999206.8155078,,,,,,,
-9.062689409852027,-0.4500289830587612,0.24367440826254597,-0.6532135780579854,0.0,640.1804169464833,251.67442357571096,21,10124,218000,0.0003,273991.0625,42.95882034301758,0.19043892621994019,7689394.0,13167.85546875,208001,40000.0,-20999206.8155078,,,,,,,
6.583715732693668,0.1850384052130862,0.4588510658479234,-0.6513751822847376,0.0,676.3312116276637,-345.46299140421917,21,10205,220000,0.0003,272730.9375,49.591068267822266,0.04391670599579811,8074727.5,11678.2724609375,210001,40000.0,-20999206.8155078,,,,,,,
-2.7462507313489906,-0.12704006600022602,-0.5994821336978448,-0.4448955322429774,0.0,526.3735571800073,-28.01804182835509,21,10287,222000,0.0003,277709.4375,36.08256149291992,-0.3057491183280945,7507532.5,10386.953125,212001,40000.0,-20999206.8155078,,,,,,,
-5.633970836400997,-0.24272492466710996,0.11858775118305356,-0.6176048327694893,0.0,495.99783530796446,144.68818970992726,21,10368,224000,0.0003,284653.34375,38.50545883178711,-0.5870299339294434,9608548.0,19281.837890625,214001,40000.0,-20999206.8155078,,,,,,,
-8.835545276999484,-0.3239185659703796,-0.15919097652006406,-0.5857190378846052,0.0,466.7754730126313,-191.68327012318323,21,10449,226000,0.0003,239388.8125,91.63031768798828,-1.9180397987365723,9753364.0,12731.6787109375,216001,40000.0,-20999206.8155078,,,,,,,
-5.1549416851997245,-0.629743284472559,-0.06378153642879925,-0.4055614289446208,0.0,407.08236321719573,467.7354386936488,21,10530,228000,0.0003,233758.734375,65.84525299072266,1.1249518394470215,7085879.0,10013.9365234375,218001,40000.0,-20999206.8155078,,,,,,,
-6.347104327082636,-0.24612642431731171,0.15256855959674576,-0.8266080140931346,0.0,962.3420589487009,125.68176923098774,21,10612,230000,0.0003,231672.4375,56.77035903930664,-1.4560788869857788,4283913.0,7456.59423828125,220001,40000.0,-20999206.8155078,,,,,,,
-9.847696017622944,-0.5338757612831099,-0.25711651488481996,-0.7100893667622912,0.0,726.5726691454806,-317.04152571440125,21,10693,232000,0.0003,219053.953125,75.62393188476562,1.1528675556182861,20137552.0,37297.04296875,222001,40000.0,-20999206.8155078,,,,,,,
-4.853944435119627,-0.4414095906622068,0.511281721670623,-0.6775050285388032,0.0,851.8278994252595,365.7482228551701,21,10774,234000,0.0003,220521.875,54.875362396240234,-1.4329798221588135,8357861.5,13297.3017578125,224001,40000.0,-20999206.8155078,,,,,,,
5.963304017782206,0.263276050699245,0.24563731899561606,-0.7820509705265543,0.0,788.316377011976,-281.12155351790454,21,10855,236000,0.0003,210321.078125,54.293270111083984,0.9734209775924683,8698201.0,16418.703125,226001,40000.0,-20999206.8155078,,,,,,,
-4.234449394941332,-0.040304464052193366,-0.37892093708193575,-0.6502093505940222,0.0,745.4657832322623,8.197874606682067,21,10937,238000,0.0003,219836.34375,32.6190185546875,0.236365407705307,5218827.5,8961.8974609375,228001,40000.0,-20999206.8155078,,,,,,,
-2.4818928915262215,-0.2512288241358751,-0.21851849877399093,-0.7121773030554914,0.0,664.8506456809024,-17.237324567682663,21,11018,240000,0.0003,203727.171875,63.631317138671875,-0.6932803392410278,9496636.0,12186.06640625,230001,40000.0,-20475862.3158295,,,,,,,
-3.461512636542319,-0.17579519523648848,-0.15899923074293212,-0.9731570867825731,0.0,1180.2526236911033,-44.116448515600695,21,11099,242000,0.0003,202599.9375,54.75651168823242,-0.6350229978561401,5626538.0,7733.69921875,232001,40000.0,-20475862.3158295,,,,,,,
-6.3114862537384,-0.36709926606242,-0.18983970401711536,-0.91429244120461,0.0,1061.2857402466502,-183.59719677416902,21,11181,244000,0.0003,204825.140625,40.93534851074219,0.9940730333328247,7655991.0,10212.69140625,234001,40000.0,-20475862.3158295,,,,,,,
-4.272524912953378,-0.4812263127088014,0.34714965653172214,-0.8229411282734483,0.0,1091.305382404368,928.7963049061801,21,11262,246000,0.0003,209515.859375,53.277809143066406,-1.6024938821792603,4913471.0,9398.9111328125,236001,40000.0,-20475862.3158295,,,,,,,
4.469833322167399,0.4665733667317564,0.3044791622354392,-0.7895676803915128,0.0,1021.50578348841,-956.9691161635019,21,11344,248000,0.0003,204742.140625,54.16612243652344,0.7276200652122498,8317582.5,15822.8837890625,238001,40000.0,-20475862.3158295,,,,,,,
5.818415604829798,0.33385801224724426,-0.12535227381473488,-0.8795564112641451,0.0,971.3869937416843,86.1531439720437,21,11419,250000,0.0003,217472.859375,32.90650177001953,-0.14628539979457855,4292612.0,12048.177734375,240001,40000.0,-20475862.3158295,,,,,,,
6.721145623326298,0.22230810858220545,0.12840865484450956,-0.9039419753266013,0.0,1069.3917034476185,-38.68862107670437,21,11495,252000,0.0003,231994.03125,31.845027923583984,0.0439511239528656,4217905.5,10066.3271484375,242001,40000.0,-20475862.3158295,,,,,,,
2.042927035689355,0.5019430475210342,-0.2496573803139973,-0.6841494672270441,0.0,801.4289927502176,163.76065911977142,21,11571,254000,0.0003,243948.140625,39.91981887817383,-0.3359825611114502,5154771.0,9358.888671875,244001,40000.0,-20475862.3158295,,,,,,,
-3.6245768123865156,-0.1880631033956907,-0.07521793476634206,-0.6507681015833525,0.0,710.7848932721406,-476.7037356182082,21,11647,256000,0.0003,254320.46875,41.83805847167969,-0.22893960773944855,5953814.5,9234.7294921875,246001,40000.0,-20475862.3158295,,,,,,,
7.517787438631058,0.3431991988050526,0.2702120432560103,-0.591796839418355,0.0,614.769958308349,53.29111350241373,22,11723,258000,0.0003,256912.75,48.02005386352539,0.37598729133605957,5044914.0,9508.0234375,248001,40000.0,-20475862.3158295,,,,,,,
-0.9672421300411251,-0.16471954853076012,-0.45739203231988235,-0.625770821365202,0.0,743.1939177648867,197.8587601631449,22,11799,260000,0.0003,257539.140625,52.1951789855957,0.3029061555862427,6932284.0,9500.529296875,250001,40000.0,-20475862.3158295,,,,,,,
-3.321086136102678,-0.1409325770421467,0.0495649277727652,-0.8041555166639909,0.0,821.9438414998003,-53.90050446138714,22,11875,262000,0.0003,259359.453125,50.58830261230469,0.03238263726234436,5513179.5,9258.986328125,252001,40000.0,-20475862.3158295,,,,,,,
-7.787400113344194,-0.2712891535376716,-0.15112867506217667,-0.7943707030028744,0.0,823.4030641489729,10.303129830644256,22,11951,264000,0.0003,260876.03125,41.368446350097656,0.3297857344150543,6554561.0,10293.77734375,254001,40000.0,-20475862.3158295,,,,,,,
-5.517385233044623,-0.6566585647788987,0.06915853977325383,-0.5632902132363493,0.0,694.6950626899057,147.44916963723446,22,12027,266000,0.0003,269053.375,37.09408950805664,-0.714280903339386,4852780.5,7267.62890625,256001,40000.0,-20475862.3158295,,,,,,,
-7.9042226046323725,-0.3249449048860256,-0.1301305361763179,-0.8599920455040976,0.0,965.2327957227319,-159.59231734155162,22,12102,268000,0.0003,274984.34375,44.235416412353516,-0.5608471632003784,9353078.0,22376.662109375,258001,40000.0,-20475862.3158295,,,,,,,
-3.3688925081491434,-0.7157310082939161,0.12664841722719222,-0.5103323840204167,0.0,651.1192856211387,375.11536568837124,22,12179,270000,0.0003,275057.4375,56.20734786987305,0.047555964440107346,7338409.0,11501.9404296875,260001,40000.0,-20475862.3158295,,,,,,,
-0.2269932973384809,0.06585149987002575,0.33120819748539865,-0.8813437006287835,0.0,1066.5684091944602,-200.02953591762702,22,12256,272000,0.0003,281291.875,37.59456253051758,-0.3419701159000397,7893892.0,10792.17578125,262001,40000.0,-20475862.3158295,,,,,,,
3.4604834640026056,0.39320250131281737,0.26396643373591233,-0.6446196847468542,0.0,846.0617066639842,-180.8986890367357,22,12333,274000,0.0003,281879.4375,72.23063659667969,-1.211870551109314,6207246.0,10419.4716796875,264001,40000.0,-20475862.3158295,,,,,,,
-2.2450193768739695,-0.12474528370779951,-0.4179792819494407,-0.4465695973720896,0.0,663.0409834150729,-371.53986473131414,22,12409,276000,0.0003,249574.40625,86.39543151855469,2.0921597480773926,12545606.0,15575.740234375,266001,40000.0,-20475862.3158295,,,,,,,
-0.4614963918924335,-0.16314636732730206,-0.16305404295297557,-0.5900230062414251,0.0,444.64064812641516,67.20391447897651,22,12486,278000,0.0003,249900.0625,52.47516632080078,0.7037045359611511,5184513.5,9541.8017578125,268001,40000.0,-20475862.3158295,,,,,,,
-7.724649529457089,-0.2626746986224119,-0.03232970852020227,-0.6271299958844574,0.0,531.8754495696367,71.06752035918518,22,12562,280000,0.0003,257318.90625,51.22742462158203,-0.04858524724841118,7260943.5,12153.548828125,270001,40000.0,-20301457.48500386,,,,,,,
-1.9292511349916455,-0.09123200625484244,-0.09744446599819183,-0.9763342916315391,0.0,1152.7816006144665,-17.593679309033032,22,12639,282000,0.0003,249652.90625,67.41974639892578,0.4361210763454437,8366044.0,9800.4384765625,272001,40000.0,-20301457.48500386,,,,,,,
-0.44484132826328276,-0.05682979315993245,0.12045737052089714,-0.973352432098075,0.0,1146.712841227766,18.61262412607,22,12714,284000,0.0003,252695.53125,41.444915771484375,-0.15433716773986816,6880118.0,9406.91015625,274001,40000.0,-20301457.48500386,,,,,,,
-0.4685198336839678,-0.013132510972128808,0.024469027966233275,-0.973228016938933,0.0,1148.528364566159,59.053200278552296,22,12789,286000,0.0003,260752.3125,28.87187957763672,0.011069834232330322,10004926.0,14195.294921875,276001,40000.0,-20301457.48500386,,,,,,,
10.667393440604215,0.37758901325058103,0.6283129215295095,-0.7647760939449484,0.0,1060.5153525486796,-279.3659991551628,22,12863,288000,0.0003,261902.59375,47.4103889465332,-2.8152878284454346,6148543.0,11113.6025390625,278001,40000.0,-20301457.48500386,,,,,,,
-0.4201177000999444,-0.5428727776224929,-0.06496759544641229,-0.10349442397130296,0.0,808.2824477431973,-209.45823207313842,22,12937,290000,0.0003,252996.4375,53.52804946899414,-0.055448777973651886,9107671.0,15417.2158203125,280001,40000.0,-20301457.48500386,,,,,,,
1.6046864748001168,0.23729584937784623,-0.7031905978055741,-0.4803190900313395,0.0,569.1008022707445,-349.7254299297133,22,13010,292000,0.0003,248801.46875,52.360389709472656,-0.8956343531608582,6061599.0,7464.0986328125,282001,40000.0,-20301457.48500386,,,,,,,
-1.5093581908941276,-0.1469076501218311,-0.05971289412305111,-0.5259755494695452,0.0,343.3266294709936,49.13045306497774,22,13083,294000,0.0003,251771.3125,43.18042755126953,0.3892696499824524,10944734.0,14925.0703125,284001,40000.0,-20301457.48500386,,,,,,,
-5.183936119079588,-0.21550658125394478,-7.012199143912402e-05,-0.5419961473857703,0.0,372.90578942061853,6.861873031614509,22,13157,296000,0.0003,261410.578125,41.318077087402344,0.5954668521881104,10500116.0,15679.546875,286001,40000.0,-20301457.48500386,,,,,,,
-3.889476277232178,-0.5858717427478484,-0.4585940441354436,-0.3904585429861346,0.0,402.73657846935447,24.43931712601842,22,13230,298000,0.0003,252333.6875,72.56138610839844,-0.34883180260658264,9082790.0,13393.6044921875,288001,40000.0,-20301457.48500386,,,,,,,
-3.0365469616651533,-0.30261777603591544,0.6362402977481255,-0.6504567955915751,0.0,926.8803143359768,526.6405744042056,,,300000,0.0003,240814.703125,51.75882339477539,0.2756277024745941,11807206.0,10890.0419921875,290000,,,0.0,0.0,40000.0,-39036.42834214818,790.0845366281657,0.0,0.0
,,,,,,,20,14463,300000,0.0003,242297.5,51.755653381347656,-0.1483226716518402,7008740.0,10433.8544921875,290001,40000.0,-20301457.48500386,,,,,,,
-0.1541884249448775,-0.01788924395165099,-0.09481288391608991,-0.8622962314851792,0.0,902.016602827233,22.455655092437762,20,14540,302000,0.0003,234684.203125,56.54110336303711,-0.2541526257991791,6414318.0,9424.8623046875,292001,40000.0,-20301457.48500386,,,,,,,
-1.2423527550697349,-0.008867186488537506,0.03413917889401153,-0.8672597956783659,0.0,916.3952175765236,7.75898998257376,20,14616,304000,0.0003,239119.203125,39.37995147705078,0.004828780889511108,4591167.0,6841.95703125,294001,40000.0,-20301457.48500386,,,,,,,
1.3698105818033204,-0.014308058676627907,0.06580557297932925,-0.8648470048741235,0.0,906.2588071542683,34.47652168782296,20,14692,306000,0.0003,248571.421875,35.60462188720703,0.25086575746536255,5432985.0,7918.67138671875,296001,40000.0,-20301457.48500386,,,,,,,
1.5453952437639216,0.15600731327964334,-0.0979951606524557,-0.8013762452042804,0.0,864.8567697952037,-30.469556376057138,20,14769,308000,0.0003,252727.859375,47.29189682006836,-0.25070804357528687,5892247.0,10840.2255859375,298001,40000.0,-20301457.48500386,,,,,,,
-1.8795544737577383,-0.09065442491619186,0.02619666374949799,-0.7866574696281212,0.0,759.7589075407062,-109.0151440076237,20,14845,310000,0.0003,252759.859375,37.03167724609375,1.1305501461029053,6083542.0,9529.556640625,300001,40000.0,-20301457.48500386,,,,,,,
3.487425640821456,0.03392896953410223,0.2543375779498296,-0.7635379225704516,0.0,767.8314650218998,-147.40944915667748,20,14922,312000,0.0003,267477.125,31.045278549194336,-1.7317513227462769,5762683.0,12713.9814453125,302001,40000.0,-20301457.48500386,,,,,,,
0.34546901881694775,-0.22205235910340004,-0.7411356967109275,-0.5405820565824132,0.0,762.7218003927775,-148.7290257870272,20,14998,314000,0.0003,257842.828125,60.960533142089844,-1.3918297290802002,6074977.0,9831.9609375,304001,40000.0,-20301457.48500386,,,,,,,
-9.839280300140388,-0.5210372714994919,0.19299771608837027,-0.6751334127780414,0.0,732.4553429382162,349.51748154476365,20,15074,316000,0.0003,259981.0,43.503814697265625,1.6033601760864258,7523022.5,9631.0087890625,306001,40000.0,-20301457.48500386,,,,,,,
-5.185993242859841,-0.5894779496866828,-0.02085181675988072,-0.7255168799406607,0.0,769.833637530916,116.36912077985694,20,15151,318000,0.0003,271518.90625,35.3740348815918,-1.2289997339248657,5919996.0,10311.287109375,308001,40000.0,-20301457.48500386,,,,,,,
3.8459365761280035,0.253443836424418,1.049332781361566,-0.7080770580473158,0.0,1153.6045784292455,-241.35966993707333,21,15227,320000,0.0003,258661.640625,66.1832046508789,-0.6846573948860168,8770268.0,10733.7060546875,310001,40000.0,-20132570.695157252,,,,,,,
2.635938165187833,0.15845477762793717,0.01966628591275611,-0.9657571754625679,0.0,1192.9146508490214,-2.32424456823636,21,15304,322000,0.0003,250235.203125,50.235267639160156,0.14856727421283722,7641360.0,11796.7900390625,312001,40000.0,-20132570.695157252,,,,,,,
-0.45027998268604313,-0.019832757158945155,-0.061842285928051736,-0.9885820953596665,0.0,1175.7339745245865,24.680108279190346,21,15381,324000,0.0003,253338.0625,39.29509353637695,-0.010805148631334305,5242087.0,9736.060546875,314001,40000.0,-20132570.695157252,,,,,,,
2.727135937809948,0.13072050851013087,0.20752005171616783,-0.9678134837651879,0.0,1152.3247242762734,-81.33314846440679,21,15457,326000,0.0003,258535.765625,36.02029037475586,0.3114146590232849,5244057.0,9495.8037109375,316001,40000.0,-20132570.695157252,,,,,,,
3.1891108995676016,0.20319955384024424,-0.06592151199464039,-0.9547426380854712,0.0,1109.628722107728,37.21179532365223,21,15534,328000,0.0003,258530.578125,38.229286193847656,-0.09023292362689972,7419742.0,17723.482421875,318001,40000.0,-20132570.695157252,,,,,,,
1.2931804192066187,0.07275447528012166,-0.10744348435862794,-0.9716920671761868,0.0,1140.8977781897586,32.69105056726564,21,15610,330000,0.0003,264843.75,27.078128814697266,0.38857316970825195,5205362.5,8415.4443359375,320001,40000.0,-20132570.695157252,,,,,,,
1.6833790934085868,0.08272720987282,-0.006519808035383701,-0.9654509878462727,0.0,1147.5724408916087,76.7875791046135,21,15687,332000,0.0003,275087.875,34.045772552490234,-0.3706926703453064,9182379.0,17827.9140625,322001,40000.0,-20132570.695157252,,,,,,,
-3.361351171135903,-0.4567364065080105,-0.5137647865271048,-0.7531644026369438,0.0,946.3954620149215,-525.040468422329,21,15763,334000,0.0003,281789.96875,46.872413635253906,-0.2399098426103592,8737416.0,12159.1767578125,324001,40000.0,-20132570.695157252,,,,,,,
0.9495381808280944,0.03269230748596528,0.914042299526618,-0.6930176209815196,0.0,1029.3660908387012,-73.07586799084498,21,15840,336000,0.0003,280775.59375,46.55840301513672,-0.07748538255691528,5773713.0,11758.1650390625,326001,40000.0,-20132570.695157252,,,,,,,
1.942816578149799,0.15539666754374204,-0.536377411426565,-0.7114411759232584,0.0,793.8430538824265,56.704437614864254,21,15917,338000,0.0003,280463.625,37.53340148925781,0.13500210642814636,6869728.0,14684.9384765625,328001,40000.0,-20132570.695157252,,,,,,,
-2.7715407049655925,-0.14064308416493176,0.08353841406881295,-0.7511910144219986,0.0,689.784413879369,50.827108374146206,21,15994,340000,0.0003,284789.375,33.84196472167969,-0.4523915648460388,6068336.5,9253.2060546875,330001,40000.0,-20132570.695157252,,,,,,,
4.261284078359609,0.11539331152970897,0.21344815943603707,-0.707682897398689,0.0,650.8140883896623,-113.2770293737963,21,16070,342000,0.0003,291797.4375,30.25935173034668,0.09367704391479492,4965547.0,9285.6181640625,332001,40000.0,-20132570.695157252,,,,,,,
-0.8867943555116663,0.0774761405260016,-0.16358786383408389,-0.6574056907546693,0.0,582.3122392180827,-48.020753410540074,21,16147,344000,0.0003,297354.21875,36.92949295043945,-1.102331280708313,4498443.5,9131.34765625,334001,40000.0,-20132570.695157252,,,,,,,
3.2296653008460976,0.27208799075829826,0.5012603132945277,-0.48555552253578993,0.0,509.58768126197094,-244.56959481868486,21,16224,346000,0.0003,284676.71875,63.93036651611328,0.6465928554534912,9458397.0,11456.314453125,336001,40000.0,-20132570.695157252,,,,,,,
-1.5266400170326244,0.4937153282933387,-0.37972157593848904,-0.2636679478351769,0.0,232.67589250850625,170.3626088045447,21,16300,348000,0.0003,290812.96875,39.58876037597656,-0.09544482827186584,5606957.0,8466.5234375,338001,40000.0,-20132570.695157252,,,,,,,
-4.004295701384546,-0.12548857135156705,-0.30402427555474215,-0.3678781502264126,0.0,221.64982699785617,-221.37051402106553,21,16377,350000,0.0003,294653.8125,39.23374938964844,0.16220596432685852,7857449.0,14282.216796875,340001,40000.0,-20132570.695157252,,,,,,,
-4.462776986956596,-0.5561015111891703,-0.12704437284087466,-0.32047754009498236,0.0,298.3143143495773,360.6287854497285,21,16453,352000,0.0003,300669.90625,35.50407791137695,-1.815192461013794,12178253.0,19737.56640625,342001,40000.0,-20132570.695157252,,,,,,,
-1.876689093708999,0.023546079303526146,0.7288975593746683,-0.6458639056992551,0.0,773.2031456178546,-62.81401218920723,21,16530,354000,0.0003,284181.34375,68.9458999633789,-0.8865677118301392,7684499.0,12525.001953125,344001,40000.0,-20132570.695157252,,,,,,,
7.862749250531188,0.5310009504603019,0.02206279872626784,-0.6340510817694197,0.0,617.7882970461693,144.83843371842653,21,16605,356000,0.0003,275367.9375,53.216732025146484,1.040942668914795,618593920.0,11903.4111328125,346001,40000.0,-20132570.695157252,,,,,,,
0.4176110470294948,0.2279700505339892,-0.4781729296741325,-0.6686851087294722,0.0,687.4675056330689,6.246823287204368,21,16680,358000,0.0003,271743.84375,58.329097747802734,-0.2197374403476715,7361576.0,12034.107421875,348001,40000.0,-20132570.695157252,,,,,,,
-0.7332122850418089,-0.1947102167133126,-0.15230790436743905,-0.7073291862245796,0.0,623.0814030811092,-1.7739249358275238,21,16755,360000,0.0003,268986.65625,43.01797866821289,-0.43886280059814453,7255683.5,8768.9521484375,350001,40000.0,-19895393.203013558,,,,,,,
1.5252651965618134,0.07913570698411856,0.20881867639908447,-0.9408432129585814,0.0,1102.317053369874,-91.65280532388812,21,16831,362000,0.0003,271599.8125,42.21877670288086,-0.3200908601284027,4705278.5,7316.9365234375,352001,40000.0,-19895393.203013558,,,,,,,
9.746720842719075,0.5875383435908162,0.31154655649182683,-0.6959896874835975,0.0,782.1374529025804,-382.9724753093073,21,16908,364000,0.0003,254945.1875,61.053794860839844,0.10416239500045776,10155836.0,12261.732421875,354001,40000.0,-19895393.203013558,,,,,,,
-0.22864652097225063,0.6030992129365488,-0.421600618622911,-0.552377455339565,0.0,645.329658018114,-85.5175305935456,21,16984,366000,0.0003,256872.078125,41.9854850769043,0.26748767495155334,6387440.0,14496.6728515625,356001,40000.0,-19895393.203013558,,,,,,,
-1.3174247711896891,-0.08586124258163537,-0.26933289259140614,-0.6199829301732592,0.0,497.8454158687529,-49.113165703103796,21,17060,368000,0.0003,249198.921875,56.7003173828125,0.4006756544113159,7357581.0,8538.40234375,358001,40000.0,-19895393.203013558,,,,,,,
-5.822390999794002,-0.403946444270831,-0.11672510270311928,-0.5923733249534066,0.0,491.8920782967201,106.00819798904362,21,17135,370000,0.0003,249160.546875,46.07865905761719,0.2103692591190338,5917883.0,8301.107421875,360001,40000.0,-19895393.203013558,,,,,,,
-6.989866479635223,-0.49026718016482324,-0.10851653520289459,-0.612855161836399,0.0,584.135041601207,122.0255718350353,21,17211,372000,0.0003,256815.140625,38.87788772583008,-0.8289214372634888,5076732.0,8507.796875,362001,40000.0,-19895393.203013558,,,,,,,
1.7845366454124443,0.13660241413024593,0.6485488491645918,-0.772783114521283,0.0,1115.2645765519433,144.91260977713674,21,17286,374000,0.0003,241529.0625,57.337642669677734,0.23386184871196747,7033354.0,12207.328125,364001,40000.0,-19895393.203013558,,,,,,,
5.689563620686531,0.29719442328939005,-0.17072084500673576,-0.8270995627195404,0.0,883.3117985520162,90.5920064546881,21,17361,376000,0.0003,238157.125,42.236900329589844,-0.6925554275512695,7640126.5,10712.228515625,366001,40000.0,-19895393.203013558,,,,,,,
-2.0369017130136506,-0.03305176650751718,-0.21455159847119137,-0.859318780491555,0.0,907.9404727849668,-41.39061491511854,21,17436,378000,0.0003,238584.6875,52.877201080322266,0.07918844372034073,6199436.5,10289.8349609375,368001,40000.0,-19895393.203013558,,,,,,,
-3.919459152817727,-0.37280173330849126,-0.18472028580901653,-0.7942447470117285,0.0,821.1019869612225,-69.94160302226656,21,17511,380000,0.0003,244012.03125,40.884246826171875,0.9281129837036133,10867688.0,20098.744140625,370001,40000.0,-19895393.203013558,,,,,,,
-6.277686352729795,-0.32913288608204,0.3233147021658525,-0.8313999161566195,0.0,935.4650248983829,582.2175556222842,21,17585,382000,0.0003,249740.0,35.44367218017578,-0.7554779052734375,5550507.0,7632.94140625,372001,40000.0,-19895393.203013558,,,,,,,
7.991324295401578,0.3212725573266086,0.4288230104587663,-0.8464798241805105,0.0,1002.9422637199436,-581.7343057642399,21,17660,384000,0.0003,245326.203125,47.825965881347656,0.46424347162246704,4017486.25,6532.96240234375,374001,40000.0,-19895393.203013558,,,,,,,
3.424719894528396,0.8230505853612748,0.031404639951725245,-0.5287429849355332,0.0,619.147135562205,-171.22072586097948,21,17734,386000,0.0003,248257.421875,35.194252014160156,-0.3231087923049927,5031338.0,11022.302734375,376001,40000.0,-19895393.203013558,,,,,,,
2.876075681447981,0.29019582288329526,-0.49308764668488453,-0.6380601913135062,0.0,629.2481136993043,20.256320322056116,21,17807,388000,0.0003,255023.640625,42.72026824951172,0.1418166607618332,5910022.5,8640.9951171875,378001,40000.0,-19895393.203013558,,,,,,,
-1.8547178512811664,-0.24603731674245782,-0.30180984506964986,-0.6870118417979181,0.0,625.9898119804665,6.505443484122338,21,17881,390000,0.0003,259207.3125,30.787023544311523,0.3750084340572357,5248443.0,7406.56689453125,380001,40000.0,-19895393.203013558,,,,,,,
-7.432320054173458,-0.36010181881543035,0.29741866561088004,-0.7318456574439777,0.0,774.2970810347008,342.2957861496448,21,17954,392000,0.0003,263484.375,42.64425277709961,-0.7669183015823364,5271569.0,11701.4248046875,382001,40000.0,-19895393.203013558,,,,,,,
2.1966017204523087,0.12446013588641452,0.1081244563372055,-0.8834690856698868,0.0,980.3659331941565,26.066920800066534,21,18029,394000,0.0003,260896.21875,44.35296630859375,0.1369434893131256,5755607.0,9074.357421875,384001,40000.0,-19895393.203013558,,,,,,,
4.960757431387907,0.402192439107912,0.19325452316096167,-0.7377958921662413,0.0,862.3322905999997,48.88551814846188,21,18102,396000,0.0003,262970.625,37.31092071533203,-0.7683597803115845,4211555.0,9568.62890625,386001,40000.0,-19895393.203013558,,,,,,,
1.6000984996557208,0.07840653654899153,-0.35034543412234737,-0.8638463003823386,0.0,968.0597203484414,-120.13000420590218,21,18175,398000,0.0003,270166.0625,32.83599090576172,-0.08817338943481445,4410237.0,8007.83447265625,388001,40000.0,-19895393.203013558,,,,,,,
2.406621515154838,0.005291155532236053,0.511473071059818,-0.7629475018408398,0.0,989.5651261481075,-162.46052359783874,,,400000,0.0003,273639.875,44.909637451171875,-1.5677781105041504,5812254.0,9928.203125,390000,,,0.0020156250000000014,0.0,40000.0,-47990.3316190849,15506.049027816884,0.0020156250000000014,0.0
,,,,,,,20,19405,400000,0.0003,273128.84375,44.936641693115234,-2.484306812286377,5912647.0,13579.3310546875,390001,40000.0,-19806659.2100934,,,,,,,
6.031407561898233,0.1263197944048176,0.780343753399158,-0.6068687191760307,0.0,948.1178881803422,-584.8949194731366,20,19480,402000,0.0003,259625.890625,65.76539611816406,0.49635976552963257,6174259.5,9481.4560546875,392001,40000.0,-19806659.2100934,,,,,,,
-11.929467453360573,-0.7872454659325536,0.12121577972876393,-0.4774358916290105,0.0,735.1707883202032,362.0303748995269,20,19556,404000,0.0003,262136.46875,41.685428619384766,0.26227933168411255,5883382.5,7508.498046875,394001,40000.0,-19806659.2100934,,,,,,,
-6.46635962724685,0.06666360941312373,-0.6346746209518275,-0.3047644101765869,0.0,561.9150010996348,-630.7266650879255,20,19631,406000,0.0003,259782.28125,44.58930206298828,0.0474984347820282,6096592.0,11123.294921875,396001,40000.0,-19806659.2100934,,,,,,,
5.438530038595209,0.09059144822918797,-0.20610072706930158,-0.4540780651919642,0.0,328.8056730772302,301.9693142279765,20,19706,408000,0.0003,266484.15625,36.4720573425293,-0.4155993163585663,5799110.0,11380.3955078125,398001,40000.0,-19806659.2100934,,,,,,,
4.474976348280905,0.5193011719593531,0.29698373996139876,-0.3826042464445853,0.0,409.88959051986876,-193.93122196961724,20,19782,410000,0.0003,257950.96875,69.04894256591797,-1.6132991313934326,6307241.0,8289.3662109375,400001,40000.0,-19806659.2100934,,,,,,,
6.420387516617762,0.41205458612572937,-0.1459745525709354,-0.6186218892015166,0.0,538.9539879983441,124.60834467950787,20,19858,412000,0.0003,235081.53125,81.43669891357422,-0.044167377054691315,7522951.5,9087.490234375,402001,40000.0,-19806659.2100934,,,,,,,
-0.13886745154857674,0.03763677481544547,-0.33573669023365355,-0.6420722477884581,0.0,547.011391325456,-20.44109676510111,20,19933,414000,0.0003,221258.203125,64.88002014160156,-0.09573981165885925,8214135.0,10098.513671875,404001,40000.0,-19806659.2100934,,,,,,,
-2.0220482200384136,-0.31846594288606905,-0.12089333491096939,-0.631054472267317,0.0,524.7504905337156,60.22633679899632,20,20009,416000,0.0003,214535.671875,62.81134796142578,0.30762749910354614,6091875.0,7012.2880859375,406001,40000.0,-19806659.2100934,,,,,,,
-10.772410547137254,-0.39575071129087397,-0.19910565155048565,-0.6332388431463646,0.0,579.1601244963566,-34.723361577553696,20,20085,418000,0.0003,225764.8125,41.04707336425781,-0.17186978459358215,8664994.0,12533.4443359375,408001,40000.0,-19806659.2100934,,,,,,,
-4.750059142112747,-0.6536078398631401,0.431103083572831,-0.3659547942447353,0.0,634.5653367650559,718.4190611598218,20,20160,420000,0.0003,202577.109375,88.20817565917969,-1.797839879989624,10915695.0,13139.37109375,410001,40000.0,-19806659.2100934,,,,,,,
6.138246914744378,0.19822572206887093,0.18908138064789395,-0.3350742298425333,0.0,242.92890871832884,-1093.0499089412797,20,20236,422000,0.0003,168704.84375,92.10499572753906,0.8111739158630371,11049204.0,11373.1201171875,412001,40000.0,-19806659.2100934,,,,,,,
-1.6498901134729387,0.33691398049920895,0.0426839584101167,-0.2932516084520405,0.0,145.29994092489645,7.290747655133036,20,20311,424000,0.0003,164435.296875,62.1551628112793,0.41907376050949097,9642148.0,10406.1025390625,414001,40000.0,-19806659.2100934,,,,,,,
1.752708605527878,0.1213249559115926,-0.2745313560355454,-0.29962150483977573,0.0,145.58318697658552,19.639507666979654,20,20387,426000,0.0003,161568.671875,62.94231033325195,-1.0828768014907837,10093150.0,12636.2744140625,416001,40000.0,-19806659.2100934,,,,,,,
2.3367382431030252,-0.1938175015921378,-0.09379350159079429,-0.32761232081784386,0.0,149.00778835824775,9.034842372202952,20,20463,428000,0.0003,168649.421875,41.335174560546875,0.0013880133628845215,7276901.5,8702.5908203125,418001,40000.0,-19806659.2100934,,,,,,,
-9.216762388944638,-0.2218388812214054,0.008506923312835606,-0.32257618312308645,0.0,143.0350114143122,-0.23995751386458633,20,20538,430000,0.0003,141964.75,93.3199234008789,-1.4827759265899658,9673874.0,14214.5185546875,420001,40000.0,-19806659.2100934,,,,,,,
-1.5368687403202086,-0.05590103539533794,0.20057253540819076,-0.3488945489601957,0.0,185.57500405960354,36.65136892554962,20,20614,432000,0.0003,139361.296875,66.27449798583984,2.2209110260009766,10022174.0,15647.4970703125,422001,40000.0,-19806659.2100934,,,,,,,
2.0851594269275684,-0.010955271817165622,-0.11341392997959944,-0.3833365964349715,0.0,185.70811247211907,37.31201210715428,20,20689,434000,0.0003,152443.640625,41.348724365234375,0.3767082095146179,9105522.0,12467.158203125,424001,40000.0,-19806659.2100934,,,,,,,
0.2506633061170547,0.016324601498834596,-0.058273058560278666,-0.36759713847356096,0.0,242.83233923040277,-4.711788961396617,20,20765,436000,0.0003,169838.6875,37.37177276611328,-0.08336754143238068,5747005.0,12017.4306640625,426001,40000.0,-19806659.2100934,,,,,,,
-2.537928382158276,-0.4180544427969311,-0.3007519376640351,-0.21425039032731472,0.0,186.67182340164814,5.046020459324919,21,20840,438000,0.0003,184293.609375,35.76725387573242,-0.2740980386734009,6757281.0,9853.1357421875,428001,40000.0,-19806659.2100934,,,,,,,
3.352593324184403,-0.21215895408647598,0.46924030424465324,-0.008111320985690725,0.0,123.84289815729218,-129.64505066968337,21,20916,440000,0.0003,193372.09375,49.137760162353516,-1.1949825286865234,7143136.0,8867.203125,430001,40000.0,-18967247.237131365,,,,,,,
8.131388509273531,0.41477746080523015,0.5229951316946696,-0.8065849250829772,0.0,973.5545307747244,-419.5254840407998,21,20992,442000,0.0003,188967.09375,58.622989654541016,0.6379809379577637,5691367.0,7906.52880859375,432001,40000.0,-18967247.237131365,,,,,,,
10.519966813325878,0.8203040637102239,0.036963720423554274,-0.5863977689207663,0.0,636.7115501704111,10.792858036960899,21,21067,444000,0.0003,202580.34375,40.352806091308594,-0.698711633682251,5466287.0,8109.45263671875,434001,40000.0,-18967247.237131365,,,,,,,
-1.6322804307937533,0.6645137172970524,-0.43111278057425706,-0.5645715765435749,0.0,734.7060464448213,-41.64956561288911,21,21143,446000,0.0003,212211.84375,43.76483917236328,0.002675577998161316,7151830.5,10342.8662109375,436001,40000.0,-18967247.237131365,,,,,,,
0.0018532377481459434,-0.059732418432599195,-0.3093372123569862,-0.7116277466886404,0.0,657.0322363941784,-12.662225804582684,21,21218,448000,0.0003,221127.0,38.84470748901367,0.4934524893760681,4917734.0,7664.9287109375,438001,40000.0,-18967247.237131365,,,,,,,
7.567809824943551,0.35339608923620897,0.28310544998766835,-0.4376024057548259,0.0,802.4219021678423,494.975604311505,21,21293,450000,0.0003,223832.75,54.631248474121094,-1.5803310871124268,6544919.5,9433.6171875,440001,40000.0,-18967247.237131365,,,,,,,
1.1313194030523284,0.08039935747847322,-0.015878011036644137,-0.709182199849388,0.0,640.1420011942591,-463.07991841337247,21,21369,452000,0.0003,219837.59375,50.61408233642578,1.1201039552688599,10244367.0,12535.9462890625,442001,40000.0,-18967247.237131365,,,,,,,
2.8001921236515064,0.0675252577567734,0.14613003314602158,-0.7046208136086003,0.0,692.9456919187934,-59.75758906016658,21,21444,454000,0.0003,231286.953125,45.36722946166992,0.23656511306762695,9853758.0,11281.1943359375,444001,40000.0,-18967247.237131365,,,,,,,
1.2767367714643496,0.10351859862953033,-0.3961642194430983,-0.7101747115830003,0.0,718.3292436353221,350.5857733273072,21,21519,456000,0.0003,234072.40625,38.77962112426758,-0.48197460174560547,9119541.0,10492.6328125,446001,40000.0,-18967247.237131365,,,,,,,
0.6850704002380473,-0.7732652241902164,-0.364869497544382,-0.2999819609882257,0.0,554.0014181242888,-294.0370474172281,21,21595,458000,0.0003,241308.578125,50.63011169433594,-0.03988705947995186,8717608.0,9971.5908203125,448001,40000.0,-18967247.237131365,,,,,,,
-0.9467825335264187,-0.15290314075991573,0.5305417883863307,0.05137844630282772,0.1674999999999999,271.85572905113423,-565.0587689099086,21,21670,460000,0.0003,236994.765625,65.72937774658203,-0.3221195638179779,12369168.0,25099.40625,450001,40000.0,-18967247.237131365,,,,,,,
-2.369577455520629,-0.031187882045734826,-0.05771229613379466,0.016781173477772884,0.3100000000000001,4.8443789927685135,24.678560236543326,21,21747,462000,0.0003,226300.625,83.21620178222656,-0.7269071936607361,10858362.0,13106.2587890625,452001,40000.0,-18967247.237131365,,,,,,,
-0.462912293672562,0.06886197048462325,0.15879443573833724,0.037150277092030476,0.0,19.367839110585837,24.1082630022932,21,21822,464000,0.0003,197346.40625,99.03584289550781,0.5842049717903137,14305626.0,13559.3955078125,454001,40000.0,-18967247.237131365,,,,,,,
-0.43101840913295564,0.09969268834217745,-0.05410792591688709,0.04447301340685536,0.0,7.475124881876254,11.201114978259916,21,21898,466000,0.0003,194860.90625,56.95845413208008,-0.018920965492725372,8638666.0,12934.0595703125,456001,40000.0,-18967247.237131365,,,,,,,
1.2116900533437747,-0.06007099510938621,-0.124601007952279,0.0340810478782216,0.0,14.796048978936545,20.567622598296797,21,21973,468000,0.0003,179578.625,88.49735260009766,-0.041086018085479736,19982730.0,31820.44140625,458001,40000.0,-18967247.237131365,,,,,,,
1.4776646584272375,-0.13754765766962854,-0.056779613325138374,0.029866635522353777,0.0,9.006312333129864,21.642198390766584,21,22048,470000,0.0003,168318.65625,75.8396224975586,0.9179539680480957,10107415.0,12833.505859375,460001,40000.0,-18967247.237131365,,,,,,,
-3.7947340035438537,-0.09176356476863663,0.05925811275238499,-0.007048306957981632,0.04049999999999999,20.28662242153906,11.296485641113742,21,22124,472000,0.0003,168491.375,48.76857376098633,0.34979939460754395,9669929.0,13209.4404296875,462001,40000.0,-18967247.237131365,,,,,,,
0.856708315014839,-0.05008681739302809,0.12118900448398126,-0.005188999553829386,0.0,10.846316227898058,19.706915058764462,21,22199,474000,0.0003,172271.375,44.70000076293945,-0.1899634301662445,9488877.0,12840.17578125,464001,40000.0,-18967247.237131365,,,,,,,
-2.9409220367670086,0.14547241845319667,0.04043402630214732,-0.007714592534457582,0.0,12.316779052561117,12.27990309176444,21,22274,476000,0.0003,175083.28125,63.87920379638672,-0.8428298830986023,6851188.0,8369.1015625,466001,40000.0,-18967247.237131365,,,,,,,
-1.5453773999214167,0.06907806947101804,-0.08364801022569657,0.00461951447911164,0.0,7.047383362157943,17.554244568410127,21,22349,478000,0.0003,161458.71875,71.69225311279297,-0.1350175440311432,8130662.5,10138.22265625,468001,40000.0,-18967247.237131365,,,,,,,
-0.6893822175264372,-0.0871655219443804,-0.09079686744263664,0.02077009159540355,0.0,8.779114822204642,15.929891887664608,21,22424,480000,0.0003,155205.3125,43.7053337097168,0.9781294465065002,7285932.0,7631.5341796875,470001,40000.0,-18092032.216005754,,,,,,,
-1.670134620070456,-0.08046145931184195,-0.15893461403119796,-0.9893681106751491,0.0,1192.260700745138,-39.44590064063468,21,22498,482000,0.0003,166803.265625,40.375431060791016,0.6983500719070435,7850551.0,8625.361328125,472001,40000.0,-18092032.216005754,,,,,,,
-5.284518066644658,-0.31452809909115603,-0.0749271054259335,-0.9369017033862513,0.0,1088.065671175695,-75.31328640733146,21,22573,484000,0.0003,177176.0625,40.004844665527344,0.5925977230072021,8058440.0,8298.619140625,474001,40000.0,-18092032.216005754,,,,,,,
2.3070425802469243,0.049563236938647906,0.6727765794575213,-0.8695130828825379,0.0,1182.8549976457234,-312.1215361983408,21,22647,486000,0.0003,174489.484375,63.44456481933594,-1.260514497756958,6936181.0,8955.3349609375,476001,40000.0,-18092032.216005754,,,,,,,
3.1164821660518673,0.7146111919769205,-0.01936899844450677,-0.626534745899255,0.0,647.1740577688075,-139.5258509296816,21,22720,488000,0.0003,157478.859375,76.34275817871094,0.4100252389907837,8901704.0,11511.2802734375,478001,40000.0,-18092032.216005754,,,,,,,
6.983641706109051,0.334953619404021,-0.4249506875102341,-0.7540423606310074,0.0,809.494200971966,420.2472739375356,21,22794,490000,0.0003,160859.140625,51.97306442260742,-0.053665176033973694,8099011.0,12809.533203125,480001,40000.0,-18092032.216005754,,,,,,,
-2.2857574659585933,-0.28260643756896103,-0.15831775371112441,-0.8590036789369818,0.0,987.6665134921394,61.0229108162381,21,22867,492000,0.0003,152062.0,77.68684387207031,-0.07590778172016144,6258794.0,11051.111328125,482001,40000.0,-18092032.216005754,,,,,,,
-6.037995784878727,-0.22086099006514537,-0.06073195114155319,-0.9189216846193177,0.0,1040.911361662365,-93.87095123137642,21,22941,494000,0.0003,152641.4375,69.35619354248047,0.31447333097457886,16990122.0,15973.771484375,484001,40000.0,-18092032.216005754,,,,,,,
-3.5877195292711277,-0.5302824445192952,0.12541711262830804,-0.6113576097006814,0.0,831.29606706347,-24.393933618395625,21,23014,496000,0.0003,126942.828125,132.27989196777344,-0.44752681255340576,22093316.0,31446.095703125,486001,40000.0,-18092032.216005754,,,,,,,
10.132414639592168,0.25239618584940415,0.3902426020345209,-0.49055270066485923,0.0,419.09973860364795,-667.5421246456889,21,23087,498000,0.0003,97024.6640625,98.47058868408203,1.2072105407714844,12842494.0,13711.982421875,488001,40000.0,-18092032.216005754,,,,,,,
-5.5055501598119685,0.5764965680783175,0.05896925194886466,-0.3312674332576515,0.0,260.55483029370487,-48.22518154131532,,,500000,0.0003,91759.171875,68.19908905029297,0.7896464467048645,11408776.0,12086.6728515625,490000,,,0.0020156250000000014,0.0,40000.0,-38790.64783747451,1577.3747159911031,0.0,0.0
,,,,,,,20,24304,500000,0.0003,96032.1796875,68.19242095947266,1.0831592082977295,12153036.0,11715.259765625,490001,40000.0,-18092032.216005754,,,,,,,
-10.380256354808807,-0.06180877590745778,-0.48317747915261366,-0.1312799271043178,0.0,343.1988461513795,-174.8354567967827,20,24380,502000,0.0003,85568.609375,93.20301055908203,-0.22773531079292297,9896642.0,12010.921875,492001,40000.0,-18092032.216005754,,,,,,,
2.4356316131353375,-0.14750186988806485,0.1820035897223787,-0.17969030953468274,0.0,76.95710529740911,57.45172422980869,20,24455,504000,0.0003,89858.90625,79.69100189208984,0.13733616471290588,12616296.0,17467.560546875,494001,40000.0,-18092032.216005754,,,,,,,
8.892535603046397,0.19039970422516891,0.0817605863332119,-0.14177013472670236,0.0,74.04895291070456,-46.30256906138836,20,24530,506000,0.0003,76962.8203125,104.5950698852539,-0.39434999227523804,11338517.0,10281.3486328125,496001,40000.0,-18092032.216005754,,,,,,,
-3.237976962327956,0.26304285745959616,0.07885790794557491,-0.18782990748000558,0.0,67.86963209164166,32.18127962182245,20,24605,508000,0.0003,67954.4609375,84.91181182861328,0.2052173912525177,13880680.0,18354.607421875,498001,40000.0,-18092032.216005754,,,,,,,
-10.754449654817591,-0.0706201959087095,-0.33944654587051076,-0.07195328207503668,0.0,191.23092422363442,-52.89446863102535,20,24681,510000,0.0003,75868.203125,51.10338592529297,0.3984711468219757,19412684.0,21992.857421875,500001,40000.0,-18092032.216005754,,,,,,,
1.615706675648688,-0.1414196539800649,0.08474759224592908,-0.0918437346328632,0.0,20.68855916618179,8.742659077922031,20,24756,512000,0.0003,78675.328125,88.35685729980469,-1.5339412689208984,17486732.0,22706.921875,502001,40000.0,-18092032.216005754,,,,,,,
1.005569397211075,-0.00753381337036304,0.0024198291651546895,-0.07148038066445239,0.0,17.576249392885092,10.971980018606459,20,24832,514000,0.0003,77506.1484375,87.35137176513672,0.6939874887466431,27016184.0,23429.017578125,504001,40000.0,-18092032.216005754,,,,,,,
-4.05834587633609,-0.06826205486696209,0.07410727996833966,-0.060744353522476785,0.0,18.283083259652766,49.463049718884896,20,24907,516000,0.0003,69033.265625,78.95825958251953,-0.2937324643135071,10297601.0,7959.91748046875,506001,40000.0,-18092032.216005754,,,,,,,
-3.061961169838906,0.09152381251754439,-0.011745799578277205,-0.07866372632885878,0.0,17.389493179054124,64.04201691019527,20,24983,518000,0.0003,60585.6875,118.78086853027344,0.8464508056640625,16840332.0,23111.71484375,508001,40000.0,-18092032.216005754,,,,,,,
-8.5127229696512,-0.15309196141317447,-0.10338567474630535,0.018920747756524397,0.0,50.94513965154315,-68.23398264655395,20,25059,520000,0.0003,41937.0234375,128.41075134277344,0.6771568059921265,15425742.0,13840.568359375,510001,40000.0,-17544574.772598464,,,,,,,
1.3263170951604883,0.1297569309937443,-0.08067365300939482,-0.9731763794613568,0.0,1228.7930669371742,175.59298146070566,20,25135,522000,0.0003,25249.912109375,130.13995361328125,-0.9636906385421753,26294816.0,32351.748046875,512001,40000.0,-17544574.772598464,,,,,,,
-17.64325655162333,-0.13870120252702162,-1.67302093781031,-0.2943132242320608,0.0,2068.824267886941,16529.290150178258,20,25211,524000,0.0003,-90767.1796875,304.1082763671875,-1.1643401384353638,105297904.0,47028.5546875,514001,37392.857142857145,-18093056.12221543,,,,,,,
3.5400034368038265,-0.27742098414797706,0.15729479391441278,-0.39857874040784214,0.0,739.2620549744031,-551.5036062183299,20,25287,526000,0.0003,-111667.8671875,218.045166015625,1.5156629085540771,46203012.0,19746.927734375,516001,37392.857142857145,-18093056.12221543,,,,,,,
6.059844288229946,0.15011106033337093,0.34915661829692823,-0.5070425170021287,0.0,489.58023590924097,-361.4513199172598,20,25364,528000,0.0003,-113072.7421875,148.5189971923828,1.1416146755218506,37371404.0,18298.822265625,518001,37392.857142857145,-18093056.12221543,,,,,,,
-0.9392870962619846,0.1237918182486496,-0.08937092115115416,-0.5266233833009484,0.0,342.06696266792557,-13.89873367600882,20,25441,530000,0.0003,-91196.6328125,115.89080047607422,0.7191435098648071,34168520.0,22479.052734375,520001,37392.857142857145,-18093056.12221543,,,,,,,
0.023822644948955186,-0.10276775130806426,0.08477454086327048,-0.46200563616295875,0.0,437.57885375875543,467.5581029952124,20,25518,532000,0.0003,-78159.5546875,93.43462371826172,-0.6007380485534668,24379356.0,15625.552734375,522001,37392.857142857145,-18093056.12221543,,,,,,,
5.72977864146232,0.4284240612761676,0.007038519314937687,-0.4401195269895743,0.0,538.2295150500378,-61.902614416625774,20,25595,534000,0.0003,-66103.015625,96.65665435791016,0.019120439887046814,25549864.0,27953.474609375,524001,37392.857142857145,-18093056.12221543,,,,,,,
-1.2744819808006287,0.005134325021751372,-0.15472816944308435,-0.7551283936040794,0.0,710.4566193205492,-9.346060129356648,20,25673,536000,0.0003,-62216.390625,97.34263610839844,-1.0742506980895996,31281178.0,14770.4423828125,526001,37392.857142857145,-18093056.12221543,,,,,,,
0.4004154932498935,-0.03782617283643825,-0.0588090602926035,-0.7597433715126668,0.0,701.2533019177058,40.57129165615488,20,25750,538000,0.0003,-60153.61328125,112.20968627929688,0.5040417909622192,48089588.0,29503.6875,528001,37392.857142857145,-18093056.12221543,,,,,,,
-5.059827927351002,-0.19310538497379146,-0.1628740181034185,-0.7434784965374174,0.0,694.0127179797802,-102.2115233897819,20,25826,540000,0.0003,-63601.03125,109.72147369384766,0.12308190762996674,53837776.0,35453.8125,530001,37392.857142857145,-18093056.12221543,,,,,,,
-6.197962012886998,-0.43554485241351093,0.0640521983840056,-0.6138271607678547,0.0,546.6349581186624,99.49144535934758,20,25902,542000,0.0003,-60660.0703125,98.46678924560547,-0.30813461542129517,27819108.0,15848.8583984375,532001,37392.857142857145,-18093056.12221543,,,,,,,
-3.0318989378214005,-0.18274976386680444,0.028242652640338102,-0.776586145107055,0.0,746.3105119445142,55.98277399279957,20,25978,544000,0.0003,-55744.4453125,84.97354125976562,-0.11989855766296387,28704248.0,18451.693359375,534001,37392.857142857145,-18093056.12221543,,,,,,,
-7.740143185853955,-0.31571316037048863,-0.15995216304650206,-0.7297648303079596,0.0,687.9004243209599,-189.01139409271184,20,26054,546000,0.0003,-47862.1484375,97.09031677246094,-0.3979956805706024,36644152.0,27550.431640625,536001,37392.857142857145,-18093056.12221543,,,,,,,
-9.061515601873397,-0.5760506775769139,0.021978285151266506,-0.5931120665132447,0.0,580.9489839278984,249.85334470307626,20,26130,548000,0.0003,-40562.046875,106.25851440429688,-0.12533032894134521,42043304.0,34088.07421875,538001,37392.857142857145,-18093056.12221543,,,,,,,
-2.649113997220983,-0.18908678922714822,0.18780269434860192,-0.8234509134855746,0.0,876.4501601472217,46.96500631055151,20,26206,550000,0.0003,-41535.15234375,105.69617462158203,-0.15919379889965057,30234444.0,22997.94140625,540001,37392.857142857145,-18093056.12221543,,,,,,,
-8.727548462748524,-0.3661868069045871,-0.3133478263332033,-0.7262277770303813,0.0,726.2529340510926,-242.19672486122693,21,26283,552000,0.0003,-40218.8359375,102.388427734375,-0.30942302942276,32243204.0,23719.740234375,542001,37392.857142857145,-18093056.12221543,,,,,,,
-2.8602603226900047,-0.3496460684538038,0.6743491483562686,-0.6376976683654549,0.0,898.7639956191146,213.14527058594985,21,26359,554000,0.0003,-46943.7265625,144.7006378173828,-0.6225152611732483,34838404.0,22575.068359375,544001,37392.857142857145,-18093056.12221543,,,,,,,
7.575365838408466,0.3906042949410273,0.023278903291411083,-0.7426999075716915,0.0,720.7098485644763,-83.56556776879515,21,26435,556000,0.0003,-58490.48046875,133.2748565673828,0.13844701647758484,31183508.0,18980.349609375,546001,37392.857142857145,-18093056.12221543,,,,,,,
4.754954280853275,0.43699958885543544,-0.03135219581313092,-0.7459835373933434,0.0,739.2332425263635,60.963387696640446,21,26511,558000,0.0003,-61322.8828125,119.35851287841797,0.6939600706100464,42333808.0,27239.525390625,548001,37392.857142857145,-18093056.12221543,,,,,,,
5.330332688093187,0.21862736381634215,-0.20555502806438528,-0.8469632227488125,0.0,895.9104902237995,212.73900645515943,21,26587,560000,0.0003,-56579.3984375,119.92839050292969,-0.9859994053840637,52115716.0,26085.869140625,550001,37392.857142857145,-18093056.12221543,,,,,,,
0.13764893352985358,0.00976383025719988,0.08679620602795997,-0.896147663252627,0.0,998.4276065994608,41.45665079900408,21,26663,562000,0.0003,-47588.7734375,123.19216918945312,0.32921433448791504,87134864.0,69234.421875,552001,37392.857142857145,-18093056.12221543,,,,,,,
4.4830403506755845,0.2591908074155641,0.24881390156467117,-0.8871392973296955,0.0,1008.377457386997,-2.058009521934764,21,26739,564000,0.0003,-53267.59375,141.72889709472656,-0.7595411539077759,59092776.0,33941.828125,554001,37566.666666666664,-18047415.56832287,,,,,,,
11.754030383229258,0.35245424377648266,0.6990148267394022,-0.5885787270092262,0.0,835.1344975728871,-419.57337448379076,21,26816,566000,0.0003,-78252.984375,220.1072540283203,0.35879582166671753,92485808.0,46355.453125,556001,37566.666666666664,-18047415.56832287,,,,,,,
-11.925532320141778,-0.6641199611084794,0.11663184466854024,-0.1409950922531314,0.0,660.9876618542504,228.06588833904723,21,26892,568000,0.0003,-131154.921875,251.33958435058594,0.3396069407463074,103465488.0,29825.880859375,558001,37566.666666666664,-18047415.56832287,,,,,,,
-9.605541250109658,-0.2562756770577334,-0.46886546861628925,-0.3296374088849366,0.0,1077.1775762508953,-508.3128206525635,21,26968,570000,0.0003,-152156.25,196.2764892578125,0.1277034431695938,99337648.0,56817.76171875,560001,37566.666666666664,-18047415.56832287,,,,,,,
-2.711080870628355,0.24767758199618417,-0.5181073612984423,-0.07583040409970626,0.0,152.15880656621084,-418.53018305497096,21,27044,572000,0.0003,-163816.71875,188.65908813476562,0.3557938039302826,148556064.0,123729.4375,562001,37566.666666666664,-18047415.56832287,,,,,,,
-2.0175746393203773,0.017861638020034366,0.29744320779667316,0.050648437443918636,0.0,142.2807414890868,112.92414478414395,21,27120,574000,0.0003,-178945.015625,222.8367156982422,0.005587264895439148,90975392.0,30962.470703125,564001,37566.666666666664,-18047415.56832287,,,,,,,
-2.899408003091813,0.022509997364332297,-0.4947447302206051,0.2222214614688404,0.0,171.66055545759966,99.84761026471422,21,27196,576000,0.0003,-211341.53125,249.7618408203125,-0.031684473156929016,117069528.0,34754.08203125,566001,37566.666666666664,-18047415.56832287,,,,,,,
-0.9562332707643469,0.08363778370872994,0.3741938047135131,0.18654044421330948,0.0,277.46661598891035,-48.507004084458536,21,27272,578000,0.0003,-242415.109375,271.34527587890625,-0.8099713325500488,174701824.0,55191.5546875,568001,37566.666666666664,-18047415.56832287,,,,,,,
-8.629125550389292,-0.19880304383598518,-0.24832419935471248,0.26083987000345166,0.0,298.5747338827913,1101.2921986732636,21,27350,580000,0.0003,-273613.9375,288.6153564453125,-0.9132499098777771,115347104.0,49775.48828125,570001,37566.666666666664,-18047415.56832287,,,,,,,
2.7225351095199617,0.2384541289244649,0.11657278892450601,0.14423551920846103,0.0,358.26585938147576,-1035.1702278865216,21,27431,582000,0.0003,-316419.53125,313.0544128417969,-0.7951902151107788,159593440.0,37287.97265625,572001,37566.666666666664,-18047415.56832287,,,,,,,
-7.6311358511447915,-0.1743627225435606,0.15427900774175274,0.19199093365374298,0.0,331.86934871667967,97.97503953970741,21,27512,584000,0.0003,-360922.0625,302.8474426269531,0.15573617815971375,107372208.0,41259.55859375,574001,37566.666666666664,-18047415.56832287,,,,,,,
0.41153305709362265,0.21038774401326188,-0.3551289125577865,0.29401455032285534,0.0,374.76320401103925,119.42662203045505,21,27592,586000,0.0003,-394464.1875,304.7254943847656,0.34196236729621887,182532032.0,99688.453125,576001,37566.666666666664,-18047415.56832287,,,,,,,
-1.17266712486744,0.08576652893040669,0.48060015935191003,0.3466727520015042,0.0,375.8473508914739,51.867406180478206,21,27673,588000,0.0003,-438948.875,309.88427734375,0.6886892318725586,123738592.0,35428.79296875,578001,37566.666666666664,-18047415.56832287,,,,,,,
-5.907374892234806,-0.023879506619228618,-0.21538249047972877,0.4425448224347877,0.0,435.6691578552715,79.7522750855625,21,27753,590000,0.0003,-477542.8125,325.3756408691406,-1.2677497863769531,168525600.0,56908.328125,580001,37566.666666666664,-18047415.56832287,,,,,,,
2.6820652914047347,0.17533911948018005,-0.18167559771932848,0.5950926998936988,0.0,673.2022508983341,-106.9124550887981,21,27833,592000,0.0003,-517650.53125,348.4587707519531,0.5849514603614807,451175552.0,113319.8359375,582001,37566.666666666664,-18047415.56832287,,,,,,,
2.617678945660596,0.13800062943972635,0.12658825481221403,0.6374999204886448,0.0,702.657076732963,479.8383523191471,21,27913,594000,0.0003,-590356.0,405.1246337890625,0.06170482188463211,231467536.0,44196.76953125,584001,37566.666666666664,-18047415.56832287,,,,,,,
-2.255264155864719,0.031015692623550493,0.23650948745502615,0.6586583017594788,0.0,651.3868253318568,-152.69255629815208,21,27993,596000,0.0003,-693298.25,486.87939453125,-0.916163980960846,367489312.0,48261.5,586001,37566.666666666664,-18047415.56832287,,,,,,,
-3.2463109201192877,0.010332307435589636,-0.15233050586077643,0.662641459443114,0.0,706.2832008172787,-144.44237212098676,21,28072,598000,0.0003,-798734.75,567.6102294921875,0.20624232292175293,512364736.0,113186.1953125,588001,37566.666666666664,-18047415.56832287,,,,,,,
-2.910503444671632,0.048878690936914854,-0.16257745190919898,0.6823164914215956,0.0,645.7409705676038,24.94789379915767,,,600000,0.0003,-989049.25,640.3895263671875,-0.6250308752059937,728956416.0,168765.171875,590000,,,0.0020156250000000014,0.0,40000.0,-27751.37896062753,4347.736218360662,0.0,0.0
,,,,,,,20,29516,600000,0.0003,-962035.3125,640.4271240234375,0.794297456741333,546651904.0,97358.4609375,590001,37566.666666666664,-18047415.56832287,,,,,,,
-3.996977909207342,-0.0278434505488882,-0.03452849620367131,0.6972566382701069,0.0,617.1068994745062,166.4841319590706,20,29599,602000,0.0003,-1143980.875,660.58447265625,-0.088167205452919,627280384.0,109852.8203125,592001,37566.666666666664,-18047415.56832287,,,,,,,
-3.8505218791961613,-0.03104528261997178,0.24982029547236206,0.31423345085904647,0.0,789.8616943227127,-98.77670150916448,20,29676,604000,0.0003,-1244656.25,654.1888427734375,-0.20929652452468872,647490816.0,159775.328125,594001,37718.75,-17755331.92741,,,,,,,
3.7741141492128363,0.24114796716973044,0.03945134491576722,-0.9173308651292136,0.0,1051.0889057648603,-88.54357277424096,20,29752,606000,0.0003,-1336539.5,604.1499633789062,-0.28360867500305176,1031045312.0,154137.140625,596001,37718.75,-17755331.92741,,,,,,,
6.356099499464037,0.33321253099337017,0.11826607049808999,-0.8970296770516979,0.0,1012.9493176052041,-98.04935944990142,20,29829,608000,0.0003,-1362404.0,599.5950927734375,0.27018386125564575,893537920.0,274634.84375,598001,37718.75,-17755331.92741,,,,,,,
9.274932708144181,0.5906953484376022,0.054501653026246294,-0.7417889828653813,0.0,804.9255447014351,-75.4342821217506,20,29906,610000,0.0003,-1467114.125,659.7939453125,-0.7972543239593506,766454336.0,78744.4375,600001,37718.75,-17755331.92741,,,,,,,
8.742444483637819,0.3498011862193331,0.4838135490230454,-0.6045974467879816,0.0,766.4451726903771,54.46806796190261,20,29982,612000,0.0003,-1569484.5,773.7272338867188,0.5548713207244873,649027840.0,73843.046875,602001,37718.75,-17755331.92741,,,,,,,
-11.728106546998031,-0.4576242678842792,0.28332830693010386,-0.7072513330199921,0.0,1389.5989015104433,671.954701639757,20,30059,614000,0.0003,-1746263.625,826.9295654296875,0.32203179597854614,1052128640.0,161987.484375,604001,37718.75,-17755331.92741,,,,,,,
-9.633344511985788,-0.03563332398456128,-0.7591843081666552,-0.3510879412709054,0.0,834.1345580259923,-1367.6729468988372,20,30136,616000,0.0003,-1812264.0,772.847412109375,-0.6565369367599487,597532096.0,98929.3203125,606001,37718.75,-17755331.92741,,,,,,,
-5.65214173555374,0.10208197484065494,-0.5455081759390247,-0.011735915306861203,0.0,160.46575985174346,-97.35643792852666,20,30212,618000,0.0003,-1945549.125,737.4216918945312,-1.2601556777954102,768518720.0,123310.109375,608001,37718.75,-17755331.92741,,,,,,,
-2.0744456678628937,0.07452146149332714,0.323637755130901,0.015398384550453444,0.0,71.36555032763073,-87.7715485817459,20,30289,620000,0.0003,-2025902.25,798.3294677734375,-0.5740858912467957,774526208.0,106530.9921875,610001,37718.75,-17755331.92741,,,,,,,
-3.453556048274041,0.16661141367345786,-0.18744646367523757,0.029597863512648644,0.0,42.4761482760381,129.3643371718297,20,30366,622000,0.0003,-2179957.5,903.85009765625,-0.555009126663208,1638641408.0,217960.75,612001,37718.75,-17755331.92741,,,,,,,
-7.385737538933745,-0.11116049008388552,0.10229337984671523,0.08998982281750259,0.0,121.78674700942226,-101.59915621455872,20,30442,624000,0.0003,-2335223.5,978.1929321289062,0.8593934774398804,928819584.0,131647.28125,614001,37718.75,-17755331.92741,,,,,,,
-1.36056353032589,0.1479799870919305,0.04244158031105133,0.018925210984305697,0.0,9.406397662140728,5.031926193539864,20,30519,626000,0.0003,-2509994.75,890.3575439453125,-1.0178295373916626,1029023168.0,173259.609375,616001,37718.75,-17755331.92741,,,,,,,
-7.043940264582626,-0.06076016078992532,-0.31112534595181324,0.08328159305286065,0.0,72.80613661700477,137.40534243301303,20,30596,628000,0.0003,-2646696.0,870.2389526367188,-0.5573405623435974,1236081920.0,158717.15625,618001,37718.75,-17755331.92741,,,,,,,
-3.3289548999071146,0.02828256542408966,0.35051970063815036,0.008559405083195564,0.0,82.84131293647086,-105.57347346456119,20,30673,630000,0.0003,-2749967.5,826.8101196289062,-0.5876234769821167,1032571520.0,92993.6875,620001,37718.75,-17755331.92741,,,,,,,
-2.855566301941873,0.16946574501482412,-0.09066335349895671,0.008338330217585526,0.0,13.927717230286383,26.50328492006847,20,30750,632000,0.0003,-2833947.5,816.5231323242188,0.6856122612953186,722914176.0,58966.14453125,622001,37718.75,-17755331.92741,,,,,,,
-9.776458520293243,-0.14954961774278408,-0.07969788111356879,0.08642736479047408,0.0,128.2362441991998,181.8379508424191,20,30827,634000,0.0003,-2922179.5,768.1670532226562,-0.9763995409011841,1324550016.0,146005.171875,624001,37718.75,-17755331.92741,,,,,,,
1.0324924051761646,0.2205359227613152,0.1525813464872718,0.05061763491529384,0.0,83.36617396289273,-155.5720657923414,20,30904,636000,0.0003,-2909394.0,701.7886352539062,-0.5654234886169434,1290848768.0,117214.359375,626001,37718.75,-17755331.92741,,,,,,,
-8.68654024600984,-0.0860604400386044,-0.2562669524135945,0.1616129917681641,0.0,134.6969235085176,383.26763162132266,20,30981,638000,0.0003,-2920240.75,765.6616821289062,-0.5993672609329224,1265516544.0,147070.75,628001,37718.75,-17755331.92741,,,,,,,
0.6855634117126462,0.1703622825007739,0.24103984641898513,0.13392095720597105,0.0,137.84215696530094,-324.4154751774071,20,31057,640000,0.0003,-2996918.25,1027.4869384765625,-0.24729958176612854,1509278208.0,116358.40625,630001,37718.75,-17755331.92741,,,,,,,
-9.206963723897932,-0.1042507617452078,-0.10986603833618466,0.226864510321529,0.0,205.99429934617578,87.08997116011254,20,31129,642000,0.0003,-3157245.25,1297.4302978515625,0.6004469990730286,2861274112.0,165468.0625,632001,37718.75,-17755331.92741,,,,,,,
3.1707561117410696,0.1318540971496627,0.25113443979735706,-0.12637425466668664,0.0,362.97227741609123,15.52898728025064,20,31200,644000,0.0003,-3303702.5,1152.9595947265625,0.788673460483551,1557537664.0,136014.6875,634001,37852.94117647059,-17234710.86194753,,,,,,,
8.203010945320118,0.595772326092042,0.5161660163299215,-0.6527204245927278,0.0,804.6707655124884,-663.6777197187297,20,31271,646000,0.0003,-3287735.75,799.5050659179688,-0.6884328722953796,1761716992.0,158602.09375,636001,37852.94117647059,-17234710.86194753,,,,,,,
-2.545288010239603,0.20852790928352116,-1.0034577141132934,-0.5622571555383915,0.0,922.0201615248335,58.66598383985526,20,31342,648000,0.0003,-3399574.75,1331.3804931640625,-0.18566548824310303,2130935296.0,258221.921875,638001,37852.94117647059,-17234710.86194753,,,,,,,
-6.091052251458153,-0.5139343476988923,-0.03644966734851504,-0.3868387547298382,0.0,336.98760004002355,-300.24140919476054,20,31413,650000,0.0003,-3769380.5,1862.9681396484375,-0.24237790703773499,1746432000.0,154089.609375,640001,37852.94117647059,-17234710.86194753,,,,,,,
-13.959205744862563,-0.5228664336358799,0.029194130619002792,-0.4867573828003046,0.0,395.0137571953661,171.82994938382404,20,31484,652000,0.0003,-4088198.0,1740.7974853515625,0.6726982593536377,3476044800.0,473480.0,642001,37852.94117647059,-17234710.86194753,,,,,,,
-8.468903183937073,-0.40796993194937226,0.052056625365308876,-0.6115062020209074,0.0,526.9459637525729,3.20455758704374,20,31555,654000,0.0003,-4364373.0,1815.13623046875,0.005100712180137634,2673284096.0,197002.5,644001,37852.94117647059,-17234710.86194753,,,,,,,
-3.6487018412351473,-0.5336664273386222,-0.16903010449737435,-0.5202609467284519,0.0,428.0744198966664,-61.36667121353679,20,31626,656000,0.0003,-4684586.5,1858.042724609375,-0.05422574281692505,2223146496.0,149021.828125,646001,37852.94117647059,-17234710.86194753,,,,,,,
-13.335188960433003,-0.5889100293563112,0.03835093610919892,-0.5786672791573994,0.0,529.3254723296704,150.12929394577972,20,31696,658000,0.0003,-4899683.5,1877.0908203125,-1.3116894960403442,17079619584.0,1843093.125,648001,37852.94117647059,-17234710.86194753,,,,,,,
-9.804525044560423,-0.4543436585111365,0.03700424007562045,-0.7002510900866684,0.0,700.3432336807123,53.82614922412976,20,31766,660000,0.0003,-5217290.0,1735.1934814453125,0.3502752184867859,1943851776.0,145640.515625,650001,37852.94117647059,-17234710.86194753,,,,,,,
-3.3062933397293053,-0.687177231978672,-0.17992337437016226,-0.6081685194285692,0.0,606.7754082251339,-19.93737020050868,20,31835,662000,0.0003,-5358284.0,1511.6588134765625,1.1080830097198486,3891828992.0,193696.359375,652001,37852.94117647059,-17234710.86194753,,,,,,,
-10.790793587565437,-0.6347343373177328,0.2839660335811994,-0.7001845243658292,0.0,769.1576458134489,378.7777837469788,20,31904,664000,0.0003,-5390344.0,1586.7950439453125,0.14372721314430237,196436131840.0,4943597.0,654001,37852.94117647059,-17234710.86194753,,,,,,,
-6.663533723950374,-0.5418400014304097,-0.2432867313866678,-0.76436535309225,0.0,868.3785078122553,-287.5393166386812,20,31974,666000,0.0003,-5689668.5,1922.201416015625,-0.7759594917297363,11070567424.0,1562522.875,656001,37852.94117647059,-17234710.86194753,,,,,,,
-11.344064995646473,-0.7046112243342815,-0.024548698844251534,-0.6471051042793533,0.0,671.311099246309,-94.6906899892426,20,32043,668000,0.0003,-5924196.5,1768.040771484375,0.33706051111221313,4208243712.0,295721.375,658001,37852.94117647059,-17234710.86194753,,,,,,,
-9.394904616475094,-0.6098766998217674,0.27966684709233447,-0.6769174218047785,0.0,795.3452031748224,430.23359515358857,20,32112,670000,0.0003,-6001769.0,1532.1939697265625,0.5254549384117126,3998579456.0,1054804.125,660001,37852.94117647059,-17234710.86194753,,,,,,,
-4.089345879554753,-0.5789901494954417,-0.4392423434890221,-0.6592521893568495,0.0,799.5902187472652,-345.3818300279011,20,32180,672000,0.0003,-6130517.5,1619.12060546875,0.34995293617248535,5135429120.0,272039.375,662001,37852.94117647059,-17234710.86194753,,,,,,,
-7.684974792599691,-0.7041706799052105,0.21394681544675817,-0.5119410211355694,0.0,548.7390193620453,-278.865162776082,20,32249,674000,0.0003,-6243420.0,1668.2125244140625,0.006923794746398926,5731050496.0,327449.8125,664001,37852.94117647059,-17234710.86194753,,,,,,,
-8.588374243974672,-0.6780644497151704,0.07034225493459266,-0.505370960553792,0.0,476.9967732921031,252.12638313710596,20,32316,676000,0.0003,-6386514.5,2054.232177734375,-0.4295461177825928,41439846400.0,3163788.5,666001,37852.94117647059,-17234710.86194753,,,,,,,
-11.224281651377673,-0.5020572548374163,-0.250778130703313,-0.6561538426680491,0.0,845.8301510771911,-28.256734586189417,20,32383,678000,0.0003,-6395263.0,2211.03125,-0.7021312713623047,417357627392.0,7725598.0,668001,37852.94117647059,-17234710.86194753,,,,,,,
13.322789729237554,0.5052416313868967,-0.005657744059556013,-0.5301292581412556,0.0,690.7995211702915,-105.7846933619227,20,32453,680000,0.0003,-6864711.0,2321.767333984375,0.5911379456520081,12052701184.0,2063583.125,670001,37852.94117647059,-17234710.86194753,,,,,,,
-2.729223176240923,-0.4270900845988868,-0.07114758943185355,-0.40282179887577196,0.0,485.7103487700916,-60.12606239156235,20,32520,682000,0.0003,-7096024.5,2451.109375,0.04576658457517624,4473459712.0,1056342.0,672001,37852.94117647059,-17234710.86194753,,,,,,,
0.1889367705583563,0.005773522874366975,-0.1105209972599606,-0.4889069728306615,0.0,671.4617747918542,-40.07775797187922,20,32588,684000,0.0003,-7390782.5,2581.236328125,0.28044596314430237,6692905984.0,394656.71875,674001,37972.22222222222,-17185472.89762461,,,,,,,
-4.3306463664770165,-0.046637675834709534,-0.8272704889363952,-0.4715024019169733,0.0,885.5961961777971,-211.30440819057984,21,32654,686000,0.0003,-7630841.0,2418.056884765625,-2.5878946781158447,10699737088.0,1069847.625,676001,37972.22222222222,-17185472.89762461,,,,,,,
12.848861469030377,0.39949408258551633,-0.02028619261582241,-0.5376767188053958,0.0,1163.6541526281742,-28.749347374158564,21,32719,688000,0.0003,-7895872.0,2678.3896484375,-0.5081395506858826,5039827968.0,350772.59375,678001,37972.22222222222,-17185472.89762461,,,,,,,
12.759297924041741,0.6509877195607585,0.10588930767752454,-0.402291697448695,0.0,789.5449706596592,-118.28746757599048,21,32786,690000,0.0003,-8086876.0,2599.7353515625,-0.07962846755981445,10109341696.0,747470.4375,680001,37972.22222222222,-17185472.89762461,,,,,,,
4.792401871681214,0.49403351501844783,-0.09119793228813013,-0.4801670590503501,0.0,986.5955486840452,37.513592743508596,21,32853,692000,0.0003,-8246664.0,2594.72314453125,0.6049010157585144,24036689920.0,609349.5625,682001,37972.22222222222,-17185472.89762461,,,,,,,
12.576136854290977,0.5447688313343368,0.20313573082875422,-0.3648870416366914,0.0,857.9244110462646,-235.74640855656526,21,32920,694000,0.0003,-8460118.0,2486.076171875,0.9547290802001953,19814905856.0,248139.609375,684001,37972.22222222222,-17185472.89762461,,,,,,,
-5.045336594581607,-0.2659645766121392,0.2776540744342971,-0.2819444272456275,0.0,415.6394038321111,-308.94891556303895,21,32988,696000,0.0003,-8609343.0,2322.888916015625,0.16976478695869446,7005234688.0,261923.828125,686001,37972.22222222222,-17185472.89762461,,,,,,,
-13.161903764605473,-0.759561106458541,-0.12264917941273173,-0.4196537522517169,0.0,468.3403116875355,4.971817750198468,21,33057,698000,0.0003,-8813151.0,2282.04150390625,1.0303914546966553,10628425728.0,561428.25,688001,37972.22222222222,-17185472.89762461,,,,,,,
3.1608756953477943,-0.328187186449669,0.6525787555185274,-0.13204129693972272,0.0,467.2906831491109,-310.642101147709,,,700000,0.0003,-8861610.0,2324.47021484375,-0.5569565296173096,11364868096.0,882054.3125,690000,,,0.11968749999999712,0.0,40000.0,-40751.57445751545,13121.695701737579,0.11968749999999712,0.0
,,,,,,,20,34255,700000,0.0003,-8940559.0,2324.4912109375,-0.8365216255187988,35707478016.0,349874.0,690001,37972.22222222222,-17185472.89762461,,,,,,,
-4.570318425297733,-0.10224332547571466,-0.11882356400783213,-0.17744510913383163,0.0,54.168820843302846,6.6597835499856135,20,34326,702000,0.0003,-9262956.0,2746.0576171875,-1.7508623600006104,14091476992.0,606933.25,692001,37972.22222222222,-17185472.89762461,,,,,,,
0.9356798893213265,-0.2217342395433352,0.09927738591582626,-0.12384913440434525,0.0,59.320864994748135,16.791744014587195,20,34398,704000,0.0003,-9871291.0,3232.11376953125,-0.45369768142700195,44293287936.0,1936023.0,694001,37972.22222222222,-17185472.89762461,,,,,,,
-1.7899440544843717,-0.0191136099537582,0.07145814840520776,-0.13307312656010165,0.0,28.187414324743667,7.908316768506215,20,34469,706000,0.0003,-10406412.0,3627.221923828125,-1.5044453144073486,33460940800.0,642152.625,696001,37972.22222222222,-17185472.89762461,,,,,,,
1.970611894726757,0.03601401894134374,0.020369136706535305,-0.12995677917993378,0.0,22.542962854124696,22.582070390632985,20,34541,708000,0.0003,-10971397.0,3873.801025390625,0.7950918674468994,12264345600.0,297303.75,698001,37972.22222222222,-17185472.89762461,,,,,,,
7.816462211012848,0.14421672416370557,0.10094009532138855,-0.09327799159975302,0.0,32.60399090585682,93.53078438609171,20,34612,710000,0.0003,-11694986.0,4056.341796875,-0.4641006290912628,14086211584.0,637793.6875,700001,37972.22222222222,-17185472.89762461,,,,,,,
0.4917875111103075,0.06258079093706127,-0.17477377957229945,-0.056725349398826945,0.0,20.935307279447837,-72.6547249016279,20,34684,712000,0.0003,-12426354.0,4169.5791015625,-0.194566011428833,28598102016.0,499414.21875,702001,37972.22222222222,-17185472.89762461,,,,,,,
-2.459538791179657,-0.13837840866894352,-0.1149809098132034,-0.04812085379786743,0.0,16.360887112762285,23.158196417636656,20,34756,714000,0.0003,-12912293.0,4365.2119140625,-0.4037734270095825,44162473984.0,1678651.25,704001,37972.22222222222,-17185472.89762461,,,,,,,
-5.655623600482946,-0.06757187628441974,0.32942869609282693,-0.06069594537191824,0.0,79.78566239058573,123.21311157141956,20,34828,716000,0.0003,-13712421.0,4488.16748046875,1.0311157703399658,16367362048.0,518744.84375,706001,37972.22222222222,-17185472.89762461,,,,,,,
-3.116066572666167,0.20969330784017262,-0.08958522153748354,-0.03612308069387498,0.0,27.662461695398452,-107.61297894526388,20,34900,718000,0.0003,-14325520.0,4510.3896484375,1.346865177154541,19893972992.0,621861.4375,708001,37972.22222222222,-17185472.89762461,,,,,,,
2.694312753677369,0.18573918299552325,0.07368675470147713,-0.022724289655014402,0.0,15.151237266531725,26.744664452779727,20,34972,720000,0.0003,-15068429.0,4454.14453125,0.9967122077941895,23225159680.0,815087.5625,710001,37972.22222222222,-17185472.89762461,,,,,,,
6.565956032276147,0.1310672708613627,-0.18089414574475413,-0.07739102522577944,0.0,35.25130026356151,16.499728591841464,20,35045,722000,0.0003,-15478804.0,4478.5556640625,-0.119640052318573,72396849152.0,754798.3125,712001,37972.22222222222,-17185472.89762461,,,,,,,
-0.9174032503366469,-0.06197877429370587,-0.12024497051718006,-0.3003486637273857,0.0,281.14416256953245,60.34362675548637,20,35117,724000,0.0003,-16070305.0,4426.0283203125,0.8497862815856934,21357527040.0,1057880.875,714001,38078.94736842105,-16709233.273124158,,,,,,,
-2.3541725957393647,-0.12763757237485596,-0.04705149180327784,-0.9161494941209496,0.0,1033.7843604628401,-50.784016718035694,20,35190,726000,0.0003,-16609203.0,4401.26171875,-0.4600569009780884,39471378432.0,377407.21875,716001,38078.94736842105,-16709233.273124158,,,,,,,
-1.3144187128543852,-0.11448736519750728,0.005044593375932395,-0.9192455505124618,0.0,1025.6910882612437,26.755133943633446,20,35263,728000,0.0003,-17120896.0,4310.21435546875,0.36782336235046387,13964821504.0,467285.3125,718001,38078.94736842105,-16709233.273124158,,,,,,,
-3.4425648254156123,-0.10093477044112545,-0.08800988881785413,-0.9224904391602804,0.0,1040.5247489074768,3.2189271162317588,20,35335,730000,0.0003,-17308534.0,4191.70654296875,0.42880016565322876,22623664128.0,449927.0625,720001,38078.94736842105,-16709233.273124158,,,,,,,
-3.943824687004086,-0.5001349899708747,-0.28956426458017065,-0.7244765705850547,0.0,772.7897513125292,-371.02194296680995,20,35408,732000,0.0003,-17519548.0,4177.921875,-0.2775788903236389,17464354816.0,577016.8125,722001,38078.94736842105,-16709233.273124158,,,,,,,
-2.9865671956539144,-0.24172625577346435,0.4014341107945987,-0.6620645912418861,0.0,642.304817824765,-18.875885375484174,20,35481,734000,0.0003,-17546292.0,3837.59326171875,-0.17444643378257751,24662151168.0,501476.25,724001,38078.94736842105,-16709233.273124158,,,,,,,
-4.252708193063733,-0.23739473699744143,-0.30666106707439855,-0.6494195213363588,0.0,580.5931208734255,-161.81519453614263,20,35553,736000,0.0003,-17580706.0,3839.635986328125,0.126010000705719,21478506496.0,509839.9375,726001,38078.94736842105,-16709233.273124158,,,,,,,
-5.642344564795495,-0.23766680659352857,0.44005643186514526,-0.6961980541122732,0.0,707.3675769072202,341.07124038652677,20,35626,738000,0.0003,-17816572.0,3871.249267578125,-0.7558644413948059,22308087808.0,404782.25,728001,38078.94736842105,-16709233.273124158,,,,,,,
-0.4839969784021389,0.025903856680726797,-0.23720270703143934,-0.7282417963463151,0.0,687.6811345886417,-143.81198298499027,20,35698,740000,0.0003,-17715336.0,3616.990234375,0.11887769401073456,15143628800.0,319965.40625,730001,38078.94736842105,-16709233.273124158,,,,,,,
-5.094947119355202,-0.3871861639670828,-0.050662447146937885,-0.6123494438473082,0.0,598.7408073373418,325.17201446365885,20,35771,742000,0.0003,-17732492.0,3494.454833984375,-2.6169543266296387,14874992640.0,353705.5625,732001,38078.94736842105,-16709233.273124158,,,,,,,
-0.8491759109497081,0.049672420788084794,0.5611099726158327,-0.7594042108345064,0.0,877.9177065797578,-336.54875503656194,20,35843,744000,0.0003,-17593812.0,3786.216064453125,1.23795747756958,43401551872.0,2290565.5,734001,38078.94736842105,-16709233.273124158,,,,,,,
0.8686377948522598,0.12718178574279598,-0.626888750610501,-0.7714718217833777,0.0,921.9850500675606,211.6892829341775,20,35915,746000,0.0003,-17912552.0,4059.391357421875,2.1476309299468994,124711419904.0,3180226.25,736001,38078.94736842105,-16709233.273124158,,,,,,,
-7.618523529767997,-0.5721463421540781,-0.020526160422353525,-0.623100077584885,0.0,667.7914604099005,13.851772160063625,20,35988,748000,0.0003,-17458044.0,3890.446533203125,-0.2983902096748352,1453695172608.0,17379496.0,738001,38078.94736842105,-16709233.273124158,,,,,,,
-3.0862263709306736,-0.13295401161856296,0.08503690155379316,-0.723349876319045,0.0,790.6923069203131,-176.46657496358193,20,36060,750000,0.0003,-17959150.0,3839.60302734375,-0.11506107449531555,27798505472.0,551662.9375,740001,38078.94736842105,-16709233.273124158,,,,,,,
-4.413870394229889,-0.4772444239367781,-0.22519590262720815,-0.5605421747378171,0.0,491.5249372011019,-52.76534544820024,20,36132,752000,0.0003,-17988472.0,4228.2666015625,-0.127815380692482,46441291776.0,2738583.0,742001,38078.94736842105,-16709233.273124158,,,,,,,
3.3637642836570714,0.08648110219274877,0.9939353181535009,-0.6309820654887113,0.0,1083.4438492644783,311.40448846680243,20,36204,754000,0.0003,-18458512.0,4472.7548828125,0.756996750831604,32503160832.0,661803.375,744001,38078.94736842105,-16709233.273124158,,,,,,,
-0.444902145862581,-0.13095075330437414,0.6402263645214626,-0.45917167834854233,0.0,1540.3049784748466,1372.0388049692235,20,36276,756000,0.0003,-18914702.0,4731.92626953125,-1.0062453746795654,46366138368.0,1393044.875,746001,37745.2,-17774574.41526775,,,,,,,
1.042772772312176,-0.7071880158590905,-0.35088424700643844,-0.572052549575165,0.0,780.131224186832,-755.1271771218705,20,36348,758000,0.0003,-19205576.0,4886.7685546875,-1.017439365386963,75100749824.0,1056600.125,748001,37745.2,-17774574.41526775,,,,,,,
3.4331880861520747,0.000989589071531226,0.5567823073909716,-0.1633382359511156,0.0,486.379989270913,-373.96856897159466,20,36420,760000,0.0003,-19768228.0,4815.20166015625,0.26541516184806824,40712470528.0,966449.0,750001,37745.2,-17774574.41526775,,,,,,,
-3.30335955381393,-0.16336823766188116,-0.25263045027670794,-0.24650070877063507,0.0,127.1752473748083,-142.61075842786687,20,36492,762000,0.0003,-19628180.0,4793.525390625,0.17120125889778137,1298222284800.0,17424624.0,752001,37745.2,-17774574.41526775,,,,,,,
-5.7204567444324494,-0.2727097934292802,0.05470191078391731,-0.2566133450577313,0.0,127.39090289773826,29.47157924340109,20,36563,764000,0.0003,-20550288.0,5022.02880859375,-1.0213842391967773,52889804800.0,984740.6875,754001,37745.2,-17774574.41526775,,,,,,,
-3.033114414215084,0.3013699728141196,0.7832704876274175,-0.13505156817525327,0.0,460.9847011297975,166.65992327870376,20,36634,766000,0.0003,-20963902.0,5243.05224609375,-0.6906651258468628,97973813248.0,839621.0,756001,37745.2,-17774574.41526775,,,,,,,
1.3714922910928762,0.28317131439820714,-0.6770073359317306,-0.5056558657936224,0.0,961.4374973666642,587.0063919125774,20,36705,768000,0.0003,-21497334.0,5656.5029296875,1.424013614654541,159881789440.0,762378.625,758001,37745.2,-17774574.41526775,,,,,,,
2.768066033124922,0.09012946186060772,0.09612627506580813,-0.8140774136303847,0.0,853.8141870498573,12.934412471938602,20,36776,770000,0.0003,-22205366.0,5853.08203125,-0.2476232349872589,43261255680.0,778856.25,760001,37745.2,-17774574.41526775,,,,,,,
2.7680783867835945,0.2814023357019736,0.18725663541181561,-0.7687749161337695,0.0,758.4239483330704,-137.04464249302077,20,36847,772000,0.0003,-22814124.0,6098.37353515625,0.4792478680610657,538100400128.0,11718475.0,762001,37745.2,-17774574.41526775,,,,,,,
3.646339209675785,0.17813834495038022,-0.28033918530398566,-0.7897982898112075,0.0,813.3739176328825,159.2613186090923,20,36918,774000,0.0003,-23519802.0,6340.4345703125,1.0516797304153442,60709273600.0,1104726.625,764001,37745.2,-17774574.41526775,,,,,,,
2.894877405166627,0.08637575136953655,0.10303284592376458,-0.818764556926812,0.0,852.120460794718,16.60772870587223,20,36989,776000,0.0003,-24190280.0,6571.25830078125,1.1986453533172607,55874957312.0,727959.6875,766001,37745.2,-17774574.41526775,,,,,,,
2.9672400903701797,0.31370145167403024,0.2118215504360779,-0.7573520088962661,0.0,747.5627764492189,-159.6409065003578,20,37062,778000,0.0003,-24995398.0,6730.8837890625,-0.08046889305114746,65800491008.0,957605.8125,768001,37745.2,-17774574.41526775,,,,,,,
3.203823345899581,0.17770191910873095,-0.29288132808957945,-0.7903700600021852,0.0,836.7546800865647,182.41654671064634,21,37132,780000,0.0003,-24813554.0,6879.431640625,0.5527896285057068,8066897543168.0,38181640.0,770001,37745.2,-17774574.41526775,,,,,,,
3.3642298412322993,0.11121050790996426,0.08429514058298702,-0.8217458265322176,0.0,854.0285640749216,27.460361813748698,21,37203,782000,0.0003,-26515890.0,7424.75341796875,-0.9826894998550415,171060920320.0,1730676.125,772001,37745.2,-17774574.41526775,,,,,,,
3.0935943788289983,0.3221793153171161,0.2137484566398132,-0.7612022888960954,0.0,757.2047553559848,-172.69708643335548,21,37274,784000,0.0003,-26895980.0,7225.365234375,0.39189499616622925,68462346240.0,1096390.875,774001,37745.2,-17774574.41526775,,,,,,,
2.964439082741742,0.17298384617071044,-0.3290675053459915,-0.7950734326094357,0.0,849.8536686702886,177.16020497517366,21,37344,786000,0.0003,-27858416.0,7512.216796875,-0.025169312953948975,63124439040.0,853174.8125,776001,37745.2,-17774574.41526775,,,,,,,
2.874502879381177,0.04924150117349847,0.1836487572612392,-0.8351043446047207,0.0,854.2005084337246,-51.59808031445352,21,37415,788000,0.0003,-28428680.0,7414.337890625,0.04299211502075195,158878302208.0,1815797.0,778001,37745.2,-17774574.41526775,,,,,,,
4.0646927404403534,0.40913930807947135,0.20170419469135203,-0.6957650758084477,0.0,660.4319913699719,-199.42170841843154,21,37486,790000,0.0003,-29311628.0,7325.3310546875,-0.13015200197696686,113129603072.0,1421469.25,780001,37745.2,-17774574.41526775,,,,,,,
1.5962989407777737,0.1665188474513852,-0.48619690458912695,-0.726984924722108,0.0,788.1155449660105,129.28021622948242,21,37557,792000,0.0003,-29781446.0,7132.4140625,0.9506805539131165,89814188032.0,865835.4375,782001,37745.2,-17774574.41526775,,,,,,,
0.44026840329170214,-0.08044749854270677,0.08867951891827794,-0.7661861836427658,0.0,739.0811553500081,10.646989341482927,21,37627,794000,0.0003,-30082852.0,7114.98828125,0.3440852165222168,471542988800.0,1143260.375,784001,37745.2,-17774574.41526775,,,,,,,
1.6427705729007747,0.04849483381789017,0.24450880877989398,-0.8848928482800658,0.0,998.0495930997512,-14.34412784764721,21,37698,796000,0.0003,-30591064.0,7126.57373046875,0.28214240074157715,199767130112.0,3906182.25,786001,37852.57142857143,-17741188.44610905,,,,,,,
-1.1270172107219703,-0.06383681297452787,-0.14098129843597715,-0.9758054822253662,0.0,1218.3647109977494,-15.08668386837753,21,37770,798000,0.0003,-31009368.0,6761.1015625,-1.2858771085739136,297202745344.0,1926177.625,788001,37852.57142857143,-17741188.44610905,,,,,,,
-1.9839144402742364,-0.10907683586026687,0.057262749743777076,-0.986096740878433,0.0,1172.4516036425132,31.61066753242329,,,800000,0.0003,-31445160.0,7026.103515625,0.392228364944458,129929904128.0,3199637.0,790000,,,0.11968749999999712,0.0,40000.0,-41422.085394484035,413.28281786000275,0.0,0.0
,,,,,,,20,38975,800000,0.0003,-31718520.0,7026.01611328125,-0.6101419925689697,212574486528.0,4216444.5,790001,37852.57142857143,-17741188.44610905,,,,,,,
-3.2683093494176854,-0.21891255996568038,-0.0596990496765485,-0.9568150452984091,0.0,1172.2593073641906,5.176820050432066,20,39049,802000,0.0003,-31927898.0,7176.9560546875,0.011505931615829468,127725461504.0,1021040.625,792001,37852.57142857143,-17741188.44610905,,,,,,,
-2.0850124615430805,-0.09828402402938724,0.05774661459938004,-0.9925878937553285,0.0,1187.8328291134371,30.20481510038878,20,39124,804000,0.0003,-32525084.0,7295.63134765625,-0.32583552598953247,408976162816.0,3630233.25,794001,37852.57142857143,-17741188.44610905,,,,,,,
-3.4692628675699235,-0.2469564247973773,-0.10415099480209049,-0.9430463746253321,0.0,1166.6318720125464,-42.014371002394114,20,39198,806000,0.0003,-32932690.0,7367.2265625,1.046398639678955,548122132480.0,3780315.75,796001,37852.57142857143,-17741188.44610905,,,,,,,
-2.1435891383886347,-0.12651143217561428,0.14402281758417143,-0.9824606066865598,0.0,1172.8145764899375,62.89662944995757,20,39272,808000,0.0003,-33332382.0,7410.3935546875,1.5259051322937012,154069336064.0,2458301.0,798001,37852.57142857143,-17741188.44610905,,,,,,,
-2.3381160515546835,-0.1449924907464554,-0.34075377044476246,-0.9341896965950136,0.0,1191.4553620325062,-275.9176065752224,20,39347,810000,0.0003,-34031424.0,7792.65234375,0.10713355243206024,993637433344.0,10004253.0,800001,37852.57142857143,-17741188.44610905,,,,,,,
-4.05305589735508,-0.28227813244753625,0.2598390655814544,-0.91812929754031,0.0,1073.6919580620925,226.33488773910824,20,39421,812000,0.0003,-34437324.0,7798.48095703125,-0.8353464007377625,483631693824.0,5120230.0,802001,37852.57142857143,-17741188.44610905,,,,,,,
0.48243991613388015,0.045645276614203756,0.23344605239798275,-0.9608413275767435,0.0,1136.6376314599763,-9.33861144871005,20,39496,814000,0.0003,-35392956.0,8510.9873046875,-0.6816855072975159,112957931520.0,950521.9375,804001,37852.57142857143,-17741188.44610905,,,,,,,
-3.836659150123599,-0.2341860879883661,-0.297495885237307,-0.8758551121217668,0.0,1109.152226679091,-36.927748899278086,20,39570,816000,0.0003,-35835704.0,8420.35546875,0.46654972434043884,123428831232.0,1192494.75,806001,37852.57142857143,-17741188.44610905,,,,,,,
-3.7139766055345507,-0.2048268526930268,-0.20003424436083736,-0.899704339613069,0.0,1080.9065888485877,-179.0035983191611,20,39645,818000,0.0003,-36346496.0,8795.6806640625,1.7467105388641357,123647508480.0,1024962.8125,808001,37852.57142857143,-17741188.44610905,,,,,,,
-8.191009679436691,-0.6696631970651363,-0.15408662927508118,-0.6871555236556014,0.0,728.1427876059927,-186.1954205086458,20,39719,820000,0.0003,-37474864.0,8962.2333984375,-0.20647692680358887,267768971264.0,2763397.25,810001,37852.57142857143,-17741188.44610905,,,,,,,
-6.8694005233049475,-0.44518733659714554,0.4160982653771983,-0.7842168704013971,0.0,878.8747743341124,346.37470749751424,20,39793,822000,0.0003,-38120500.0,9419.9150390625,0.7037007808685303,299486806016.0,1695696.75,812001,37852.57142857143,-17741188.44610905,,,,,,,
1.069066432118417,0.1774694918016812,0.3215647707347545,-0.8474076388867378,0.0,935.9768115055014,-110.87279513577559,20,39868,824000,0.0003,-38678588.0,9418.1181640625,0.24397459626197815,313109381120.0,5678758.0,814001,37852.57142857143,-17741188.44610905,,,,,,,
-5.580472358465195,-0.18857362551074727,-0.48957539511775783,-0.69842224822256,0.0,798.9893418095609,-325.4524256329131,20,39942,826000,0.0003,-39775896.0,9738.595703125,-0.10576646029949188,199713079296.0,2475999.5,816001,37852.57142857143,-17741188.44610905,,,,,,,
-0.12590084135532353,-0.11229491429689561,0.2096988753040181,-0.6615418714610362,0.0,608.8621783372521,-19.810514265755707,20,40016,828000,0.0003,-39949056.0,9689.986328125,-0.6183266639709473,398635499520.0,14717063.0,818001,37852.57142857143,-17741188.44610905,,,,,,,
-6.510452231764793,-0.2649921250571634,-0.24977917887109763,-0.5840612005817037,0.0,467.27912527033754,-126.04798075621098,20,40091,830000,0.0003,-41008288.0,9817.3447265625,-0.9544739723205566,262169083904.0,1447474.0,820001,37852.57142857143,-17741188.44610905,,,,,,,
-10.017401134371761,-0.4723329207661153,0.12493560880316566,-0.543583663216044,0.0,491.51735995575615,277.72251047441966,20,40165,832000,0.0003,-41639604.0,9881.556640625,0.22449222207069397,210911723520.0,1138373.75,822001,37852.57142857143,-17741188.44610905,,,,,,,
1.9695582169294368,0.06384396082172597,0.1575177964906244,-0.6671725899099546,0.0,671.2768257301727,46.912066048129276,20,40238,834000,0.0003,-42199184.0,10083.537109375,0.25233179330825806,301693206528.0,8080234.0,824001,37852.57142857143,-17741188.44610905,,,,,,,
-4.049468570947649,-0.170072066373893,-0.4705695059263684,-0.7835262249300642,0.0,886.9102978978302,-360.0342012981135,20,40312,836000,0.0003,-43283564.0,10260.484375,-0.4051617383956909,219462713344.0,1931940.875,826001,37950.181818181816,-17882303.87632173,,,,,,,
-6.980940627455721,-0.5778210793703921,-0.031746392479306974,-0.7459086831592106,0.0,798.3122349396785,-14.930772226233744,20,40385,838000,0.0003,-43251448.0,10642.3681640625,1.1237503290176392,2893553336320.0,25603770.0,828001,37950.181818181816,-17882303.87632173,,,,,,,
-7.769397599101064,-0.28239811162953316,0.0637089269878241,-0.8895818386383397,0.0,1076.298622949982,207.6903726600671,20,40458,840000,0.0003,-44785656.0,10826.736328125,1.3381237983703613,181651783680.0,1101863.375,830001,37950.181818181816,-17882303.87632173,,,,,,,
-5.4824590849876405,-0.6418645623084385,-0.15879900915712697,-0.7189367350778617,0.0,792.2521571781116,-307.440342495742,20,40530,842000,0.0003,-45188184.0,10792.8193359375,-1.0832996368408203,507195031552.0,4520842.5,832001,37950.181818181816,-17882303.87632173,,,,,,,
-7.219919889569264,-0.348293539178916,0.3338338158572331,-0.8771170921341247,0.0,1024.4040864123542,311.7576235579321,20,40603,844000,0.0003,-45593564.0,10875.9130859375,0.40493619441986084,1615584559104.0,12236599.0,834001,37950.181818181816,-17882303.87632173,,,,,,,
-0.3759065890312204,-0.010122642246840834,0.20894749466417434,-0.9589207279168156,0.0,1123.7375416438933,20.937537452295544,20,40676,846000,0.0003,-46437668.0,11227.5849609375,-0.05259713530540466,376425185280.0,8590833.0,836001,37950.181818181816,-17882303.87632173,,,,,,,
-3.58085982441902,-0.1999846112397472,-0.18441645135565818,-0.8932025468821055,0.0,1120.745162112203,-4.407431079667575,20,40749,848000,0.0003,-47609272.0,11367.4208984375,-1.6429822444915771,260493312000.0,1267540.75,838001,37950.181818181816,-17882303.87632173,,,,,,,
-2.637828947901725,-0.14007483056147182,-0.2524164234887068,-0.9100806295465684,0.0,1111.353132573681,-192.29927366859945,20,40822,850000,0.0003,-48212804.0,11897.8193359375,-1.6504358053207397,234353983488.0,2405986.5,840001,37950.181818181816,-17882303.87632173,,,,,,,
-7.896960850954054,-0.607851366423156,-0.10724608454782858,-0.7318259478045307,0.0,770.0495518389503,-146.8844041764128,20,40895,852000,0.0003,-48711072.0,11900.4755859375,0.9923421144485474,354502541312.0,2254438.0,842001,37950.181818181816,-17882303.87632173,,,,,,,
-6.573461823463435,-0.3923168212186041,0.3108777604170377,-0.831863238644486,0.0,928.6809094813274,268.3381341653526,20,40968,854000,0.0003,-49599080.0,12247.4912109375,-0.6318446397781372,302034845696.0,1512270.375,844001,37950.181818181816,-17882303.87632173,,,,,,,
-0.47489100217819247,0.09673064617022863,0.14396440692000187,-0.8742663196415001,0.0,1109.1946224077888,325.49268711613826,20,41040,856000,0.0003,-50359036.0,12180.78125,1.1973696947097778,274438193152.0,1684284.875,846001,37950.181818181816,-17882303.87632173,,,,,,,
-7.511268845200544,-0.41112933232379645,-0.3516045326830373,-0.6887854874524734,0.0,761.8363945740545,-710.5078319284811,20,41113,858000,0.0003,-51078520.0,12440.4208984375,0.06280510127544403,23822036107264.0,13660941.0,848001,37950.181818181816,-17882303.87632173,,,,,,,
-0.44644407391548124,-0.148776214415743,0.28871588865772835,-0.6328464364449321,0.0,620.4139504804441,-32.15145873739264,20,41185,860000,0.0003,-51787060.0,12844.1630859375,-1.3379161357879639,3189809086464.0,2099470.5,850001,37950.181818181816,-17882303.87632173,,,,,,,
-6.285332226753235,-0.28250845494008037,-0.26284324531810166,-0.56065813564877,0.0,435.9219451987181,-146.52067487655754,20,41257,862000,0.0003,-52732664.0,12819.2109375,0.9937726855278015,1790559780864.0,2947077.25,852001,37950.181818181816,-17882303.87632173,,,,,,,
-9.008259473443031,-0.4566347961575961,0.2722835649040064,-0.5054951769657993,0.0,508.23104103807174,804.1903225940989,20,41328,864000,0.0003,-54186036.0,13262.38671875,0.03679409623146057,500226260992.0,1954061.25,854001,37950.181818181816,-17882303.87632173,,,,,,,
3.2312222665548305,0.1672590889171136,0.030072833680527752,-0.5938601009689959,0.0,563.7704629453714,-592.6796255823702,20,41399,866000,0.0003,-54761648.0,13495.013671875,-0.38129955530166626,512966459392.0,2988601.0,856001,37950.181818181816,-17882303.87632173,,,,,,,
-7.132344101667406,-0.2765826477474413,-0.38087339249290164,-0.5650728504775457,0.0,477.6440631784812,-256.94666621010595,20,41470,868000,0.0003,-54317808.0,13688.9013671875,0.09055161476135254,723742621696.0,19922290.0,858001,37950.181818181816,-17882303.87632173,,,,,,,
-5.185810524821283,-0.2800638252861007,0.5481452810426167,-0.5103170602315192,0.0,545.8180161081372,77.31643220393396,20,41542,870000,0.0003,-56537200.0,14289.5205078125,1.2725473642349243,634800046080.0,5887232.5,860001,37950.181818181816,-17882303.87632173,,,,,,,
2.3529774284362825,0.0953643840987264,-0.23687514097478124,-0.5746058185604274,0.0,442.6561536155654,39.96871668358855,20,41614,872000,0.0003,-57426448.0,14282.3408203125,-1.193307638168335,673352581120.0,5757587.0,862001,37950.181818181816,-17882303.87632173,,,,,,,
-8.061206316947942,-0.36308764068281435,-0.22860607750371606,-0.48821002970235106,0.0,387.5700796642497,3.7605026213131723,20,41685,874000,0.0003,-58436276.0,14548.7919921875,0.1761314868927002,449618903040.0,2288936.75,864001,37950.181818181816,-17882303.87632173,,,,,,,
-5.767883511781691,-0.28424191558591433,-0.14827155884415347,-0.7610369510544001,0.0,917.5321911939781,380.9235581499528,20,41756,876000,0.0003,-59562064.0,14982.3310546875,-0.8182621598243713,1255961788416.0,3270584.0,866001,38039.30434782609,-17895226.706397742,,,,,,,
-5.881880964636803,-0.5394445542370487,0.17679618120440974,-0.7965934253223103,0.0,929.5107110893944,181.4760041225979,20,41825,878000,0.0003,-60748384.0,15784.990234375,-1.237034559249878,607651168256.0,3495999.75,868001,38039.30434782609,-17895226.706397742,,,,,,,
-3.0281724327802637,-0.16888829940827868,0.16955350007924114,-0.9672024234000159,0.0,1144.5141976164023,82.71841885131052,21,41894,880000,0.0003,-61923400.0,16199.4072265625,0.9141746163368225,567038181376.0,2606231.0,870001,38039.30434782609,-17895226.706397742,,,,,,,
-3.5754750263690886,-0.34254020078200853,-0.33099582329827615,-0.8505791246910875,0.0,1076.2332984362079,-266.64879211188185,21,41963,882000,0.0003,-63336852.0,16292.5537109375,1.0461912155151367,451060760576.0,2880061.5,872001,38039.30434782609,-17895226.706397742,,,,,,,
-5.569203091263772,-0.29485907631015595,0.2455937787537171,-0.905435318702421,0.0,1048.0672353923096,194.27253069182345,21,42032,884000,0.0003,-64792360.0,16778.18359375,0.7963935732841492,470255828992.0,2495969.75,874001,38039.30434782609,-17895226.706397742,,,,,,,
-2.360136712789538,-0.0581303280709328,0.09837533704425803,-0.9593525897267113,0.0,1132.9131357848244,312.4872342916256,21,42101,886000,0.0003,-66130636.0,17696.078125,-1.1619576215744019,858583465984.0,3000047.25,876001,38039.30434782609,-17895226.706397742,,,,,,,
-4.793900922536854,-0.3700701675926433,-0.15444874415109225,-0.8320854487372163,0.0,1010.7623311066324,-352.93359039238345,21,42170,888000,0.0003,-67058488.0,17281.3046875,0.46892839670181274,1370374012928.0,1669556.75,878001,38039.30434782609,-17895226.706397742,,,,,,,
-5.597056694030762,-0.31741618775827285,-0.18521938540191712,-0.8483069911757568,0.0,959.6819139555178,-251.37721463918965,21,42240,890000,0.0003,-68576248.0,17631.779296875,0.4713156819343567,529796628480.0,3020698.75,880001,38039.30434782609,-17895226.706397742,,,,,,,
-10.695819669365887,-0.6398448842397263,-0.15051292922523624,-0.6642463503612402,0.0,684.3696680696822,-183.40030641427825,21,42310,892000,0.0003,-69300944.0,17613.544921875,1.4055237770080566,519243825152.0,2910078.0,882001,38039.30434782609,-17895226.706397742,,,,,,,
-3.03368897140026,-0.3859936565820733,0.4155139259723789,-0.6291400765539706,0.0,639.5920580089512,-30.052594617816,21,42380,894000,0.0003,-68126672.0,18066.798828125,-1.5368540287017822,46846835687424.0,97971880.0,884001,38039.30434782609,-17895226.706397742,,,,,,,
-6.963253499865532,-0.26040507550615705,-0.183375607143245,-0.6155560008177583,0.0,496.6536409461645,-90.828639508779,21,42451,896000,0.0003,-72140928.0,18186.216796875,-1.0133556127548218,466092294144.0,2553766.75,886001,38039.30434782609,-17895226.706397742,,,,,,,
-9.020172907710064,-0.42993848889759556,0.12224007337478413,-0.5895960875948233,0.0,534.400290095358,285.98633813989727,21,42521,898000,0.0003,-73311184.0,18365.912109375,0.6651671528816223,3255406952448.0,2804832.0,888001,38039.30434782609,-17895226.706397742,,,,,,,
5.539263905286789,0.22624837164705752,0.3293711545405252,-0.6526485235236241,0.0,709.6988702202268,-87.07220939155121,,,900000,0.0003,-74049120.0,19066.7890625,-0.4596624970436096,402853593088.0,2267004.75,890000,,,0.11968749999999712,0.0,40000.0,-18058.769809078673,7581.496574277857,0.0,0.0
,,,,,,,20,43716,900000,0.0003,-73630560.0,19069.75390625,0.5243695974349976,1746059132928.0,11549241.0,890001,38039.30434782609,-17895226.706397742,,,,,,,
-3.796840054988862,-0.10419537619867554,-0.48262846001815246,-0.6964686360454239,0.0,694.6798584880853,-100.03150786771488,20,43789,902000,0.0003,-73998464.0,18974.94921875,0.8067981004714966,9475984457728.0,57464632.0,892001,38039.30434782609,-17895226.706397742,,,,,,,
-5.537782402038579,-0.3246608773557614,0.4395826618176335,-0.562961200509689,0.0,612.6113718206326,-45.7556106852029,20,43862,904000,0.0003,-76646432.0,19836.12109375,0.26057296991348267,475167129600.0,2693158.75,894001,38039.30434782609,-17895226.706397742,,,,,,,
4.574918652772898,0.17190794385434713,-0.1396003818650039,-0.5959218862695328,0.0,471.01885486734915,29.029350858470877,20,43934,906000,0.0003,-78226240.0,19843.783203125,-0.3724994659423828,696228642816.0,3764237.0,896001,38039.30434782609,-17895226.706397742,,,,,,,
-7.025992331504818,-0.2642298264125578,-0.30579192419039336,-0.541253907814844,0.0,438.1113749020342,-150.73487152339277,20,44007,908000,0.0003,-79059840.0,20923.224609375,-0.03145521879196167,2909002792960.0,3025171.0,898001,38039.30434782609,-17895226.706397742,,,,,,,
-3.20785656392574,-0.11294579283171928,0.4921366544975644,-0.5480272036079,0.0,538.2319227159677,34.29939347639703,20,44080,910000,0.0003,-80166944.0,21487.6171875,-0.209578275680542,4076768591872.0,4876918.0,900001,38039.30434782609,-17895226.706397742,,,,,,,
4.481005557775498,0.14521769938935214,-0.225734758284635,-0.5694886485371823,0.0,434.1305486729858,91.89234601173364,20,44153,912000,0.0003,-81895184.0,21912.48828125,0.6016036868095398,5344057098240.0,24693880.0,902001,38039.30434782609,-17895226.706397742,,,,,,,
-9.365048340559007,-0.32886515857519355,-0.223896733533926,-0.47925959687244896,0.0,387.65857502814725,-0.2486522049883522,20,44226,914000,0.0003,-83815416.0,21557.19921875,0.7522028684616089,983438917632.0,5882590.0,904001,38039.30434782609,-17895226.706397742,,,,,,,
-2.893338059186936,-0.22636711889329805,0.06276994920898867,-0.7745895493485235,0.0,902.446413534935,576.1886838272627,20,44298,916000,0.0003,-84962400.0,22768.744140625,-0.8699010014533997,846478704640.0,3817975.25,906001,38121.0,-17886590.11788304,,,,,,,
-3.351434563994406,-0.18677508487315425,0.06912858485914765,-0.9739514193610919,0.0,1152.104224701566,44.87219100899469,20,44371,918000,0.0003,-86017176.0,23164.98046875,0.4710251986980438,6653948723200.0,18607748.0,908001,38121.0,-17886590.11788304,,,,,,,
-2.401220539212227,-0.12863621732990083,0.037976649452648815,-0.9848191988605987,0.0,1170.068933891827,27.691465756106584,20,44444,920000,0.0003,-88661896.0,23293.623046875,-0.6026002168655396,756441022464.0,3089084.25,910001,38121.0,-17886590.11788304,,,,,,,
-2.1955197811126657,-0.10645962084298896,-0.008197701999994202,-0.9882295215741267,0.0,1176.0303644441535,10.098822848330533,20,44516,922000,0.0003,-89795056.0,23986.33203125,-2.278831958770752,897304756224.0,4322072.5,912001,38121.0,-17886590.11788304,,,,,,,
-3.1646267372369756,-0.24972956959874207,-0.1740700132781965,-0.9436701588088687,0.0,1137.3972233583856,-92.3216388438705,20,44589,924000,0.0003,-91534872.0,24576.236328125,1.0250087976455688,4225769406464.0,4727978.0,914001,38121.0,-17886590.11788304,,,,,,,
-4.586087273955347,-0.2359609902457093,0.1469785828315546,-0.9621326285240268,0.0,1138.7460295363285,102.6965544456564,20,44661,926000,0.0003,-93427040.0,24658.568359375,-0.5336815118789673,792922947584.0,3016549.25,916001,38121.0,-17886590.11788304,,,,,,,
-2.6470038640499136,-0.1302743150906396,0.014236463210040462,-0.9884720393220171,0.0,1178.3947735761196,18.367085702682893,20,44733,928000,0.0003,-95372328.0,24537.2421875,-0.7015692591667175,795905228800.0,3363446.75,918001,38121.0,-17886590.11788304,,,,,,,
-2.444172399044037,-0.1404855419777598,-0.01753750076603264,-0.986908637446514,0.0,1175.4769434789182,3.3970026290629343,20,44805,930000,0.0003,-96310400.0,24831.94921875,-1.6815364360809326,1720054448128.0,12325573.0,920001,38121.0,-17886590.11788304,,,,,,,
-2.5183405023813275,-0.14286925290368752,0.021613945743982857,-0.9865697304602608,0.0,1175.131738562514,21.445012156689934,20,44877,932000,0.0003,-98553664.0,25666.837890625,-1.2432280778884888,1226773495808.0,3118032.0,922001,38121.0,-17886590.11788304,,,,,,,
-2.3992364466190366,-0.1202186766707351,-0.0026883921128293144,-0.9902558055470525,0.0,1181.7084443279853,10.399182164455487,20,44949,934000,0.0003,-99071120.0,25838.041015625,-0.21685989201068878,3003727740928.0,22917944.0,924001,38121.0,-17886590.11788304,,,,,,,
-2.472645812034612,-0.1428766268626029,-0.018112880520095225,-0.986744998509129,0.0,1175.3906146194945,3.4776816312553778,20,45021,936000,0.0003,-101343856.0,25932.513671875,-0.3684272766113281,2255660515328.0,4109296.5,926001,38121.0,-17886590.11788304,,,,,,,
-2.151385677456856,-0.1146208670587931,0.0434946486005461,-0.9906964010215084,0.0,1183.411828254752,30.197438643877017,20,45092,938000,0.0003,-103464984.0,26417.51953125,-0.8175728917121887,820626063360.0,2641130.25,928001,38121.0,-17886590.11788304,,,,,,,
-4.0874281436204924,-0.24916667158168457,-0.0766506886408625,-0.9504756428809974,0.0,1147.883354698467,-33.11069665713397,20,45164,940000,0.0003,-104735128.0,27032.236328125,0.5046249628067017,1399215357952.0,5761723.5,930001,38121.0,-17886590.11788304,,,,,,,
-2.7327068197727202,-0.16494630140357283,0.05510279900034449,-0.9790530703648024,0.0,1160.5316354723627,36.81000093796016,20,45236,942000,0.0003,-106161824.0,26490.3046875,-0.38348424434661865,1936388521984.0,5230232.0,932001,38121.0,-17886590.11788304,,,,,,,
-1.914865505695345,-0.11061879433837461,-0.1273852101721841,-0.977792955285167,0.0,1195.6929682929417,-84.35366730553613,20,45308,944000,0.0003,-108932264.0,27497.396484375,-0.6616302728652954,7174236405760.0,4590680.5,934001,38121.0,-17886590.11788304,,,,,,,
-3.8182562708854646,-0.202543661726417,0.11099694866145755,-0.9643171042495532,0.0,1135.5237746292353,84.06208380204798,20,45380,946000,0.0003,-110086648.0,27721.625,-1.0560307502746582,1355148558336.0,4478619.0,936001,38121.0,-17886590.11788304,,,,,,,
-5.799799362421034,-0.33561871379858055,-0.35127707432293864,-0.8888331592955168,0.0,1071.6274095532472,-340.1970743647489,20,45452,948000,0.0003,-112059928.0,28200.099609375,-1.3171055316925049,1224187052032.0,4626220.0,938001,38121.0,-17886590.11788304,,,,,,,
-6.373806086182596,-0.5012889414444599,0.24849154421960448,-0.8211093977164635,0.0,944.8912346629514,279.35741022548166,20,45523,950000,0.0003,-113803824.0,28951.44921875,-0.38632360100746155,1526246146048.0,7314176.0,940001,38121.0,-17886590.11788304,,,,,,,
-3.1162055742740593,-0.18402449879499447,0.16131442583215863,-0.9617354040311745,0.0,1132.1719507934338,91.23083393959226,20,45595,952000,0.0003,-116172240.0,30243.328125,0.322370320558548,1264315269120.0,3608300.25,942001,38121.0,-17886590.11788304,,,,,,,
-2.4493428426980963,-0.12347418633884635,-0.09910887019964547,-0.9606218325258182,0.0,1165.3701401993987,-43.01761568174027,20,45667,954000,0.0003,-117121864.0,30713.87890625,0.924345076084137,1421713997824.0,4230705.5,944001,38121.0,-17886590.11788304,,,,,,,
-2.5725850528478587,-0.19414807733761963,-0.18311139156949108,-0.9537329801403636,0.0,1165.6324283839215,-57.01189209178077,20,45738,956000,0.0003,-119082976.0,30486.373046875,-2.1605007648468018,5147041202176.0,5416734.5,946001,38196.16,-18109084.32680336,,,,,,,
-4.674986541867255,-0.18931425705113164,0.13233183316983893,-0.9732624041812731,0.0,1166.502233320449,206.8931637049434,20,45809,958000,0.0003,-122318296.0,31178.517578125,0.21683400869369507,1866166566912.0,7265012.5,948001,38196.16,-18109084.32680336,,,,,,,
-3.2987572473287563,-0.2441382358821365,-0.015016894502451836,-0.9560703049116334,0.0,1153.3314745364908,-124.5924542181759,20,45880,960000,0.0003,-124284928.0,30927.919921875,0.09750139713287354,5651106365440.0,4561384.5,950001,38196.16,-18109084.32680336,,,,,,,
-1.9240959078073478,-0.11137450310399827,0.08421193066563559,-0.989492860494194,0.0,1182.9543664957753,40.47315512868925,20,45951,962000,0.0003,-125563472.0,31288.51953125,-1.3242685794830322,7496998584320.0,17730402.0,952001,38196.16,-18109084.32680336,,,,,,,
-3.590357393026351,-0.20397404025604854,-0.07569934615809651,-0.9622563698455777,0.0,1170.353789850312,-18.309989975118636,20,46022,964000,0.0003,-127969056.0,32423.8984375,0.09564557671546936,1987084681216.0,6582875.5,954001,38196.16,-18109084.32680336,,,,,,,
-3.3984560066461493,-0.24337517411217746,-0.11693057097750242,-0.9491518944672261,0.0,1145.1210897789306,-63.74379775760665,20,46092,966000,0.0003,-129105520.0,33898.12890625,1.1333017349243164,2516787396608.0,24221910.0,956001,38196.16,-18109084.32680336,,,,,,,
-3.4086408627033213,-0.18308225483897475,0.1732153045261548,-0.9721939160883097,0.0,1158.7744655194965,100.98977305159147,20,46162,968000,0.0003,-131909320.0,33677.24609375,0.1538497358560562,5685558902784.0,8710876.0,958001,38196.16,-18109084.32680336,,,,,,,
-3.4500360101461416,-0.20130042816966998,-0.09366970077270718,-0.9573316598257503,0.0,1165.794963955041,-35.495569817590976,20,46232,970000,0.0003,-133078920.0,33342.97265625,1.976891279220581,2496932610048.0,10224334.0,960001,38196.16,-18109084.32680336,,,,,,,
-3.91781206727028,-0.2656349847581284,-0.05040429339430448,-0.94184351586534,0.0,1131.1397743038094,-27.838435256727394,20,46302,972000,0.0003,-135111504.0,33467.12109375,-0.05298967659473419,4560130146304.0,5568818.0,962001,38196.16,-18109084.32680336,,,,,,,
-2.5836422604322435,-0.14395912152723003,0.1849811823109781,-0.974185822895878,0.0,1160.594546570872,87.69963713809781,21,46369,974000,0.0003,-134392288.0,34071.36328125,1.0373402833938599,3235350315008.0,53019672.0,964001,38196.16,-18109084.32680336,,,,,,,
-2.818551763296125,-0.1452815122953633,-0.08787944719339355,-0.965174938763286,0.0,1172.3528626941984,-21.123325104419607,21,46436,976000,0.0003,-139339936.0,34700.1796875,-0.5383571982383728,9858183069696.0,4102252.5,966001,38196.16,-18109084.32680336,,,,,,,
-3.1975222051143692,-0.2577664331415493,-0.14690312884667328,-0.9314938965368158,0.0,1124.0363283692438,-81.02875713783645,21,46504,978000,0.0003,-142202752.0,35083.4453125,-1.5369192361831665,4978877923328.0,7312175.0,968001,38196.16,-18109084.32680336,,,,,,,
-3.5220960152149243,-0.1948124238590561,0.21639764663604702,-0.9595156541384089,0.0,1137.3843945304043,131.24140734607926,21,46571,980000,0.0003,-143439296.0,35804.07421875,1.1167092323303223,2165665824768.0,5446852.5,970001,38196.16,-18109084.32680336,,,,,,,
-2.037883546352384,-0.09042946197749736,-0.049121325794349704,-0.9744378735864192,0.0,1182.4227941826232,-14.82022227919246,21,46639,982000,0.0003,-138625776.0,36150.16015625,-0.4722195863723755,312273247666176.0,236154016.0,972001,38196.16,-18109084.32680336,,,,,,,
-2.8544469249248503,-0.2255854489768589,-0.14817120715496876,-0.9411944052829442,0.0,1133.8144479461707,-70.61387066152345,21,46706,984000,0.0003,-147394176.0,36741.08984375,-0.09695987403392792,1676279283712.0,4761304.0,974001,38196.16,-18109084.32680336,,,,,,,
-3.2610324281454006,-0.18470543247941412,0.20420751635464948,-0.9593400108092772,0.0,1133.6118875637044,111.7065158817056,21,46773,986000,0.0003,-149683440.0,37306.19140625,0.24856509268283844,8088299503616.0,5934879.0,976001,38196.16,-18109084.32680336,,,,,,,
-1.8787882983684554,-0.07585830190169697,-0.031016912717583497,-0.9739151411992578,0.0,1176.4989429082298,-4.935132815751081,21,46840,988000,0.0003,-151807696.0,38305.234375,-0.9218404293060303,16677154586624.0,12642622.0,978001,38196.16,-18109084.32680336,,,,,,,
-3.231331396102904,-0.25783419203950403,-0.2052870879285896,-0.9215766707612144,0.0,1108.6991353856345,-120.24768589252601,21,46908,990000,0.0003,-154809856.0,39999.43359375,-0.17786206305027008,1935796731904.0,4700501.0,980001,38196.16,-18109084.32680336,,,,,,,
-3.906014891862867,-0.23266366653937304,0.2081514539796037,-0.9388860542044806,0.0,1094.3727182340897,137.34631036259276,21,46975,992000,0.0003,-157672864.0,40596.64453125,1.086832046508789,7838617305088.0,5715458.5,982001,38196.16,-18109084.32680336,,,,,,,
-1.6415190064907053,-0.054805687422648415,-0.0071574542320255495,-0.9698479186532744,0.0,1164.3952181072093,0.18620992849329085,21,47045,994000,0.0003,-160496304.0,40150.2421875,-0.8449472188949585,7341698187264.0,5052337.5,984001,38196.16,-18109084.32680336,,,,,,,
-1.163370397090912,-0.15468920056783364,-0.24710587584592222,-0.9511620467076127,0.0,1159.4022428939174,-24.028651644258726,21,47113,996000,0.0003,-162507680.0,40044.96875,1.2379385232925415,22193756962816.0,36273356.0,986001,38265.53846153846,-18316312.33048319,,,,,,,
-4.183676187396042,-0.13962691947755712,0.07546123467442889,-0.9693007523078601,0.0,1201.0151406829696,64.74972358019677,21,47180,998000,0.0003,-163488320.0,41361.2734375,0.798358678817749,2008234983424.0,4656637.0,988001,38265.53846153846,-18316312.33048319,,,,,,,
-3.3937172287702606,-0.23685024275216404,-0.1146117623931557,-0.9488905400254115,0.0,1143.0910296763307,-137.59991495360103,,,1000000,0.0003,-167140256.0,40602.80078125,-1.607846736907959,2048234881024.0,4936150.5,990000,,,0.11968749999999712,0.0,40000.0,-39073.74957551688,4643.884506813564,0.0,0.0
,,,,,,,20,48385,1000000,0.0003,-166085552.0,40599.23828125,-0.09638712555170059,2119035650048.0,5152909.5,990001,38265.53846153846,-18316312.33048319,,,,,,,
