rollout/acrobot_xk_applied_torque,rollout/acrobot_xk_elbow_norm,rollout/acrobot_xk_elbow_rate_norm,rollout/acrobot_xk_energy_error_norm,rollout/acrobot_xk_homoclinic_capture,rollout/acrobot_xk_lyapunov,rollout/acrobot_xk_lyapunov_rate,time/fps,time/time_elapsed,time/total_timesteps,train/learning_rate,train/actor_loss,train/alpha,train/alpha_loss,train/critic_loss,train/fraction,train/n_updates,rollout/ep_len_mean,rollout/ep_rew_mean,eval/best_strict_capture_mean_max_duration,eval/best_strict_capture_success_rate,eval/mean_ep_length,eval/mean_reward,eval/std_reward,eval/strict_capture_mean_max_duration,eval/strict_capture_success_rate
-1.0356582898586058,-0.046711382397421036,0.1252043890169703,-0.9696314310839236,0.0,1242.9731728031388,185.10799771566207,2106,0,2000,0.0003,,,,,,,,,,,,,,,
-0.6244938695766041,-0.10532085213655491,-0.18519963501753056,-0.9685055912964582,0.0,1222.6460446798558,437.4273961993897,2132,1,4000,0.0003,,,,,,,,,,,,,,,
-0.5689981339462115,-0.004886327046163216,0.059342451028793874,-0.9875670608929097,0.0,1242.8551843431774,174.08120582133725,2146,2,6000,0.0003,,,,,,,,,,,,,,,
1.4547116296328615,0.1521004156005187,-0.10540833974510207,-0.9607553995430158,0.0,1252.2154456343071,199.7175864835321,2153,3,8000,0.0003,,,,,,,,,,,,,,,
-0.21945047794911102,-0.014238784094636364,0.33160983496207636,-0.9412586859510829,0.0,1246.4754455371922,-85.9300096867478,1412,7,10000,0.0003,-0.06900495290756226,1.0,-0.0,3122072.75,81.5118408203125,1,,,,,,,,,
4.0063808689117355,0.23370251072000617,-0.09846037407354674,-0.9577397307102116,0.0,1148.3187233467138,111.29512605256153,158,75,12000,0.0003,27642.01171875,1.4333245754241943,-0.17508932948112488,253681.0,2534.40185546875,2001,,,,,,,,,
-2.1325210399627674,-0.09464091543683578,-0.3452827196744627,-0.9627379471405173,0.0,1170.1179954657132,-96.60150700525583,95,146,14000,0.0003,91360.1484375,1.9775800704956055,-0.5483920574188232,49095.5625,1344.019287109375,4001,,,,,,,,,
-8.371430206298827,-0.5342453109210209,-0.31949440826573483,-0.8078680794452303,0.0,921.0156509099676,-308.7299127484172,73,216,16000,0.0003,130950.6640625,3.828497886657715,-1.6157429218292236,168716.671875,2080.564453125,6001,,,,,,,,,
-8.40209881019592,0.06671999828683356,-0.6292961281296622,-0.41529848976127776,0.0,823.1578925841796,694.1336260410104,62,287,18000,0.0003,141201.15625,7.807123184204102,-3.75844669342041,231778.75,3077.98046875,8001,,,,,,,,,
-6.4308567771911544,-0.14616418445922205,-0.1593163801889426,-0.2316349615831071,0.0,1744.9186726947758,15.28124075790509,55,358,20000,0.0003,129506.1328125,14.586297988891602,-3.9658570289611816,1412199.5,6819.212890625,10001,,,,,,,,,
2.644856492996216,0.387159135930558,0.3249836170539827,-0.24358807043496086,0.0,920.5182866562088,-737.6137609814264,51,428,22000,0.0003,124571.4609375,22.446453094482422,-3.776956081390381,1181894.25,9409.072265625,12001,,,,,,,,,
14.377662015914883,0.5308689712588339,0.11471930751223844,-0.31951890306643477,0.0,806.1885494106734,1.1125415411103272,48,499,24000,0.0003,124253.1328125,32.43813705444336,-1.0763812065124512,3290467.5,8817.0869140625,14001,,,,,,,,,
0.1873529052734411,0.8637068677577089,0.16531630294566363,-0.4534837131150617,0.0,656.7629922171964,-138.7417406701097,45,570,26000,0.0003,125895.75,54.26069641113281,-1.7366385459899902,5282372.0,10429.0078125,16001,,,,,,,,,
-0.6435513858795178,-0.5351048279760561,0.4684884082188767,-0.30024023817982226,0.0,361.25286953637334,-178.78411566321677,43,640,28000,0.0003,112640.125,58.5847053527832,0.8171592354774475,6138012.0,13913.0302734375,18001,,,,,,,,,
-6.94203750038147,-0.3075247913026116,-0.11059045265837034,-0.5621224454415098,0.0,491.22286962809517,68.37658020023633,42,711,30000,0.0003,120419.5625,49.79052734375,0.34006255865097046,4819884.0,7853.06201171875,20001,,,,,,,,,
-9.089070203781136,-0.5117142002936839,-0.061108415683516604,-0.5320008188522262,0.0,465.1952603114567,-116.24319629817839,40,782,32000,0.0003,123418.078125,50.66001892089844,-0.1349497139453888,3968702.0,11802.57421875,22001,,,,,,,,,
-3.1086413650512776,-0.37500195529890556,-0.40734934081614854,-0.14428415848464932,0.0,353.4924734959519,308.78926773658895,39,853,34000,0.0003,113197.1171875,76.25606536865234,-0.1677536964416504,8042527.0,15156.134765625,24001,,,,,,,,,
-4.461621461868291,0.776550928411838,-0.028747872752586782,-0.3949553645653207,0.0,642.8876174102578,54.312862405206616,38,923,36000,0.0003,111032.9921875,52.147239685058594,0.7883962392807007,3660027.25,9509.7529296875,26001,,,,,,,,,
13.171518878936745,0.5444293928637793,-0.3946097261429927,-0.5645629027275615,0.0,1128.735286843084,1178.935123635385,38,994,38000,0.0003,124089.3203125,34.53657531738281,0.03943226858973503,1981479.25,5793.693359375,28001,,,,,,,,,
12.161758840560902,0.38073257380965186,0.42659441921673064,-0.5177682519909997,0.0,1383.3982982504995,-1411.4810604872584,37,1064,40000,0.0003,129718.203125,66.1361312866211,-0.3409745395183563,6515379.0,12240.314453125,30001,40000.0,-38448697.463518,,,,,,,
-7.623179540634154,-0.5581933816576959,-0.6283144260607473,-0.6673552178186938,0.0,873.7733633559533,-640.9035448554466,36,1135,42000,0.0003,114979.265625,80.70256805419922,-0.07813116908073425,11260462.0,24863.18359375,32001,40000.0,-38448697.463518,,,,,,,
7.580629941940314,-0.6903572245550036,0.3154149234521245,-0.3043264394341814,0.0,318.7703453509937,-380.13064842147065,36,1205,44000,0.0003,108503.9609375,49.94657897949219,0.020922362804412842,3254573.5,7211.22412109375,34001,40000.0,-38448697.463518,,,,,,,
-24.109248321533197,-0.5647498652672324,-0.09294705837032871,0.00635960425589014,0.0,139.97342590612132,39.40563970576867,36,1276,46000,0.0003,108444.4765625,51.7286491394043,0.09070808440446854,2615394.5,6714.2333984375,36001,40000.0,-38448697.463518,,,,,,,
-21.49755049514772,-0.4626220811812428,0.03821579237031515,0.17623646187936917,0.0,151.96414013709466,238.32472330548313,35,1347,48000,0.0003,114869.953125,35.56089782714844,0.12994171679019928,1690547.5,9074.0810546875,38001,40000.0,-38448697.463518,,,,,,,
-28.712706785202023,-0.47078982517034507,0.037717049925126804,0.47190242714835945,0.0,351.8090694164178,170.91411100799482,35,1418,50000,0.0003,114384.234375,39.28913497924805,0.06638702750205994,7429069.0,20080.556640625,40001,40000.0,-38448697.463518,,,,,,,
-36.966227178573625,-0.44938393213069866,0.0563394373664237,0.6912118906289112,0.0,668.4077348195385,108.98836901281818,34,1489,52000,0.0003,113329.8671875,46.473209381103516,-0.2214183211326599,3661469.5,6770.9052734375,42001,40000.0,-38448697.463518,,,,,,,
-30.54469099807741,-0.36625554191050436,0.04653096118288542,0.8009814242948021,0.0,851.8702141439218,310.27986414175535,34,1560,54000,0.0003,111470.8828125,48.614627838134766,-0.6475297808647156,4725971.0,11590.2705078125,44001,40000.0,-38448697.463518,,,,,,,
-35.4734818725587,-0.33384983803522467,0.005307340294462214,1.0674263101697432,0.0,1458.430369660724,860.1973293051544,34,1630,56000,0.0003,111236.3359375,46.15290832519531,-0.11938714236021042,3136030.5,6727.11279296875,46001,40000.0,-38448697.463518,,,,,,,
-45.51371395492548,-0.3408370429755071,-0.03876332061166493,1.4148355119773723,0.0,2507.273007898853,1727.6018740022892,34,1700,58000,0.0003,117247.9140625,57.127586364746094,0.2006899118423462,7997192.5,15996.126953125,48001,40000.0,-38448697.463518,,,,,,,
-43.76608851242064,-0.3139076554883204,0.019890219886415154,1.6319249294470373,0.0,3310.8575644172147,714.0874246192334,33,1770,60000,0.0003,122708.015625,55.4434814453125,-0.15789373219013214,6147551.0,10773.2587890625,50001,40000.0,-38448697.463518,,,,,,,
-31.077357294082635,-0.22123347688657494,0.04346830188232609,1.7264840900516876,0.0,3730.3421412934395,521.8935900225267,33,1840,62000,0.0003,140267.6875,52.96070098876953,0.38050028681755066,6936811.0,7518.04345703125,52001,40000.0,-38448697.463518,,,,,,,
-35.61427509307866,-0.23567752257864644,0.07986360332596716,1.8701233600943667,0.0,4250.667588784556,-851.4889521028733,33,1911,64000,0.0003,137232.28125,49.7645378112793,0.3513091206550598,5203109.5,6990.71337890625,54001,40000.0,-38448697.463518,,,,,,,
-18.1723335456848,-0.12640827326362383,0.001053877835504702,1.712057921589501,0.0,3537.3839637087876,-142.54550623479724,33,1983,66000,0.0003,178713.40625,59.09176254272461,-0.14858604967594147,9407768.0,9680.3154296875,56001,40000.0,-38448697.463518,,,,,,,
-5.044610633850083,-0.025752595809109657,0.17121975787540258,1.6038921870793452,0.0,3117.459403556872,-486.2573622075755,33,2054,68000,0.0003,196192.140625,59.28755187988281,-0.21145392954349518,12708270.0,17358.44140625,58001,40000.0,-38448697.463518,,,,,,,
4.479791896820066,0.04920421145988743,-0.360318626629139,1.9204317081716507,0.0,4950.972946994554,7908.365908131387,32,2125,70000,0.0003,203688.59375,112.44622039794922,-1.545376181602478,22696696.0,26248.630859375,60001,40000.0,-38448697.463518,,,,,,,
-40.44875840950013,-0.24645354755386953,0.19894603698955476,1.7326362865588354,0.0,4238.455463856332,-9279.817392812369,32,2197,72000,0.0003,205040.59375,90.05465698242188,-0.1212472915649414,37623424.0,32320.6171875,62001,40000.0,-38448697.463518,,,,,,,
-21.163060358047495,-0.180524453805329,-0.022541814577519265,1.1920413009489166,0.0,1776.4757457200817,-202.7732355387247,32,2268,74000,0.0003,204047.1875,72.50984954833984,0.27472078800201416,36846152.0,27440.06640625,64001,40000.0,-38448697.463518,,,,,,,
-34.19581324958803,-0.2959612747606977,-0.06125975074851158,1.1973942911847435,0.0,1817.882555278803,-24.69899111548802,32,2341,76000,0.0003,201168.359375,94.8945541381836,0.016022682189941406,24340556.0,27971.49609375,66001,40000.0,-38448697.463518,,,,,,,
-29.122568286895746,-0.289136891197132,0.01653845828820992,1.0198241183988843,0.0,1305.5776929083863,-389.573090992639,32,2413,78000,0.0003,203437.484375,68.42599487304688,-0.22624363005161285,31905472.0,18330.083984375,68001,40000.0,-38448697.463518,,,,,,,
-25.744039537429803,-0.28865294270384545,0.004438566467495066,0.9144616969705182,0.0,1049.9155231263298,-126.13602087459334,32,2486,80000,0.0003,208743.859375,88.45584106445312,0.07342798262834549,25110448.0,21070.3203125,70001,40000.0,-59632610.992093995,,,,,,,
-0.7962657012939441,-0.038840830299492896,-0.01236451527724146,-0.9477131694887266,0.0,1159.9707463106142,58.76348634729903,32,2560,82000,0.0003,172096.0,82.43976593017578,-0.7332484722137451,22692744.0,16465.916015625,72001,40000.0,-59632610.992093995,,,,,,,
-1.0446886043548582,-0.0857919685118904,-0.10120883070404642,-0.9582851406580208,0.0,1110.8967446456095,25.637495780010752,31,2634,84000,0.0003,162761.34375,77.89460754394531,0.4328530430793762,18490016.0,19650.1640625,74001,40000.0,-59632610.992093995,,,,,,,
-3.98623127746582,-0.16475236628128298,0.053077746935245196,-0.9481157594452025,0.0,1103.6590202139923,157.77891726136002,31,2709,86000,0.0003,151955.1875,74.62789154052734,-0.11615577340126038,17226692.0,19970.02734375,76001,40000.0,-59632610.992093995,,,,,,,
-0.9167253971099865,-0.11615989973863773,0.12103049566408351,-0.9421511043541658,0.0,1186.0533503431354,-91.21707221831646,31,2784,88000,0.0003,163516.828125,76.90740966796875,-0.6202720403671265,16727335.0,25193.869140625,78001,40000.0,-59632610.992093995,,,,,,,
-6.2025780792236365,-0.213577055623816,-0.5338261852716291,-0.859146153509674,0.0,1065.4879514591337,-351.77023387703736,31,2859,90000,0.0003,164916.234375,88.83948516845703,0.06522805988788605,21061684.0,19196.791015625,80001,40000.0,-59632610.992093995,,,,,,,
-5.9286994628906315,0.22942136727840076,-0.18043908122569838,-0.37602754894065127,0.0,589.7763496303139,-165.23742527436252,31,2935,92000,0.0003,152608.640625,89.76646423339844,-0.46328431367874146,16218433.0,15455.361328125,82001,40000.0,-59632610.992093995,,,,,,,
-5.245394281387328,-0.736108142116607,0.3318272974378759,-0.5760000185888443,0.0,616.5925574260664,67.80972888089698,31,3010,94000,0.0003,143535.015625,86.53470611572266,0.1735570728778839,18829308.0,19844.626953125,84001,40000.0,-59632610.992093995,,,,,,,
-14.331374187469432,-0.5691278078198089,-0.192375856832815,-0.5183381789852524,0.0,475.27918654865584,-304.0821629412732,31,3086,96000,0.0003,134074.1875,85.4310073852539,0.18245163559913635,19138802.0,17232.55859375,86001,40000.0,-59632610.992093995,,,,,,,
-2.518798534393314,-0.6567246782807836,0.16098451910527567,-0.33657252813793637,0.0,291.69433394242293,-67.61279824084566,30,3162,98000,0.0003,131310.625,83.23580169677734,-0.12085574120283127,18347960.0,20924.302734375,88001,40000.0,-59632610.992093995,,,,,,,
-10.975054021835323,-0.5515806869485569,-0.037730339782985005,-0.34466420987705404,0.0,246.1167082478077,-17.15325741293753,,,100000,0.0003,131260.90625,76.38052368164062,0.01751440018415451,18555888.0,23138.955078125,90000,,,0.0,0.0,40000.0,-32117.598672005442,5615.720100404307,0.0,0.0
,,,,,,,22,4405,100000,0.0003,132914.78125,76.38292694091797,0.32042133808135986,21835370.0,18053.603515625,90001,40000.0,-59632610.992093995,,,,,,,
-10.833164314270029,-0.5584162558027989,-0.04894046384512103,-0.2707004162791272,0.0,200.9420142948483,-67.31857122303211,22,4480,102000,0.0003,138669.15625,69.12075805664062,-0.26477867364883423,11243244.0,10322.54296875,92001,40000.0,-59632610.992093995,,,,,,,
-1.5499640502929584,-0.6544025545863537,-0.023361256825796498,-0.18777498134539136,0.0,196.1011033028273,71.47786040874885,22,4557,104000,0.0003,140447.28125,71.77938079833984,0.34306490421295166,16394883.0,17423.576171875,94001,40000.0,-59632610.992093995,,,,,,,
-12.511585424423217,-0.6075218497659695,0.015173497242802562,-0.1095303358549967,0.0,165.68945365196495,-84.9093854445836,22,4633,106000,0.0003,130832.203125,75.4089584350586,0.296211302280426,13725028.0,18194.990234375,96001,40000.0,-59632610.992093995,,,,,,,
-7.548615695953366,-0.6764307800472342,-0.16098750642834386,-0.17881379187880703,0.0,210.61419400103205,247.4195162178583,22,4709,108000,0.0003,123660.859375,71.6932144165039,-0.2540685534477234,18493576.0,26682.330078125,98001,40000.0,-59632610.992093995,,,,,,,
-8.053549333572398,-0.8097432424201749,0.0557957717827038,-0.43529523790984975,0.0,493.3440642456547,142.9668829661924,22,4786,110000,0.0003,134811.21875,77.07169342041016,0.13538435101509094,25848488.0,20366.18359375,100001,40000.0,-59632610.992093995,,,,,,,
-11.150206003189084,-0.7035183431727327,0.1512440496395175,-0.5734351931231773,0.0,566.3590121310849,108.22790091686508,23,4862,112000,0.0003,136312.0625,80.05587005615234,0.058226510882377625,28206646.0,25961.09375,102001,40000.0,-59632610.992093995,,,,,,,
-9.264300384521484,-0.40157628439350346,0.014773115870670218,-0.5834442297662966,0.0,557.7687399097846,-335.1348099817181,23,4939,114000,0.0003,138708.609375,79.99332427978516,0.3337644636631012,31111072.0,35022.70703125,104001,40000.0,-59632610.992093995,,,,,,,
-1.4713882312774673,-0.5153540248385309,0.3232583871515056,-0.26176290947138525,0.0,304.5070632955181,2653.476932759179,23,5016,116000,0.0003,70672.8828125,174.1445770263672,-5.0106401443481445,113069440.0,37049.09375,106001,40000.0,-59632610.992093995,,,,,,,
-23.797776311874408,0.11001875623776555,2.041797613763787,2.6647902768010727,0.0,29371.870343679464,37880.33798488923,23,5092,118000,0.0003,98725.6796875,264.44110107421875,-3.157306671142578,8090287104.0,917293.6875,108001,40000.0,-59632610.992093995,,,,,,,
15.600456064224192,0.11390744817536105,-1.9250075048945101,0.8123380750555549,0.0,7857.242123924859,-39635.24111764047,23,5169,120000,0.0003,-31060.85546875,410.05377197265625,-0.3025816082954407,4342590976.0,721926.375,110001,40000.0,-71601717.368866,,,,,,,
5.408979246139519,0.27596870493714937,0.3083321625972027,-0.9226039074947863,0.0,1093.77084330903,-186.27704794671013,23,5246,122000,0.0003,-84626.125,477.4140319824219,-0.9232075214385986,1245890176.0,170149.671875,112001,40000.0,-71601717.368866,,,,,,,
7.857501476287842,0.5514198815131578,0.14563531341086966,-0.8109620782273276,0.0,892.1000994929772,-138.9266406733161,23,5323,124000,0.0003,-143965.25,727.1132202148438,-0.5466693639755249,12058675200.0,1245709.0,114001,40000.0,-71601717.368866,,,,,,,
10.010388584136956,0.6971800999609475,0.00776034382999976,-0.7268494684166605,0.0,787.865204168946,-9.461686370724637,23,5400,126000,0.0003,-277597.5625,1014.6300659179688,0.38784947991371155,3133619200.0,406975.03125,116001,40000.0,-71601717.368866,,,,,,,
9.325188367843609,0.6957254432052773,0.05724676156439456,-0.7350104022106698,0.0,799.1930614222332,-39.16975880327575,23,5477,128000,0.0003,-354578.21875,1101.6136474609375,-1.2259470224380493,2366136064.0,305517.0625,118001,40000.0,-71601717.368866,,,,,,,
9.741974391937271,0.7177403734337274,-0.07984755497950043,-0.7279619279791704,0.0,796.4334769934204,87.18930522387981,23,5554,130000,0.0003,-447032.5625,1057.7725830078125,0.6894171237945557,2837995008.0,325243.59375,120001,40000.0,-71601717.368866,,,,,,,
9.449090290069588,0.613458407063337,-0.02236870183275805,-0.7957982685877436,0.0,874.521731920568,24.71383340975567,23,5630,132000,0.0003,-533765.5,1173.44921875,0.7075252532958984,3255896576.0,311060.59375,122001,40000.0,-71601717.368866,,,,,,,
9.037826837539681,0.5945921993233231,-0.02925831885018266,-0.8070391168260859,0.0,889.2774211040056,35.23640873919103,23,5706,134000,0.0003,-663100.3125,1945.9598388671875,-1.651793360710144,4921024512.0,491234.71875,124001,40000.0,-71601717.368866,,,,,,,
-30.658022541046147,0.24727754385861575,-3.9199852048223707,3.676534584413985,0.0,80469.82398950613,601036.2999204925,23,5783,136000,0.0003,-1657916.125,4857.95947265625,-11.261566162109375,80677879808.0,2477620.5,126001,40000.0,-71601717.368866,,,,,,,
-60.327565748214724,0.014604326335142174,-24.072260223189044,79.9172077974107,0.0,9939912.14574949,29966873.731542375,23,5859,138000,0.0003,-1822120.375,8429.8525390625,-1.8428049087524414,439833362432.0,4690255.5,128001,40000.0,-71601717.368866,,,,,,,
34.862500719070454,-0.006097477498966361,-31.812923341275862,135.4933861757847,0.0,25749545.28423259,-23321253.248717625,23,5936,140000,0.0003,2368156.75,5690.03125,-1.1883788108825684,45509578326016.0,52850136.0,130001,40000.0,-71601717.368866,,,,,,,
61.09734213256836,-0.136241390214108,-11.109407528816211,21.127292026040024,0.0,3915470.854513766,-3976938.203292621,23,6012,142000,0.0003,8898559.0,7741.04736328125,-2.8840651512145996,94980416733184.0,94358240.0,132001,40000.0,-71601717.368866,,,,,,,
60.19513134384155,-0.1354428550257645,10.874966183726373,20.112628751110034,0.0,3838372.763221923,3623188.5191229708,23,6088,144000,0.0003,10350688.0,13457.8583984375,-1.9717389345169067,230319600959488.0,147257824.0,134001,40000.0,-71601717.368866,,,,,,,
31.947275516510008,-0.015610327555443887,26.965986036957567,95.11695229429493,0.0,12879158.651094684,7748640.902986655,23,6164,146000,0.0003,22215854.0,20770.28125,-1.1444811820983887,299441697325056.0,185280496.0,136001,40000.0,-71601717.368866,,,,,,,
-30.193418958663976,0.0015162437599003996,22.052498067763143,65.10918338848008,0.0,6173960.3642095355,-12974396.291870454,23,6240,148000,0.0003,17010184.0,26963.90234375,0.4438467025756836,109710258733056.0,56694196.0,138001,40000.0,-71601717.368866,,,,,,,
-36.72728429031369,0.07832313016267557,9.92237571536292,14.73471492484145,0.0,443464.17288236,-1526379.3772310712,23,6316,150000,0.0003,41554916.0,33164.6796875,1.0245319604873657,2575538879201280.0,483327136.0,140001,40000.0,-71601717.368866,,,,,,,
-6.745799751281752,-0.5608157812674212,0.5280646072999068,-0.21815756900571195,0.0,399.3598492084476,-2542.2180615650914,23,6392,152000,0.0003,45074952.0,37482.71875,-0.756771445274353,788646592512000.0,243518032.0,142001,40000.0,-71601717.368866,,,,,,,
18.602709207534787,0.1817937359574819,0.6372343184930203,0.05368099610659736,0.0,343.41602945693944,1265.7161454386667,23,6468,154000,0.0003,44495672.0,41782.42578125,0.4145567715167999,2083820555730944.0,471225568.0,144001,40000.0,-71601717.368866,,,,,,,
46.72638969612124,0.6110978529205192,0.11813723196473573,0.5765937561350556,0.0,891.8108842756335,92.67760603215494,23,6544,156000,0.0003,60536260.0,44451.25390625,0.2582347095012665,2292039362281472.0,465684288.0,146001,40000.0,-71601717.368866,,,,,,,
10.929553712844818,0.09735703733186823,2.295524588233186,1.3036819867577158,0.0,8964.300794871064,4994.684584930609,23,6620,158000,0.0003,52046000.0,45797.99609375,-0.6376477479934692,1532731154497536.0,297572672.0,148001,40000.0,-71601717.368866,,,,,,,
5.551549837112421,0.10525986366114784,1.435319404870985,-0.030278350938641705,0.0,9596.403156529146,6788.027944831638,23,6696,160000,0.0003,70129376.0,48847.53515625,0.5593479871749878,370122497720320.0,118111576.0,150001,40000.0,-31577042544.249954,,,,,,,
7.972207210540777,0.33967761037602934,0.5145263085517038,-0.8752325245843631,0.0,1087.7001356579945,-355.8765843517713,23,6772,162000,0.0003,71753608.0,48523.59375,-0.1793099343776703,204477353164800.0,80921232.0,152001,40000.0,-31577042544.249954,,,,,,,
4.791676090240485,-0.10845314556564423,0.9862259232844014,-0.30605445035549583,0.0,1171.6507982846272,1385.7660090555005,23,6849,164000,0.0003,69905600.0,50063.9921875,-0.0484992116689682,5318790862602240.0,750310144.0,154001,40000.0,-31577042544.249954,,,,,,,
43.08817631912235,0.5699503758419837,0.21589847734633694,0.7229338301570184,0.0,3060.859252389404,1066.0871157521733,23,6925,166000,0.0003,70336184.0,51923.25390625,-0.6175915002822876,527030940598272.0,164592144.0,156001,40000.0,-31577042544.249954,,,,,,,
12.372226810455304,0.12629230089513305,0.9719765684031177,0.3081683531070224,0.0,3993.8227075416103,2016.0197376436627,23,7002,168000,0.0003,44760984.0,53513.109375,-0.10192635655403137,232246212558848.0,126848528.0,158001,40000.0,-31577042544.249954,,,,,,,
15.873638467788691,0.46023380690781496,0.535589847446988,-0.21610024422071936,0.0,6253.740889795718,1645.3031205929167,24,7078,170000,0.0003,56676088.0,55298.80078125,0.3106371760368347,1463532923125760.0,406797440.0,160001,40000.0,-31577042544.249954,,,,,,,
23.671159700393677,0.7558394933189754,0.004691713085306395,-0.03527975216916721,0.0,6847.390036902349,63.13236691920076,24,7154,172000,0.0003,48335424.0,55327.44140625,-0.9196774959564209,8517867188256768.0,958337344.0,162001,40000.0,-31577042544.249954,,,,,,,
9.452631303787228,0.807161014459074,0.08560872445016077,-0.1785666804698785,0.0,7026.302181703046,390.3623847456711,24,7230,174000,0.0003,38580052.0,54666.3828125,0.18128615617752075,110479536029696.0,75861176.0,164001,40000.0,-31577042544.249954,,,,,,,
5.71297588157653,0.8247629411923296,0.11677249511180662,-0.271929172977028,0.0,7315.396526781044,563.4312944538965,24,7306,176000,0.0003,49779364.0,55279.60546875,-1.722499132156372,157753041485824.0,102007048.0,166001,40000.0,-31577042544.249954,,,,,,,
-0.25813890457154287,-0.8421759587918658,0.25486943509755355,-0.2832625950209431,0.0,8162.421838229302,1301.2217252889568,24,7382,178000,0.0003,112701216.0,55469.71875,0.13752496242523193,1.2503407860383744e+16,920725696.0,168001,40000.0,-31577042544.249954,,,,,,,
-5.144321834564187,-0.11787035515814773,0.5749663850090807,-0.6870490935890283,0.0,11216.502883623896,3471.07719798631,24,7458,180000,0.0003,88232456.0,56012.4140625,0.4705052971839905,1570264739479552.0,429168768.0,170001,40000.0,-31577042544.249954,,,,,,,
8.934267126083382,0.302935989538227,0.15355796285213172,-0.7145005955776105,0.0,12625.539232858722,712.2233248032927,24,7533,182000,0.0003,52752912.0,55762.234375,-0.6314767003059387,2364979718127616.0,487849376.0,172001,40000.0,-31577042544.249954,,,,,,,
6.069322198867802,0.6729902965219055,0.2998621407852965,-0.5755910116253388,0.0,13886.975113043824,1543.791500997217,24,7609,184000,0.0003,102108944.0,55397.13671875,-0.3037288188934326,460205779320832.0,163837808.0,174001,40000.0,-31577042544.249954,,,,,,,
7.828974920272827,0.811555003696018,-0.1814004167518309,-0.4702082648132451,0.0,14318.416606508754,-936.1249712698441,24,7685,186000,0.0003,59221600.0,57841.49609375,0.7560064196586609,3413939580829696.0,519704256.0,176001,40000.0,-31577042544.249954,,,,,,,
9.626333045959472,0.5464499873499149,-0.043215165045010544,-0.6710229297692762,0.0,13489.903253704764,-112.20211713411325,24,7762,188000,0.0003,78460552.0,58459.33203125,-0.535754919052124,1.5422016379158528e+16,1222441472.0,178001,40000.0,-31577042544.249954,,,,,,,
5.640934038162224,0.3496189390245205,-0.32693002467056376,-0.7684389144517965,0.0,12943.679752227059,-1371.427024014762,24,7838,190000,0.0003,65084592.0,57929.21484375,0.3860347867012024,2771714194800640.0,512819200.0,180001,40000.0,-31577042544.249954,,,,,,,
0.09390333175659137,-0.0751944980388654,-0.14866793712203102,-0.8961186599181021,0.0,11579.89428498036,-611.929517517701,24,7914,192000,0.0003,68719008.0,57417.265625,-1.2656413316726685,4.49024829203415e+16,1592277888.0,182001,40000.0,-31577042544.249954,,,,,,,
-3.316446910858155,-0.10885475269616807,0.004914978060678394,-0.9045602277554224,0.0,11467.680044115154,190.19678148181768,24,7990,194000,0.0003,71813848.0,58946.21484375,1.262949824333191,4428064574406656.0,640359296.0,184001,40000.0,-31577042544.249954,,,,,,,
-7.290745655059818,-0.3059604831076164,-0.27420950295127394,-0.8248856652264629,0.0,10647.303536330513,-1643.7720936466737,24,8067,196000,0.0003,75766304.0,60603.20703125,-0.44576317071914673,1.8361732514709504e+16,1401727104.0,186001,40000.0,-31577042544.249954,,,,,,,
-10.497787597656231,-0.27535090749101965,-0.5626680119983992,-0.5278057839538328,0.0,8435.587344878404,-2455.50764498307,24,8143,198000,0.0003,52247960.0,61203.53515625,-1.0160070657730103,859221226684416.0,229504576.0,188001,40000.0,-31577042544.249954,,,,,,,
-15.515285942077625,-0.2837021809519877,-0.759818843708421,-0.001721747939682715,0.0,4965.491390061361,-3376.046848647121,,,200000,0.0003,68249504.0,64291.71484375,1.1470050811767578,3366130957680640.0,485965408.0,190000,,,0.0,0.0,40000.0,-29969.585810203396,3891.039695521369,0.0,0.0
,,,,,,,21,9380,200000,0.0003,34533872.0,64291.8984375,-1.7437223196029663,4404979125190656.0,672272192.0,190001,40000.0,-25329832538.52381,,,,,,,
7.264358428955078,0.41394631415117134,0.43971990022862595,-0.8278684112908826,0.0,987.9086499304777,-369.30129424711856,21,9455,202000,0.0003,85831032.0,65068.86328125,-0.15940451622009277,2736557203128320.0,400947904.0,192001,40000.0,-25329832538.52381,,,,,,,
7.025555049896229,0.7342449895181536,0.22544870621055227,-0.6207231487221069,0.0,709.9491222220572,-177.9355037156764,21,9531,204000,0.0003,94815152.0,66084.15625,2.2544093132019043,907616582631424.0,277701280.0,194001,40000.0,-25329832538.52381,,,,,,,
11.51196984481814,-0.1717646730682549,0.27611191659300865,-0.3826483310140432,0.0,599.0193056546022,148.7482588016054,21,9607,206000,0.0003,58854096.0,67592.8046875,0.4938751459121704,5707688340094976.0,489934304.0,196001,40000.0,-25329832538.52381,,,,,,,
-24.10118341445922,-0.6049660364156445,-0.09498728032701192,-0.16053262913113767,0.0,686.6929073537422,-213.99912492465148,21,9683,208000,0.0003,69621584.0,67950.3515625,-0.7615259289741516,1.759716820647936e+16,1346689280.0,198001,40000.0,-25329832538.52381,,,,,,,
-23.85638712501526,-0.64361022505003,0.08481496008858018,-0.13200361084964707,0.0,667.0733945218378,166.1292069999632,21,9760,210000,0.0003,23048606.0,67548.0234375,-0.23816201090812683,592542143873024.0,250650912.0,200001,40000.0,-25329832538.52381,,,,,,,
5.603157579421995,-0.6215663031443621,0.20523786589337728,-0.13693645147596242,0.0,659.8676655601436,315.71155362829063,21,9836,212000,0.0003,71288808.0,66381.15625,-0.28961431980133057,2.3945082625327104e+16,1611498624.0,202001,40000.0,-25329832538.52381,,,,,,,
-9.592663648605344,-0.17793038797855273,-0.07088236473303808,0.1443237926953216,0.0,1311.3273880156719,373.73447731548595,21,9912,214000,0.0003,75093360.0,66360.265625,-1.2838833332061768,1124274261721088.0,188985696.0,204001,40000.0,-25329832538.52381,,,,,,,
-5.672913652420045,-0.15639208269125146,0.27283116737348345,0.4567127563752146,0.0,1418.374539587548,1097.6424511665975,21,9989,216000,0.0003,83723744.0,66756.03125,-0.6788762807846069,2502477190529024.0,419571168.0,206001,40000.0,-25329832538.52381,,,,,,,
-17.305810358047484,-0.2141313699100865,0.069590588807328,0.7811129205120592,0.0,1907.0962809039374,-129.7881412073285,21,10066,218000,0.0003,58240240.0,66497.171875,-0.6989912390708923,1.1984421192204288e+16,853686016.0,208001,40000.0,-25329832538.52381,,,,,,,
-19.754275362014763,-0.18469328990758588,-0.07279816821659173,0.9965232705827552,0.0,2421.576736562991,559.7319631896016,21,10143,220000,0.0003,62961832.0,65312.7578125,0.9452333450317383,1.9726200674975744e+16,1187975168.0,210001,40000.0,-25329832538.52381,,,,,,,
-19.86888874435424,-0.1640446002352143,-0.021140399844857494,1.183501597841185,0.0,2908.2305574845464,533.9386839085679,21,10220,222000,0.0003,88322208.0,63164.53515625,-0.8936059474945068,2.209090873642189e+16,1414608512.0,212001,40000.0,-25329832538.52381,,,,,,,
-21.018808923721306,-0.1635875275605523,-0.0249149460414684,1.3695207668236724,0.0,3475.274198989449,677.9188644456298,21,10297,224000,0.0003,53672684.0,61971.71484375,-1.892280101776123,6839192105517056.0,543553536.0,214001,40000.0,-25329832538.52381,,,,,,,
-22.561728004455574,-0.16418852118244684,0.06322482739658286,1.5036780113467938,0.0,3919.4140097326344,541.4309150602138,21,10374,226000,0.0003,67221064.0,61300.97265625,-1.996108889579773,3.1103075120840704e+16,1803440128.0,216001,40000.0,-25329832538.52381,,,,,,,
-21.635313035964966,-0.14027289472632667,0.017867765808712976,1.6378057284556191,0.0,4460.100689218274,476.6514690112436,21,10450,228000,0.0003,42515128.0,59630.25,1.1988303661346436,1757337408765952.0,390097088.0,218001,40000.0,-25329832538.52381,,,,,,,
-23.224030849456753,-0.14027281221461635,-0.05941804267945829,1.7787334623158024,0.0,5037.286583690863,1154.914381744478,21,10527,230000,0.0003,37075496.0,56517.49609375,-0.5205809473991394,1.231421884596224e+16,1035296512.0,220001,40000.0,-25329832538.52381,,,,,,,
-25.69141291618351,-0.14837114771588542,-0.11962798397027993,1.9203239163882555,0.0,5650.701581250577,2166.9416479210695,21,10603,232000,0.0003,28964900.0,56575.46875,0.5787526369094849,434388261142528.0,138539504.0,222001,40000.0,-25329832538.52381,,,,,,,
-29.25543899154667,-0.16084486515614388,0.033260387978243384,2.0772018851503136,0.0,6334.366418342183,-194.4333880249837,21,10679,234000,0.0003,33334732.0,54463.125,-0.09129378199577332,932063066718208.0,256058688.0,224001,40000.0,-25329832538.52381,,,,,,,
-28.799132158279406,-0.1562095726372674,0.023467104358795027,2.182016317324643,0.0,6897.160025478311,214.7897217607352,21,10755,236000,0.0003,77772448.0,52259.625,-0.15599218010902405,1001687238049792.0,157236672.0,226001,40000.0,-25329832538.52381,,,,,,,
-24.671170263290417,-0.13831697307514768,0.10228579138907538,2.2811860118923373,0.0,7430.459712125092,327.77761054789727,21,10832,238000,0.0003,74337992.0,51326.2109375,-1.024634599685669,2.0833183398363136e+16,1024070784.0,228001,40000.0,-25329832538.52381,,,,,,,
-26.80548468971254,-0.12931817310776436,-0.09472040758421778,2.401287871927354,0.0,8141.161670325951,2479.5811566280945,22,10908,240000,0.0003,50835496.0,49404.15625,0.42796754837036133,1.0089811259949056e+16,813720384.0,230001,40000.0,-21130068129.248825,,,,,,,
2.0686582355499294,0.08027734916729841,0.09425506521758449,-0.9414420952721309,0.0,1071.1859134581675,71.67877993672973,22,10985,242000,0.0003,47835892.0,47808.859375,0.06770011782646179,8196154810433536.0,672443456.0,232001,40000.0,-21130068129.248825,,,,,,,
0.11402617835998467,0.0648526040920409,-0.1005989563725635,-0.9351010220807672,0.0,1057.6531828798165,104.6996278755908,22,11061,244000,0.0003,19869438.0,47474.9140625,0.9678027033805847,1.1577752213782528e+16,1227363328.0,234001,40000.0,-21130068129.248825,,,,,,,
0.7897256870269782,-0.0008302329472403954,0.03372149681724567,-0.9334257683742287,0.0,1048.2566003141308,114.1503917391951,22,11137,246000,0.0003,87521464.0,46229.39453125,-1.0211900472640991,4627406354644992.0,464759520.0,236001,40000.0,-21130068129.248825,,,,,,,
2.520185659408569,0.15597391666359628,0.1000739098877406,-0.905438225158875,0.0,1004.2683307661313,88.3160542261243,22,11213,248000,0.0003,48128228.0,46073.32421875,-0.9560871720314026,1.2277670821756928e+16,1164379520.0,238001,40000.0,-21130068129.248825,,,,,,,
-2.2701100673675545,-0.06964307869647123,-0.2728603179542928,-0.8788566539916556,0.0,979.0243907411369,-94.11438593878853,22,11290,250000,0.0003,23776692.0,45730.609375,1.787536382675171,4417973280309248.0,647849664.0,240001,40000.0,-21130068129.248825,,,,,,,
-1.4437057380676266,-0.17107906835153344,0.08298151357359024,-0.8546450831384675,0.0,890.5968507136552,57.02925044481429,22,11366,252000,0.0003,28211576.0,43603.296875,1.3800861835479736,2.3823221518237696e+16,1775324288.0,242001,40000.0,-21130068129.248825,,,,,,,
-5.142497764587392,-0.20764943930911053,-0.1652379719775627,-0.815258079043942,0.0,840.2848752336893,-83.76214549391669,22,11442,254000,0.0003,12216823.0,41674.18359375,0.3371922969818115,547359557681152.0,173791424.0,244001,40000.0,-21130068129.248825,,,,,,,
-9.80002463150024,-0.4324146700270808,-0.10097489278015566,-0.721879141046024,0.0,689.8794845687863,-105.99066241069316,22,11519,256000,0.0003,61558520.0,40651.03515625,-0.8340707421302795,838743829250048.0,260891088.0,246001,40000.0,-21130068129.248825,,,,,,,
-5.197055915832522,-0.4593617556494229,0.045152367516859644,-0.6978939995837627,0.0,654.3913350065556,14.881787862837838,22,11595,258000,0.0003,76212600.0,40259.98046875,-0.9243759512901306,2.513835983162573e+16,1670194816.0,248001,40000.0,-21130068129.248825,,,,,,,
-8.71671918296814,-0.38722524536612296,0.0475845202616326,-0.7100972582965321,0.0,659.0324030171053,26.9680681530086,22,11671,260000,0.0003,26389042.0,39179.33984375,0.9500095844268799,1329118968807424.0,277943328.0,250001,40000.0,-21130068129.248825,,,,,,,
-8.595999198913564,-0.4179931285290691,-0.08811253969085776,-0.6752687474837584,0.0,606.2962969622587,-112.6640202799986,22,11748,262000,0.0003,41221792.0,39504.140625,-0.20874759554862976,1.1255479342727168e+16,1059423296.0,252001,40000.0,-21130068129.248825,,,,,,,
-7.355455741882321,-0.4255894796309795,0.01475237121753985,-0.6341035344208134,0.0,544.7952754615067,-73.02270475741172,22,11824,264000,0.0003,53732556.0,39327.20703125,0.5613983273506165,2546231632986112.0,406229664.0,254001,40000.0,-21130068129.248825,,,,,,,
-8.605365278244012,-0.3995780055128456,0.056021292820729054,-0.6198240965642282,0.0,514.6614419453014,56.76636721615419,22,11900,266000,0.0003,43260408.0,39225.36328125,1.47543466091156,1.8262065651122176e+16,1542248448.0,256001,40000.0,-21130068129.248825,,,,,,,
-7.480892505645754,-0.4586856684282736,-0.08834508885381882,-0.5604054947875626,0.0,447.2782211948383,-111.93165839802137,22,11977,268000,0.0003,47333400.0,39255.97265625,0.3064166307449341,5145763810115584.0,485381408.0,258001,40000.0,-21130068129.248825,,,,,,,
-10.304732414245622,-0.45865327373274833,0.03304450978855419,-0.5204628156737401,0.0,393.38844053573183,-26.46972583687584,22,12055,270000,0.0003,18335774.0,39161.07421875,-0.4796108305454254,1.1309536874856448e+16,1028788928.0,260001,40000.0,-21130068129.248825,,,,,,,
-8.302009597778317,-0.3607859377223182,0.05133106020511039,-0.5469921075837498,0.0,407.0768966174586,2.293748421539244,22,12133,272000,0.0003,-10072567.0,38351.18359375,-0.1672348827123642,718335293521920.0,239558096.0,262001,40000.0,-21130068129.248825,,,,,,,
-6.656991788864136,-0.4865693678200819,-0.11853053109023763,-0.4159535399342328,0.0,289.1925256689758,-92.40211078352677,22,12211,274000,0.0003,40040088.0,37990.3984375,-0.8538195490837097,411965344186368.0,157060272.0,264001,40000.0,-21130068129.248825,,,,,,,
-9.281269412994382,-0.4552121935034226,0.07404712733903689,-0.37644408073829994,0.0,240.9365251624237,-63.25553147193377,22,12289,276000,0.0003,50941548.0,38120.0,1.1794986724853516,4234079155257344.0,578347648.0,266001,40000.0,-21130068129.248825,,,,,,,
-6.923142404556271,-0.34502184757035365,0.05941749678305209,-0.4064782527111143,0.0,245.45863488483806,44.860749060482924,22,12367,278000,0.0003,40431292.0,37850.12109375,-1.7992448806762695,4273851089289216.0,518659200.0,268001,40000.0,-21130068129.248825,,,,,,,
-14.184545026779118,-0.45495146755376714,-0.12546753029187394,-0.27862137967745304,0.0,169.24334273717523,-88.84587392014713,22,12444,280000,0.0003,52209044.0,38834.83203125,-0.40323925018310547,1.7419137517092864e+16,1297838976.0,270001,40000.0,-18115130653.918385,,,,,,,
-6.3871048622131354,-0.39976382028523333,-0.4101810490607255,-0.8686761785024307,0.0,1056.4747935546243,-281.6568863302504,22,12521,282000,0.0003,26921072.0,40228.46875,-1.2853891849517822,1124869919997952.0,261711728.0,272001,40000.0,-18115130653.918385,,,,,,,
-10.327279954910285,-0.7007088539169655,-0.15738734227678883,-0.7210541982769759,0.0,786.7297179079487,-155.29423589039402,22,12597,284000,0.0003,34136772.0,39801.41015625,-1.1650035381317139,1.6734388733607936e+16,1467970944.0,274001,40000.0,-18115130653.918385,,,,,,,
-3.6397451057434034,-0.8035826160690819,-0.12294276668835116,-0.6083409177854592,0.0,714.8221763607003,21.773912246821837,22,12673,286000,0.0003,11555242.0,39219.04296875,0.7798222899436951,667840168329216.0,236084832.0,276001,40000.0,-18115130653.918385,,,,,,,
5.149565196990958,0.938839562941055,-0.054045602236942075,-0.5997705819536944,0.0,773.9707461781192,64.97763061079347,22,12750,288000,0.0003,23006528.0,40169.23828125,0.502224326133728,1.0248133418156032e+16,874223360.0,278001,40000.0,-18115130653.918385,,,,,,,
5.09909710311889,-0.23386736786727041,0.17738346526801652,-0.5280324495166058,0.0,629.0330327094163,-257.1401448946134,22,12826,290000,0.0003,69697144.0,39491.2578125,-0.331635057926178,2330040696045568.0,335421312.0,280001,40000.0,-18115130653.918385,,,,,,,
-13.816679889678948,-0.7016973501104086,0.13022320437305815,-0.6372223204595587,0.0,650.857697396303,161.6567684771983,22,12902,292000,0.0003,31195476.0,39424.46484375,0.5663775205612183,6221443201236992.0,770545344.0,282001,40000.0,-18115130653.918385,,,,,,,
-7.521246936798113,-0.582325796299762,-0.27145096559279364,-0.5624182188832088,0.0,622.2790791330959,-23.982215034232173,22,12978,294000,0.0003,63087464.0,39933.11328125,0.5233493447303772,3665671909015552.0,462362048.0,284001,40000.0,-18115130653.918385,,,,,,,
10.127342731475819,-0.2012930327094798,0.17712900588800803,-0.4601755114483679,0.0,543.0997091166787,-309.15230214589167,22,13054,296000,0.0003,20160476.0,38847.3515625,0.7080383896827698,1915967596658688.0,494056896.0,286001,40000.0,-18115130653.918385,,,,,,,
-14.916738750457789,-0.6636826946309263,0.16438542137702394,-0.5123996810998483,0.0,469.77944223481285,194.49798535004297,22,13129,298000,0.0003,40284824.0,39003.44921875,-0.4558216631412506,3.719973395287245e+16,1734583552.0,288001,40000.0,-18115130653.918385,,,,,,,
-16.192588624954215,-0.6119258255586005,-0.17161156638907707,-0.5325937740092289,0.0,481.7732339522437,-160.07618775579434,,,300000,0.0003,-1595993.875,38924.04296875,-0.09332391619682312,1406165581824000.0,375918400.0,290000,,,0.0,0.0,40000.0,-30881.665858710396,1085.138332226911,0.0,0.0
,,,,,,,20,14370,300000,0.0003,33519610.0,38921.92578125,-0.6744648218154907,139360439631872.0,89633856.0,290001,40000.0,-18115130653.918385,,,,,,,
12.556952646255489,-0.8410555705518543,0.04340331025190782,-0.3628518248740593,0.0,392.5384873642633,-119.48973930579272,20,14447,302000,0.0003,29863424.0,39536.62890625,0.5479470491409302,1497197950533632.0,340140064.0,292001,40000.0,-18115130653.918385,,,,,,,
-4.357391902923584,-0.5118614635657794,0.18697810278769394,-0.18930101199570684,0.0,154.7909583528933,-182.93179359993493,20,14523,304000,0.0003,39847600.0,39379.26171875,-2.10770320892334,4421008480010240.0,542565440.0,294001,40000.0,-18115130653.918385,,,,,,,
-11.729270462036116,-0.37967351189310977,0.07836600550240279,-0.17422686614325464,0.0,91.52880689587283,25.151086972413356,20,14598,306000,0.0003,10827386.0,40043.05859375,0.9862474203109741,220601633472512.0,131015936.0,296001,40000.0,-18115130653.918385,,,,,,,
-22.31640249061583,-0.49713182955655383,-0.23440377018113787,-0.0590831583761359,0.0,148.72600079862153,177.9286665643423,20,14674,308000,0.0003,39700880.0,41998.1171875,-0.08794935047626495,1632491165188096.0,425687392.0,298001,40000.0,-18115130653.918385,,,,,,,
-39.38109344291683,-0.677967802078842,0.03518540433028131,0.3798761845576003,0.0,421.9121389923446,-44.649769347819046,21,14750,310000,0.0003,25585180.0,42523.5,1.4150956869125366,1682206888034304.0,334427456.0,300001,40000.0,-18115130653.918385,,,,,,,
12.795772678375256,0.04499673915161981,-0.5151958641194054,0.2519223916862124,0.0,684.4295738143643,452.50232989144143,21,14826,312000,0.0003,-19679360.0,42726.9140625,1.1788852214813232,15441151918080.0,21115834.0,302001,40000.0,-18115130653.918385,,,,,,,
23.05065237998961,0.7111250205830365,-0.013410610452080496,0.018346302774651765,0.0,581.7802868574197,26.41517936283906,21,14901,314000,0.0003,36187852.0,44133.7734375,1.3837074041366577,328961947074560.0,127565728.0,304001,40000.0,-18115130653.918385,,,,,,,
25.020829334259055,0.6008493447586211,0.4235793271596003,0.0899764391628758,0.0,842.1108404110844,4582.191278102758,21,14977,316000,0.0003,21495464.0,44188.01953125,-0.580040454864502,1062381702610944.0,293893216.0,306001,40000.0,-18115130653.918385,,,,,,,
-8.949213552474944,-0.4998471024342081,0.10456943190990924,0.05019282407851983,0.0,434.04101624923993,-5048.843379266277,21,15053,318000,0.0003,6450215.5,44450.6171875,-1.1982312202453613,1.7369242882015232e+16,1448682880.0,308001,40000.0,-18115130653.918385,,,,,,,
-12.84114730262756,-0.5159587494180894,-0.02217589525867363,-0.17057267613206697,0.0,700.8318065044182,416.07938594872877,21,15129,320000,0.0003,4153194.0,45206.234375,-0.3556241989135742,759836086108160.0,246366320.0,310001,40000.0,-15853534699.564783,,,,,,,
-10.97623179626465,-0.5162236362505438,-0.6248334638940083,-0.6977563365593601,0.0,877.9889347641719,-585.5222262668809,21,15204,322000,0.0003,20213644.0,46315.578125,-1.9354500770568848,1026708845101056.0,338821728.0,312001,40000.0,-15853534699.564783,,,,,,,
15.39804293441771,0.5242246231998643,-0.026767213999769234,-0.47799879470861506,0.0,669.1921527638527,-17.93476838353745,21,15280,324000,0.0003,13353466.0,48135.14453125,-0.006005346775054932,300763003748352.0,122332776.0,314001,40000.0,-15853534699.564783,,,,,,,
-5.437770557403563,-0.7579553327607604,0.16857793368564303,-0.27838891287121525,0.0,294.2733155704871,-252.2930037585163,21,15356,326000,0.0003,35851800.0,48909.16015625,0.48467445373535156,9839728199204864.0,950835072.0,316001,40000.0,-15853534699.564783,,,,,,,
-13.39451967239379,-0.5931697095070992,0.055005981307317396,-0.4292400523017185,0.0,344.63465464928413,101.86298279641433,21,15432,328000,0.0003,5422472.0,49646.35546875,1.290158748626709,2757773267828736.0,587211392.0,318001,40000.0,-15853534699.564783,,,,,,,
-7.473336570739742,-0.15389524402733298,-0.4605792488194357,-0.0822481891418985,0.0,496.4401515088976,280.7282871369944,21,15508,330000,0.0003,-1634059.0,51403.60546875,1.1356842517852783,565658534281216.0,222145664.0,320001,40000.0,-15853534699.564783,,,,,,,
-11.337286321640002,0.33669564740031616,0.20443869134961798,-0.3385606109095284,0.0,559.8412536551247,-72.22663950870637,21,15583,332000,0.0003,15676436.0,52118.5234375,-0.8706886172294617,2649808258990080.0,380932352.0,322001,40000.0,-15853534699.564783,,,,,,,
15.922357284545873,0.7766124543684328,-0.10670338690742703,-0.5219956108122241,0.0,836.0874694978603,203.26554755629346,21,15659,334000,0.0003,-3402145.5,53061.234375,-1.0874361991882324,3157871483158528.0,607903744.0,324001,40000.0,-15853534699.564783,,,,,,,
7.821920276641865,-0.38807738408018694,0.39631574345037246,-0.297318449764734,0.0,399.7794105387945,-575.1234591593188,21,15735,336000,0.0003,-7522623.0,51800.4453125,0.5769845247268677,1.221497288916992e+16,1150151040.0,326001,40000.0,-15853534699.564783,,,,,,,
-19.89271901702879,-0.5422353712652024,0.06604410991974903,-0.13038450136285182,0.0,130.96147430993844,-19.369989616545396,21,15811,338000,0.0003,10112165.0,54018.01171875,-0.5044870376586914,6006472035008512.0,745205376.0,328001,40000.0,-15853534699.564783,,,,,,,
-3.296083553314209,-0.47251588426620594,-0.06739669115543523,-0.23465743547196613,0.0,142.50332414656734,46.91744453895971,21,15887,340000,0.0003,2767500.0,53576.6328125,0.6862500905990601,2799084679200768.0,534232448.0,330001,40000.0,-15853534699.564783,,,,,,,
-27.318853637695394,-0.4612388542204962,-0.4840790839310138,0.34742099658793274,0.0,645.3594942408029,504.2692590513986,21,15963,342000,0.0003,-9128693.0,53768.48046875,-0.3844251036643982,907163933343744.0,214626656.0,332001,40000.0,-15853534699.564783,,,,,,,
27.202489862441993,0.5767339323864904,-0.10648066617957097,-0.04152559683883654,0.0,678.0703486737128,-25.70126995875975,21,16039,344000,0.0003,36281648.0,55227.4921875,-1.5787146091461182,3677754457325568.0,316318336.0,334001,40000.0,-15853534699.564783,,,,,,,
6.1963447704315175,0.6543809916574506,0.013215116865904906,-0.12685663501737893,0.0,616.2180753962072,208.26374517760172,21,16115,346000,0.0003,15135756.0,56635.71484375,-1.1305564641952515,9424740942872576.0,795009344.0,336001,40000.0,-15853534699.564783,,,,,,,
11.708610761642445,0.6601074638518939,0.1552214770806878,-0.3465260559692278,0.0,722.0136368825353,-249.05169221027106,21,16191,348000,0.0003,-611676.25,58262.8046875,-0.3144627809524536,538495483379712.0,170249392.0,338001,40000.0,-15853534699.564783,,,,,,,
-12.181074066162106,-0.2315596199544349,0.19613640294556228,-0.4113936883798208,0.0,528.7143119101181,-75.52092974481717,21,16266,350000,0.0003,66145520.0,58054.20703125,-1.397123098373413,1.6377747534249984e+16,1100178688.0,340001,40000.0,-15853534699.564783,,,,,,,
10.493792396545421,0.471110332329202,-0.264116611642605,-0.5113315707183534,0.0,826.0881270966044,465.4872165175762,21,16342,352000,0.0003,9057368.0,58342.37109375,-0.38881251215934753,1943270837977088.0,408057664.0,342001,40000.0,-15853534699.564783,,,,,,,
3.6553326225280824,-0.022058326963060662,0.4251619109262396,-0.38141260705538654,0.0,570.9658711205495,-693.8056410759099,21,16418,354000,0.0003,59142944.0,58620.5078125,-0.7352287769317627,1.3180938951327744e+16,1198466688.0,344001,40000.0,-15853534699.564783,,,,,,,
-15.91072373008727,-0.6156589508164928,0.07889276374463523,-0.39757288528773016,0.0,323.26158717079903,85.19363228854812,21,16494,356000,0.0003,27447636.0,59115.5546875,0.060661524534225464,1.972080190108467e+16,1312472320.0,346001,40000.0,-15853534699.564783,,,,,,,
-18.278564664840683,-0.491909062490273,-0.39903082734452927,-0.14936238393437404,0.0,373.22154381889453,226.0866593898812,21,16570,358000,0.0003,38345284.0,60327.28515625,-1.1442383527755737,2.8075829699280896e+16,1820227584.0,348001,40000.0,-15853534699.564783,,,,,,,
10.02293822288513,0.7617415214034968,-0.1586626045903652,-0.16228932486851852,0.0,546.8910809343529,247.58097618817828,21,16646,360000,0.0003,2545897.0,59156.38671875,-0.5754798650741577,3576439936909312.0,609829888.0,350001,40000.0,-14094382512.106174,,,,,,,
-7.614412796020504,-0.514675530881844,-0.518007183417689,-0.7834219551624823,0.0,984.8165749183253,-384.62233688686763,21,16722,362000,0.0003,17618248.0,61957.7109375,-0.9870368242263794,2861177558269952.0,509658400.0,352001,40000.0,-14094382512.106174,,,,,,,
-4.486580984115612,-0.10564796075624751,-0.3764038257704293,-0.5383516675767539,0.0,718.2680350648471,269.91082490042567,21,16798,364000,0.0003,-1852387.0,60953.125,1.307488203048706,315669694382080.0,105565808.0,354001,40000.0,-14094382512.106174,,,,,,,
15.264308109283437,0.6475106845430981,0.06294638632225234,-0.6720062261137291,0.0,1118.030743621243,-130.31384890791975,21,16874,366000,0.0003,-23767956.0,62208.39453125,1.4179744720458984,731721364406272.0,280691392.0,356001,40000.0,-14094382512.106174,,,,,,,
-6.324328321456908,-0.39344071371779543,0.3321660123935124,-0.4030112731915695,0.0,523.7070666796847,-337.33999032089145,21,16950,368000,0.0003,19423348.0,63363.03125,1.4280427694320679,8709597749575680.0,993871808.0,358001,40000.0,-14094382512.106174,,,,,,,
-19.644603713989287,-0.74559273809589,-0.18732156576107076,-0.4664202073997696,0.0,503.9125111862622,68.84929684240025,21,17026,370000,0.0003,1298487.5,65349.828125,-1.2734005451202393,1.971294211093299e+16,1560288384.0,360001,40000.0,-14094382512.106174,,,,,,,
19.898637947082527,0.7920039775541888,0.013022031765233347,-0.42086529046761767,0.0,705.2772144203262,-73.32462236650997,21,17102,372000,0.0003,10810912.0,65930.875,-0.07828487455844879,6310395732033536.0,811948032.0,362001,40000.0,-14094382512.106174,,,,,,,
1.1092646751403727,-0.6683206113809836,0.37562283733256935,-0.21591595105814157,0.0,257.0669008181203,-382.93724948421215,21,17178,374000,0.0003,30106538.0,66396.03125,-0.13998162746429443,1.0916026602487808e+16,825305664.0,364001,40000.0,-14094382512.106174,,,,,,,
-18.403338747024545,-0.47706842255469645,-0.006704067501841349,-0.1237224419827595,0.0,107.00323251851705,-34.94239900519562,21,17254,376000,0.0003,3656946.0,67681.625,-1.3650431632995605,1.8457690674036736e+16,1021987264.0,366001,40000.0,-14094382512.106174,,,,,,,
2.5920959205627456,-0.544612282001529,-0.17012037600787905,-0.1788989734194955,0.0,142.14379944610607,130.466476398301,21,17331,378000,0.0003,37202800.0,67902.28125,1.1670539379119873,1.4937964974964736e+16,1019742016.0,368001,40000.0,-14094382512.106174,,,,,,,
2.3779911308288275,0.0824128532982877,-0.4340296438686741,0.007555709497451828,0.0,579.8708417099258,450.6394614044231,21,17407,380000,0.0003,-3172525.5,67370.4609375,-0.8146495223045349,6237578856497152.0,767735488.0,370001,40000.0,-14094382512.106174,,,,,,,
-4.45774250602722,0.2965343096200175,0.29752642129279033,-0.35029421786928844,0.0,569.2018105690844,-164.5087633468731,21,17483,382000,0.0003,19398568.0,68892.4375,0.7329860925674438,1.0589244015771648e+16,1168215552.0,372001,40000.0,-14094382512.106174,,,,,,,
-3.493924180984528,-0.1444941628006523,-0.33372530153276975,-0.42278931747047743,0.0,639.6082892151218,633.5550553975515,21,17559,384000,0.0003,12331760.0,68560.265625,-0.6007720828056335,5096431815753728.0,597468544.0,374001,40000.0,-14094382512.106174,,,,,,,
17.017449985504157,0.6501239748299324,0.19623384658920123,-0.6333072950998646,0.0,1090.8384860612744,-448.4194115213742,21,17635,386000,0.0003,17554084.0,68396.8046875,-0.5634052753448486,2934002755305472.0,589903424.0,376001,40000.0,-14094382512.106174,,,,,,,
-14.815254886627203,-0.6722408646257519,0.2759956008730874,-0.3672382601682574,0.0,444.8213168817441,-201.39464934018474,21,17711,388000,0.0003,-10435360.0,68586.4296875,0.7754833698272705,8570314107650048.0,985188608.0,378001,40000.0,-14094382512.106174,,,,,,,
-10.95111279106141,-0.4512220980974411,-0.3712265596355326,-0.3403671996782107,0.0,487.2338866457903,302.83101833398024,21,17787,390000,0.0003,4175501.0,68871.15625,-0.0835639238357544,2319467291869184.0,425969568.0,380001,40000.0,-14094382512.106174,,,,,,,
15.884042572021455,0.4900434628352012,0.27006674081827464,-0.43951727283171715,0.0,722.8997561998183,-364.99023154506347,21,17863,392000,0.0003,-11104250.0,70396.21875,0.23453614115715027,105417975791616.0,103844544.0,382001,40000.0,-14094382512.106174,,,,,,,
-18.282069076538072,-0.6430273839305524,0.17111644754865243,-0.19414923113446722,0.0,227.51924852943588,-209.2278903505291,21,17939,394000,0.0003,-6480994.0,71715.4765625,-0.9506514072418213,2701180631252992.0,491960288.0,384001,40000.0,-14094382512.106174,,,,,,,
-2.991146223068238,-0.5710338665214146,-0.0540631436082535,-0.25135085430846404,0.0,183.0171655921197,57.58769270342041,21,18015,396000,0.0003,6107002.0,69887.703125,0.22830040752887726,8408244590477312.0,630730944.0,386001,40000.0,-14094382512.106174,,,,,,,
-3.9654920597076573,-0.10408252926133132,-0.45098438162714993,-0.0010769604241798259,0.0,491.10694456431366,405.45856247937155,21,18091,398000,0.0003,22935464.0,72356.15625,-0.2572992444038391,6230185070297088.0,920866624.0,388001,40000.0,-14094382512.106174,,,,,,,
-5.494885520935059,0.6365236979097658,0.2392624060630838,-0.33432628001039166,0.0,576.5194979172935,-97.71706045748928,,,400000,0.0003,11765390.0,74325.7890625,0.7199492454528809,207196017131520.0,99456848.0,390000,,,0.0,0.0,40000.0,-38398.3142280443,1863.4016780950128,0.0,0.0
,,,,,,,20,19324,400000,0.0003,10414860.0,74327.484375,-0.1035565733909607,796757101379584.0,277427200.0,390001,40000.0,-12687158833.56007,,,,,,,
-8.501378629684464,-0.5815354509369733,-0.5963854612300615,-0.7390096833974239,0.0,974.9308186214388,-474.744300337075,20,19398,402000,0.0003,58792924.0,72775.671875,-0.690148651599884,2.3810809062752256e+16,1645667456.0,392001,40000.0,-12687158833.56007,,,,,,,
3.3708871994018583,0.3144535765250372,-0.4370995026016873,-0.5495446089133996,0.0,889.7001468649216,696.2180567457394,20,19473,404000,0.0003,-1836441.0,72980.984375,2.350573778152466,3821831014318080.0,619335296.0,394001,40000.0,-12687158833.56007,,,,,,,
12.040607906341553,0.4966697387640953,0.11166050590292699,-0.7489252481433852,0.0,1376.6056301209596,-304.12015484675345,20,19549,406000,0.0003,15178653.0,72001.796875,-1.8402401208877563,1.4935451345354752e+16,1318448128.0,396001,40000.0,-12687158833.56007,,,,,,,
3.588051729202269,0.8294313833119065,0.1927051967380371,-0.4231822697296209,0.0,674.2127355849515,-438.59219145045927,20,19624,408000,0.0003,-4931356.0,71398.4921875,-0.19607657194137573,80404136591360.0,71163552.0,398001,40000.0,-12687158833.56007,,,,,,,
-4.076156356811513,0.8627327956031235,-0.2417265869864669,-0.4996691545048063,0.0,747.2173631670186,526.7964900153027,20,19700,410000,0.0003,-14080068.0,68770.5390625,1.7351443767547607,8438553100943360.0,965742464.0,400001,40000.0,-12687158833.56007,,,,,,,
12.443575834274288,0.47875956537863296,-0.022471439342923175,-0.7482945068732659,0.0,1390.0149020204099,127.78987470989121,20,19775,412000,0.0003,10535382.0,66933.375,-1.5587373971939087,310290382061568.0,139202192.0,402001,40000.0,-12687158833.56007,,,,,,,
8.712647771835323,0.8008168453284519,0.27998813060670735,-0.4167713035215062,0.0,727.6945480282177,-704.4919155340721,20,19850,414000,0.0003,-18772780.0,65985.15625,-0.9458835124969482,1336369142038528.0,261832096.0,404001,40000.0,-12687158833.56007,,,,,,,
-17.903887456893944,-0.7753587169620552,0.052934363680286596,-0.5050531427869163,0.0,579.5993916598483,21.33673032080094,20,19926,416000,0.0003,-2618038.0,66826.2265625,3.1271111965179443,5936279384489984.0,741931840.0,406001,40000.0,-12687158833.56007,,,,,,,
12.413977188110351,0.5630803975532637,-0.40233206332968574,-0.6145295308513499,0.0,1146.1546149160433,920.0199632505551,20,20001,418000,0.0003,-18693570.0,65834.1171875,-0.7806953191757202,5488655745417216.0,754316224.0,408001,40000.0,-12687158833.56007,,,,,,,
10.500769529342644,0.6240459101368308,0.2550433360569626,-0.6393777988507502,0.0,1143.5636928356741,-818.6551961886455,20,20077,420000,0.0003,-17581042.0,65060.921875,0.15936017036437988,1284851277758464.0,425764672.0,410001,40000.0,-12687158833.56007,,,,,,,
-0.43203603363036885,0.7645222280658498,-0.11883052402110482,-0.47217181648726814,0.0,749.1987382163936,290.8204247068767,20,20153,422000,0.0003,-5319991.0,65353.4453125,1.2539384365081787,1824485732777984.0,335092800.0,412001,40000.0,-12687158833.56007,,,,,,,
12.87086190605164,0.45818973705377314,-0.14045877846736562,-0.7244618129016529,0.0,1379.8529406843584,472.67570410521614,20,20229,424000,0.0003,3757634.5,63323.0390625,0.10406305640935898,1479699448463360.0,281393536.0,414001,40000.0,-12687158833.56007,,,,,,,
11.206059293746945,0.6815490936954726,0.21508212025882606,-0.4929466064112526,0.0,908.5231391670713,-760.0888598391234,20,20305,426000,0.0003,-12440626.0,62920.26171875,0.7595683336257935,58424087805952.0,61053684.0,416001,40000.0,-12687158833.56007,,,,,,,
-4.59779895782472,0.8206626639221352,-0.09558805019631328,-0.47178796930090455,0.0,740.8938671598563,429.1946932708915,20,20382,428000,0.0003,-16122473.0,63898.6171875,0.5997413396835327,2646233772457984.0,546196864.0,418001,40000.0,-12687158833.56007,,,,,,,
11.693120805740355,0.4457888907397934,-0.12505148648169626,-0.7729479803842506,0.0,1471.7432349400901,411.6997036398916,21,20458,430000,0.0003,16713288.0,63069.671875,1.1907591819763184,1.198461231824896e+16,1240688896.0,420001,40000.0,-12687158833.56007,,,,,,,
9.34697651100158,0.6314108867340594,0.13663168218034644,-0.5912572081327985,0.0,1053.5945129414022,-588.7947468748487,21,20534,432000,0.0003,-6831364.0,61932.30859375,0.4945221543312073,2.0235850084253696e+16,1654740224.0,422001,40000.0,-12687158833.56007,,,,,,,
7.1915964965820365,0.5522658392778742,-0.17485520724654952,-0.5895966269864498,0.0,1079.5290644014506,554.4723464469345,21,20611,434000,0.0003,12190714.0,60369.64453125,-0.5568928122520447,2350595872653312.0,433593472.0,424001,40000.0,-12687158833.56007,,,,,,,
12.472925601959222,0.43139205821917637,0.20907193219300457,-0.7037834806152082,0.0,1387.4213282574858,-564.6658526616853,21,20687,436000,0.0003,4452108.0,58541.734375,0.3106704652309418,1393101230833664.0,346366016.0,426001,40000.0,-12687158833.56007,,,,,,,
1.8984605083465538,0.7455725169980616,0.10445028457242057,-0.3969531976367156,0.0,705.3203899829064,-208.34774813787328,21,20763,438000,0.0003,1670018.5,60126.140625,-1.2335577011108398,121813661122560.0,97638904.0,428001,40000.0,-12687158833.56007,,,,,,,
8.261382709503192,0.6146436488896522,-0.29673517567168733,-0.6263373266735519,0.0,1127.5320066291586,873.2239585837353,21,20839,440000,0.0003,-24010572.0,61615.71484375,1.1822478771209717,149875568148480.0,130205232.0,430001,40000.0,-11537463176.52119,,,,,,,
-6.6160922565460245,-0.48027828681195645,-0.43904653184309667,-0.8167912840775639,0.0,1021.6676660780973,-316.4813673877625,21,20915,442000,0.0003,-13554682.0,62100.3359375,1.411837100982666,507983096184832.0,159989936.0,432001,40000.0,-11537463176.52119,,,,,,,
-10.949592264175429,-0.7333297287346691,-0.18177528372082122,-0.7059590451772001,0.0,782.0974921029621,-132.5781345422299,21,20991,444000,0.0003,-7862023.0,63058.6640625,-0.4114342927932739,4459962759643136.0,784200192.0,434001,40000.0,-11537463176.52119,,,,,,,
2.6641046943664564,0.44618571799161044,-0.38034622218839426,-0.5727581261643736,0.0,873.6024476722374,624.7002135118885,21,21067,446000,0.0003,18808058.0,62249.875,0.368404746055603,625849615253504.0,203949424.0,436001,40000.0,-11537463176.52119,,,,,,,
11.081431278228761,0.45191026170472076,-0.015119535362643629,-0.8081938832915623,0.0,1521.770893752908,74.46103642436609,21,21143,448000,0.0003,5853703.5,62659.95703125,0.2519225478172302,1488038932774912.0,376122048.0,438001,40000.0,-11537463176.52119,,,,,,,
6.666636102676386,0.6459994702413877,0.019787395855168453,-0.6080101473080975,0.0,1050.518600939674,-298.63385588945766,21,21219,450000,0.0003,-32361852.0,63554.9375,0.5773198008537292,14203892006912.0,16588949.0,440001,40000.0,-11537463176.52119,,,,,,,
8.908744575500524,0.4115496453810444,-0.16594405448744018,-0.680078643929295,0.0,1333.4496735522478,452.131218072503,21,21295,452000,0.0003,7359427.5,65006.58984375,0.13361825048923492,5465917651681280.0,774656384.0,442001,40000.0,-11537463176.52119,,,,,,,
9.399191158294649,0.4460576398020421,0.2582947833906439,-0.6387765277513849,0.0,1291.889196221803,-765.1083224142252,21,21371,454000,0.0003,43526168.0,66421.8125,-0.03944109380245209,1.935180408081613e+16,1091054336.0,444001,40000.0,-11537463176.52119,,,,,,,
5.384512611389152,0.5473755076078491,-0.1402993813935122,-0.52678778511659,0.0,987.1659209074214,310.33775036488174,21,21447,456000,0.0003,-22597196.0,66085.0390625,0.8676353693008423,420383547195392.0,173732672.0,446001,40000.0,-11537463176.52119,,,,,,,
10.098255733489989,0.3300958869096846,-0.11843490894153129,-0.6741615508284674,0.0,1406.9499551616411,408.46200515722285,21,21523,458000,0.0003,-1238864.25,66543.796875,2.185847759246826,1.3827973626986496e+16,1224377344.0,448001,40000.0,-11537463176.52119,,,,,,,
12.321224483489987,0.5058843215734625,0.14322651408524306,-0.5308956770667411,0.0,1094.9870045146945,-477.9131458158516,21,21598,460000,0.0003,-8927770.0,66864.28125,0.6869640350341797,5586019432792064.0,860207360.0,450001,40000.0,-11537463176.52119,,,,,,,
4.050798988342284,0.484387415650314,-0.09506154829609868,-0.5422998228298082,0.0,1055.9993010915564,279.0097223965696,21,21674,462000,0.0003,-1887535.0,67651.0390625,-0.41537702083587646,8502855203815424.0,977553088.0,452001,40000.0,-11537463176.52119,,,,,,,
9.395404876708982,0.3346076993922162,0.05224811854598604,-0.6624495000840739,0.0,1379.7838560674465,-45.084362576902,21,21749,464000,0.0003,-6902147.5,67758.4140625,0.46379005908966064,1117006573076480.0,314786592.0,454001,40000.0,-11537463176.52119,,,,,,,
10.346649688720696,0.5620737022795134,0.05885748931065554,-0.4588232499412138,0.0,940.0690238501173,-254.18674999839385,21,21825,466000,0.0003,25465702.0,69117.0390625,1.2369292974472046,4614957391937536.0,671796672.0,456001,40000.0,-11537463176.52119,,,,,,,
7.825489068984983,0.4505491859500944,-0.14971696081684532,-0.5661299152679409,0.0,1127.0882653137187,448.4255444549301,21,21900,468000,0.0003,-21238546.0,70013.9140625,-0.4513484537601471,394160020389888.0,209423072.0,458001,40000.0,-11537463176.52119,,,,,,,
11.750519161224362,0.3876766699189212,0.23032079420026738,-0.6225384736938312,0.0,1304.650157189194,-591.2102524849107,21,21976,470000,0.0003,596529.25,70434.0234375,0.8656081557273865,1.3585537755512832e+16,1322907520.0,460001,40000.0,-11537463176.52119,,,,,,,
3.7503000106811544,0.5400639846415951,-0.10784187770363178,-0.48913403156748747,0.0,962.4623029062602,232.03508106983247,21,22052,472000,0.0003,-2661822.25,70275.4765625,-0.012600541114807129,822789703467008.0,278276320.0,462001,40000.0,-11537463176.52119,,,,,,,
10.216453346252441,0.3566532949168712,-0.15022769690128865,-0.6299600228104938,0.0,1308.8797837283946,449.0883911664695,21,22128,474000,0.0003,-11885772.0,70083.6640625,0.18440836668014526,4206282663788544.0,689924992.0,464001,40000.0,-11537463176.52119,,,,,,,
11.346796651840208,0.45811468073658246,0.15996819863021225,-0.5516020406091062,0.0,1166.4657578183244,-412.6462716288965,21,22203,476000,0.0003,-13333636.0,70434.8984375,-0.8750451803207397,1486415300919296.0,310775456.0,466001,40000.0,-11537463176.52119,,,,,,,
3.640117193222047,0.44491325658148073,-0.10318263698594972,-0.5699891417195497,0.0,1129.3467203686491,226.65733703080284,21,22279,478000,0.0003,-18718588.0,71921.4296875,0.556659460067749,36488196653056.0,59411824.0,468001,40000.0,-11537463176.52119,,,,,,,
8.589940662384041,0.27251291556779744,-0.038798072105567884,-0.6745728694155254,0.0,1457.2021144368618,178.98162575204037,21,22355,480000,0.0003,24322228.0,71106.84375,0.9155083894729614,1.0909234111709184e+16,1154169984.0,470001,40000.0,-10579873919.500036,,,,,,,
-6.449120353698725,-0.3297341193363456,-0.3757555912561196,-0.9012549291385827,0.0,1079.3520174706769,-272.19845735438605,21,22431,482000,0.0003,-9747156.0,71217.3984375,-0.6172353029251099,517170937200640.0,277459232.0,472001,40000.0,-10579873919.500036,,,,,,,
-7.614523149490352,-0.7150262769770062,-0.1926387486336893,-0.7155202354256751,0.0,789.1103698622125,-156.48369334109827,21,22507,484000,0.0003,-8410316.0,72053.3125,-1.1972962617874146,832866502049792.0,224053904.0,474001,40000.0,-10579873919.500036,,,,,,,
-9.106154436111456,-0.7765370118596362,0.07753652704302418,-0.6937078646856938,0.0,763.5579657017175,65.68631496707687,21,22584,486000,0.0003,2791218.5,72287.8046875,-0.8634658455848694,668643192995840.0,224608848.0,476001,40000.0,-10579873919.500036,,,,,,,
-9.771916269302368,-0.658890348272324,0.07406666571545695,-0.7678477460767013,0.0,841.8587723927833,79.77138039966432,21,22659,488000,0.0003,-6633254.5,72470.9375,-0.75284743309021,6833517379977216.0,643087168.0,478001,40000.0,-10579873919.500036,,,,,,,
-9.173359676361088,-0.5839396165622981,0.0284049267369718,-0.8139137043719312,0.0,898.7685148009784,32.99501122884453,21,22735,490000,0.0003,-9764757.0,71572.40625,0.06145435571670532,1464850806996992.0,370168576.0,480001,40000.0,-10579873919.500036,,,,,,,
-8.752912668228145,-0.5509055831157629,0.02096759574284364,-0.8328323553282824,0.0,924.6857457984069,24.849598208185274,21,22811,492000,0.0003,-4429136.0,71571.3828125,-0.05121776461601257,39550915182592.0,32540748.0,482001,40000.0,-10579873919.500036,,,,,,,
-8.416372144699082,-0.5362627029252578,0.007992034429146653,-0.8410020582905698,0.0,936.1315195305846,10.573853834617635,21,22886,494000,0.0003,11829012.0,71669.3984375,0.534525990486145,2083131884568576.0,511187584.0,484001,40000.0,-10579873919.500036,,,,,,,
-8.453495143890404,-0.5184780655916345,0.009341752792502862,-0.8507122587364601,0.0,950.1254114883841,11.992556601983669,21,22963,496000,0.0003,31852068.0,72003.578125,-1.077531099319458,2.0082777449824256e+16,1052307712.0,486001,40000.0,-10579873919.500036,,,,,,,
-8.385077331542968,-0.5120193808618727,-0.0009534181155337204,-0.8541790943515403,0.0,955.1477154164601,0.284806057986879,21,23039,498000,0.0003,35155624.0,71812.1796875,-0.8890317678451538,4335631777923072.0,507665632.0,488001,40000.0,-10579873919.500036,,,,,,,
-8.085336446762096,-0.4997626567310079,0.02129954436744111,-0.8605265080885115,0.0,964.7285000569731,25.900849021748403,,,500000,0.0003,-7395979.0,71822.9375,-0.8553561568260193,899453527523328.0,334811680.0,490000,,,0.0,0.0,40000.0,-39691.55083318692,231.08992758813116,0.0,0.0
,,,,,,,20,24275,500000,0.0003,-16756420.0,71822.390625,0.370974063873291,807081665888256.0,276681856.0,490001,40000.0,-10579873919.500036,,,,,,,
-7.771855943679809,-0.46817312066445327,0.019600866446161193,-0.8766393194070584,0.0,989.0066187475788,24.27627592840476,20,24349,502000,0.0003,2721966.0,70335.890625,0.06939749419689178,1.47173228412928e+16,1302686336.0,492001,40000.0,-10579873919.500036,,,,,,,
-7.359387517929077,-0.4367958035012126,0.017302073224939978,-0.8919060602539997,0.0,1012.8268950741453,22.428825943300012,20,24423,504000,0.0003,-16262519.0,71254.359375,1.1333045959472656,1677135605399552.0,449001728.0,494001,40000.0,-10579873919.500036,,,,,,,
-7.016941633224489,-0.41706325832954955,0.016175831296687926,-0.901043529192776,0.0,1027.3788807852472,21.54861145354824,20,24499,506000,0.0003,8498849.0,70226.5,-1.1644777059555054,4505020187803648.0,694054080.0,496001,40000.0,-10579873919.500036,,,,,,,
-6.5742840270996075,-0.38057529209143676,0.030783572104597902,-0.9168399890477442,0.0,1053.404792967258,37.74013954892673,20,24575,508000,0.0003,-675274.25,69223.046875,0.16339579224586487,932490147528704.0,307380256.0,498001,40000.0,-10579873919.500036,,,,,,,
-5.9672637310028085,-0.3414431082624811,0.01982308528966529,-0.9327235988728463,0.0,1079.8635577410432,28.13643592819335,20,24653,510000,0.0003,-9023085.0,69253.6875,0.9458105564117432,229894063652864.0,196073104.0,500001,40000.0,-10579873919.500036,,,,,,,
-5.742054367065431,-0.32505393478109035,0.004143230321779021,-0.9389275570959491,0.0,1090.3451174749805,14.478548823050728,20,24732,512000,0.0003,321053.375,69525.265625,0.6182513236999512,3465913516949504.0,561373184.0,502001,40000.0,-10579873919.500036,,,,,,,
-5.627005575180057,-0.3195521816959181,0.00441528279936223,-0.940932641385826,0.0,1093.7730240127746,15.242965904151031,20,24808,514000,0.0003,-1016036.0,69406.5546875,1.4974243640899658,8388355670671360.0,888726080.0,504001,40000.0,-10579873919.500036,,,,,,,
-5.416877208709712,-0.3136159083986608,0.015336470934228246,-0.9429806796293083,0.0,1097.5864136688017,27.25864256549809,20,24884,516000,0.0003,5165536.5,69672.8203125,-1.7726389169692993,99185181327360.0,98995800.0,506001,40000.0,-10579873919.500036,,,,,,,
-4.235985122680659,-0.23531024817533835,0.06933064981352739,-0.966600915359541,0.0,1140.782446068303,76.6386521361643,20,24960,518000,0.0003,-618715.0,71798.421875,-0.4252780079841614,3628636406022144.0,668268352.0,508001,40000.0,-10579873919.500036,,,,,,,
-3.2430421447753908,-0.17155737907474466,0.024914404501096485,-0.9823358890521333,0.0,1167.767495170194,63.32745248029626,20,25035,520000,0.0003,1228117.25,72630.4140625,0.37389039993286133,101107489570816.0,102010560.0,510001,40000.0,-9769092264.426838,,,,,,,
-3.1091740455627455,-0.19088841587661345,-0.10419912856898594,-0.9302417101565714,0.0,1087.7770684547615,76.8931713780732,20,25111,522000,0.0003,-607486.5,71479.2265625,1.1885234117507935,941327713828864.0,283881920.0,512001,40000.0,-9769092264.426838,,,,,,,
-2.7407267456054685,-0.09787720397957397,0.027392746836287486,-0.9605175586449557,0.0,1113.5210053778994,101.91445740364505,20,25187,524000,0.0003,10500381.0,71148.2890625,-0.5696382522583008,231208021655552.0,193319584.0,514001,40000.0,-9769092264.426838,,,,,,,
-3.208720932006837,-0.22676949640059768,-0.13088592931388918,-0.9352926495995041,0.0,1075.1982237417317,-37.345503876030946,20,25262,526000,0.0003,-7598196.0,70885.375,-0.7589402794837952,3664585282289664.0,645681920.0,516001,40000.0,-9769092264.426838,,,,,,,
-3.978845134735123,-0.21811757411261593,0.13387858589902749,-0.9423058874631631,0.0,1089.7938211605483,128.48454180737914,20,25339,528000,0.0003,-6690735.0,69259.6953125,-0.3282228708267212,1030669476036608.0,274581280.0,518001,40000.0,-9769092264.426838,,,,,,,
-2.4001609020233174,-0.09241786420601855,-0.019808337817145708,-0.9723686495857276,0.0,1139.8686356899088,84.15903592336375,20,25416,530000,0.0003,-2492843.5,69722.8046875,-0.9833527207374573,1287120094232576.0,385004096.0,520001,40000.0,-9769092264.426838,,,,,,,
-3.2885589122772214,-0.2291353224772057,-0.08643503493581303,-0.9469126688269703,0.0,1097.9576006864838,-14.906812581197839,20,25492,532000,0.0003,-6937950.0,68481.0703125,1.3827133178710938,116110531756032.0,92728040.0,522001,40000.0,-9769092264.426838,,,,,,,
-3.297129270553589,-0.16942655750722915,0.12562101391811442,-0.962136989799959,0.0,1127.5340863670451,128.1750197646646,20,25569,534000,0.0003,11784376.0,67423.6796875,-0.29646313190460205,314917034917888.0,156202256.0,524001,40000.0,-9769092264.426838,,,,,,,
-1.9950170726776126,-0.08202495518521702,-0.03419932407372082,-0.9800085171167393,0.0,1156.7358136081662,85.93563073177684,20,25646,536000,0.0003,-13079693.0,66693.2265625,1.9489070177078247,105380361273344.0,102079728.0,526001,40000.0,-9769092264.426838,,,,,,,
-2.7344776878356916,-0.19244367898392012,-0.039475434262349736,-0.9633654974030462,0.0,1128.9092712830345,26.384378700265074,20,25723,538000,0.0003,-2077526.25,66621.078125,1.8556187152862549,4478814713282560.0,748024640.0,528001,40000.0,-9769092264.426838,,,,,,,
-2.1072771015167238,-0.09841716922548417,0.11140185033737342,-0.9792265396966469,0.0,1159.83721073761,135.99971926511282,20,25800,540000,0.0003,-655428.5,65966.28125,-0.4519801437854767,652606724636672.0,215347680.0,530001,40000.0,-9769092264.426838,,,,,,,
-0.7158475208282467,-0.021591627546196677,-0.0324934308771402,-0.9885543398807218,0.0,1175.5085161738539,115.65533008706258,20,25877,542000,0.0003,3218611.25,65389.5390625,0.29597708582878113,125669644173312.0,98666656.0,532001,40000.0,-9769092264.426838,,,,,,,
-1.610778215408325,-0.11884171414250651,-0.025471695337507257,-0.9822376726370989,0.0,1164.7607744517393,74.64093312127962,20,25954,544000,0.0003,12648254.0,64937.37890625,-0.0568697452545166,432472135303168.0,243343856.0,534001,40000.0,-9769092264.426838,,,,,,,
-1.185536977767943,-0.04571182490668364,0.0743173889326928,-0.9896729096985589,0.0,1179.2033353063046,137.95885950306223,20,26031,546000,0.0003,21366228.0,64499.4140625,0.5879127383232117,3778657197752320.0,560072000.0,536001,40000.0,-9769092264.426838,,,,,,,
-0.3803642215728762,-0.015329851202618964,-0.03291615945943163,-0.992407228156559,0.0,1183.248911241586,131.0532906766858,20,26108,548000,0.0003,21608992.0,63777.28125,0.28587204217910767,8766707392839680.0,1058490944.0,538001,40000.0,-9769092264.426838,,,,,,,
-0.7702093753814699,-0.06368807506940824,0.012692114855323693,-0.9909248775236146,0.0,1181.6109084822745,113.77944457500405,21,26185,550000,0.0003,9053293.0,64460.98046875,0.611739456653595,483005915201536.0,236611744.0,540001,40000.0,-9769092264.426838,,,,,,,
0.16102871894836449,0.027488112294913505,0.06252101044368699,-0.9930917573569072,0.0,1186.3468146546766,128.0164258442035,21,26262,552000,0.0003,-226317.75,64292.63671875,0.2923567295074463,3540401134764032.0,452128288.0,542001,40000.0,-9769092264.426838,,,,,,,
0.5210312175750735,0.03115803773510852,-0.052860312115347335,-0.9938132269402495,0.0,1187.69383361135,131.64526383286437,21,26339,554000,0.0003,-10258073.0,64697.3515625,0.2978835701942444,16503928782848.0,29144322.0,544001,40000.0,-9769092264.426838,,,,,,,
-0.14386710739135752,-0.025671723792765673,0.012088995406424004,-0.9951941677894937,0.0,1190.180459192136,126.29080971626414,21,26416,556000,0.0003,-4031135.5,63248.86328125,-0.7422773241996765,324026828324864.0,196603312.0,546001,40000.0,-9769092264.426838,,,,,,,
0.5066861324310306,0.04332316797427357,0.0414982358116893,-0.9948600554687193,0.0,1189.941058472903,122.68274468765198,21,26494,558000,0.0003,25980950.0,63838.55859375,-1.2111433744430542,1614288288481280.0,347731424.0,548001,40000.0,-9769092264.426838,,,,,,,
0.6904703063964843,0.03503130753848399,-0.03925587171402509,-0.9957143251704671,0.0,1191.5190459912446,131.5063529854949,21,26570,560000,0.0003,23005054.0,63425.421875,-1.6425985097885132,81579875500032.0,71714256.0,550001,40000.0,-9074586695.024162,,,,,,,
0.31857274627685583,0.013439128087011958,0.02522470467824196,-0.9987763205137627,0.0,1198.1539478197285,129.48650827789427,21,26647,562000,0.0003,12628656.0,63295.0859375,0.10379628837108612,32915408814080.0,45635940.0,552001,40000.0,-9074586695.024162,,,,,,,
0.8923135070800782,0.05665652480913034,0.015909282215668105,-0.9971842953249196,0.0,1195.128310519238,111.5191678729162,21,26724,564000,0.0003,9647308.0,62909.1015625,-0.3285881280899048,352301436895232.0,176146000.0,554001,40000.0,-9074586695.024162,,,,,,,
0.9267178649902337,0.04477326216327402,-0.01854065402298571,-0.9979677820610581,0.0,1196.5855698908179,129.3305182803878,21,26800,566000,0.0003,12058330.0,63259.12109375,2.0901312828063965,122133250310144.0,91960896.0,556001,40000.0,-9074586695.024162,,,,,,,
0.9398947696685795,0.048555668990322216,0.025666510851899894,-0.9977251231737948,0.0,1196.3135387175525,108.55438873923937,21,26877,568000,0.0003,1856762.75,63683.37890625,1.2674576044082642,485282147205120.0,233184720.0,558001,40000.0,-9074586695.024162,,,,,,,
1.3297477378845228,0.07888772965112308,0.00022173117598017032,-0.995619673326189,0.0,1192.2082034023365,107.810424784957,21,26953,570000,0.0003,1578066.25,63165.73828125,0.4953530728816986,1414504260829184.0,420487424.0,560001,40000.0,-9074586695.024162,,,,,,,
1.1009739875793476,0.05500227606174209,-0.0159186431546225,-0.9975081643504683,0.0,1195.763235533315,123.93029391915229,21,27030,572000,0.0003,9188326.0,62272.97265625,1.1373491287231445,112837984780288.0,81934272.0,562001,40000.0,-9074586695.024162,,,,,,,
1.2635853633880632,0.06861613458649138,0.031177964595677017,-0.9964020430958874,0.0,1193.9499368550257,106.47339032464807,21,27107,574000,0.0003,-10685752.0,64017.55859375,1.287196397781372,338948685561856.0,205615616.0,564001,40000.0,-9074586695.024162,,,,,,,
1.724210426330566,0.09880969210267998,-0.0025642575074361225,-0.9936384681947573,0.0,1188.5587155723524,100.15128992128223,21,27184,576000,0.0003,19390338.0,63575.3671875,-0.7188618183135986,2.3545208285167616e+16,1431221760.0,566001,40000.0,-9074586695.024162,,,,,,,
1.4186299514770508,0.07338162822532145,-0.01814695663373622,-0.996238992094809,0.0,1193.4518744429126,122.12791993755081,21,27261,578000,0.0003,-3657984.0,63283.859375,1.377586841583252,406840911331328.0,180283312.0,568001,40000.0,-9074586695.024162,,,,,,,
1.4025722064971902,0.07388125701221157,0.018367637123252567,-0.9962401552905318,0.0,1193.501161820945,111.43546557009319,21,27338,580000,0.0003,29921362.0,61236.2890625,-0.402278870344162,313903154200576.0,149954400.0,570001,40000.0,-9074586695.024162,,,,,,,
1.5975085639953608,0.09138062468718444,-0.00428335824779797,-0.994650953705214,0.0,1190.4310297485993,102.44800078343066,21,27415,582000,0.0003,12960214.0,60841.15625,0.326194703578949,236061468917760.0,128738848.0,572001,40000.0,-9074586695.024162,,,,,,,
1.4541111907959003,0.07440752912907202,-0.006117668015174023,-0.99633782733028,0.0,1193.627974263678,113.58920153501388,21,27492,584000,0.0003,-3325755.5,62113.24609375,-1.210729956626892,34233869402112.0,40723800.0,574001,40000.0,-9074586695.024162,,,,,,,
1.7711031970977786,0.09656137093044427,0.028345921873202964,-0.9939790727330602,0.0,1189.4432829348837,90.15175446236235,21,27568,586000,0.0003,4996000.0,63621.03515625,-1.8850584030151367,291517348446208.0,182436176.0,576001,40000.0,-9074586695.024162,,,,,,,
2.139739534378047,0.12156343296004714,0.0005315837165229785,-0.9909731187805101,0.0,1183.623213520981,88.05291170263668,21,27644,588000,0.0003,-325648.25,64663.91796875,-0.5710846185684204,31333088755712.0,53114604.0,578001,40000.0,-9074586695.024162,,,,,,,
2.1682069053649906,0.11369792858773776,0.0009481592018627654,-0.9920869811000046,0.0,1185.6494941573706,93.33245410736359,21,27723,590000,0.0003,15903534.0,65728.09375,-0.8677443265914917,1.6581470718001152e+16,1416532096.0,580001,40000.0,-9074586695.024162,,,,,,,
2.521125911712651,0.1390212850588102,0.02469790691363695,-0.9882185606620626,0.0,1178.652584822912,69.34383391088102,21,27800,592000,0.0003,12501080.0,66484.234375,0.06799593567848206,4254009950994432.0,688958592.0,582001,40000.0,-9074586695.024162,,,,,,,
2.7671833286285374,0.15527349843937477,-0.0030363864249162375,-0.9855664693799693,0.0,1173.5289686339552,70.61449583741758,21,27876,594000,0.0003,-7279915.0,67108.890625,0.4906086325645447,36070129401856.0,28321472.0,584001,40000.0,-9074586695.024162,,,,,,,
2.7572377548217757,0.14606238378870778,0.0015517567126201639,-0.987208816276563,0.0,1176.6182414710931,75.85599035408812,21,27952,596000,0.0003,17786716.0,66956.046875,0.5893006324768066,7207034042712064.0,919751680.0,586001,40000.0,-9074586695.024162,,,,,,,
2.9378163166046125,0.16303803951611148,0.015596795646704823,-0.9841155572361205,0.0,1170.8987205830185,57.53677219094121,21,28028,598000,0.0003,24538782.0,67712.359375,-1.5420901775360107,1.893152649851699e+16,1498374144.0,588001,40000.0,-9074586695.024162,,,,,,,
3.3332269229888927,0.18230319750045434,0.0074113524617003,-0.9803125562879258,0.0,1163.8691983271158,52.67995873675315,,,600000,0.0003,-8969508.0,69408.140625,1.7877079248428345,40005900697600.0,58599288.0,590000,,,0.0,0.0,40000.0,-39307.856810213474,362.5680412720774,0.0,0.0
,,,,,,,20,29265,600000,0.0003,14927412.0,69410.328125,-1.037649154663086,4586790996410368.0,686613184.0,590001,40000.0,-8472780909.649624,,,,,,,
2.4601087684631344,0.14408674964033924,0.10088561419741171,-0.9592196896477061,0.0,1127.14424389432,84.82798481378333,20,29341,602000,0.0003,20920262.0,69984.0078125,0.9317759275436401,1.27961302827008e+16,1289432448.0,592001,40000.0,-8472780909.649624,,,,,,,
3.7084797573089596,0.1607012084274316,0.04890971142071933,-0.9602435215816131,0.0,1117.2520163347876,37.33303998497773,20,29416,604000,0.0003,-3107193.0,72147.65625,-0.674955427646637,13646826569728.0,18312408.0,594001,40000.0,-8472780909.649624,,,,,,,
4.969534214019777,0.33955003184612015,0.14412298818998656,-0.9050533707610908,0.0,1030.6182781550228,-97.60519257441851,20,29493,606000,0.0003,2264476.0,72944.2421875,1.108414888381958,26248503885824.0,36043204.0,596001,40000.0,-8472780909.649624,,,,,,,
5.584545793533328,0.31687666044659135,-0.1426934007550162,-0.9184735199056064,0.0,1055.2018870886986,152.46535844619564,20,29569,608000,0.0003,2146578.0,72531.296875,-0.32666248083114624,1245655406215168.0,311984576.0,598001,40000.0,-8472780909.649624,,,,,,,
4.9631334095001165,0.24117624450830752,0.04806145347958697,-0.948135552751145,0.0,1098.8106024081828,-3.394868542797001,20,29645,610000,0.0003,-4774239.5,72942.2265625,0.2615675926208496,197600271663104.0,139476368.0,600001,40000.0,-8472780909.649624,,,,,,,
5.347709829330443,0.35427676042018424,0.05880785736842698,-0.9097952306566217,0.0,1034.7226010705003,-35.881609975435346,20,29722,612000,0.0003,24863816.0,73779.9453125,1.9625153541564941,2059747935125504.0,394175648.0,602001,40000.0,-8472780909.649624,,,,,,,
5.96685652732849,0.315135043122484,-0.05775264328210878,-0.9267118390617309,0.0,1063.8085952121664,73.7851127051392,20,29799,614000,0.0003,38368312.0,76248.03125,-0.5866671800613403,1.4517444727013376e+16,891236224.0,604001,40000.0,-8472780909.649624,,,,,,,
6.71467953872681,0.35888562734169954,0.09527882618440774,-0.9076701570203647,0.0,1032.5516069333987,-86.60335207035483,20,29876,616000,0.0003,46871192.0,77624.9765625,0.4090607166290283,4892104115355648.0,753819328.0,606001,40000.0,-8472780909.649624,,,,,,,
6.531081560134884,0.461978264348992,-0.0012754449641282123,-0.863388053749469,0.0,962.0409827021286,13.11982960689615,20,29953,618000,0.0003,-5977229.0,77250.3359375,0.8113977909088135,161271324344320.0,87659016.0,608001,40000.0,-8472780909.649624,,,,,,,
8.14214177703857,0.4188271761591783,0.012748142642173348,-0.8856148299259796,0.0,995.8501454382491,-10.210403724538896,20,30030,620000,0.0003,10069849.0,76998.640625,-0.29575231671333313,365232073474048.0,145623648.0,610001,40000.0,-8472780909.649624,,,,,,,
8.325358539581318,0.5279843756006948,0.11888346549251631,-0.8256846745989278,0.0,910.0566693622719,-123.96106784790648,20,30107,622000,0.0003,1414627.75,76553.3203125,0.6773473024368286,1074342448332800.0,265230784.0,612001,40000.0,-8472780909.649624,,,,,,,
8.478908826827999,0.6182613121562393,-0.042945661880692966,-0.7823219711252418,0.0,853.6270803023567,58.32600418006204,20,30184,624000,0.0003,-10689398.0,76375.25,-1.8592596054077148,70911218679808.0,85868592.0,614001,40000.0,-8472780909.649624,,,,,,,
9.207204328536996,0.5287030729337122,-0.022631221320183758,-0.8383285101409329,0.0,928.9244522518263,29.637178093713047,20,30261,626000,0.0003,4594681.0,76735.6171875,-0.024102777242660522,451839149473792.0,181319408.0,616001,40000.0,-8472780909.649624,,,,,,,
7.642777004241942,0.534788379350432,-0.01561330650523273,-0.8352218017225854,0.0,925.242085978545,20.12817120162874,20,30338,628000,0.0003,-8926429.0,76388.9375,0.6828904151916504,16881295556608.0,18261428.0,618001,40000.0,-8472780909.649624,,,,,,,
8.475516315460183,0.4637015787770741,-0.034102176600679365,-0.8722302221444376,0.0,979.4566131451156,41.852988821405816,20,30415,630000,0.0003,-9795452.0,77749.4453125,-0.67889004945755,1601621087748096.0,435321280.0,620001,40000.0,-8472780909.649624,,,,,,,
7.844422077178964,0.47242666043900083,0.01865839325830945,-0.8679561960261202,0.0,972.2274720600337,-18.615776367414192,20,30492,632000,0.0003,23099546.0,75475.0078125,-1.088539958000183,1664305732780032.0,328899968.0,622001,40000.0,-8472780909.649624,,,,,,,
7.039118864059446,0.44500425020417506,-0.06317266345521091,-0.8795576291616388,0.0,991.1297992301755,71.78769543038734,20,30569,634000,0.0003,3627413.75,77220.578125,1.5770158767700195,645591902191616.0,268080640.0,624001,40000.0,-8472780909.649624,,,,,,,
7.279674715042113,0.38594026525425856,0.01344172599769043,-0.9072863646918243,0.0,1033.726113494918,-6.2047035788031355,20,30646,636000,0.0003,-3437934.0,76872.3671875,0.38875213265419006,25607198998528.0,24617678.0,626001,40000.0,-8472780909.649624,,,,,,,
6.664918451309205,0.42750428952314495,0.014573081284031607,-0.8881393380869251,0.0,1002.669922340182,-9.861917436507179,20,30723,638000,0.0003,-20212868.0,76437.1796875,0.2839473485946655,450066603048960.0,235127504.0,628001,40000.0,-8472780909.649624,,,,,,,
6.95724765586853,0.3917699301090367,-0.039703110527502965,-0.9036071982134803,0.0,1027.6809219916595,49.20777952668139,20,30800,640000,0.0003,10448522.0,79264.6171875,-1.1501790285110474,7514747511504896.0,934477888.0,630001,40000.0,-7945749945.557694,,,,,,,
3.3718923416137687,0.18167894782446847,0.19803658533712726,-0.9741567107213326,0.0,1169.5771383126337,-8.341091044446316,20,30878,642000,0.0003,6411005.0,80582.0703125,0.5115181803703308,168809797255168.0,114471816.0,632001,40000.0,-7945749945.557694,,,,,,,
5.869882701873776,0.3328625190975556,0.05234407348550717,-0.9344039151517385,0.0,1083.1704677098778,-33.49515481058152,20,30955,644000,0.0003,-9970159.0,78890.4140625,1.1350152492523193,181209804046336.0,139998800.0,634001,40000.0,-7945749945.557694,,,,,,,
6.363293169021608,0.38497330953932346,0.016777073703995157,-0.9143097204810748,0.0,1048.7166661412623,-8.793308446326177,20,31031,646000,0.0003,4995563.0,79675.015625,0.20077073574066162,4333448592359424.0,650296256.0,636001,40000.0,-7945749945.557694,,,,,,,
6.85091278076172,0.3964331643351153,0.012695926275946052,-0.9094316190882987,0.0,1040.599750393793,-5.705413084368884,20,31108,648000,0.0003,887052.0,78265.140625,-2.084580898284912,1.3216144798253056e+16,1276425728.0,638001,40000.0,-7945749945.557694,,,,,,,
6.79396536254883,0.405754999524995,-0.00292198383106627,-0.9052186766190345,0.0,1033.6185019915047,10.196795458428909,20,31185,650000,0.0003,-11712552.0,77905.7578125,0.1834048628807068,806387223363584.0,236754640.0,640001,40000.0,-7945749945.557694,,,,,,,
6.8822067623138405,0.39221136196480966,-0.013213140721880203,-0.9110898338443378,0.0,1043.256182040497,22.000499770742362,20,31261,652000,0.0003,-16217790.0,80727.984375,2.176189661026001,74594740338688.0,74778984.0,642001,40000.0,-7945749945.557694,,,,,,,
6.97386771583557,0.4028808553617909,0.029516097632197702,-0.9061676843926258,0.0,1035.3758686229476,-23.63179678077705,20,31338,654000,0.0003,-14538828.0,81662.3671875,1.0236965417861938,137356812222464.0,100113624.0,644001,40000.0,-7945749945.557694,,,,,,,
7.356044717788697,0.4528170035695427,0.029930537887707536,-0.883231628979856,0.0,999.0423340924847,-27.208040562396423,20,31414,656000,0.0003,-3623879.0,83524.34375,0.19311881065368652,146471135477760.0,125857264.0,646001,40000.0,-7945749945.557694,,,,,,,
8.103307748794549,0.4769019614554079,0.01194503132522814,-0.871621423271893,0.0,980.9501638084363,-10.0984458397376,20,31490,658000,0.0003,-4023852.75,83679.96875,-0.41933053731918335,108908207144960.0,53884308.0,648001,40000.0,-7945749945.557694,,,,,,,
8.223042636871341,0.5127834810842296,0.030547322307011432,-0.8526749964283206,0.0,952.8432028210212,-32.13464909854585,20,31567,660000,0.0003,1321643.5,83569.515625,0.5646106004714966,615101996466176.0,210141456.0,650001,40000.0,-7945749945.557694,,,,,,,
8.236513067245479,0.5234054369266268,-0.02399545867283589,-0.8471522341354909,0.0,944.8994307006328,29.565695794320046,20,31644,662000,0.0003,-13367874.0,82640.34375,1.2211902141571045,2755527536803840.0,569334080.0,652001,40000.0,-7945749945.557694,,,,,,,
8.044114866256722,0.4803518740145912,-0.01650975728511497,-0.8700679643249406,0.0,978.8773775891588,22.477370619270065,20,31720,664000,0.0003,-23433820.0,83983.375,-1.6863213777542114,20658167742464.0,29942202.0,654001,40000.0,-7945749945.557694,,,,,,,
7.6216929874420165,0.47343186441427715,-0.009091445613924483,-0.8736586377382026,0.0,984.2841823039436,13.747872628393992,20,31796,666000,0.0003,-6535634.0,83663.375,0.14045922458171844,451170644525056.0,188014272.0,656001,40000.0,-7945749945.557694,,,,,,,
7.305420637130739,0.4305819981664913,-0.0415262383461651,-0.8939983273300907,0.0,1016.535353065576,51.372326633290044,20,31873,668000,0.0003,-11785184.0,85651.640625,0.7642667293548584,222875902541824.0,175015776.0,658001,40000.0,-7945749945.557694,,,,,,,
6.663898765563962,0.38337890899797616,-0.015948322868049116,-0.9155330126820673,0.0,1051.0337316846978,26.06075009420373,20,31949,670000,0.0003,-16450023.0,85515.015625,3.0997836589813232,8325919731089408.0,1011678720.0,660001,40000.0,-7945749945.557694,,,,,,,
6.271966287612915,0.36684829238461014,-0.017494272954383393,-0.9224103041025196,0.0,1062.42097962225,28.04665751272471,20,32025,672000,0.0003,-6564444.0,84634.15625,-0.8101640343666077,506987804622848.0,206068912.0,662001,40000.0,-7945749945.557694,,,,,,,
5.818118389129635,0.32910681122905805,-0.026077335709467943,-0.9370490266318396,0.0,1087.3027674680159,41.22555592844128,20,32102,674000,0.0003,-6416148.0,84588.484375,1.761462926864624,892696671551488.0,251888704.0,664001,40000.0,-7945749945.557694,,,,,,,
5.688004549026495,0.3168139846148055,0.007333154382137204,-0.9417033122168895,0.0,1095.1335450062309,12.214285410161521,21,32178,676000,0.0003,-19218336.0,85677.78125,0.3512132465839386,558225690722304.0,229453344.0,666001,40000.0,-7945749945.557694,,,,,,,
5.591586650848394,0.3244565451164491,-0.00750342395215307,-0.9389624038103296,0.0,1090.4360129347458,24.374398035396084,21,32255,678000,0.0003,-33776108.0,84986.3125,0.04363897442817688,599937070923776.0,212248384.0,668001,40000.0,-7945749945.557694,,,,,,,
5.3410650234222325,0.2987985306343039,-0.014808748801975608,-0.9480257619879298,0.0,1106.1658291900233,36.251032152987264,21,32331,680000,0.0003,-11573288.0,83999.3125,0.38147369027137756,41331921518592.0,68407568.0,670001,40000.0,-7480800447.523183,,,,,,,
2.8186041107177724,0.1520259111813038,0.16596512934658572,-0.9816847158263486,0.0,1178.1995850658043,32.09036109496318,21,32408,682000,0.0003,-34415016.0,84223.2734375,0.06951311230659485,207534430355456.0,137694800.0,672001,40000.0,-7480800447.523183,,,,,,,
4.95689775085449,0.2777669124546899,0.047052878973597764,-0.9539742092368795,0.0,1117.0561244945459,-10.051737417267395,21,32485,684000,0.0003,-27560432.0,83502.6796875,0.7238013744354248,91860693417984.0,84103144.0,674001,40000.0,-7480800447.523183,,,,,,,
5.2748064174652125,0.3122174069995145,-0.009055559296300562,-0.9428682412182257,0.0,1096.9727558672469,26.567764141455278,21,32562,686000,0.0003,-25129832.0,82352.703125,1.0199120044708252,4635274197860352.0,744754560.0,676001,40000.0,-7480800447.523183,,,,,,,
4.996450262069707,0.27262687953833586,-0.024648075502253966,-0.9560541013178836,0.0,1120.2442149645076,48.47091546631613,21,32639,688000,0.0003,-13471242.0,82570.3046875,0.06766492128372192,788164952195072.0,308345952.0,678001,40000.0,-7480800447.523183,,,,,,,
4.864833623886103,0.2769290199194599,0.021462096535584233,-0.954810807566128,0.0,1117.9556624858778,9.450867258405813,21,32715,690000,0.0003,-12841700.0,81056.7734375,-0.01689058542251587,4833886370529280.0,628948224.0,680001,40000.0,-7480800447.523183,,,,,,,
4.980332529067993,0.28497341440212604,-0.018325085830243188,-0.9522801580744484,0.0,1113.493731773454,42.03371633494714,21,32793,692000,0.0003,-23417202.0,79570.90625,2.2655580043792725,105471327338496.0,117404624.0,682001,40000.0,-7480800447.523183,,,,,,,
4.716062025070193,0.2509918769444379,-0.011548812131055724,-0.9627992357133183,0.0,1132.1329295610885,45.050598379435385,21,32869,694000,0.0003,-31781412.0,81686.7421875,2.7100861072540283,137343516278784.0,114317688.0,684001,40000.0,-7480800447.523183,,,,,,,
4.599600955963142,0.26380754219198516,0.018069764744318647,-0.9590202043100876,0.0,1125.3746682838384,16.61264991336017,21,32945,696000,0.0003,-30280656.0,79659.8203125,2.308012008666992,97681212964864.0,88552944.0,686001,40000.0,-7480800447.523183,,,,,,,
4.706068834304813,0.2666311106881016,-0.01733286129426562,-0.9581872206439366,0.0,1123.9188110888765,44.121735684773704,21,33021,698000,0.0003,-27009172.0,79017.4375,0.031074881553649902,1985991535493120.0,491439136.0,688001,40000.0,-7480800447.523183,,,,,,,
4.440742244720461,0.24225630968077977,-0.004431693114307443,-0.9654079857640447,0.0,1136.7559163020069,41.5212413080815,,,700000,0.0003,-31782160.0,79601.796875,-0.5858818292617798,548603118485504.0,207942848.0,690000,,,0.0,0.0,40000.0,-39308.26530135268,257.55414673814175,0.0,0.0
,,,,,,,20,34265,700000,0.0003,-38519644.0,79597.625,0.09035682678222656,136948471562240.0,138254480.0,690001,40000.0,-7480800447.523183,,,,,,,
4.56188004875183,0.2566883724923192,0.014499406596628074,-0.9612647412074338,0.0,1129.3879586606429,23.00877425114151,20,34340,702000,0.0003,-9329608.0,79908.46875,-0.5193685293197632,3807946190356480.0,565712256.0,692001,40000.0,-7480800447.523183,,,,,,,
4.596059776306152,0.25716204598393944,-0.014287291465368165,-0.961157859853192,0.0,1129.2026096321893,44.40706546069645,20,34415,704000,0.0003,-18983636.0,81331.5,-1.7136284112930298,1.7353452434751488e+16,1505441920.0,694001,40000.0,-7480800447.523183,,,,,,,
4.4208264598846565,0.2408287469469138,0.0015894245607042522,-0.9659066101643704,0.0,1137.6824167329037,37.93832748242048,20,34490,706000,0.0003,-39559864.0,80970.3984375,-0.9098528027534485,310083888087040.0,212632592.0,696001,40000.0,-7480800447.523183,,,,,,,
4.469742248535153,0.2547451455229747,0.008216994297762278,-0.9619526361035258,0.0,1130.6040975380083,27.470545647153273,20,34565,708000,0.0003,-20676512.0,81164.3671875,0.5358671545982361,1055917709721600.0,327361824.0,698001,40000.0,-7480800447.523183,,,,,,,
4.481495983123766,0.24929404598375876,-0.013302755230706008,-0.9635309696437591,0.0,1133.4529414677713,46.708482779525895,20,34640,710000,0.0003,-12488872.0,81022.4609375,0.6510993838310242,629606436569088.0,220875200.0,700001,40000.0,-7480800447.523183,,,,,,,
4.3899197082519565,0.2401655084416873,0.004357971232229839,-0.9661489010798174,0.0,1138.1245796240178,38.639862936711765,20,34714,712000,0.0003,-13898432.0,81391.5625,-0.6514919400215149,618017205518336.0,268253536.0,702001,40000.0,-7480800447.523183,,,,,,,
4.387172319412228,0.250409904968365,0.0018285072462559115,-0.9632701252849828,0.0,1132.9591995826395,35.05371344633186,20,34790,714000,0.0003,-32652456.0,79527.7421875,1.9185690879821777,150735819898880.0,121287720.0,704001,40000.0,-7480800447.523183,,,,,,,
4.29854232406617,0.23647408694129574,-0.014459208425180682,-0.9671489283371602,0.0,1139.9815682241488,55.15636644248031,20,34865,716000,0.0003,-25624194.0,79656.3984375,0.37531572580337524,92267943559168.0,107865008.0,706001,40000.0,-7480800447.523183,,,,,,,
4.200238702774049,0.22916491119130195,0.005405351890877371,-0.9691636986319923,0.0,1143.5645516304276,42.83197013343497,20,34939,718000,0.0003,-15115608.0,79932.6328125,-0.7977169752120972,5916024318722048.0,589779200.0,708001,40000.0,-7480800447.523183,,,,,,,
4.195843193054201,0.23894285303096754,0.001517062913820506,-0.9665406755454394,0.0,1138.8282646399837,38.52435697332098,20,35014,720000,0.0003,-29470954.0,79539.34375,-1.2005887031555176,2761440901464064.0,579528448.0,710001,40000.0,-7067713299.614964,,,,,,,
2.1568078765869187,0.13144916181297275,0.0954504645400029,-0.9649043851734508,0.0,1135.5111469768558,111.43822195656945,20,35089,722000,0.0003,-43751852.0,79095.7734375,-0.09059112519025803,478216624013312.0,238483760.0,712001,40000.0,-7067713299.614964,,,,,,,
3.056555465698241,0.1230552091386829,0.022645542218308518,-0.9707380191258843,0.0,1138.5629180260794,111.0849461628712,20,35164,724000,0.0003,-41591176.0,78994.3046875,0.2883988320827484,16906895491072.0,32299176.0,714001,40000.0,-7067713299.614964,,,,,,,
4.234926576614385,0.2835557133307774,0.12682541580536077,-0.9303601374599872,0.0,1071.7791560928492,-60.13746648294356,20,35239,726000,0.0003,-3332253.5,78784.9296875,-0.45035672187805176,1.13015621943296e+16,1078398208.0,716001,40000.0,-7067713299.614964,,,,,,,
5.042101011276244,0.283827033110192,-0.11991401967269139,-0.9342779539344136,0.0,1079.7108514379443,136.7815149373122,20,35314,728000,0.0003,-33241980.0,78311.7265625,0.4180586636066437,29171468206080.0,59644912.0,718001,40000.0,-7067713299.614964,,,,,,,
3.6195813713073735,0.16400582396406435,0.016090721488637265,-0.9709398346723013,0.0,1142.099942298207,81.60752014551551,20,35390,730000,0.0003,-47482060.0,77615.796875,-0.4325609803199768,302031831040000.0,153943728.0,720001,40000.0,-7067713299.614964,,,,,,,
4.189816642761236,0.27563539183483554,0.06668229984554351,-0.9428443758235465,0.0,1093.313631467217,-15.227801494823945,20,35465,732000,0.0003,-28941744.0,77307.96875,-1.323748230934143,147906862514176.0,85919816.0,722001,40000.0,-7067713299.614964,,,,,,,
4.356559144973758,0.2293063984299548,-0.09996348522820162,-0.9572597733096142,0.0,1120.8467734525234,126.54887887095963,20,35541,734000,0.0003,-24765970.0,77187.59375,0.6620273590087891,1758323774849024.0,387273024.0,724001,40000.0,-7067713299.614964,,,,,,,
3.495743549346924,0.17081726827452268,0.04495390538797356,-0.9736111844644129,0.0,1148.6530184568667,63.14668827243038,20,35616,736000,0.0003,-24285628.0,77399.5859375,-1.6267814636230469,259885518290944.0,139940480.0,726001,40000.0,-7067713299.614964,,,,,,,
4.087570459365832,0.2658386986853535,0.02819296717191319,-0.9505400266904437,0.0,1107.5866519425285,14.781181324581349,20,35692,738000,0.0003,-21765762.0,77035.8828125,-0.7425538301467896,91070721425408.0,88860312.0,728001,40000.0,-7067713299.614964,,,,,,,
3.9449971179962127,0.20030975868793618,-0.07528598851776584,-0.9685387512974314,0.0,1141.1990940618934,119.6109884305835,20,35767,740000,0.0003,-24515200.0,76479.8359375,0.6601391434669495,188182851223552.0,110762896.0,730001,40000.0,-7067713299.614964,,,,,,,
3.4453228302001957,0.1775872312737326,0.04736600132943987,-0.9748589037408468,0.0,1151.849068911427,54.463486464256064,20,35842,742000,0.0003,-49065096.0,75624.5859375,1.9401607513427734,17932591562752.0,23496222.0,732001,40000.0,-7067713299.614964,,,,,,,
3.8436415252685547,0.24161078693427748,-0.0019948541218776108,-0.9602513835891539,0.0,1125.5196713837063,47.59343665201751,20,35917,744000,0.0003,-36437412.0,75218.6953125,1.2710305452346802,1408893825581056.0,421840576.0,734001,40000.0,-7067713299.614964,,,,,,,
3.474895790100098,0.17158743164750037,-0.0505758618359995,-0.977378085011398,0.0,1157.2684899840133,117.46196213502428,20,35993,746000,0.0003,-45054664.0,74364.8515625,0.7413615584373474,169516956909568.0,103620416.0,736001,40000.0,-7067713299.614964,,,,,,,
3.309141096115114,0.17846610130339005,0.04940727971557586,-0.9763664979815253,0.0,1155.285663437886,58.04982150970104,20,36068,748000,0.0003,393229.0,74859.7421875,0.32607582211494446,8720458648125440.0,944309696.0,738001,40000.0,-7067713299.614964,,,,,,,
3.633265590667724,0.2197803357758623,-0.018916362214163228,-0.9675904448231033,0.0,1139.257129639105,68.2079624358263,20,36143,750000,0.0003,-23470204.0,73277.453125,0.4123832583427429,2737539140026368.0,593147648.0,740001,40000.0,-7067713299.614964,,,,,,,
3.2084174766540525,0.15769647256915256,-0.02936078974346031,-0.9816970558694719,0.0,1165.260726823316,119.81688934730356,20,36219,752000,0.0003,-26683476.0,72337.734375,-0.3675120770931244,1357532727607296.0,330684288.0,742001,40000.0,-7067713299.614964,,,,,,,
3.1147696075439444,0.1780066034025967,0.03884770994860808,-0.9778417317122091,0.0,1158.2241811196125,64.29867365944429,20,36294,754000,0.0003,-36550264.0,71688.7421875,1.0921223163604736,805603190505472.0,295932096.0,744001,40000.0,-7067713299.614964,,,,,,,
3.3433825302124025,0.1907649440692552,-0.032090535072135974,-0.9754065977840215,0.0,1153.9161231087353,95.59345353854656,20,36369,756000,0.0003,-34418892.0,70645.328125,-0.3247685432434082,12912339976192.0,13513980.0,746001,40000.0,-7067713299.614964,,,,,,,
2.843762142181392,0.140699524946961,-0.007588555278993057,-0.9856188287600571,0.0,1172.6225292387019,124.94812825206338,20,36444,758000,0.0003,-39305552.0,70634.4140625,-0.21287064254283905,93902488993792.0,110061072.0,748001,40000.0,-7067713299.614964,,,,,,,
2.9625792045593236,0.1724835251084232,0.029202973702982957,-0.9797977787643831,0.0,1161.9537832185167,79.09087658539578,20,36519,760000,0.0003,-38684428.0,70129.65625,0.9934438467025757,13576764915712.0,25465502.0,750001,40000.0,-6698120012.324817,,,,,,,
1.1819718532562273,0.06978707442052452,0.060749496053093745,-0.9909513560604062,0.0,1183.5187880813805,175.06177968606943,20,36595,762000,0.0003,-10973612.0,69729.7890625,-0.7000728845596313,1182763663228928.0,250794992.0,752001,40000.0,-6698120012.324817,,,,,,,
2.1415010566711454,0.09860029236690084,0.026621497135163014,-0.9887441819679463,0.0,1177.16310202768,155.08346182603296,20,36670,764000,0.0003,-23590596.0,69697.40625,-0.3572642207145691,4162906446888960.0,692117632.0,754001,40000.0,-6698120012.324817,,,,,,,
2.6530330123901367,0.16267556259770197,0.036923634560479444,-0.9787254955185238,0.0,1158.801479048243,86.70995817605025,20,36746,766000,0.0003,-30933180.0,69053.328125,-0.4141978919506073,378831416328192.0,195235520.0,756001,40000.0,-6698120012.324817,,,,,,,
2.8765465812683124,0.15435893468489817,-0.0393575236844076,-0.9805829315027621,0.0,1162.3404094571415,128.70629537291106,20,36821,768000,0.0003,-41700232.0,68721.6328125,1.6976953744888306,44787885408256.0,56252328.0,758001,40000.0,-6698120012.324817,,,,,,,
2.63639239120483,0.1294452662303317,0.021450366020287312,-0.9851708724765063,0.0,1170.7412551677842,126.32325424680774,20,36896,770000,0.0003,-40717420.0,68045.09375,0.9260737895965576,343617113686016.0,233554128.0,760001,40000.0,-6698120012.324817,,,,,,,
2.797378578186038,0.17505847344227665,0.011844780186202782,-0.9771784461103842,0.0,1155.986346383524,93.45095784794898,20,36972,772000,0.0003,-26722472.0,67096.859375,-0.8029772043228149,3430483257982976.0,680440256.0,762001,40000.0,-6698120012.324817,,,,,,,
2.7218498134613003,0.1384817856416625,-0.0401235986146435,-0.9837848354497774,0.0,1168.5412716039764,148.4259705534221,20,37048,774000,0.0003,-39370696.0,66652.65625,-1.2684848308563232,658363188772864.0,229496896.0,764001,40000.0,-6698120012.324817,,,,,,,
2.621482910156247,0.13275312495673805,0.03250903417403841,-0.9849022659253069,0.0,1170.4691446572951,128.01293522455362,20,37125,776000,0.0003,-25018704.0,65417.671875,-1.3413162231445312,517271365615616.0,205649632.0,766001,40000.0,-6698120012.324817,,,,,,,
2.701624668121338,0.1690767714795695,-0.003127416897556876,-0.9787398622416841,0.0,1158.9153651185757,104.64317936966559,20,37200,778000,0.0003,-21992230.0,64443.15234375,-0.10463953763246536,2178150788235264.0,514776096.0,768001,40000.0,-6698120012.324817,,,,,,,
2.692778423309329,0.1320057004210896,-0.024401060639289002,-0.9853206983064523,0.0,1171.2433596325743,158.47956373336763,20,37275,780000,0.0003,-35429488.0,64354.83984375,1.6888697147369385,38573457801216.0,46100992.0,770001,40000.0,-6698120012.324817,,,,,,,
2.7465123519897516,0.1486580585473358,0.03712882278803619,-0.9824223195580893,0.0,1166.0427401880004,103.68860500293268,20,37350,782000,0.0003,-38422416.0,64043.6328125,-0.6491578817367554,233715796017152.0,170027936.0,772001,40000.0,-6698120012.324817,,,,,,,
2.8707378215789747,0.17159011305646257,-0.015602980711432762,-0.9784010247742243,0.0,1158.383562304932,106.47629029191941,20,37425,784000,0.0003,-32033528.0,63150.984375,-0.8234612345695496,159244401770496.0,142080304.0,774001,40000.0,-6698120012.324817,,,,,,,
2.7666151142120343,0.13428304836440688,-0.01209866690115554,-0.9852768117178633,0.0,1171.194078987541,144.02109497209972,20,37500,786000,0.0003,-28779716.0,62772.4609375,-0.010297447443008423,3368536407801856.0,681984704.0,776001,40000.0,-6698120012.324817,,,,,,,
2.8037362899780254,0.1609603600526509,0.02959026951900939,-0.9805068645836585,0.0,1162.4829024933938,94.2056886609578,20,37576,788000,0.0003,-37294352.0,62000.91796875,0.13850343227386475,590032339468288.0,287259168.0,778001,40000.0,-6698120012.324817,,,,,,,
2.7580466156005867,0.1588947953834757,-0.032555253900217976,-0.9808339650322924,0.0,1163.1359712426624,133.55421552271503,20,37653,790000,0.0003,-37704548.0,61696.4453125,0.14979496598243713,90857063579648.0,85134928.0,780001,40000.0,-6698120012.324817,,,,,,,
2.542938209533695,0.12121475006594591,-0.0005985467679393636,-0.9873869453237838,0.0,1175.0916384239931,163.50594519491764,20,37730,792000,0.0003,-24462134.0,61118.7265625,0.6404148936271667,1543174501695488.0,375891360.0,782001,40000.0,-6698120012.324817,,,,,,,
2.486716306686404,0.14951111784151608,0.01924431514839159,-0.982842436596613,0.0,1166.7167919295837,113.48603662092233,21,37806,794000,0.0003,-43465860.0,59799.2734375,0.23605601489543915,230083847520256.0,154813968.0,784001,40000.0,-6698120012.324817,,,,,,,
2.498682819366455,0.13619213124486512,-0.030712948405393854,-0.9849970840848925,0.0,1170.8495210100361,151.4325479585042,21,37883,796000,0.0003,-40534296.0,59378.0078125,1.626523494720459,386727042613248.0,231172048.0,786001,40000.0,-6698120012.324817,,,,,,,
2.413456470489504,0.11781377935408413,0.017125549302041087,-0.9879352069461778,0.0,1176.2446263447753,168.2022376489109,21,37959,798000,0.0003,-15972354.0,58472.546875,0.37080109119415283,1.5515455540166656e+16,1104668032.0,788001,40000.0,-6698120012.324817,,,,,,,
2.501096782684327,0.15299587719857782,0.008395972521458454,-0.9823580387763318,0.0,1165.8447770497578,115.18061857136145,,,800000,0.0003,-28135400.0,57810.66796875,1.4578204154968262,217597136076800.0,137401520.0,790000,,,0.0,0.0,40000.0,-38387.61917302526,1025.0621442286422,0.0,0.0
,,,,,,,20,39204,800000,0.0003,-17229706.0,57810.1171875,-1.58534836769104,2229200903733248.0,506667968.0,790001,40000.0,-6365549382.42169,,,,,,,
-0.0793567981719972,0.0166527540419227,-0.01641987317568582,-0.9534801968920184,0.0,1093.941601482096,229.04074649449578,20,39280,802000,0.0003,-32787574.0,57297.14453125,-1.3616828918457031,461721198133248.0,226592704.0,792001,40000.0,-6365549382.42169,,,,,,,
0.548327766418457,-0.02442068898890344,0.041774299884350156,-0.9538012493923184,0.0,1095.2854663387711,209.80618620043137,20,39355,804000,0.0003,-30699604.0,56619.78515625,0.048923686146736145,1104643778150400.0,267296848.0,794001,40000.0,-6365549382.42169,,,,,,,
1.5915922107696534,0.12870649720020994,0.09857135090852041,-0.9416202403424495,0.0,1074.6605892747264,94.5832586855795,20,39431,806000,0.0003,-24975714.0,56363.33984375,-0.5012462735176086,137321898835968.0,77807920.0,796001,40000.0,-6365549382.42169,,,,,,,
2.003354589462276,0.11244248935867036,-0.10712064180995517,-0.9456629453995781,0.0,1083.120589623278,187.6432276334767,20,39507,808000,0.0003,-18975420.0,56351.24609375,-0.18863403797149658,2587340375588864.0,464961856.0,798001,40000.0,-6365549382.42169,,,,,,,
1.2895152873992908,0.020841294008123335,0.038786618917530866,-0.9570558135401863,0.0,1102.8093147134186,219.21579885102247,20,39583,810000,0.0003,-36774820.0,56033.83984375,-1.0050064325332642,1274579460816896.0,405176064.0,800001,40000.0,-6365549382.42169,,,,,,,
1.5842921543121338,0.1375347547884206,0.04662875748350251,-0.945458953038126,0.0,1080.9635207720437,104.05911838032239,20,39660,812000,0.0003,-20238004.0,54973.0546875,1.6920044422149658,3065600553254912.0,571775040.0,802001,40000.0,-6365549382.42169,,,,,,,
1.581532361984253,0.07250713509870875,-0.10494587609404395,-0.9529566005859761,0.0,1096.8398411018939,224.2858824395146,20,39736,814000,0.0003,-38821604.0,53872.828125,-1.003821849822998,12977276190720.0,12572284.0,804001,40000.0,-6365549382.42169,,,,,,,
1.1765813236236564,0.023210922754650913,0.07110164307059738,-0.9581839089170601,0.0,1106.3239741437121,198.46919296583243,20,39812,816000,0.0003,-22954070.0,53592.375,0.44407641887664795,102037735866368.0,111638904.0,806001,40000.0,-6365549382.42169,,,,,,,
1.233998176574707,0.12412464879479307,-0.0015823313120107037,-0.9492461574057539,0.0,1087.8863326203516,133.76405024189705,20,39888,818000,0.0003,-20461180.0,52902.2265625,-1.8319835662841797,104730512588800.0,93556128.0,808001,40000.0,-6365549382.42169,,,,,,,
0.8951745204925527,0.01922852177339253,-0.095941339919543,-0.9565781139350044,0.0,1102.9415304077045,229.58527727979418,20,39965,820000,0.0003,-26922658.0,52342.5703125,0.01480942964553833,11442212306944.0,18031500.0,810001,40000.0,-6365549382.42169,,,,,,,
0.7293573665618899,0.013802385157949225,0.0942142987524344,-0.9572727888656279,0.0,1105.0633726507406,196.25570729698683,20,40041,822000,0.0003,11043580.0,52018.7109375,0.38199499249458313,2.011159238541312e+16,1068506048.0,812001,40000.0,-6365549382.42169,,,,,,,
0.7123672256469735,0.0920044897150095,-0.039266351569173026,-0.9526724701826491,0.0,1094.3180387275686,181.35960548433556,20,40117,824000,0.0003,-30260684.0,51551.8671875,0.11637836694717407,138812730638336.0,99170904.0,814001,40000.0,-6365549382.42169,,,,,,,
0.11243798828125005,-0.03288096914951847,-0.07430527535713975,-0.9559613519021507,0.0,1100.5802380375223,216.45342301105137,20,40194,826000,0.0003,-9970287.0,51201.54296875,-0.5687651634216309,303984363438080.0,125711264.0,816001,40000.0,-6365549382.42169,,,,,,,
0.2806686077117921,0.00666821235899907,0.10239460885269377,-0.9554810349716671,0.0,1101.1406622227187,210.37415480863615,20,40271,828000,0.0003,-7413054.0,49210.515625,-1.1406430006027222,3088180001636352.0,503564352.0,818001,40000.0,-6365549382.42169,,,,,,,
0.22120402717590323,0.059112350296830034,-0.05748142281904273,-0.9540654315690085,0.0,1096.508957171452,206.99353460687874,20,40348,830000,0.0003,-30366336.0,48749.109375,-1.8285614252090454,22106555285504.0,29864716.0,820001,40000.0,-6365549382.42169,,,,,,,
-0.202258150100708,-0.06055516377068216,-0.04410870863159046,-0.9540677254842396,0.0,1096.1348782401608,193.5284040419385,20,40425,832000,0.0003,-33806720.0,47799.23828125,1.43341064453125,7705362169856.0,13715411.0,822001,40000.0,-6365549382.42169,,,,,,,
0.24083256721496613,0.023514781364080747,0.10666162557131434,-0.9534938769988027,0.0,1097.451446467884,199.85445255917224,20,40501,834000,0.0003,-9058093.0,46085.84765625,1.0692434310913086,1.8573633316192256e+16,1116803968.0,824001,40000.0,-6365549382.42169,,,,,,,
0.12808351898193354,0.04382774595949802,-0.07975585857175516,-0.9526392118847273,0.0,1093.6171669743264,214.19515837188356,20,40578,836000,0.0003,-26493824.0,46462.5,1.722663402557373,6127397912969216.0,858148032.0,826001,40000.0,-6365549382.42169,,,,,,,
-0.30122411346435485,-0.07187289981256106,-0.015580226097603766,-0.9520165965519994,0.0,1092.0459945076345,184.60945776284268,20,40654,838000,0.0003,-31359272.0,45684.359375,1.2044148445129395,56042427777024.0,52062508.0,828001,40000.0,-6365549382.42169,,,,,,,
0.03307571029663085,0.03051192794953743,0.07883928688220608,-0.952658505398682,0.0,1094.1902173045391,200.17876378880712,20,40731,840000,0.0003,-7901772.0,45020.9765625,0.05288273096084595,5614229851734016.0,811947904.0,830001,40000.0,-6064513299.804731,,,,,,,
0.3351517524719229,0.015755828244731648,0.020862708670566065,-0.9990414650833673,0.0,1198.565657766444,240.30965264458698,20,40807,842000,0.0003,-29657436.0,44916.98046875,-0.8479906916618347,1423854941503488.0,429465952.0,832001,40000.0,-6064513299.804731,,,,,,,
0.46220866203308075,0.03130291870896618,-0.0035431251655057812,-0.998650000286137,0.0,1197.6919878467788,239.75313371350114,20,40884,844000,0.0003,-22075588.0,44140.21484375,0.6496720910072327,7796323419947008.0,1007267968.0,834001,40000.0,-6064513299.804731,,,,,,,
0.5142706756591799,0.022803442637294134,0.0016851999759278373,-0.9988842768173195,0.0,1198.1115980501154,215.8077823510645,20,40961,846000,0.0003,-13698394.0,42494.8359375,1.815967082977295,364941894746112.0,144036848.0,836001,40000.0,-6064513299.804731,,,,,,,
0.7059832973480222,0.03777317541121967,0.009855064746394927,-0.9982384747050955,0.0,1196.8822058670341,211.35221039664498,20,41038,848000,0.0003,-32637908.0,45131.671875,-0.3757505416870117,60088807063552.0,87990712.0,838001,40000.0,-6064513299.804731,,,,,,,
0.48077519035339367,0.03183768082556656,-0.016522536059525982,-0.9983696836141532,0.0,1197.1209869042348,217.0955747980085,20,41115,850000,0.0003,-16454717.0,44038.16796875,1.832507610321045,812318438981632.0,312225216.0,840001,40000.0,-6064513299.804731,,,,,,,
0.21917001533508285,0.005241221223025627,-0.013471474830039057,-0.9989808421474193,0.0,1198.2815934152209,223.36986927936303,20,41192,852000,0.0003,-29510968.0,44854.01171875,-1.2108737230300903,2628742249709568.0,582893376.0,842001,40000.0,-6064513299.804731,,,,,,,
-0.12094303894042975,-0.003368783391243888,-0.00708077070759278,-0.999042908298746,0.0,1198.3798883413074,206.1593656661826,20,41268,854000,0.0003,-19551518.0,46051.53515625,-0.0642135739326477,25344788660224.0,25126832.0,844001,40000.0,-6064513299.804731,,,,,,,
-0.7133325519561754,-0.034363290664426276,-0.03378342720401309,-0.9979760646351667,0.0,1196.6388371345452,188.53008769620735,20,41346,856000,0.0003,-27197800.0,45672.03125,0.9832006692886353,10855364165632.0,12809594.0,846001,40000.0,-6064513299.804731,,,,,,,
-1.336892004013061,-0.07929262672488221,-0.023368769390045705,-0.9951668964573201,0.0,1191.1894106550956,158.78871099949026,20,41423,858000,0.0003,-23725500.0,46883.4375,-0.5431743264198303,14861513785344.0,29079862.0,848001,40000.0,-6064513299.804731,,,,,,,
-2.1662226581573485,-0.11361200818596248,-0.027753516777784565,-0.9912625445753964,0.0,1183.9761016467958,118.92358721760336,20,41500,860000,0.0003,-3574109.0,44605.10546875,-0.7424333691596985,534876704997376.0,257207120.0,850001,40000.0,-6064513299.804731,,,,,,,
-2.8936587066650374,-0.15830347969784375,-0.024613637347918802,-0.9838400683419155,0.0,1169.9789734597966,81.39458945541281,20,41578,862000,0.0003,-16101069.0,40793.9921875,1.5067335367202759,863640278269952.0,240198448.0,852001,40000.0,-6064513299.804731,,,,,,,
-2.818918615341184,-0.16314343228866163,0.01811382376462418,-0.9828989576408744,0.0,1168.1521843112732,90.38256081072497,20,41655,864000,0.0003,-21763028.0,38868.1796875,-1.4104536771774292,31508983185408.0,47954652.0,854001,40000.0,-6064513299.804731,,,,,,,
-2.8838722972869855,-0.14660468090029663,-0.010803710289435008,-0.9858222812462124,0.0,1173.4577996988653,89.6604410551734,20,41732,866000,0.0003,-27628912.0,41846.58984375,-0.6771332025527954,19724666667008.0,40056556.0,856001,40000.0,-6064513299.804731,,,,,,,
-3.187020116806029,-0.1789279730259007,-0.021832992808771334,-0.979454612359249,0.0,1161.6445158974418,59.897877276692014,20,41809,868000,0.0003,3146549.25,41793.2265625,1.203918695449829,9479744441548800.0,1032663296.0,858001,40000.0,-6064513299.804731,,,,,,,
-3.2243113422393788,-0.18404216560793563,0.018737531534575604,-0.9784518941887123,0.0,1159.8539347518777,76.71107193721427,20,41887,870000,0.0003,-13337656.0,38283.21484375,-0.32430627942085266,2751028290125824.0,570937472.0,860001,40000.0,-6064513299.804731,,,,,,,
-3.0871975803375227,-0.15746256097003036,0.0053011362269168435,-0.9839324496445082,0.0,1169.856474137134,85.79695726697085,20,41965,872000,0.0003,-9287353.0,36730.9296875,-0.025248564779758453,1784023651188736.0,338625632.0,862001,40000.0,-6064513299.804731,,,,,,,
-2.879922203063963,-0.16657150475097524,-0.011608153654126999,-0.9822513279531696,0.0,1166.788552103739,69.55179881280525,20,42045,874000,0.0003,-10460850.0,39525.1328125,1.034844160079956,468125464133632.0,185767520.0,864001,40000.0,-6064513299.804731,,,,,,,
-3.0607069454193105,-0.167587499506005,0.012940440508654179,-0.9821372082524268,0.0,1166.6637623571307,82.21275645601014,20,42122,876000,0.0003,-23226658.0,37905.82421875,0.11547204852104187,6074996359168.0,14850869.0,866001,40000.0,-6064513299.804731,,,,,,,
-2.951098499298095,-0.15241761014520452,0.0011123215710196314,-0.9851168954210925,0.0,1172.1505965155595,86.84843332637888,20,42200,878000,0.0003,-12259992.0,34602.79296875,-1.2047147750854492,247014273056768.0,149858288.0,868001,40000.0,-6064513299.804731,,,,,,,
-2.492656890869149,-0.1483501373955231,0.014095714033622404,-0.985747966248174,0.0,1173.3682555154946,90.26185303757664,20,42276,880000,0.0003,7730148.5,33237.21875,-1.963386058807373,1.0975852275695616e+16,881777024.0,870001,40000.0,-5791002581.933278,,,,,,,
0.4605379829406748,-0.0012915320489933076,0.04404125838450159,-0.9415928220538067,0.0,1068.317710167679,158.8121797502868,20,42353,882000,0.0003,-21135862.0,31787.880859375,-1.0260045528411865,10002647482368.0,23673318.0,872001,40000.0,-5791002581.933278,,,,,,,
-0.258911338806152,0.047630856470222006,-0.06255701589079032,-0.9393255391642099,0.0,1063.6159624896668,174.11600777505848,20,42429,884000,0.0003,-9768274.0,33222.1015625,0.9260225892066956,241619693469696.0,123035448.0,874001,40000.0,-5791002581.933278,,,,,,,
-1.8497074432373042,-0.14063195486435498,-0.14555380429828907,-0.9245774966572887,0.0,1041.8311801471784,71.18430490996968,20,42507,886000,0.0003,-16973088.0,39198.9609375,-0.26255321502685547,164619284905984.0,130495976.0,876001,40000.0,-5791002581.933278,,,,,,,
-4.3882325897216825,-0.23534039381070246,0.009753880808391076,-0.9153551748026951,0.0,1023.6569269572485,50.81170988898602,20,42583,888000,0.0003,-23239230.0,43352.69140625,0.8755322694778442,10106964017152.0,19855382.0,878001,40000.0,-5791002581.933278,,,,,,,
-7.07685799598694,-0.3156733893770225,-0.13630710021468398,-0.8819832709558157,0.0,973.3241829650129,-118.27462929175344,20,42660,890000,0.0003,-5677522.0,53669.14453125,-0.02189546823501587,2222734696251392.0,562869056.0,880001,40000.0,-5791002581.933278,,,,,,,
-5.81744430160522,-0.5956191831033962,-0.17647433088007686,-0.7428395249521144,0.0,792.8016016363547,-127.2440362413175,20,42736,892000,0.0003,-11431416.0,46991.5390625,-0.0543133020401001,267918164099072.0,120541872.0,882001,40000.0,-5791002581.933278,,,,,,,
-10.646258943557745,-0.5981901431933612,0.13292520443791625,-0.7679044278542156,0.0,829.1482239821019,167.07233259242707,20,42812,894000,0.0003,-15091921.0,40222.5625,0.9705950617790222,43904741146624.0,58031224.0,884001,40000.0,-5791002581.933278,,,,,,,
-9.255070472717293,-0.5488059523625487,-0.09522746967503108,-0.8034425845739973,0.0,871.5213604047799,-108.7740788811345,20,42888,896000,0.0003,-17154884.0,32784.76953125,-0.5771405696868896,412957615849472.0,211718192.0,886001,40000.0,-5791002581.933278,,,,,,,
-7.7146100692749044,-0.6213399382877147,0.04397868319798232,-0.7650434724424465,0.0,822.0903811499751,59.101502609440296,20,42964,898000,0.0003,19419854.0,35541.5078125,-0.758446216583252,8214527069913088.0,695872640.0,888001,40000.0,-5791002581.933278,,,,,,,
-10.213246934890758,-0.5289055832940156,-0.017081658666229314,-0.821953988786659,0.0,901.19519734091,-21.81879731115653,,,900000,0.0003,8948522.0,38627.6171875,-0.12399017065763474,540765340041216.0,204830544.0,890000,,,0.0,0.0,40000.0,-40828.11607970095,744.7859724441283,0.0,0.0
,,,,,,,20,44198,900000,0.0003,-22467064.0,38632.8125,-0.15897202491760254,14012174565376.0,29185946.0,890001,40000.0,-5791002581.933278,,,,,,,
-7.890695634841898,-0.6769501440839834,-0.12534937071549632,-0.7338690392421975,0.0,795.4677415597893,-95.0863242867581,20,44274,902000,0.0003,12333491.0,42115.3515625,-0.5956031680107117,3924273500520448.0,588672704.0,892001,40000.0,-5791002581.933278,,,,,,,
-9.679809143066402,-0.7050921200467211,0.09990674701881554,-0.730642489152711,0.0,797.2661907292012,107.08498466064546,20,44349,904000,0.0003,-5503738.0,40571.640625,-0.8415182828903198,13231108128768.0,30785544.0,894001,40000.0,-5791002581.933278,,,,,,,
-10.538906024932862,-0.6468998283479257,-0.05448286556915247,-0.770470368343457,0.0,841.7439539736775,-59.1317225031207,20,44425,906000,0.0003,-7665960.0,36840.10546875,-0.5759795904159546,151194727088128.0,153382144.0,896001,40000.0,-5791002581.933278,,,,,,,
-8.08802413940432,-0.7373228671691208,-0.0066479124398976875,-0.7154821195766816,0.0,780.75443528183,-4.414401753204235,20,44500,908000,0.0003,-22916770.0,38692.0625,-0.12467630207538605,437097479536640.0,217508240.0,898001,40000.0,-5791002581.933278,,,,,,,
-10.357337392806995,-0.6502922519853538,0.06420150791990134,-0.7699030559959291,0.0,842.2707080444665,71.24311850389091,20,44577,910000,0.0003,-12624008.0,41880.96484375,-0.9885519742965698,32052896333824.0,30166964.0,900001,40000.0,-5791002581.933278,,,,,,,
-9.857531656265255,-0.6596902930559861,-0.06124388024489163,-0.7647630531280487,0.0,835.6590161795152,-64.20735873457363,20,44654,912000,0.0003,-23343726.0,39969.15625,0.86613929271698,75133020536832.0,110072576.0,902001,40000.0,-5791002581.933278,,,,,,,
-8.833402759552005,-0.7124064190570174,0.017699985781491533,-0.7335329279572387,0.0,800.2355738236305,18.65898651017052,20,44730,914000,0.0003,-2074286.25,46720.7890625,-1.6380677223205566,15330765176832.0,31894634.0,904001,40000.0,-5791002581.933278,,,,,,,
-10.71685503578187,-0.6847518646521198,-0.026321295109019874,-0.7503619021932265,0.0,818.942130674624,-28.68528242409542,20,44805,916000,0.0003,-12089300.0,52375.02734375,1.8822848796844482,2009777869684736.0,478211264.0,906001,40000.0,-5791002581.933278,,,,,,,
-9.687030450820926,-0.8101849363946869,-0.13859578279959164,-0.6682680332301025,0.0,744.6249988055009,-83.29878020598012,20,44881,918000,0.0003,-22712696.0,48124.6796875,-2.1709165573120117,29630316675072.0,43962700.0,908001,40000.0,-5791002581.933278,,,,,,,
-0.7429960079193096,0.32851102725629755,-0.45538156769298915,-0.564171370713237,0.0,906.07649355382,848.8709437449176,20,44957,920000,0.0003,-21022002.0,44990.8046875,-0.9217064380645752,232185898467328.0,160917792.0,910001,40000.0,-5540745995.237906,,,,,,,
-5.2665303897857685,-0.21566929327674528,-0.3136401214765358,-0.8973565007452633,0.0,1028.4896485379074,-173.03979449596457,20,45034,922000,0.0003,-15901369.0,53235.2890625,0.03126457333564758,412724479655936.0,249064592.0,912001,40000.0,-5540745995.237906,,,,,,,
-8.094945690155045,-0.6069995341872784,-0.18146103581715992,-0.7349200918507343,0.0,776.8140090387418,-130.30216018173843,20,45110,924000,0.0003,-17050584.0,59830.4765625,0.3354811668395996,67877075943424.0,40577800.0,914001,40000.0,-5540745995.237906,,,,,,,
-10.003571777343746,-0.8089921415842152,0.01576622124673499,-0.5696278363968753,0.0,640.0567029364138,12.095928787769603,20,45186,926000,0.0003,-20786578.0,59789.921875,-1.18403959274292,33770098917376.0,62597216.0,916001,40000.0,-5540745995.237906,,,,,,,
-8.349655057907102,-0.3980232846190598,-0.3399844052032416,-0.5915758428371919,0.0,721.600843163307,188.88679419390783,20,45261,928000,0.0003,-13061188.0,62780.00390625,-0.7158704400062561,2431683781459968.0,528503264.0,918001,40000.0,-5540745995.237906,,,,,,,
3.0349457283019987,0.2533533282472787,-0.7887869507610437,-0.7533490011025372,0.0,1893.8042757983524,1716.8138327184479,20,45337,930000,0.0003,-20805390.0,60350.12890625,0.11894649267196655,15014905774080.0,22016782.0,920001,40000.0,-5540745995.237906,,,,,,,
-3.037359338760386,-0.664762993180457,-0.3551274181948108,-0.6350599943653289,0.0,2694.3967562154444,355.15111191574437,20,45412,932000,0.0003,-913895.25,60667.796875,-0.0030199717730283737,1204489755295744.0,363243296.0,922001,40000.0,-5540745995.237906,,,,,,,
-8.31610654830933,-0.681575366173693,0.27054513462673635,-0.7065362936427546,0.0,2816.1150294976064,-187.68352918633468,20,45487,934000,0.0003,-24799470.0,57419.62109375,1.2827321290969849,11957786640384.0,18990888.0,924001,40000.0,-5540745995.237906,,,,,,,
-8.804066190719604,-0.4197124418715622,0.00026600125840688083,-0.8825369399397653,0.0,2709.568025786989,5.279434800756416,20,45563,936000,0.0003,-24537658.0,56976.19921875,0.26783865690231323,42636308119552.0,60857736.0,926001,40000.0,-5540745995.237906,,,,,,,
-7.270577470779411,-0.5898193183228899,-0.12497106321015125,-0.7927454939763253,0.0,2790.135626797316,96.18872661029953,20,45639,938000,0.0003,-8604366.0,57669.15234375,0.855297327041626,3459414694559744.0,669774464.0,928001,40000.0,-5540745995.237906,,,,,,,
-8.90537050056456,-0.5522484912598943,0.14042506764217016,-0.8200307666351151,0.0,2785.6793713441184,-78.6442903430017,20,45714,940000,0.0003,-4448770.5,51087.75,-0.9032657742500305,9200816380444672.0,1074781568.0,930001,40000.0,-5540745995.237906,,,,,,,
-8.21071242141723,-0.4479990415097283,-0.030947366825072077,-0.8817314668573848,0.0,2744.940662072827,25.532436352234896,20,45790,942000,0.0003,-20245720.0,39928.1640625,-0.14924576878547668,275290844561408.0,182294656.0,932001,40000.0,-5540745995.237906,,,,,,,
-7.597870746612548,-0.5347183273942357,-0.027646978781694743,-0.8381827743668977,0.0,2785.4435799306684,22.23369408060642,20,45865,944000,0.0003,-21083586.0,37364.015625,-0.21467480063438416,270752288866304.0,178148384.0,934001,40000.0,-5540745995.237906,,,,,,,
-8.472879102706887,-0.4837197609937662,0.05882479984343869,-0.8660544088777656,0.0,2765.514111971159,-32.25654323331564,20,45940,946000,0.0003,-20402568.0,33480.2421875,1.3257977962493896,50254355365888.0,43870012.0,936001,40000.0,-5540745995.237906,,,,,,,
-7.6155675201416,-0.46114669247573536,-0.027915971340289062,-0.8786168149792029,0.0,2756.732773095286,22.266699958896854,20,46015,948000,0.0003,-24497292.0,30553.8125,-1.0468990802764893,20887055106048.0,24511508.0,938001,40000.0,-5540745995.237906,,,,,,,
-7.765736507415772,-0.4876265699846316,0.012904552473122489,-0.8657684666134097,0.0,2769.1706553810577,-5.238213195811103,20,46091,950000,0.0003,-17896282.0,29340.751953125,-1.1889921426773071,178083202072576.0,86192608.0,940001,40000.0,-5540745995.237906,,,,,,,
-7.72208897399902,-0.4462802550474967,0.019374986347058063,-0.8866168816277805,0.0,2751.4581794902133,-8.824951724590381,20,46166,952000,0.0003,-6508843.5,29126.8046875,-0.4512726664543152,540642195275776.0,215621760.0,942001,40000.0,-5540745995.237906,,,,,,,
-7.5643578720092775,-0.45790321917659704,-0.020064497049052596,-0.8811895333259292,0.0,2757.034379508442,16.33296508948226,20,46241,954000,0.0003,-18166036.0,27784.03515625,0.8803051710128784,89180264726528.0,101159544.0,944001,40000.0,-5540745995.237906,,,,,,,
-7.715544763565063,-0.46173311467102857,0.012346597955603849,-0.8794860761935359,0.0,2758.9949939734247,-5.336065817470348,20,46317,956000,0.0003,-4591440.0,29050.267578125,0.6822623014450073,1070858223222784.0,357754208.0,946001,40000.0,-5540745995.237906,,,,,,,
-7.713033050537109,-0.4561471522307948,-0.014690285444696739,-0.8822532166256123,0.0,2756.604226912118,12.448129146426275,20,46392,958000,0.0003,-24843008.0,31328.3203125,-1.6350001096725464,9882320240640.0,22335304.0,948001,40000.0,-5540745995.237906,,,,,,,
-7.8362551937103255,-0.488159724465222,-0.014422095999872377,-0.8663400745714869,0.0,2770.9660973665755,11.762599453285985,20,46467,960000,0.0003,-15519882.0,30832.501953125,1.4705604314804077,51287039148032.0,55869396.0,950001,40000.0,-5313754372.098729,,,,,,,
-5.07311114120483,-0.6732601047641465,-0.4529413925842302,-0.5991423318052944,0.0,1036.8567335089976,-246.95411626668434,20,46543,962000,0.0003,-4442644.5,31542.912109375,0.628320574760437,116193797079040.0,97177200.0,952001,40000.0,-5313754372.098729,,,,,,,
-8.866622871398917,-0.623272841764429,0.02914866688289534,-0.7819990297769901,0.0,855.0459030035687,35.95276159835065,20,46618,964000,0.0003,-7058770.0,32540.68359375,-0.8241978287696838,12062331764736.0,31059614.0,954001,40000.0,-5313754372.098729,,,,,,,
-9.581275964736948,-0.5490147664799505,0.06610783221891553,-0.8271108206599972,0.0,915.7714435158267,78.18754184977936,20,46693,966000,0.0003,-23553422.0,31253.1796875,0.5627122521400452,30344883470336.0,40814568.0,956001,40000.0,-5313754372.098729,,,,,,,
-8.522556316375729,-0.5211180626393322,-0.0028561447417944853,-0.8442205083741624,0.0,938.2636930587325,-0.3800302204844943,20,46769,968000,0.0003,-2775484.5,34348.0234375,-0.9653517007827759,22027457003520.0,36557068.0,958001,40000.0,-5313754372.098729,,,,,,,
-8.250793701171864,-0.5475940793150406,-0.0019390285567537644,-0.8311294851995511,0.0,921.2027306975962,2.0919494655127426,20,46844,970000,0.0003,-8925133.0,34298.85546875,-0.1858193576335907,122270991253504.0,116259680.0,960001,40000.0,-5313754372.098729,,,,,,,
-8.947708290100131,-0.5457680548480975,-0.0220351535185028,-0.8323022512343621,0.0,922.6007773142659,-25.62087328781256,20,46920,972000,0.0003,-6677214.0,36239.9765625,-1.3848040103912354,92409425821696.0,73545664.0,962001,40000.0,-5313754372.098729,,,,,,,
-8.357134544372547,-0.5722073042677204,-0.008407928157090653,-0.8172379500889436,0.0,902.4352912276703,-6.077252103626756,20,46995,974000,0.0003,-5390666.0,34036.7109375,1.1002861261367798,29528923570176.0,45275420.0,964001,40000.0,-5313754372.098729,,,,,,,
-8.862850934982333,-0.5237133115830491,0.0512952598766333,-0.844953898509152,0.0,941.6513045799808,60.79231198995286,20,47070,976000,0.0003,5379476.0,33107.671875,-1.748780608177185,241303476502528.0,101734456.0,966001,40000.0,-5313754372.098729,,,,,,,
-8.406931774139386,-0.48518007440080546,-0.008654490673723054,-0.8659241812722314,0.0,972.953215733977,-4.175054557780834,20,47145,978000,0.0003,-5970267.5,34424.0703125,-1.3044109344482422,464205434060800.0,198826256.0,968001,40000.0,-5313754372.098729,,,,,,,
-8.259507682800312,-0.560151003666267,-0.042443714189716625,-0.8266166634424855,0.0,916.9439373350109,-46.986227272358605,20,47220,980000,0.0003,4324963.0,41678.5546875,-0.7293953895568848,2473439453511680.0,411177440.0,970001,40000.0,-5313754372.098729,,,,,,,
-8.89864682197569,-0.5694431737401315,0.00969875701346865,-0.8222491137330882,0.0,909.6987211279375,12.355426568593911,20,47295,982000,0.0003,-19505742.0,38345.76953125,-0.2201518416404724,7626681745408.0,13155384.0,972001,40000.0,-5313754372.098729,,,,,,,
-8.282452987670888,-0.5327430268410824,0.030013599290735684,-0.8420726194549386,0.0,938.2496946470228,35.60039944649942,20,47370,984000,0.0003,-16027725.0,34340.98046875,-0.349551796913147,14581707571200.0,25709156.0,974001,40000.0,-5313754372.098729,,,,,,,
-8.128345851898183,-0.4832076081212835,0.037806157235442936,-0.8685143012320835,0.0,976.8415383050035,45.960078199863915,20,47444,986000,0.0003,12696321.0,35058.66015625,-0.04228007793426514,1.0058666304602112e+16,1090119168.0,976001,40000.0,-5313754372.098729,,,,,,,
-8.18450760078432,-0.4742906858679095,-0.04262452270517676,-0.8724486844552627,0.0,984.5243845577519,-44.12270390099465,20,47519,988000,0.0003,562269.75,38508.11328125,-1.538663387298584,14794872586240.0,17980058.0,978001,40000.0,-5313754372.098729,,,,,,,
-8.176117420196535,-0.5432455174540298,-0.019155425647230037,-0.8368556517651395,0.0,930.7160533064135,-20.532005851164197,20,47594,990000,0.0003,-12751235.0,42251.20703125,1.028069019317627,20737911947264.0,45544368.0,980001,40000.0,-5313754372.098729,,,,,,,
-8.4610443935394,-0.5282529448783745,0.025548249876362054,-0.8447641790963647,0.0,942.5334332200692,30.996832195292562,20,47668,992000,0.0003,-6559971.0,38466.96875,0.19188429415225983,34432295632896.0,56122976.0,982001,40000.0,-5313754372.098729,,,,,,,
-8.463306957244873,-0.5028045925231465,-0.0018113690917453066,-0.8581813413184793,0.0,962.6817319599717,0.7690130475317519,20,47742,994000,0.0003,-18796728.0,39754.86328125,-0.16029734909534454,109909739831296.0,106109320.0,984001,40000.0,-5313754372.098729,,,,,,,
-8.641056257247914,-0.5140766382719818,-0.002746537255375081,-0.8523050755696173,0.0,953.8282760350701,1.1165627176392459,20,47817,996000,0.0003,-15990966.0,39880.66796875,-1.239101767539978,43763158220800.0,31137098.0,986001,40000.0,-5313754372.098729,,,,,,,
-8.358574045181268,-0.5254414980493728,0.0034668482787271345,-0.846233502018084,0.0,944.9575165106316,5.633489064147236,20,47892,998000,0.0003,-11151792.0,39316.74609375,1.343361496925354,19853163364352.0,50081900.0,988001,40000.0,-5313754372.098729,,,,,,,
-7.906604600906365,-0.5219041371539781,-0.010538084813564176,-0.8480691540695435,0.0,947.7108841621632,-11.523853359029376,,,1000000,0.0003,-13065371.0,42933.10546875,-0.8680490255355835,24410052362240.0,32944650.0,990000,,,0.0,0.0,40000.0,-41675.86850056311,2397.5969385724097,0.0,0.0
,,,,,,,20,49091,1000000,0.0003,-16720314.0,42932.6953125,1.123573660850525,10863140405248.0,23134018.0,990001,40000.0,-5102709434.595885,,,,,,,
