rollout/acrobot_xk_applied_torque,rollout/acrobot_xk_elbow_norm,rollout/acrobot_xk_elbow_rate_norm,rollout/acrobot_xk_energy_error_norm,rollout/acrobot_xk_homoclinic_capture,rollout/acrobot_xk_lyapunov,rollout/acrobot_xk_lyapunov_rate,time/fps,time/time_elapsed,time/total_timesteps,train/learning_rate,train/actor_loss,train/alpha,train/alpha_loss,train/critic_loss,train/fraction,train/n_updates,rollout/ep_len_mean,rollout/ep_rew_mean,eval/best_strict_capture_mean_max_duration,eval/best_strict_capture_success_rate,eval/mean_ep_length,eval/mean_reward,eval/std_reward,eval/strict_capture_mean_max_duration,eval/strict_capture_success_rate
-0.21723398400296,0.009112458859480123,-0.0096584445744355,-0.991155684320137,0.0,1187.0570036036215,64.67660310150896,2156,0,2000,0.0003,,,,,,,,,,,,,,,
-0.0049138985876926,-0.03257785591983317,0.0786462409935898,-0.9860113115132314,0.0,1193.9789159725863,-19.38344097020341,2158,1,4000,0.0003,,,,,,,,,,,,,,,
-0.009895853701746163,0.005749312153009708,0.018427733352133505,-0.9834910742705385,0.0,1198.1209488821555,40.537331874402376,2165,2,6000,0.0003,,,,,,,,,,,,,,,
-0.2357622986589017,-0.01998034027440858,-0.028275593599364452,-0.9771896714828486,0.0,1219.4029746164945,40.85467385584366,2166,3,8000,0.0003,,,,,,,,,,,,,,,
0.0006334198852529127,-0.03827739378801219,-0.008815291796587727,-0.9737201181085273,0.0,1225.2523821370187,176.61824197996583,1552,6,10000,0.0003,-0.07910102605819702,1.0,-0.0,2912301.5,98.34029388427734,1,,,,,,,,,
1.851102671027184,0.15002503860587332,0.10633794067564577,-0.9784456657679393,0.0,1168.0020172541822,-203.93774581467176,170,70,12000,0.0003,42245.34375,1.3679934740066528,0.02502589300274849,48470.3515625,568.9473876953125,2001,,,,,,,,,
-0.4368606138229371,0.009877316148331691,-0.3209315462712007,-0.9770304351915904,0.0,1194.291628208311,22.65604631397003,102,136,14000,0.0003,128680.484375,2.0957894325256348,-0.5990282297134399,19955.384765625,754.0077514648438,4001,,,,,,,,,
-7.23573364377022,-0.4722708849472876,-0.27745526473822074,-0.857177411834607,0.0,987.8929514170495,-301.7783331310865,78,202,16000,0.0003,201645.015625,4.2183966636657715,-1.9259204864501953,103209.390625,1057.576416015625,6001,,,,,,,,,
-10.042393741011631,-0.7447762306146151,-0.12844598609138586,-0.7104581517613201,0.0,782.0000331675534,-124.6923820539565,66,268,18000,0.0003,255004.1875,7.558459758758545,-1.6678807735443115,102635.7890625,1466.04345703125,8001,,,,,,,,,
-9.760310233235368,-0.6656802027582771,-0.20447652708030653,-0.5936666952838,0.0,719.347643523105,120.36146931494041,59,335,20000,0.0003,286949.625,14.576458930969238,-3.882194757461548,608930.375,5217.88916015625,10001,,,,,,,,,
-2.5824761599302297,0.16966479370606696,-0.8857368438420422,-0.6405270381700817,0.0,1293.2444844428182,1242.7392685357756,54,401,22000,0.0003,325360.375,24.617294311523438,-2.308358669281006,13612054.0,17331.8359375,12001,21102.0,-63328858.651123,,,,,,,
-8.545767247080777,-0.07168052464138032,-0.9111917476194797,-0.33858259144747754,0.0,1780.4050241394702,11951.864130794267,51,467,24000,0.0003,401575.25,43.72256088256836,-7.5130391120910645,114751392.0,60299.35546875,14001,11650.5,-53502099.497377,,,,,,,
15.667761318683631,0.15333593959844535,1.3575549258735669,-0.37491033979600413,0.0,1770.4364368772476,17114.212757174962,48,533,26000,0.0003,396643.0,73.5040054321289,-3.723236322402954,385168512.0,55359.0,16001,8562.333333333334,-50323771.875034995,,,,,,,
18.22219884157175,0.15434015864960768,1.6311072969291418,-0.28395582048223666,0.0,1965.0547863552347,16413.355649856923,46,599,28000,0.0003,396196.90625,143.75823974609375,-9.55041790008545,706059392.0,89821.4921875,18001,6867.25,-48619183.98183375,,,,,,,
19.597430586814887,0.055108030186977845,1.9503564193926666,0.10141611837003163,0.0,2406.8840832099713,21935.12060680665,45,666,30000,0.0003,396701.90625,265.8025207519531,-8.991734504699707,1878304512.0,189123.671875,20001,5765.0,-47639819.6316752,,,,,,,
18.836700416207293,0.05910978182107111,2.1049595542900597,-0.05726492994927076,0.0,3134.604306133029,36661.493055172345,43,731,32000,0.0003,378635.59375,449.4017639160156,-5.130831241607666,2510328320.0,173835.0625,22001,4504.714285714285,-46521775.70463414,,,,,,,
10.444398643970489,0.062244142748081994,1.19286749208696,-0.36963999902815,0.0,2057.5814252837804,17181.20158803724,42,798,34000,0.0003,481035.5625,615.7890625,-1.3274089097976685,5851986432.0,315752.53125,24001,4114.75,-46161245.19543238,,,,,,,
6.366990866661072,0.4185776112916151,0.19920538353270717,-0.8765474353481671,0.0,995.9732699578547,-213.83658375565366,41,864,36000,0.0003,552089.75,1019.0986938476562,-3.176581382751465,5655320064.0,299280.28125,26001,4114.75,-46161245.19543238,,,,,,,
7.332490857243541,0.495305066882873,-0.08481785773655531,-0.847858501435196,0.0,942.0832158848845,99.81232516002937,40,930,38000,0.0003,644682.4375,1815.7855224609375,-2.725097417831421,19162800128.0,617844.625,28001,4114.75,-46161245.19543238,,,,,,,
6.164040039181711,0.3202269724006433,-0.11635347465090162,-0.9298511989209172,0.0,1075.341895877939,114.97071195365129,40,996,40000,0.0003,802820.0,3162.201904296875,-1.876473307609558,27567673344.0,764904.0625,30001,4114.75,-46161245.19543238,,,,,,,
2.763457416892051,0.17305141794742232,-0.10433668601696992,-0.972889159388554,0.0,1150.2530669844841,56.39352976044728,39,1061,42000,0.0003,726830.5,4589.705078125,-0.6611738204956055,33606004736.0,1078319.375,32001,4114.75,-46161245.19543238,,,,,,,
0.136403729915619,-0.007682736484299442,-0.10371670196004866,-0.987482766378906,0.0,1176.7952178565852,15.160133649031273,39,1126,44000,0.0003,755513.9375,4566.333984375,1.1183438301086426,68614832128.0,1351617.625,34001,4114.75,-46161245.19543238,,,,,,,
-0.6135930860042579,-0.03941465993352719,0.01743051012844457,-0.9879800912521681,0.0,1174.0746934197923,20.506159400992015,38,1192,46000,0.0003,1056725.375,3531.787841796875,0.8170235753059387,73478356992.0,1868372.25,36001,4114.75,-46161245.19543238,,,,,,,
-1.3288074755668646,-0.058957049256974314,0.022092655577299575,-0.9854081112879908,0.0,1171.5373151298052,15.329869994288273,38,1257,48000,0.0003,1623024.0,3038.694091796875,-0.16999447345733643,1367478239232.0,3446678.25,38001,4114.75,-46161245.19543238,,,,,,,
0.7857515692710877,0.021295335539717606,0.04708524346925948,-0.9888227554104574,0.0,1177.6638926362689,15.896380282207176,37,1322,50000,0.0003,2214898.75,2882.4677734375,-0.1368628740310669,455933427712.0,4808947.5,40001,4114.75,-46161245.19543238,,,,,,,
2.375187786221508,0.12696437288172355,0.10192583130484176,-0.9762853126781286,0.0,1156.270460773865,-33.947143909837045,37,1387,52000,0.0003,3326034.75,2926.2744140625,-2.836609125137329,613544886272.0,3992848.5,42001,4114.75,-46161245.19543238,,,,,,,
4.025389899015424,0.25543064901665197,0.023373666113663257,-0.9519527948201522,0.0,1109.775303438467,-11.142352695614457,37,1452,54000,0.0003,4169819.0,3344.138916015625,-2.509014844894409,1752116232192.0,8300760.0,44001,4114.75,-46161245.19543238,,,,,,,
5.329369679689411,0.27247870944537994,0.03197087762127938,-0.9469198907020471,0.0,1099.5863017350634,-24.489862586059512,36,1516,56000,0.0003,6005420.5,3895.68896484375,-2.046518325805664,2263665344512.0,8567278.0,46001,4114.75,-46161245.19543238,,,,,,,
5.915947492122654,0.3464918768119091,0.0844304148084806,-0.9193266460950347,0.0,1054.965079948789,-73.74290879482629,36,1581,58000,0.0003,5471708.0,4453.21875,-0.264698326587677,3637449064448.0,12058311.0,48001,4114.75,-46161245.19543238,,,,,,,
7.25543701469898,0.4364426247380809,0.015292077169259878,-0.8847884517813988,0.0,997.6732150549076,-14.021829214010829,36,1646,60000,0.0003,7503064.0,5309.90234375,-0.019012808799743652,8788643938304.0,23268988.0,50001,4114.75,-46161245.19543238,,,,,,,
8.677333235144605,0.48183298088267795,0.07544112035753552,-0.8600642642217778,0.0,961.3848015292516,-89.55464129984843,36,1711,62000,0.0003,7368018.0,6324.75048828125,1.297856092453003,5976183275520.0,18541180.0,52001,4114.75,-46161245.19543238,,,,,,,
7.720882301926616,0.5925345669476627,0.023925384759481413,-0.7990923229377117,0.0,874.4624248385193,-25.399543969178147,36,1777,64000,0.0003,9404630.0,7531.10400390625,0.4117865562438965,10654100488192.0,23386742.0,54001,4114.75,-46161245.19543238,,,,,,,
9.501344150900826,0.5424122931760719,-0.032945306435361324,-0.8286549000632982,0.0,914.512001985401,39.31740992500391,35,1842,66000,0.0003,12396962.0,8922.1689453125,-1.990453839302063,10479486369792.0,18490652.0,56001,4114.75,-46161245.19543238,,,,,,,
9.188275875449188,0.5992916813097545,0.08660693291711356,-0.7933860190767815,0.0,868.2857120835042,-97.88656244681486,35,1908,68000,0.0003,14385210.0,10432.1572265625,-1.8461225032806396,36341362458624.0,43711960.0,58001,4114.75,-46161245.19543238,,,,,,,
8.442958691120154,0.6309900205253465,-0.06276848280952256,-0.774884718979923,0.0,843.8692289648864,68.46833134652357,35,1975,70000,0.0003,10472789.0,12219.29296875,-0.5198476910591125,15324456943616.0,27148202.0,60001,4114.75,-46161245.19543238,,,,,,,
10.187512312531494,0.566457840328014,0.028108424312992413,-0.8138654217039912,0.0,893.9105055712643,-34.6889945620351,35,2042,72000,0.0003,15765119.0,14051.8916015625,-1.1199991703033447,54561544863744.0,51487504.0,62001,4114.75,-46161245.19543238,,,,,,,
5.182214172482498,0.3505228748891382,0.17545874539066827,-0.8818313633907684,0.0,1022.498203452705,-64.17171108584583,35,2110,74000,0.0003,14135207.0,15994.7763671875,-1.1091582775115967,22353882906624.0,33420654.0,64001,8102.0,-45622520.720419005,,,,,,,
5.859408451914773,0.30706371269030625,0.16631071331208727,-0.9337734084465875,0.0,1087.895392297804,-156.43434544149198,34,2178,76000,0.0003,18408060.0,18393.677734375,-0.46858301758766174,34797049085952.0,47586884.0,66001,8102.0,-45622520.720419005,,,,,,,
8.051625131368597,0.5496346795610231,0.14593335145209943,-0.8160766818557876,0.0,902.2239243931396,-166.23947426283573,34,2248,78000,0.0003,14938234.0,20664.63671875,-2.9285831451416016,23650738634752.0,35744240.0,68001,8102.0,-45622520.720419005,,,,,,,
8.681900027394299,0.6129360567095753,-0.05137464556093987,-0.7854819641779117,0.0,856.0987561358932,58.88476345520888,34,2317,80000,0.0003,21179528.0,23247.794921875,-0.43232420086860657,23425301086208.0,24107668.0,70001,8102.0,-45622520.720419005,,,,,,,
10.434207470417048,0.5853038012602377,0.06049308460595254,-0.8011299341322958,0.0,877.2767796451108,-73.89727590869707,34,2388,82000,0.0003,16728266.0,25758.76953125,-0.9769307374954224,39513908838400.0,25889344.0,72001,8102.0,-45622520.720419005,,,,,,,
7.4057927364110885,0.7067842678619977,0.02464368285084225,-0.7249223734505699,0.0,784.9772650432185,-27.123462872368314,34,2458,84000,0.0003,22406228.0,28646.755859375,-0.5114774107933044,82569295036416.0,68628600.0,74001,8102.0,-45622520.720419005,,,,,,,
10.418532299399354,0.6129264808361508,-0.07706940733312999,-0.7821445770574001,0.0,852.1835179058588,88.927160498529,34,2528,86000,0.0003,27950188.0,31726.580078125,-4.153385162353516,120297797713920.0,95703552.0,76001,8102.0,-45622520.720419005,,,,,,,
10.046660326123236,0.6499354019380088,0.11319733539540645,-0.7569131493604461,0.0,822.9187732646321,-123.34956147069951,33,2599,88000,0.0003,24140308.0,35079.4296875,1.1637659072875977,139561019637760.0,96291120.0,78001,8102.0,-45622520.720419005,,,,,,,
7.457383716702454,0.7160891303788651,-0.07594586536787062,-0.714981550426128,0.0,773.8706544996082,71.59250532917764,33,2670,90000,0.0003,23063696.0,38494.89453125,-0.013562425971031189,127955497910272.0,105429928.0,80001,8102.0,-45622520.720419005,,,,,,,
11.001938611269,0.5910639573690346,-0.008617641797951332,-0.7939246711417158,0.0,864.8855564403307,10.966063558231449,33,2742,92000,0.0003,28321896.0,42670.06640625,-0.7446576356887817,78537553870848.0,68353912.0,82001,8102.0,-45622520.720419005,,,,,,,
7.94610792458056,0.7212906560165794,0.10818917832607175,-0.7081988560910276,0.0,767.3595843397095,-105.38667099539161,33,2814,94000,0.0003,24146390.0,46704.17578125,-0.016233772039413452,149979284897792.0,96408888.0,84001,8102.0,-45622520.720419005,,,,,,,
9.237617116570478,0.6794353554728336,-0.13332727413787274,-0.730853059049992,0.0,790.7198902777819,130.18332703620072,33,2886,96000,0.0003,33535776.0,50436.4453125,-0.9091447591781616,203434196205568.0,136878048.0,86001,8102.0,-45622520.720419005,,,,,,,
11.24576946139335,0.6041186763482342,0.07861400651016007,-0.7797834846054263,0.0,846.5808381817844,-97.77135625583993,33,2957,98000,0.0003,27044008.0,54453.7265625,0.8563382625579834,146701721534464.0,124343600.0,88001,8102.0,-45622520.720419005,,,,,,,
5.465334872007366,0.7727892449725686,0.030962014002230823,-0.6699359854232373,0.0,726.2430420333628,-36.83775328439426,,,100000,0.0003,28785774.0,58809.265625,-2.42533802986145,149924138188800.0,71979984.0,90000,,,0.0,0.0,40000.0,-37576.88775574246,3112.7617332095024,0.0,0.0
,,,,,,,24,4162,100000,0.0003,32388352.0,58815.4921875,-2.1998164653778076,327329658175488.0,146257456.0,90001,8102.0,-45622520.720419005,,,,,,,
10.85104107379912,0.620335653965717,-0.13035354343307706,-0.7597926498458228,0.0,820.5850405850861,147.89424809048077,24,4232,102000,0.0003,20192676.0,64206.2421875,1.3298704624176025,75229372088320.0,67249656.0,92001,8102.0,-45622520.720419005,,,,,,,
11.089190272092827,0.6419180786392563,0.16025794956726144,-0.7423675193206727,0.0,802.6047789915026,-178.739913879292,24,4303,104000,0.0003,54471008.0,69176.7890625,-1.6428515911102295,521647266201600.0,171709040.0,94001,8102.0,-45622520.720419005,,,,,,,
3.7504419088363656,0.7951660634745218,-0.06982867181691889,-0.6427560331573718,0.0,697.7942983901106,36.94011579948163,24,4374,106000,0.0003,23869090.0,73978.9921875,1.1553958654403687,159005158670336.0,135806736.0,96001,8102.0,-45622520.720419005,,,,,,,
11.442834172844876,0.5707457051138511,-0.09738034740032131,-0.7793813457073173,0.0,837.1956690649479,127.89174628258965,24,4445,108000,0.0003,28054972.0,78886.7265625,-1.4122953414916992,345918108860416.0,213079280.0,98001,8102.0,-45622520.720419005,,,,,,,
10.100416690707204,0.6940548284942768,0.23051664078285164,-0.6859028185043496,0.0,741.8396113848653,-210.35186528348518,24,4516,110000,0.0003,41875108.0,85402.5390625,-2.8016750812530518,174172835676160.0,64603688.0,100001,8102.0,-45622520.720419005,,,,,,,
0.4272673022747058,0.8199152785804416,-0.16675957920547618,-0.5901878161267072,0.0,644.0381167464648,19.822862283250924,24,4587,112000,0.0003,40692344.0,91071.6796875,2.7918152809143066,701110125854720.0,249221200.0,102001,8102.0,-45622520.720419005,,,,,,,
8.214779036045066,0.3258639152477498,0.08073997350109179,-0.8552101199352263,0.0,974.5830771528061,84.30984518332698,24,4658,114000,0.0003,40229856.0,96588.5234375,-0.838358998298645,689667863216128.0,228785808.0,104001,11291.8,-44358051.9775308,,,,,,,
6.771441602110863,0.4847667468960611,0.24602228003744578,-0.8239287136452781,0.0,917.9683976332288,-271.0124183719597,24,4729,116000,0.0003,32177308.0,103227.359375,1.2452349662780762,182633988358144.0,67547760.0,106001,11291.8,-44358051.9775308,,,,,,,
8.575909631848331,0.5944493556280052,-0.06703622770114555,-0.7820993106812504,0.0,844.4142120773148,80.69708056559566,24,4800,118000,0.0003,30310256.0,109050.40625,-0.07458171248435974,235324412264448.0,93346016.0,108001,11291.8,-44358051.9775308,,,,,,,
11.122099277377131,0.5768417709386232,0.1088768867080048,-0.7891391439503171,0.0,857.826129948101,-138.53504201760288,24,4871,120000,0.0003,25537292.0,117628.0078125,1.216072678565979,578144473972736.0,238826544.0,110001,11291.8,-44358051.9775308,,,,,,,
4.244719419479374,0.7944563231793503,0.054555115051308944,-0.6485310004511323,0.0,705.7987837896208,-56.075735968048015,24,4942,122000,0.0003,36560792.0,124090.625,-0.5161303877830505,870502293831680.0,309180736.0,112001,11291.8,-44358051.9775308,,,,,,,
10.87192382097245,0.6292856992693701,-0.16130927158796313,-0.7421066697806826,0.0,797.179494406224,175.0560482221658,24,5013,124000,0.0003,33658668.0,131263.453125,-1.515170931816101,271769793462272.0,91006288.0,114001,11291.8,-44358051.9775308,,,,,,,
11.839325930476193,0.6247474427139174,0.17609479452636448,-0.7409024372461839,0.0,799.0923366468724,-206.724691165114,24,5084,126000,0.0003,66526584.0,139685.65625,-0.09842906892299652,577653908176896.0,191993392.0,116001,11291.8,-44358051.9775308,,,,,,,
-1.5227090597152695,0.8764487509772293,-0.00042846900413984337,-0.5845825941754438,0.0,657.4110096712978,-49.33502785106275,24,5156,128000,0.0003,45878904.0,147182.046875,-2.3772318363189697,997286440075264.0,333950528.0,118001,11291.8,-44358051.9775308,,,,,,,
11.388943867683414,0.5946317951477649,-0.22622788449167933,-0.7072477367429518,0.0,739.8647086254684,236.83539615697612,24,5227,130000,0.0003,41161272.0,156219.859375,0.7067078351974487,494874520453120.0,158672592.0,120001,11291.8,-44358051.9775308,,,,,,,
13.162497878670695,0.5588832001925627,0.21472624912763805,-0.7271752248632966,0.0,767.4510200563174,-290.30108992324034,24,5298,132000,0.0003,42309472.0,164130.5,0.7411520481109619,650730025254912.0,275387200.0,122001,11291.8,-44358051.9775308,,,,,,,
-11.244857166409492,-0.3492742877163626,0.16875324725555577,-0.4993620247965805,0.0,661.2307373329927,63.81750579468835,24,5369,134000,0.0003,37192972.0,174980.640625,2.2710089683532715,357063783874560.0,103520920.0,124001,11291.8,-44358051.9775308,,,,,,,
-4.862203849554049,0.5252479164417361,-0.5606457277239514,-0.21117972419752337,0.0,308.42537565947026,-499.03094692560614,25,5439,136000,0.0003,39196420.0,185861.703125,1.3007827997207642,522665911648256.0,186364368.0,126001,11291.8,-44358051.9775308,,,,,,,
0.7891917139291763,-0.023596169995542836,-0.25518441154022037,-0.21988437733409263,0.0,90.40687668935968,-47.155559078177255,25,5509,138000,0.0003,49382256.0,196433.0625,0.37056782841682434,1427578812366848.0,385676512.0,128001,11291.8,-44358051.9775308,,,,,,,
3.669456905722618,-0.09690537627833427,0.19578132383791946,-0.20285679300653733,0.0,80.520359372827,83.70520281836973,25,5579,140000,0.0003,60949372.0,214958.890625,0.4896027445793152,839156682981376.0,191525088.0,130001,11291.8,-44358051.9775308,,,,,,,
11.0268969398737,0.24318514003871958,0.08129562315230089,-0.046583046143006776,0.0,81.00948952079703,-108.93349642052124,25,5648,142000,0.0003,71282000.0,235054.96875,-0.3489390015602112,886667275665408.0,280632128.0,132001,11291.8,-44358051.9775308,,,,,,,
-3.2379619902372334,0.10300043673376053,-0.2511060512418925,-0.0694980689580002,0.0,42.936749218782055,58.706586308558336,25,5718,144000,0.0003,36005516.0,244567.71875,-1.1488308906555176,364194436218880.0,126877152.0,134001,11291.8,-44358051.9775308,,,,,,,
-12.289868820309643,-0.2642594995054176,0.0038847909909177974,-0.04148278059654584,0.0,173.70681651355073,23.42632740065121,25,5787,146000,0.0003,73868496.0,259691.0625,-1.5990617275238037,1124918104162304.0,322519264.0,136001,11291.8,-44358051.9775308,,,,,,,
2.699228917956351,-0.10494054163413599,0.11709179959291188,-0.2676301778201936,0.0,105.06283238489345,48.93960053184112,25,5856,148000,0.0003,74855608.0,276171.71875,-1.9451396465301514,2736503516037120.0,583714048.0,138001,11291.8,-44358051.9775308,,,,,,,
12.940060017704964,0.26596815532372053,0.2210480910812069,-0.09421511880433998,0.0,112.0292209284196,-65.0405781385832,25,5925,150000,0.0003,61110352.0,303227.9375,-1.2616697549819946,2376830606639104.0,537659328.0,140001,11291.8,-44358051.9775308,,,,,,,
-5.413683894872658,0.3196089462324459,-0.1448531106268038,-0.06379875164417226,0.0,55.045699872701405,-39.683581171420364,25,5994,152000,0.0003,52758420.0,311664.9375,1.002191424369812,1008699510358016.0,232903488.0,142001,11291.8,-44358051.9775308,,,,,,,
0.3057854330539702,0.09616055972620671,0.03461624764805791,-0.5271108196822061,0.0,637.9819430531758,-22.459747914191354,25,6063,154000,0.0003,40751908.0,333710.78125,1.7213518619537354,2058699426234368.0,290023616.0,144001,13901.636363636364,-42040650.076143734,,,,,,,
6.329777492880823,0.3178878581499546,0.1658730924224184,-0.9176864026531748,0.0,1054.2568011225924,-165.28779548903222,25,6132,156000,0.0003,85754144.0,343355.28125,-0.12325897812843323,3242329330679808.0,569998208.0,146001,13901.636363636364,-42040650.076143734,,,,,,,
8.645187325477597,0.6188197482634646,0.22809155484096047,-0.7472629248243531,0.0,814.3440172573929,-246.64364155430985,25,6201,158000,0.0003,60991132.0,352739.53125,-0.5274521112442017,1433428826259456.0,210304576.0,148001,13901.636363636364,-42040650.076143734,,,,,,,
7.038671272993091,0.7174362621420822,-0.1196698318321582,-0.6953318385734321,0.0,746.3812370004007,112.84008893154095,25,6270,160000,0.0003,50200084.0,369374.3125,1.1917855739593506,2592602515832832.0,566891520.0,150001,13901.636363636364,-42040650.076143734,,,,,,,
11.550353796482083,0.5745899128535756,0.028187204497842597,-0.7890517057577537,0.0,852.5918897061105,-36.707724219427334,25,6339,162000,0.0003,116943960.0,381460.9375,-0.0977674126625061,2663838038097920.0,496993344.0,152001,13901.636363636364,-42040650.076143734,,,,,,,
4.978853339552878,0.8160279504273357,0.19241104855113478,-0.6281105629404656,0.0,697.2270141277022,-110.76177052377786,25,6408,164000,0.0003,84187976.0,391261.15625,-1.250746250152588,1896677422137344.0,319114624.0,154001,13901.636363636364,-42040650.076143734,,,,,,,
5.122665356397631,0.7685499090837804,-0.2380622466479962,-0.6236450131947768,0.0,675.1856601213749,96.2359147795242,25,6476,166000,0.0003,80486376.0,408935.34375,0.1464197039604187,2030215739998208.0,291258016.0,156001,13901.636363636364,-42040650.076143734,,,,,,,
11.501989956498148,0.5149622830257732,-0.0015107536870037541,-0.7896974820875777,0.0,836.8408785125283,8.969633597557815,25,6545,168000,0.0003,44468328.0,423438.03125,0.15514132380485535,996560724819968.0,231604576.0,158001,13901.636363636364,-42040650.076143734,,,,,,,
3.2838210082054173,0.29666765914921434,0.35886246012643835,-0.5532511093593241,0.0,656.258446000193,-45.22324982084121,25,6614,170000,0.0003,61569560.0,435664.90625,-0.5475870370864868,1976987941863424.0,307753024.0,160001,13901.636363636364,-42040650.076143734,,,,,,,
-13.531867623329163,0.12022360508182181,-0.42536313693682204,-0.34282295933869833,0.0,494.2672345662607,-546.3680111740973,25,6682,172000,0.0003,54159756.0,458105.125,1.0257431268692017,2079584778452992.0,282291104.0,162001,13901.636363636364,-42040650.076143734,,,,,,,
-3.315638800263402,0.11872550468754249,-0.44199783096209744,-0.07184134180747431,0.0,98.73586586628194,-158.23038937797733,25,6751,174000,0.0003,123176168.0,465485.65625,-1.258871078491211,3332596121468928.0,498703552.0,164001,13901.636363636364,-42040650.076143734,,,,,,,
-4.172753935456278,-0.3173035909219296,-0.21681428579157389,0.06276971894834768,0.0,56.17110425915251,88.19244241894624,25,6820,176000,0.0003,67901512.0,483624.75,0.721702516078949,3334397054943232.0,443710784.0,166001,13901.636363636364,-42040650.076143734,,,,,,,
-12.908840218782442,-0.3937641155524754,0.33915058012793514,-0.11261577181641708,0.0,523.6616985599392,345.3440945157653,25,6888,178000,0.0003,156967696.0,514936.1875,-2.190969228744507,3340561406754816.0,465323872.0,168001,13901.636363636364,-42040650.076143734,,,,,,,
8.339843291640285,0.18245688129879814,0.31131361830807386,-0.5382783173495308,0.0,421.04237739575484,-260.5814220853047,25,6957,180000,0.0003,57500152.0,530976.0625,1.3628032207489014,4341870486355968.0,617721408.0,170001,13901.636363636364,-42040650.076143734,,,,,,,
1.8241715145111264,0.511166048236141,0.007210080984980318,-0.28835343079117093,0.0,192.3922971514649,-15.465473629560902,25,7026,182000,0.0003,101735888.0,550911.6875,0.1583462357521057,2097893687164928.0,219588624.0,172001,13901.636363636364,-42040650.076143734,,,,,,,
-2.614651815295223,0.1742186729152086,-0.39308059407793816,-0.17899459208504623,0.0,116.46666227382676,-118.58279995086563,25,7095,184000,0.0003,112383328.0,557697.0625,0.23937229812145233,7245931950899200.0,687624704.0,174001,13901.636363636364,-42040650.076143734,,,,,,,
-1.4440482872724538,-0.20744327757273018,-0.11448747516954415,-0.10919848889246596,0.0,34.49345688746763,-12.367278661228124,25,7163,186000,0.0003,114893624.0,578799.875,-0.20308774709701538,1.0085575348453376e+16,685341056.0,176001,13901.636363636364,-42040650.076143734,,,,,,,
4.330774636864657,-0.1758323760782751,0.20671719211840753,-0.08108197725777873,0.0,43.9072981157115,68.87623429916059,25,7232,188000,0.0003,77009456.0,612604.4375,-0.17037269473075867,1968037498454016.0,164366432.0,178001,13901.636363636364,-42040650.076143734,,,,,,,
12.378949864506717,0.23596938790457092,0.21971633629095158,0.07784549289631965,0.0,130.50001484093994,-37.65404776129635,26,7300,190000,0.0003,62074480.0,642770.9375,-1.318658471107483,1316831872679936.0,194827616.0,180001,13901.636363636364,-42040650.076143734,,,,,,,
2.624926289319994,0.3705033106447095,0.05385426402841374,0.07438935400759254,0.0,54.4880745722019,42.289520572490545,26,7369,192000,0.0003,128012096.0,670463.0,0.1972084939479828,7539175138000896.0,676514816.0,182001,13901.636363636364,-42040650.076143734,,,,,,,
10.774193540215489,0.21053190687956186,-0.03173380658778519,-0.538170903815092,0.0,755.5901839566843,44.28781356125331,26,7437,194000,0.0003,179017728.0,694665.1875,0.8227441906929016,5811267918888960.0,555242688.0,184001,16076.5,-40078514.96468409,,,,,,,
7.05034715592861,0.48840896121913585,0.24652029644379042,-0.832099105038824,0.0,934.7097585358432,-275.8949171717899,26,7505,196000,0.0003,68968192.0,710819.3125,-0.7206029891967773,2716144834183168.0,228249920.0,186001,16076.5,-40078514.96468409,,,,,,,
8.597852412462235,0.6249263989130712,-0.041602575849706884,-0.7739202028810584,0.0,838.9582002625428,51.78613655171824,26,7573,198000,0.0003,97228296.0,720475.125,-0.3405044972896576,1.1058023590002688e+16,1124688256.0,188001,16076.5,-40078514.96468409,,,,,,,
11.138402034044262,0.6125271660437864,0.08924400878124483,-0.778844049376766,0.0,848.2643315075899,-108.50259134760954,,,200000,0.0003,218840304.0,740794.1875,-1.0331670045852661,1.6714612556693504e+16,1007008384.0,190000,,,0.0,0.0,40000.0,-38284.070469670834,2791.0232352721378,0.0,0.0
,,,,,,,22,8769,200000,0.0003,131711992.0,740912.1875,0.6513286232948303,1.897757928534835e+16,1145563264.0,190001,16076.5,-40078514.96468409,,,,,,,
5.396489618420603,0.8038128871427479,0.06479547220961347,-0.6579809090665701,0.0,722.151234523633,-51.900038825193484,22,8837,202000,0.0003,128695584.0,754052.625,-2.2886977195739746,3037969954897920.0,244942448.0,192001,16076.5,-40078514.96468409,,,,,,,
10.43394224166872,0.6839775540670987,-0.1425260412419491,-0.7269824792904399,0.0,787.8595084888667,141.0912453842612,22,8904,204000,0.0003,157415712.0,766415.3125,2.3282809257507324,1.2081337129238528e+16,1134897152.0,194001,16076.5,-40078514.96468409,,,,,,,
11.538226067423823,0.6550241083829986,0.12762967064327774,-0.7450738646865337,0.0,808.1146765089377,-143.1498252254542,22,8973,206000,0.0003,72635560.0,788775.125,1.3634345531463623,2986646706323456.0,326901760.0,196001,16076.5,-40078514.96468409,,,,,,,
2.7511500692367545,0.855043116870526,0.020505236531599025,-0.6241034331395373,0.0,696.0706102780367,-22.240898915629664,23,9041,208000,0.0003,98836592.0,802990.3125,-1.1878657341003418,6735554007793664.0,656977792.0,198001,16076.5,-40078514.96468409,,,,,,,
10.942543569207194,0.6647943424512741,-0.16790362227115277,-0.7249064203679397,0.0,781.8567884386752,170.2841130225727,23,9109,210000,0.0003,138237984.0,819457.5625,1.0355600118637085,8949609112010752.0,862290816.0,200001,16076.5,-40078514.96468409,,,,,,,
12.032601584792134,0.6474475715383401,0.16795826702767405,-0.7336575448822891,0.0,793.5150246258132,-189.3768469211398,23,9178,212000,0.0003,175594336.0,839881.4375,-1.4306399822235107,8829143869292544.0,971402688.0,202001,16076.5,-40078514.96468409,,,,,,,
-3.106377696990968,0.9288727295918091,0.06281877559783507,-0.5801360227781298,0.0,677.5871288944378,-33.69827876125975,23,9246,214000,0.0003,68523160.0,861055.75,0.2646723985671997,2592793373442048.0,327003424.0,204001,16076.5,-40078514.96468409,,,,,,,
8.75062288224697,0.6761699522111063,-0.2886059916756296,-0.6314061417693101,0.0,662.3108779471501,166.99062126770522,23,9314,216000,0.0003,150079584.0,885606.4375,-0.8454221487045288,6852429731594240.0,639237248.0,206001,16076.5,-40078514.96468409,,,,,,,
11.805401560664176,0.49091266293525676,0.10606561612784278,-0.7677829334852586,0.0,798.3351771389778,-155.23823467982132,23,9383,218000,0.0003,189260720.0,905349.125,-0.16146421432495117,1.5411848044085248e+16,1129849088.0,208001,16076.5,-40078514.96468409,,,,,,,
-2.6707809078693407,0.0629271590401095,0.31131599256023595,-0.492276596389672,0.0,608.6775992004237,59.926696808610366,23,9452,220000,0.0003,108842392.0,932826.5625,2.193023204803467,4576574879825920.0,380648320.0,210001,16076.5,-40078514.96468409,,,,,,,
-10.564447847008731,0.30668598824572496,-0.5349626782695771,-0.24335792921223384,0.0,397.2021873283083,-565.664542396477,23,9520,222000,0.0003,131348336.0,950554.75,-0.20894747972488403,1.705105237737472e+16,1394645376.0,212001,16076.5,-40078514.96468409,,,,,,,
-7.648028953671455,-0.030672379021922113,-0.3962538241362256,-0.0019818090720762046,0.0,79.96885164509659,-84.39246322542591,23,9589,224000,0.0003,65381092.0,963022.5,2.012974262237549,4914727318716416.0,429168928.0,214001,16076.5,-40078514.96468409,,,,,,,
-11.974181166887272,-0.469399063630494,-0.23929255014160328,0.26456694538660697,0.0,221.93089498722853,567.4002089285071,23,9657,226000,0.0003,160546128.0,987646.0,-2.496802806854248,4872064334823424.0,413077568.0,216001,16076.5,-40078514.96468409,,,,,,,
-3.148780096173288,-0.015428365902818883,0.5077871833086872,-0.4196654372231392,0.0,673.4973599500362,-236.46622458270693,23,9726,228000,0.0003,67460200.0,1015993.0,0.13748016953468323,5151825082712064.0,360606656.0,218001,16076.5,-40078514.96468409,,,,,,,
14.549626161456109,0.35398760009281927,0.21754098372022906,-0.3720112829143043,0.0,264.6087030985491,-182.59641025507497,23,9794,230000,0.0003,186328272.0,1061179.125,-1.0258562564849854,7682767705866240.0,388593536.0,220001,16076.5,-40078514.96468409,,,,,,,
-5.599131621122359,0.4168991002565167,-0.1699023442017787,-0.2577187881700912,0.0,169.77195927008694,-63.7398759380562,23,9863,232000,0.0003,161852688.0,1074394.75,-1.0563671588897705,1.0319595231510528e+16,669979904.0,222001,16076.5,-40078514.96468409,,,,,,,
0.9686623531579971,0.09101287135004794,-0.021234547030159794,-0.6228999168983114,0.0,688.2502876210649,-77.38650206913228,23,9931,234000,0.0003,153062912.0,1099674.0,1.1422078609466553,5317947975270400.0,422854784.0,224001,17916.76923076923,-38910977.764352314,,,,,,,
6.771659991145132,0.3549780446666027,0.18214859688325047,-0.9106200036143843,0.0,1049.019728340721,-193.38914042390147,23,10000,236000,0.0003,203892848.0,1116910.375,-1.604817509651184,1.9212767399510016e+16,1594436480.0,226001,17916.76923076923,-38910977.764352314,,,,,,,
8.505000928044323,0.6444334481812225,0.19614486889185753,-0.7481786417422133,0.0,818.365252815043,-206.50203488955552,23,10068,238000,0.0003,220602432.0,1141944.625,-2.4817943572998047,4.329886239109939e+16,1801110912.0,228001,17916.76923076923,-38910977.764352314,,,,,,,
8.027165855765347,0.7256673808107249,-0.0933930108817365,-0.707717071398079,0.0,766.5858164628224,89.92988358059301,23,10137,240000,0.0003,175005360.0,1157505.375,-0.5873892307281494,8597404613869568.0,482419904.0,230001,17916.76923076923,-38910977.764352314,,,,,,,
11.614128381013865,0.6286933643859168,0.04120813750188213,-0.7704592578796967,0.0,836.2956837928622,-50.40107535084623,23,10206,242000,0.0003,174621568.0,1175695.25,0.530884325504303,6750036100644864.0,242808144.0,232001,17916.76923076923,-38910977.764352314,,,,,,,
5.721894230842587,0.8253882195793013,0.13129789440063774,-0.6446480288804217,0.0,716.0651089389893,-78.48499672931885,23,10274,244000,0.0003,145146976.0,1177013.5,-0.22664394974708557,8805362098503680.0,951230848.0,234001,17916.76923076923,-38910977.764352314,,,,,,,
7.655906904339794,0.7721358951905316,-0.17344726498825722,-0.6667654787833929,0.0,730.0137629541415,114.33787543050096,23,10343,246000,0.0003,107351104.0,1218563.875,1.6554584503173828,5240952633425920.0,470863584.0,236001,17916.76923076923,-38910977.764352314,,,,,,,
11.984827603101719,0.6153075014254668,0.03635401895867292,-0.7702599330734234,0.0,832.3803547329763,-46.425037332599686,23,10412,248000,0.0003,204214256.0,1246439.75,-0.5024664402008057,1.953693864611021e+16,1246026624.0,238001,17916.76923076923,-38910977.764352314,,,,,,,
4.288730792403218,0.8632826011969378,0.20214699208350265,-0.6133705837908924,0.0,698.7718476324177,-58.435882502379116,23,10481,250000,0.0003,169956544.0,1235628.25,2.4224486351013184,1.0206739597099008e+16,523028320.0,240001,17916.76923076923,-38910977.764352314,,,,,,,
-0.7003668278455789,0.8667288817936017,-0.2229631904747112,-0.5736140888993368,0.0,649.5845209971679,-61.074543962330836,23,10549,252000,0.0003,156389504.0,1269942.875,-0.757281482219696,2.436617410392883e+16,1377440640.0,242001,17916.76923076923,-38910977.764352314,,,,,,,
11.98849529922008,0.516686290560252,-0.12030910891856443,-0.7595105737307206,0.0,788.799862696523,178.21306419417309,23,10618,254000,0.0003,220647600.0,1286377.75,-0.8857598304748535,2.692281995886592e+16,1635271680.0,244001,17916.76923076923,-38910977.764352314,,,,,,,
11.77643487691879,0.6956101557818674,0.3526572887506412,-0.5967857199743952,0.0,653.9681249162049,-228.22680641589696,23,10687,256000,0.0003,275754112.0,1307328.25,-0.5096025466918945,4.667527791640576e+16,1845258496.0,246001,17916.76923076923,-38910977.764352314,,,,,,,
-17.068984972834606,-0.28625675201924666,-0.22022910871154178,-0.4277282732730859,0.0,605.0046329940316,-276.6447060371521,23,10755,258000,0.0003,181808496.0,1362351.0,1.1204917430877686,1.3950229871067136e+16,650398144.0,248001,17916.76923076923,-38910977.764352314,,,,,,,
-2.7226797503232936,0.26296971497291677,-0.5332836342120199,-0.084699443779033,0.0,154.25232766382194,-252.70781093363678,24,10824,260000,0.0003,229742912.0,1359109.375,1.6337950229644775,3.823677528132813e+16,2142056832.0,250001,17916.76923076923,-38910977.764352314,,,,,,,
-9.259123266935344,-0.2819996683523715,-0.24699670578707864,0.09775085451930662,0.0,66.59973403139082,85.90290738002258,24,10893,262000,0.0003,83452312.0,1401182.75,2.3379318714141846,9036717491224576.0,649488320.0,252001,17916.76923076923,-38910977.764352314,,,,,,,
-12.967381506562274,-0.37189834312805026,0.36202840233886247,-0.02165220185610574,0.0,653.9250158737834,284.98272302288666,24,10961,264000,0.0003,133137456.0,1444020.0,0.10229121148586273,7445047708483584.0,420069408.0,254001,17916.76923076923,-38910977.764352314,,,,,,,
8.531412602066986,0.20606863296803152,0.2833192461299421,-0.5287560173239235,0.0,404.93331891323015,-234.50117832029443,24,11030,266000,0.0003,202911840.0,1474857.625,-1.4159998893737793,1.4783355815985152e+16,955804800.0,256001,17916.76923076923,-38910977.764352314,,,,,,,
2.780904145836813,0.49650968711397964,-0.019347708272544135,-0.2954076031399403,0.0,191.59562017281462,-11.787715917604459,24,11100,268000,0.0003,346776480.0,1494628.375,-1.4173932075500488,2.210418877530112e+16,1123962112.0,258001,17916.76923076923,-38910977.764352314,,,,,,,
-1.8135607147216792,0.16063878947848342,-0.36866569168949836,-0.21825914266939853,0.0,126.40534751200136,-108.78939360968923,24,11170,270000,0.0003,310630752.0,1504242.0,-1.709191918373108,9890476459032576.0,413736128.0,260001,17916.76923076923,-38910977.764352314,,,,,,,
0.2831792336702344,-0.16756815912763684,-0.06595475205667341,-0.1846656696922574,0.0,53.675436870305425,-7.855075936438677,24,11240,272000,0.0003,274543040.0,1526683.625,0.8054699301719666,5.151936537113395e+16,2268016640.0,262001,17916.76923076923,-38910977.764352314,,,,,,,
2.302228454351425,-0.0029731301704948028,0.23052149975796662,-0.5827632892939045,0.0,613.0771712092062,42.93102929684592,24,11309,274000,0.0003,146030512.0,1567252.125,1.2709113359451294,1.1772846808236032e+16,689795456.0,264001,19494.14285714286,-37769294.02961943,,,,,,,
5.979465322494505,0.27287503885481285,0.1520752340155929,-0.898025159675324,0.0,1001.5374151895479,-134.45003392061028,24,11379,276000,0.0003,214457152.0,1588581.125,0.26664096117019653,2.1715103392989184e+16,776692736.0,266001,19494.14285714286,-37769294.02961943,,,,,,,
10.75856702506543,0.6560777703757119,0.41600030225713935,-0.6238537646098105,0.0,704.387143042998,-310.0149285369278,24,11449,278000,0.0003,184226048.0,1612362.375,0.9428645968437195,9929392083959808.0,522410880.0,268001,19494.14285714286,-37769294.02961943,,,,,,,
-17.353919125795343,-0.36076554134882166,-0.19949558831492675,-0.44776468701914973,0.0,635.8204306528639,-261.40551315645473,24,11519,280000,0.0003,128405008.0,1640823.875,0.39218923449516296,1.9576950561439744e+16,695907584.0,270001,19494.14285714286,-37769294.02961943,,,,,,,
-2.3900470459461234,0.29122036698142606,-0.540301529733043,-0.09859587070344625,0.0,165.37062121259692,-279.7363096933594,24,11588,282000,0.0003,423605696.0,1644635.375,0.7069734334945679,1.336075248163881e+17,2626012416.0,272001,19494.14285714286,-37769294.02961943,,,,,,,
-7.504177035689386,-0.2524715716444645,-0.22687055371832238,0.049369340148281385,0.0,47.83085589262071,23.230520244873084,24,11657,284000,0.0003,228178688.0,1671658.25,0.6565016508102417,2.119788839881933e+16,1086235264.0,274001,19494.14285714286,-37769294.02961943,,,,,,,
-13.751624629497533,-0.4807080028266534,0.296819291242948,0.04264368104183685,0.0,532.0821524104787,378.50521257229366,24,11727,286000,0.0003,312075968.0,1734738.625,-0.06516540050506592,6.628668700046131e+16,2618721024.0,276001,19494.14285714286,-37769294.02961943,,,,,,,
6.694851826429361,0.15125684576411055,0.27537344230062155,-0.5751361900479904,0.0,453.6117632444541,-153.48088498412417,24,11796,288000,0.0003,273837216.0,1754425.75,-2.0355172157287598,2.358970844132147e+16,917627712.0,278001,19494.14285714286,-37769294.02961943,,,,,,,
5.365637434124934,0.5049722246295499,0.05393010834119955,-0.3030446039938631,0.0,201.61547987610587,-113.30163078067177,24,11865,290000,0.0003,327396000.0,1785108.875,-2.121955633163452,8.022982588052275e+16,2612592896.0,280001,19494.14285714286,-37769294.02961943,,,,,,,
-2.4933529394865093,0.21744734529033935,-0.389545644942597,-0.21420643570667236,0.0,137.26425265379163,-115.92288994608428,24,11934,292000,0.0003,314221952.0,1799056.5,-1.6182798147201538,6.638927229432627e+16,2365472256.0,282001,19494.14285714286,-37769294.02961943,,,,,,,
-1.1725322985649052,-0.16802334944822916,-0.10568392813162267,-0.16627169692923505,0.0,48.321674908428285,-21.6497051773406,24,12003,294000,0.0003,249988688.0,1819926.5,0.4695137143135071,2.88694816735232e+16,1685584896.0,284001,19494.14285714286,-37769294.02961943,,,,,,,
5.8101696568727474,-0.06016770827808105,0.3401563915209762,-0.11530307336682319,0.0,87.78609682886675,180.5483121581171,24,12072,296000,0.0003,211994864.0,1889297.25,0.09722903370857239,2.39915799412736e+16,856842688.0,286001,19494.14285714286,-37769294.02961943,,,,,,,
8.21689430654049,0.29637729976028343,0.04616669241311247,0.029769197429415112,0.0,91.94606217334736,-177.4685874498444,24,12140,298000,0.0003,376394720.0,1902565.0,-0.3877007067203522,3.427623561383117e+16,1111673344.0,288001,19494.14285714286,-37769294.02961943,,,,,,,
-0.759864424467087,0.24885975075131175,-0.06534213221186543,0.019809118939770984,0.0,28.254963035469828,14.605928048837189,,,300000,0.0003,305060160.0,1941835.25,-0.8595985174179077,4.061650928585933e+16,1704922496.0,290000,,,0.0,0.0,40000.0,-39460.45015881669,3963.544193328379,0.0,0.0
,,,,,,,22,13345,300000,0.0003,355295392.0,1941933.375,-0.02710592746734619,4.991376486196838e+16,2210156544.0,290001,19494.14285714286,-37769294.02961943,,,,,,,
12.85843982100483,0.2755956679813288,0.08495563256694467,0.0029281635966978865,0.0,165.14961820789196,17.544013901396305,22,13412,302000,0.0003,260857696.0,1994846.75,1.730401635169983,4.221852349733274e+16,979766464.0,292001,19494.14285714286,-37769294.02961943,,,,,,,
-4.9596834200620705,0.2989870560650308,-0.17326867610949542,-0.0487988104581915,0.0,52.45049564253929,-37.4150284228407,22,13480,304000,0.0003,215784832.0,1984997.5,-1.4625372886657715,2.563138986495181e+16,956470144.0,294001,19494.14285714286,-37769294.02961943,,,,,,,
0.786481337547302,0.00837998777132826,-0.08527887314546011,0.002365004500965664,0.0,9.107571358780437,-3.992400734695554,22,13548,306000,0.0003,190283648.0,2046407.125,0.267646461725235,2.815882779479245e+16,849489152.0,296001,19494.14285714286,-37769294.02961943,,,,,,,
12.775246967673299,0.17981208032926943,0.14579630649924072,0.08712319612752648,0.0,139.9181883986064,135.92224021093452,22,13617,308000,0.0003,282845888.0,2113750.5,0.6384826302528381,3.1388540122169344e+16,935804736.0,298001,19494.14285714286,-37769294.02961943,,,,,,,
-0.802998173236849,0.3384820261491796,0.07502274274749121,0.05340703390609646,0.0,57.09683865282844,-107.04144581836422,22,13685,310000,0.0003,366098272.0,2144751.25,-0.9726693630218506,1.3217280817102848e+17,2551050240.0,300001,19494.14285714286,-37769294.02961943,,,,,,,
13.941957700252523,0.292101040725996,-0.013340026067758803,-0.01985670714901755,0.0,190.09308905367172,118.30976857123368,22,13755,312000,0.0003,310985920.0,2172880.25,-0.8420168161392212,3.388571141747507e+16,1381639680.0,302001,19494.14285714286,-37769294.02961943,,,,,,,
-0.8348428839445116,0.2332651586143684,0.2007132445934685,-0.5893278464024649,0.0,640.9097926752432,-62.85521543519978,22,13824,314000,0.0003,240775904.0,2171339.25,-0.10528820753097534,2.199523404493619e+16,1103287680.0,304001,20861.2,-35968848.640662074,,,,,,,
6.317727643251412,0.2954126345425198,0.16314839254504152,-0.8971207513102398,0.0,1005.0527068831229,-154.47001499438502,22,13893,316000,0.0003,471807456.0,2183934.5,-0.07881176471710205,9.063643714945024e+16,3030808320.0,306001,20861.2,-35968848.640662074,,,,,,,
10.043811777830129,0.5755253119036007,0.42322159587285724,-0.6144117394886546,0.0,705.8514074229648,-259.8158800263619,22,13963,318000,0.0003,468708480.0,2195897.25,-1.7706750631332397,6.770955812601856e+16,2498647552.0,308001,20861.2,-35968848.640662074,,,,,,,
-17.635513325333577,-0.3993090341511557,-0.2144737755851171,-0.4645237574109775,0.0,676.382796360017,-287.4683244865,22,14032,320000,0.0003,301091328.0,2238742.0,0.14735758304595947,2.133972969376973e+16,837555584.0,310001,20861.2,-35968848.640662074,,,,,,,
-2.2929279834032084,0.3010772461952313,-0.5501501245898291,-0.10161802275652557,0.0,172.50823323416944,-299.5630763926719,22,14101,322000,0.0003,411095584.0,2258367.25,-0.20692074298858643,1.823445545385984e+17,3260467712.0,312001,20861.2,-35968848.640662074,,,,,,,
-7.50666449427605,-0.2498888032629114,-0.22626140810299103,0.0441213241820514,0.0,46.82355518730192,23.188905371685795,22,14171,324000,0.0003,289076480.0,2281907.0,-0.055165112018585205,2.7249295455420416e+16,849522496.0,314001,20861.2,-35968848.640662074,,,,,,,
-13.878015057444573,-0.4961554833245897,0.29028262368432606,0.05445179849368891,0.0,533.5594809292869,383.5541356128422,22,14240,326000,0.0003,245001600.0,2314429.0,1.855478048324585,4.081072770698445e+16,1154236288.0,316001,20861.2,-35968848.640662074,,,,,,,
6.844525708556173,0.1560951285265537,0.2832589274808115,-0.5743876000129803,0.0,454.0254011536775,-168.1942855218529,22,14310,328000,0.0003,280695552.0,2340757.5,-1.6315282583236694,2.500176913419469e+16,892917696.0,318001,20861.2,-35968848.640662074,,,,,,,
5.054562993049607,0.4954812766909766,0.03558975381133868,-0.31552570181437917,0.0,206.78232658924884,-97.04779303577351,22,14378,330000,0.0003,521007872.0,2396260.0,-1.5910120010375977,8.47527958103982e+16,3265198592.0,320001,20861.2,-35968848.640662074,,,,,,,
-1.2854830366373031,0.20687447731310338,-0.36204307775933264,-0.252283411942074,0.0,148.54910009749182,-99.78694369220709,22,14447,332000,0.0003,198707216.0,2393423.5,0.9797651171684265,3.552460651311923e+16,1143121536.0,322001,20861.2,-35968848.640662074,,,,,,,
0.6443214738369,-0.12103901807323003,-0.05534013472545235,-0.2444026504676967,0.0,80.5009353878153,-9.124484616870857,23,14516,334000,0.0003,296907520.0,2436866.25,0.5141993761062622,2.5406327136190464e+16,619038144.0,324001,20861.2,-35968848.640662074,,,,,,,
10.389075911045063,0.12879818402568943,0.28133853957059307,-0.11728078483026194,0.0,126.1300521182533,127.04224855160885,23,14584,336000,0.0003,558547200.0,2461789.75,0.8995535373687744,2.115254213410816e+17,3418770688.0,326001,20861.2,-35968848.640662074,,,,,,,
0.2735993725061494,0.29389115218634326,-0.03596229038325073,-0.09767777634741814,0.0,71.63948351584466,-141.53631169124776,23,14653,338000,0.0003,375550944.0,2505677.75,-0.939511239528656,3.15973764644864e+16,896592768.0,328001,20861.2,-35968848.640662074,,,,,,,
-2.4236113840341558,-0.03274754710941747,-0.39962997768464303,-0.018717750087687487,0.0,71.044430982624,109.18194721415188,23,14722,340000,0.0003,416969760.0,2537086.0,-0.22769862413406372,4.594496597236122e+16,1393544832.0,330001,20861.2,-35968848.640662074,,,,,,,
-10.913508375883122,-0.2516670756600195,0.2016493638116034,-0.12824118111077354,0.0,337.99127769754193,38.1753208218014,23,14790,342000,0.0003,427456448.0,2592408.5,0.3690173327922821,7.7509127307264e+16,2472311552.0,332001,20861.2,-35968848.640662074,,,,,,,
7.879039539694781,0.1142373126514212,0.32879902645193926,-0.3303857457583529,0.0,208.32950004918126,-123.84143763634671,23,14859,344000,0.0003,343240416.0,2619719.5,0.5861932039260864,1.2253955730335334e+17,3941251072.0,334001,20861.2,-35968848.640662074,,,,,,,
4.056219108700746,0.36017174593819573,-0.06864725633703268,-0.20041414256824872,0.0,115.4738563824155,45.512752043514894,23,14927,346000,0.0003,354869632.0,2649235.25,2.292498826980591,4.378693388468224e+16,1022314496.0,336001,20861.2,-35968848.640662074,,,,,,,
-7.0835105413198525,0.01758400224727278,-0.41803987907571427,-0.10840634601256284,0.0,97.96337587800622,-74.21467324625173,23,14996,348000,0.0003,356169760.0,2666789.25,0.5679659843444824,5.091529110585344e+16,1482961536.0,338001,20861.2,-35968848.640662074,,,,,,,
-6.807737574577323,-0.32552933267498907,-0.1193359650120261,0.036400578081378795,0.0,47.51996092244543,61.082445229255306,23,15064,350000,0.0003,398797856.0,2746772.75,-0.24571847915649414,3.2498754808446976e+16,945462208.0,340001,20861.2,-35968848.640662074,,,,,,,
-14.088791543841362,-0.5242924165856859,0.27485722006321983,-0.01828171892364244,0.0,485.0845155784825,364.24338073912713,23,15133,352000,0.0003,611159552.0,2747773.75,-1.325411081314087,3.248639389256909e+17,4153316352.0,342001,20861.2,-35968848.640662074,,,,,,,
3.6165645813941962,0.08815718849323424,0.3247358988586636,-0.7928732180388006,0.0,841.1132381395604,-87.08707975374958,23,15201,354000,0.0003,351473984.0,2784329.25,0.037726253271102905,4.577601054887117e+16,1329933440.0,344001,22057.375,-34520248.131897315,,,,,,,
7.533397170305264,0.5610452641591404,0.3070569781230592,-0.7757505168453237,0.0,866.536515457716,-335.36060248870876,23,15270,356000,0.0003,493081728.0,2795381.5,1.09052312374115,1.1096032547333734e+17,3190306560.0,346001,22057.375,-34520248.131897315,,,,,,,
7.824727873802189,0.7399414483274921,-0.0608975506645866,-0.6988397759080301,0.0,756.0261559716246,67.36871325543142,23,15338,358000,0.0003,386602944.0,2781505.5,-0.2910773754119873,5.667296105411379e+16,1444317312.0,348001,22057.375,-34520248.131897315,,,,,,,
12.429582791924474,0.680993088758028,0.07656163292595529,-0.735482934586083,0.0,797.3603271879855,-87.1273664518776,23,15407,360000,0.0003,321908992.0,2795621.5,1.3251917362213135,3.742234210782413e+16,1457860352.0,350001,22057.375,-34520248.131897315,,,,,,,
-1.0159359878301557,-0.06369130279347199,0.28956112211169627,-0.57455718416259,0.0,745.804111521954,199.62893079751157,23,15475,362000,0.0003,348112928.0,2802519.25,0.6135115027427673,7.383734258604442e+16,1678356096.0,352001,22057.375,-34520248.131897315,,,,,,,
-15.017342889904967,-0.17185770796653588,-0.4136681442346816,-0.4291424204331939,0.0,667.6582433257163,-642.1721090092478,23,15544,364000,0.0003,198663488.0,2829635.75,1.4878121614456177,2.346596184358912e+16,470345952.0,354001,22057.375,-34520248.131897315,,,,,,,
-4.475351654887203,0.17618578046962446,-0.5609835705470076,-0.037343170028428886,0.0,149.74903806868716,-176.19329757085288,23,15612,366000,0.0003,201829936.0,2810066.25,0.2133600115776062,3.351119456423117e+16,719472768.0,356001,22057.375,-34520248.131897315,,,,,,,
-10.624960134625422,-0.30190191920660886,-0.1716397692091069,0.14022502259698613,0.0,78.61569415510857,68.43071899305403,23,15681,368000,0.0003,224178160.0,2808145.5,2.6303508281707764,6.225268621233357e+16,2219404288.0,358001,22057.375,-34520248.131897315,,,,,,,
-12.788099671006213,-0.3568538377468818,0.3746995740968453,-0.03257896254425937,0.0,682.6244087377585,266.6236165278518,23,15749,370000,0.0003,542357952.0,2864216.75,-1.475284218788147,1.7628990478168883e+17,4535214080.0,360001,22057.375,-34520248.131897315,,,,,,,
9.478476676344869,0.24135862830529276,0.29025110503812585,-0.5092520454285907,0.0,389.74419094452986,-257.3351412898374,23,15818,372000,0.0003,407747264.0,2889485.0,1.512465238571167,6.81008897762263e+16,2548247808.0,362001,22057.375,-34520248.131897315,,,,,,,
1.9156082946061994,0.4659808389612305,-0.08070594397228928,-0.32219756454313,0.0,204.77715344672515,22.03561290330135,23,15886,374000,0.0003,590618048.0,2877317.0,0.09412887692451477,1.6037287624179712e+17,3443674112.0,364001,22057.375,-34520248.131897315,,,,,,,
0.5015807968378065,0.12357260472782043,-0.3027582259234405,-0.29766907153392813,0.0,154.99456800207906,-63.913626173175416,23,15955,376000,0.0003,354921024.0,2889774.25,0.8458004593849182,3.969542348446106e+16,737752064.0,366001,22057.375,-34520248.131897315,,,,,,,
2.1551611101627315,-0.07378906566585498,0.05734536850475636,-0.30614822838722167,0.0,122.9837797096719,36.7840370824223,23,16023,378000,0.0003,581769088.0,2877498.0,0.9412997961044312,1.747712215256924e+17,4365750272.0,368001,22057.375,-34520248.131897315,,,,,,,
13.275154559612277,0.2539100423213026,0.187354106470785,-0.14597045158928432,0.0,139.5866016191803,-47.81283857802881,23,16091,380000,0.0003,487992736.0,2896258.0,0.33799296617507935,1.530671712310395e+17,3484637184.0,370001,22057.375,-34520248.131897315,,,,,,,
-4.694767352938647,0.2445976753085966,-0.2040448453967987,-0.1450825305314334,0.0,84.09774460535068,1.8485887591469379,23,16159,382000,0.0003,268362832.0,2923330.5,-1.9371745586395264,3.433867370089677e+16,1062621952.0,372001,22057.375,-34520248.131897315,,,,,,,
-12.302442337274545,-0.21442421836433323,-0.11658713491444248,-0.02025099967621564,0.0,126.58643505871352,-56.769104206014354,23,16227,384000,0.0003,759513280.0,2960154.75,0.05172324180603027,1.0084214702814003e+17,1816274176.0,374001,22057.375,-34520248.131897315,,,,,,,
3.3731730729341507,-0.2028832735590008,0.015374879348029795,-0.1438243431381709,0.0,41.97678514359357,14.562365246736588,23,16295,386000,0.0003,355238944.0,2946795.25,1.4114785194396973,1.304450287271936e+17,2730797824.0,376001,22057.375,-34520248.131897315,,,,,,,
11.651173030138008,0.1352245376862674,0.2079946110978156,-0.0027958884532064345,0.0,131.5937097870119,-23.491958850142222,23,16363,388000,0.0003,310993600.0,2977561.5,1.4704782962799072,1.018947662029783e+17,2126258176.0,378001,22057.375,-34520248.131897315,,,,,,,
-1.7474321883916857,0.24419020721925647,0.0032300962345170278,-0.02972717407504989,0.0,42.30584738800905,6.520471430160283,23,16431,390000,0.0003,537595264.0,2999132.5,1.0398705005645752,9.369175662474035e+16,2914760448.0,380001,22057.375,-34520248.131897315,,,,,,,
0.21315953791141504,0.0444097735015833,-0.08953811946874536,0.010515828616386773,0.165,10.55837423273258,-3.520254087341183,23,16499,392000,0.0003,204522480.0,3044256.25,1.1971782445907593,3.4846482716688384e+16,560836608.0,382001,22057.375,-34520248.131897315,,,,,,,
5.547999617457392,0.1350434723738359,0.36036440230760564,-0.48546736871700163,0.0,669.6039848288488,162.1894751240407,23,16566,394000,0.0003,593827456.0,3062379.75,0.07963508367538452,3.2655048668348416e+17,5561205760.0,384001,23112.823529411766,-33298269.22162018,,,,,,,
7.258094450235367,0.36117568767116615,0.19674096785055595,-0.8908801918928811,0.0,1010.5228578911434,-214.68329940148416,23,16634,396000,0.0003,360318016.0,3063568.75,0.3141033351421356,6.017795501536051e+16,1055109568.0,386001,23112.823529411766,-33298269.22162018,,,,,,,
8.010991696715354,0.43812388996167284,0.41663143453686247,-0.6053178901403217,0.0,720.5936650974163,-125.272325571407,23,16702,398000,0.0003,287011072.0,3055163.0,1.932454228401184,5.349025284882432e+16,1307526272.0,388001,23112.823529411766,-33298269.22162018,,,,,,,
-17.696899884939178,-0.4904034338125019,-0.21898312207773,-0.5112254785824093,0.0,767.8912747068975,-336.38654916621846,,,400000,0.0003,778791104.0,3065942.0,-3.6747002601623535,1.3226965109361869e+17,2056258688.0,390000,,,0.0,0.0,40000.0,-39024.430716598035,5654.245291608166,0.0,0.0
,,,,,,,22,17904,400000,0.0003,557266688.0,3065915.75,0.24687211215496063,5.534418407207731e+16,1591958528.0,390001,23112.823529411766,-33298269.22162018,,,,,,,
-3.6620998114347456,0.3442211353327215,-0.603882154180408,-0.07518391543887704,0.0,203.14266929925535,-306.59189973654867,22,17970,402000,0.0003,568413184.0,3034091.75,-1.3277931213378906,1.2133409742231962e+17,3755279360.0,392001,23112.823529411766,-33298269.22162018,,,,,,,
-12.07035513639448,-0.24228266867443324,-0.1775423432058038,0.10436939860758951,0.0,74.02436656966265,-41.28954887531636,22,18037,404000,0.0003,433001440.0,3046882.0,-0.05391797423362732,1.240004302995456e+17,3989644288.0,394001,23112.823529411766,-33298269.22162018,,,,,,,
-12.812520740032197,-0.514874791140844,0.206917327493884,0.15398110857755273,0.0,529.6904088164705,1551.1957035182545,22,18104,406000,0.0003,462232640.0,3090132.75,1.264846682548523,8.74969706748969e+16,2398987008.0,396001,23112.823529411766,-33298269.22162018,,,,,,,
4.089735988974569,0.14339611387025142,0.28883009175168944,-0.5816828157541747,0.0,478.2266559432211,-1253.716309070395,22,18171,408000,0.0003,358524096.0,3060844.0,0.9450793862342834,7.527881950992794e+16,1801401088.0,398001,23112.823529411766,-33298269.22162018,,,,,,,
7.862842785120031,0.43385797353421895,0.005081502065475891,-0.35783308137673997,0.0,231.95318767233624,-152.58543845880126,22,18238,410000,0.0003,498379008.0,3059288.5,0.44057878851890564,4.618136526730035e+16,901997696.0,400001,23112.823529411766,-33298269.22162018,,,,,,,
0.1630441415309906,0.1731360632493753,-0.27396230861787785,-0.35800336204965233,0.0,198.17181364185188,-39.129664853425915,22,18305,412000,0.0003,671949184.0,3045577.5,-0.7495511770248413,1.2868834415345664e+17,2545667328.0,402001,23112.823529411766,-33298269.22162018,,,,,,,
2.1077182680368423,-0.033588884623486574,0.041060843670956144,-0.37433593053227965,0.0,175.54721869513986,25.945426855177818,22,18373,414000,0.0003,245934000.0,3001782.25,2.47379732131958,5.905065494917939e+16,1327056256.0,404001,23112.823529411766,-33298269.22162018,,,,,,,
13.35315425932407,0.2712277394362698,0.1312608377864917,-0.21674256313656604,0.0,159.99141210622426,-62.77708314675871,22,18441,416000,0.0003,341733856.0,3060800.25,-1.1756255626678467,8.544916462790246e+16,1907714560.0,406001,23112.823529411766,-33298269.22162018,,,,,,,
-4.030412818193442,0.1852167167700444,-0.20437920144514796,-0.23060538167777678,0.0,114.181884354285,-2.307275611179063,22,18509,418000,0.0003,322814816.0,3013789.5,1.1105245351791382,6.918821658178355e+16,1729095040.0,408001,23112.823529411766,-33298269.22162018,,,,,,,
-12.292328226566317,-0.254582396052255,-0.19215145951296916,-0.04908823951772694,0.0,56.43726716456405,-79.72325946192703,22,18577,420000,0.0003,766426688.0,3014689.25,-0.8545947074890137,4.382096291056845e+16,1273648384.0,410001,23112.823529411766,-33298269.22162018,,,,,,,
-2.258304520249367,-0.5007866286407339,-0.3093030000644703,-0.0016741034762451105,0.0,129.0331548018538,301.5459487382272,22,18645,422000,0.0003,518648416.0,3015966.0,-0.7548660039901733,2.2414723071239782e+17,4386323456.0,412001,23112.823529411766,-33298269.22162018,,,,,,,
-9.451103518009198,-0.4371170877507182,0.49530712122145315,-0.19765896370705277,0.0,390.2959826868058,-63.655625961802784,22,18713,424000,0.0003,1129000320.0,3000019.25,-1.5272140502929688,2.801260477420667e+17,3435194880.0,414001,23112.823529411766,-33298269.22162018,,,,,,,
11.42862481772899,0.23803277522429694,0.21495184690382435,-0.24561649246522987,0.0,180.8370426334223,-183.636102406478,22,18782,426000,0.0003,450025856.0,2980365.5,0.8843423128128052,7.565461196845875e+16,2106537216.0,416001,23112.823529411766,-33298269.22162018,,,,,,,
-3.2863072580099115,0.16517196332832285,-0.22869843862736167,-0.19220719129794897,0.0,93.77082836745237,30.4701670471413,22,18850,428000,0.0003,503269184.0,2992698.25,4.795025825500488,1.1288735703996826e+17,2420214528.0,418001,23112.823529411766,-33298269.22162018,,,,,,,
-12.251259502768514,-0.24338976532733242,-0.10905355092313498,-0.0585152747258001,0.0,79.2821229716912,-83.601578243903,22,18919,430000,0.0003,472484032.0,2955790.75,1.7758047580718994,6.222938171978547e+16,1043305664.0,420001,23112.823529411766,-33298269.22162018,,,,,,,
4.908439227342602,-0.2632461823262824,0.034294910094061416,-0.10702264493755681,0.0,39.262284316842816,13.310923327112453,22,18987,432000,0.0003,811147456.0,2941460.5,-1.681626319885254,7.122252354656666e+16,1550916224.0,422001,23112.823529411766,-33298269.22162018,,,,,,,
3.967704662084578,0.05603405339523009,0.42427683533519034,-0.5422767549891094,0.0,668.2297408830991,1.5905421567297275,22,19055,434000,0.0003,659400128.0,2950394.75,1.3790276050567627,7.73499901790126e+16,1811869824.0,424001,24051.0,-32147262.437282503,,,,,,,
8.294634694457061,0.6231560944146934,0.375457244748057,-0.7267694894597898,0.0,823.856467326978,-370.40243366533247,22,19124,436000,0.0003,452495904.0,2888316.75,-1.938036561012268,1.866625084995666e+17,2130098816.0,426001,24051.0,-32147262.437282503,,,,,,,
-1.1952171063423156,-0.13047104605114593,0.15806159955735208,-0.5957419123285441,0.0,744.9479497185051,139.60371417190385,22,19193,438000,0.0003,769240960.0,2850230.0,-0.8550374507904053,1.5324171870194893e+17,3464520960.0,428001,24051.0,-32147262.437282503,,,,,,,
-14.144857030510902,-0.7291681876333495,-0.11804353278620902,-0.5919837043678874,0.0,824.120515151052,-258.13202211756743,22,19262,440000,0.0003,550183296.0,2827739.25,-1.4826478958129883,1.3296419884498944e+17,2186180864.0,430001,24051.0,-32147262.437282503,,,,,,,
3.6095844781398774,0.5587721214365747,-0.4639973379519913,-0.34256898712686923,0.0,336.88416893921135,-248.2104922530124,22,19330,442000,0.0003,433356672.0,2811114.25,-1.1583409309387207,7.659641239712563e+16,2058823552.0,432001,24051.0,-32147262.437282503,,,,,,,
6.709349781870857,0.1712797333025237,-0.04908288347605544,-0.5417036712314816,0.0,370.0533376253307,67.42864523008431,22,19399,444000,0.0003,369802176.0,2778896.5,2.8655776977539062,1.0088046672635494e+17,1833987456.0,434001,24051.0,-32147262.437282503,,,,,,,
12.60523334741592,0.3886186584703473,0.09336190641476923,-0.38532062620682794,0.0,283.9969433269268,-107.15284496362702,22,19468,446000,0.0003,389992544.0,2776065.0,3.3680989742279053,6.862657659338752e+16,1350305920.0,436001,24051.0,-32147262.437282503,,,,,,,
-2.696459381580349,0.10347580710232444,-0.31085851522844155,-0.3412595477527589,0.0,189.4201268864512,-138.1607127584562,22,19536,448000,0.0003,555777600.0,2747446.25,-0.014289677143096924,8.408973016930714e+16,1020934528.0,438001,24051.0,-32147262.437282503,,,,,,,
-4.258385426998133,-0.20172214070358793,-0.05607788591340731,-0.24305772485291194,0.0,87.97144252344746,-55.83959632421362,22,19605,450000,0.0003,404496960.0,2717432.25,0.7172669768333435,5.783007678326374e+16,647093248.0,440001,24051.0,-32147262.437282503,,,,,,,
7.06441632568836,0.002891230216707692,0.38375473906152546,-0.15864658215005725,0.0,115.97339470766443,-6.873496947059693,22,19673,452000,0.0003,834468608.0,2701216.25,-1.139266014099121,1.6211426214202573e+17,2252664832.0,442001,24051.0,-32147262.437282503,,,,,,,
5.566537954211254,0.1731276221530487,-0.2063990122217184,-0.08309344657918219,0.0,56.345939747316855,-26.834692892217344,22,19742,454000,0.0003,572609856.0,2690813.5,-0.5507781505584717,8.521809538737766e+16,2231286528.0,444001,24051.0,-32147262.437282503,,,,,,,
-7.458675704002382,-0.2255438042128705,-0.3931062955807038,-0.038632435631299096,0.0,108.74033901378341,122.93097333043177,23,19811,456000,0.0003,465584160.0,2651603.75,-0.1924222856760025,1.0858348198179635e+17,2318605568.0,446001,24051.0,-32147262.437282503,,,,,,,
-4.635979927778258,-0.13333113699542373,0.360807141493972,-0.31945434113557464,0.0,307.13508187779865,61.89892582718481,23,19879,458000,0.0003,355832576.0,2665693.25,1.1148021221160889,2.0761408052396032e+17,3281915648.0,448001,24051.0,-32147262.437282503,,,,,,,
12.441067668795583,0.2549420277805351,0.17962714994636883,-0.25830139372736144,0.0,181.82390356524976,-66.37634587344334,23,19948,460000,0.0003,818000960.0,2660240.75,-0.7185670137405396,4.676973369617285e+17,7369422848.0,450001,24051.0,-32147262.437282503,,,,,,,
-2.263078059554103,0.042013476536261744,-0.32737311972104755,-0.2508520868662452,0.0,126.71654099704212,7.899163119169882,23,20016,462000,0.0003,504181664.0,2659954.0,0.7458527088165283,9.59502050477998e+16,2286019840.0,452001,24051.0,-32147262.437282503,,,,,,,
-11.708293602466604,-0.2787785851079984,-0.0042632421249792244,-0.15978952191438942,0.0,111.972405491084,-61.12180952791374,23,20085,464000,0.0003,430665280.0,2611485.25,1.606999158859253,1.5706344932140646e+17,2472311552.0,454001,24051.0,-32147262.437282503,,,,,,,
4.740287981033322,-0.07538432832527167,0.3073365894933374,-0.2061643707633844,0.0,109.93452497133941,146.14564337987085,23,20153,466000,0.0003,1111912576.0,2624525.75,-2.8786749839782715,4.141728360436859e+17,7045444608.0,456001,24051.0,-32147262.437282503,,,,,,,
8.92758903861045,0.205268150073963,-0.11094309438991705,-0.0734592801693803,0.0,79.39404905203983,-194.21929301045006,23,20221,468000,0.0003,850130944.0,2608829.25,-1.9933581352233887,7.571116809781248e+16,1568103040.0,458001,24051.0,-32147262.437282503,,,,,,,
-5.604267890453337,-0.16775389789131673,-0.40275418253727446,-0.08490973314115405,0.0,99.59390539445175,136.05145506843812,23,20290,470000,0.0003,722272128.0,2582897.5,-0.27939486503601074,1.1199905472394035e+17,1955541248.0,460001,24051.0,-32147262.437282503,,,,,,,
-7.2446133232117065,-0.19427893965339119,0.33944446507863535,-0.26944550590603794,0.0,305.0832483902938,62.881522093500266,23,20358,472000,0.0003,439170304.0,2573181.25,1.5653754472732544,1.406307584180224e+17,2120281728.0,462001,24051.0,-32147262.437282503,,,,,,,
4.850693352818492,0.1315547030076113,0.41269611893320823,-0.6891661134830858,0.0,739.1995311209137,-63.99211584260846,23,20426,474000,0.0003,543073088.0,2570934.25,0.20922601222991943,1.711090403513467e+17,2512165888.0,464001,24890.42105263158,-31087553.226183947,,,,,,,
8.624327245354658,0.6640811603962521,0.4468017810040718,-0.6755562335203688,0.0,788.845674787536,-347.81618438497446,23,20495,476000,0.0003,360244928.0,2564667.75,0.701938807964325,1.4336544999473152e+17,2258940160.0,466001,24890.42105263158,-31087553.226183947,,,,,,,
-13.880590279102346,-0.8324270057417195,0.09155842908945683,-0.6099839958739457,0.0,885.6049050984461,117.9395990922733,23,20562,478000,0.0003,418660384.0,2515412.75,2.888826847076416,1.8584027996042035e+17,2470690560.0,468001,24890.42105263158,-31087553.226183947,,,,,,,
-7.902505517601986,0.2687859418525934,-0.6954235305108734,-0.21235667541891418,0.0,430.6228472481298,-685.02600160462,23,20630,480000,0.0003,562867072.0,2519970.0,-0.3064143657684326,1.676782032954327e+17,2836456704.0,470001,24890.42105263158,-31087553.226183947,,,,,,,
-11.423009590506535,-0.17568952029480253,-0.32294798991175916,0.03133636578995335,0.0,75.0978497460113,-39.39082627276937,23,20698,482000,0.0003,542380544.0,2527033.25,2.0446884632110596,2.844055531558011e+17,6457204736.0,472001,24890.42105263158,-31087553.226183947,,,,,,,
-14.867154885530473,-0.4940216492538803,0.29462231418764456,0.2210355683848269,0.0,674.5892856743537,814.9190248341151,23,20766,484000,0.0003,612015552.0,2500392.75,-0.7900753021240234,1.4192615491423437e+17,2406856192.0,474001,24890.42105263158,-31087553.226183947,,,,,,,
4.931286466717716,0.1775846318956122,0.21077474276182612,-0.569254568091972,0.0,434.7170610039572,-501.11399361592277,23,20834,486000,0.0003,457732192.0,2515316.75,-0.5343629121780396,2.4167959645231514e+17,2645943808.0,476001,24890.42105263158,-31087553.226183947,,,,,,,
8.365261725187295,0.3733516151236776,-0.21780739944476923,-0.3599031307140847,0.0,270.47473269629455,-125.76497511276811,23,20902,488000,0.0003,630096384.0,2490948.75,-2.065272569656372,1.4912123015738163e+17,2182567424.0,478001,24890.42105263158,-31087553.226183947,,,,,,,
-11.218163073062897,-0.19823169490755563,-0.26784742661223526,-0.2542193881802951,0.0,144.52815093113153,-202.06182066210036,23,20970,490000,0.0003,494416352.0,2455655.75,0.48749130964279175,6.556297212618342e+16,1437181568.0,480001,24890.42105263158,-31087553.226183947,,,,,,,
1.5100285452604316,-0.2963811796985453,0.07298219965083583,-0.17049957128354806,0.0,65.89547154949521,-6.359375728729235,23,21038,492000,0.0003,635520064.0,2448686.75,-1.2219775915145874,1.33958956220416e+17,2555883776.0,482001,24890.42105263158,-31087553.226183947,,,,,,,
10.373324447870251,0.09141707429966933,0.28908271631525706,-0.022088084861137773,0.0,127.07780987736123,91.60315188010567,23,21106,494000,0.0003,691245824.0,2510902.0,-3.918107509613037,1.5666142320263168e+17,1703020800.0,484001,24890.42105263158,-31087553.226183947,,,,,,,
0.8176836955547315,0.05331938375127792,-0.20395150997539574,-0.06207932997851128,0.0,25.358915338710613,-112.2703407388336,23,21173,496000,0.0003,500394688.0,2408370.25,0.4418237805366516,1.4133175721027174e+17,1910751616.0,486001,24890.42105263158,-31087553.226183947,,,,,,,
-6.283890873193744,-0.349062662177875,-0.37800564117241686,-0.004016806584141642,0.0,122.31816746708198,181.68063607824544,23,21241,498000,0.0003,924924928.0,2496328.0,-1.0590269565582275,6.30489997778092e+17,9491051520.0,488001,24890.42105263158,-31087553.226183947,,,,,,,
-5.043755837678919,-0.11880715231216872,0.5265358583302971,-0.40364399663884976,0.0,494.2426325563509,163.6071388029551,,,500000,0.0003,1466711296.0,2465081.25,-2.8819570541381836,9.061476646246154e+17,9019131904.0,490000,,,0.0,0.0,40000.0,-36016.16476629437,1467.5742808955358,0.0,0.0
,,,,,,,22,22443,500000,0.0003,682565632.0,2465295.0,-2.2246603965759277,5.223834719145165e+17,7786540032.0,490001,24890.42105263158,-31087553.226183947,,,,,,,
11.672530929446214,0.3397921644133983,0.08365837895396373,-0.35768872981123273,0.0,255.33494426883024,-114.29830335858004,22,22510,502000,0.0003,513337248.0,2471608.75,0.7775203585624695,6.320941594732134e+16,1660466816.0,492001,24890.42105263158,-31087553.226183947,,,,,,,
-7.191034398674965,-0.12069711611719372,-0.482464490207829,-0.2617196655041497,0.0,200.95115375337406,-188.38019220707204,22,22577,504000,0.0003,620359424.0,2391039.25,-0.5538715124130249,1.2036771260085043e+17,2516177664.0,494001,24890.42105263158,-31087553.226183947,,,,,,,
-5.521178014278402,-0.23603916438685826,0.24706691035602174,-0.29709690510305925,0.0,174.5771067066769,98.03135472034111,22,22644,506000,0.0003,738980800.0,2437275.5,-2.4045333862304688,2.622404123521188e+17,3882878976.0,496001,24890.42105263158,-31087553.226183947,,,,,,,
11.749029403924935,0.19003519217516546,0.23704096490276044,-0.20258075678866777,0.0,151.09592619707215,-75.50384809700179,22,22711,508000,0.0003,547374336.0,2388416.25,1.6062458753585815,1.8415407580001075e+17,2337955584.0,498001,24890.42105263158,-31087553.226183947,,,,,,,
-1.1166732287406922,0.025529738720074892,-0.3331985094784764,-0.19645770706961613,0.0,95.54259655965694,57.08004179890131,22,22778,510000,0.0003,528734528.0,2374408.0,2.384392261505127,1.546584394343383e+17,2659874816.0,500001,24890.42105263158,-31087553.226183947,,,,,,,
-12.579096570610957,-0.3068624244062674,0.08716455173268377,-0.17063960784332244,0.0,248.60417388367276,70.38289547391942,22,22845,512000,0.0003,757109312.0,2312408.0,-2.511077880859375,9.20106548854784e+16,1379673472.0,502001,24890.42105263158,-31087553.226183947,,,,,,,
3.8479867333173763,0.06613229518328818,0.32392037991901124,-0.6999587310799478,0.0,734.3070436900706,-106.21594449442003,22,22913,514000,0.0003,246755776.0,2287766.25,3.437690496444702,1.1807720654189363e+17,2829954048.0,504001,25645.9,-30172168.129890196,,,,,,,
7.987386664748187,0.6110153492076043,0.2824084891288771,-0.7498266670491421,0.0,832.3792577693848,-329.9875017595098,22,22980,516000,0.0003,523497248.0,2252216.0,-0.3072730004787445,1.2918170704674816e+17,2715542528.0,506001,25645.9,-30172168.129890196,,,,,,,
7.516130926012991,0.8132304451859448,0.010859572628489396,-0.6604598887939956,0.0,726.6440993265278,16.836953294054805,22,23047,518000,0.0003,480058784.0,2213160.0,2.162046194076538,2.1096272908569805e+17,3515850752.0,508001,25645.9,-30172168.129890196,,,,,,,
10.083137007355676,0.7404160605072256,-0.06504330491335295,-0.713193123032489,0.0,778.419494318839,62.68541060097383,22,23115,520000,0.0003,614631488.0,2156345.0,1.0948855876922607,1.5833163290483098e+17,2362190592.0,510001,25645.9,-30172168.129890196,,,,,,,
8.459767354726829,0.5737448950685647,-0.1626402545931918,-0.8031136321667708,0.0,887.3228442788242,166.9217153401189,22,23183,522000,0.0003,339923264.0,2103424.5,2.2700188159942627,2.871110389548974e+17,6461333504.0,512001,25645.9,-30172168.129890196,,,,,,,
8.023881766200056,0.4170231913934509,-0.02168386400003556,-0.8901530124538551,0.0,1004.8741815291438,24.429705016726608,22,23251,524000,0.0003,919938624.0,2049764.625,0.19441702961921692,1.4067749625213747e+17,1919443712.0,514001,25645.9,-30172168.129890196,,,,,,,
6.502336472272875,0.419013220938667,-0.023114721697104715,-0.8886150073051055,0.0,1001.758649544398,19.529483255974277,22,23320,526000,0.0003,613790208.0,2020291.0,1.4570244550704956,1.2536940817547264e+17,3561796352.0,516001,25645.9,-30172168.129890196,,,,,,,
5.714250675439836,0.31323707455902416,-0.08764235376691992,-0.9277355792003166,0.0,1066.8528356487866,78.25426468996908,22,23389,528000,0.0003,554749184.0,1984588.625,0.698149561882019,1.731055301290885e+17,4222941440.0,518001,25645.9,-30172168.129890196,,,,,,,
5.5391152191162085,0.27983791585619705,0.03877987395770744,-0.9404064939636454,0.0,1086.236082680869,-34.49519429859346,22,23458,530000,0.0003,407557312.0,1925656.5,-1.2527875900268555,1.6511084364457574e+17,3213814784.0,520001,25645.9,-30172168.129890196,,,,,,,
4.544652878046026,0.3035235848788119,-0.04476402568978748,-0.9303838353922377,0.0,1068.8582091435076,32.62362673753012,22,23528,532000,0.0003,644736064.0,1917980.75,0.11908404529094696,9.30021394958254e+16,1659696256.0,522001,25645.9,-30172168.129890196,,,,,,,
3.9995068007707752,0.1909141329142831,-0.053640231899716805,-0.9606525727734171,0.0,1121.139108034957,35.28189291064991,22,23597,534000,0.0003,726889856.0,1883035.625,-0.6253302097320557,2.15632475227947e+17,2566088704.0,524001,25645.9,-30172168.129890196,,,,,,,
4.296979461908342,0.22102572782304047,0.06340483378039491,-0.9522025239770577,0.0,1105.2449835887865,-45.31162915587506,22,23667,536000,0.0003,952941248.0,1819091.75,-1.7703784704208374,6.758485632755958e+17,8958841856.0,526001,25645.9,-30172168.129890196,,,,,,,
3.405587919354439,0.23113383485716565,-0.06844868258509844,-0.9470547915115042,0.0,1095.637453111856,40.68475497741094,22,23736,538000,0.0003,323816768.0,1811635.25,3.0987110137939453,1.097870950268928e+17,1964824192.0,528001,25645.9,-30172168.129890196,,,,,,,
2.9965391582250613,0.12639806223993563,-0.020201126383416482,-0.9687322420779126,0.0,1132.8452138226537,12.192967471881527,22,23805,540000,0.0003,465345088.0,1788585.125,0.19244042038917542,1.136460200631337e+17,2604056320.0,530001,25645.9,-30172168.129890196,,,,,,,
3.4426934665441506,0.19098980724823442,0.05897416680459873,-0.9542966391700054,0.0,1106.3521810223635,-35.38347933080065,22,23875,542000,0.0003,797096640.0,1824952.75,-1.502706527709961,1.247785667044311e+17,1146006784.0,532001,25645.9,-30172168.129890196,,,,,,,
2.5545084625482515,0.16824324194518195,-0.08563192051575923,-0.955981901881455,0.0,1109.2340173820824,38.85223939046297,22,23944,544000,0.0003,596595712.0,1859515.125,0.27765926718711853,1.4439353631637504e+17,2440259584.0,534001,25645.9,-30172168.129890196,,,,,,,
2.2586054688692085,0.08082906057147157,0.01121679973253382,-0.9695264892910602,0.0,1131.7248644656527,0.49738273886528556,22,24013,546000,0.0003,694608576.0,1862111.375,-1.5322531461715698,3.956532119412408e+17,5586354176.0,536001,25645.9,-30172168.129890196,,,,,,,
2.636611414551735,0.164591879509649,0.045542074899556875,-0.9547913274932919,0.0,1104.3202992371034,-22.916552642908446,22,24083,548000,0.0003,180775184.0,1900488.625,1.2215640544891357,1.145283094249472e+17,1564530560.0,538001,25645.9,-30172168.129890196,,,,,,,
1.9022761476039887,0.11762700828824532,-0.08911155300297169,-0.9596073167475272,0.0,1113.3561795644655,33.06923928727502,22,24152,550000,0.0003,912333120.0,1879085.375,-0.06071196123957634,5.3096323602395955e+17,8443858944.0,540001,25645.9,-30172168.129890196,,,,,,,
1.8312024736404415,0.05492872280417446,0.037734755560462706,-0.9669254289894103,0.0,1125.0282979718625,-6.478148555694755,22,24221,552000,0.0003,549687680.0,1918778.5,-1.0979613065719604,4.3895912666864026e+17,7744375296.0,542001,25645.9,-30172168.129890196,,,,,,,
0.7827447497844721,0.06222937472773101,0.029918296157453214,-0.9712445721257058,0.0,1136.0952160172606,-9.394813394780448,22,24291,554000,0.0003,881659648.0,1947007.0,-0.6938002109527588,3.277493666746204e+17,6204329472.0,544001,26329.428571428572,-30710963.36726014,,,,,,,
0.09136490046977991,-0.01796060240731407,-0.005540674067209679,-0.9835223200887294,0.0,1161.728843448183,6.55998369365222,22,24360,556000,0.0003,1102972800.0,1984988.0,-0.6870962381362915,3.1979226974388224e+17,4155770368.0,546001,26329.428571428572,-30710963.36726014,,,,,,,
0.805569344162941,0.040608773784584024,0.06316897833571253,-0.9807009864749832,0.0,1156.9834328058782,-3.937788411208294,22,24430,558000,0.0003,690666368.0,1989929.25,0.029963627457618713,2.3157116758287974e+17,3505408256.0,548001,26329.428571428572,-30710963.36726014,,,,,,,
0.6756157183647151,0.06531303149522832,-0.039609365348836835,-0.9790266665340875,0.0,1153.0190386138765,11.100405280014243,22,24499,560000,0.0003,398652096.0,2037560.125,-1.0838192701339722,1.4911284638121984e+17,3329336576.0,550001,26329.428571428572,-30710963.36726014,,,,,,,
0.6300888627767556,0.002287612961874455,-0.00699807333666252,-0.9813789888053956,0.0,1156.8649689010058,6.93897495516713,22,24569,562000,0.0003,757649280.0,2071155.5,-4.196564674377441,2.1612378512687104e+17,4060166656.0,552001,26329.428571428572,-30710963.36726014,,,,,,,
0.8873502850532532,0.05682044878720626,0.04654052497551016,-0.9781996369707323,0.0,1150.884559467297,-1.9295470897284823,22,24638,564000,0.0003,628687040.0,2088654.375,1.1117535829544067,1.7652619670244557e+17,3541646336.0,554001,26329.428571428572,-30710963.36726014,,,,,,,
0.5478729259967793,0.050562620662611,-0.05348199229663159,-0.9778588305606819,0.0,1150.1454420613118,13.168109492154665,22,24707,566000,0.0003,425917600.0,2108218.25,0.2948201894760132,4.7737599422365696e+17,8002933248.0,556001,26329.428571428572,-30710963.36726014,,,,,,,
0.5780213594436643,-0.004917133383975374,0.011700100304335085,-0.9796053747939517,0.0,1152.7722334925584,6.429233345453519,22,24777,568000,0.0003,314836000.0,2128978.25,-0.8733624219894409,4.549215272430469e+17,5353723392.0,558001,26329.428571428572,-30710963.36726014,,,,,,,
0.6358050012588504,0.05744766328822166,0.033196195596931294,-0.9767136836461467,0.0,1147.0851940635857,1.4449562573706123,22,24846,570000,0.0003,368787232.0,2172886.5,-1.7986923456192017,2.1653187573946778e+17,2550951424.0,560001,26329.428571428572,-30710963.36726014,,,,,,,
0.4029268789291383,0.029118788398711806,-0.05777631953977458,-0.9771561952930178,0.0,1148.085631563541,11.901621599594613,22,24915,572000,0.0003,235490016.0,2181274.5,2.2926948070526123,1.5798185076824474e+17,3041745664.0,562001,26329.428571428572,-30710963.36726014,,,,,,,
0.5040807914733884,-0.006200721241555913,0.03151742886955215,-0.9778569331422018,0.0,1148.8626692171392,5.6636719715691575,22,24984,574000,0.0003,768444544.0,2202718.25,-0.6243616342544556,6.037486380399985e+17,8013529600.0,564001,26329.428571428572,-30710963.36726014,,,,,,,
0.463086460828782,0.057528519073067476,0.016409554933655392,-0.9754230123963081,0.0,1143.8172107453172,4.589687687460244,22,25053,576000,0.0003,448740480.0,2243613.0,1.493903398513794,3.5709629409263616e+17,5207092224.0,566001,26329.428571428572,-30710963.36726014,,,,,,,
0.3277534294128418,0.011355296701686637,-0.05449932915202156,-0.9762861244874145,0.0,1145.7014989119114,10.659733589134053,23,25122,578000,0.0003,715177536.0,2243022.5,-0.44310975074768066,1.4529115012150067e+17,1681208448.0,568001,26329.428571428572,-30710963.36726014,,,,,,,
0.4665076327323915,-0.0008149247578854276,0.043997531219121776,-0.976313680837096,0.0,1145.3899193555949,5.081003754505311,23,25191,580000,0.0003,629397952.0,2291740.5,0.052001357078552246,2.5867881931184538e+17,4057911808.0,570001,26329.428571428572,-30710963.36726014,,,,,,,
0.21914737582206767,0.04945277540178243,-0.007281346207527842,-0.9746946199926048,0.0,1141.794899150153,7.693882152891567,23,25259,582000,0.0003,787504064.0,2317205.25,1.0777714252471924,2.4498596535599104e+17,3920170240.0,572001,26329.428571428572,-30710963.36726014,,,,,,,
0.15342171669006335,-0.012886097767962656,-0.04310856848021319,-0.9751000683512706,0.0,1142.6379093567261,9.120166652824658,23,25326,584000,0.0003,202575952.0,2357018.0,0.6020632982254028,1.3212496223535104e+17,3053005824.0,574001,26329.428571428572,-30710963.36726014,,,,,,,
0.29118987321853657,0.0018929665742684013,0.05122874449909522,-0.9745776582697712,0.0,1141.4765384380448,6.566169633926917,23,25394,586000,0.0003,496729184.0,2379805.75,-0.5435181856155396,2.585167616058327e+17,3874485760.0,576001,26329.428571428572,-30710963.36726014,,,,,,,
-0.0534654456377029,0.035438654205999724,-0.025813624867353818,-0.9737892769928986,0.0,1139.4877676455437,8.761698522471733,23,25462,588000,0.0003,403940928.0,2388072.25,0.7071928381919861,7.638807212353126e+16,1173623680.0,578001,26329.428571428572,-30710963.36726014,,,,,,,
0.042719103693962125,-0.03089737545610029,-0.02643167470014445,-0.9735288854541309,0.0,1138.9038710269217,7.478699911617719,23,25529,590000,0.0003,244722112.0,2463213.0,1.6968955993652344,1.0045505880562074e+17,1473499008.0,580001,26329.428571428572,-30710963.36726014,,,,,,,
0.056033189892768974,0.005282399117397528,0.04902892474063609,-0.9731803465862016,0.0,1138.1483696432874,7.9904441880833295,23,25597,592000,0.0003,619112896.0,2477771.0,-1.652424693107605,4.7698075415320986e+17,3896329472.0,582001,26329.428571428572,-30710963.36726014,,,,,,,
0.2745267337560651,0.01801311794420662,0.0037754935830728,-0.9742500455466169,0.0,1139.9650030125713,8.823648567904161,23,25665,594000,0.0003,393097056.0,2506533.5,-0.5458617210388184,2.649073637046354e+17,4004205824.0,584001,26950.81818181818,-31401788.58046554,,,,,,,
0.26041343569755643,0.0402449950302807,0.012881351942329922,-0.9739038598440323,0.0,1139.5215166234786,6.434839457890593,23,25733,596000,0.0003,792513472.0,2529791.75,-0.25257784128189087,1.932597672447836e+17,1541905152.0,586001,26950.81818181818,-31401788.58046554,,,,,,,
-0.22216319620609284,-0.00641216530933989,-0.06166793836017153,-0.9730931668982663,0.0,1138.5012423056878,6.608660771892517,23,25801,598000,0.0003,276455776.0,2579446.5,0.9639068841934204,1.5296093092000563e+17,2128825728.0,588001,26950.81818181818,-31401788.58046554,,,,,,,
-0.21721437156200404,-0.04592059436022327,0.025735716375762094,-0.9725163163713773,0.0,1136.7908439410755,9.875024979313809,,,600000,0.0003,620545152.0,2599022.75,-0.2748441994190216,1.1871879219254395e+18,12687009792.0,590000,,,0.0,0.0,40000.0,-37520.66714968686,2035.1224543442302,0.0,0.0
,,,,,,,22,27007,600000,0.0003,459160960.0,2599060.0,-0.7659536600112915,1.7811425227020698e+17,2857084416.0,590001,26950.81818181818,-31401788.58046554,,,,,,,
-0.6196490949392307,0.0027936667895596553,0.004314663653840751,-0.973557713644819,0.0,1138.303581202894,9.012549372672819,22,27074,602000,0.0003,146951392.0,2646684.75,1.0990335941314697,8.445049883223654e+16,1790812416.0,592001,26950.81818181818,-31401788.58046554,,,,,,,
-0.7887724322080613,-0.051935809724282585,-0.05461226807686432,-0.9706347780421782,0.0,1133.2699798993074,1.0434474397563889,22,27142,604000,0.0003,102547760.0,2664747.75,-0.9423054456710815,3.6818796123521024e+17,4955522560.0,594001,26950.81818181818,-31401788.58046554,,,,,,,
-0.7484476196765909,-0.06376448980687216,0.040716472829501006,-0.9700057964204096,0.0,1131.7086879095643,14.193461760893873,22,27209,606000,0.0003,352385152.0,2712691.25,-0.3041064739227295,2.2591632774162022e+17,3947499776.0,596001,26950.81818181818,-31401788.58046554,,,,,,,
-1.203371641635897,-0.0246579899895735,-0.015026662249690364,-0.9720683214104087,0.0,1135.1378245027136,6.526962621352239,22,27276,608000,0.0003,227027568.0,2777998.25,0.8774005174636841,3.0692571595617075e+17,3849281792.0,598001,26950.81818181818,-31401788.58046554,,,,,,,
-1.404218156337739,-0.10287886762430017,-0.056246441293566644,-0.9649199632962913,0.0,1122.8024133839847,-8.911979188467651,22,27344,610000,0.0003,355911680.0,2817633.75,0.5741446018218994,2.3105987749609472e+17,4839446016.0,600001,26950.81818181818,-31401788.58046554,,,,,,,
-1.7470651000738144,-0.09874680837578421,0.04295909818346959,-0.9657517652656267,0.0,1123.572857818116,19.103415757702845,22,27411,612000,0.0003,341668320.0,2892059.75,1.3455498218536377,3.168413179738849e+17,2939943680.0,602001,26950.81818181818,-31401788.58046554,,,,,,,
-2.368401678204539,-0.08999182120479934,-0.0446516484999278,-0.9660391076133735,0.0,1124.017028190309,-10.332803883257435,22,27479,614000,0.0003,323434560.0,2928062.75,-1.0862908363342285,1.9803496342408397e+17,1977269120.0,604001,26950.81818181818,-31401788.58046554,,,,,,,
-6.6048243200778884,-0.4049384513752257,-0.40392777304861016,-0.8456489758203496,0.0,1000.1548579551269,-316.8004597826784,22,27547,616000,0.0003,850053120.0,3006460.5,1.4850436449050903,1.426785902348206e+17,1413544192.0,606001,26950.81818181818,-31401788.58046554,,,,,,,
-7.488255085945113,-0.008065024261899612,-0.47743307227508336,-0.49695799209172004,0.0,740.089705940426,106.99292443581592,22,27614,618000,0.0003,791759808.0,3055058.0,0.931145966053009,4.589328205390807e+17,4951503872.0,608001,26950.81818181818,-31401788.58046554,,,,,,,
12.41846042215824,0.3749655861981725,-0.06119637552282607,-0.5047092133028611,0.0,1185.5427685722432,-2.295569853582982,22,27682,620000,0.0003,382561408.0,3121404.25,-0.9642266035079956,5.101393791470797e+17,4153957120.0,610001,26950.81818181818,-31401788.58046554,,,,,,,
7.906258170604702,0.6916139157708536,0.32258167347433947,-0.3194492977586511,0.0,693.6563946970989,-499.32895505988915,22,27749,622000,0.0003,764491264.0,3170241.75,-0.910409688949585,2.0895323414698394e+17,2051625088.0,612001,26950.81818181818,-31401788.58046554,,,,,,,
-7.993533819913854,-0.34316288954673174,0.5292724090210935,-0.5073897889586432,0.0,836.3111326029434,601.4127692388209,22,27817,624000,0.0003,394051680.0,3286591.5,-4.375083923339844,2.760561367323771e+17,3219223040.0,614001,26950.81818181818,-31401788.58046554,,,,,,,
-10.08239856123925,-0.6436530342865022,-0.41267148023367606,-0.5851985152594182,0.0,652.1524512117849,-557.1034419234782,22,27884,626000,0.0003,391221088.0,3355958.5,-1.8028708696365356,2.6620913393231462e+17,3333204992.0,616001,26950.81818181818,-31401788.58046554,,,,,,,
4.846284817457201,-0.6947453453048988,0.24990368122891995,-0.3558390169754765,0.0,328.0655788382788,-206.87009366119398,22,27952,628000,0.0003,45475908.0,3409824.75,1.2496702671051025,2.647977217795031e+17,3403981056.0,618001,26950.81818181818,-31401788.58046554,,,,,,,
-15.615677877664554,-0.4104139292954255,-0.010406719234827659,-0.39465887901690677,0.0,265.71416312685625,25.427038832350295,22,28019,630000,0.0003,635535552.0,3516803.0,1.0462114810943604,4.2620857135765914e+17,4249889536.0,620001,26950.81818181818,-31401788.58046554,,,,,,,
-6.860217873454098,-0.6786095039969519,-0.3350209844763979,-0.2557486593921971,0.0,300.78048522791215,231.72292994754213,22,28087,632000,0.0003,347750080.0,3575166.75,-0.6680107116699219,3.4410886274534605e+17,4180502272.0,622001,26950.81818181818,-31401788.58046554,,,,,,,
2.939397422075269,0.21401087649609837,-0.7073828795475585,-0.5548894345981288,0.0,1041.588341016779,717.6361065845759,22,28155,634000,0.0003,-130892584.0,3664947.5,1.6339975595474243,2.0531915923862323e+17,2275942912.0,624001,27518.17391304348,-31630901.59504769,,,,,,,
-9.039811247587219,-0.25482626942674785,-0.5292799072513922,-0.5653019293552264,0.0,746.0748538992373,-311.96336372707674,22,28224,636000,0.0003,862508160.0,3715044.0,-1.4643940925598145,5.2305245602054144e+17,4566844416.0,626001,27518.17391304348,-31630901.59504769,,,,,,,
13.573321344852445,0.49912160579631876,-0.25467637237040575,-0.6216280874601173,0.0,1210.7515421910844,663.9428940047744,22,28292,638000,0.0003,378294848.0,3825081.0,1.3713260889053345,4.635278857899868e+17,4611904512.0,628001,27518.17391304348,-31630901.59504769,,,,,,,
14.007626350522035,0.6554552847375716,0.3406040804891868,-0.5078722916055578,0.0,946.1222529754803,-955.2144874557456,22,28360,640000,0.0003,612310720.0,3901655.0,-0.7897272109985352,6.529959700065157e+17,5051470336.0,630001,27518.17391304348,-31630901.59504769,,,,,,,
6.591917810440065,0.8624187701316126,0.05480106268861947,-0.1820776456930715,0.0,459.7640693972399,-94.3618711768979,22,28428,642000,0.0003,210551712.0,3997804.0,0.47608768939971924,9.263852756454605e+16,1033723648.0,632001,27518.17391304348,-31630901.59504769,,,,,,,
-10.431014774441717,-0.4248612059946235,0.3699228657150534,-0.49053962527035183,0.0,900.7282595138295,485.3454634003717,22,28496,644000,0.0003,1229736960.0,4129399.5,-1.4917590618133545,1.3171725988779786e+18,10230754304.0,634001,27518.17391304348,-31630901.59504769,,,,,,,
-6.447990705370922,-0.6728685645512383,-0.012228879693618645,-0.5652894023623523,0.0,605.4801312106973,-286.2284389720827,22,28565,646000,0.0003,498062464.0,4180431.25,-0.1021525114774704,3.162663764717732e+17,4743846400.0,636001,27518.17391304348,-31630901.59504769,,,,,,,
-12.689901809692369,-0.4820506567404767,-0.025286874165830794,-0.5523392191570443,0.0,444.6605232533426,-157.89203147176357,22,28633,648000,0.0003,788942208.0,4275276.0,0.2818324565887451,2.0445391230704026e+18,15915584512.0,638001,27518.17391304348,-31630901.59504769,,,,,,,
-10.854727604389202,-0.6999500304468288,-0.3314598562553783,-0.37336004768834413,0.0,394.98663468108066,99.62657962501433,22,28702,650000,0.0003,549277568.0,4350423.5,-0.4474582076072693,4.040868784431432e+17,4342401536.0,640001,27518.17391304348,-31630901.59504769,,,,,,,
15.851259785294532,0.5946820580645079,-0.4278796004934197,-0.4593684618992603,0.0,1046.9168814547654,1039.0292904061762,22,28771,652000,0.0003,223498128.0,4517073.0,-0.5285446643829346,1.6308595554307277e+17,2377178624.0,642001,27518.17391304348,-31630901.59504769,,,,,,,
13.444363278150558,0.6002982357862028,0.32243704989572963,-0.5793602300713541,0.0,1068.5249743280426,-966.511771976905,22,28839,654000,0.0003,1101824768.0,4588149.5,-1.182227373123169,4.603617733383291e+17,7671215616.0,644001,27518.17391304348,-31630901.59504769,,,,,,,
-5.803399990797045,0.6520608413176334,-0.22079594491848734,-0.285440402666575,0.0,675.3665130072928,189.61241065387128,22,28908,656000,0.0003,292678272.0,4659753.5,-0.28239768743515015,4.8227002355810304e+17,4511659520.0,646001,27518.17391304348,-31630901.59504769,,,,,,,
10.803445588946342,0.33667877049034084,-0.20223850674618446,-0.3765702275952455,0.0,1053.6641536004759,526.7957154119829,22,28976,658000,0.0003,835172416.0,4789529.5,0.10637152194976807,3.175236336583967e+17,3811506176.0,648001,27518.17391304348,-31630901.59504769,,,,,,,
9.626404749155046,0.4647699374032641,0.37400421649578736,-0.3808500628306756,0.0,966.1207154321056,-781.9199777912809,22,29044,660000,0.0003,564167104.0,4874079.0,-0.9564401507377625,5.923155038175232e+17,4348489728.0,650001,27518.17391304348,-31630901.59504769,,,,,,,
5.39022026121616,0.5021427276053185,-0.2832483824433601,-0.34761367209608934,0.0,879.1006380922139,524.9338594243047,22,29112,662000,0.0003,-42338760.0,5000945.5,1.8225440979003906,2.624342184563835e+17,3352081920.0,652001,27518.17391304348,-31630901.59504769,,,,,,,
6.930127925276762,0.1956969612815778,-0.11891765512312735,-0.4623849918552699,0.0,1264.8399228387912,319.0199799306161,22,29181,664000,0.0003,1020969408.0,5083377.0,-2.0227255821228027,1.7673984211964396e+18,15085350912.0,654001,27518.17391304348,-31630901.59504769,,,,,,,
10.275971617102638,0.47283032182835033,0.37090649600569475,-0.3468325544400922,0.0,943.237940353211,-738.2167771570765,22,29249,666000,0.0003,52305208.0,5188034.5,1.3577053546905518,1.8832419698665062e+17,4348846592.0,656001,27518.17391304348,-31630901.59504769,,,,,,,
4.26709387421608,0.4502445215260575,-0.2736866572341755,-0.3959592850343938,0.0,966.5854177810816,517.9920032085191,22,29317,668000,0.0003,99140768.0,5310670.0,-1.4169262647628784,5.05358084114219e+17,6354808320.0,658001,27518.17391304348,-31630901.59504769,,,,,,,
6.920963379144669,0.17425219510116308,-0.066403656414572,-0.4944941344016101,0.0,1324.0931391511215,190.26877187449662,22,29385,670000,0.0003,-206124976.0,5381106.0,1.3449417352676392,2.834802797612892e+17,3705442560.0,660001,27518.17391304348,-31630901.59504769,,,,,,,
11.863918733000745,0.5277916862802448,0.29618006789850587,-0.3303547587643905,0.0,887.7422175485261,-514.3113766779103,22,29453,672000,0.0003,380002528.0,5565210.5,-1.1191396713256836,4.245144644574249e+17,5092731904.0,662001,27518.17391304348,-31630901.59504769,,,,,,,
-0.300611807703977,0.10477637252356391,-0.48061290011066116,-0.6796162726202638,0.0,1070.010127108013,-11.49527330419088,22,29521,674000,0.0003,599704128.0,5627494.0,0.011671066284179688,6.489362981988598e+17,5276618240.0,664001,28038.25,-31800894.526288748,,,,,,,
-6.995219591259971,-0.7950968076404709,-0.34664239040756056,-0.6302662073440386,0.0,739.8146623077894,-373.18642872030125,22,29590,676000,0.0003,638364864.0,5800385.0,-1.0394916534423828,4.952673161503048e+17,5040253440.0,666001,28038.25,-31800894.526288748,,,,,,,
1.682177211642267,-0.7596668316656795,0.2684088485646959,-0.4336039892974118,0.0,440.21003367137314,-281.505318965766,22,29658,678000,0.0003,409283136.0,5855910.5,1.0823153257369995,8.404456601120932e+17,5637810688.0,668001,28038.25,-31800894.526288748,,,,,,,
-14.166647796034807,-0.4782077441948042,0.050675015366961125,-0.5746241696130097,0.0,517.9625044703473,222.22765399300957,22,29726,680000,0.0003,-239197840.0,6002920.0,2.607405185699463,2.2719748212627866e+17,3840810496.0,670001,28038.25,-31800894.526288748,,,,,,,
-11.727092354893687,-0.6178612697093224,0.009431758003457686,-0.5179818769428495,0.0,465.8988446842392,-141.77818403016022,22,29794,682000,0.0003,523652000.0,6128613.0,-0.4647984504699707,7.832652830316954e+17,5060133888.0,672001,28038.25,-31800894.526288748,,,,,,,
-9.512936801314352,-0.5477464189621383,-0.014508758042529152,-0.5281792275309188,0.0,428.1286973984751,32.84374250430895,22,29862,684000,0.0003,533055456.0,6262674.5,3.1386213302612305,2.4984817757270835e+17,5018617856.0,674001,28038.25,-31800894.526288748,,,,,,,
-13.122500191330913,-0.6870132349296955,-0.26481514510553866,-0.45170809330204215,0.0,436.430161485763,-101.735924115603,22,29930,686000,0.0003,227873536.0,6347637.5,3.049508571624756,6.83832185924354e+17,4803256832.0,676001,28038.25,-31800894.526288748,,,,,,,
12.684911034107202,0.4859628019741159,-0.2641962166045369,-0.38922522520520914,0.0,743.1884540320892,568.4385381118121,22,29998,688000,0.0003,237740592.0,6570278.0,-0.3382697105407715,3.4418338901786624e+17,4407970304.0,678001,28038.25,-31800894.526288748,,,,,,,
-1.2562319242954503,-0.05492033262193612,0.6739923323513562,-0.37933286949804623,0.0,657.5631213532749,90.61358148759446,22,30066,690000,0.0003,422622080.0,6708720.5,0.9811926484107971,5.553671714803548e+17,5220064256.0,680001,28038.25,-31800894.526288748,,,,,,,
-9.671619804501528,-0.5040618891692896,-0.23437136504657027,-0.7422273248859608,0.0,820.1559504593129,-345.0035400633583,22,30134,692000,0.0003,468463648.0,6832966.0,-3.1936540603637695,6.797896939858821e+17,5311018496.0,682001,28038.25,-31800894.526288748,,,,,,,
-10.74457818627359,-0.6158499317661638,-0.08984839395481316,-0.6755529830582298,0.0,705.0028851256893,-87.01080503130699,22,30202,694000,0.0003,280962112.0,6951307.5,0.6073254942893982,4.477577623114875e+17,3293866240.0,684001,28038.25,-31800894.526288748,,,,,,,
-2.937170430421826,-0.9326564170072944,-0.056353531962057384,-0.39179902775732856,0.0,474.1888144118678,-169.1648374757935,22,30270,696000,0.0003,95612784.0,7111485.5,1.0023934841156006,2.489255842377892e+17,3420953088.0,686001,28038.25,-31800894.526288748,,,,,,,
-4.391683261394503,-0.06719927502282573,-0.22023143004441434,-0.33862389637631507,0.0,473.34912758475883,128.9130811028681,23,30338,698000,0.0003,667742592.0,7269050.0,-0.00523713231086731,8.678960674111488e+17,5184636416.0,688001,28038.25,-31800894.526288748,,,,,,,
8.57930577754975,0.7036358158778674,-0.22507936288349828,-0.3019653670316677,0.0,665.9066091687399,746.0439274169415,,,700000,0.0003,95093128.0,7528013.5,0.13609924912452698,3.1645614530677965e+17,3530948864.0,690000,,,0.0,0.0,40000.0,-37776.764127548086,953.9583853091221,0.0,0.0
,,,,,,,22,31535,700000,0.0003,479508768.0,7528473.0,0.20079004764556885,3.756005593920307e+17,2850359040.0,690001,28038.25,-31800894.526288748,,,,,,,
14.694354499578484,0.5349312784219562,0.2426228271718194,-0.5826527783842149,0.0,1147.0210232724912,-730.529167960435,22,31603,702000,0.0003,242311872.0,7656880.5,0.9355355501174927,4.804518092828836e+17,6366523392.0,692001,28038.25,-31800894.526288748,,,,,,,
1.0894062060117693,0.7849917054436272,-0.023387501730075557,-0.23061623773132675,0.0,532.9877954820512,-31.32120767672554,22,31671,704000,0.0003,46806084.0,7793519.0,-1.422097086906433,2.270343420885074e+17,2384558848.0,694001,28038.25,-31800894.526288748,,,,,,,
0.22160506725311457,-0.03905783221796016,0.6790355160236916,-0.15011576159449666,0.0,491.2910874793721,-114.97828571594154,22,31738,706000,0.0003,414552320.0,7990962.0,0.9703480005264282,1.0900353493730591e+18,10383036416.0,696001,28038.25,-31800894.526288748,,,,,,,
-8.70951131463051,-0.38354731372332734,-0.24984094610792618,-0.35264410450122324,0.0,275.54922890431715,-244.42669643778845,22,31806,708000,0.0003,248306736.0,8087702.0,0.915715754032135,3.9356874405340774e+17,5198763520.0,698001,28038.25,-31800894.526288748,,,,,,,
-0.8839002352952909,-0.6227688563944238,-0.18190706979361793,-0.2000117840441918,0.0,200.91278872407494,253.53485386692645,22,31873,710000,0.0003,742487424.0,8257259.5,-2.5720059871673584,1.435902812247556e+18,11130618880.0,700001,28038.25,-31800894.526288748,,,,,,,
9.126939191818222,0.3009821261307381,-0.6405903791062147,-0.1855439336755549,0.0,948.7522839955221,918.0605235950908,22,31942,712000,0.0003,5702984.0,8474125.0,1.9787977933883667,7.214482654169661e+17,5589849600.0,702001,28038.25,-31800894.526288748,,,,,,,
1.7512797719240207,0.018993655731424405,-0.1753513665168861,-0.7308867283715819,0.0,1208.3620437642458,-433.06648965617137,22,32012,714000,0.0003,480294336.0,8682003.0,1.0941632986068726,2.669606673097687e+17,3506290944.0,704001,28516.72,-31519513.2600202,,,,,,,
-7.790905366539949,-0.7437994145023955,-0.2522875940654368,-0.6557769710211483,0.0,739.4895918287808,-350.4954592422414,22,32079,716000,0.0003,437829344.0,8771410.0,0.6705505847930908,1.898964608186581e+18,16599501824.0,706001,28516.72,-31519513.2600202,,,,,,,
-12.346014888286607,-0.743814291565254,-0.09047517516903633,-0.6054553098410178,0.0,673.6280899877564,-112.8915598439148,22,32147,718000,0.0003,674080960.0,8848682.0,-0.119971364736557,2.379744759129309e+18,15161047040.0,708001,28516.72,-31519513.2600202,,,,,,,
-4.548647890686989,-0.06368143487987823,-0.01440235291185586,-0.3909215994632826,0.0,504.77361137776273,-63.12767787418682,22,32215,720000,0.0003,-59885584.0,9025685.0,0.41756752133369446,6.083535988955546e+17,5710266368.0,710001,28516.72,-31519513.2600202,,,,,,,
-6.306892290711406,0.6938769910508866,-0.1783990012698849,-0.3299316518924658,0.0,529.1225743479949,70.24172870202202,22,32283,722000,0.0003,1121757184.0,9262220.0,-0.9757369756698608,2.1339848063068406e+18,14582549504.0,712001,28516.72,-31519513.2600202,,,,,,,
16.9652558428049,0.606835305168059,-0.14814600276669412,-0.48167656877862275,0.0,949.9997320692022,604.4773337145142,22,32350,724000,0.0003,551722816.0,9513007.0,1.3853421211242676,9.204683225400607e+17,6519255040.0,714001,28516.72,-31519513.2600202,,,,,,,
3.806470125913627,0.13045526696623755,0.6241474639239315,-0.3491727160408392,0.0,683.0549784936245,-315.13046214516226,22,32418,726000,0.0003,499018272.0,9769894.0,-0.06502258777618408,7.199768439810949e+17,5480984576.0,716001,28516.72,-31519513.2600202,,,,,,,
-12.093039232492462,-0.45978671885979555,-0.05405326601331075,-0.7562394597780487,0.0,845.546006300487,-181.12887072593693,22,32486,728000,0.0003,953068160.0,9854280.0,2.190701961517334,1.0772516025548145e+18,10840783872.0,718001,28516.72,-31519513.2600202,,,,,,,
-9.552727671861637,-0.6372797320557256,-0.17218542708857806,-0.6755161666956968,0.0,722.0456005587665,-16.979406976177863,22,32554,730000,0.0003,450784544.0,9993820.0,1.3387722969055176,1.2795606425539707e+18,6686386176.0,720001,28516.72,-31519513.2600202,,,,,,,
-9.111021163463588,0.6320439471794765,-0.10321205687771398,-0.45102559745856785,0.0,583.9342284841997,-77.49908233623684,22,32621,732000,0.0003,-175758160.0,10149321.0,0.5404990911483765,5.6574614892969984e+17,5577790464.0,722001,28516.72,-31519513.2600202,,,,,,,
8.261870889663692,-0.47627213358272097,0.30306720474842563,-0.363167595778293,0.0,433.7942997099897,-365.39155822514783,22,32689,734000,0.0003,108537808.0,10272543.0,-1.266567587852478,4.0400840080071066e+17,4368418816.0,724001,28516.72,-31519513.2600202,,,,,,,
5.165948272347448,-0.21423614823358542,0.5618040759221813,-0.08208410003832793,0.0,165.85974866001627,-51.300050911413436,22,32757,736000,0.0003,254628864.0,10356766.0,-1.1128768920898438,6.135577248687718e+17,3714408192.0,726001,28516.72,-31519513.2600202,,,,,,,
7.0173931896686685,0.06728226173792544,-0.3058537510965963,0.06697909343649426,0.0,90.95873332015272,-131.67233305753194,22,32825,738000,0.0003,266942032.0,10564701.0,1.2515438795089722,6.24939869239509e+17,4517559296.0,728001,28516.72,-31519513.2600202,,,,,,,
3.013636863231658,-0.1436841269972978,0.18637331370480173,0.05033877634951017,0.0,35.604975255481556,129.40056025039132,22,32893,740000,0.0003,568106752.0,10736271.0,0.9760856032371521,9.514485057616609e+17,6101530624.0,730001,28516.72,-31519513.2600202,,,,,,,
8.705545772314093,0.11276346098089718,-0.18604614735234368,0.13826785000665123,0.0,195.73609707094604,-74.16695923466675,22,32961,742000,0.0003,91287840.0,10993223.0,0.47837647795677185,2.151065650724864e+17,1392092416.0,732001,28516.72,-31519513.2600202,,,,,,,
2.155316817760469,-0.1995523021017669,0.13307069538267585,0.08582309217117508,0.0,46.152991907047735,67.03679769562257,22,33029,744000,0.0003,630503616.0,11042734.0,0.7461288571357727,9.858507127662838e+17,6857399808.0,734001,28516.72,-31519513.2600202,,,,,,,
8.904765220880508,0.11748174127216653,-0.10675549950426047,0.1814139741921924,0.0,220.81346138797392,-33.813108895294484,22,33098,746000,0.0003,272346336.0,11237125.0,-0.3117499351501465,6.410123927753851e+17,5196556288.0,736001,28516.72,-31519513.2600202,,,,,,,
1.4293811577558515,-0.1706631747735371,0.13938414536655996,0.12781078040505683,0.0,60.64328524895479,79.68983933233474,22,33166,748000,0.0003,165052832.0,11502860.0,1.0381569862365723,6.535607753858089e+17,4468944896.0,738001,28516.72,-31519513.2600202,,,,,,,
8.357458053827282,0.10063475297897148,-0.16078584850476502,0.21104326773744822,0.0,240.31813117570482,-87.92898959174707,22,33234,750000,0.0003,1081312000.0,11678277.0,-2.1984145641326904,2.5554777784513987e+18,18090553344.0,740001,28516.72,-31519513.2600202,,,,,,,
2.0875725203752524,-0.13296336897703367,0.23690798818425463,0.15740167213324402,0.0,83.90210978843584,221.4651490984784,22,33303,752000,0.0003,15423472.0,11833687.0,1.302072525024414,6.260274923978097e+17,6008301568.0,742001,28516.72,-31519513.2600202,,,,,,,
5.508571031093559,0.003366779276619241,-0.3599011282738087,-0.3476698547075565,0.0,822.3383924632803,-213.3076266325813,22,33371,754000,0.0003,273236928.0,12003476.0,1.1278822422027588,8.102272322901115e+17,5424305664.0,744001,28958.384615384617,-30970762.302099228,,,,,,,
-9.624638142585773,-0.7286779952190379,-0.25294450790601725,-0.6736362453465736,0.0,753.253067357169,-350.56935317955305,22,33439,756000,0.0003,555693248.0,12145479.0,-0.1812114119529724,9.715781584845537e+17,5577695232.0,746001,28958.384615384617,-30970762.302099228,,,,,,,
1.2727318733930648,0.0839730638538366,-0.28082145956700366,-0.5824141956029866,0.0,766.461761251487,331.78330294772655,22,33508,758000,0.0003,719213696.0,12218344.0,-2.5569968223571777,4.5948597796706714e+17,3288379648.0,748001,28958.384615384617,-30970762.302099228,,,,,,,
15.269358733296395,0.701051185772886,0.1924593776637236,-0.6082554537976166,0.0,904.5158850464688,-443.5478659843355,22,33576,760000,0.0003,199121024.0,12401456.0,0.3986072540283203,4.461888279381279e+17,2017696640.0,750001,28958.384615384617,-30970762.302099228,,,,,,,
-13.570969350337984,-0.6875585201605139,0.29262203803581205,-0.5006563461252738,0.0,501.69547113021525,57.83526431067313,22,33644,762000,0.0003,1017477248.0,12517426.0,-1.5144877433776855,1.5775619662248673e+18,13946389504.0,752001,28958.384615384617,-30970762.302099228,,,,,,,
-13.290149230360985,-0.67404708096949,-0.184595529381707,-0.5585698541178307,0.0,534.7981535703287,-197.36845264300987,22,33713,764000,0.0003,-147524080.0,12825247.0,0.4676204323768616,1.381570170283098e+18,6815846400.0,754001,28958.384615384617,-30970762.302099228,,,,,,,
0.8330256271362321,-0.541710314534976,0.39700887636287946,-0.4040409824084298,0.0,359.1282240308289,-111.16041837343812,22,33781,766000,0.0003,411045472.0,12877236.0,0.7181679606437683,2.2520315357608018e+18,17425479680.0,756001,28958.384615384617,-30970762.302099228,,,,,,,
-6.6945241820812225,-0.184902123509065,-0.1651567564255074,-0.36818053109646365,0.0,258.9404517323899,-146.62884852935693,22,33849,768000,0.0003,724959360.0,13081695.0,-0.5915195941925049,1.2224173739910103e+18,6609073664.0,758001,28958.384615384617,-30970762.302099228,,,,,,,
0.6870055758953106,-0.5572498376970959,-0.18725490834321593,-0.2098216115377632,0.0,169.08595474981337,167.934815342724,22,33918,770000,0.0003,560301952.0,13269694.0,-1.7195940017700195,8.443669996130796e+17,5866417664.0,760001,28958.384615384617,-30970762.302099228,,,,,,,
4.548080575466144,0.13442982404274056,-0.7302236260081221,-0.16031751129549734,0.0,979.6604284931731,1116.980108845346,22,33986,772000,0.0003,887575424.0,13411473.0,0.3095123767852783,2.915521657059672e+18,15346691072.0,762001,28958.384615384617,-30970762.302099228,,,,,,,
7.596441726088517,0.4616346232861162,0.3104717149032155,-0.3927856351803714,0.0,952.6694695812234,-700.3765836069633,22,34055,774000,0.0003,1122714368.0,13616828.0,-1.32825767993927,1.0256879431859569e+18,6555784192.0,764001,28958.384615384617,-30970762.302099228,,,,,,,
2.6050235980749052,0.02079084371766529,0.8845124720745536,-0.13883059560311467,0.0,649.4103105960733,-395.0270372467856,22,34123,776000,0.0003,618181824.0,13823007.0,0.7447776794433594,6.475969555972751e+17,6049017344.0,766001,28958.384615384617,-30970762.302099228,,,,,,,
-4.551889041066172,-0.2265706146623258,-0.32063872764320156,-0.3688596047616494,0.0,269.04613880201816,-167.85353168395451,22,34191,778000,0.0003,1234689280.0,13880577.0,0.22104009985923767,2.638719879644971e+18,15876661248.0,768001,28958.384615384617,-30970762.302099228,,,,,,,
-7.915323556065562,-0.5830239239341787,-0.36198160781801253,-0.1523972765907533,0.0,277.61621773922013,433.98845598705816,22,34260,780000,0.0003,1478235776.0,14167419.0,-0.666205108165741,3.5169319774647747e+18,18383194112.0,770001,28958.384615384617,-30970762.302099228,,,,,,,
10.758641521334663,0.3134778062603192,-0.543535118018744,-0.5060070649068045,0.0,1652.3819706210616,1178.5451832138529,22,34328,782000,0.0003,919480832.0,14564654.0,-0.7823445200920105,3.9001675799598203e+18,22373595136.0,772001,28958.384615384617,-30970762.302099228,,,,,,,
12.844372636079783,0.5584874270290187,0.5909301580141616,-0.43540222264152567,0.0,1050.2776373329305,-1375.282283212566,22,34397,784000,0.0003,460803072.0,14646780.0,-1.489518404006958,1.9254878523055145e+18,12978467840.0,774001,28958.384615384617,-30970762.302099228,,,,,,,
-16.745221322178818,-0.695498256114543,0.17923623071866437,-0.4228987915247128,0.0,464.8163773180515,5.917085598907196,22,34467,786000,0.0003,874403136.0,14769204.0,0.43415769934654236,3.660450955360469e+18,20632387584.0,776001,28958.384615384617,-30970762.302099228,,,,,,,
-4.23863187253474,-0.6255685799404794,0.24809260609418998,-0.35559166083988514,0.0,320.3188318668205,-170.26220567825027,22,34536,788000,0.0003,358238976.0,14988657.0,-0.14928126335144043,9.144983179986207e+17,8932464640.0,778001,28958.384615384617,-30970762.302099228,,,,,,,
5.016889780163769,0.012975002244053738,0.3517795204271518,-0.24131388060477674,0.0,174.7511203855732,-52.65450245002996,22,34606,790000,0.0003,64515268.0,15244627.0,0.9864856004714966,4.753585965451182e+17,3484481024.0,780001,28958.384615384617,-30970762.302099228,,,,,,,
0.46180329561233496,-0.2304017380820933,-0.42359685067328656,-0.1772765536409437,0.0,147.43890372529245,-15.657000921739039,22,34675,792000,0.0003,1390041088.0,15477225.0,-0.06946304440498352,3.4998156050772787e+18,20106975232.0,782001,28958.384615384617,-30970762.302099228,,,,,,,
-9.858010023236272,-0.4391620614651133,-0.5880426630649327,-0.4972774928239449,0.0,706.6109702217806,-201.56292151484885,22,34744,794000,0.0003,288877664.0,15616833.0,-2.509742498397827,7.019234128088269e+17,4346444288.0,784001,29367.333333333332,-30708307.623801257,,,,,,,
-5.85370173811913,-0.7565478719649511,-0.33058742921757794,-0.6037834392853628,0.0,663.7807867313311,-124.71868085731926,22,34813,796000,0.0003,709902784.0,15723055.0,-1.5836116075515747,7.996306889774203e+17,4962012672.0,786001,29367.333333333332,-30708307.623801257,,,,,,,
7.678870139718057,0.8471896875828152,-0.1469541287201099,-0.6252422904142978,0.0,851.049698564702,284.41788982384804,22,34882,798000,0.0003,221590368.0,16045065.0,1.377901315689087,1.1498567533833748e+18,6011083264.0,788001,29367.333333333332,-30708307.623801257,,,,,,,
12.30901244044305,0.7684938604709456,0.02604438568034005,-0.6894687274450086,0.0,1033.5852817633006,-77.09487906125759,,,800000,0.0003,83342560.0,16227512.0,0.9850261211395264,7.312935674099794e+17,4510630912.0,790000,,,0.0,0.0,40000.0,-38426.98272353827,1150.291902696106,0.0,0.0
,,,,,,,22,36092,800000,0.0003,197516192.0,16228069.0,0.2692832350730896,5.910009689470403e+17,3639754752.0,790001,29367.333333333332,-30708307.623801257,,,,,,,
-0.6032603412866596,0.05492331512187814,0.08127070967329827,-0.5294317153285454,0.0,678.5728445968383,-313.6746514755271,22,36159,802000,0.0003,342792064.0,16345617.0,1.7099579572677612,7.089037998167163e+17,4263573760.0,792001,29367.333333333332,-30708307.623801257,,,,,,,
-6.052752137780207,0.5252386379732704,0.0822032087078558,-0.4628613586464468,0.0,595.9399902203196,-7.4609070214055295,22,36226,804000,0.0003,376976192.0,16561685.0,-1.6776785850524902,3.921697392021209e+18,22486966272.0,794001,29367.333333333332,-30708307.623801257,,,,,,,
0.29989365279674546,-0.5919422022523001,0.46911060865033344,-0.41778226295054244,0.0,415.1698201091557,-150.07922485852995,22,36294,806000,0.0003,1137672576.0,16717834.0,0.21390417218208313,1.0428295356214149e+18,7344166912.0,796001,29367.333333333332,-30708307.623801257,,,,,,,
-7.35425729572774,-0.2756388115846049,-0.217791591256791,-0.45100176650417617,0.0,374.4697639649427,-219.09690268213595,22,36361,808000,0.0003,452160384.0,16892394.0,1.3856532573699951,7.827327758064681e+17,5195204608.0,798001,29367.333333333332,-30708307.623801257,,,,,,,
-7.162478321194663,-0.4619893012038019,-0.41851078035742917,-0.1733528653189895,0.0,348.2514082378457,495.5568065149768,22,36429,810000,0.0003,221652640.0,17202878.0,0.22806109488010406,2.38950484897117e+18,17007329280.0,800001,29367.333333333332,-30708307.623801257,,,,,,,
14.478791946768819,0.37074862580597734,-0.2624065659556936,-0.503501910742141,0.0,1377.6384890630175,443.7134915183216,22,36496,812000,0.0003,580664960.0,17410840.0,0.07075881958007812,1.177112547124314e+18,7863230976.0,802001,29367.333333333332,-30708307.623801257,,,,,,,
9.413641335368157,0.3085453724347996,0.6391858475834157,-0.28915156534297165,0.0,785.3340606844533,-594.1829393440312,22,36563,814000,0.0003,449056768.0,17813192.0,1.3120582103729248,8.478394634920264e+17,4952834560.0,804001,29367.333333333332,-30708307.623801257,,,,,,,
-6.95959958672524,-0.1838214996364926,0.3129393106714419,-0.3112361060506568,0.0,286.490305082221,-272.88603298902615,22,36630,816000,0.0003,-151790512.0,18052928.0,0.6492095589637756,1.4792004806377472e+18,5895940608.0,806001,29367.333333333332,-30708307.623801257,,,,,,,
-0.4941080945730207,-0.43414197119505094,-0.28172811982520257,-0.22174806017116858,0.0,163.53881439577034,-83.02268619773984,22,36698,818000,0.0003,405526016.0,18387970.0,0.06969371438026428,6.070911533884375e+17,2829186560.0,808001,29367.333333333332,-30708307.623801257,,,,,,,
-1.9431216222047814,-0.11529535233923714,-0.9060693844324322,-0.061357057211326047,0.0,848.7547308687273,2552.553114366189,22,36765,820000,0.0003,847531008.0,18637112.0,-1.4687952995300293,1.7815506476744049e+18,14575669248.0,810001,29367.333333333332,-30708307.623801257,,,,,,,
7.5037101089954374,0.19900187830694618,0.3963142242605199,-0.7467645766562444,0.0,1838.9876633467293,-1724.282645820261,22,36832,822000,0.0003,-133417296.0,18907870.0,-1.9890190362930298,5.4093230179457434e+17,5358118912.0,812001,29367.333333333332,-30708307.623801257,,,,,,,
-2.9694934445619685,-0.04735843147314494,0.7988683141266167,-0.40246684962619633,0.0,821.9183683717482,162.80468883939545,22,36899,824000,0.0003,17070568.0,19249194.0,0.5892672538757324,1.2539750069756232e+18,7134289920.0,814001,29367.333333333332,-30708307.623801257,,,,,,,
-8.534393581151951,-0.5260161456812233,-0.32297313868022565,-0.7328284878091295,0.0,819.1633240773616,-465.91519151736,22,36967,826000,0.0003,701487616.0,19500854.0,0.46530142426490784,1.250768143874261e+18,6451930112.0,816001,29367.333333333332,-30708307.623801257,,,,,,,
-5.5238305181265135,-0.5131721452936123,-0.29995606012379306,-0.6042852736790364,0.0,691.4873824362979,75.20392820846055,22,37034,828000,0.0003,17592660.0,19743034.0,-1.8348982334136963,9.522572652833669e+17,3862828800.0,818001,29367.333333333332,-30708307.623801257,,,,,,,
10.052585701942434,0.7588647494097344,-0.18968199429666038,-0.6637611001344198,0.0,1016.4833447618341,408.44212310910837,22,37101,830000,0.0003,535768576.0,20004964.0,-0.8789981603622437,1.0577026981298176e+18,3922178048.0,820001,29367.333333333332,-30708307.623801257,,,,,,,
12.57868821144104,0.32523133146096017,0.4112448777043459,-0.532777016097725,0.0,848.0309435876478,-743.5043314118083,22,37168,832000,0.0003,153252432.0,20355724.0,1.2561770677566528,2.0598503722429972e+18,10993387520.0,822001,29367.333333333332,-30708307.623801257,,,,,,,
-8.633950710892684,-0.38842507406010923,-0.035687176917602224,-0.6732979876538979,0.0,828.601777624172,-100.19398220143468,22,37235,834000,0.0003,-257343008.0,20526022.0,-0.1323225498199463,1.3265989869408092e+18,7363147264.0,824001,29747.071428571428,-30703440.953499217,,,,,,,
-6.704610862731941,-0.7382403045077858,-0.3291847075378117,-0.6242586109232543,0.0,686.4279255631017,-122.92004704548717,22,37302,836000,0.0003,1122765184.0,21038086.0,-0.4625372886657715,1.5802810584803574e+18,7071694848.0,826001,29747.071428571428,-30703440.953499217,,,,,,,
8.256554417610158,0.787094595445823,-0.19547679105445265,-0.6357448436793169,0.0,904.8056617023212,378.17493901676966,22,37370,838000,0.0003,784308288.0,21186394.0,1.7908071279525757,2.811113407275598e+18,13452762112.0,828001,29747.071428571428,-30703440.953499217,,,,,,,
14.150647773146632,0.652183846631176,0.22476216177710023,-0.6226913165535592,0.0,938.1454168053989,-534.9603159129693,22,37437,840000,0.0003,-176056240.0,21639850.0,0.09778338670730591,9.438834534457016e+17,4716120576.0,830001,29747.071428571428,-30703440.953499217,,,,,,,
-14.586091876029968,-0.7496819628784865,0.19812432088082957,-0.509922623113187,0.0,512.9157257080359,26.441631200438074,22,37505,842000,0.0003,527783264.0,22116884.0,1.3684308528900146,1.6238343633240064e+18,8591765504.0,832001,29747.071428571428,-30703440.953499217,,,,,,,
-11.725501236319548,-0.7654741195411615,-0.13064225571377536,-0.5090626311528308,0.0,508.47671938422263,-157.839600506122,22,37573,844000,0.0003,-87717664.0,22428312.0,2.020507335662842,9.86997297235624e+17,5276193792.0,834001,29747.071428571428,-30703440.953499217,,,,,,,
5.5036162495613095,-0.5298796242155999,0.47759494000676606,-0.2585691672340029,0.0,272.76921942630173,-217.02798085874065,22,37640,846000,0.0003,1049892288.0,22634118.0,-2.5584335327148438,1.9895926787397386e+18,7437750784.0,836001,29747.071428571428,-30703440.953499217,,,,,,,
8.484889928698546,0.14756179520694518,0.10372764828897552,-0.053046051914758925,0.0,140.05906211046278,-61.549529558702574,22,37707,848000,0.0003,1320841856.0,23031370.0,-3.646970272064209,1.4040043306583327e+18,5596826624.0,838001,29747.071428571428,-30703440.953499217,,,,,,,
2.499761627912524,-0.2069304790926805,-0.2071547145049028,-0.03242900590870395,0.0,41.21001680759004,-100.10017772427211,22,37775,850000,0.0003,-88806592.0,23358928.0,1.1229718923568726,1.1262616461681623e+18,8252040192.0,840001,29747.071428571428,-30703440.953499217,,,,,,,
5.8388245511054935,-0.307510295593003,0.02669663267999623,-0.05144496201561385,0.0,33.66307034762626,2.570076017430403,22,37842,852000,0.0003,577604480.0,24001654.0,-1.1221628189086914,1.472336366984495e+18,6885516288.0,842001,29747.071428571428,-30703440.953499217,,,,,,,
8.003527500033378,0.012376358895489952,0.4242716784315005,0.06677737043732736,0.0,124.06644371786051,173.7904422227844,22,37910,854000,0.0003,-6305264.0,24389392.0,1.3697071075439453,2.2188867577414943e+18,11170369536.0,844001,29747.071428571428,-30703440.953499217,,,,,,,
3.5681245434284192,-0.07004827958357417,-0.42860757976266717,0.02437134651479706,0.0,125.72642466291218,-171.14811814094634,22,37978,856000,0.0003,368892416.0,24704200.0,-0.7485636472702026,1.7777998011952005e+18,6425824768.0,846001,29747.071428571428,-30703440.953499217,,,,,,,
3.5220104223489743,-0.18254539695993752,0.21140244057561505,0.028904037576474934,0.0,41.204664860793294,120.51864205500972,22,38046,858000,0.0003,101410160.0,25142100.0,0.21658366918563843,2.2705044306190664e+18,12178178048.0,848001,29747.071428571428,-30703440.953499217,,,,,,,
8.799621302485464,0.12088112297470431,-0.15590745660304167,0.12476950418762354,0.0,214.09968223008937,-73.68759731518949,22,38113,860000,0.0003,119924992.0,25848974.0,0.4093914330005646,3.167093765785518e+18,11150427136.0,850001,29747.071428571428,-30703440.953499217,,,,,,,
2.297968792319297,-0.21816544781795538,0.050670658048239677,0.04763592481584578,0.0,28.99855745048658,6.633526810925963,22,38181,862000,0.0003,982900352.0,26081640.0,1.1644470691680908,1.6637947390459904e+18,7064323584.0,852001,29747.071428571428,-30703440.953499217,,,,,,,
10.219912416934989,0.13376925408840246,0.056358992175744096,0.15359270718472576,0.0,219.71805820667134,60.84782029869663,22,38249,864000,0.0003,-115505712.0,26495094.0,-0.25269177556037903,1.67296576553327e+18,8935278592.0,854001,29747.071428571428,-30703440.953499217,,,,,,,
0.4408474785089504,-0.19861780735817375,-0.09735310283661831,0.057307479788068064,0.0,41.907318122907995,-70.337877262349,22,38316,866000,0.0003,79302576.0,26842664.0,0.6363813877105713,1.4761371038038098e+18,5789777408.0,856001,29747.071428571428,-30703440.953499217,,,,,,,
10.92651113450527,0.10771391079249049,0.15768509942130443,0.1777826758327542,0.0,224.92084876703697,0.9737845903299557,22,38384,868000,0.0003,1027768512.0,27517926.0,-0.8291797637939453,5.798760553216213e+18,25463144448.0,858001,29747.071428571428,-30703440.953499217,,,,,,,
-0.4769330132007601,-0.16517526437512106,-0.17549337182211083,0.05993369478359983,0.0,48.55355276916747,7.9026474440849315,22,38452,870000,0.0003,-493677536.0,27889762.0,2.1511783599853516,1.76027908340659e+18,8334087680.0,860001,29747.071428571428,-30703440.953499217,,,,,,,
9.352882040143006,0.07863376439870327,0.26565400582041765,0.1879978190162318,0.0,196.21586847331844,667.1559094890549,22,38520,872000,0.0003,-583236672.0,28454868.0,-0.4076090455055237,2.2671895405002752e+18,8742797312.0,862001,29747.071428571428,-30703440.953499217,,,,,,,
-3.2273388773202907,-0.1628301682548708,-0.6164868610480922,-0.45498695335181083,0.0,690.1578158042041,-913.5106654272203,22,38588,874000,0.0003,814711296.0,28890290.0,2.4234933853149414,5.27993235215011e+18,24503414784.0,864001,30100.620689655174,-30056077.474010482,,,,,,,
-7.519857347011571,-0.7399518790286659,-0.32538778143211056,-0.6422574678014381,0.0,721.5113836932347,-155.74632790181636,22,38655,876000,0.0003,1116692736.0,29282458.0,0.01277148723602295,1.9507393737879716e+18,6889709568.0,866001,30100.620689655174,-30056077.474010482,,,,,,,
10.109316567182546,0.8100244503789515,-0.19002199903125114,-0.6373910712439471,0.0,938.9442979194763,356.43796661311444,22,38723,878000,0.0003,145120928.0,29510322.0,-1.2867001295089722,1.5477550306295808e+18,5903452672.0,868001,30100.620689655174,-30056077.474010482,,,,,,,
11.806764643192318,0.16484063649595468,0.4454623287064662,-0.4773665676790063,0.0,729.2187942215551,-698.9122319870571,22,38792,880000,0.0003,56066336.0,29779692.0,0.36514413356781006,1.9651821462135767e+18,8032551424.0,870001,30100.620689655174,-30056077.474010482,,,,,,,
-9.467010284662246,-0.28352761380020836,0.20638734287177177,-0.47758426175331564,0.0,427.5801273430513,5.6584924803389445,22,38860,882000,0.0003,318515840.0,30004214.0,-0.9304475784301758,1.4680852427146527e+18,10283177984.0,872001,30100.620689655174,-30056077.474010482,,,,,,,
-5.456615194082258,-0.579600899733055,-0.34132519914738796,-0.3149438417683428,0.0,284.5653780260924,19.94958913638159,22,38928,884000,0.0003,-651802944.0,30477524.0,2.7105743885040283,1.793983100527575e+18,8558227968.0,874001,30100.620689655174,-30056077.474010482,,,,,,,
8.284302584528936,0.2508796743535592,-0.5869499905428051,-0.28115785107647107,0.0,1061.049034005274,1029.7334722425323,22,38996,886000,0.0003,345058592.0,30996766.0,0.07171142101287842,2.7169685487809987e+18,9999506432.0,876001,30100.620689655174,-30056077.474010482,,,,,,,
9.334025713205323,0.5753738708062635,0.37428613920224496,-0.4299986976670462,0.0,907.3379753248847,-807.8018570434692,22,39064,888000,0.0003,178293216.0,31293252.0,-0.8369213342666626,9.546699373920911e+17,5524277248.0,878001,30100.620689655174,-30056077.474010482,,,,,,,
-0.01411717653274215,-0.21289785953273296,0.8372862802766162,-0.14286597576279678,0.0,451.50278347083156,-463.63030953215866,22,39132,890000,0.0003,171078816.0,31646852.0,0.33827123045921326,8.403458794318725e+17,4290471168.0,880001,30100.620689655174,-30056077.474010482,,,,,,,
-0.4054423516988755,-0.14329459833164582,-0.3434129274926553,-0.2562723125816278,0.0,167.2236730977348,-28.808845381319664,22,39200,892000,0.0003,202526960.0,32055460.0,-0.9084903597831726,4.842962791771931e+18,14695929856.0,882001,30100.620689655174,-30056077.474010482,,,,,,,
-11.017337620258324,-0.6638706175022745,-0.23433723322818606,-0.08458424253617103,0.0,247.51195233249052,226.4215739461542,22,39267,894000,0.0003,793285120.0,32330544.0,-0.3980896770954132,3.6186332296212644e+18,8174657024.0,884001,30100.620689655174,-30056077.474010482,,,,,,,
-0.4748952049016974,-0.653712077174347,0.008547332717373807,-0.168636837538723,0.0,190.14791968566314,-65.21090320445862,22,39335,896000,0.0003,-201145328.0,32842306.0,2.3905413150787354,3.3236636718250066e+18,10386287616.0,886001,30100.620689655174,-30056077.474010482,,,,,,,
2.063190749883653,0.29382298254539624,-0.4860157011963637,-0.05433159558418325,0.0,603.2862476571452,384.28060747577086,22,39403,898000,0.0003,592617216.0,33013954.0,-1.3346343040466309,1.8178020957979935e+18,6092276736.0,888001,30100.620689655174,-30056077.474010482,,,,,,,
13.707732210755356,0.3678745612652967,-0.04460514390916335,-0.3873728319305562,0.0,1105.6929387074345,285.5761847438946,,,900000,0.0003,1156991872.0,33685584.0,0.18002831935882568,3.3389776697766707e+18,9290694656.0,890000,,,0.0,0.0,40000.0,-39250.35097931426,639.1591984094175,0.0,0.0
,,,,,,,22,40599,900000,0.0003,339941888.0,33686356.0,-0.240975022315979,2.4637119882414e+18,6467185664.0,890001,30100.620689655174,-30056077.474010482,,,,,,,
8.06954911231996,0.25410550199070264,0.7260082149739541,-0.1623319235896995,0.0,754.8942710221971,368.62071126391913,22,40667,902000,0.0003,-447129888.0,33838784.0,-0.35383373498916626,2.2006549308076196e+18,11079792640.0,892001,30100.620689655174,-30056077.474010482,,,,,,,
-7.818338932991042,-0.17523914990622202,-0.031952854653862495,-0.608051720151738,0.0,776.6851978475308,-858.8928981737351,22,40734,904000,0.0003,612433280.0,34030564.0,-2.017939805984497,2.0123965498998129e+18,8486338048.0,894001,30100.620689655174,-30056077.474010482,,,,,,,
-13.21725948929786,-0.7179887142700914,-0.2276605103268067,-0.35265412272463764,0.0,361.02192757999376,-173.7273303679252,22,40801,906000,0.0003,724229504.0,34465148.0,-0.5901427865028381,3.007203334630146e+18,12263982080.0,896001,30100.620689655174,-30056077.474010482,,,,,,,
1.6827705603837995,0.17188291451916554,-0.26039197550193527,-0.26715433378423087,0.0,482.6034276493638,322.4113425527044,22,40869,908000,0.0003,811678976.0,34695932.0,0.17703276872634888,2.2414927168085688e+18,9511120896.0,898001,30100.620689655174,-30056077.474010482,,,,,,,
5.138896173834797,-0.024829444171580364,0.4553073941828306,-0.23018903828806422,0.0,434.8031094271465,-417.3680773858496,22,40936,910000,0.0003,30837792.0,35068844.0,-1.7661118507385254,2.089445651849937e+18,9717909504.0,900001,30100.620689655174,-30056077.474010482,,,,,,,
6.360161313414572,-0.15845039548629836,0.616150973486219,0.007918894276771537,0.0,191.02810117070612,-9.650068655085667,22,41002,912000,0.0003,1757809536.0,35009100.0,-2.7867488861083984,5.045504928236175e+18,16863423488.0,902001,30100.620689655174,-30056077.474010482,,,,,,,
1.757951818108558,-0.06464966861778021,-0.6087175828115564,-0.42788716782276187,0.0,711.1766420078245,-319.1318034064151,22,41069,914000,0.0003,1132443392.0,35329200.0,-1.0740424394607544,4.6061947824803676e+18,20577009664.0,904001,30430.6,-29823887.4040534,,,,,,,
-7.620423813462263,-0.7531721354938489,-0.3070115956704246,-0.650140141888453,0.0,725.502034068712,-164.8666358408765,22,41136,916000,0.0003,454022912.0,35834324.0,0.8585236072540283,3.5871638324447805e+18,15177588736.0,906001,30430.6,-29823887.4040534,,,,,,,
8.858408707380296,0.7555015584224619,-0.20343743092407582,-0.6234111403876023,0.0,906.8402290772829,344.0105437553095,22,41203,918000,0.0003,226491552.0,35698296.0,-1.0396122932434082,1.8815701967962112e+18,5395237888.0,908001,30430.6,-29823887.4040534,,,,,,,
13.558750341534605,0.18472861250970843,0.44482141514849544,-0.4628990592577727,0.0,726.377469911026,-693.4542903485575,22,41270,920000,0.0003,-479332960.0,35912464.0,1.5646860599517822,2.551128110451917e+18,7533666304.0,910001,30430.6,-29823887.4040534,,,,,,,
-0.5260945707559597,-0.14440127440555792,0.5079667553404587,-0.2878841328248863,0.0,269.4978363211374,-183.94451004763104,22,41337,922000,0.0003,-755034624.0,36048964.0,0.30474337935447693,2.5144426301132636e+18,9361347584.0,912001,30430.6,-29823887.4040534,,,,,,,
-1.243404287099837,-0.26372808563641004,-0.43590757228041405,-0.2606730540546515,0.0,197.85297374041093,49.958135702793776,22,41405,924000,0.0003,549873024.0,36306484.0,-2.094993829727173,3.3796568512253133e+18,9489495040.0,914001,30430.6,-29823887.4040534,,,,,,,
-13.423064085245166,-0.6205097131081543,0.09042571425076708,-0.15974091689980902,0.0,301.6285063033184,-4.690425013856536,22,41472,926000,0.0003,651566336.0,36531616.0,-0.8282610177993774,6.581886610588041e+18,27487457280.0,916001,30430.6,-29823887.4040534,,,,,,,
7.072520964145658,-0.05643322498621937,0.4935720376934087,-0.267064167075806,0.0,211.99675887947987,-169.8239248196326,22,41540,928000,0.0003,216234432.0,36981352.0,-1.8361692428588867,2.7616658954733486e+18,12997874688.0,918001,30430.6,-29823887.4040534,,,,,,,
3.846627020239819,0.026338992048855887,-0.41434426729893126,-0.10968331236015036,0.0,111.98398732179572,34.31524320496211,22,41607,930000,0.0003,642938688.0,37161584.0,2.260648727416992,2.741191339696718e+18,8371622400.0,920001,30430.6,-29823887.4040534,,,,,,,
-10.622971286177636,-0.5508228182096242,-0.14334771354266856,-0.027893683302713426,0.0,266.76365836983314,718.3725328964639,22,41674,932000,0.0003,594943232.0,37388524.0,-1.8940043449401855,2.6333820255700255e+18,8951954432.0,922001,30430.6,-29823887.4040534,,,,,,,
-0.9895192188024684,-0.16067041837328871,0.4302385403802253,-0.4668329586652715,0.0,398.6949281884745,-427.1521705089851,22,41741,934000,0.0003,636332928.0,37751980.0,2.8435919284820557,2.888401653004763e+18,8991703040.0,924001,30430.6,-29823887.4040534,,,,,,,
5.182414598464976,0.12123764054339338,-0.2738508210049104,-0.3258851363418473,0.0,261.8402859041376,-153.13669320131467,22,41809,936000,0.0003,-144690480.0,37777480.0,3.3220739364624023,1.8554947287876895e+18,5449591808.0,926001,30430.6,-29823887.4040534,,,,,,,
-12.919307548999772,-0.47747460717366025,-0.03500507604795526,-0.21062088308893576,0.0,277.86002608072096,334.78909814116895,22,41876,938000,0.0003,2490424.0,38063604.0,-0.5359624624252319,2.685087109622006e+18,9097039872.0,928001,30430.6,-29823887.4040534,,,,,,,
0.5312194305658372,-0.18489887924841733,0.2757550322870839,-0.5144691972865363,0.0,384.8493999643379,-122.48909164209365,22,41944,940000,0.0003,131446144.0,38269984.0,0.4081405699253082,2.5215221106066063e+18,9982010368.0,930001,30430.6,-29823887.4040534,,,,,,,
3.536151616573326,0.06959475507536864,-0.2709826392704839,-0.39198255746732874,0.0,315.2296219209769,-169.71032629252932,22,42011,942000,0.0003,929180224.0,38457012.0,-1.372252106666565,4.651172229759894e+18,20569305088.0,932001,30430.6,-29823887.4040534,,,,,,,
-13.851428636908535,-0.4971182397912232,-0.026289188042395956,-0.2636713496571997,0.0,284.9992519619692,175.53820243000854,22,42079,944000,0.0003,159687280.0,38871760.0,-1.8899143934249878,3.483516719585034e+18,12074804224.0,934001,30430.6,-29823887.4040534,,,,,,,
1.093362888097764,-0.21937551830708618,0.29415995727899164,-0.49917549230331454,0.0,375.66799701134704,9.2950436325816,22,42147,946000,0.0003,588959552.0,39196740.0,-0.21426141262054443,2.888260915516408e+18,8862310400.0,936001,30430.6,-29823887.4040534,,,,,,,
3.459726554155342,0.06269405869930368,-0.2632239516398725,-0.37527398702470044,0.0,302.71996397693437,-197.5552210984979,22,42215,948000,0.0003,-628840832.0,39503036.0,-1.5747194290161133,1.6657786703393587e+18,5916973056.0,938001,30430.6,-29823887.4040534,,,,,,,
-14.062970944643036,-0.4863992079856482,-0.009125655802024995,-0.25456109955176587,0.0,286.7365988468766,192.96177080003437,22,42283,950000,0.0003,-611582464.0,39526476.0,-0.9900263547897339,2.0336764979437896e+18,4593461248.0,940001,30430.6,-29823887.4040534,,,,,,,
1.3676661682128897,-0.20756492054839676,0.281546060803021,-0.5049463866297579,0.0,380.6529750192703,20.482200980148587,22,42351,952000,0.0003,450134336.0,39715096.0,-3.965463161468506,1.3662185140581827e+18,3622600960.0,942001,30430.6,-29823887.4040534,,,,,,,
0.5778237861394873,-0.01796758558434872,-0.25933733934276787,-0.6811269105517892,0.0,769.3007752247221,-273.2438725471278,22,42419,954000,0.0003,-217558032.0,39604428.0,0.7876642346382141,1.9149594787137454e+18,9357609984.0,944001,30739.290322580644,-29360804.257163648,,,,,,,
-9.119548966288555,-0.7517947100985439,-0.2509261683202811,-0.6651451569471144,0.0,752.7791762872272,-332.68094538576565,22,42488,956000,0.0003,-483810560.0,39918552.0,0.9430851936340332,2.3832335095242424e+18,8184547328.0,946001,30739.290322580644,-29360804.257163648,,,,,,,
0.7104455006122551,0.08389384800161445,-0.23625184885278164,-0.591094318963433,0.0,757.8060526322881,236.2422944126149,22,42556,958000,0.0003,-899682368.0,40023916.0,-0.4135347008705139,2.797044331364483e+18,8442751488.0,948001,30739.290322580644,-29360804.257163648,,,,,,,
15.350929135680202,0.6309708448911876,0.1870251235642617,-0.5801183785251574,0.0,834.6638807080852,-399.856724292695,22,42624,960000,0.0003,423782656.0,40204868.0,1.220900535583496,7.008090852618666e+18,23192428544.0,950001,30739.290322580644,-29360804.257163648,,,,,,,
-0.3960401147604002,-0.41178971808966325,0.6931914320688652,-0.32609338286986433,0.0,393.90861364894965,-180.1511309563398,22,42692,962000,0.0003,-118843072.0,40456024.0,1.6821109056472778,2.7542634334393467e+18,10682722304.0,952001,30739.290322580644,-29360804.257163648,,,,,,,
0.03891244590282639,-0.09134369948542345,-0.3411827477375518,-0.3566869792728823,0.0,263.132109891182,-120.49638221209213,22,42761,964000,0.0003,-80737216.0,40813160.0,0.2916269600391388,2.218112976433447e+18,10213142528.0,954001,30739.290322580644,-29360804.257163648,,,,,,,
-15.107898888587952,-0.5571313483541949,0.021723484577982316,-0.23533644938830178,0.0,308.80795776115804,121.62068127310283,22,42829,966000,0.0003,-138643872.0,41161436.0,-0.7099601030349731,2.6168890762754785e+18,9944807424.0,956001,30739.290322580644,-29360804.257163648,,,,,,,
3.8715003895759574,-0.17344992514370797,0.406101870877195,-0.4575522053158184,0.0,359.4807248767449,-6.7460155875477374,22,42898,968000,0.0003,-665881536.0,41090292.0,-0.4565526247024536,2.3610613077943255e+18,9864170496.0,958001,30739.290322580644,-29360804.257163648,,,,,,,
2.4896940696239533,0.02392698531067419,-0.3740337040043082,-0.31832953690162924,0.0,240.05249881865217,-123.408077163078,22,42966,970000,0.0003,-1167593984.0,41222564.0,1.9943671226501465,2.3975653687143956e+18,8541803520.0,960001,30739.290322580644,-29360804.257163648,,,,,,,
-14.624360785484312,-0.4702911259981357,0.03506041778486764,-0.2430523154217952,0.0,312.560072022383,177.11774158551844,22,43035,972000,0.0003,-291535296.0,41879712.0,1.0936100482940674,2.872885619791495e+18,6417137664.0,962001,30739.290322580644,-29360804.257163648,,,,,,,
3.737355097532276,-0.1272018014707108,0.3423274564221248,-0.5024354024598456,0.0,387.9714159760322,-20.618240393862408,22,43104,974000,0.0003,-722004224.0,41928144.0,-0.16356918215751648,2.5525929348180214e+18,10308616192.0,964001,30739.290322580644,-29360804.257163648,,,,,,,
2.331026578545562,0.026368121613265544,-0.3786044473416704,-0.36666585111878036,0.0,278.58633081853515,-109.92620689352009,22,43173,976000,0.0003,-1033323648.0,42048676.0,1.1101831197738647,3.7324282850495693e+18,14329199616.0,966001,30739.290322580644,-29360804.257163648,,,,,,,
-14.648172684311863,-0.46337289772902485,0.012006462776957657,-0.28015497183907323,0.0,300.0977333925008,132.12976929775877,22,43242,978000,0.0003,-1214204288.0,42446340.0,-1.7952208518981934,2.9897604072892006e+18,9661958144.0,968001,30739.290322580644,-29360804.257163648,,,,,,,
3.473252190351489,-0.15876136410804284,0.34960699406275614,-0.4912984137414074,0.0,379.9395194255022,8.273181160532095,22,43310,980000,0.0003,-343804384.0,42616128.0,-0.9135464429855347,2.2970678069124137e+18,6549092352.0,970001,30739.290322580644,-29360804.257163648,,,,,,,
2.8850548297166925,0.050981597997260895,-0.3430948414467019,-0.34202163582322553,0.0,262.7587988403177,-151.69032776081082,22,43378,982000,0.0003,-207086912.0,42798020.0,0.3602040112018585,2.1107442915915858e+18,5832540672.0,972001,30739.290322580644,-29360804.257163648,,,,,,,
-14.58898600161076,-0.44920440094060626,0.015754362005609705,-0.2601622336980678,0.0,298.16547947457434,158.46635113768454,22,43447,984000,0.0003,1046123328.0,43027936.0,-3.4811434745788574,3.5850819071775867e+18,13075377152.0,974001,30739.290322580644,-29360804.257163648,,,,,,,
3.516786410808568,-0.1462880625816855,0.3288230807861172,-0.4952738996040727,0.0,378.99473763719743,13.30552986625786,22,43515,986000,0.0003,-32681336.0,43295408.0,-1.6902941465377808,1.012823712116559e+19,32603238400.0,976001,30739.290322580644,-29360804.257163648,,,,,,,
3.719404442310341,0.08417276018977615,-0.3235858818693925,-0.3287290082178371,0.0,252.58329877746647,-174.34948013363118,22,43583,988000,0.0003,230312288.0,43832004.0,0.518517017364502,2.9586208636010496e+18,11223899136.0,978001,30739.290322580644,-29360804.257163648,,,,,,,
-14.562103657126425,-0.43665953433786703,0.011572687217395787,-0.24425545004846064,0.0,292.23849917754364,171.74568271677447,22,43651,990000,0.0003,-655108736.0,44239696.0,2.6030359268188477,4.421578258961662e+18,13762964480.0,980001,30739.290322580644,-29360804.257163648,,,,,,,
3.3472393834590917,-0.14555461203486936,0.301423858816826,-0.4950767594002811,0.0,372.2592256217566,23.848792330116137,22,43719,992000,0.0003,-33304208.0,44350544.0,0.20696189999580383,3.814838880574636e+18,8622432256.0,982001,30739.290322580644,-29360804.257163648,,,,,,,
1.3138945072889359,-0.00043311834089648923,-0.31356791238012655,-0.6489729509906195,0.0,745.8124544185138,-285.460486972103,22,43787,994000,0.0003,-769934208.0,44788168.0,1.3971368074417114,4.874207613698441e+18,13937948672.0,984001,31028.6875,-28953840.664662752,,,,,,,
-8.74278854846954,-0.7448442356972529,-0.2600222127014933,-0.6812837072426117,0.0,765.8368658615539,-303.67519450288773,22,43855,996000,0.0003,-579299968.0,44912548.0,0.14002668857574463,4.6020465999866757e+18,10536278016.0,986001,31028.6875,-28953840.664662752,,,,,,,
3.0793958359956735,0.2977262330607487,-0.2038206191819065,-0.5923608648111928,0.0,775.0439142481135,205.9875460571262,22,43923,998000,0.0003,158230080.0,45159596.0,0.37086963653564453,4.240501888006488e+18,14693905408.0,988001,31028.6875,-28953840.664662752,,,,,,,
14.794504138827325,0.3521862512133397,0.27376372792473896,-0.5184823580029162,0.0,729.3729103599917,-478.6030059040081,,,1000000,0.0003,-530397952.0,45133420.0,1.0951887369155884,5.572506348987351e+18,19852871680.0,990000,,,0.0,0.0,40000.0,-38873.432597213745,971.6679822221636,0.0,0.0
,,,,,,,22,45127,1000000,0.0003,-1698640896.0,45131696.0,-0.6205666661262512,3.9482110154133996e+18,10669691904.0,990001,31028.6875,-28953840.664662752,,,,,,,
