rollout/acrobot_xk_applied_torque,rollout/acrobot_xk_elbow_norm,rollout/acrobot_xk_elbow_rate_norm,rollout/acrobot_xk_energy_error_norm,rollout/acrobot_xk_homoclinic_capture,rollout/acrobot_xk_lyapunov,rollout/acrobot_xk_lyapunov_rate,time/fps,time/time_elapsed,time/total_timesteps,train/learning_rate,train/actor_loss,train/alpha,train/alpha_loss,train/critic_loss,train/fraction,train/n_updates,rollout/ep_len_mean,rollout/ep_rew_mean,eval/best_strict_capture_mean_max_duration,eval/best_strict_capture_success_rate,eval/mean_ep_length,eval/mean_reward,eval/std_reward,eval/strict_capture_mean_max_duration,eval/strict_capture_success_rate
0.05138813796627807,0.01292989803650534,-0.0038056873789987632,-0.9971755002595099,0.0,1208.1390732318168,56.965497507335215,2121,0,2000,0.0003,,,,,,,,,,,,,,,
-0.27061694970165273,-0.00885026053415546,0.08205819565147318,-0.9906047564672069,0.0,1213.1010870555456,9.438935538923216,2141,1,4000,0.0003,,,,,,,,,,,,,,,
0.3472848033995523,-0.012881818464468345,0.038856941128767045,-0.9865293999759063,0.0,1239.8396131948605,-3.560226744919507,2152,2,6000,0.0003,,,,,,,,,,,,,,,
0.3695235054283698,0.012869882395837907,-0.06821346030904782,-0.9817192541513834,0.0,1234.205938208572,128.09990268696592,2157,3,8000,0.0003,,,,,,,,,,,,,,,
-0.08874563675432005,0.006886427757158542,-0.12634456166771565,-0.9827398778776387,0.0,1223.021400439426,-47.2017851297698,1481,6,10000,0.0003,-0.033362098038196564,1.0,-0.0,734051.9375,67.38832092285156,1,,,,,,,,,
-1.0499516534805293,-0.040754358325117264,-0.015179237720253445,-0.9944098834525775,0.0,1207.1060799056622,-16.91571585409794,163,73,12000,0.0003,22356.896484375,1.313302755355835,-0.12840022146701813,11854.0625,386.3951110839844,2001,,,,,,,,,
-4.416132573485374,-0.23640893711507702,-0.12984512054667482,-0.9629238682220992,0.0,1137.6477570490576,-100.9378259795122,98,141,14000,0.0003,53217.5703125,1.8576750755310059,-0.3951170742511749,11138.53125,527.9461669921875,4001,,,,,,,,,
-6.989782633185389,-0.41440231892305696,-0.12220547690448898,-0.8962278876468222,0.0,1023.1691955593668,-128.04714512149548,76,210,16000,0.0003,74198.6484375,2.587733745574951,0.2651660144329071,11364.41015625,720.3335571289062,6001,,,,,,,,,
-9.009982932806013,-0.6056355216739314,-0.13190123471359264,-0.796133229231422,0.0,881.0406063472383,-148.17381045773894,64,278,18000,0.0003,86407.5625,3.755445957183838,-0.4624618887901306,164645.59375,4421.806640625,8001,,,,,,,,,
-10.100024771690354,-0.7316135982751026,-0.05344402707187006,-0.7200857526823505,0.0,785.6509551725284,-49.30879617633701,57,347,20000,0.0003,92919.828125,6.596286296844482,-0.33269038796424866,49739.68359375,1098.728271484375,10001,,,,,,,,,
-9.324223781824113,-0.23275842594805488,-0.28279470971454623,-0.5784987161837227,0.0,717.3398934432403,32.749330476410044,52,415,22000,0.0003,96462.28125,10.060754776000977,-0.6597276926040649,711414.3125,7911.84423828125,12001,,,,,,,,,
4.364956743121153,0.3174041594475307,-0.31451602555564107,-0.7248391768117811,0.0,1390.0868525499302,1422.5390271939552,49,484,24000,0.0003,108846.3203125,20.135929107666016,-6.999713897705078,10594726.0,5842.26123046875,14001,23116.0,-36127191.57361,,,,,,,
11.818005375862123,0.23414531817565337,0.8460649250607679,-0.5042277842266285,0.0,970.2904532572653,1281.1076823213934,46,553,26000,0.0003,81767.8671875,43.35627365112305,-9.260433197021484,26223088.0,12967.00390625,16001,23116.0,-36127191.57361,,,,,,,
10.980333052277565,0.30328498122270253,1.0443339131222742,-0.6070091558614387,0.0,1286.422098168568,2600.145173598274,45,622,28000,0.0003,55723.484375,75.60139465332031,-6.468161582946777,4125577707520.0,13697.9853515625,18001,13107.0,-30450697.1488225,,,,,,,
12.00098659753799,0.1901492385255496,1.2355231705536458,-0.4995848487904235,0.0,1705.1894212493269,13159.655279799264,43,690,30000,0.0003,52431.09375,118.33121490478516,-3.889097213745117,31903772.0,28608.62890625,20001,9499.666666666666,-28418800.994360667,,,,,,,
8.80646499097345,-0.08205123086068665,1.0169341728061612,-0.46965586528410713,0.0,1487.9036604506312,4113.505580507536,42,759,32000,0.0003,58413.82421875,170.49049377441406,-1.7008416652679443,43901720.0,27536.091796875,22001,7732.5,-27423347.205857247,,,,,,,
12.591433572769166,0.4123334499146521,0.5407800495053704,-0.6027106146983887,0.0,778.7857786527171,-293.49244392554033,41,828,34000,0.0003,68420.703125,213.61061096191406,-0.19768793880939484,86288768.0,46305.953125,24001,7732.5,-27423347.205857247,,,,,,,
-0.6102838259935356,-0.16550165440835346,0.6902803817046477,-0.624886383768393,0.0,1266.9031381703646,960.6602598771861,40,896,36000,0.0003,74746.3203125,227.0974578857422,-0.2554081976413727,61681104.0,28961.876953125,26001,7006.0,-26982000.097560994,,,,,,,
5.321622728705404,0.2964826470530942,0.1270994884104273,-0.942621107779956,0.0,1101.0615572106146,-120.25845187708123,39,965,38000,0.0003,102189.9609375,247.4444580078125,0.04923686385154724,167406992.0,68544.953125,28001,7006.0,-26982000.097560994,,,,,,,
6.556752370595933,0.40725157171192766,0.025128085606295834,-0.8996326842128132,0.0,1022.5098983658154,-27.853764142421873,38,1034,40000,0.0003,119761.7421875,224.09141540527344,-0.26676565408706665,135194272.0,38522.08984375,30001,7006.0,-26982000.097560994,,,,,,,
5.929813065528873,0.3548829821097231,-0.09502728479605481,-0.9193895037253375,0.0,1057.4863499669725,92.82554488871266,38,1103,42000,0.0003,125874.453125,309.1286315917969,0.21083787083625793,170757632.0,39740.796875,32001,7006.0,-26982000.097560994,,,,,,,
4.0334829068183815,0.20475485234687105,-0.08231809845741925,-0.9700202630187181,0.0,1145.4348513229845,60.57988125447116,37,1172,44000,0.0003,130049.6484375,428.5560302734375,-0.5683939456939697,489822912.0,70966.375,34001,7006.0,-26982000.097560994,,,,,,,
1.1808230584859845,0.08041979452227556,-0.12051155773645449,-0.9892430402001374,0.0,1183.9776807829521,30.303869438951267,37,1241,46000,0.0003,148475.390625,627.0009155273438,-0.7385541200637817,953460480.0,183613.265625,36001,7006.0,-26982000.097560994,,,,,,,
-2.158828499913212,-0.12694293177339916,-0.11954573147679917,-0.9805956982596012,0.0,1166.151208932009,-41.19416388694234,36,1309,48000,0.0003,139571.734375,670.1490478515625,-0.07060497999191284,1111787264.0,229314.0625,38001,7006.0,-26982000.097560994,,,,,,,
-2.2550211316347104,-0.14828344964146428,0.09796212172841362,-0.9768455599887423,0.0,1158.4646443896384,52.09184912326465,36,1378,50000,0.0003,157906.5625,482.2474060058594,-0.11005839705467224,3188975468544.0,205349.84375,40001,7006.0,-26982000.097560994,,,,,,,
1.0475053763389581,0.07868196906160775,0.16525630206322595,-0.9853233701296139,0.0,1179.9159912056152,-13.24674327537171,35,1447,52000,0.0003,104748.828125,283.3459167480469,1.567116618156433,844495552.0,159081.34375,42001,7006.0,-26982000.097560994,,,,,,,
4.392263584136954,0.2302332288321658,0.06750893523278928,-0.9638319626439691,0.0,1133.4060900819416,-42.2159107719041,35,1516,54000,0.0003,131382.28125,191.46910095214844,-0.3507654070854187,1393173504.0,352170.4375,44001,7006.0,-26982000.097560994,,,,,,,
7.01190829515457,0.3848947723411995,0.14390313058588725,-0.9036493652578282,0.0,1034.9790699423324,-151.75343757715734,35,1585,56000,0.0003,84353.1953125,185.83847045898438,0.414150595664978,633188480.0,138709.078125,46001,7006.0,-26982000.097560994,,,,,,,
7.68577732026577,0.5623792733168832,0.06082050276453981,-0.8189801512377592,0.0,903.7899129006812,-62.68103980822383,35,1654,58000,0.0003,118668.1796875,191.25448608398438,0.4122743010520935,836844800.0,232327.203125,48001,7006.0,-26982000.097560994,,,,,,,
10.09585843920708,0.5839136713567761,0.028219038312339503,-0.8084579608659838,0.0,888.9558044901004,-34.25600120474726,34,1723,60000,0.0003,104027.953125,203.9075164794922,-0.674983561038971,2987655680.0,315057.65625,50001,7006.0,-26982000.097560994,,,,,,,
10.031605909466743,0.7583362103773446,0.2047779876340478,-0.6893916113807883,0.0,766.8133337075523,-153.5330142264396,34,1793,62000,0.0003,183513.3125,223.46484375,0.8452107310295105,4174684160.0,484109.5625,52001,7006.0,-26982000.097560994,,,,,,,
-4.286892967224128,-0.4526027093355783,0.30354323364046343,-0.5907913178844602,0.0,860.8146875693723,472.99169430833655,34,1863,64000,0.0003,220119.609375,251.98458862304688,-0.25822868943214417,14217957376.0,967809.9375,54001,7006.0,-26982000.097560994,,,,,,,
-15.278481079339983,-0.7191228989686109,-0.23267300424975706,-0.6303249636216346,0.0,1025.4231764540118,-579.1633146514652,34,1933,66000,0.0003,385522.0625,293.2611999511719,-2.247093677520752,11964938240.0,530723.25,56001,7006.0,-26982000.097560994,,,,,,,
6.238080438971526,0.4603882618516702,-0.5936659788462293,-0.4459194524410703,0.0,523.0200288446842,-2.268252169258272,33,2003,68000,0.0003,358450.3125,359.259033203125,-0.42514070868492126,3292807561216.0,694990.9375,58001,7006.0,-26982000.097560994,,,,,,,
4.234528045654289,0.08531192756626206,-0.011939568135275953,-0.7094113456125508,0.0,622.3534657644371,79.0526611633986,33,2073,70000,0.0003,242863.296875,384.7401123046875,-1.2043277025222778,18272532480.0,824184.5625,60001,7006.0,-26982000.097560994,,,,,,,
14.007131215333935,0.48138398560640855,0.4154603716052215,-0.37875105455465563,0.0,361.6175369822822,-376.3578282859881,33,2144,72000,0.0003,434859.4375,453.2263488769531,-0.5265812873840332,33299382272.0,1657044.625,62001,7006.0,-26982000.097560994,,,,,,,
0.40209272801876234,0.03382704690915548,0.3815929296163761,-0.18562375361637207,0.0,413.7203116825684,361.7839187627681,33,2216,74000,0.0003,511633.96875,394.62982177734375,-0.5792351961135864,42232004608.0,1681481.5,64001,7006.0,-26982000.097560994,,,,,,,
-4.808958746790873,-0.2448013039287636,0.25379672590846575,-0.589230804585861,0.0,1051.3234612796264,1018.6161860020546,33,2287,76000,0.0003,156248.5,497.8505554199219,-0.6464455127716064,69697077248.0,2044975.375,66001,12505.0,-25892054.404630497,,,,,,,
-9.641389678120621,-0.20727982343224113,-0.9725539631761106,-0.501473152376905,0.0,993.4092429595586,78.81842887007464,33,2360,78000,0.0003,489207.09375,902.3135986328125,-2.1213953495025635,62595907584.0,1459465.5,68001,12505.0,-25892054.404630497,,,,,,,
-10.006147621870053,-0.14909439418480827,-1.2644995609988987,-0.4423042665030624,0.0,1345.1299668723798,2758.3785970422396,32,2434,80000,0.0003,547423.625,1430.616943359375,-0.2787513732910156,148321107968.0,3382564.5,70001,11189.857142857143,-25752182.951058995,,,,,,,
-1.9836897730827305,-0.2249378074348899,-0.7673447161118464,-0.6837465638843214,0.0,1477.467846921503,4913.4285842763975,32,2508,82000,0.0003,1181674.5,1619.8255615234375,-0.9074588418006897,546702983168.0,6682649.5,72001,10053.25,-25565581.38770938,,,,,,,
-4.540869013667103,-0.2480618934229166,0.2570875349055058,-0.9488309815471476,0.0,1129.7653720803944,181.94263346030408,32,2583,84000,0.0003,1118414.375,2264.93603515625,-2.1615915298461914,162922512384.0,2082582.25,74001,10053.25,-25565581.38770938,,,,,,,
0.420732170343399,0.03425250827670487,0.12810548423955642,-0.9899069305580676,0.0,1184.3339193621048,-5.4003389065478205,32,2658,86000,0.0003,1699331.375,3366.14306640625,-0.6999695301055908,417533329408.0,3726829.25,76001,10053.25,-25565581.38770938,,,,,,,
6.162114503979681,0.3143362429251732,0.35989723774830584,-0.9033470434520262,0.0,1091.0086497068037,-329.7506920998809,32,2733,88000,0.0003,2165759.5,4962.75830078125,-0.8562114238739014,527393882112.0,3351042.25,78001,10053.25,-25565581.38770938,,,,,,,
6.424396394491199,0.046104736718847274,0.6120313493689664,-0.46816086468254875,0.0,783.1730279085909,285.5247979894734,32,2809,90000,0.0003,1118366.5,7666.03857421875,-0.31070464849472046,1197400915968.0,9170056.0,80001,10053.25,-25565581.38770938,,,,,,,
-2.599213078021998,-0.05347970415639558,0.5430302778040301,-0.7470099952283373,0.0,1370.7132806939344,697.7744167560672,31,2886,92000,0.0003,351040.84375,10292.384765625,-0.14348791539669037,806685638656.0,5936709.0,82001,10126.0,-25959143.16126867,,,,,,,
10.991162940859788,0.5841711182024435,0.34879403842000145,-0.7421392440775774,0.0,827.6843713464531,-444.3427113083401,31,2963,94000,0.0003,1384396.625,12138.755859375,-0.7692145109176636,1035108810752.0,8782555.0,84001,10126.0,-25959143.16126867,,,,,,,
-2.5534654653072266,-0.24330250002713377,0.6568128197339512,-0.47414609116716033,0.0,1022.6216001363231,1101.0566851781773,31,3040,96000,0.0003,555487.1875,14031.36328125,-0.6517730355262756,1228845088768.0,6221409.5,86001,10126.0,-25959143.16126867,,,,,,,
-3.988422643542294,-0.08280515464991997,0.029443436381713383,-0.8005081277608862,0.0,1904.3631116824706,75.50285050636423,31,3116,98000,0.0003,1217420.125,15674.08984375,1.0342743396759033,2368585072640.0,15940871.0,88001,10126.0,-25959143.16126867,,,,,,,
-8.397796514630315,-0.3892239157593378,-0.21263645203675735,-0.6435417292667815,0.0,1318.744979335936,-693.7446516607079,,,100000,0.0003,2390426.25,17134.935546875,-0.9476993083953857,2196217004032.0,10466581.0,90000,,,0.0,0.0,40000.0,-41205.83074183343,6147.5737521290275,0.0,0.0
,,,,,,,23,4342,100000,0.0003,936712.0,17136.421875,-0.32379409670829773,1820797173760.0,8593101.0,90001,10126.0,-25959143.16126867,,,,,,,
1.1605651652812972,-0.22602299827143735,0.42565045915381144,-0.6252862497125267,0.0,1322.428019892849,726.3605023113923,23,4418,102000,0.0003,449859.3125,18358.259765625,-0.6417108774185181,1802044702720.0,6318336.5,92001,10166.8,-26295040.961462405,,,,,,,
9.849975399970997,0.5557183024258524,0.5333914493946489,-0.7607660262116817,0.0,933.4158866189832,-622.4425378046884,23,4494,104000,0.0003,768709.25,19682.224609375,1.4725341796875,2643576487936.0,10001043.0,94001,10166.8,-26295040.961462405,,,,,,,
-1.8352145212888709,-0.38518037366382535,0.6864340823478938,-0.42485815627363877,0.0,1053.238528106723,1062.6572591398585,23,4571,106000,0.0003,1667600.5,20548.140625,-1.3016390800476074,591441357176832.0,9690550.0,96001,10166.8,-26295040.961462405,,,,,,,
5.7579186475277,0.3063092072332092,0.4766315866655058,-0.8338565301345552,0.0,1083.46195924212,-221.60163535503216,23,4647,108000,0.0003,1696228.625,21971.771484375,1.0853601694107056,8353518452736.0,31945668.0,98001,9653.0,-26219901.984394003,,,,,,,
10.5804886597395,0.3001490235499232,0.49531281546989814,-0.4885648668915693,0.0,683.0708293862872,186.04416815438458,23,4724,110000,0.0003,2293690.75,23584.568359375,0.4154694080352783,13583319564288.0,38725084.0,100001,9653.0,-26219901.984394003,,,,,,,
-6.419365879297276,-0.21140219988221032,0.5747942354953912,-0.7190947513562076,0.0,1523.8354372569715,1135.0189654060855,23,4800,112000,0.0003,105995.84375,24274.74609375,0.20124474167823792,2357941501952.0,12145198.0,102001,9302.083333333334,-26197850.754500587,,,,,,,
9.355853932499889,0.29706584069311986,0.7443263283819906,-0.6036865528780523,0.0,890.5243493134642,-384.0555242650579,23,4877,114000,0.0003,-1182463.375,25580.966796875,0.32870790362358093,2711354343424.0,7378128.5,104001,9302.083333333334,-26197850.754500587,,,,,,,
-7.425627933740627,-0.2750057383612239,0.5608452221684878,-0.6972291166524269,0.0,1534.2287878465418,1287.5753566464803,23,4954,116000,0.0003,1838068.5,27102.267578125,-2.550820827484131,4373539717120.0,14741511.0,106001,8907.923076923076,-26140478.917835236,,,,,,,
10.024547914266583,0.5460719631050117,0.6118031584376397,-0.749949926719319,0.0,957.9132388533155,-669.7427608178801,23,5030,118000,0.0003,-104010.6875,28016.87890625,-0.8931288719177246,3765829632000.0,11951645.0,108001,8907.923076923076,-26140478.917835236,,,,,,,
-2.940334641933441,-0.44353655780567514,0.7016125526555697,-0.43101805967425816,0.0,1135.9125301451515,1136.4706168265625,23,5107,120000,0.0003,-1009580.1875,27906.5078125,1.3104567527770996,5303851024384.0,15117879.0,110001,8570.357142857143,-26080729.271506507,,,,,,,
11.045199490189534,0.44027276378498076,0.7170214584769872,-0.7165782385994874,0.0,975.4548529121336,-484.81772759188175,23,5183,122000,0.0003,363546.1875,29040.01953125,-0.672802746295929,6084789534720.0,16618453.0,112001,8570.357142857143,-26080729.271506507,,,,,,,
-8.751733668446548,-0.4072251954671682,0.6438333012073582,-0.5947687865462722,0.0,1427.2339958555463,1319.9465549034721,23,5260,124000,0.0003,-1639595.875,30311.47265625,1.5656827688217163,5498112835584.0,12712340.0,114001,8570.357142857143,-26080729.271506507,,,,,,,
6.766316257119183,0.3586938554543692,0.46352620414517165,-0.8297590729797658,0.0,1007.049353953848,-336.4696731828676,23,5337,126000,0.0003,-742113.125,30987.26171875,0.08606527745723724,24454692339712.0,56639612.0,116001,8270.466666666667,-26034368.60128407,,,,,,,
8.958751572370529,0.2011353601033014,0.5313696748136623,-0.44779472111932467,0.0,688.1144794222843,349.43333127514336,23,5414,128000,0.0003,-1011852.625,31081.853515625,0.5509543418884277,10620201074688.0,20720078.0,118001,8270.466666666667,-26034368.60128407,,,,,,,
-2.022595659494401,-0.07263517334432089,0.6817986126143619,-0.7292449391046023,0.0,1407.7007331183324,752.6234409759044,23,5490,130000,0.0003,2687324.25,32141.734375,-0.836392879486084,37262326759424.0,63676920.0,120001,8075.0625,-26014489.620143,,,,,,,
1.9868525379896194,0.10134317812262841,0.8499937302872765,-0.457228924908137,0.0,926.0904738756252,917.2909334520001,23,5567,132000,0.0003,172971.6875,33100.6328125,-3.7956156730651855,26656372686848.0,51729176.0,122001,8075.0625,-26014489.620143,,,,,,,
-5.0369020575285,-0.17075410675146668,0.15412135439160218,-0.9412615080862087,0.0,2090.1193813372206,308.827532218723,23,5643,134000,0.0003,1631641.75,33470.6640625,-0.9197936058044434,13101006061568.0,33779348.0,124001,8075.0625,-26014489.620143,,,,,,,
0.8982186406850811,0.017031527508354107,0.2898043321851674,-0.9538233008685034,0.0,1880.4237430690412,156.4387100445242,23,5720,136000,0.0003,-5562601.0,33590.99609375,1.7169015407562256,8603371044864.0,25438958.0,126001,7957.823529411765,-26072537.32927294,,,,,,,
11.313230103254318,0.6668839754413399,0.44705574644580487,-0.6809089493502937,0.0,796.8461308717883,-524.66840278694,23,5796,138000,0.0003,-5658864.0,34790.94140625,1.289342999458313,14385070211072.0,31329384.0,128001,7957.823529411765,-26072537.32927294,,,,,,,
-1.3013392680883393,-0.438939291678061,0.7058582336155063,-0.3987516934443507,0.0,1086.6606936157782,1195.385315250574,23,5873,140000,0.0003,-5777582.0,35266.09765625,1.7992689609527588,4808721301504.0,12379683.0,130001,7776.277777777777,-26039235.57444072,,,,,,,
9.958030458688736,0.5002286095570544,0.6702895534101729,-0.759611497277955,0.0,999.6915561905104,-552.0916920739494,23,5950,142000,0.0003,-1761997.5,34985.84765625,0.14668956398963928,9468967387136.0,20529388.0,132001,7776.277777777777,-26039235.57444072,,,,,,,
-3.2593441736698043,-0.4231154163872194,0.7252223816629749,-0.4663011714324697,0.0,1173.6731273696214,1287.4789146517824,23,6026,144000,0.0003,-691447.0,33915.8828125,-1.5880005359649658,69336333025280.0,94859976.0,134001,7573.0,-25994287.08614042,,,,,,,
7.46713547289371,0.42539152637997235,0.4605037711163345,-0.8004872699491097,0.0,932.228986019949,-503.1533016348966,23,6103,146000,0.0003,-4176130.0,33142.390625,0.3742942810058594,14227202899968.0,22703720.0,136001,7573.0,-25994287.08614042,,,,,,,
6.873410464525223,0.08112824085900786,0.5789850089480906,-0.41663928886568247,0.0,724.94114842048,548.0974655724283,23,6179,148000,0.0003,-2312530.0,33027.25390625,0.3137235641479492,20179790594048.0,39558700.0,138001,7573.0,-25994287.08614042,,,,,,,
0.14742147982122092,0.0473366558648067,0.6634011919787244,-0.7779006475401044,0.0,1379.088310183822,478.80166810400334,23,6255,150000,0.0003,-4193931.0,32475.392578125,0.9786891937255859,18025122103296.0,28963508.0,140001,7445.3,-25975419.1213599,,,,,,,
8.791574441194538,0.1307515556433805,0.627182499672639,-0.4904006139239339,0.0,768.2160091456117,-14.587736176994676,24,6331,152000,0.0003,8445980.0,33672.04296875,0.4883110523223877,105214703042560.0,92459800.0,142001,7445.3,-25975419.1213599,,,,,,,
0.07141232192516762,-0.03895155537500193,0.7192068220781305,-0.6651718300443382,0.0,1291.1100232056292,606.3652649820984,24,6408,154000,0.0003,-2315094.25,33161.83203125,-1.761361002922058,45970083545088.0,62974152.0,144001,7289.238095238095,-25941514.99398909,,,,,,,
2.565852255821234,0.010980767225614791,0.784572757433666,-0.47752651827344145,0.0,904.4849602518044,476.05915969909955,24,6484,156000,0.0003,-5628939.0,32908.41015625,0.37634071707725525,39148052283392.0,54707952.0,146001,7289.238095238095,-25941514.99398909,,,,,,,
3.3429463785886786,0.10925034735106808,0.6935765291006062,-0.7673449174948065,0.0,1353.682859829437,172.2951755619632,24,6560,158000,0.0003,-5996196.5,30778.623046875,0.3384830057621002,51417385533440.0,74446336.0,148001,7129.090909090909,-25906923.72099972,,,,,,,
-2.2244149619340825,-0.00374962172704557,0.7260550819889205,-0.4606509443624307,0.0,1006.6966873470949,1193.0509968783645,24,6637,160000,0.0003,-31744.5,30627.359375,-1.7632113695144653,28142215364608.0,38457180.0,150001,7129.090909090909,-25906923.72099972,,,,,,,
-4.944132410883902,-0.24358526454332927,0.0964465889513724,-0.9197992326070199,0.0,1952.4652369475834,257.41258323213964,24,6713,162000,0.0003,-8430981.0,29735.828125,1.054556131362915,19261904912384.0,38931192.0,152001,7129.090909090909,-25906923.72099972,,,,,,,
5.561135446429253,0.17190291949736564,0.5633240888851584,-0.881774538803715,0.0,1537.255445008952,-180.73056789994962,24,6790,164000,0.0003,-5094651.0,27545.322265625,-0.5726053714752197,22591991447552.0,26739378.0,154001,7076.652173913043,-25942935.44703391,,,,,,,
-2.638669546842574,-0.1243133303427142,0.7503333163464561,-0.5035808739534968,0.0,1059.3315780580056,1059.8009213599898,24,6866,166000,0.0003,-15258073.0,26891.048828125,1.043452262878418,16655000272896.0,28381578.0,156001,7076.652173913043,-25942935.44703391,,,,,,,
2.8676041167974464,0.14198580542290615,0.5777804267250922,-0.8774957211702368,0.0,1510.2707051721154,43.62878972510217,24,6943,168000,0.0003,-13169816.0,23444.658203125,2.7731542587280273,36493934460928.0,52417532.0,158001,6949.291666666667,-25919914.302271962,,,,,,,
4.051748636960988,-0.03667443495980766,0.7150733275414543,-0.45350476202431006,0.0,854.684420702206,454.7012911212877,24,7020,170000,0.0003,-4853401.0,22207.373046875,-0.04029226303100586,28119664689152.0,32681574.0,160001,6949.291666666667,-25919914.302271962,,,,,,,
3.9597504872083693,0.16197534537507663,0.7108175779408614,-0.7599994855321495,0.0,1294.3294997480618,126.30302832457294,24,7097,172000,0.0003,-13648359.0,20914.228515625,-0.700812816619873,9239926931456.0,14528706.0,162001,6827.8,-25890517.685076084,,,,,,,
-2.3705857008695577,-0.1289813062387344,0.7266190231342485,-0.5110941139685248,0.0,1036.4014219277678,1041.8237648824659,24,7173,174000,0.0003,-7787844.0,18862.599609375,-0.27122992277145386,184448729481216.0,151818608.0,164001,6827.8,-25890517.685076084,,,,,,,
3.005428531765936,0.11208812863420277,0.5809474905625781,-0.8579403402525894,0.0,1527.791968528547,36.29608175267373,24,7250,176000,0.0003,-9601816.0,16577.96875,1.085350751876831,117078912663552.0,118254944.0,166001,6726.384615384615,-25875194.243527196,,,,,,,
-1.198980325460448,-0.005617535380583326,0.7205361356933838,-0.5086939131829037,0.0,966.2362512984098,919.1439996773282,24,7327,178000,0.0003,-15655899.0,16379.0478515625,0.7206388115882874,24746808836096.0,54461876.0,168001,6726.384615384615,-25875194.243527196,,,,,,,
-4.72758741438389,-0.17250304273853087,0.19269015962028818,-0.9261191814952846,0.0,2059.3811021347874,478.6441079670702,24,7403,180000,0.0003,-13233295.0,15163.5361328125,0.8386472463607788,78938445447168.0,73397944.0,170001,6726.384615384615,-25875194.243527196,,,,,,,
3.798877035379409,0.11648266513729644,0.423185675104739,-0.9086765888210939,0.0,1679.2024280927405,-168.2663628178084,24,7480,182000,0.0003,-9282539.0,14182.40234375,1.2868285179138184,58643315687424.0,69825200.0,172001,6702.592592592592,-25914956.46630919,,,,,,,
0.12037735879421561,0.06159006445370204,0.6825869462638109,-0.504385402899592,0.0,860.3303955558987,700.9665747177567,24,7557,184000,0.0003,-14376344.0,12738.740234375,0.9090039730072021,83862172467200.0,67461432.0,174001,6702.592592592592,-25914956.46630919,,,,,,,
-10.014715163707717,-0.4267203164746212,-0.051178984360434256,-0.8463177639043629,0.0,1622.2708010592555,-162.09228441131643,24,7634,186000,0.0003,-12020374.0,12973.486328125,1.3110616207122803,428591095480320.0,217331536.0,176001,6702.592592592592,-25914956.46630919,,,,,,,
-6.003529548645022,-0.5531592586446898,0.10393103635496588,-0.7459921686605984,0.0,1324.4042881979399,178.24367250324795,24,7711,188000,0.0003,-13869584.0,14327.359375,-1.0252044200897217,73845134327808.0,80684232.0,178001,6702.592592592592,-25914956.46630919,,,,,,,
-4.090399219989775,-0.1717724932359158,0.1869941548685547,-0.8433898975082917,0.0,1893.0293291811372,409.87476769062306,24,7788,190000,0.0003,-15851660.0,16343.39453125,-0.8517019748687744,47740071444480.0,34214712.0,180001,6702.592592592592,-25914956.46630919,,,,,,,
-8.85677516520023,-0.33255592307514065,-0.3277640792973565,-0.7563298132530651,0.0,1586.8851749211137,-959.9139622985292,24,7864,192000,0.0003,-14733960.0,15829.884765625,-0.6564677953720093,42066948128768.0,60794152.0,182001,6702.592592592592,-25914956.46630919,,,,,,,
-1.242877678275109,-0.6454542885189827,0.025778584500834863,-0.5337819358741652,0.0,913.3328227651192,11.92914156348532,24,7942,194000,0.0003,-13238785.0,18342.421875,-0.9065614938735962,147635675594752.0,63920468.0,184001,6702.592592592592,-25914956.46630919,,,,,,,
-9.016371410489086,-0.3057108802256912,0.2307194789209118,-0.6571933282729916,0.0,1429.0336963616046,572.7833324000163,24,8018,196000,0.0003,-21917134.0,21271.169921875,0.5701135993003845,81412027842560.0,70807840.0,186001,6702.592592592592,-25914956.46630919,,,,,,,
-13.157754002213478,-0.5031573986219892,-0.3663055634497002,-0.5216874212951957,0.0,1111.031480498631,-1012.3990022733401,24,8093,198000,0.0003,-22375888.0,24043.748046875,0.5319803953170776,32970696032256.0,53841932.0,188001,6702.592592592592,-25914956.46630919,,,,,,,
3.8585822141170576,-0.08711611130983765,-0.2975962959853419,-0.3666147835149528,0.0,566.902276107838,-27.46252531416693,,,200000,0.0003,-10533933.0,23198.318359375,1.1255402565002441,205951533580288.0,129148528.0,190000,,,0.0,0.0,40000.0,-37768.043505850335,4052.0334947576976,0.0,0.0
,,,,,,,21,9310,200000,0.0003,-16828846.0,23198.33984375,-0.5790624618530273,113511388676096.0,77249024.0,190001,6702.592592592592,-25914956.46630919,,,,,,,
5.148794836401925,0.13864872468328604,0.4814933099379355,-0.43792261416804695,0.0,712.7248664502821,911.8068578691688,21,9386,202000,0.0003,-16417792.0,24449.3203125,-2.6400156021118164,53030087032832.0,55233064.0,192001,6702.592592592592,-25914956.46630919,,,,,,,
-11.820750429034227,-0.43308249907317575,-0.08677043638812251,-0.7921576956167968,0.0,1532.9672786946248,-266.14705799477537,21,9463,204000,0.0003,-18010486.0,26154.65625,-0.500315248966217,50782787338240.0,46621124.0,194001,6702.592592592592,-25914956.46630919,,,,,,,
-5.410071778893479,-0.29328434070273657,-0.45903899265922604,-0.4614392320828504,0.0,719.9706968991518,-486.53959942675664,21,9539,206000,0.0003,-16681367.0,25968.8203125,-0.03447538614273071,227523107487744.0,164246112.0,196001,6702.592592592592,-25914956.46630919,,,,,,,
16.568042642474108,0.6544639195599271,0.08517893025869498,-0.6766975780753715,0.0,732.523642029182,-144.36157589144167,21,9615,208000,0.0003,-14104475.0,27808.5546875,-0.869554877281189,296692045840384.0,178403936.0,198001,6702.592592592592,-25914956.46630919,,,,,,,
-9.967905853390686,-0.3581179336467172,0.38222880852466584,-0.5875295458282372,0.0,977.8786960459158,747.6736849537059,21,9692,210000,0.0003,-18244210.0,28929.23046875,1.632744312286377,276392218460160.0,141862416.0,200001,6702.592592592592,-25914956.46630919,,,,,,,
-10.638765812516208,-0.46135656737961683,-0.37543431576538455,-0.5703360660224117,0.0,887.8980682203534,-749.8610930793371,21,9768,212000,0.0003,-27238070.0,29090.716796875,1.384755253791809,416814228045824.0,251607296.0,202001,6702.592592592592,-25914956.46630919,,,,,,,
13.83716349005699,0.5756449173046942,-0.2415142015607077,-0.7178358290723479,0.0,786.7597236467698,299.40312346281854,21,9844,214000,0.0003,-25106604.0,30060.619140625,0.35069435834884644,88125078503424.0,27649102.0,204001,6702.592592592592,-25914956.46630919,,,,,,,
12.001797946095467,0.7218521309228381,0.3343586697656782,-0.6139923176683588,0.0,678.1672530883848,-246.02718848743646,21,9920,216000,0.0003,-27104924.0,30481.08203125,0.19722706079483032,74222890123264.0,88521344.0,206001,6702.592592592592,-25914956.46630919,,,,,,,
-16.15585429072387,-0.7984345292083397,0.08818648548951985,-0.6018595914472189,0.0,896.5756225366212,176.28762869193736,21,9997,218000,0.0003,-19126100.0,30270.5390625,0.44047975540161133,100944196927488.0,90273640.0,208001,6702.592592592592,-25914956.46630919,,,,,,,
4.406171549558639,0.3893267873210405,-0.4847436577166507,-0.5085368425051952,0.0,607.0312340090661,13.025889359501763,21,10073,220000,0.0003,-28835336.0,30759.4609375,2.2244882583618164,74958185168896.0,42721500.0,210001,6702.592592592592,-25914956.46630919,,,,,,,
6.287178046703344,0.22949341949596277,0.12487631318979091,-0.8918909783291595,0.0,1010.053009466523,27.04367489939144,21,10149,222000,0.0003,-29699554.0,30832.443359375,-1.0560624599456787,58179492773888.0,40779844.0,212001,7891.785714285715,-25754438.908086292,,,,,,,
7.7134427654743165,0.4058129292936251,0.23083326730204645,-0.8723669628784531,0.0,988.9889912827431,-268.7463784132217,21,10226,224000,0.0003,-30552416.0,30099.576171875,-0.10595154762268066,71653098782720.0,48082224.0,214001,7891.785714285715,-25754438.908086292,,,,,,,
8.842697013616549,0.7140020472262989,0.19387705722986442,-0.6858980977742911,0.0,737.693142753733,-150.6487923030976,21,10302,226000,0.0003,-18793546.0,30299.1328125,-1.5130192041397095,297121475461120.0,159246496.0,216001,7891.785714285715,-25754438.908086292,,,,,,,
4.429645641446104,0.8406052584121835,-0.10567827397429953,-0.6390411244819713,0.0,718.4416906845934,89.73331265144768,21,10379,228000,0.0003,-23058424.0,29844.46875,-0.015544451773166656,234810794573824.0,156889136.0,218001,7891.785714285715,-25754438.908086292,,,,,,,
9.488494854569446,0.5227279442345854,-0.21795166284592526,-0.8288716227909403,0.0,932.6545651199216,258.5431498205288,21,10455,230000,0.0003,-17402562.0,29995.041015625,-3.5820817947387695,364590781169664.0,124140808.0,220001,7891.785714285715,-25754438.908086292,,,,,,,
5.49800423145294,0.30574951677529394,-0.1026312084516563,-0.9408421116763703,0.0,1095.9384623959327,95.3008032687321,22,10532,232000,0.0003,-34428224.0,29597.931640625,0.21731871366500854,123776763166720.0,122025160.0,222001,7891.785714285715,-25754438.908086292,,,,,,,
2.4853783035278276,0.142347393497165,-0.1171767379107814,-0.9804321866579669,0.0,1166.4769830685193,57.82467625050629,22,10608,234000,0.0003,-42415948.0,30930.04296875,0.4434974491596222,58808915197952.0,49540712.0,224001,7891.785714285715,-25754438.908086292,,,,,,,
0.7949900752305961,0.027062403931482636,-0.05992755469575924,-0.9934690019120481,0.0,1187.2942806838043,27.602000965938068,22,10685,236000,0.0003,-35409056.0,33974.4453125,-0.8124446272850037,77023158468608.0,86032424.0,226001,7891.785714285715,-25754438.908086292,,,,,,,
-2.1513816100358976,-0.10111563699644761,-0.11897292339758526,-0.9868087923538092,0.0,1178.5668504978587,-25.70407587340703,22,10761,238000,0.0003,-36002732.0,36062.76953125,-1.0713951587677002,298747120582656.0,188685632.0,228001,7891.785714285715,-25754438.908086292,,,,,,,
-5.91927543342114,-0.32866083432467086,-0.17133097688690216,-0.9225906502106577,0.0,1068.3715332994252,-162.3519724864568,22,10837,240000,0.0003,-45937364.0,37234.78515625,0.617615818977356,39448741937152.0,68099096.0,230001,7891.785714285715,-25754438.908086292,,,,,,,
-6.42477733910084,-0.44473881164853785,0.03361345515314558,-0.8764711439591194,0.0,984.4199266593365,32.131578467358,22,10914,242000,0.0003,-36398948.0,37934.8984375,-2.325741767883301,101150598627328.0,60030144.0,232001,7891.785714285715,-25754438.908086292,,,,,,,
-8.12190787434578,-0.41162901169227567,-0.058510907893772064,-0.889824082368427,0.0,1005.7187699963084,-66.92341160061756,22,10990,244000,0.0003,-33910048.0,41047.33984375,-2.452002763748169,334220295667712.0,119741088.0,234001,7891.785714285715,-25754438.908086292,,,,,,,
-8.077266035676024,-0.5964721918696635,-0.12141939558282401,-0.7838199952625203,0.0,854.1541092785251,-141.56815429507444,22,11067,246000,0.0003,-15422592.0,46067.12890625,-1.161292314529419,751661555384320.0,293361344.0,236001,7891.785714285715,-25754438.908086292,,,,,,,
-9.057328082919105,-0.6041700936505319,0.0805626667052396,-0.7799637169787267,0.0,844.4359358302377,86.44439525898012,22,11143,248000,0.0003,-29249374.0,48777.2890625,-1.5970577001571655,327332610965504.0,192382544.0,238001,7891.785714285715,-25754438.908086292,,,,,,,
-10.796638897657395,-0.5983403297420233,-0.09104288281986693,-0.7808606976071929,0.0,845.7567777278776,-114.30920602932389,22,11220,250000,0.0003,-28621314.0,49623.6328125,0.05890780687332153,1065538235138048.0,343914688.0,240001,7891.785714285715,-25754438.908086292,,,,,,,
-6.213739486336716,-0.7120882240158376,0.02553257563539147,-0.7028489424841282,0.0,752.943931009238,7.257230277802619,22,11296,252000,0.0003,-58233788.0,52150.640625,1.8817294836044312,127113021620224.0,93364976.0,242001,7891.785714285715,-25754438.908086292,,,,,,,
-11.252979090213758,-0.5668933779722554,0.04220238255335813,-0.7868655005259191,0.0,845.7254540145767,53.552990656836315,22,11373,254000,0.0003,-46272304.0,55545.20703125,-1.4139312505722046,51435064524800.0,71760240.0,244001,7891.785714285715,-25754438.908086292,,,,,,,
-9.453347024321559,-0.6969709283920987,-0.14641333321528308,-0.6942697701136,0.0,737.4865454194749,-156.83026894326926,22,11450,256000,0.0003,-38002984.0,63670.32421875,-0.44082558155059814,494829423296512.0,218142320.0,246001,7891.785714285715,-25754438.908086292,,,,,,,
-6.317822673320772,-0.6579821226743111,0.20962276701091123,-0.6838468374449318,0.0,717.4700540028655,145.40626866912947,22,11527,258000,0.0003,-44136652.0,65026.30859375,2.5536701679229736,403626530963456.0,132908472.0,248001,7891.785714285715,-25754438.908086292,,,,,,,
-11.257837900519382,-0.4987515367303733,-0.09585265464989276,-0.7820010899684472,0.0,822.1900214427326,-114.78580760640986,22,11604,260000,0.0003,-64577784.0,66497.421875,1.3092725276947021,134132533297152.0,132542800.0,250001,7891.785714285715,-25754438.908086292,,,,,,,
-7.64355273663998,-0.3831078481437137,-0.220976845219649,-0.7923456716677826,0.0,909.3541141445534,-174.97016985345283,22,11681,262000,0.0003,-48165424.0,71091.5859375,-0.8948214054107666,782252594167808.0,270547552.0,252001,8998.965517241379,-25578090.915552314,,,,,,,
-4.168689262270929,-0.21255418658129083,-0.15444763685105187,-0.9673501971597762,0.0,1147.752549261869,-98.22004156467185,22,11758,264000,0.0003,-52201812.0,76627.53125,1.0606026649475098,131778866053120.0,65436132.0,254001,8998.965517241379,-25578090.915552314,,,,,,,
-7.223058313131332,-0.4489906797070935,-0.14537496457476082,-0.8765194296711559,0.0,993.7968215193862,-160.54231828103312,22,11835,266000,0.0003,-55728840.0,76520.546875,0.2497757077217102,75650782199808.0,87051408.0,256001,8998.965517241379,-25578090.915552314,,,,,,,
-8.551461606621746,-0.5665845686915729,-0.02574182533916869,-0.8202755610547933,0.0,905.1186715217508,-27.697196178509774,22,11913,268000,0.0003,-71641072.0,79470.1953125,-0.5337490439414978,108053114388480.0,38870304.0,258001,8998.965517241379,-25578090.915552314,,,,,,,
-10.430644622445103,-0.6383299879793676,-0.09809587932059911,-0.7734898358398841,0.0,846.9451651176222,-114.42993398207845,22,11991,270000,0.0003,-43744952.0,80954.4921875,-1.1088931560516357,270297089441792.0,115152000.0,260001,8998.965517241379,-25578090.915552314,,,,,,,
-7.095166661143304,-0.7712519811856877,-0.014808889989892169,-0.6880981588339142,0.0,751.2565095209328,-20.469220136776183,22,12069,272000,0.0003,-58986376.0,85321.5390625,0.2578624188899994,91617004355584.0,76901704.0,262001,8998.965517241379,-25578090.915552314,,,,,,,
-10.95645322620869,-0.6706786171544282,0.06575321424580502,-0.7462039017459757,0.0,808.4939683946222,64.88275248952229,22,12147,274000,0.0003,-63249788.0,84450.890625,0.21346840262413025,130351032696832.0,73598920.0,264001,8998.965517241379,-25578090.915552314,,,,,,,
-10.660203508734707,-0.7555443899330367,-0.16231327142646007,-0.6813966708712157,0.0,745.2367847577156,-146.6153119316943,22,12225,276000,0.0003,-55982980.0,87040.5390625,0.9655613899230957,306788507320320.0,163535712.0,266001,8998.965517241379,-25578090.915552314,,,,,,,
-0.42358013272285483,-0.8242050341259872,0.18428122578748615,-0.5936634563114132,0.0,655.6425949042789,-19.749697621414462,22,12303,278000,0.0003,-69289952.0,88401.9609375,-0.9939866662025452,208581563514880.0,169210160.0,268001,8998.965517241379,-25578090.915552314,,,,,,,
-11.541114525794987,-0.4698532513764033,0.11188889022385581,-0.7633766955440752,0.0,783.8814619551034,151.7129298994381,22,12381,280000,0.0003,-37205212.0,90144.2421875,1.3517946004867554,1328130321022976.0,280335136.0,270001,8998.965517241379,-25578090.915552314,,,,,,,
-13.39247945487499,-0.663486226839997,-0.30825362393185,-0.5961847297328188,0.0,622.4911881830925,-321.1950801772143,22,12459,282000,0.0003,-72273296.0,91724.703125,0.45957958698272705,227258094583808.0,208194240.0,272001,8998.965517241379,-25578090.915552314,,,,,,,
14.483272021412851,-0.9109339068813042,0.1443847473543657,-0.38672134041503636,0.0,476.2043115892273,-216.407823839558,22,12537,284000,0.0003,-57461964.0,99631.1953125,-1.7887998819351196,446471312769024.0,163280272.0,274001,8998.965517241379,-25578090.915552314,,,,,,,
4.945374193787573,-0.3875474138012486,0.43331386135558003,-0.0883595247995323,0.0,139.37890911627488,-154.84741430036925,22,12615,286000,0.0003,-52591024.0,101807.8828125,-0.8686522841453552,251857335222272.0,168096624.0,276001,8998.965517241379,-25578090.915552314,,,,,,,
11.62211612939835,0.19209280010053081,0.22020977298439576,0.10746026029664374,0.0,85.04594854570846,-58.144982132133,22,12693,288000,0.0003,-77707944.0,103172.4375,-0.12143594026565552,177684843855872.0,84203088.0,278001,8998.965517241379,-25578090.915552314,,,,,,,
5.008123136758806,0.31779733795729076,0.14050273105445432,0.1632145337872177,0.0,79.70202548868286,119.1062984554689,22,12771,290000,0.0003,-78198352.0,105472.9453125,-0.9410021901130676,476294324158464.0,180036720.0,280001,8998.965517241379,-25578090.915552314,,,,,,,
5.9358571004867615,0.13876480001215674,-0.3029452375310077,-0.15631449812834347,0.0,208.6516833762375,-53.274410764273235,22,12848,292000,0.0003,-71607904.0,112106.3203125,-0.4192664623260498,180241288921088.0,72056728.0,282001,8998.965517241379,-25578090.915552314,,,,,,,
-8.559777272939682,-0.2163169234391464,-0.2642852774351537,-0.17762732811412,0.0,115.43854899440647,108.097444094267,22,12925,294000,0.0003,-55376736.0,112466.125,-1.2359280586242676,871238410960896.0,211418304.0,284001,8998.965517241379,-25578090.915552314,,,,,,,
-3.170324378013617,-0.2812171347660389,0.0839403216044405,-0.2951636097519518,0.0,165.86111910349038,-43.10365458138589,22,13001,296000,0.0003,-71167432.0,116184.0078125,0.9482981562614441,186373864685568.0,115377296.0,286001,8998.965517241379,-25578090.915552314,,,,,,,
8.46901400506497,0.049857374614588876,0.3730890983429908,-0.18823647197368126,0.0,120.22231758507326,-100.68711392803631,22,13076,298000,0.0003,-88313744.0,115959.296875,0.7494001388549805,405691571372032.0,191543648.0,288001,8998.965517241379,-25578090.915552314,,,,,,,
1.4796987819671634,0.2942699084373394,-0.050306682147666176,-0.0022360999924360076,0.0,29.828085663455123,-5.664006140214465,,,300000,0.0003,-72555776.0,120003.5078125,1.1126010417938232,852713747251200.0,288901504.0,290000,,,0.0,0.0,40000.0,-35630.694925298136,4038.2531403586117,0.0,0.0
,,,,,,,20,14314,300000,0.0003,-89101136.0,120002.8203125,-0.08204764127731323,169435520303104.0,77593744.0,290001,8998.965517241379,-25578090.915552314,,,,,,,
-0.7488006126880657,0.09558133429255075,-0.02451076018362157,-0.4910554903724563,0.0,588.3993441288949,23.24982019713176,20,14392,302000,0.0003,-62847972.0,118653.28125,-0.7154858112335205,528904821407744.0,152723856.0,292001,10032.333333333334,-25147138.806548875,,,,,,,
-2.8721897947788264,-0.11474596776147995,-0.14203482036945003,-0.955867174563469,0.0,1111.8348792331522,-50.54699912839788,21,14470,304000,0.0003,-82587728.0,119930.515625,-1.287685513496399,243247049867264.0,68208488.0,294001,10032.333333333334,-25147138.806548875,,,,,,,
-8.152461420893664,-0.4629339434865001,-0.27459837675532633,-0.806664168624593,0.0,885.7139354086858,-332.04867862943325,21,14547,306000,0.0003,-84589888.0,119424.7890625,0.41996484994888306,300643415752704.0,108618288.0,296001,10032.333333333334,-25147138.806548875,,,,,,,
-6.066966511011131,-0.586772782168771,0.13071389326435928,-0.7310133491355982,0.0,758.367787615771,115.02590381792594,21,14625,308000,0.0003,-73752448.0,119066.453125,-1.157682180404663,627302387941376.0,165597888.0,298001,10032.333333333334,-25147138.806548875,,,,,,,
-11.089639318585382,-0.48195744709127525,-0.11253257815856733,-0.7885838743814383,0.0,831.640543971437,-128.61768337816036,21,14702,310000,0.0003,-101263600.0,125583.8984375,0.19204235076904297,136789792653312.0,83713496.0,300001,10032.333333333334,-25147138.806548875,,,,,,,
-1.7155105894803964,-0.37666613996795356,-0.2722643782718932,-0.498725847820378,0.0,571.778967619863,-116.25958217894254,21,14780,312000,0.0003,-37509552.0,132022.0,0.7787177562713623,1212767365234688.0,282715264.0,302001,10032.333333333334,-25147138.806548875,,,,,,,
11.724639615416526,-0.5691306420269767,0.3638091050868169,-0.28188378129140973,0.0,353.2667340379927,-459.5663685456025,21,14858,314000,0.0003,-90051464.0,140860.0625,-0.6106336116790771,641106815483904.0,198140640.0,304001,10032.333333333334,-25147138.806548875,,,,,,,
4.784616435766222,-0.17675381537478638,0.4746968402153339,-0.026827837501577738,0.0,111.93876595635331,27.551052487567755,21,14935,316000,0.0003,-89647600.0,143994.328125,0.43840569257736206,456104186216448.0,182837008.0,306001,10032.333333333334,-25147138.806548875,,,,,,,
8.955880003571524,0.2351593846671405,0.015789269189188604,0.1274938952354649,0.0,55.467276397708694,-122.59758698070137,21,15013,318000,0.0003,-94784328.0,146533.875,-1.0090303421020508,255722352803840.0,76679280.0,308001,10032.333333333334,-25147138.806548875,,,,,,,
8.102178005576137,0.31742132440564796,0.0765398153537454,0.15398334646502146,0.0,106.03602603969122,508.7781067204429,21,15090,320000,0.0003,-44004908.0,151617.21875,-0.4759056568145752,3884870396805120.0,584828160.0,310001,10032.333333333334,-25147138.806548875,,,,,,,
2.4341055971384016,0.06399518976663646,-0.26933378593461116,-0.21549443678944594,0.0,170.61051323924843,-425.21094761151573,21,15168,322000,0.0003,-91818608.0,160074.65625,-0.006634116172790527,911822093811712.0,257196416.0,312001,10032.333333333334,-25147138.806548875,,,,,,,
-11.778367350101469,-0.288873049773183,-0.09457163803175911,-0.15302286783998195,0.0,170.03404726551938,192.38317253401576,21,15246,324000,0.0003,-26360004.0,161315.515625,-0.11590927839279175,1688808789639168.0,367560640.0,314001,10032.333333333334,-25147138.806548875,,,,,,,
0.6347057729959498,-0.21078630006015836,0.07847900930729938,-0.359928213597239,0.0,191.11581074297257,-84.19026273040586,21,15323,326000,0.0003,-76654856.0,164771.46875,0.12958556413650513,471216229974016.0,158997728.0,316001,10032.333333333334,-25147138.806548875,,,,,,,
9.89736778676511,0.19080631158518477,0.2617017492080182,-0.20487787750580355,0.0,116.58892319320067,-134.80982020881794,21,15401,328000,0.0003,-73537712.0,165202.59375,-1.0688556432724,1627400420982784.0,403997184.0,318001,10032.333333333334,-25147138.806548875,,,,,,,
-2.560480545163155,0.14981502862206042,-0.24189946095640333,-0.09221184930618963,0.0,44.01986027356235,14.402503347468693,21,15478,330000,0.0003,-83995488.0,169156.5625,-0.06534844636917114,1054801555095552.0,232700336.0,320001,10032.333333333334,-25147138.806548875,,,,,,,
-12.524410466551762,-0.2548016038372088,-0.05077705191870077,-0.02073797905847152,0.0,185.31351050551092,123.78027442047585,21,15556,332000,0.0003,-86125048.0,174155.234375,0.21237759292125702,1370899873792000.0,369455168.0,322001,10032.333333333334,-25147138.806548875,,,,,,,
2.4369987046718578,-0.18610783982165544,0.04339906260190789,-0.25560718960438644,0.0,109.53434735786733,-47.18610061803912,21,15633,334000,0.0003,-92988216.0,180347.03125,0.49550724029541016,242262042738688.0,115994808.0,324001,10032.333333333334,-25147138.806548875,,,,,,,
11.858857306241978,0.19332071177172855,0.22195319507518207,-0.10761431131501674,0.0,84.7184837239294,-78.40573982805351,21,15711,336000,0.0003,-98128392.0,188121.109375,0.6680875420570374,571150253948928.0,180031008.0,326001,10032.333333333334,-25147138.806548875,,,,,,,
-2.0274651777744204,0.15396590378968864,-0.1728298378999467,-0.06049858330027241,0.0,25.587151397443403,3.7542649609781873,21,15788,338000,0.0003,-60012056.0,195451.265625,-0.5127848386764526,1041330121736192.0,315529024.0,328001,10032.333333333334,-25147138.806548875,,,,,,,
-7.721808531284329,-0.23067860366271475,-0.29756217784260447,0.029570348447084702,0.0,92.20135499830857,264.86942756105384,21,15866,340000,0.0003,-100958296.0,199447.46875,-0.8423442244529724,1275275111301120.0,308015680.0,330001,10032.333333333334,-25147138.806548875,,,,,,,
-6.467710718512537,-0.13305163355529587,0.04141435058487416,-0.6151843207083106,0.0,776.4253127182081,-151.46319726620223,21,15944,342000,0.0003,-86235936.0,210230.234375,-2.6183879375457764,813553913167872.0,149268048.0,332001,10999.032258064517,-24618110.847342815,,,,,,,
-5.823455740213391,-0.338280636015983,-0.20645503291223832,-0.9217188499599912,0.0,1074.4962104591325,-193.67962654491023,21,16021,344000,0.0003,-93248808.0,221494.734375,-1.0551278591156006,2277343057936384.0,431370240.0,334001,10999.032258064517,-24618110.847342815,,,,,,,
-8.358035206198693,-0.5518029984863959,-0.09138828850274415,-0.8286297622008406,0.0,920.437658953302,-101.16534880375839,21,16099,346000,0.0003,-120734608.0,226680.09375,1.1845312118530273,525820699344896.0,218203984.0,336001,10999.032258064517,-24618110.847342815,,,,,,,
-10.742874110937114,-0.6951911363250273,-0.13386007815605747,-0.7374635989311826,0.0,808.853047887174,-144.2335341823015,21,16176,348000,0.0003,-71491496.0,227878.28125,-1.9319396018981934,1404389612847104.0,321851104.0,338001,10999.032258064517,-24618110.847342815,,,,,,,
-3.76057773292063,-0.8899974178589518,-0.0580230136194931,-0.6174690983591341,0.0,702.8318910936002,-43.53621916893574,21,16254,350000,0.0003,-92557328.0,234062.453125,-1.861847162246704,1909157389139968.0,453705728.0,340001,10999.032258064517,-24618110.847342815,,,,,,,
-8.261088644862168,-0.7079348960490961,0.22886056011481246,-0.6665787356733298,0.0,713.6917350407169,118.60291514757593,21,16331,352000,0.0003,-98256360.0,238784.109375,-0.9673839807510376,1651048913567744.0,318517728.0,342001,10999.032258064517,-24618110.847342815,,,,,,,
-13.44988442003727,-0.6313167206131353,-0.18312275236032635,-0.7048607399355054,0.0,745.9907845617071,-230.81868280205097,21,16409,354000,0.0003,-112207728.0,250375.125,1.0986461639404297,933380279500800.0,326741056.0,344001,10999.032258064517,-24618110.847342815,,,,,,,
9.197423080801961,0.33350406538433136,-0.23773683155361502,-0.5080708729513493,0.0,712.1123465374187,246.78891909619952,21,16487,356000,0.0003,-63310752.0,263162.46875,-1.732284665107727,5198353537171456.0,684552512.0,346001,10999.032258064517,-24618110.847342815,,,,,,,
8.053561531901355,-0.2555788440351019,0.6206063006289799,-0.2335709690673614,0.0,421.43510508659693,-648.3380511178025,21,16564,358000,0.0003,-100734200.0,278021.78125,-1.0708978176116943,3144597886730240.0,397185760.0,348001,10999.032258064517,-24618110.847342815,,,,,,,
6.633087928891176,0.09081737416856478,0.35205561862611445,-0.0653605377895987,0.0,90.66880229163603,-143.36683594165294,21,16642,360000,0.0003,-97138016.0,282321.625,-0.08951549232006073,3662672948101120.0,426429536.0,350001,10999.032258064517,-24618110.847342815,,,,,,,
-1.8187444293499002,0.176209532557743,-0.08027778395817609,0.019872047669097243,0.0,13.30492693464103,-2.470995714400493,21,16719,362000,0.0003,-133139992.0,292411.8125,0.0995708703994751,453682428641280.0,130835696.0,352001,10999.032258064517,-24618110.847342815,,,,,,,
7.582632178068155,0.24178248770254637,0.1592427754117765,0.07791839710651909,0.0,66.22950023799352,273.65462769748154,21,16797,364000,0.0003,-101859832.0,304649.6875,1.4227161407470703,3659926584950784.0,572406144.0,354001,10999.032258064517,-24618110.847342815,,,,,,,
3.330234209895124,0.079300448112713,-0.2885098731542385,-0.16616506563358907,0.0,127.43623337119871,-192.42711150231193,21,16874,366000,0.0003,-112314096.0,311060.0625,1.3604676723480225,3431363726278656.0,586204032.0,356001,10999.032258064517,-24618110.847342815,,,,,,,
-10.718527204394332,-0.3036914265529596,-0.14863743505466454,-0.09606011009665014,0.0,164.48627642551165,579.1085250814996,21,16954,368000,0.0003,-100090600.0,315558.34375,-0.022985368967056274,2191709597335552.0,331711424.0,358001,10999.032258064517,-24618110.847342815,,,,,,,
-0.8565375715494135,-0.16054678440548426,0.16604384730073027,-0.39166534730505964,0.0,246.2837476631247,-407.9210719395511,21,17031,370000,0.0003,-119239824.0,323794.8125,0.5237643718719482,1989632459800576.0,487315840.0,360001,10999.032258064517,-24618110.847342815,,,,,,,
8.813627249598516,0.18888705775450004,0.16437261609744136,-0.27676630616406545,0.0,143.96654790367336,-107.48460736579425,21,17109,372000,0.0003,-122852224.0,337991.75,0.5514955520629883,3184188626829312.0,558960064.0,362001,10999.032258064517,-24618110.847342815,,,,,,,
-3.723690678477286,-0.02901708517867141,-0.3891540401310316,-0.21122973098918435,0.0,125.0587459266667,118.02960494677394,21,17187,374000,0.0003,-112885360.0,348856.8125,-0.2887688875198364,1459831332405248.0,270825184.0,364001,10999.032258064517,-24618110.847342815,,,,,,,
-10.210967367291452,-0.29492038890523703,0.10026678538292641,-0.21597245306559454,0.0,220.55971205619352,-32.02340015431249,21,17264,376000,0.0003,-100263448.0,359435.0625,-1.8923029899597168,4878872394858496.0,843038208.0,366001,10999.032258064517,-24618110.847342815,,,,,,,
6.001041048765181,0.01308082517745755,0.32146219787757524,-0.30246287178279174,0.0,165.9609514745468,-97.28478600596272,21,17342,378000,0.0003,-114546400.0,370866.3125,-0.31513655185699463,1571165743087616.0,344872288.0,368001,10999.032258064517,-24618110.847342815,,,,,,,
2.6871362364292124,0.12982541316879018,-0.21549460812952045,-0.2355174202681161,0.0,94.71435878411299,46.180190106991645,21,17419,380000,0.0003,-104958384.0,382848.03125,-1.4641739130020142,1643059066437632.0,263227984.0,370001,10999.032258064517,-24618110.847342815,,,,,,,
-5.106799845099447,-0.1721197648942711,-0.42818792379684795,-0.5719359920922992,0.0,650.7284025011146,32.60002551260966,21,17496,382000,0.0003,-147539856.0,395643.71875,0.7172132730484009,4825353881124864.0,871135872.0,372001,11905.3125,-24178895.882039875,,,,,,,
-6.345226771235461,-0.5299753873852711,-0.26196182314245375,-0.7660737003548156,0.0,830.9555819203467,-317.97653711883277,21,17574,384000,0.0003,-144599584.0,404531.28125,0.0034246444702148438,1635899624390656.0,285898272.0,374001,11905.3125,-24178895.882039875,,,,,,,
-9.289873332977296,-0.5770727514853203,0.09770873027736172,-0.7470585896754305,0.0,777.9006076619535,87.0109769627216,21,17651,386000,0.0003,-139969744.0,413032.3125,-0.011131182312965393,2890327232872448.0,433603168.0,376001,11905.3125,-24178895.882039875,,,,,,,
-14.315935392975799,-0.6847773603876125,-0.2888809370596207,-0.6375024364263017,0.0,690.6321778575162,-295.6827176843448,21,17728,388000,0.0003,-132883776.0,419419.40625,-0.22185519337654114,2470427607695360.0,480636928.0,378001,11905.3125,-24178895.882039875,,,,,,,
16.09670939803125,0.6093642728687071,-0.20516032685059077,-0.5739656168253513,0.0,983.1005550184096,463.161507711759,21,17804,390000,0.0003,-127210976.0,437290.40625,0.06564292311668396,971472076013568.0,229812448.0,380001,11905.3125,-24178895.882039875,,,,,,,
3.1674848985672024,-0.24317930674371763,0.7290811154371402,-0.23537368645477597,0.0,452.62795361992187,-761.6993266097999,21,17880,392000,0.0003,-126621112.0,446474.3125,-0.9112235903739929,1267278553284608.0,260144576.0,382001,11905.3125,-24178895.882039875,,,,,,,
-0.7525294232368451,0.019975828877882972,0.11918979893965019,-0.3009690455865548,0.0,144.26638349704146,-77.25077977379885,21,17955,394000,0.0003,-138719056.0,459506.59375,0.15232455730438232,2136873065512960.0,266814304.0,384001,11905.3125,-24178895.882039875,,,,,,,
-8.221404904723174,-0.2643901640470919,-0.3503552118419881,-0.2030019725281946,0.0,151.867021170997,27.750388016322436,21,18032,396000,0.0003,-138746608.0,470322.28125,-1.2825621366500854,3025201017126912.0,377266464.0,386001,11905.3125,-24178895.882039875,,,,,,,
-4.649397182464591,-0.24461377669125645,0.27565779446530864,-0.38570050202647294,0.0,298.8058750360502,123.91620096437998,21,18106,398000,0.0003,-107620608.0,490092.4375,0.6421249508857727,2772117921726464.0,309172384.0,388001,11905.3125,-24178895.882039875,,,,,,,
4.785693063139919,0.08128096621678343,0.13537629589562333,-0.3806561700144289,0.0,211.76187310628458,-63.79321431206331,,,400000,0.0003,-144427968.0,500844.5625,-0.12042135000228882,2249571530964992.0,359444800.0,390000,,,0.0,0.0,40000.0,-28702.809162836325,4004.5212348176483,0.0,0.0
,,,,,,,20,19347,400000,0.0003,-159994288.0,500876.09375,0.10545939207077026,1160962409234432.0,163712288.0,390001,11905.3125,-24178895.882039875,,,,,,,
-4.900779542922973,-0.1480943949115551,-0.3825048278944231,-0.32901583105042803,0.0,207.99273116262935,47.39441510651272,20,19424,402000,0.0003,-155806944.0,514125.0625,0.6657835841178894,1153024101711872.0,169710048.0,392001,11905.3125,-24178895.882039875,,,,,,,
-9.265064126849191,-0.3517239660155699,0.16626094741126035,-0.3320623844778101,0.0,268.2464106574528,60.90196220078669,20,19501,404000,0.0003,-131622376.0,525517.6875,-1.4102880954742432,6354752006782976.0,758584448.0,394001,11905.3125,-24178895.882039875,,,,,,,
3.9963902986049664,-0.0008949476660625226,0.2575895570934455,-0.40813925268917867,0.0,239.79978010155148,-80.02165533692694,20,19577,406000,0.0003,-186466368.0,541455.875,1.1150258779525757,1843717656805376.0,265067232.0,396001,11905.3125,-24178895.882039875,,,,,,,
-1.8846974515914916,-0.05181245828105947,-0.32063034792850065,-0.3602002996711211,0.0,204.96808465968957,76.4519480146586,20,19652,408000,0.0003,-179334048.0,548225.625,-0.919410765171051,1559986077433856.0,278660768.0,398001,11905.3125,-24178895.882039875,,,,,,,
-12.539919001460083,-0.3808602323066777,0.03526130730563363,-0.29464868930076443,0.0,264.3720736519153,35.62135410974553,20,19728,410000,0.0003,-170151408.0,565898.5,-1.956785798072815,1589723088814080.0,299113408.0,400001,11905.3125,-24178895.882039875,,,,,,,
3.239892706274987,-0.08478255752886941,0.27679347616366073,-0.4286722340109589,0.0,261.1051603125631,-74.59943899467895,20,19804,412000,0.0003,-160509168.0,579144.9375,-0.18049335479736328,1072988057239552.0,146869760.0,402001,11905.3125,-24178895.882039875,,,,,,,
-0.363616973757741,-0.0009579426985231921,-0.2434403665584894,-0.3809616547051688,0.0,205.9530699638724,58.62670384857624,20,19880,414000,0.0003,-195528960.0,589927.0,0.11089499294757843,2621681055039488.0,332684672.0,404001,11905.3125,-24178895.882039875,,,,,,,
-13.894953866004945,-0.39196593435157245,-0.037502927526468506,-0.28163066225562233,0.0,262.16121037597037,58.366063185639874,20,19955,416000,0.0003,-158947008.0,610563.625,1.2897067070007324,3558679710269440.0,551829504.0,406001,11905.3125,-24178895.882039875,,,,,,,
2.5170148074626915,-0.1527043666502493,0.24453510969365908,-0.4482912023327992,0.0,282.95046667831735,-48.95668874894732,20,20030,418000,0.0003,-193423520.0,614039.25,1.0128452777862549,3855464903213056.0,475964576.0,408001,11905.3125,-24178895.882039875,,,,,,,
0.5690346324443825,0.0294424965586676,-0.15751977338860784,-0.4019063009248974,0.0,217.2287555052436,13.123187532675635,20,20105,420000,0.0003,-215570064.0,617532.25,-0.5691665410995483,1476389102419968.0,265124304.0,410001,11905.3125,-24178895.882039875,,,,,,,
-6.677265378832819,-0.236393285715621,-0.47181521085349565,-0.6191984358248666,0.0,668.1743924614012,-114.16301858073024,20,20180,422000,0.0003,-156159360.0,636537.1875,-2.1960504055023193,2563936561922048.0,547531392.0,412001,12756.666666666666,-23768082.25011512,,,,,,,
-5.5376229184865835,-0.6415744630828054,-0.30951068066186194,-0.6256576196864314,0.0,655.6128012538657,-375.47715144685196,20,20255,424000,0.0003,-201778784.0,651043.375,-0.20606157183647156,2109004767559680.0,461273664.0,414001,12756.666666666666,-23768082.25011512,,,,,,,
-5.446869193911547,-0.5766519878588123,0.2981203073832026,-0.5886629645901548,0.0,567.5834653504952,98.80196727731561,20,20330,426000,0.0003,-219990976.0,666407.4375,0.22107012569904327,882324929511424.0,100132472.0,416001,12756.666666666666,-23768082.25011512,,,,,,,
-11.156584952473635,-0.4534329912511899,-0.2109372822665278,-0.6640841005308113,0.0,625.5711846015852,-166.92080726176383,20,20405,428000,0.0003,-190412544.0,671328.0625,-0.36845606565475464,3747111468269568.0,631188032.0,418001,12756.666666666666,-23768082.25011512,,,,,,,
-3.1389784258604183,-0.783766576141407,-0.0742013507970509,-0.38154081412486324,0.0,375.84404978474254,-140.61605573353287,20,20479,430000,0.0003,-171978736.0,680567.4375,-2.7909204959869385,2474753176633344.0,309923552.0,420001,12756.666666666666,-23768082.25011512,,,,,,,
6.524246637225163,-0.45828785669691174,0.46291108225616046,-0.13980849973173595,0.0,186.92218223220954,-240.96817294825894,21,20554,432000,0.0003,-244310720.0,694764.5625,-1.5867750644683838,4114602291888128.0,443282240.0,422001,12756.666666666666,-23768082.25011512,,,,,,,
5.403207004666329,0.07981600422941647,0.09567388872559074,-0.012661326339176455,0.0,52.39397273420752,-88.14368214007189,21,20628,434000,0.0003,-232261472.0,708176.375,2.2011780738830566,848955986411520.0,265236832.0,424001,12756.666666666666,-23768082.25011512,,,,,,,
-0.7787124019861233,-0.028010401399721933,-0.08251879753613109,-0.025271197305545456,0.0325,4.029106194549999,30.314062193003103,21,20702,436000,0.0003,-136195152.0,724848.625,0.7030850648880005,8972716036063232.0,782564160.0,426001,12756.666666666666,-23768082.25011512,,,,,,,
-2.4404308617115014,-0.22519702812306855,-0.25785719506051896,-0.01785957330080452,0.0,50.965299785689545,174.78300132258028,21,20777,438000,0.0003,-256275376.0,734600.4375,-0.30754315853118896,4779135738052608.0,335425760.0,428001,12756.666666666666,-23768082.25011512,,,,,,,
-9.143582628965385,-0.25222107112508363,0.21655802876953723,-0.2181673672852633,0.0,301.23287612193917,42.518735929259165,21,20851,440000,0.0003,-178901312.0,756040.75,-0.2975202798843384,9288523907596288.0,760549056.0,430001,12756.666666666666,-23768082.25011512,,,,,,,
4.99999263763428,0.044466427538789106,0.17934303725228706,-0.35876714065032156,0.0,196.51952200786178,25.08804730735509,21,20925,442000,0.0003,-255962304.0,780002.125,1.0366275310516357,2268022978904064.0,298750624.0,432001,12756.666666666666,-23768082.25011512,,,,,,,
-1.5860271716117869,-0.09105787047571426,-0.2698599605006538,-0.35602993652356585,0.0,188.30008396635498,-10.838346799629777,21,20998,444000,0.0003,-285124736.0,789964.5625,-0.21878424286842346,6439960936710144.0,822433024.0,434001,12756.666666666666,-23768082.25011512,,,,,,,
-13.974416469931592,-0.4010417749569957,0.005345489268898538,-0.2835308845933162,0.0,261.8362617193432,107.88593334296554,21,21072,446000,0.0003,-284344032.0,816147.5625,1.8376092910766602,883298813345792.0,160247104.0,436001,12756.666666666666,-23768082.25011512,,,,,,,
2.9712637782096905,-0.11579737156057589,0.2687927744835512,-0.45515265078870815,0.0,291.3488785127983,-65.47348742084066,21,21145,448000,0.0003,-294935648.0,833445.5625,0.9513000249862671,3970870137585664.0,345058976.0,438001,12756.666666666666,-23768082.25011512,,,,,,,
0.04588850378989812,-0.012336295959968787,-0.23270732252660525,-0.4021111218561492,0.0,231.28060641007474,19.127855057166293,21,21218,450000,0.0003,-285536256.0,855802.4375,-0.6376506090164185,1404399679176704.0,186959344.0,440001,12756.666666666666,-23768082.25011512,,,,,,,
-14.41960654199123,-0.4120591288304796,-0.04592529013252584,-0.2892066609846447,0.0,262.7788098052886,80.9871971797834,21,21291,452000,0.0003,-208303008.0,877090.3125,0.6385051608085632,2.3961854472617984e+16,1598395136.0,442001,12756.666666666666,-23768082.25011512,,,,,,,
2.442945454120635,-0.16731504701725727,0.2502387573346403,-0.45873798347813144,0.0,299.0385222025826,-35.02600335658487,21,21364,454000,0.0003,-231401648.0,889588.25,-1.7759573459625244,3122009043107840.0,372726912.0,444001,12756.666666666666,-23768082.25011512,,,,,,,
0.13538775682450124,-0.009427426820281101,-0.18940764347118894,-0.40306503719380227,0.0,235.52528665504673,-31.439380956573743,21,21437,456000,0.0003,-293129632.0,907798.4375,-2.6539194583892822,2805032135163904.0,380474208.0,446001,12756.666666666666,-23768082.25011512,,,,,,,
-13.175621127486222,-0.4137020198471697,-0.08203925199863765,-0.2809599718202722,0.0,252.46529154209645,170.99342759392752,21,21510,458000,0.0003,-294303872.0,931214.1875,-0.4778463542461395,4406384116367360.0,480996448.0,448001,12756.666666666666,-23768082.25011512,,,,,,,
0.5148086392879463,-0.2025538221088615,0.23476328789800965,-0.46882291321466985,0.0,311.05043491591863,-81.95469995959701,21,21583,460000,0.0003,-256389312.0,947297.75,0.7889125347137451,2032984920162304.0,304412384.0,450001,12756.666666666666,-23768082.25011512,,,,,,,
3.261635171174994,0.04682928008407947,0.0664660677463145,-0.6848983507589571,0.0,670.2942698832263,-89.87825049355041,21,21655,462000,0.0003,-305458208.0,968085.125,1.3499642610549927,9946171447443456.0,893478784.0,452001,13557.941176470587,-23330137.471847177,,,,,,,
-4.7026776641607295,-0.19588884801545053,-0.23154296313923484,-0.9143757202299734,0.0,1042.7929921226469,-151.64352381386252,21,21730,464000,0.0003,-297853184.0,1000079.375,0.8333700895309448,2811283996934144.0,365196032.0,454001,13557.941176470587,-23330137.471847177,,,,,,,
-9.228846601247792,-0.6788863508517293,-0.4147666532561581,-0.5719659235216576,0.0,652.8678639911657,-373.0913162170251,21,21804,466000,0.0003,-320619584.0,1034723.375,0.8083236813545227,1389615730655232.0,203350864.0,456001,13557.941176470587,-23330137.471847177,,,,,,,
15.765881161689748,0.27314017797417856,0.22958121342924284,-0.39793090186372604,0.0,570.9887225564664,-268.917684050488,21,21877,468000,0.0003,-286456960.0,1069706.125,0.10439074039459229,3223547438694400.0,366408224.0,458001,13557.941176470587,-23330137.471847177,,,,,,,
3.5400421768426864,-0.30360816112903427,0.5251594729029794,-0.07172604391894279,0.0,155.38255809455086,-143.30714320388907,21,21950,470000,0.0003,-329245888.0,1101881.75,0.03840361535549164,1576262929743872.0,315443744.0,460001,13557.941176470587,-23330137.471847177,,,,,,,
4.369796575903893,0.07578200776314684,-0.0830981221509362,0.007143448603472141,0.05649999999999997,42.289860750213826,-115.3192962096828,21,22023,472000,0.0003,-326159104.0,1129541.75,1.2096107006072998,5970304652279808.0,898779328.0,462001,13557.941176470587,-23330137.471847177,,,,,,,
0.16970723092555995,-0.06457525321105445,-0.06614299455035072,-0.015850523038703733,0.0,3.72137913080029,32.00681509209416,21,22096,474000,0.0003,-367369888.0,1158571.125,-0.8838142156600952,8017397197832192.0,630909632.0,464001,13557.941176470587,-23330137.471847177,,,,,,,
-3.1548674803972268,-0.262683551942233,-0.26910619501883326,-0.007314724966517897,0.0,61.28745531583347,177.78020529086544,21,22170,476000,0.0003,-341196128.0,1179058.125,1.8790528774261475,6581239054073856.0,590716608.0,466001,13557.941176470587,-23330137.471847177,,,,,,,
-8.04619462072849,-0.22870951271547538,0.2858739924120227,-0.2565574663145328,0.0,342.56412507724207,68.86123264556329,21,22243,478000,0.0003,-374852640.0,1235160.5,2.1489343643188477,5670906240172032.0,527811584.0,468001,13557.941176470587,-23330137.471847177,,,,,,,
7.327135905027388,0.12358897029138229,0.2095721651588105,-0.3562300516925685,0.0,220.6831225392986,59.90245211095669,21,22315,480000,0.0003,-396191712.0,1282300.25,0.27381423115730286,3520229283987456.0,468570176.0,470001,13557.941176470587,-23330137.471847177,,,,,,,
-1.2977115809917448,-0.09592259803236902,-0.3765211404904572,-0.3489749856163507,0.0,214.52393133002278,-51.87506885635624,21,22388,482000,0.0003,-407404096.0,1312184.625,1.8504124879837036,2873933074268160.0,365589536.0,472001,13557.941176470587,-23330137.471847177,,,,,,,
-12.731899838447571,-0.38769964428674736,0.06375252651860726,-0.2978084269197915,0.0,272.3286258477413,67.30667602423452,21,22460,484000,0.0003,-330492288.0,1363882.375,1.1212489604949951,2.874004209664e+16,1891976704.0,474001,13557.941176470587,-23330137.471847177,,,,,,,
4.767444250583648,-0.027248347951883353,0.3273359370807492,-0.4253682163112306,0.0,268.86918915058544,-119.50614970392088,21,22532,486000,0.0003,-434209280.0,1387603.0,1.4321036338806152,4591656120614912.0,525948608.0,476001,13557.941176470587,-23330137.471847177,,,,,,,
1.772248346209527,0.12370355211689152,-0.24439373218275803,-0.3109331810873714,0.0,160.86856219979487,22.660739602314496,21,22604,488000,0.0003,-375903616.0,1422161.375,-3.021799325942993,6632934891061248.0,522437280.0,478001,13557.941176470587,-23330137.471847177,,,,,,,
-13.499661306142796,-0.32878760413477076,-0.0570131897274986,-0.20715316857346022,0.0,234.17286256886058,53.716976503531185,21,22676,490000,0.0003,-438312896.0,1473665.375,0.9275261163711548,8144630235267072.0,681083712.0,480001,13557.941176470587,-23330137.471847177,,,,,,,
3.3984548437595388,-0.0911610857482342,0.25723306785551125,-0.3881361647213126,0.0,223.49742526754076,-8.054480128264888,21,22747,492000,0.0003,-334010144.0,1509935.125,0.2977792024612427,1.4121694629199872e+16,863498112.0,482001,13557.941176470587,-23330137.471847177,,,,,,,
7.764175899028784,0.24327721621583612,-0.04406813529612523,-0.21190752138298322,0.0,103.6512801824206,-111.17825692916728,21,22818,494000,0.0003,-457429952.0,1549891.5,0.44913533329963684,7392461202653184.0,756597376.0,484001,13557.941176470587,-23330137.471847177,,,,,,,
-7.581983517408371,-0.1895939079357373,-0.40085471037787873,-0.10431133850028083,0.0,116.00049808902378,32.81915519873103,21,22888,496000,0.0003,-431739840.0,1575252.375,0.14732524752616882,6040068342939648.0,553819776.0,486001,13557.941176470587,-23330137.471847177,,,,,,,
-4.79897212088108,-0.1943486347934064,0.27898544651728274,-0.29342962268495654,0.0,241.53220206301694,72.35811193675742,21,22957,498000,0.0003,-405944256.0,1617941.5,0.05490332841873169,6685344229490688.0,816545408.0,488001,13557.941176470587,-23330137.471847177,,,,,,,
8.694484240412724,0.15333643612170958,0.1357805753748692,-0.259823744754233,0.0,169.1099698992182,53.09234913513557,,,500000,0.0003,-427820608.0,1667229.0,-0.4743056297302246,6695923807682560.0,691415424.0,490000,,,0.0,0.0,40000.0,-28826.039046417933,6504.227291663349,0.0,0.0
,,,,,,,20,24181,500000,0.0003,-364633472.0,1667327.5,-3.606433868408203,1.921829072745267e+16,1436515200.0,490001,13557.941176470587,-23330137.471847177,,,,,,,
-2.018599610328677,-0.06475987951251522,-0.3123245606743931,-0.6468977427313819,0.0,687.5884724371488,-129.28994901243075,20,24253,502000,0.0003,-498543808.0,1702812.25,1.1683118343353271,6430277932941312.0,605618944.0,492001,14313.42857142857,-22895860.132043574,,,,,,,
-6.8295222675800344,-0.42265112238443,-0.24733471402144716,-0.8768320549532095,0.0,1006.8592449191727,-265.0342137078362,20,24326,504000,0.0003,-451693856.0,1729545.125,1.0312169790267944,6093494514876416.0,442869728.0,494001,14313.42857142857,-22895860.132043574,,,,,,,
-9.100256372094155,-0.6490831693255488,-0.07921759001235246,-0.7689540572283144,0.0,840.3171404223973,-80.82304811796733,20,24398,506000,0.0003,-537923456.0,1755409.875,1.4754568338394165,4092697153372160.0,364983776.0,496001,14313.42857142857,-22895860.132043574,,,,,,,
-11.427147144079223,-0.8189631839698343,-0.20144879908492558,-0.6449270109265532,0.0,726.3099101087331,-141.7540474407471,20,24470,508000,0.0003,-514525824.0,1786933.125,-0.057690635323524475,5080087317708800.0,649984896.0,498001,14313.42857142857,-22895860.132043574,,,,,,,
12.476638748049728,0.8975659307056025,-0.00748011669693145,-0.5336613533225877,0.0,701.3012258219496,-60.14228131018998,20,24543,510000,0.0003,-480478592.0,1825739.625,-2.0759177207946777,7759836599025664.0,568937984.0,500001,14313.42857142857,-22895860.132043574,,,,,,,
5.34594132125377,-0.6313810821495185,0.437555261041531,-0.22023449107464513,0.0,278.5606251898489,-508.6939635454035,20,24615,512000,0.0003,-542042432.0,1875435.0,-0.23862001299858093,6597588920827904.0,666799360.0,502001,14313.42857142857,-22895860.132043574,,,,,,,
-8.855426283478726,-0.19346187894513364,0.1524475797177822,-0.29626284510209666,0.0,151.59495418502846,77.53572042747004,20,24687,514000,0.0003,-543902976.0,1901525.625,0.1739988923072815,7569366610608128.0,510566688.0,504001,14313.42857142857,-22895860.132043574,,,,,,,
-7.503278280496591,-0.3168992184488891,-0.2761958625976816,-0.2897854230366348,0.0,175.58652374984953,-50.39830980341574,20,24760,516000,0.0003,-579817152.0,1936341.125,0.4966963529586792,3469124541874176.0,269024224.0,506001,14313.42857142857,-22895860.132043574,,,,,,,
-6.114152607321739,-0.29847149514045307,0.2838021047723304,-0.404368626555182,0.0,302.07173668065127,192.84673190103064,20,24832,518000,0.0003,-535348288.0,1985118.625,0.3432134985923767,1.4166152909422592e+16,824359296.0,508001,14313.42857142857,-22895860.132043574,,,,,,,
7.075687794089321,0.12862009249297893,0.2597732966374027,-0.3723136348535754,0.0,220.50601624333143,-143.03936648184987,20,24905,520000,0.0003,-586370112.0,2014642.125,1.4549102783203125,6006055423180800.0,403240064.0,510001,14313.42857142857,-22895860.132043574,,,,,,,
-3.125021325945854,-0.016305158786067274,-0.41633550484190684,-0.2723087781952818,0.0,168.77189508056878,88.65701825782646,20,24977,522000,0.0003,-564020800.0,2047109.75,0.46136218309402466,5829470527160320.0,357764320.0,512001,14313.42857142857,-22895860.132043574,,,,,,,
-10.55665929734706,-0.3070698580364616,0.1286656154232699,-0.24743704782979734,0.0,236.33918146348233,-7.90723450693502,20,25050,524000,0.0003,-632196928.0,2083132.125,-0.012173742055892944,3089835443093504.0,378443360.0,514001,14313.42857142857,-22895860.132043574,,,,,,,
7.887859882116321,0.0761154549257332,0.34946193771999906,-0.31727354388810003,0.0,188.66716319753007,-142.3717507681752,20,25124,526000,0.0003,-635063104.0,2116744.0,-0.8901035189628601,4131457354170368.0,253775984.0,516001,14313.42857142857,-22895860.132043574,,,,,,,
2.954225613474841,0.18563088702853522,-0.2593942208844097,-0.17513802956536803,0.0,80.97140056887768,17.818810901507195,20,25198,528000,0.0003,-671447168.0,2162106.75,0.2855784595012665,5434783970623488.0,274106816.0,518001,14313.42857142857,-22895860.132043574,,,,,,,
-12.289585614800457,-0.276860254605602,-0.052363469743781144,-0.07311497773058977,0.0,195.90602243531168,146.2826049516284,20,25271,530000,0.0003,-633416256.0,2196548.75,-0.7539023756980896,9739108926619648.0,598883712.0,520001,14313.42857142857,-22895860.132043574,,,,,,,
1.3796970176696786,-0.10347640993792373,0.12655298287012517,-0.3329415053317762,0.0,159.2696559925002,-31.309617263108944,20,25345,532000,0.0003,-650378368.0,2224565.75,-0.406518816947937,1.048892216967168e+16,637493120.0,522001,14313.42857142857,-22895860.132043574,,,,,,,
9.12679315328598,0.1891635799289602,-0.05241776412932226,-0.22133201741428918,0.0,157.56119288806264,-49.55670626290671,21,25419,534000,0.0003,-666349312.0,2268616.5,1.43691086769104,1.681439967936512e+16,1184028160.0,524001,14313.42857142857,-22895860.132043574,,,,,,,
-5.419813693761828,-0.20901724434104446,-0.3217720737581239,-0.23690487725852785,0.0,131.08376954164495,18.375220113712125,21,25493,536000,0.0003,-639835392.0,2297283.25,-3.069878101348877,6376451255304192.0,487996864.0,526001,14313.42857142857,-22895860.132043574,,,,,,,
-7.959029948711405,-0.2851546068643182,0.22580133251236023,-0.320391063217474,0.0,243.32708713665207,117.65743418274853,21,25566,538000,0.0003,-674832768.0,2336210.0,1.1249279975891113,6577207153524736.0,662827456.0,528001,14313.42857142857,-22895860.132043574,,,,,,,
9.592501228451729,0.1267164875298352,0.3358157104729464,-0.3074701502032831,0.0,186.43364967845804,-164.27764683120193,21,25642,540000,0.0003,-696338688.0,2373821.75,0.09618052840232849,1.3313532107948032e+16,673657280.0,530001,14313.42857142857,-22895860.132043574,,,,,,,
1.0096960926055878,0.10588989552941404,-0.19021598545904753,-0.5903824704002516,0.0,646.1342987076196,31.293484119722514,21,25716,542000,0.0003,-786293248.0,2401982.25,-3.5453598499298096,1.2423323900182528e+16,863737664.0,532001,15026.944444444445,-22520782.741014138,,,,,,,
-5.439794802069669,-0.2592463657871771,-0.23101571634861143,-0.9375956237674085,0.0,1101.0320134342753,-191.74448061065917,21,25789,544000,0.0003,-759156288.0,2440457.25,1.1915123462677002,8837866947870720.0,549085440.0,534001,15026.944444444445,-22520782.741014138,,,,,,,
-8.323545756340023,-0.6647638507942596,-0.2624000705232804,-0.7141604872205864,0.0,784.8745613298737,-292.92782943487776,21,25863,546000,0.0003,-819262656.0,2459187.5,-2.8230481147766113,2.830025677288243e+16,1634572928.0,536001,15026.944444444445,-22520782.741014138,,,,,,,
-6.013789485096932,-0.7170641240332095,0.1757937679144152,-0.6587379987799357,0.0,694.6061801814067,85.61960886106645,21,25937,548000,0.0003,-768359168.0,2500488.25,-0.4692431092262268,6121990549143552.0,309209152.0,538001,15026.944444444445,-22520782.741014138,,,,,,,
-13.73467018067837,-0.6274409062517528,-0.16172450638017222,-0.6981829529287531,0.0,729.4866234297303,-180.36582362179732,21,26010,550000,0.0003,-738988992.0,2542167.25,1.3834346532821655,3.0838341926649856e+16,1287797760.0,540001,15026.944444444445,-22520782.741014138,,,,,,,
7.301606994867318,0.28218698890621247,-0.3548309854628469,-0.4972278562206133,0.0,748.3406385773571,499.37234899793316,21,26083,552000,0.0003,-741142912.0,2560593.75,-0.9099625945091248,1.5618253434912768e+16,1026531776.0,542001,15026.944444444445,-22520782.741014138,,,,,,,
7.681598757505409,-0.00031134419173315926,0.6505326264898179,-0.3508351343039605,0.0,641.0412649396707,-777.5546934595967,21,26157,554000,0.0003,-869992704.0,2608647.75,-1.2706313133239746,7080181646753792.0,333339808.0,544001,15026.944444444445,-22520782.741014138,,,,,,,
-6.425602833628651,-0.1419404875073867,0.1669004206366576,-0.4596606148822601,0.0,303.0610184729831,-0.04260456859760086,21,26230,556000,0.0003,-826030592.0,2660821.75,-1.2581989765167236,1.197178647216128e+16,720595520.0,546001,15026.944444444445,-22520782.741014138,,,,,,,
-10.386136045455926,-0.3794825001276145,-0.28940861252803396,-0.36036072651068235,0.0,275.3084717427747,-30.886123504148184,21,26304,558000,0.0003,-861530560.0,2701293.5,-1.2633419036865234,8721783645536256.0,322174976.0,548001,15026.944444444445,-22520782.741014138,,,,,,,
-3.236429489850991,-0.29701325540041873,0.33781083693848646,-0.44233112032833993,0.0,328.3624278886073,50.631127214282785,21,26377,560000,0.0003,-904575232.0,2717974.0,-2.347486972808838,1.314583188865024e+16,958019456.0,550001,15026.944444444445,-22520782.741014138,,,,,,,
5.384074249863623,0.14966478472651326,0.13502304309180055,-0.36996365813038606,0.0,211.58884489089345,-115.43522109618607,21,26451,562000,0.0003,-953491712.0,2747687.25,-0.41095730662345886,1.5187693700907008e+16,904358336.0,552001,15026.944444444445,-22520782.741014138,,,,,,,
-7.269900925159451,-0.1783544099351425,-0.447511159315265,-0.24804191974940323,0.0,187.40400199218627,-97.15091631446373,21,26524,564000,0.0003,-810576640.0,2751103.75,-0.3161352872848511,1.739017762635776e+16,896924992.0,554001,15026.944444444445,-22520782.741014138,,,,,,,
-5.763654204607002,-0.24474215739697808,0.3009319057212997,-0.34433753576094517,0.0,260.69024561783704,159.64688228026054,21,26597,566000,0.0003,-902328832.0,2826084.0,-0.23126518726348877,1.2318579311509504e+16,750282560.0,556001,15026.944444444445,-22520782.741014138,,,,,,,
10.88159006953239,0.1933719373260538,0.2767977932671184,-0.2761971749570831,0.0,165.52256533921835,-151.32238791968098,21,26671,568000,0.0003,-881191296.0,2883734.25,-1.6023308038711548,1.177571584638976e+16,545993088.0,558001,15026.944444444445,-22520782.741014138,,,,,,,
-1.250483887791634,0.09336602142177729,-0.3318329605028982,-0.1619525841667911,0.0,82.82288108575204,18.130297656026197,21,26744,570000,0.0003,-907095104.0,2895332.75,1.4489734172821045,1.0823098542587904e+16,757302720.0,560001,15026.944444444445,-22520782.741014138,,,,,,,
-12.648763601779944,-0.2792093156365913,-0.015544070070177501,-0.1179023921127732,0.0,176.67086230457838,42.65553191962459,21,26818,572000,0.0003,-936052928.0,2953023.75,-0.18488121032714844,9124195237625856.0,266587808.0,562001,15026.944444444445,-22520782.741014138,,,,,,,
3.490252376794815,-0.0580616464691309,0.2622006465174572,-0.2824717644575873,0.0,137.0278093797062,42.21520093960658,21,26891,574000,0.0003,-1064978240.0,2963083.5,0.522709846496582,9280507351138304.0,446770528.0,564001,15026.944444444445,-22520782.741014138,,,,,,,
8.415910079479218,0.18057263899804804,-0.15722035046241054,-0.184508630175793,0.0,130.30037893328844,-53.17254093929045,21,26964,576000,0.0003,-908588160.0,3010735.75,-1.2516906261444092,2.002244174925005e+16,1192558464.0,566001,15026.944444444445,-22520782.741014138,,,,,,,
-7.802267608642574,-0.2512180768896801,-0.30019056442464287,-0.18154493909430114,0.0,115.77832919889035,20.632993688461866,21,27038,578000,0.0003,-1041664256.0,2982694.25,-0.1475982666015625,1.0248893197870694e+17,3487239680.0,568001,15026.944444444445,-22520782.741014138,,,,,,,
-4.554949755072581,-0.21463969845204642,0.2718513022728353,-0.3448869341283785,0.0,240.0972022163154,105.1511550989618,21,27111,580000,0.0003,-1081885568.0,3011350.25,-1.8298147916793823,1.5965195524374528e+16,786529984.0,570001,15026.944444444445,-22520782.741014138,,,,,,,
2.8863470858335525,0.026721505875635317,0.18968755119723593,-0.6496707471571793,0.0,657.3127278664022,-14.756895798111847,21,27184,582000,0.0003,-1007104320.0,3058229.5,-1.076828956604004,1.016588694192128e+16,481714176.0,572001,15701.891891891892,-22202361.770719703,,,,,,,
-3.826846114993094,-0.14892104689283048,-0.22042008709502134,-0.9212870989898357,0.0,1051.5828314876876,-114.96538916990545,21,27257,584000,0.0003,-1101454592.0,3115655.25,-0.8139344453811646,1.750286683078656e+16,1065979904.0,574001,15701.891891891892,-22202361.770719703,,,,,,,
-9.388961796164512,-0.6607141016311683,-0.39966145314122975,-0.601484654924584,0.0,667.1116713341795,-461.5266581221373,21,27332,586000,0.0003,-1002606848.0,3143474.5,1.0923163890838623,1.9185432080154624e+16,1083396352.0,576001,15701.891891891892,-22202361.770719703,,,,,,,
11.826552433371553,-0.722604282014788,0.3556337420372977,-0.2603922263381532,0.0,323.87331866730966,-382.6740209129511,21,27405,588000,0.0003,-1137729152.0,3173956.5,1.0437750816345215,6.550076811483546e+16,2588123392.0,578001,15701.891891891892,-22202361.770719703,,,,,,,
4.007317916750911,-0.14145451100446368,0.41003945976469025,-0.010194765331347328,0.0,81.09599945591982,28.78928383995364,21,27477,590000,0.0003,-1139932032.0,3196133.25,-1.3879408836364746,1.4685194338435072e+16,553370112.0,580001,15701.891891891892,-22202361.770719703,,,,,,,
9.087662726044659,0.16101742251954576,-0.11850637177197952,0.031729102089069615,0.0,109.37111828107219,-114.47440022387121,21,27550,592000,0.0003,-1174988160.0,3255341.25,2.193004608154297,1.0937635656695808e+16,502138912.0,582001,15701.891891891892,-22202361.770719703,,,,,,,
-0.6366980510950097,-0.08295913232129669,-0.16588989770270782,-0.06878893748320884,0.0,21.499755311093367,63.31460550909853,21,27623,594000,0.0003,-1065993280.0,3260085.25,-0.8952816128730774,9.75613675396137e+16,3556711424.0,584001,15701.891891891892,-22202361.770719703,,,,,,,
-12.800878761410717,-0.31749268792776014,0.07790328381846895,-0.09348891958138676,0.0,262.3457879936201,159.46512328262048,21,27695,596000,0.0003,-1274214656.0,3301815.5,-0.8379548788070679,2.229783596577587e+16,952608512.0,586001,15701.891891891892,-22202361.770719703,,,,,,,
3.7876319789886455,-0.012113746696003364,0.2448258288779794,-0.38962828798825333,0.0,220.78311206027215,1.6105325372915564,21,27765,598000,0.0003,-1227281280.0,3358670.5,0.18128198385238647,2.801894070996173e+16,1090177280.0,588001,15701.891891891892,-22202361.770719703,,,,,,,
9.13624722003936,0.2741740824719455,-0.1012700995027652,-0.21697673760096756,0.0,117.79711977132098,-90.91553147859481,,,600000,0.0003,-1189576704.0,3392145.0,-0.8664236664772034,1.5583423397625856e+16,706571712.0,590000,,,0.0,0.0,40000.0,-18900.936527533962,3756.7504433171794,0.0,0.0
,,,,,,,20,29003,600000,0.0003,-1260358784.0,3392669.0,1.9413402080535889,2.563113216691405e+16,1386177408.0,590001,15701.891891891892,-22202361.770719703,,,,,,,
-8.599892711639404,-0.20543759202625092,-0.35959761609244295,-0.11588097749027436,0.0,129.45150223144213,121.26047693420684,20,29075,602000,0.0003,-1341313920.0,3429166.25,2.0152153968811035,3.190832135929856e+16,1493060736.0,592001,15701.891891891892,-22202361.770719703,,,,,,,
-3.382714554667477,-0.16018993765151895,0.28315923665378023,-0.3111934469418077,0.0,225.7864672727492,-52.05001377055953,20,29147,604000,0.0003,-1323616128.0,3420259.75,-2.140406370162964,3.1157266870697984e+16,981377664.0,594001,15701.891891891892,-22202361.770719703,,,,,,,
11.894338907599442,0.22354597775057936,0.18450375123708873,-0.2152717875741784,0.0,135.98279401871494,-75.62318894653173,20,29220,606000,0.0003,-1310510720.0,3456842.75,1.2512307167053223,1.0283379208277197e+17,2335944192.0,596001,15701.891891891892,-22202361.770719703,,,,,,,
-1.66686817765236,0.02596656920853176,-0.32429618942814536,-0.20274886200133987,0.0,95.93590533896707,38.17968604632434,20,29292,608000,0.0003,-1394447232.0,3461365.5,-1.1332582235336304,2.787687392922829e+16,1438920448.0,598001,15701.891891891892,-22202361.770719703,,,,,,,
-12.151687671542177,-0.28643776455596864,0.042406869046919045,-0.16283589998172396,0.0,217.01706558028974,43.376659676484635,20,29364,610000,0.0003,-1310813312.0,3488460.0,0.944351077079773,6.742673452957696e+16,1796517504.0,600001,15701.891891891892,-22202361.770719703,,,,,,,
5.855863603949548,0.03140862888355037,0.340615010037647,-0.3024393565879108,0.0,170.56268366459057,-30.259622836181133,20,29436,612000,0.0003,-1441502720.0,3487059.75,0.25074851512908936,1.055999314100224e+16,358434496.0,602001,15701.891891891892,-22202361.770719703,,,,,,,
6.827035266756991,0.20992996333683983,-0.22952437096537437,-0.18996634616980673,0.0,97.82829727791093,-42.67760053852136,20,29509,614000,0.0003,-1381162240.0,3545105.75,1.024367332458496,1.293280687947776e+16,553996480.0,604001,15701.891891891892,-22202361.770719703,,,,,,,
-10.571752374172208,-0.2597201166043961,-0.19521295495908908,-0.10488684072000001,0.0,155.39528944921426,484.9556042876953,20,29584,616000,0.0003,-1337783808.0,3535061.75,-1.80777907371521,2.245499955655475e+16,755198784.0,606001,15701.891891891892,-22202361.770719703,,,,,,,
-0.9631876116990996,-0.11923975155086744,0.22486973389952358,-0.33974570259008613,0.0,201.4153265919939,-366.0951894574257,20,29656,618000,0.0003,-1538835456.0,3531510.25,-0.3262343108654022,4.7886737866752e+16,2293586944.0,608001,15701.891891891892,-22202361.770719703,,,,,,,
11.889335560798648,0.25117652796295414,0.116417520385232,-0.2046052669248857,0.0,127.49412607858864,-73.75259174624348,20,29729,620000,0.0003,-1466569088.0,3514808.0,-1.8701790571212769,9439308398198784.0,515849120.0,610001,15701.891891891892,-22202361.770719703,,,,,,,
-3.252808302044863,-0.025573416021835715,-0.35510674709811624,-0.5824499670661066,0.0,616.8411325373643,-110.90286452216337,20,29802,622000,0.0003,-1518938240.0,3501592.5,-0.7631346583366394,4.77790372668375e+16,1672837248.0,612001,16341.315789473685,-21806799.501178026,,,,,,,
-6.00139141738416,-0.5313461003070746,-0.23175840458154034,-0.7529145887163543,0.0,803.3649271712668,-304.61204090968835,20,29874,624000,0.0003,-1547858688.0,3515029.25,-0.1678420752286911,6.376075660414157e+16,2203977728.0,614001,16341.315789473685,-21806799.501178026,,,,,,,
-9.22002030968666,-0.5192408642928403,0.11698695903652773,-0.7522559637390631,0.0,771.3764357047368,95.27426674800584,20,29947,626000,0.0003,-1503235328.0,3502240.5,-0.9782360792160034,3.3957164640894976e+16,1117280256.0,616001,16341.315789473685,-21806799.501178026,,,,,,,
-13.63615899682045,-0.6352274781222416,-0.281460577748013,-0.6440864501444111,0.0,675.782888611742,-347.44224535890464,20,30020,628000,0.0003,-1452860416.0,3483400.25,1.8170008659362793,3.175808340328448e+16,1150002304.0,618001,16341.315789473685,-21806799.501178026,,,,,,,
9.424257165789596,0.06036161468707838,-0.020823770838318403,-0.3943885456611224,0.0,512.1651267907525,-44.047949600076514,20,30093,630000,0.0003,-1539885056.0,3478480.5,-0.665472149848938,1.2963914253860864e+16,382538688.0,620001,16341.315789473685,-21806799.501178026,,,,,,,
-5.4501797318458785,-0.1492875713823773,-0.29935672545107145,-0.27310400136476276,0.0,480.83417707727244,258.2115513586628,20,30165,632000,0.0003,-1653213312.0,3478779.0,0.8050281405448914,1.833359618395341e+16,802030016.0,622001,16341.315789473685,-21806799.501178026,,,,,,,
17.080893962383282,0.45827521877513394,-0.07437156384324108,-0.4497862861510474,0.0,1037.7629391189598,272.4425046265457,20,30238,634000,0.0003,-1577026304.0,3514000.25,-0.028663553297519684,1.0767510928359424e+16,451063360.0,624001,16341.315789473685,-21806799.501178026,,,,,,,
2.345248428583146,0.17886501614049075,0.48161218154147617,-0.3312179748640041,0.0,598.4226077557715,-639.6307588062049,20,30311,636000,0.0003,-1694907392.0,3501425.5,-0.8317263126373291,1.1272644179525632e+16,457296032.0,626001,16341.315789473685,-21806799.501178026,,,,,,,
-10.47509405493736,-0.7445769228828498,-0.006115784402594524,-0.23660112788415874,0.0,264.0910286950817,46.37804694254574,20,30384,638000,0.0003,-1673524480.0,3532807.25,1.257407307624817,4.510986112126157e+16,1460917120.0,628001,16341.315789473685,-21806799.501178026,,,,,,,
-0.4241105574369445,-0.459707913787198,0.4377851757867061,-0.32035464548063336,0.0,277.2942822011144,-134.5697522478877,21,30457,640000,0.0003,-1587975168.0,3538343.75,1.8070147037506104,4.240040677238374e+16,1242536960.0,630001,16341.315789473685,-21806799.501178026,,,,,,,
6.946253369450587,0.15950288189028577,0.2148108285962867,-0.18506362762377368,0.0,107.09908364846781,-154.8827905609984,21,30530,642000,0.0003,-1555145216.0,3531604.5,-1.3843985795974731,2.1570910603444224e+16,983554944.0,632001,16341.315789473685,-21806799.501178026,,,,,,,
-2.0847448474168786,0.024522514773254084,-0.26566531211237,-0.10897968936720429,0.0,46.623339497811756,36.11857669992951,21,30603,644000,0.0003,-1581532672.0,3520400.25,0.6317086815834045,1.5685850851442688e+16,719519232.0,634001,16341.315789473685,-21806799.501178026,,,,,,,
-12.1758219832182,-0.2674793503761418,0.027282239189710657,-0.09285237578808782,0.0,205.29710561828526,39.70503511216006,21,30675,646000,0.0003,-1670871168.0,3527070.75,-1.3847267627716064,2.458896694247424e+16,908255296.0,636001,16341.315789473685,-21806799.501178026,,,,,,,
4.155781248807906,0.0003074695118790055,0.2921241771241847,-0.272748220629563,0.0,135.38629826793874,47.90504774179276,21,30748,648000,0.0003,-1734687360.0,3477850.25,-0.26091593503952026,9.356784681825075e+16,2504712192.0,638001,16341.315789473685,-21806799.501178026,,,,,,,
9.432144874334359,0.23975979587714685,-0.15285249836310463,-0.17271351108837502,0.0,108.28824322703663,-62.87071658029351,21,30821,650000,0.0003,-1846845440.0,3483842.25,-1.367490291595459,1.7257305296863232e+16,799993728.0,640001,16341.315789473685,-21806799.501178026,,,,,,,
-8.298018605113032,-0.2043473979685952,-0.33564763297682815,-0.13289675144433608,0.0,122.77950213936273,103.03213718013988,21,30893,652000,0.0003,-1668829440.0,3465596.75,-0.9089887738227844,3.5507220485505024e+16,1756389760.0,642001,16341.315789473685,-21806799.501178026,,,,,,,
-3.640587170124047,-0.16245375745942783,0.28957093564261505,-0.3166854873223313,0.0,227.40596706839034,-4.715223560692841,21,30966,654000,0.0003,-1744332032.0,3457785.75,-0.3780163526535034,9.773282263407002e+16,2838880512.0,644001,16341.315789473685,-21806799.501178026,,,,,,,
12.19128921926021,0.2310056688367832,0.1906099118113389,-0.22032618005200727,0.0,140.08194729178916,-83.97809683759665,21,31037,656000,0.0003,-1811153920.0,3461421.75,-0.6008598208427429,1.9483307389485056e+16,1040582080.0,646001,16341.315789473685,-21806799.501178026,,,,,,,
-1.9076733118295666,0.054405129858237755,-0.31615148444928604,-0.20461243573064863,0.0,96.46257308380633,82.4566962674669,21,31107,658000,0.0003,-1895891456.0,3483576.5,-1.32248854637146,2.3325563657650176e+16,1011542976.0,648001,16341.315789473685,-21806799.501178026,,,,,,,
-11.704407470822368,-0.2785007524575415,0.028436964026557054,-0.1617005188371629,0.0,217.65707678848722,-3.6510997603145254,21,31174,660000,0.0003,-1894199552.0,3464460.0,1.5422005653381348,2.6703641335300096e+16,1019452864.0,650001,16341.315789473685,-21806799.501178026,,,,,,,
-0.9369545406103139,-0.11895630646534004,-0.09236654420313199,-0.635674562176094,0.0,634.0321251688508,-73.80646357584676,21,31241,662000,0.0003,-1836227456.0,3419304.25,0.914482831954956,5.600094899614515e+16,1487655552.0,652001,16947.94871794872,-21506098.90382623,,,,,,,
-5.6605971592664694,-0.5309720069854011,-0.21761078184146385,-0.7313544324655217,0.0,765.1870048476117,-309.93439028204796,21,31307,664000,0.0003,-1854471424.0,3424169.5,-1.5088387727737427,3.777766475222221e+16,994067584.0,654001,16947.94871794872,-21506098.90382623,,,,,,,
-8.409641717672356,-0.45522290822144845,0.17105293152213472,-0.7450517456186343,0.0,748.5255886743004,129.74256994818342,21,31374,666000,0.0003,-1857836032.0,3380338.25,-0.1424490213394165,2.550515648115507e+16,1290659840.0,656001,16947.94871794872,-21506098.90382623,,,,,,,
-12.167662200927731,-0.5318348883340824,-0.27509312212867626,-0.678361735335763,0.0,689.3465913387873,-358.9173469726677,21,31441,668000,0.0003,-1808949376.0,3304269.5,0.892928957939148,2.355339449283379e+16,1198596736.0,658001,16947.94871794872,-21506098.90382623,,,,,,,
4.680529165863994,-0.7520547986387642,0.18631718311042542,-0.3455225681358193,0.0,374.48777404494336,-229.31655838408264,21,31508,670000,0.0003,-2003161472.0,3311124.25,2.6399025917053223,8.74010726451118e+16,2348656896.0,660001,16947.94871794872,-21506098.90382623,,,,,,,
6.654464688897135,-0.07995184841748348,0.5490720294778367,-0.04976746019534449,0.0,147.82800407669154,-158.33662416156517,21,31574,672000,0.0003,-1891091328.0,3275118.0,-1.1761062145233154,4.068431393456128e+16,1942834816.0,662001,16947.94871794872,-21506098.90382623,,,,,,,
4.765275167822843,0.1983662064530193,-0.10869392236061934,0.04693685816635063,0.0,26.532758505229328,-40.70501196252327,21,31641,674000,0.0003,-2058529152.0,3257934.5,-0.2634690999984741,6.340331224589926e+16,2101927680.0,664001,16947.94871794872,-21506098.90382623,,,,,,,
0.8603900206089018,0.16321527166118327,0.11477191754199866,0.041683400739936635,0.0,26.284894691478634,120.92044248471305,21,31708,676000,0.0003,-2010348288.0,3274006.25,0.3861629366874695,1.3003696388440064e+16,412980288.0,666001,16947.94871794872,-21506098.90382623,,,,,,,
9.872474972605726,0.1970489947303208,-0.21256869528300304,-0.0594355544354351,0.0,190.25235866412007,-42.75747141238817,21,31774,678000,0.0003,-1974664704.0,3309943.25,-0.6068888902664185,2.38265458229248e+16,1263296768.0,668001,16947.94871794872,-21506098.90382623,,,,,,,
-5.84326052665711,-0.17165066021460756,-0.33595452719510177,-0.1786057017575137,0.0,114.67815654493978,34.323431588547024,21,31841,680000,0.0003,-1985981952.0,3282278.25,-0.10101105272769928,4.418901154306458e+16,1764887936.0,670001,16947.94871794872,-21506098.90382623,,,,,,,
-6.708988269567503,-0.21818907018529757,0.29226625837884324,-0.29389015314495237,0.0,249.52854973127822,118.67406651362488,21,31907,682000,0.0003,-1902075264.0,3256971.5,1.554961919784546,1.0205654044114944e+17,2076632320.0,672001,16947.94871794872,-21506098.90382623,,,,,,,
11.46368534326554,0.20387098231080958,0.2530431851195435,-0.27127749527623857,0.0,168.41639231676683,-113.61394146039838,21,31974,684000,0.0003,-2026851072.0,3213986.75,0.49955323338508606,4.031071190935142e+16,1675946624.0,674001,16947.94871794872,-21506098.90382623,,,,,,,
-0.5584060138463983,0.12507826975549305,-0.30561634032514506,-0.2105758766294499,0.0,102.83156224022716,47.82020777932063,21,32040,686000,0.0003,-2016355840.0,3216222.0,-0.6099669933319092,4.316737626229965e+16,1414806912.0,676001,16947.94871794872,-21506098.90382623,,,,,,,
-12.05922832369804,-0.2771866468632612,-0.00917966353327858,-0.14783186695421952,0.0,222.4342438256977,29.319768186565092,21,32107,688000,0.0003,-1963153152.0,3203698.25,0.03609064221382141,2.066449426284544e+16,1029952384.0,678001,16947.94871794872,-21506098.90382623,,,,,,,
4.600827491283413,0.017307080452297317,0.308110651375087,-0.3220944522706312,0.0,175.0388504924457,14.13209849403586,21,32173,690000,0.0003,-1969405440.0,3179776.75,1.3660639524459839,3.48684772442112e+16,1173688576.0,680001,16947.94871794872,-21506098.90382623,,,,,,,
8.805649749636649,0.26031199994430365,-0.1552181618891994,-0.1981246208181683,0.0,108.97120422378084,-59.05621841931996,21,32240,692000,0.0003,-2173299200.0,3126540.5,-1.0547080039978027,5.38481481786327e+16,2213640704.0,682001,16947.94871794872,-21506098.90382623,,,,,,,
-9.30011689305305,-0.22744059518143994,-0.29985670682967186,-0.12009004870716282,0.0,147.8906179558746,320.76429942875706,21,32306,694000,0.0003,-2047787392.0,3167262.0,0.39976242184638977,4.25399330799616e+16,1446080384.0,684001,16947.94871794872,-21506098.90382623,,,,,,,
-2.1116020810604055,-0.11781334055649327,0.28075940153966455,-0.35417834508977625,0.0,241.3134276480359,-213.38760880555498,21,32373,696000,0.0003,-2212054784.0,3133770.5,0.581729531288147,1.845571069411328e+16,1186199168.0,686001,16947.94871794872,-21506098.90382623,,,,,,,
12.41934733033181,0.264969564028602,0.14532268527103284,-0.23137201724239004,0.0,142.14733193073354,-90.40102742204243,21,32440,698000,0.0003,-2066843648.0,3097240.25,0.566686749458313,1.4839742508879053e+17,1779144192.0,688001,16947.94871794872,-21506098.90382623,,,,,,,
-3.2637266200780832,0.010824573111820524,-0.39926733752087384,-0.2058869983640856,0.0,125.06465212652344,108.07575635710832,,,700000,0.0003,-2316923904.0,3141107.0,-0.6509618759155273,2.276070673874944e+16,1104859648.0,690000,,,0.0,0.0,40000.0,-26186.18717341814,3890.6704214224856,0.0,0.0
,,,,,,,20,33644,700000,0.0003,-2174144768.0,3140906.5,-0.4952090382575989,1.7580207380627456e+16,659987328.0,690001,16947.94871794872,-21506098.90382623,,,,,,,
-8.61137367546559,-0.2032741017620611,0.06659129326021757,-0.5132474533568763,0.0,698.3355883483063,383.8532349354888,20,33710,702000,0.0003,-2234083840.0,3134030.5,0.42456644773483276,6.396799736610816e+16,2197913344.0,692001,17524.25,-21163586.291644447,,,,,,,
-3.271565417647361,-0.12879129079757892,-0.18521028019474758,-0.9451397090189786,0.0,1095.8990545714134,-84.72042567685752,20,33777,704000,0.0003,-2156479232.0,3130198.25,-0.8412647843360901,3.795143053908378e+16,1476329984.0,694001,17524.25,-21163586.291644447,,,,,,,
-9.211054285764703,-0.5647070295474375,-0.336234839984779,-0.7198399202968007,0.0,782.660226681171,-422.151656901121,20,33843,706000,0.0003,-2205818624.0,3151143.25,-1.4145431518554688,2.102082407707443e+16,719826112.0,696001,17524.25,-21163586.291644447,,,,,,,
-1.5832896775007277,-0.6261334453393148,0.30218235657909026,-0.5869475649454594,0.0,585.1245551657736,57.913973523921726,20,33908,708000,0.0003,-2158771712.0,3120029.25,1.5156036615371704,1.1894899041370112e+16,682102016.0,698001,17524.25,-21163586.291644447,,,,,,,
-8.825196911692624,-0.30764420802977943,-0.054513388247210255,-0.7372387863170681,0.0,698.5803662027043,2.8697214472576618,20,33975,710000,0.0003,-2347353088.0,3101186.0,-0.7857677340507507,1.530883110600704e+16,1145501824.0,700001,17524.25,-21163586.291644447,,,,,,,
-10.401294034719466,-0.6342574741499626,-0.15500232330829608,-0.4933815561669061,0.0,452.73232830718837,-285.25587020772156,20,34041,712000,0.0003,-2276208128.0,3080761.0,-1.2305352687835693,1.978247763145523e+16,1149335680.0,702001,17524.25,-21163586.291644447,,,,,,,
2.68606671988964,-0.30320766860173476,0.5116626564746068,-0.34579228412260316,0.0,288.1649146764322,-157.48298442394437,20,34107,714000,0.0003,-2408370944.0,3074049.0,-2.941045045852661,2.837883749453005e+16,1104331392.0,704001,17524.25,-21163586.291644447,,,,,,,
3.032407304048539,0.1635740291754136,-0.043777608779207174,-0.2531100344840507,0.0,113.10556960355811,-109.47752443358314,20,34173,716000,0.0003,-2432114688.0,3048102.75,-0.8164458870887756,3.416530734599373e+16,1504273024.0,706001,17524.25,-21163586.291644447,,,,,,,
-10.443492937088017,-0.2674660552043797,-0.196856246222729,-0.11928181550036458,0.0,180.81176283376263,535.9923297587028,20,34239,718000,0.0003,-2242104832.0,3054775.5,-0.5543606877326965,1.11631147825365e+17,3391600384.0,708001,17524.25,-21163586.291644447,,,,,,,
-0.6100698041915877,-0.08153776880294225,0.25278832296519704,-0.38766495330289785,0.0,241.7864365971513,-394.2909121480562,20,34305,720000,0.0003,-2395638528.0,3030638.75,-0.6292280554771423,6774430441144320.0,363490688.0,710001,17524.25,-21163586.291644447,,,,,,,
12.061783623099323,0.28958564663242775,0.09226673323264485,-0.2420672236422499,0.0,144.0734798849799,-93.73421352034528,21,34372,722000,0.0003,-2256466944.0,3042085.5,-0.8906593918800354,2.630112344276992e+16,993825088.0,712001,17524.25,-21163586.291644447,,,,,,,
-5.111829336285593,-0.04840287027996581,-0.46334498548258635,-0.1939112245000772,0.0,147.70128634720626,59.67227664817138,21,34438,724000,0.0003,-2373256448.0,3035654.75,1.6887907981872559,1.052610048032768e+16,364234048.0,714001,17524.25,-21163586.291644447,,,,,,,
-7.702123758196832,-0.22589195241125115,0.2580594758471458,-0.25299204145529786,0.0,236.53774520712085,22.02159369973028,21,34503,726000,0.0003,-2182716160.0,3060199.0,0.33689719438552856,1.5730818085289984e+16,586809088.0,716001,17524.25,-21163586.291644447,,,,,,,
10.629943262338639,0.20036589844336355,0.26260441454516553,-0.26505910424370516,0.0,167.34131996699963,-35.183990677748085,21,34569,728000,0.0003,-2287618048.0,3011508.25,1.6174203157424927,6.129557422525645e+16,2399640064.0,718001,17524.25,-21163586.291644447,,,,,,,
0.9009341841936095,0.13787593686779456,-0.3141646887014742,-0.2402369667323687,0.0,123.40068074731276,4.855974311268662,21,34634,730000,0.0003,-2534494464.0,2993203.5,1.7453055381774902,2.534446457474253e+16,1048236800.0,720001,17524.25,-21163586.291644447,,,,,,,
-11.95937238454818,-0.2843648514533524,-0.005477154338801328,-0.17097239284351887,0.0,235.73445978883996,45.01379900902097,21,34700,732000,0.0003,-2305197312.0,2997371.0,-0.1686927229166031,3.797197766262784e+16,1274501376.0,722001,17524.25,-21163586.291644447,,,,,,,
4.908451526165012,0.03991744687341723,0.3200064207665571,-0.3487093655344968,0.0,199.0413358400041,-6.34281181858062,21,34766,734000,0.0003,-2407388672.0,2984179.5,0.7522653937339783,3.805466866797773e+16,1856445056.0,724001,17524.25,-21163586.291644447,,,,,,,
8.309852117300043,0.2735263224737534,-0.16522492725982085,-0.22274676141882283,0.0,119.72487268689159,-45.173078162180495,21,34831,736000,0.0003,-2286375168.0,2951593.5,0.372660368680954,1.9035033062866944e+16,1271103872.0,726001,17524.25,-21163586.291644447,,,,,,,
-10.123241454958908,-0.2397773511402906,-0.2500380869481428,-0.12585311663048665,0.0,182.4665213909811,492.97631171502474,21,34898,738000,0.0003,-2552663040.0,2946964.0,-0.24214711785316467,2.5085802316824576e+16,781541056.0,728001,17524.25,-21163586.291644447,,,,,,,
-0.8706530493497839,-0.07570048826421222,0.2693835083768044,-0.3687653342825055,0.0,231.49294721039098,-392.3306179601432,21,34964,740000,0.0003,-2482048000.0,2950887.0,0.9679358005523682,8450083477520384.0,456474528.0,730001,17524.25,-21163586.291644447,,,,,,,
4.759763450622573,0.08066807515875062,0.06233693089495054,-0.6258736468991372,0.0,693.0261090939799,-170.43320206013126,21,35030,742000,0.0003,-2359622400.0,2964683.5,1.1730456352233887,1.32219494465536e+16,736233280.0,732001,18072.439024390245,-20880207.12290846,,,,,,,
-5.815131363868719,-0.3666260578847025,-0.19668688333049103,-0.9010361912617073,0.0,1034.6884296295689,-195.27964734430344,21,35097,744000,0.0003,-2599259904.0,2946357.0,-1.3827693462371826,1.6755207513833472e+16,771745344.0,734001,18072.439024390245,-20880207.12290846,,,,,,,
-8.074099446535117,-0.5002910714150911,-0.02179432753368215,-0.8487656061443432,0.0,940.8706516359787,-23.628121550627615,21,35163,746000,0.0003,-2419344896.0,2941278.25,0.6459411978721619,8835471429861376.0,513688192.0,736001,18072.439024390245,-20880207.12290846,,,,,,,
-11.272446733117118,-0.6303081201382351,-0.19062487517853893,-0.7577686583286152,0.0,831.154789370125,-229.3625354511929,21,35230,748000,0.0003,-2641556224.0,2878222.75,-1.1570018529891968,1.3942407661879296e+16,451380736.0,738001,18072.439024390245,-20880207.12290846,,,,,,,
1.4006197214126583,-0.874407579613052,0.027884611253900307,-0.5763297328997308,0.0,653.1016817521115,-125.2291983737517,21,35297,750000,0.0003,-2368073472.0,2897089.5,-0.08863013982772827,1.72677012652032e+16,665634624.0,740001,18072.439024390245,-20880207.12290846,,,,,,,
-8.94710740506649,-0.4428681924762187,0.34213076662029646,-0.6614000016538831,0.0,656.3732933766553,189.19838527712037,21,35363,752000,0.0003,-2465865728.0,2921023.0,-0.1358014941215515,2.301265811026739e+16,1086887296.0,742001,18072.439024390245,-20880207.12290846,,,,,,,
-10.330207979679118,-0.40289605487600083,-0.27963941579186724,-0.6955452847998336,0.0,682.502716435447,-324.1442476554558,21,35430,754000,0.0003,-2417810688.0,2880603.5,0.47627273201942444,1.3983062748561408e+16,698141888.0,744001,18072.439024390245,-20880207.12290846,,,,,,,
-1.2595962721109422,-0.6314927747688407,0.18934497029994962,-0.4040849606995298,0.0,362.04145221505297,-164.26987750072539,21,35496,756000,0.0003,-2380179968.0,2861865.75,-1.7667114734649658,3.0632948000620544e+16,1324582784.0,746001,18072.439024390245,-20880207.12290846,,,,,,,
5.411656617522241,0.01049112771200458,0.4676823256143033,-0.25968748369648514,0.0,190.81098339229018,-214.11451463392476,21,35563,758000,0.0003,-2345221888.0,2848015.5,2.212855577468872,5.259902136510054e+16,2257915904.0,748001,18072.439024390245,-20880207.12290846,,,,,,,
-1.115109533071518,0.18330980507921887,-0.208013742824242,-0.11972860325989679,0.0,50.587139548631626,17.99256042808783,21,35629,760000,0.0003,-2519887360.0,2841130.5,-1.7527530193328857,3.785431273858662e+16,2048319488.0,750001,18072.439024390245,-20880207.12290846,,,,,,,
-11.888048312067967,-0.26553843616029293,-0.047467388363589755,-0.021747218967812478,0.0,220.05861758492568,109.83860978508494,21,35696,762000,0.0003,-2341300992.0,2841588.5,0.5597821474075317,1.5835440267395072e+16,482574112.0,752001,18072.439024390245,-20880207.12290846,,,,,,,
1.5743588942289362,-0.02224702524396702,0.16891644656033328,-0.328712943010294,0.0,154.77348310320718,19.79435718968315,21,35763,764000,0.0003,-2398454016.0,2795227.0,0.29709434509277344,3.931936903292518e+16,1780871808.0,754001,18072.439024390245,-20880207.12290846,,,,,,,
12.412285655736921,0.29776206200384037,0.02400918231566436,-0.2205695130601259,0.0,145.9713406165841,-29.619839952131816,21,35829,766000,0.0003,-2613894656.0,2827386.0,-2.229438304901123,7121711296151552.0,428277408.0,756001,18072.439024390245,-20880207.12290846,,,,,,,
-6.026461169123651,-0.084620061461142,-0.45805964578693115,-0.2245708879297293,0.0,167.20151357377944,-36.39535306660531,21,35896,768000,0.0003,-2447560448.0,2822337.5,1.92450749874115,1.731079052460032e+16,1091749504.0,758001,18072.439024390245,-20880207.12290846,,,,,,,
-6.551177486777306,-0.20762245643385174,0.3039791164634235,-0.29025785267146925,0.0,227.6481657906086,111.5569106750402,21,35962,770000,0.0003,-2392018688.0,2821107.75,1.107411503791809,1.3313589016264704e+16,578909120.0,760001,18072.439024390245,-20880207.12290846,,,,,,,
11.945518423914914,0.23283718106688814,0.20922059526151873,-0.2563638143275931,0.0,165.22112184848342,-74.15832480630455,21,36029,772000,0.0003,-2595884800.0,2806081.5,-0.14073501527309418,2.064882836963328e+16,1131069184.0,762001,18072.439024390245,-20880207.12290846,,,,,,,
-0.9623153859376911,0.12232555182885028,-0.3103845805187292,-0.2441577615623263,0.0,127.84982896151524,54.73124636135045,21,36095,774000,0.0003,-2489217536.0,2790632.25,1.5939717292785645,1.776647581728768e+16,1060875648.0,764001,18072.439024390245,-20880207.12290846,,,,,,,
-11.531270423531529,-0.27421564783198377,0.030773343359996652,-0.17404006472719238,0.0,226.68278944921053,12.010396966204146,21,36161,776000,0.0003,-2661517568.0,2818700.75,-0.5861794948577881,9469602950021120.0,392645664.0,766001,18072.439024390245,-20880207.12290846,,,,,,,
6.174685666561118,0.09529832344943932,0.35203201936490347,-0.3089139916734485,0.0,178.6873745391836,-55.47098012187316,21,36228,778000,0.0003,-2501906688.0,2815334.5,0.07599949836730957,1.7265955360997376e+16,822865792.0,768001,18072.439024390245,-20880207.12290846,,,,,,,
6.866171982288364,0.25467511968036144,-0.22737300091609292,-0.23756039978584606,0.0,128.77569778698813,37.30428815626249,21,36295,780000,0.0003,-2806015232.0,2823131.5,-0.18198812007904053,1.1138851653287936e+16,489986496.0,770001,18072.439024390245,-20880207.12290846,,,,,,,
-3.5565744405984865,-0.09900044920826441,-0.37781871752535834,-0.6074873728361676,0.0,679.653123859923,50.32096776220452,21,36361,782000,0.0003,-2583882240.0,2802417.75,0.8129101395606995,2.6682007585030144e+16,1829658624.0,772001,18594.52380952381,-20630682.49502719,,,,,,,
-5.212102375626563,-0.3416620901179075,-0.16195225217357223,-0.9034769116117606,0.0,1029.8733587976476,-155.22345540222014,21,36428,784000,0.0003,-2508339456.0,2785237.5,0.5596628189086914,9.349042573777306e+16,3177773568.0,774001,18594.52380952381,-20630682.49502719,,,,,,,
-6.825424512028695,-0.3936984832158832,0.033028871251434985,-0.8876208174377408,0.0,993.7516824421099,32.248986149969795,21,36495,786000,0.0003,-2531949056.0,2783692.25,2.1220645904541016,1.2486086257278976e+16,977826816.0,776001,18594.52380952381,-20630682.49502719,,,,,,,
-9.876568226218255,-0.4914561356351887,-0.19175961168206898,-0.8250610602036508,0.0,911.4550708545293,-244.3271590969339,21,36563,788000,0.0003,-2446122496.0,2790805.25,-0.09245067834854126,8754834492620800.0,561699456.0,778001,18594.52380952381,-20630682.49502719,,,,,,,
-3.8218367391824777,-0.7226052077273597,0.03585570412578958,-0.6586477561650956,0.0,697.7996127838275,-48.99877072066418,21,36630,790000,0.0003,-2620682752.0,2803134.0,0.6219499707221985,8969260734873600.0,474535392.0,780001,18594.52380952381,-20630682.49502719,,,,,,,
-9.935172654986381,-0.4247498276295536,0.1588587215174543,-0.7967979402368509,0.0,840.3295277407182,174.566574045216,21,36698,792000,0.0003,-2525288448.0,2789328.5,2.067582130432129,2.0364591728951296e+16,635778624.0,782001,18594.52380952381,-20630682.49502719,,,,,,,
-13.156207697987558,-0.5692867020160829,-0.30526451332106885,-0.6801173724159452,0.0,714.796507029764,-402.1760747221955,21,36765,794000,0.0003,-2545303552.0,2760802.0,-3.3980484008789062,6435842063073280.0,521458464.0,784001,18594.52380952381,-20630682.49502719,,,,,,,
8.616836653351793,-0.6666273917788224,0.371046362682069,-0.3001180030651322,0.0,359.1090985680295,-296.92548837087963,21,36832,796000,0.0003,-2623822592.0,2774368.5,1.7463804483413696,4.132408796800614e+16,2017928832.0,786001,18594.52380952381,-20630682.49502719,,,,,,,
10.54065607249736,0.10293436920229657,0.35494424761814314,-0.031124482532721532,0.0,120.84146260089481,-156.02841051627576,21,36900,798000,0.0003,-2501849088.0,2784286.75,0.6919102072715759,1.6737972883816448e+16,982057600.0,788001,18594.52380952381,-20630682.49502719,,,,,,,
-1.4598808372020744,0.2499266938186283,0.001463038085830231,0.025203147050695644,0.0,20.059671419961944,0.9126912743940035,,,800000,0.0003,-2381511424.0,2783291.25,-0.6307768821716309,1.6265719754784768e+16,1418711168.0,790000,,,0.0,0.0,40000.0,-40607.87387939467,5753.072283752934,0.0,0.0
,,,,,,,20,38101,800000,0.0003,-2676672768.0,2783535.5,-3.994480609893799,1.2987253106147328e+16,576554240.0,790001,18594.52380952381,-20630682.49502719,,,,,,,
10.84636148929597,0.3370579854719102,-0.08393920824513604,0.058952244789026144,0.0,179.15611854871787,615.9901414114773,21,38166,802000,0.0003,-2584254720.0,2780320.0,1.0142837762832642,2.395780217097421e+16,1283812736.0,792001,18594.52380952381,-20630682.49502719,,,,,,,
-0.38896696984767937,0.013841649849801647,-0.2112042040282369,-0.3226590143904463,0.0,165.0137737406019,-426.38982488440683,21,38231,804000,0.0003,-2588673536.0,2776115.25,1.4503673315048218,8959665241063424.0,679800768.0,794001,18594.52380952381,-20630682.49502719,,,,,,,
-12.351641512513156,-0.3237894048082909,0.012219490699512515,-0.2460437077608076,0.0,248.26223218263422,57.764928808800434,21,38297,806000,0.0003,-2371744000.0,2781537.25,1.5991755723953247,1.1446813693313024e+16,1349268736.0,796001,18594.52380952381,-20630682.49502719,,,,,,,
6.2259012836217895,0.0629063257425402,0.37062825548911377,-0.3782561376862837,0.0,240.71173470230866,-108.13113228730438,21,38364,808000,0.0003,-2634629120.0,2782765.75,1.8719650506973267,2.5712010696065024e+16,1169291648.0,798001,18594.52380952381,-20630682.49502719,,,,,,,
6.189626183509825,0.2920288880566131,-0.17669909427655997,-0.22808190654176938,0.0,114.0682018200724,-3.1817586603048005,21,38431,810000,0.0003,-2468489984.0,2814236.75,2.115950107574463,1.1705129347370189e+17,555049664.0,800001,18594.52380952381,-20630682.49502719,,,,,,,
-10.849657540917395,-0.21544263845704203,-0.20088874441305948,-0.10029765559795244,0.0,195.51210022543867,359.38886977761865,21,38498,812000,0.0003,-2597454336.0,2807615.25,-0.9902940988540649,1.0066572265652224e+16,455128768.0,802001,18594.52380952381,-20630682.49502719,,,,,,,
0.06601999461650902,-0.03823496749396976,0.23186267739377228,-0.3133847177708427,0.0,155.25125817897882,-307.939809258287,21,38565,814000,0.0003,-2804995328.0,2812624.0,-1.6642175912857056,6108045864075264.0,597577920.0,804001,18594.52380952381,-20630682.49502719,,,,,,,
12.7491762560606,0.29695628579310435,0.04516347690841632,-0.2149844600774856,0.0,148.4779727040169,-18.792102503326614,21,38633,816000,0.0003,-2647066112.0,2817932.0,1.736579179763794,4.696898925494272e+16,1466697216.0,806001,18594.52380952381,-20630682.49502719,,,,,,,
-5.488447496294973,-0.03391227265648184,-0.44268460254728137,-0.24490132715641025,0.0,171.63699163743675,47.80778884689422,21,38699,818000,0.0003,-2571985664.0,2808413.25,-0.12961092591285706,1.4778797781942272e+16,744649536.0,808001,18594.52380952381,-20630682.49502719,,,,,,,
-7.537172287106522,-0.2216800201574234,0.2772928216227033,-0.2521870504281772,0.0,208.75944901031002,12.317127613184862,21,38765,820000,0.0003,-2534296064.0,2821137.25,-0.6743527054786682,1.131108628430848e+16,501037984.0,810001,18594.52380952381,-20630682.49502719,,,,,,,
0.40003796100616373,0.004239779523646399,0.04784855746476487,-0.6478173832790198,0.0,667.6380416494229,-23.12296981637096,21,38831,822000,0.0003,-2448652800.0,2841024.75,3.778517723083496,2.472865216384205e+16,1453920896.0,812001,19092.325581395347,-20397751.42050788,,,,,,,
-4.869946414232255,-0.34125250802719953,-0.1380137767351913,-0.8829817724694267,0.0,985.2012075929023,-140.96432854803905,21,38897,824000,0.0003,-2610710272.0,2847784.75,-0.7737119793891907,8180248399052800.0,412365920.0,814001,19092.325581395347,-20397751.42050788,,,,,,,
-5.543970026969903,-0.3007380357752688,0.10476964850073614,-0.894630218807312,0.0,994.671801761867,83.75376477834989,21,38962,826000,0.0003,-2582894848.0,2840670.0,3.6400773525238037,9848463088943104.0,707707648.0,816001,19092.325581395347,-20397751.42050788,,,,,,,
-8.393838774561878,-0.3643669595019195,-0.2147382931930903,-0.8551582158297123,0.0,944.2248077476306,-252.98038983747682,21,39028,828000,0.0003,-2707806208.0,2849145.75,1.413609504699707,1.1059910154387456e+16,644183552.0,818001,19092.325581395347,-20397751.42050788,,,,,,,
-3.4928209525346716,-0.6424985871569492,0.02845880631029585,-0.6546762476676093,0.0,666.4383371614108,-110.78984159196807,21,39093,830000,0.0003,-2534678272.0,2815981.75,0.8838708996772766,1.3721031088799744e+16,542503104.0,820001,19092.325581395347,-20397751.42050788,,,,,,,
-7.096910158395773,-0.2696308642509903,0.2376777071876719,-0.7782280952157433,0.0,789.0720093477784,183.13772754133407,21,39159,832000,0.0003,-2647067648.0,2819034.0,-0.26531416177749634,2.1398360292327424e+16,1339966208.0,822001,19092.325581395347,-20397751.42050788,,,,,,,
-10.494077007174493,-0.36808469653642706,-0.3203261403477068,-0.7147697490300722,0.0,717.509330548575,-413.6996192772241,21,39224,834000,0.0003,-2711293952.0,2815936.0,-0.359363317489624,9039940864180224.0,375059424.0,824001,19092.325581395347,-20397751.42050788,,,,,,,
1.4936635744571654,-0.5663041422491861,0.26378754607316285,-0.36473786229878574,0.0,331.42408073379227,-194.27306117672236,21,39290,836000,0.0003,-2759910144.0,2819789.75,0.5043541193008423,1.6693318108839936e+16,1132264576.0,826001,19092.325581395347,-20397751.42050788,,,,,,,
9.685678416490562,0.13328606934451168,0.39444763644679215,-0.15214419875880317,0.0,140.40866712831567,-190.41720716970084,21,39355,838000,0.0003,-2415283712.0,2835340.75,1.313266634941101,7.06440515813376e+16,2263654144.0,828001,19092.325581395347,-20397751.42050788,,,,,,,
-2.684711163043974,0.2752384368021148,-0.08516737161610644,-0.01833722191835665,0.0,27.121713538919277,-14.74294559898029,21,39421,840000,0.0003,-2620205824.0,2834965.0,2.155491828918457,6516678716293120.0,437289024.0,830001,19092.325581395347,-20397751.42050788,,,,,,,
3.8547615617513653,0.24931153564035813,0.17140141627339597,0.025228534649693626,0.0,48.53697888130235,120.52451538309825,21,39487,842000,0.0003,-2591608576.0,2821016.25,-1.0745508670806885,4.529033564703949e+16,653426496.0,832001,19092.325581395347,-20397751.42050788,,,,,,,
6.9936818432808,0.1776339564991302,-0.29087243471221724,-0.17930588260042984,0.0,206.38715560430225,4.597901675937266,21,39553,844000,0.0003,-2429588992.0,2850080.5,-2.112886905670166,1.976877668578099e+16,1180002176.0,834001,19092.325581395347,-20397751.42050788,,,,,,,
-10.241159943938252,-0.2659583904643074,-0.24397800655785307,-0.16965954618860468,0.0,181.74841949339648,413.8818324671093,21,39619,846000,0.0003,-2623721472.0,2866870.25,-0.3540860712528229,2.244029358853325e+16,807215872.0,836001,19092.325581395347,-20397751.42050788,,,,,,,
-1.1756786620616937,-0.06995810925504987,0.32804481579672795,-0.39367955196021936,0.0,261.1566862632359,-293.9807956560747,21,39685,848000,0.0003,-2699877632.0,2852669.25,-0.9874458312988281,1.8046812627664896e+16,876350720.0,838001,19092.325581395347,-20397751.42050788,,,,,,,
12.246352207064625,0.3107160479574002,0.08251326398361704,-0.259380552248961,0.0,159.18301034662505,-87.43143848641309,21,39751,850000,0.0003,-2563704064.0,2873058.75,-1.7138882875442505,2.0012556882018304e+16,1406770432.0,840001,19092.325581395347,-20397751.42050788,,,,,,,
-6.139764284491543,-0.016411606048111226,-0.47962467809444376,-0.21355415001899108,0.0,171.40412535032013,7.052821370742083,21,39817,852000,0.0003,-2549031424.0,2894421.75,-0.9001728892326355,1.3414189605742182e+17,4691938304.0,842001,19092.325581395347,-20397751.42050788,,,,,,,
-6.877838945984826,-0.19084448675744908,0.30619818320471875,-0.22662155289412345,0.0,187.48579934635,23.179026457752947,21,39884,854000,0.0003,-2631287552.0,2889928.75,-0.7923444509506226,1.2511896863244288e+16,667952256.0,844001,19092.325581395347,-20397751.42050788,,,,,,,
11.357560834884639,0.2526139763417061,0.17044573272202831,-0.2118201724677927,0.0,152.68087640389209,88.92545694036454,21,39951,856000,0.0003,-2729399552.0,2898512.75,-0.0993892252445221,1.48814827190485e+17,1749598080.0,846001,19092.325581395347,-20397751.42050788,,,,,,,
-0.04263893067837023,0.12518866466885445,-0.27983259915617453,-0.2938213474971868,0.0,155.76560530870984,-27.848532330480545,21,40017,858000,0.0003,-2726480384.0,2909191.25,0.1504245102405548,7824113468964864.0,427918816.0,848001,19092.325581395347,-20397751.42050788,,,,,,,
-11.745928878784179,-0.28038608052995084,0.008576605856131993,-0.19360099787383883,0.0,212.38593955542407,-15.199462959233237,21,40084,860000,0.0003,-2477861888.0,2902830.75,0.2105940878391266,1.7467994917568512e+16,1251377408.0,850001,19092.325581395347,-20397751.42050788,,,,,,,
0.5148990029096597,-0.0373289468313622,0.08107536154101401,-0.677412402422456,0.0,700.5754707553265,3.7882138631759514,21,40150,862000,0.0003,-2732094464.0,2904982.75,-0.6401315331459045,3.090421384006861e+16,1648185600.0,852001,19567.5,-20170873.662642404,,,,,,,
-3.0196607464551914,-0.177823871224691,-0.0914987723085759,-0.9759097273770508,0.0,1157.0341872623264,-44.09682289310359,21,40217,864000,0.0003,-2810715648.0,2907427.25,-0.42222219705581665,1.2893431693049856e+16,762489728.0,854001,19567.5,-20170873.662642404,,,,,,,
-4.19802963376045,-0.23699252622037942,-0.009139283133354093,-0.9636356061637071,0.0,1131.8391029452341,-2.442591784479248,21,40283,866000,0.0003,-2801500672.0,2906789.5,-1.2086493968963623,1.211845960531968e+16,546614400.0,856001,19567.5,-20170873.662642404,,,,,,,
-5.709888715744013,-0.2986026892770616,-0.08755949520857015,-0.942168955714126,0.0,1096.4075205572587,-78.5412841143186,21,40350,868000,0.0003,-2631891712.0,2903138.25,-0.6499194502830505,1.0008847905193984e+16,734819200.0,858001,19567.5,-20170873.662642404,,,,,,,
-6.31853601515293,-0.41456814239605483,-0.028282512866580952,-0.8956799210354119,0.0,1016.4309335263599,-30.490417149478827,21,40416,870000,0.0003,-2800216832.0,2891461.5,-0.8816899061203003,1.3163991010377728e+16,673378752.0,860001,19567.5,-20170873.662642404,,,,,,,
-6.909098018407821,-0.37698900730730295,0.030350944494474976,-0.9115666198989607,0.0,1041.4813661376286,31.321038369264148,21,40483,872000,0.0003,-2719957248.0,2897741.5,0.42913517355918884,6922160673128448.0,511430912.0,862001,19567.5,-20170873.662642404,,,,,,,
-7.663107540011404,-0.43346553523820985,-0.09121929184753064,-0.8832120614527624,0.0,997.5052202467517,-104.01766188280313,21,40549,874000,0.0003,-2562870784.0,2919321.5,-1.0990750789642334,2.407061592945459e+16,1333535872.0,864001,19567.5,-20170873.662642404,,,,,,,
-6.7864351838827135,-0.4824938827030738,0.06263099238507137,-0.856887245097521,0.0,955.3312668528208,62.90646519033983,21,40616,876000,0.0003,-2650892800.0,2947585.0,1.0882718563079834,1.655680901578752e+16,485341184.0,866001,19567.5,-20170873.662642404,,,,,,,
-7.474682432413101,-0.37489100893607247,0.00901127174369247,-0.9062907108862736,0.0,1030.5018087915983,9.904552544188059,21,40682,878000,0.0003,-2636798208.0,2956546.25,0.5575867891311646,9590188451823616.0,668242944.0,868001,19567.5,-20170873.662642404,,,,,,,
-7.53324517011643,-0.4779781051991662,-0.08351388423183534,-0.853551714121491,0.0,948.332608639492,-100.11345338544706,21,40748,880000,0.0003,-2812080384.0,2952201.5,1.1656982898712158,1.0223177510682624e+16,214860944.0,870001,19567.5,-20170873.662642404,,,,,,,
-6.594071455001827,-0.42532140864662876,0.135554743169309,-0.870889553149302,0.0,974.6578436026448,130.87589460185598,21,40815,882000,0.0003,-2756938752.0,2957615.0,-1.5807691812515259,5.274984343666688e+16,1804093952.0,872001,19567.5,-20170873.662642404,,,,,,,
-7.159926084280015,-0.33890279852275523,-0.06900372633777167,-0.9089058341155678,0.0,1031.3581951232677,-73.92768261345084,21,40881,884000,0.0003,-2729617408.0,2970352.0,-0.43554648756980896,1.560943586705408e+16,753648256.0,874001,19567.5,-20170873.662642404,,,,,,,
-6.435205479264262,-0.4934546622876223,-0.029375678305191825,-0.8290368394859615,0.0,904.8341316569741,-55.199559653057236,21,40948,886000,0.0003,-2549410304.0,2972032.25,0.4326276183128357,2.175684403265536e+16,1009614080.0,876001,19567.5,-20170873.662642404,,,,,,,
-6.20674802064896,-0.3196557576337725,0.1629799402998674,-0.8920875812983335,0.0,1000.998100286071,142.51642419117456,21,41014,888000,0.0003,-2705390080.0,2990589.75,-1.4375824928283691,1.57248416382976e+16,582159360.0,878001,19567.5,-20170873.662642404,,,,,,,
-6.9978733670711515,-0.31537851992323573,-0.15494061570593465,-0.8917580004739847,0.0,998.2610679331874,-164.82923942562005,21,41080,890000,0.0003,-2601170688.0,3004835.25,-1.5620827674865723,8853020666232832.0,460320512.0,880001,19567.5,-20170873.662642404,,,,,,,
-4.921042016744619,-0.4697115391199195,0.07649154657544942,-0.8039403302736745,0.0,856.6941099551656,29.872556900937475,21,41147,892000,0.0003,-2766981376.0,3010110.0,-1.426411747932434,1.2048556865093632e+16,615669888.0,882001,19567.5,-20170873.662642404,,,,,,,
-4.746046972870821,-0.18355000142087718,0.1392867431397119,-0.8946201574391314,0.0,987.382489542218,96.66588909102373,21,41213,894000,0.0003,-2800307456.0,2978368.25,-2.8589253425598145,1.2222862744092672e+16,525277696.0,884001,19567.5,-20170873.662642404,,,,,,,
-7.390222679972643,-0.30692888813891517,-0.24548883699194388,-0.838332607070076,0.0,903.4315626227149,-269.793612710785,21,41280,896000,0.0003,-2683283456.0,2996248.0,0.30998727679252625,9.702734848589824e+16,2987923968.0,886001,19567.5,-20170873.662642404,,,,,,,
-2.9073590183258022,-0.4261813255512209,0.2107874620686142,-0.7343106246227865,0.0,738.0248141590179,91.29049973557946,21,41346,898000,0.0003,-2941612800.0,3024514.75,0.9184936881065369,1.3993890361114624e+16,589500544.0,888001,19567.5,-20170873.662642404,,,,,,,
-1.9607829624414443,-0.014886870893191632,0.12185517099822271,-0.8173624153659126,0.0,824.8483010481256,13.813495629296266,,,900000,0.0003,-2763850752.0,3000468.5,1.354661464691162,7381332942389248.0,323781472.0,890000,,,0.0,0.0,40000.0,-33779.370260072785,4023.56241469009,0.0,0.0
,,,,,,,21,42541,900000,0.0003,-2914912256.0,3000548.5,1.5555367469787598,1.7678474084876288e+16,1054223680.0,890001,19567.5,-20170873.662642404,,,,,,,
-3.253061324357991,-0.08614882141078495,-0.24437894809980137,-0.8860327352863198,0.0,985.8785361103952,-83.4868399203306,21,42604,902000,0.0003,-2838758656.0,3029584.0,-2.2380709648132324,1.3500975218163712e+16,1556262400.0,892001,20021.555555555555,-20200616.173356418,,,,,,,
-2.5505763721466055,-0.1703606194883075,-0.052592338535732745,-0.9620591976268745,0.0,1123.4074384695894,-23.040850278887984,21,42667,904000,0.0003,-2951567616.0,3017594.5,0.25492262840270996,7943854472822784.0,348380576.0,894001,20021.555555555555,-20200616.173356418,,,,,,,
-1.6665668904781337,-0.09495852841786219,0.09924680972741169,-0.969929890305766,0.0,1136.9228500747347,37.218956895122645,21,42731,906000,0.0003,-2973311232.0,3045182.5,0.260892391204834,1.6632643105849344e+16,569280000.0,896001,20021.555555555555,-20200616.173356418,,,,,,,
-2.411585103273388,-0.0896068723251793,-0.10809881337602202,-0.9675886701833727,0.0,1132.7592660773546,-34.26337834118047,21,42796,908000,0.0003,-2972890624.0,3064144.25,-2.5711567401885986,3.841831066402816e+16,1647193728.0,898001,20021.555555555555,-20200616.173356418,,,,,,,
-3.224368980526926,-0.23088310227430914,0.0016723264098992103,-0.9370512645011734,0.0,1074.1725816566466,-3.9518847382862097,21,42861,910000,0.0003,-3046331392.0,3088509.5,1.0887750387191772,1.1532747398971392e+16,324181856.0,900001,20021.555555555555,-20200616.173356418,,,,,,,
-1.6004911375045763,-0.07329971176135087,0.12118476174193964,-0.9572827740145821,0.0,1109.9717870092322,40.76653510832257,21,42927,912000,0.0003,-3015478272.0,3098741.25,-0.40261614322662354,9548864423985152.0,242685584.0,902001,20021.555555555555,-20200616.173356418,,,,,,,
-2.7892442107200575,-0.10243696385362265,-0.148129956900037,-0.9487649585198498,0.0,1094.5407120967932,-60.10889032518133,21,42993,914000,0.0003,-2635135232.0,3079926.75,1.6010040044784546,2.446328503247831e+17,6023439360.0,904001,20021.555555555555,-20200616.173356418,,,,,,,
-2.7632831954956028,-0.23252389830864775,0.06251487618245276,-0.9162804502809239,0.0,1031.8056743338323,25.383878958316007,21,43060,916000,0.0003,-2822186496.0,3112994.25,-0.022791385650634766,9969567208046592.0,902321792.0,906001,20021.555555555555,-20200616.173356418,,,,,,,
-0.7871020805835738,-0.008332658181709585,0.11638114061137955,-0.9376947515870712,0.0,1065.6917040655032,15.716148579679063,21,43126,918000,0.0003,-2978710272.0,3126585.25,0.1550050973892212,7317431345217536.0,456334400.0,908001,20021.555555555555,-20200616.173356418,,,,,,,
-2.867003988623616,-0.10041953601215398,-0.19309397904604853,-0.9189258505616185,0.0,1034.222368651027,-84.33549221989105,21,43192,920000,0.0003,-3014899712.0,3154264.25,-1.4967217445373535,2.044037213192192e+16,1330399104.0,910001,20021.555555555555,-20200616.173356418,,,,,,,
-1.8915275412797912,-0.20749111182498978,0.1334251296090978,-0.8859701804104277,0.0,970.6242958383527,41.28843374548375,21,43258,922000,0.0003,-2799068416.0,3154077.75,1.0247520208358765,1.7135170385608704e+16,966275264.0,912001,20021.555555555555,-20200616.173356418,,,,,,,
0.6466207921504974,0.08710769347825455,0.1045240970193738,-0.8914342587184946,0.0,970.1603971256739,-29.33735783475848,21,43325,924000,0.0003,-2820282112.0,3144503.0,0.08388656377792358,3.2094460946939904e+16,2095869824.0,914001,20021.555555555555,-20200616.173356418,,,,,,,
-3.129954486489297,-0.09839534705558912,-0.26160774852308705,-0.8586741962957712,0.0,920.0821028985112,-125.55506241936763,21,43392,926000,0.0003,-2809248768.0,3164234.0,0.5978090167045593,2.028124574108877e+16,966030592.0,916001,20021.555555555555,-20200616.173356418,,,,,,,
-0.7699957787990575,-0.18997869017437477,0.2169602797789922,-0.8128139105514031,0.0,834.8025477694323,31.06562404529005,21,43459,928000,0.0003,-3197649664.0,3166045.0,-1.804187297821045,1.3377783744954368e+16,839644416.0,918001,20021.555555555555,-20200616.173356418,,,,,,,
2.195151627063751,0.2029331845394085,0.10434616470105872,-0.7704757087206049,0.0,749.2465968902659,-110.15321237656225,21,43525,930000,0.0003,-2998729984.0,3169761.0,1.2493103742599487,1.2192640132972544e+16,1151202560.0,920001,20021.555555555555,-20200616.173356418,,,,,,,
-5.022689117789272,-0.11151052572575025,-0.389543778044636,-0.6936013615934733,0.0,654.2649457544907,-261.53368620357725,21,43592,932000,0.0003,-2962555904.0,3200131.75,0.3836338520050049,1.5169815899537408e+16,451877568.0,922001,20021.555555555555,-20200616.173356418,,,,,,,
1.005670872926712,-0.2475214382182925,0.30791684235233663,-0.5563877610980357,0.0,450.6481290702491,8.249809870962132,21,43658,934000,0.0003,-3275117824.0,3245208.25,-0.4900340437889099,8430342197215232.0,490155872.0,924001,20021.555555555555,-20200616.173356418,,,,,,,
7.721029425263408,0.3467955749241597,0.25016108726043035,-0.32039923910096973,0.0,217.8041740132654,-324.4700822524206,21,43724,936000,0.0003,-3019154688.0,3300908.75,2.7675130367279053,2.335175866318848e+16,1277204992.0,926001,20021.555555555555,-20200616.173356418,,,,,,,
-6.049412173032765,0.1213026419658141,-0.5182757966102601,-0.1247603129924623,0.0,154.11163686537998,140.35872848572865,21,43790,938000,0.0003,-3107944960.0,3338376.5,-1.5435739755630493,1.5185475350298624e+16,1310753280.0,928001,20021.555555555555,-20200616.173356418,,,,,,,
-8.33777063012123,-0.17436416393920548,0.24604951261553665,-0.09272285548320787,0.0,170.57496345259295,-184.1494476221421,21,43856,940000,0.0003,-2875877120.0,3364254.75,-1.5212877988815308,1.6439949398114304e+16,1011170688.0,930001,20021.555555555555,-20200616.173356418,,,,,,,
1.4617169415950766,0.07118777676714978,0.15829808253901112,-0.6070429240065063,0.0,634.9806190205468,22.914247859371038,21,43922,942000,0.0003,-3157673984.0,3383041.0,0.9583333730697632,4.602735203503309e+16,1965958912.0,932001,20455.869565217392,-20162466.297338367,,,,,,,
2.437082275152203,0.16089996525773298,0.059203812706340606,-0.9670475311354275,0.0,1133.7398012937517,-24.339442190862066,21,43988,944000,0.0003,-3032321792.0,3401734.0,-0.17710280418395996,8110777303040000.0,288163360.0,934001,20455.869565217392,-20162466.297338367,,,,,,,
1.9007978516817066,0.10858319166723163,-0.0839246764486328,-0.9730372447450779,0.0,1143.6580138034476,38.2448000484436,21,44054,946000,0.0003,-2917592576.0,3425489.25,-1.4633805751800537,4.496021587073434e+16,2073872768.0,936001,20455.869565217392,-20162466.297338367,,,,,,,
2.747603722810746,0.10974711278349096,0.10442157420060269,-0.9699995168840213,0.0,1139.1753900681372,-37.78528742320529,21,44121,948000,0.0003,-3130128640.0,3440188.5,1.9543710947036743,1.1829034644144128e+16,784322240.0,938001,20455.869565217392,-20162466.297338367,,,,,,,
3.7382859092950778,0.26072132009605514,0.02324298033709114,-0.9343856635533188,0.0,1071.9419260820814,-19.61462012620614,21,44187,950000,0.0003,-3050127104.0,3465266.25,-0.9205803871154785,2.8683427985227776e+16,1009657728.0,940001,20455.869565217392,-20162466.297338367,,,,,,,
3.037019897699355,0.14939728268064367,-0.0968874627643787,-0.9565149579799248,0.0,1110.565541692558,54.67351268506823,21,44253,952000,0.0003,-3183454720.0,3467887.75,-0.16495607793331146,2.031091108020224e+16,658842752.0,942001,20455.869565217392,-20162466.297338367,,,,,,,
4.27330243587494,0.18587948780144306,0.14187969147345914,-0.9441303081726706,0.0,1090.6356694265821,-93.38778637792974,21,44319,954000,0.0003,-2980034048.0,3479831.0,0.46917176246643066,2.780553022747443e+16,1674460544.0,944001,20455.869565217392,-20162466.297338367,,,,,,,
4.212400413155557,0.3301164113447231,-0.03290857439798304,-0.896124389874186,0.0,1002.5194378617674,15.055806232031395,21,44385,956000,0.0003,-3133000448.0,3526694.0,-1.7106208801269531,1.1632740680073216e+16,539979520.0,946001,20455.869565217392,-20162466.297338367,,,,,,,
3.760757540464401,0.15826281657826755,-0.08528701548581259,-0.9396526639438144,0.0,1074.1626217970388,55.84119948684816,21,44451,958000,0.0003,-3218551040.0,3537918.5,0.7297290563583374,1.2597248600834048e+16,568316096.0,948001,20455.869565217392,-20162466.297338367,,,,,,,
5.7941981875896476,0.2665297237106454,0.1923420444525041,-0.8999940651776553,0.0,1011.9831012482545,-175.8082546138285,21,44517,960000,0.0003,-3222336768.0,3553100.25,-0.7574747204780579,1.8958002824413184e+16,902004416.0,950001,20455.869565217392,-20162466.297338367,,,,,,,
4.2815506595373245,0.3846210362568146,-0.11566196160587387,-0.8434504564223401,0.0,911.873983682795,78.20523183259257,21,44583,962000,0.0003,-2930646528.0,3616326.5,1.454735517501831,1.4524390762872832e+16,837038720.0,952001,20455.869565217392,-20162466.297338367,,,,,,,
4.158136459588995,0.15072265592059572,-0.0506014991851958,-0.9138062344444136,0.0,1018.0639980858647,42.530629576088714,21,44649,964000,0.0003,-3125512192.0,3659851.5,-0.2114907205104828,3.814058948873421e+16,1655900288.0,954001,20455.869565217392,-20162466.297338367,,,,,,,
7.49324638605118,0.36125858952806167,0.2506976744891058,-0.8195322632356231,0.0,878.7374104187924,-284.576981377135,21,44715,966000,0.0003,-3081858048.0,3669053.25,-0.04815654456615448,2.7773151757520077e+17,6292566016.0,956001,20455.869565217392,-20162466.297338367,,,,,,,
3.353384237289426,0.4142972690062367,-0.2482060438688886,-0.7525299193095311,0.0,769.3854549619085,148.52400918339472,21,44782,968000,0.0003,-3309857792.0,3680004.0,-0.40252578258514404,3.1345934046593024e+16,1272424704.0,958001,20455.869565217392,-20162466.297338367,,,,,,,
3.442715665698053,0.08417297384709231,-0.017188550351416608,-0.8534273741081253,0.0,890.4096426906382,23.054152529481865,21,44849,970000,0.0003,-3143425280.0,3670299.0,0.9188137054443359,5.391335866708787e+16,2506786048.0,960001,20455.869565217392,-20162466.297338367,,,,,,,
9.150230086445834,0.4058681349968479,0.32252912087414315,-0.684170603116407,0.0,671.7693233799071,-402.67907547827446,21,44915,972000,0.0003,-3206998528.0,3701972.25,-0.11089223623275757,2.150018752446464e+16,788398720.0,962001,20455.869565217392,-20162466.297338367,,,,,,,
-1.2770982348918898,0.40758183415644755,-0.415775053297128,-0.5268254605442486,0.0,481.7681824820274,35.16822845844581,21,44982,974000,0.0003,-3233988608.0,3745024.25,0.25444746017456055,2.6094370159591424e+16,1144369792.0,964001,20455.869565217392,-20162466.297338367,,,,,,,
-2.11577083110809,-0.185999119781553,-0.08803087171677282,-0.49962374246041213,0.0,356.58855906488606,-194.3649976829675,21,45048,976000,0.0003,-3232258560.0,3804424.25,1.4352610111236572,1.5497929926115328e+16,404508160.0,966001,20455.869565217392,-20162466.297338367,,,,,,,
10.767339119911197,0.19366938122096877,0.2885250119020745,-0.3331484548688253,0.0,238.71243777969235,-147.43987593988797,21,45115,978000,0.0003,-3327581696.0,3862714.0,-1.7621984481811523,3.651428294223462e+16,1938940800.0,968001,20455.869565217392,-20162466.297338367,,,,,,,
-1.3248264473676685,0.25210464608148153,-0.21556169808136572,-0.25980743845162585,0.0,147.19744111828456,42.232644114139156,21,45182,980000,0.0003,-3248566016.0,3878279.75,0.8154615163803101,2.349612110394163e+16,966910464.0,970001,20455.869565217392,-20162466.297338367,,,,,,,
-6.731922942996017,-0.1357521317297391,-0.3440441190033812,-0.5157994421890533,0.0,652.3819900600729,-106.03100865402727,21,45249,982000,0.0003,-3275377152.0,3872215.0,-1.9307202100753784,2.315939566793523e+16,934048960.0,972001,20871.702127659573,-20135201.84281472,,,,,,,
-1.013851707577703,-0.09771683718628406,0.039258919318303394,-0.9351190486454897,0.0,1059.624378748297,11.201845497766918,21,45315,984000,0.0003,-3365242880.0,3898434.0,2.4346978664398193,1.4930148134486016e+16,352508448.0,974001,20871.702127659573,-20135201.84281472,,,,,,,
4.905105900764467,0.2159760739595365,0.30655674996429616,-0.8727017441525923,0.0,972.7940630433762,-240.8193123940926,21,45382,986000,0.0003,-3412169472.0,3919672.0,-1.0704580545425415,2.931975745490125e+16,2342384896.0,976001,20871.702127659573,-20135201.84281472,,,,,,,
3.6688931334018697,0.38601906283360354,-0.14608625500482056,-0.8010454721654809,0.0,834.6215965490009,94.44457423535664,21,45449,988000,0.0003,-3347288064.0,3922192.25,0.27602219581604004,1.4183475586269184e+16,412050240.0,978001,20871.702127659573,-20135201.84281472,,,,,,,
4.429230594038964,0.14518331094143871,-0.0037907859415095137,-0.8770491015079869,0.0,940.8002520806433,21.274571849804275,21,45515,990000,0.0003,-3384539136.0,3981515.75,-0.9028465747833252,1.3782401876492288e+16,477748032.0,980001,20871.702127659573,-20135201.84281472,,,,,,,
10.029007216691971,0.46586654222846974,0.33765186256214746,-0.6908710972096862,0.0,703.6093514795687,-419.7252402328799,21,45582,992000,0.0003,-3172348416.0,4008619.75,1.2585532665252686,2.49249837088768e+16,1679727104.0,982001,20871.702127659573,-20135201.84281472,,,,,,,
-1.7779100823402352,0.5356858613128823,-0.37507808013147836,-0.5108600313300132,0.0,491.6430175236212,42.761580375672,21,45649,994000,0.0003,-3361309696.0,3974224.25,0.23101946711540222,4.015382104899584e+16,2099024000.0,984001,20871.702127659573,-20135201.84281472,,,,,,,
0.3511139184236523,-0.0790720898159977,-0.16194256258536394,-0.5986779984135793,0.0,475.1058125858973,-83.46244971331124,21,45715,996000,0.0003,-3556082688.0,4033403.75,0.18142786622047424,6.274542633536717e+16,3393299712.0,986001,20871.702127659573,-20135201.84281472,,,,,,,
10.493034321069722,0.22421680001523336,0.32058559052412416,-0.4487238747467283,0.0,347.60410771673446,-235.65470644272858,21,45782,998000,0.0003,-3153872896.0,4083716.25,0.19302666187286377,3.943302245751194e+16,1582785920.0,988001,20871.702127659573,-20135201.84281472,,,,,,,
-1.319061604142185,0.32026188560632585,-0.2448240128100355,-0.3140812979162176,0.0,206.29416646280453,42.01029990179557,,,1000000,0.0003,-3396687616.0,4023795.0,0.4257609248161316,2.3386758351683584e+16,1989219584.0,990000,,,0.0,0.0,40000.0,-35148.51973719361,2734.7596325716813,0.0,0.0
,,,,,,,21,46984,1000000,0.0003,-3373309440.0,4023741.25,0.25760337710380554,1.6917506811756544e+16,770491264.0,990001,20871.702127659573,-20135201.84281472,,,,,,,
