rollout/acrobot_xk_applied_torque,rollout/acrobot_xk_elbow_norm,rollout/acrobot_xk_elbow_rate_norm,rollout/acrobot_xk_energy_error_norm,rollout/acrobot_xk_homoclinic_capture,rollout/acrobot_xk_lyapunov,rollout/acrobot_xk_lyapunov_rate,time/fps,time/time_elapsed,time/total_timesteps,train/learning_rate,train/actor_loss,train/alpha,train/alpha_loss,train/critic_loss,train/fraction,train/n_updates,rollout/ep_len_mean,rollout/ep_rew_mean,eval/best_strict_capture_mean_max_duration,eval/best_strict_capture_success_rate,eval/mean_ep_length,eval/mean_reward,eval/std_reward,eval/strict_capture_mean_max_duration,eval/strict_capture_success_rate
-0.043434168031563254,0.025083762206939513,-0.12367192780202467,-0.9666819712872258,0.0,1178.992703126436,11.812855509736556,2155,0,2000,0.0003,,,,,,,,,,,,,,,
-0.22709800355078202,-0.03541809056807101,0.04985064705988795,-0.9559915465386374,0.0,1173.9704228917974,97.2101078914028,2177,1,4000,0.0003,,,,,,,,,,,,,,,
0.11313019442255615,0.06435111471706324,0.17216946636549857,-0.9467160617587862,0.0,1181.0932821516062,98.49299962332852,2183,2,6000,0.0003,,,,,,,,,,,,,,,
-0.10788264802191463,-0.043039979195436416,0.07371335254339836,-0.9201222792356392,0.0,1217.3785005194898,-242.15892647439884,2189,3,8000,0.0003,,,,,,,,,,,,,,,
0.1474166343062098,-0.08232561910636056,-0.11328239962272349,-0.9208027196785744,0.0,1241.0700900802913,484.5870227499278,1481,6,10000,0.0003,0.08120693266391754,1.0,-0.0,719022.5,124.9706802368164,1,,,,,,,,,
1.6223940783739086,0.1992266360953655,0.029964719490059837,-0.9529226696289537,0.0,1131.8037656697431,-319.5450681553624,164,73,12000,0.0003,21437.109375,1.2426890134811401,0.05549449473619461,42834.77734375,724.8239135742188,2001,,,,,,,,,
-3.9890604740381215,-0.21637791903527587,-0.3400323660905067,-0.9110396941583859,0.0,1093.698529483614,-185.70937342492462,99,141,14000,0.0003,51016.69140625,1.4372607469558716,-0.10278582572937012,17940.033203125,676.2207641601562,4001,,,,,,,,,
-7.918033766746521,-0.5953346357657854,-0.24459815859235878,-0.7694521429420768,0.0,855.6392083475113,-215.45146648549667,76,209,16000,0.0003,69870.1640625,2.9831860065460205,-1.3698761463165283,67897.75,1715.31689453125,6001,,,,,,,,,
-8.694091434478771,-0.7865138909341914,-0.03658190248861399,-0.6604429145678182,0.0,718.3092226105663,-58.15429325235138,64,277,18000,0.0003,75428.8984375,6.020063877105713,-3.5044422149658203,136369.3125,1445.4169921875,8001,,,,,,,,,
3.2777753269672387,-0.16620103724578236,0.8570642610170532,-0.6301627789012179,0.0,855.5025279318401,-295.8099496318914,57,345,20000,0.0003,38272.890625,11.75082778930664,-2.7945446968078613,549603.5,4296.599609375,10001,,,,,,,,,
5.402871777415267,0.6842997977796489,0.3500944388506603,-0.34754455184875144,0.0,347.7281610715795,200.5884966473382,53,413,22000,0.0003,44365.5,13.471182823181152,0.4039052724838257,774376.125,6973.5166015625,12001,,,,,,,,,
-4.838113965392111,-0.36806936818022434,0.6126174202043596,-0.7271374765209274,0.0,1425.5626397881028,2481.472365770064,49,481,24000,0.0003,63743.4140625,12.236477851867676,-0.24871963262557983,2003196.75,7772.4365234375,14001,23198.0,-35457652.968632,,,,,,,
-2.3287963193655004,-0.12868720060673675,-0.02467303238015661,-0.9710993161476708,0.0,1142.7183741209335,-13.175295834554767,47,548,26000,0.0003,73370.09375,21.26755714416504,-1.3200199604034424,7106660.0,11445.5146484375,16001,23198.0,-35457652.968632,,,,,,,
-2.4260499489307406,-0.14063575739667442,0.03338451817602244,-0.9706085274814444,0.0,1138.0344012766975,15.328478511621917,45,617,28000,0.0003,84509.328125,41.61898422241211,-2.3754289150238037,24411972.0,17139.05078125,18001,23198.0,-35457652.968632,,,,,,,
-6.607925179600713,-0.24965687976883277,-0.30771973272425196,-0.9160034626736118,0.0,1089.1244523194498,-286.56667183399674,43,685,30000,0.0003,81791.296875,78.1637954711914,-2.457890033721924,28931716.0,19782.8359375,20001,23198.0,-35457652.968632,,,,,,,
-6.918046388626108,-0.11575484650491781,-1.015652414603666,-0.47035981441644437,0.0,1236.5367680975357,3974.5861789366804,42,753,32000,0.0003,83188.125,134.35711669921875,-1.4482873678207397,48569068.0,20137.080078125,22001,15907.5,-31697783.574953496,,,,,,,
-5.958885949254039,-0.30071771807256203,-0.3378159055697974,-0.9005393668528109,0.0,1054.0506933176537,-335.34939243032005,41,820,34000,0.0003,99487.5546875,207.15692138671875,-0.7085290551185608,100577600.0,29062.724609375,24001,15907.5,-31697783.574953496,,,,,,,
-5.911981627941121,-0.6229940138860851,-0.035120862675241886,-0.7588204773938211,0.0,818.7260794172653,-18.304642838648824,40,888,36000,0.0003,96943.9296875,260.3045959472656,0.5434961318969727,102141848.0,57792.8671875,26001,15907.5,-31697783.574953496,,,,,,,
-8.391792582273466,-0.40737478285598566,0.15924498876351334,-0.8796715839198382,0.0,1001.7012120761367,189.64989812684004,39,956,38000,0.0003,102868.4296875,256.3222351074219,-0.22836676239967346,132741696.0,44041.5546875,28001,15907.5,-31697783.574953496,,,,,,,
-6.938404757976533,-0.4161171262813044,-0.06065984575829541,-0.8838683925728492,0.0,993.142101627038,-71.28988731250581,39,1024,40000,0.0003,110930.8671875,275.2223815917969,-0.2636265158653259,139849056.0,37211.01171875,30001,15907.5,-31697783.574953496,,,,,,,
-4.985517232418062,-0.3286572852626827,0.16666191325580593,-0.9084470198741891,0.0,1036.7874121766185,132.75863838696378,38,1092,42000,0.0003,102736.34375,363.53668212890625,0.4753987193107605,175460992.0,39778.2890625,32001,15907.5,-31697783.574953496,,,,,,,
-3.426754891276359,-0.1397542925518708,0.033723555567130296,-0.9642217299697826,0.0,1124.7365001892088,18.378283146281635,37,1159,44000,0.0003,101301.703125,422.1193542480469,0.7595304250717163,315420640.0,58715.9921875,34001,15907.5,-31697783.574953496,,,,,,,
-3.9340809673070916,-0.2279094104536452,-0.10441339184979173,-0.9423718354603292,0.0,1086.9813642708846,-69.46583575011817,37,1227,46000,0.0003,89516.203125,485.701416015625,-0.6135376691818237,313356416.0,47421.4921875,36001,15907.5,-31697783.574953496,,,,,,,
-4.23052317380905,-0.26390519932814527,0.07264423943238463,-0.9339939466647388,0.0,1071.6221327937685,56.603143617770925,37,1294,48000,0.0003,84085.9375,535.4324951171875,-0.45727992057800293,446778048.0,88351.1171875,38001,15907.5,-31697783.574953496,,,,,,,
-4.148548024892807,-0.1786714473712707,-0.020007096038776165,-0.9580526395899968,0.0,1113.6141138459311,-11.503001235865687,36,1361,50000,0.0003,71954.9921875,551.9536743164062,0.23675253987312317,354023232.0,57845.34765625,40001,15907.5,-31697783.574953496,,,,,,,
-5.001137796640399,-0.32462104204608533,-0.11529903937992521,-0.9113286544890514,0.0,1036.0956168217879,-97.83319841263747,36,1428,52000,0.0003,72422.671875,562.770263671875,0.5873705744743347,479144320.0,61641.328125,42001,15907.5,-31697783.574953496,,,,,,,
-4.8612870901823095,-0.29548468816995743,0.18370601272611198,-0.9202454095409659,0.0,1063.5542730623604,158.12391106566955,36,1495,54000,0.0003,70498.7734375,483.8908996582031,0.4063694477081299,544309888.0,84992.4140625,44001,15907.5,-31697783.574953496,,,,,,,
-1.4198076885938635,-0.0440804575866963,0.07626166037751926,-0.9831547007533481,0.0,1164.7190951844034,17.589111602682564,35,1562,56000,0.0003,52745.7109375,357.01031494140625,0.47018834948539734,409281184.0,83332.2265625,46001,15907.5,-31697783.574953496,,,,,,,
1.300710668563844,0.04215480775916499,0.09741583639749243,-0.9821950463562744,0.0,1163.5127210812925,-19.38459641654909,35,1629,58000,0.0003,52338.4609375,301.8395690917969,-0.9872887134552002,493776384.0,109678.9765625,48001,15907.5,-31697783.574953496,,,,,,,
3.455901507735252,0.20507729052879048,0.06662940274880473,-0.9540891157467122,0.0,1108.973720954955,-46.06899690607963,35,1697,60000,0.0003,56394.796875,276.2591247558594,0.19351041316986084,463519104.0,91680.2265625,50001,15907.5,-31697783.574953496,,,,,,,
2.567299638390538,0.1580800529930878,-0.0881310696726141,-0.9599386649837225,0.0,1117.5896721133604,35.81629594233758,35,1764,62000,0.0003,41116.5546875,222.95948791503906,-0.16872566938400269,455113600.0,100661.1484375,52001,15907.5,-31697783.574953496,,,,,,,
3.8278141081333152,0.16305484466494696,0.11411327379484254,-0.9544554071207038,0.0,1108.5154664304023,-72.35931457822194,34,1832,64000,0.0003,38930.765625,190.481689453125,0.8682947754859924,430972736.0,112353.296875,54001,15907.5,-31697783.574953496,,,,,,,
4.70732552587987,0.3194082067813227,0.010077249462303246,-0.9035565159363464,0.0,1015.8253255991953,-28.49386528602247,34,1901,66000,0.0003,37686.34375,155.4457244873047,-0.4771755337715149,343402912.0,117808.4375,56001,15907.5,-31697783.574953496,,,,,,,
3.582215229868888,0.1827565197906197,-0.09993905017881122,-0.9330615794073118,0.0,1061.4045032244785,49.21928309455878,34,1969,68000,0.0003,34510.35546875,140.89100646972656,0.39643222093582153,303958944.0,107880.515625,58001,15907.5,-31697783.574953496,,,,,,,
5.459834822416293,0.23369955528593897,0.16158008528185522,-0.9119580552561459,0.0,1028.3344196859707,-142.62978575654202,34,2038,70000,0.0003,31604.67578125,131.6520233154297,-0.20716868340969086,276473696.0,94981.8828125,60001,15907.5,-31697783.574953496,,,,,,,
4.415548213720325,0.35012857310290924,-0.032426492322749585,-0.8511449055841244,0.0,924.8140605065154,46.48135014456009,34,2107,72000,0.0003,24247.755859375,140.2275390625,0.2147238552570343,528915520.0,157541.234375,62001,23938.333333333332,-28605889.331794996,,,,,,,
5.159227938055995,0.26287759284555023,0.23571112535285726,-0.8712080935095421,0.0,963.736485240617,-239.19878732644176,33,2177,74000,0.0003,26802.59765625,153.70565795898438,-0.4460400342941284,257193392.0,82245.4765625,64001,23938.333333333332,-28605889.331794996,,,,,,,
2.76276316404343,0.2532007954647328,-0.19529080154804365,-0.8469485045084363,0.0,898.3875052553781,71.91993141016853,33,2248,76000,0.0003,34606.6875,234.47027587890625,-0.9098731279373169,275689408.0,114488.5859375,66001,23938.333333333332,-28605889.331794996,,,,,,,
3.1525346124172238,0.09223883343597568,0.05792152938482874,-0.8749343977242784,0.0,929.1822263152217,-29.950082487294196,33,2319,78000,0.0003,38042.46875,419.2080383300781,-0.9724869728088379,336482880.0,103366.9296875,68001,23938.333333333332,-28605889.331794996,,,,,,,
5.9124139100313196,0.31114705840260704,0.09561308739854958,-0.7952818928815057,0.0,800.7067791424877,-130.57615328890225,33,2391,80000,0.0003,39373.2578125,713.514892578125,-1.2091255187988281,1033138752.0,123295.203125,70001,23938.333333333332,-28605889.331794996,,,,,,,
1.457761691212654,0.16106440488017676,-0.2256963875749331,-0.7915279222427811,0.0,782.6866646247274,31.497328956703406,33,2463,82000,0.0003,4559.9296875,1110.8865966796875,-0.6363601684570312,1658339712.0,221639.828125,72001,23938.333333333332,-28605889.331794996,,,,,,,
2.5740761005878414,0.044148932270739065,0.12952221433725172,-0.7977720568968872,0.0,777.9052843572955,-47.678586659149126,33,2535,84000,0.0003,-3610.78125,1199.5755615234375,-0.20300135016441345,1505241856.0,139431.09375,74001,23938.333333333332,-28605889.331794996,,,,,,,
5.242506879568098,0.2918704209506156,0.04229568841232535,-0.7036044932621568,0.0,638.4682655132839,-120.38533512406448,32,2608,86000,0.0003,-36707.0078125,653.7728271484375,2.216418981552124,925549632.0,145624.609375,76001,23938.333333333332,-28605889.331794996,,,,,,,
-6.685406878590586,-0.07252346227822028,-0.4853705486260761,-0.590643272570199,0.0,545.1148934411053,-364.0311838195281,32,2681,88000,0.0003,-45383.6171875,328.8548889160156,-0.46497267484664917,732539648.0,236274.109375,78001,23938.333333333332,-28605889.331794996,,,,,,,
-2.092696572542188,-0.7066351746584056,-0.26108728558225747,-0.21728596738867267,0.0,254.27968119954562,38.30242016944303,32,2754,90000,0.0003,-97326.4921875,660.951171875,-6.163779258728027,1392693760.0,247786.3125,80001,23938.333333333332,-28605889.331794996,,,,,,,
-14.630717382430976,-0.7016878249573966,0.11397728534712319,-0.4089501346786135,0.0,422.3087507027442,287.65011474215623,32,2827,92000,0.0003,-231389.546875,1353.4517822265625,-9.059835433959961,5362276352.0,405660.5625,82001,23938.333333333332,-28605889.331794996,,,,,,,
-8.389686385989181,-0.6951220005778185,0.03958883910885017,-0.6210439446270952,0.0,619.2537793089749,139.8255761521021,32,2900,94000,0.0003,-503845.84375,2527.210205078125,-8.953083038330078,8182726656.0,360948.1875,84001,23938.333333333332,-28605889.331794996,,,,,,,
-15.577565290331842,-0.7285243004064565,-0.23179706458005295,-0.5841346366954672,0.0,618.0686639175141,-189.0462541193637,32,2973,96000,0.0003,-762103.75,4408.9326171875,-7.41626501083374,14647810048.0,363314.09375,86001,23938.333333333332,-28605889.331794996,,,,,,,
13.382726872563369,0.5147141084098581,-0.32588325695899784,-0.6532464772803125,0.0,1297.7170742428366,862.8091187398361,32,3046,98000,0.0003,-1085620.625,7260.67626953125,-3.793529510498047,22015774720.0,543968.6875,88001,23938.333333333332,-28605889.331794996,,,,,,,
3.9914586925506677,0.17484527192277977,0.4911070003580596,-0.5210539426840064,0.0,797.1714821576384,-739.1637254981903,,,100000,0.0003,-1442611.0,10929.220703125,-2.6718862056732178,30150522880.0,508101.28125,90000,,,0.0,0.0,40000.0,-53918.93210589349,28274.913938065958,0.0,0.0
,,,,,,,23,4270,100000,0.0003,-1529475.375,10931.013671875,-3.1573617458343506,39609114624.0,697407.9375,90001,23938.333333333332,-28605889.331794996,,,,,,,
-13.845522157549848,-0.5860078649024598,0.06232291941920997,-0.7329938453277903,0.0,769.6139597058683,102.65969299199409,23,4341,102000,0.0003,-1952297.75,13332.2861328125,-1.3991477489471436,37919531008.0,987413.625,92001,23938.333333333332,-28605889.331794996,,,,,,,
-5.470554245710359,-0.26521190171634,-0.4287281199297146,-0.538624710303692,0.0,685.6823343408469,264.41623262491123,23,4413,104000,0.0003,-2388203.0,11858.8623046875,0.9172818064689636,56758099968.0,1687292.375,94001,23938.333333333332,-28605889.331794996,,,,,,,
16.587434782981823,0.7349481473566783,0.15726019357886364,-0.6489687313316188,0.0,1049.6117332099077,-373.8872698121424,23,4485,106000,0.0003,-2788383.5,8050.076171875,1.374114751815796,45591977984.0,1659766.375,96001,23938.333333333332,-28605889.331794996,,,,,,,
-7.779895174503325,-0.5425883439674856,0.5886775526938605,-0.5251720445000907,0.0,621.6464254507331,283.20075671188715,23,4557,108000,0.0003,-2866087.5,3873.96728515625,4.169734477996826,16912803840.0,800556.125,98001,23938.333333333332,-28605889.331794996,,,,,,,
0.6936083096265806,0.16115332928715884,0.3992224150943679,-0.8461002553814432,0.0,940.9563867036768,-43.41760852012581,23,4629,110000,0.0003,-2657925.0,2477.275634765625,-1.7169809341430664,8609244160.0,306128.09375,100001,23938.333333333332,-28605889.331794996,,,,,,,
9.742610368132585,0.41511003241823113,0.1410056696588703,-0.8105301478576501,0.0,870.9443746532953,170.30096778129126,23,4701,112000,0.0003,-2695163.5,3655.374267578125,-2.376908302307129,11480074240.0,531857.0625,102001,27953.75,-25993932.215222746,,,,,,,
11.479073318243023,0.2683922071246851,0.7985791829341504,-0.5646060684679501,0.0,875.7283654053476,-531.5008540334887,23,4773,114000,0.0003,-3364230.75,6211.80712890625,-0.22813570499420166,26958905344.0,776541.375,104001,27953.75,-25993932.215222746,,,,,,,
11.054752319455137,-0.06507635130013201,1.4445846193604763,-0.20271370807032035,0.0,1419.6935172397345,2985.3363687813408,23,4845,116000,0.0003,-4365873.5,9649.1064453125,-0.8038218021392822,30834839552.0,617384.625,106001,22937.0,-25708137.5463826,,,,,,,
5.916150135397904,0.03311465064281731,1.2848919760141309,-0.30259805758351904,0.0,1292.4003513899747,29.425245982084768,23,4918,118000,0.0003,-5051020.0,8739.966796875,0.33252671360969543,32249221120.0,1018619.3125,108001,19428.166666666668,-25458395.743277665,,,,,,,
-14.978416953682903,-0.472091919800385,0.2688137855729299,-0.4574678245945282,0.0,1038.663039126768,494.44410068510524,24,4990,120000,0.0003,-4557632.0,4832.43896484375,1.570467472076416,16050028544.0,359894.40625,110001,19428.166666666668,-25458395.743277665,,,,,,,
-0.4597646063566261,-0.41472503536807825,-0.5073935367241081,-0.3488742353528098,0.0,712.5388992338419,-726.1837196070242,24,5062,122000,0.0003,-4299767.0,4502.1943359375,0.04515288770198822,14714810368.0,656814.25,112001,19428.166666666668,-25458395.743277665,,,,,,,
4.7945541673898715,0.3246328659280925,-0.7835897056819126,-0.7130226211697471,0.0,941.5384338520022,380.6037116067271,24,5134,124000,0.0003,-4305518.0,3968.574951171875,-0.007347404956817627,10125848576.0,883275.0,114001,19428.166666666668,-25458395.743277665,,,,,,,
-4.6665187078714405,-0.3190497755533036,0.009745143259096154,-0.7722162420591143,0.0,771.7157952827495,-139.9630510579666,24,5206,126000,0.0003,-4346591.5,3872.8037109375,1.3634693622589111,15673196544.0,397995.0,116001,19428.166666666668,-25458395.743277665,,,,,,,
0.3503483879566194,-0.038607526236036936,0.2342131331035494,-0.7893729011506315,0.0,775.9699873694799,-24.604426531157074,24,5279,128000,0.0003,-4283809.5,3976.792724609375,0.12768180668354034,10654887936.0,402154.0625,118001,19428.166666666668,-25458395.743277665,,,,,,,
-2.345227810144424,-0.010735459159301028,-0.19148344714487472,-0.770524948428234,0.0,731.2583849503181,-56.43524048922332,24,5351,130000,0.0003,-4359154.0,3670.20947265625,-0.17437131702899933,12563574784.0,617940.875,120001,19428.166666666668,-25458395.743277665,,,,,,,
-3.3261763590574187,-0.23752093081046666,0.01611170753199048,-0.6982672898723062,0.0,614.8307905776024,-56.3636274640222,24,5424,132000,0.0003,-4250478.0,3291.919189453125,-0.09536217898130417,10926413824.0,568051.0625,122001,19428.166666666668,-25458395.743277665,,,,,,,
2.448934917449948,0.04739757120220559,0.1585126448978493,-0.6568731899944881,0.0,554.8347609584758,-54.75040239349616,24,5496,134000,0.0003,-3823521.0,2998.870361328125,-0.22624248266220093,8158573056.0,465950.84375,124001,19428.166666666668,-25458395.743277665,,,,,,,
-4.714823819994929,-0.1398746784155495,-0.2667276502009907,-0.6063153257774906,0.0,480.0641369014266,-132.2054274607463,24,5569,136000,0.0003,-3847679.5,2369.182861328125,0.0883919894695282,8069890560.0,418809.625,126001,19428.166666666668,-25458395.743277665,,,,,,,
-5.9464346218109165,-0.37075571202767604,0.053621543239324714,-0.44692669554195513,0.0,307.38683239020077,-128.60344411815908,24,5642,138000,0.0003,-3283173.5,2227.115966796875,0.3989279866218567,7670273024.0,305825.4375,128001,19428.166666666668,-25458395.743277665,,,,,,,
3.1929350453615197,0.0006173129235947836,0.1616305983367478,-0.3536204213535231,0.0,209.9513494437187,-53.73847277976782,24,5714,140000,0.0003,-3133846.0,2693.21630859375,-1.1093310117721558,7419006976.0,700864.8125,130001,19428.166666666668,-25458395.743277665,,,,,,,
-2.641269518136977,-0.1150331534227351,-0.16725973132471936,-0.3319951543332496,0.0,150.98769146116373,-26.562165242604713,24,5787,142000,0.0003,-2998181.25,3624.261962890625,-0.7656930088996887,7819930624.0,429020.5625,132001,19428.166666666668,-25458395.743277665,,,,,,,
-12.138393505811688,-0.3150907291631937,-0.031269242945747094,-0.2898235909705845,0.0,154.1385509590402,10.245181679604077,24,5859,144000,0.0003,-3034360.25,4177.2841796875,-0.711026668548584,12394223616.0,599349.125,134001,19428.166666666668,-25458395.743277665,,,,,,,
2.214345161914827,-0.11344210368626431,0.1707024960727886,-0.30662773194155274,0.0,141.52987276056578,-43.791042138986505,24,5932,146000,0.0003,-3034744.0,3870.89111328125,-0.2550889253616333,13191083008.0,551896.6875,136001,19428.166666666668,-25458395.743277665,,,,,,,
-4.739802079200745,-0.11082826021719692,-0.057490266821743664,-0.27125793379596463,0.0,96.30970111786486,-5.8258171202507985,24,6005,148000,0.0003,-2823090.25,3471.19140625,-0.6453931927680969,13232879616.0,966340.625,138001,19428.166666666668,-25458395.743277665,,,,,,,
-6.971113333702091,-0.20716355847046392,-0.14995452227854275,-0.23350483484175233,0.0,94.3308939936981,-17.81551108953969,24,6077,150000,0.0003,-2688818.0,3665.462646484375,-1.0384552478790283,8380833792.0,498238.4375,140001,19428.166666666668,-25458395.743277665,,,,,,,
-5.111529238224027,-0.1920396214328734,0.2676287752043732,-0.2265276228018704,0.0,116.97988478973656,38.62390896416639,24,6149,152000,0.0003,-2640712.5,3906.23583984375,-0.9901768565177917,8452968448.0,425828.8125,142001,19428.166666666668,-25458395.743277665,,,,,,,
2.2737650269269944,0.05989164985397305,-0.04240274855131454,-0.21571594941744185,0.0,62.306409918576705,-3.8896683734881026,24,6222,154000,0.0003,-2753221.5,4175.2529296875,0.08465036749839783,6975543296.0,207028.671875,144001,19428.166666666668,-25458395.743277665,,,,,,,
-2.6980660444498072,0.002379508360371505,0.014344236714375439,-0.23038892394738014,0.0,68.19559615672114,29.803682958793118,24,6294,156000,0.0003,-2905487.0,4095.320556640625,0.7143761515617371,10272352256.0,441861.21875,146001,19428.166666666668,-25458395.743277665,,,,,,,
-4.268379687666887,-0.1741180173651127,-0.36328742243362305,-0.7413122290102693,0.0,857.1737745085148,-128.46466884152196,24,6366,158000,0.0003,-2856071.0,3122.688720703125,0.5438100099563599,7829299200.0,366567.53125,148001,22367.0,-23444475.69272014,,,,,,,
-8.17887881755826,-0.5953706241107753,-0.22142734758315816,-0.7872011458899706,0.0,876.555530092855,-244.65339063787272,24,6439,160000,0.0003,-2655039.25,2744.249755859375,0.827163815498352,5401479680.0,354127.96875,150001,22367.0,-23444475.69272014,,,,,,,
-8.038403525352479,-0.7030905418438279,0.09070776141420821,-0.7331739121750214,0.0,802.4069096271012,93.41904871152694,24,6512,162000,0.0003,-2418769.0,2301.063232421875,-0.09355670213699341,6738685952.0,331044.28125,152001,22367.0,-23444475.69272014,,,,,,,
-9.834318477511388,-0.5447897067035933,0.03934293527460191,-0.8306854185120387,0.0,920.9968153725174,47.20074805026713,24,6584,164000,0.0003,-2192217.0,1791.661376953125,0.9358199238777161,9063993344.0,1005772.25,154001,22367.0,-23444475.69272014,,,,,,,
-7.84595755517483,-0.5743720261923656,0.010740300638538256,-0.8125866540901981,0.0,895.5974267722938,4.7321421795627945,24,6657,166000,0.0003,-1981717.625,1458.3582763671875,1.2023838758468628,5400817664.0,667136.3125,156001,22367.0,-23444475.69272014,,,,,,,
-7.475130112171174,-0.4236961413039729,0.13216371598038246,-0.8829915834371284,0.0,999.1884613089647,135.49464072022235,24,6729,168000,0.0003,-1781976.75,1297.205078125,1.3617191314697266,5761376256.0,981043.0625,158001,22367.0,-23444475.69272014,,,,,,,
-6.2933105152845386,-0.3714589152232982,-0.025967225098899333,-0.9084519587110086,0.0,1035.2754177252564,-13.318722395500181,24,6802,170000,0.0003,-1701984.375,1308.858154296875,1.3257904052734375,3954592000.0,299266.8125,160001,22367.0,-23444475.69272014,,,,,,,
-2.7359882181882833,-0.15523414471958472,0.16652564504303294,-0.9593087518714778,0.0,1153.4179178548575,108.10273973053796,25,6874,172000,0.0003,-1408696.625,1353.24462890625,-1.520117998123169,6744306688.0,480400.03125,162001,22367.0,-23444475.69272014,,,,,,,
-4.87437777400017,-0.22055873545834506,-0.1637900948083039,-0.947041815099239,0.0,1106.1799537678496,-118.30935740415524,25,6946,174000,0.0003,-1467464.875,1442.7100830078125,0.6579898595809937,8778182656.0,765695.4375,164001,22367.0,-23444475.69272014,,,,,,,
-7.456611009240141,-0.5008218962737702,-0.12325080520945013,-0.822453554011245,0.0,898.7914531479032,-165.50980606311876,25,7019,176000,0.0003,-1366034.25,1617.3851318359375,-0.3284705877304077,6285862912.0,678026.5625,166001,22367.0,-23444475.69272014,,,,,,,
-7.415782551169399,-0.4771432788166516,0.11151882031914293,-0.829882316408203,0.0,902.6400552568265,114.39153266596074,25,7091,178000,0.0003,-1430560.75,1698.1561279296875,-0.1491481363773346,5211877376.0,633657.9375,168001,22367.0,-23444475.69272014,,,,,,,
-9.835354607105277,-0.49440598417258946,-0.15852351040990503,-0.813732237474674,0.0,882.5715989987013,-202.60174193323945,25,7163,180000,0.0003,-1518631.125,1658.8160400390625,-0.09935319423675537,6708553728.0,393053.46875,170001,22367.0,-23444475.69272014,,,,,,,
-2.7516609495878237,-0.5011784454384423,0.47785733801152186,-0.7068793229327359,0.0,931.7221832498275,263.0915789390978,25,7235,182000,0.0003,-1270840.125,1677.4222412109375,-1.9291610717773438,28192899072.0,1790075.75,172001,22367.0,-23444475.69272014,,,,,,,
-1.720111525058746,-0.024663277171573215,-0.19930842600366397,-0.8000846733901908,0.0,800.9178275420799,-256.12355933830787,25,7307,184000,0.0003,-1529619.125,1567.027099609375,-0.26002275943756104,7367298048.0,345865.0,174001,22367.0,-23444475.69272014,,,,,,,
-11.64866863965989,-0.4326378287284472,-0.26635401885765697,-0.6449669748967598,0.0,596.796456584421,-340.87200098192005,25,7379,186000,0.0003,-1423305.125,1662.4156494140625,0.7098647356033325,10461004800.0,743205.5625,176001,22367.0,-23444475.69272014,,,,,,,
3.074864509105681,-0.1546038070006787,0.4501781562047999,-0.4101595749236516,0.0,477.4437129230194,-170.14781231384788,25,7451,188000,0.0003,-1682758.25,1631.3099365234375,0.46972933411598206,7907122688.0,418617.0625,178001,22367.0,-23444475.69272014,,,,,,,
-0.056186089515685225,0.00851062324587807,-0.10818949764764707,-0.42835774606788074,0.0,228.18318516980327,14.472364811818348,25,7522,190000,0.0003,-1552375.625,1684.525634765625,0.8022910356521606,5869993984.0,312202.5625,180001,22367.0,-23444475.69272014,,,,,,,
-10.29131078004837,-0.303863456254751,-0.12275926083660553,-0.31826323353842656,0.0,228.32241833804116,377.92256828004435,25,7594,192000,0.0003,-1737308.125,1816.370849609375,-0.4809005856513977,16153585664.0,749701.625,182001,22367.0,-23444475.69272014,,,,,,,
1.1975585055351259,0.1677917465138892,0.31581492157529256,-0.39410493518339706,0.0,403.16689232338763,-362.2351813262662,25,7666,194000,0.0003,-1539966.0,1958.927734375,0.016201436519622803,39287320576.0,1972443.0,184001,22367.0,-23444475.69272014,,,,,,,
3.3033471816778013,0.08802342271283722,-0.1481419992291964,-0.44597881912296816,0.0,251.67764776887185,45.08748821967208,25,7738,196000,0.0003,-1907571.75,1992.2598876953125,0.7625229358673096,12434108416.0,517500.625,186001,22367.0,-23444475.69272014,,,,,,,
-1.9118249076604854,-0.05746840795547579,-0.13215958634860403,-0.8090346403663631,0.0,860.5578613373982,-8.24876629511661,25,7810,198000,0.0003,-1881004.25,2000.8463134765625,0.9125523567199707,13449812992.0,1114424.125,188001,24571.125,-22727628.291734997,,,,,,,
-0.87980210840702,-0.09722773927383878,0.04090406915229884,-0.9486539467364629,0.0,1086.2117941721874,9.228856065672629,,,200000,0.0003,-1925652.0,1986.904541015625,0.0015510618686676025,52703789056.0,3063522.25,190000,,,0.0,0.0,40000.0,-37313.059164776685,2152.869583703273,0.0,0.0
,,,,,,,22,9019,200000,0.0003,-1707341.0,1986.91015625,0.7501785755157471,31416064000.0,1357690.75,190001,24571.125,-22727628.291734997,,,,,,,
0.42581905841827483,0.03749126509930593,0.0669537986338424,-0.9468741893716827,0.0,1080.719885412006,1.8845886640146567,22,9084,202000,0.0003,-2043905.0,1976.5487060546875,0.5291506052017212,10124699648.0,1238908.75,192001,24571.125,-22727628.291734997,,,,,,,
-1.0158037924766536,-0.014192414230934416,-0.10309052389843332,-0.9415822915912883,0.0,1069.263824325031,-4.69207213714143,22,9153,204000,0.0003,-2031304.5,2094.815185546875,0.19007426500320435,12927971328.0,1328402.5,194001,24571.125,-22727628.291734997,,,,,,,
-0.5832409656047812,-0.096474947840573,0.03314896539963536,-0.9344600549574021,0.0,1053.770426487658,13.272105363972445,22,9222,206000,0.0003,-1619713.0,2197.943115234375,0.47332435846328735,116545937408.0,3684663.25,196001,24571.125,-22727628.291734997,,,,,,,
-0.41132541954517376,0.03278234095255116,-0.015224542858415815,-0.9316550340491299,0.0,1063.101705191316,70.30069954228794,22,9293,208000,0.0003,-1794211.375,2095.9931640625,-1.0251914262771606,49249738752.0,2694999.75,198001,24571.125,-22727628.291734997,,,,,,,
-3.726632447242738,-0.30702820281715065,0.059140423823077264,-0.7878585546280785,0.0,1024.3504024396248,174.27706388671925,22,9364,210000,0.0003,-1845837.125,1977.31884765625,0.7346138954162598,21258493952.0,943573.375,200001,24571.125,-22727628.291734997,,,,,,,
0.9399903887510282,0.09971269378757083,-0.06459137418744029,-0.8288840109932788,0.0,917.4813163979671,-367.28387205428567,22,9435,212000,0.0003,-1698452.25,1916.70068359375,-0.33788612484931946,54902988800.0,1322025.125,202001,24571.125,-22727628.291734997,,,,,,,
-7.184678900241848,-0.3026176386482686,-0.3184317356580278,-0.7683854350427951,0.0,784.0528116712642,-288.393196687623,22,9506,214000,0.0003,-1646803.0,1976.997314453125,-0.08311453461647034,49414328320.0,1721063.75,204001,24571.125,-22727628.291734997,,,,,,,
-3.894590913057336,-0.31060702831411735,0.3183617780289517,-0.6028121879566459,0.0,685.4892778449168,0.5642693197862525,22,9578,216000,0.0003,-1910394.75,1926.32861328125,-1.7116974592208862,23086620672.0,1012400.875,206001,24571.125,-22727628.291734997,,,,,,,
-5.31956510424614,-0.19051511949964456,-0.14412580112150183,-0.6585364592541744,0.0,542.4209082120651,-112.58636919456623,22,9649,218000,0.0003,-2002214.625,1977.9129638671875,-0.40296319127082825,16584867840.0,779859.5,208001,24571.125,-22727628.291734997,,,,,,,
-10.341820714473727,-0.42174002016695655,-0.11001541294888321,-0.5411529161194331,0.0,437.65568501203643,11.464320661492387,22,9720,220000,0.0003,-1934098.5,2091.678955078125,0.26831188797950745,21615437824.0,662195.5625,210001,24571.125,-22727628.291734997,,,,,,,
-1.4954459279775634,-0.13559058705668367,0.17422045554213433,-0.6025667376307485,0.0,574.4439782924786,-8.242690505273966,22,9791,222000,0.0003,-1712702.25,2136.978271484375,0.7101011276245117,91521966080.0,3461319.5,212001,24571.125,-22727628.291734997,,,,,,,
-7.111374495029439,-0.24956160453072687,-0.08735056570743495,-0.593785193772607,0.0,445.90784821309677,-50.10840488216215,22,9862,224000,0.0003,-2036456.75,2186.83251953125,0.48323336243629456,20985636864.0,1487230.0,214001,24571.125,-22727628.291734997,,,,,,,
-9.806871472001076,-0.3790265566022159,0.14446370029050112,-0.5256914790430273,0.0,461.7689514324206,250.8643801386589,22,9934,226000,0.0003,-2201115.0,2312.697998046875,0.6605256199836731,14726963200.0,655327.375,216001,24571.125,-22727628.291734997,,,,,,,
-2.125176518559457,-0.1033733729717036,-0.09227061391007657,-0.6332295638340386,0.0,545.3272030668843,-185.71916285288364,22,10005,228000,0.0003,-2174898.0,2318.5390625,0.11321808397769928,50000117760.0,2930174.5,218001,24571.125,-22727628.291734997,,,,,,,
-7.114415284395225,-0.2907387960959151,-0.0997543643026904,-0.5961944286580064,0.0,458.0578215041764,-38.78196588105858,22,10076,230000,0.0003,-2321421.0,2348.448974609375,-0.4623837471008301,18852292608.0,655640.0,220001,24571.125,-22727628.291734997,,,,,,,
-10.025525203943253,-0.403726785899083,0.18433074093968907,-0.4883277287897224,0.0,408.7675190824878,-22.771232400215403,22,10147,232000,0.0003,-2353791.0,2481.284423828125,1.3698786497116089,36240662528.0,2302048.75,222001,24571.125,-22727628.291734997,,,,,,,
-6.471995706558228,-0.2519486653743631,-0.11884475824032249,-0.5397832996989731,0.0,388.4658541539368,-33.36826115313355,22,10219,234000,0.0003,-2352158.25,2569.926513671875,-0.15600945055484772,22695833600.0,2297821.75,224001,24571.125,-22727628.291734997,,,,,,,
-7.785100233554838,-0.31825100659711447,-0.11407060916206825,-0.5329653942851591,0.0,384.6379350754108,-36.18039286896136,22,10290,236000,0.0003,-2322171.0,2721.58935546875,0.8349546790122986,211987120128.0,6254634.5,226001,24571.125,-22727628.291734997,,,,,,,
-6.211747987866419,-0.15453753966770362,-0.07693043710429423,-0.7792339905410723,0.0,836.2736603890331,-86.29660085552224,22,10361,238000,0.0003,-2499474.0,2763.5546875,0.051653578877449036,22710337536.0,2595589.75,228001,26285.444444444445,-22112251.48170311,,,,,,,
-0.8709892886877063,-0.10301416791103264,-0.026308298552495276,-0.9331227449107059,0.0,1051.1759144350813,-1.6796636317423173,23,10432,240000,0.0003,-2831226.5,2804.0400390625,0.7935428619384766,108581543936.0,752816.625,230001,26285.444444444445,-22112251.48170311,,,,,,,
-1.400186948180197,-0.057138124992842085,0.050729381316710745,-0.9364289106669231,0.0,1055.3459691267276,22.418048158867457,23,10503,242000,0.0003,-2919832.75,2915.00634765625,-0.9126971364021301,34397749248.0,2388793.5,232001,26285.444444444445,-22112251.48170311,,,,,,,
-2.0602976894378653,-0.06404070498887636,-0.07802095915460797,-0.9343351090355166,0.0,1052.335597227642,-15.446220188166617,23,10574,244000,0.0003,-2762498.5,3190.692138671875,-0.9172475337982178,50051719168.0,4450839.5,234001,26285.444444444445,-22112251.48170311,,,,,,,
-1.5458287948369978,-0.15332241817974354,0.0039005685182250953,-0.9213049050142154,0.0,1027.8345439392729,3.440316737858339,23,10644,246000,0.0003,-2494257.25,3494.73486328125,-0.17056864500045776,104437145600.0,5732107.5,236001,26285.444444444445,-22112251.48170311,,,,,,,
-2.697121028900141,-0.08678676354600792,-0.0028156010101526357,-0.928690027446647,0.0,1042.8602817895362,40.900974521132134,23,10715,248000,0.0003,-3138972.5,3398.91748046875,-0.01280231773853302,107213119488.0,2198807.25,238001,26285.444444444445,-22112251.48170311,,,,,,,
-6.394802392125128,-0.3315756936199171,-0.1811687329549785,-0.8390669293742405,0.0,907.1033810836003,-223.20829696228023,23,10786,250000,0.0003,-3072376.0,3605.7177734375,-0.6010392904281616,58045636608.0,2749169.0,240001,26285.444444444445,-22112251.48170311,,,,,,,
-4.109042841792107,-0.33475345488990144,0.13761561371066117,-0.8260994437639361,0.0,866.4716403286606,100.38594229234327,23,10857,252000,0.0003,-2425562.0,3666.375244140625,-0.3484594523906708,41178972160.0,3694985.0,242001,26285.444444444445,-22112251.48170311,,,,,,,
-6.268858364820485,-0.2560832783715177,-0.1692591375488713,-0.8427695694271748,0.0,904.3521599175609,-147.90539138687228,23,10928,254000,0.0003,-3273025.75,3630.93896484375,-0.05466762185096741,32942743552.0,650427.125,244001,26285.444444444445,-22112251.48170311,,,,,,,
-7.650806080698968,-0.5651961614626212,-0.07472398845932228,-0.6558747051265251,0.0,629.8370887717938,-192.47922138532533,23,10999,256000,0.0003,-2872218.25,3774.743896484375,0.7185825109481812,310614163456.0,6866010.0,246001,26285.444444444445,-22112251.48170311,,,,,,,
-2.834986057877541,-0.2279864765011642,0.324747119815113,-0.6744464968780344,0.0,657.3139726660164,110.40389845165944,23,11070,258000,0.0003,-3141865.0,3910.09716796875,2.0614707469940186,58516180992.0,1634250.25,248001,26285.444444444445,-22112251.48170311,,,,,,,
-6.344167316555975,-0.25952031643962586,-0.25230427895169816,-0.6533873592518121,0.0,563.9395681898542,-213.12774795089382,23,11141,260000,0.0003,-2770616.75,4336.2509765625,-1.5497297048568726,78958641152.0,5337840.5,250001,26285.444444444445,-22112251.48170311,,,,,,,
-10.021489636898046,-0.5829254281222689,-0.19995839156282738,-0.41769338143780294,0.0,338.42724665073285,-75.9132342384407,23,11212,262000,0.0003,-3171555.25,4288.9541015625,0.2707746624946594,95238144000.0,1303375.625,252001,26285.444444444445,-22112251.48170311,,,,,,,
1.6475717425346497,-0.5927682060219767,0.3998701993970746,-0.4957534963540634,0.0,556.2210194676903,353.5793897162255,23,11283,264000,0.0003,-3289296.75,4681.75537109375,0.9332432746887207,78327398400.0,1886465.875,254001,26285.444444444445,-22112251.48170311,,,,,,,
-5.5344499117136,-0.19709218102166873,-0.114104067102244,-0.7091052371189623,0.0,649.3054120734954,-163.69439246853796,23,11355,266000,0.0003,-3635002.0,4932.59814453125,0.587910532951355,68691197952.0,2580236.5,256001,26285.444444444445,-22112251.48170311,,,,,,,
-14.320905048847195,-0.5016054255421798,-0.2117988913817137,-0.5103589635563943,0.0,424.7764359924208,-234.18724857911093,23,11427,268000,0.0003,-3705790.5,5134.65966796875,-0.3873617947101593,69250695168.0,2989661.5,258001,26285.444444444445,-22112251.48170311,,,,,,,
6.834663650393491,-0.7011528559876505,0.1553914059437416,-0.4231114378033304,0.0,460.068970321419,295.5582653158319,23,11499,270000,0.0003,-3715135.25,5162.91845703125,-0.4746851921081543,39059709952.0,3428642.75,260001,26285.444444444445,-22112251.48170311,,,,,,,
-5.519599592685703,-0.1374798245553074,0.16173361497365574,-0.6266779865361484,0.0,556.6362866992581,-145.99293304023786,23,11571,272000,0.0003,-4203780.0,5420.748046875,0.9673507213592529,130699526144.0,1861511.625,262001,26285.444444444445,-22112251.48170311,,,,,,,
-10.320073311924945,-0.3231295571915404,-0.2387959370975224,-0.5393420887984657,0.0,422.8573208109887,-232.59544695296105,23,11643,274000,0.0003,-3259578.0,5814.5322265625,-1.284621000289917,328586887168.0,5442758.0,264001,26285.444444444445,-22112251.48170311,,,,,,,
0.08480173289775118,-0.5955231302092803,-0.09907212920202983,-0.3940273464957695,0.0,313.4364381036728,96.8046215769093,23,11716,276000,0.0003,-4476383.0,5784.93017578125,-0.05428144335746765,151167369216.0,1564232.125,266001,26285.444444444445,-22112251.48170311,,,,,,,
-3.824345750808715,-0.34439944537500883,-0.16742120667586058,-0.7462540626523745,0.0,888.3813734383456,-250.33538574371147,23,11788,278000,0.0003,-4589694.5,5725.41259765625,-0.25931811332702637,59954221056.0,866395.75,268001,27656.9,-21634764.5016072,,,,,,,
-3.247440276741975,-0.6420211093036466,-0.07092752737167679,-0.7113581619544826,0.0,770.0456815838164,-97.3914800847149,23,11860,280000,0.0003,-4659455.5,5500.548828125,0.686438798904419,49652744192.0,941717.0625,270001,27656.9,-21634764.5016072,,,,,,,
-2.9061925667524324,-0.11021688318177197,0.43121260161428465,-0.8085412915667948,0.0,941.9871678121345,150.42021931629793,23,11932,282000,0.0003,-4555530.0,5485.43603515625,-0.03849398344755173,58569736192.0,5233242.5,272001,27656.9,-21634764.5016072,,,,,,,
-6.670426452755929,-0.21901973495707577,-0.37087172909678034,-0.781898017243924,0.0,813.3712287738335,-348.21190427809375,23,12004,284000,0.0003,-4834799.0,5628.93994140625,0.22368517518043518,96628424704.0,1224752.5,274001,27656.9,-21634764.5016072,,,,,,,
-3.453895750641838,-0.4201678808558987,0.24209599418405747,-0.5532608919747225,0.0,483.9868148719796,-172.45358016435503,23,12075,286000,0.0003,-5106186.5,5836.259765625,0.3647964596748352,63685558272.0,4059429.0,276001,27656.9,-21634764.5016072,,,,,,,
1.6992982298135706,0.03977377178721572,0.09401150676343163,-0.528360716054125,0.0,380.2842809664985,-61.52286971436307,23,12147,288000,0.0003,-5244027.0,6223.19775390625,-0.3335611820220947,125235691520.0,3264120.75,278001,27656.9,-21634764.5016072,,,,,,,
-7.6223293912410774,-0.1802465195542616,-0.3015642301331126,-0.45995075737218527,0.0,316.4593583239103,-179.07090109333015,23,12219,290000,0.0003,-5191806.0,6594.5302734375,-1.7727618217468262,124210053120.0,5031724.5,280001,27656.9,-21634764.5016072,,,,,,,
-5.065849207043639,-0.31861819414524234,0.18250655300881669,-0.3184028475940554,0.0,172.37044499901378,-2.871020613183228,23,12290,292000,0.0003,-5369446.0,6707.62890625,0.21720227599143982,204825591808.0,9088323.0,282001,27656.9,-21634764.5016072,,,,,,,
6.146998257040972,0.054166124712528595,0.24250612914141906,-0.2682222335790507,0.0,132.67623799938374,-61.78475901463121,23,12362,294000,0.0003,-5637985.0,6902.3994140625,1.1436902284622192,90348462080.0,1119239.75,284001,27656.9,-21634764.5016072,,,,,,,
-1.7301132154464727,0.1315990829065257,-0.12933301687625692,-0.2204919482267263,0.0,77.26812842068887,25.09359153305454,23,12433,296000,0.0003,-5753905.5,6111.0537109375,0.8728641271591187,71758594048.0,1264534.375,286001,27656.9,-21634764.5016072,,,,,,,
-11.595244764089582,-0.20892306186755313,-0.08934707634035868,-0.10374312641450313,0.0,99.02644841167101,-23.01999211536379,23,12505,298000,0.0003,-5902603.0,5900.8056640625,-0.647619903087616,81135697920.0,1251192.0,288001,27656.9,-21634764.5016072,,,,,,,
3.1480351120233525,-0.15196229747947254,0.01176161240493009,-0.18279531572054863,0.0,68.83861030976988,58.69326646442919,,,300000,0.0003,-5752277.0,5760.458984375,0.0035253912210464478,99265224704.0,1913590.75,290000,,,0.0,0.0,40000.0,-28685.839556755403,4547.568027141958,0.0,0.0
,,,,,,,21,13723,300000,0.0003,-5779606.0,5760.080078125,-0.5343127846717834,242031394816.0,4451941.5,290001,27656.9,-21634764.5016072,,,,,,,
10.768160974383365,0.1508953107621719,0.2866611212697518,-0.06834329520219415,0.0,73.70832138413377,-54.829944738699346,21,13791,302000,0.0003,-5731925.5,5701.67724609375,-1.1905864477157593,83425771520.0,4517292.5,292001,27656.9,-21634764.5016072,,,,,,,
0.12293862938881052,0.39944752642627973,0.10720826171607442,0.03588847830604517,0.0,60.536693296712194,31.577616163896977,21,13859,304000,0.0003,-5153886.0,5617.75830078125,-0.2646506130695343,86406111232.0,6419962.5,294001,27656.9,-21634764.5016072,,,,,,,
11.247894495129565,0.2536467170779693,-0.2846248564354416,-0.18827079335698818,0.0,257.3902646847887,152.3594098894872,21,13927,306000,0.0003,-5320718.5,5517.81884765625,-1.2096012830734253,486076252160.0,7219674.0,296001,27656.9,-21634764.5016072,,,,,,,
-6.820329498052595,-0.0978566598153377,-0.28062133536243095,-0.37481433203694986,0.0,225.80549098646347,-97.06808690605645,22,13997,308000,0.0003,-5327065.0,5569.7841796875,-0.9429014325141907,65915355136.0,1526886.125,298001,27656.9,-21634764.5016072,,,,,,,
-5.3292673158645805,-0.30390390909038384,-0.010534551421747196,-0.26413240452039866,0.0,146.36420593202828,90.9604528883538,22,14068,310000,0.0003,-5361052.5,5839.63916015625,-0.38146013021469116,75826012160.0,1523151.125,300001,27656.9,-21634764.5016072,,,,,,,
0.9297496175765982,-0.22211724205450173,0.3682135455281385,-0.3843308306894265,0.0,294.13103426941626,59.611180796668805,22,14138,312000,0.0003,-5089646.5,5953.9130859375,-0.704033374786377,713042427904.0,5211501.5,302001,27656.9,-21634764.5016072,,,,,,,
-0.47580002844333974,0.21918000501045054,-0.030325264987667647,-0.38196154661663845,0.0,212.9914654599517,-33.41845862070686,22,14212,314000,0.0003,-5466072.0,5898.43115234375,1.0737175941467285,70360285184.0,4581595.5,304001,27656.9,-21634764.5016072,,,,,,,
-10.708495041728026,-0.18992628897573147,-0.22143685546163275,-0.2174954285208537,0.0,148.46755056795567,-134.64354621055617,22,14284,316000,0.0003,-5434542.5,6062.259765625,0.5961496829986572,249685835776.0,3964296.75,306001,27656.9,-21634764.5016072,,,,,,,
-0.21800338268280123,-0.049415836534678244,-0.0414649063011825,-0.7673273542879234,0.0,890.4634707286846,75.52956719877658,22,14356,318000,0.0003,-5801274.5,6247.19140625,1.082179307937622,82671403008.0,854149.0,308001,28779.0,-20483897.72687309,,,,,,,
2.4468160563707406,0.1213762332669953,0.06098514473554061,-0.9883315710636311,0.0,1178.7494256081118,-16.556786035387887,22,14428,320000,0.0003,-5815332.0,6345.15869140625,0.29670074582099915,251727478784.0,4210192.0,310001,28779.0,-20483897.72687309,,,,,,,
3.9228006625175476,0.229159696233989,0.0671972086374797,-0.9651989643915895,0.0,1136.7656210236958,-42.11948806444035,22,14500,322000,0.0003,-5885077.5,6526.515625,-1.787217378616333,93644390400.0,2465033.5,312001,28779.0,-20483897.72687309,,,,,,,
4.418040475845352,0.2525871752252459,-0.023926824928250684,-0.9596075103182877,0.0,1125.0967297179534,20.607503117893643,22,14572,324000,0.0003,-6346599.5,6854.04931640625,0.7459828853607178,109092864000.0,1763328.25,314001,28779.0,-20483897.72687309,,,,,,,
4.8557752102613385,0.25179058923435244,0.037527511597640145,-0.959354561890543,0.0,1124.8800765786987,-27.614476661569338,22,14645,326000,0.0003,-6652316.0,7015.31689453125,0.8527054190635681,110427373568.0,1047569.0625,316001,28779.0,-20483897.72687309,,,,,,,
5.268520970940586,0.32191366635855573,0.029793186342056504,-0.936031381707424,0.0,1084.002736527451,-24.497481052223176,22,14717,328000,0.0003,-7115276.5,7743.30712890625,0.09785428643226624,89607389184.0,1001179.75,318001,28779.0,-20483897.72687309,,,,,,,
5.281156829595571,0.29320546980544365,-0.04670407375016292,-0.9457335278946379,0.0,1100.745587373673,41.59498949030286,22,14790,330000,0.0003,-7089125.0,7768.10693359375,0.6050471067428589,306953060352.0,5357412.0,320001,28779.0,-20483897.72687309,,,,,,,
5.200158498883248,0.27435277283641224,0.028897252577551793,-0.9520951845488178,0.0,1111.5740930175496,-22.332029500972393,22,14862,332000,0.0003,-6940098.0,7838.45361328125,1.4882160425186157,421202493440.0,13046562.0,322001,28779.0,-20483897.72687309,,,,,,,
5.290659395456314,0.32640220890556715,0.011931352739359335,-0.9343954470205166,0.0,1080.812476929489,-8.458129626892582,22,14934,334000,0.0003,-7715966.5,8553.0224609375,-0.017504826188087463,1855034490880.0,13938814.0,324001,28779.0,-20483897.72687309,,,,,,,
5.448834646344185,0.2921246723451012,-0.02899666381798911,-0.9463622585126441,0.0,1101.5067122586356,27.379836422355957,22,15006,336000,0.0003,-8323236.5,8647.6796875,0.7164509892463684,249544671232.0,1228134.375,326001,28779.0,-20483897.72687309,,,,,,,
5.642321126461031,0.3120186832402085,0.04530604700430421,-0.9390140292679302,0.0,1088.9664905092382,-39.60616379254123,22,15079,338000,0.0003,-8765666.0,8542.921875,-0.605790376663208,249131859968.0,3400234.25,328001,28779.0,-20483897.72687309,,,,,,,
5.335089766383169,0.330679425796264,-0.03755471464666724,-0.9318634615563078,0.0,1076.5107525834064,34.71992551890324,22,15151,340000,0.0003,-8313835.0,8476.6103515625,0.04835282266139984,151813324800.0,8007640.5,330001,28779.0,-20483897.72687309,,,,,,,
5.194931177496912,0.2645928568294782,-0.014406645323237046,-0.9542752589182856,0.0,1115.018756297821,14.43685698473103,22,15224,342000,0.0003,-8748870.0,8350.501953125,-0.396231472492218,508237119488.0,1304756.375,332001,28779.0,-20483897.72687309,,,,,,,
5.246421005725858,0.30485591042204,0.03671492315855868,-0.9405312300410429,0.0,1090.8582983483875,-30.79057012282401,22,15296,344000,0.0003,-8828254.0,7894.2080078125,0.9241483211517334,132221050880.0,2343767.0,334001,28779.0,-20483897.72687309,,,,,,,
4.9274191296100724,0.29075835873551503,-0.049896784831775606,-0.9444957239114967,0.0,1097.687144119264,42.815860294573056,22,15368,346000,0.0003,-8522468.0,7169.95068359375,-0.38526400923728943,161603829760.0,1819459.0,336001,28779.0,-20483897.72687309,,,,,,,
4.895794497728344,0.24568493059329402,0.014273718646167504,-0.958648566451179,0.0,1122.1429909189012,-8.33451741196487,22,15441,348000,0.0003,-7918676.0,6664.95751953125,-0.21095439791679382,331829346304.0,7141430.5,338001,28779.0,-20483897.72687309,,,,,,,
4.835642894506451,0.29639255660730196,0.010020958556769212,-0.9420708039547467,0.0,1092.7479642370151,-8.26107019023674,22,15513,350000,0.0003,-7340824.5,6588.1376953125,0.09724843502044678,318591074304.0,5145865.5,340001,28779.0,-20483897.72687309,,,,,,,
4.413431679606438,0.2421981449831661,-0.05415118214018999,-0.957346288220269,0.0,1119.3777549604326,42.44555231444945,22,15585,352000,0.0003,-7102801.0,7819.37744140625,-0.3563804030418396,1004615106560.0,7855392.0,342001,28779.0,-20483897.72687309,,,,,,,
1.4242650371789887,0.10794545819198521,-0.31495485313341015,-0.9623107622487364,0.0,1216.3015217088123,53.43645412438689,22,15657,354000,0.0003,-8022365.5,14037.6669921875,-0.4522368311882019,854541598720.0,2900632.75,344001,28779.0,-20483897.72687309,,,,,,,
-11.240426666736596,-0.5746353354297864,-0.45164419266475203,-0.7479670372910782,0.0,880.9263723669845,-555.285173010435,22,15729,356000,0.0003,-10210049.0,21886.005859375,1.2146971225738525,270606729216.0,2235735.5,346001,28779.0,-20483897.72687309,,,,,,,
-5.626431099176404,-0.13707105774543288,-0.5828287825296724,-0.7512554391986266,0.0,1001.2410150264134,-109.7983156906589,22,15801,358000,0.0003,-11788734.0,19502.2734375,1.5901954174041748,267212652544.0,2690037.0,348001,29714.083333333332,-20686438.342248414,,,,,,,
-4.348052499294298,-0.17602626351813985,-0.49514576468931587,-0.5724847024803986,0.0,759.9740231962057,133.0431971819455,22,15874,360000,0.0003,-10262386.0,9564.31640625,2.7386298179626465,1699173367808.0,9402763.0,350001,29714.083333333332,-20686438.342248414,,,,,,,
11.224636297821995,0.4784193412822821,-0.23341990396861143,-0.7989190242287942,0.0,1506.7321368991768,702.826532172547,22,15946,362000,0.0003,-9532868.0,6264.68994140625,0.10504984855651855,244845150208.0,2917662.0,352001,29714.083333333332,-20686438.342248414,,,,,,,
9.606049038767802,0.4942059839278739,0.18104519060642005,-0.8004052082973027,0.0,1472.8401940062683,-543.0844441084732,22,16018,364000,0.0003,-9149597.0,6157.17431640625,-1.4611883163452148,145532239872.0,4630482.5,354001,29714.083333333332,-20686438.342248414,,,,,,,
5.120861436724671,0.6165575431687875,-0.12975233068206576,-0.7209647007809977,0.0,1222.9530441717648,370.3870496303129,22,16090,366000,0.0003,-8351572.0,6257.3037109375,0.05335955321788788,1864166539264.0,13584699.0,356001,29714.083333333332,-20686438.342248414,,,,,,,
7.906848744153989,0.33265171006102756,-0.08243140780957832,-0.8794567030094985,0.0,1778.7971077025793,243.0981447854736,22,16163,368000,0.0003,-8575246.0,7089.2841796875,0.006473541259765625,127139037184.0,1487536.75,358001,29714.083333333332,-20686438.342248414,,,,,,,
7.789060645699491,0.4390171997602959,0.14950795049131088,-0.8262956700665893,0.0,1566.610669701178,-425.6948814004299,22,16235,370000,0.0003,-8350326.0,7115.47705078125,-0.6363415718078613,343721115648.0,3713707.5,360001,29714.083333333332,-20686438.342248414,,,,,,,
5.9917143714427885,0.468867287513369,-0.15740955020436104,-0.8093216544907578,0.0,1511.7536175493747,444.1443801618412,22,16307,372000,0.0003,-8182591.5,6114.5224609375,0.7513402700424194,162279686144.0,1793574.875,362001,29714.083333333332,-20686438.342248414,,,,,,,
6.92663879275322,0.2975358373633952,0.03680128207013212,-0.8946993161059931,0.0,1842.0807392707914,-102.97630186289688,22,16379,374000,0.0003,-8098512.0,5792.2666015625,-0.5460937023162842,115868155904.0,1218269.0,364001,29714.083333333332,-20686438.342248414,,,,,,,
6.727758961319923,0.4977826191064368,0.14847683839871567,-0.7921212154479923,0.0,1447.32114929506,-417.0508128974961,22,16451,376000,0.0003,-7530672.0,6018.7724609375,-1.4978890419006348,320903348224.0,9005545.0,366001,29714.083333333332,-20686438.342248414,,,,,,,
7.365650359392166,0.44455849150382776,-0.1895306630353554,-0.8181282916689788,0.0,1554.175700245565,530.8275904791077,22,16523,378000,0.0003,-7514856.5,6355.12060546875,-1.0739802122116089,327365427200.0,3912446.0,368001,29714.083333333332,-20686438.342248414,,,,,,,
8.167490515708934,0.36549997969563175,0.11414271384543082,-0.8625670915082323,0.0,1709.2127165643046,-337.02684789489444,22,16595,380000,0.0003,-6348479.5,6706.98291015625,0.36067700386047363,674785263616.0,21446044.0,370001,29714.083333333332,-20686438.342248414,,,,,,,
5.480912876725192,0.5786324775445468,0.06470661860093804,-0.7427747893140608,0.0,1282.6149827792674,-185.50963838282456,22,16668,382000,0.0003,-8153062.5,7307.79638671875,0.47152459621429443,483944464384.0,5219380.5,372001,29714.083333333332,-20686438.342248414,,,,,,,
8.928149906992934,0.4145367802431432,-0.16013186697480442,-0.8300911238770005,0.0,1604.3350179791012,466.9428947611827,22,16740,384000,0.0003,-8097580.0,7295.42919921875,-0.795741856098175,153491046400.0,1306957.625,374001,29714.083333333332,-20686438.342248414,,,,,,,
9.569574569463718,0.4504466289857499,0.16886295883478586,-0.8117549974164617,0.0,1531.5523373105716,-510.73839810674286,22,16812,386000,0.0003,-7616512.0,7437.72998046875,-0.3345247507095337,262107643904.0,12423454.0,376001,29714.083333333332,-20686438.342248414,,,,,,,
4.5589204657077795,0.6304205583612972,-0.04909005652695799,-0.7014386305438594,0.0,1173.978370225911,141.40538321235368,22,16884,388000,0.0003,-8630002.0,7653.7587890625,0.5431860089302063,412883681280.0,6513027.5,378001,29714.083333333332,-20686438.342248414,,,,,,,
9.234527075886726,0.38958134803829914,-0.08379394560721287,-0.8410811171918412,0.0,1645.4538012125806,263.0795116811793,22,16958,390000,0.0003,-7296090.0,7675.5341796875,0.22931796312332153,3251775209472.0,21807498.0,380001,29714.083333333332,-20686438.342248414,,,,,,,
10.02036013245583,0.5368462746105315,0.20737251876384336,-0.7484656567311674,0.0,1342.4250425372736,-614.9035056696914,23,17031,392000,0.0003,-8831304.0,7548.51953125,-0.8797214031219482,1170067030016.0,11570364.0,382001,29714.083333333332,-20686438.342248414,,,,,,,
4.328895949721338,0.6722854917625884,-0.1384567914054148,-0.6692164179874648,0.0,1096.5311446543553,409.2431362130189,23,17103,394000,0.0003,-8951071.0,7614.1396484375,-1.1985020637512207,281923059712.0,2069206.125,384001,29714.083333333332,-20686438.342248414,,,,,,,
9.844752168059344,0.4192588345707674,-0.005834726603399313,-0.8328570875515343,0.0,1598.2309369831078,30.855279093831367,23,17175,396000,0.0003,-8829757.0,8872.1083984375,-0.3680059313774109,974608400384.0,19929344.0,386001,29714.083333333332,-20686438.342248414,,,,,,,
4.873197384476656,0.1357208943045541,0.9460403250587043,-0.4520836065575399,0.0,1217.6677612561327,-696.6739624954436,23,17247,398000,0.0003,-10994045.0,11883.89453125,-0.5594279766082764,1508039458816.0,4082942.0,388001,30505.30769230769,-21088983.723861996,,,,,,,
2.5148616546392386,-0.19863577927013548,1.1075815116624805,-0.4047711697916298,0.0,1535.8606897629857,11657.2713311899,,,400000,0.0003,-15965162.0,26207.763671875,-4.933791160583496,922679115776.0,5842008.0,390000,,,0.0,0.0,40000.0,-3879688643.060811,110637519.28183441,0.0,0.0
,,,,,,,21,18475,400000,0.0003,-14435831.0,26218.86328125,-5.885951995849609,3033389334528.0,32661346.0,390001,28517.14285714286,-21332640.736663926,,,,,,,
18.933192890882516,-0.07779599836220207,2.1470282879618385,0.16280882013923614,0.0,3108.048295455288,36018.9098498385,21,18544,402000,0.0003,-23927408.0,48122.61328125,-4.426125526428223,1153125056512.0,3240539.25,392001,25120.625,-21666483.887529876,,,,,,,
18.473680427670487,0.17341902023979994,1.923960178514306,-0.16323739147892558,0.0,2304.8743147862665,17093.240978200454,21,18614,404000,0.0003,-30822272.0,65962.4453125,-0.5733333826065063,1190539558912.0,2634606.75,394001,23723.647058823528,-21804427.652435824,,,,,,,
18.15703369677064,-0.052690395482971546,2.06119110794278,0.16322134263994142,0.0,2687.2510383300623,27263.756050727705,21,18685,406000,0.0003,-35812724.0,78489.6015625,0.20348268747329712,2406914981888.0,11894002.0,396001,22481.722222222223,-21926942.098066002,,,,,,,
18.0337388926745,0.11151648662468441,1.8937940300528715,-0.18510326043080225,0.0,2510.138181464419,24129.101164612493,21,18757,408000,0.0003,-39485144.0,75239.359375,-0.08721370995044708,2402945073152.0,5526794.5,398001,20373.4,-22135625.149660602,,,,,,,
18.123774130940394,0.08615276292624442,1.8699761943434923,0.017177045530718017,0.0,2223.4484065921865,19933.35698543411,21,18829,410000,0.0003,-40905456.0,60946.265625,2.383455753326416,3251363381248.0,8139989.5,400001,19471.904761904763,-22225232.68834153,,,,,,,
15.980177379250543,-0.012417428328307249,1.880314286837382,-0.04088335637315209,0.0,2927.1485967366516,34000.62304990069,21,18902,412000,0.0003,-40624408.0,44761.921875,1.6351860761642456,3763496812544.0,10683012.0,402001,17899.956521739132,-22381182.485575,,,,,,,
2.7259247040748598,0.14516075817968324,0.13512934237221041,-0.9723290224369474,0.0,1149.5332015136426,-58.734156542672025,21,18975,414000,0.0003,-38839704.0,46143.7265625,-1.198440432548523,2310773669888.0,6070133.0,404001,17899.956521739132,-22381182.485575,,,,,,,
4.086994989514348,0.2579330229450976,0.012982682415069523,-0.9492468425689953,0.0,1102.3505081636479,-5.120179571001824,21,19048,416000,0.0003,-38934240.0,49319.515625,-1.0817874670028687,5026667298816.0,18827262.0,406001,17899.956521739132,-22381182.485575,,,,,,,
5.5156419879198015,0.2751680976779388,0.04666866987888301,-0.9430748435228753,0.0,1091.9961476885426,-38.962636585313255,21,19123,418000,0.0003,-42253472.0,53244.27734375,-0.8235150575637817,6269289627648.0,13854389.0,408001,17899.956521739132,-22381182.485575,,,,,,,
6.125278316736223,0.3738551793133695,0.052170520151998606,-0.9041264340644103,0.0,1025.2741159877567,-53.319633040317555,21,19197,420000,0.0003,-42163412.0,59447.7578125,-1.0275194644927979,4396629360640.0,8011401.5,410001,17899.956521739132,-22381182.485575,,,,,,,
10.107138417363181,0.3991568002146108,0.17395001717850792,-0.863211771391345,0.0,1017.4669574833345,-146.47484801863507,21,19271,422000,0.0003,-45174668.0,72057.234375,-0.19684359431266785,7475177193472.0,17149594.0,412001,17899.956521739132,-22381182.485575,,,,,,,
19.22114042282103,0.15600301604242628,1.646524950092782,-0.12083419950642556,0.0,1815.3403106211642,14382.0025961431,21,19345,424000,0.0003,-49264088.0,96724.859375,-0.9149422645568848,7786006577152.0,19821926.0,414001,17628.791666666668,-22679764.175071165,,,,,,,
19.133918073177316,-0.08043058665027074,2.094752454691672,0.13934149992871436,0.0,3156.4221796295446,41280.239623899484,21,19419,426000,0.0003,-58922216.0,133698.15625,-0.5277188420295715,24269610287104.0,38885216.0,416001,16378.846153846154,-22781304.426050767,,,,,,,
19.16531402587892,0.21001126091937647,1.9311352210400559,-0.1038425070802162,0.0,2311.281942203179,18115.918359196367,21,19493,428000,0.0003,-65257796.0,170665.78125,-0.840927243232727,12301797163008.0,21897852.0,418001,15822.62962962963,-22826597.322503593,,,,,,,
19.027413603663465,-0.07225645247263893,2.12958583284043,0.17779425145906536,0.0,3122.7869368639194,39066.279117821934,21,19568,430000,0.0003,-76585376.0,209544.875,1.0400058031082153,17972152238080.0,15150799.0,420001,14826.206896551725,-22907724.75630555,,,,,,,
19.018998260498083,0.16164924981049852,1.8969597395537325,-0.16717899014216922,0.0,2323.778798549643,18580.821815478237,21,19642,432000,0.0003,-86308896.0,248148.234375,0.16221091151237488,27490516992000.0,20610770.0,422001,14377.6,-22944387.410181034,,,,,,,
19.00075670361521,-0.016348290330824078,2.0117055683038534,0.13950533087528125,0.0,2615.3242510417845,26352.18923644965,22,19716,434000,0.0003,-99520536.0,304976.4375,-1.2882583141326904,48349042442240.0,44295680.0,424001,13958.516129032258,-22978578.456351582,,,,,,,
18.94693391084666,0.11067926111106269,1.9898303459062632,-0.10327604661599928,0.0,2796.755431624402,32210.43629041859,22,19791,436000,0.0003,-116532016.0,378532.4375,-1.663016438484192,64041133277184.0,31668588.0,426001,13196.272727272728,-23040774.908674516,,,,,,,
18.86898413300512,0.0952531724884122,1.8599438550431437,0.07728658488794377,0.0,2246.565115007768,21514.395541666203,22,19865,438000,0.0003,-130409424.0,470085.96875,0.2389175295829773,174536582496256.0,107413840.0,428001,12849.029411764706,-23069040.8097995,,,,,,,
18.74799844205383,0.013510033100217695,2.1491244935777134,0.015698398929121848,0.0,3177.613876405984,37926.769056729616,22,19940,440000,0.0003,-147733376.0,584195.6875,-1.4071505069732666,154023432814592.0,90308144.0,430001,12211.25,-23120654.57947186,,,,,,,
18.706774779558152,0.16593251901368763,1.8698346600014188,-0.014970622425431396,0.0,2223.5238954653055,19693.939342984333,22,20015,442000,0.0003,-170372512.0,710527.1875,-0.6263264417648315,234298451951616.0,101663064.0,432001,11919.054054054053,-23144578.96181716,,,,,,,
18.689161782264726,-0.04985640115302387,2.084318345527421,0.045932526305478026,0.0,3064.9072792064826,36859.806033821056,22,20089,444000,0.0003,-181740160.0,885790.5625,0.4513247609138489,310873960742912.0,128156464.0,434001,11379.02564102564,-23189062.428454716,,,,,,,
18.603564405441297,0.2254578460764938,1.9116882290172044,-0.10422731201034456,0.0,2257.7188507931855,17395.548019283357,22,20164,446000,0.0003,-205531440.0,1049757.75,-2.0525991916656494,314639405547520.0,68508784.0,436001,11129.4,-23209647.70465235,,,,,,,
18.560307441949895,-0.09533574458012484,2.095012274181248,0.14498570021004986,0.0,3009.544983056629,36045.2873432713,22,20238,448000,0.0003,-237008544.0,1217886.625,-0.10661403834819794,871370212769792.0,187840448.0,438001,10665.52380952381,-23247835.928420313,,,,,,,
18.507730406522768,0.15949873872111242,1.8888856266467224,-0.1703742506854634,0.0,2293.789943946485,18461.176221224872,22,20312,450000,0.0003,-263999936.0,1413576.375,-1.476576805114746,841405232578560.0,229518016.0,440001,10450.162790697674,-23265615.38176442,,,,,,,
18.58533367276193,-0.024351439247164996,2.020824736818246,0.12674494245301854,0.0,2572.3921121367484,23665.669422929303,22,20387,452000,0.0003,-280134400.0,1636657.375,-1.3524456024169922,929700364943360.0,178483296.0,442001,10243.568181818182,-23282450.38711457,,,,,,,
18.480818368196484,0.10689442605602074,1.9972558817942212,-0.1502887038049079,0.0,2746.875584154258,28097.157141530784,22,20462,454000,0.0003,-311985056.0,1910968.0,0.17540720105171204,983235186130944.0,91472184.0,444001,9857.782608695652,-23314140.016621374,,,,,,,
18.519279589653053,0.07860366066050625,1.8609649517523106,0.02953299678014451,0.0,2206.62839173025,19376.330681340987,22,20536,456000,0.0003,-348629056.0,2199248.5,-1.2732741832733154,1150946411282432.0,145682752.0,446001,9677.808510638299,-23329035.655202195,,,,,,,
18.492824226617778,0.015236522885114248,2.0522171595215304,-0.0069816500097020385,0.0,3012.9964390566856,37551.85693426079,22,20611,458000,0.0003,-369056160.0,2512171.5,0.576041579246521,2580507619491840.0,219985824.0,448001,9340.57142857143,-23356832.996880118,,,,,,,
18.507547359466532,0.1975670205272517,1.9037083349689774,-0.037391919094200504,0.0,2234.0475650462367,18876.339997812025,22,20687,460000,0.0003,-417208576.0,2830067.5,1.5606849193572998,1841328178593792.0,149220384.0,450001,9181.98,-23369897.962900855,,,,,,,
18.32904212355609,-0.08281129071401186,2.0870380696737967,0.0763370103377196,0.0,3015.4171633455135,34606.147030021595,22,20762,462000,0.0003,-488926144.0,3181144.5,1.1176917552947998,4611459141074944.0,215252608.0,452001,8881.403846153846,-23394461.258801877,,,,,,,
18.39842509865758,0.20979103547333666,1.9327674125374736,-0.11724981041636402,0.0,2274.531132122169,16247.363353024755,22,20837,464000,0.0003,-503355936.0,3557250.25,1.326233148574829,4456700731981824.0,369749024.0,454001,8739.67924528302,-23406076.051225618,,,,,,,
18.318870472908028,-0.09352868805852012,2.1114433506862773,0.14134537836415761,0.0,2980.9661193025445,33771.03419109349,22,20912,466000,0.0003,-527826144.0,3988801.25,1.517167329788208,8183560355708928.0,413126816.0,456001,8471.981818181817,-23428168.563292883,,,,,,,
18.383973815441117,0.1464727183640083,1.8430599006038344,-0.17495030474470658,0.0,2241.589544930211,18833.9869453718,22,20987,468000,0.0003,-644483136.0,4420083.5,-0.6387392282485962,5871012524589056.0,292773440.0,458001,8346.07142857143,-23438597.42870279,,,,,,,
18.40527850449086,0.015531094030757163,1.9458414341411676,0.10755294868897153,0.0,2395.855883153653,22655.52337015547,22,21062,470000,0.0003,-642738496.0,4922568.0,0.8043313026428223,1.265366084878336e+16,470567360.0,460001,8224.701754385966,-23448628.491646774,,,,,,,
18.28890847623349,0.071920721374502,2.084955754380922,-0.06421787077223187,0.0,2939.2746332231627,32061.226244121077,22,21137,472000,0.0003,-678866048.0,5443706.0,1.6974670886993408,7788232238432256.0,263491680.0,462001,7991.9152542372885,-23467418.051778834,,,,,,,
18.403269774913753,0.063035572774702,1.9423056154433476,0.07112065705696616,0.0,2300.64708523217,18888.515237492767,22,21212,474000,0.0003,-834378880.0,6041947.0,-1.4488002061843872,2.497042231538483e+16,1153586816.0,464001,7881.45,-23476399.30877964,,,,,,,
18.35935835480693,0.029200261757057852,2.0902264307623004,-0.04596211643986311,0.0,3016.931340105662,33038.53212269149,22,21287,476000,0.0003,-774465664.0,6637223.5,-1.1882340908050537,1.351998796464128e+16,693225664.0,466001,7671.080645161291,-23493472.109093197,,,,,,,
18.348035824894882,0.1778500119898433,1.843260272511477,-0.04052124222603983,0.0,2128.8170649065987,17089.59042956173,22,21362,478000,0.0003,-973496896.0,7279831.0,1.406369924545288,1.987511363357901e+16,631894592.0,468001,7571.460317460317,-23501779.2508731,,,,,,,
18.27630305707459,-0.06415459441190256,2.047966359979747,0.06695561903056424,0.0,2992.624852032788,37622.80961516752,22,21438,480000,0.0003,-1004176064.0,7905324.5,-1.4343870878219604,2.4256487081639936e+16,754580864.0,470001,7382.246153846154,-23517518.56075697,,,,,,,
18.375030622482242,0.19516733533675856,1.9153710064465501,-0.13921562969850204,0.0,2258.580996772009,16854.566166673492,22,21513,482000,0.0003,-1126222848.0,8568784.0,1.6048548221588135,3.973333516078285e+16,1066663104.0,472001,7291.712121212121,-23525130.76431309,,,,,,,
18.340894780158976,-0.0745264811437038,2.1408967257791973,0.17104485339272998,0.0,2989.1634178453583,33906.13219484104,22,21588,484000,0.0003,-1140262912.0,9328226.0,-0.3818339705467224,3.2570858719412224e+16,742672320.0,474001,7117.558823529412,-23539389.067768898,,,,,,,
18.263602856993696,0.13293483740080478,1.8139562198232786,-0.1928243936145965,0.0,2225.8468058997028,18706.250838890825,22,21664,486000,0.0003,-1342234240.0,10079774.0,-1.3567732572555542,4.369093277568205e+16,839781632.0,476001,7035.04347826087,-23546265.22370919,,,,,,,
18.331018090248087,0.04973104268857093,1.9011243458821296,0.057827188746792046,0.0,2306.8744808459287,21556.240640914843,22,21742,488000,0.0003,-1268662528.0,10937047.0,1.9324511289596558,4.92075433894871e+16,986019392.0,478001,6955.028571428571,-23552881.40811066,,,,,,,
18.24909273266795,0.03714386476331013,2.0873217532832387,-0.04594000608876173,0.0,2975.314402392955,32374.63693493952,22,21818,490000,0.0003,-1348329984.0,11834996.0,0.8943511843681335,5.12822359317545e+16,907415936.0,480001,6799.819444444444,-23565527.040481668,,,,,,,
18.252124554514854,0.12070506223735768,1.9065691412456758,-0.007244940114002849,0.0,2204.2037611607157,17264.33521503856,22,21894,492000,0.0003,-1517836928.0,12762776.0,1.7546393871307373,9.489800677975654e+16,1467732736.0,482001,6725.767123287671,-23571743.950957604,,,,,,,
18.180405323505386,-0.027749179574211413,2.0717802724097742,0.0019009841434483336,0.0,2980.1297560861867,33359.36497714989,22,21970,494000,0.0003,-1748555008.0,13757697.0,0.86024010181427,1.0674287031112172e+18,881315392.0,484001,6583.16,-23583483.708025523,,,,,,,
18.261970130801238,0.22288948744533968,1.9039766182597864,-0.09423264896464485,0.0,2213.3436343700696,15985.050286404738,22,22046,496000,0.0003,-1717629440.0,14750173.0,0.715615451335907,1.0191713439265587e+17,1379591552.0,486001,6514.789473684211,-23589196.189879566,,,,,,,
18.271052486896544,-0.11245183295396328,2.089865162315915,0.11332890143069893,0.0,2978.807660014623,34128.24935102651,22,22122,498000,0.0003,-1911059328.0,15862460.0,-1.5950764417648315,9.060675892543488e+16,1263556608.0,488001,6383.076923076923,-23600032.65592003,,,,,,,
18.21690776288512,0.17355048841584095,1.8709071924545888,-0.15925237759831312,0.0,2216.464260322096,17259.41086815896,,,500000,0.0003,-1998553600.0,16923676.0,-0.4679960012435913,1.061354107526185e+17,1618692352.0,490000,,,0.0,0.0,40000.0,-139874750746.734,5322751356.316096,0.0,0.0
,,,,,,,21,23352,500000,0.0003,-1882327040.0,16924160.0,0.10574010759592056,8.33135694493778e+16,1023388288.0,490001,6320.202531645569,-23605304.401630938,,,,,,,
18.333805604577044,-0.028901330907870487,1.9903020401933225,0.12647803942562896,0.0,2526.0351946535234,24706.800519636545,21,23425,502000,0.0003,-1944853632.0,18074014.0,-1.6463947296142578,8.492285933545062e+16,1070475200.0,492001,6259.0625,-23610408.123154122,,,,,,,
18.268273747563303,0.10496703956513019,2.02086293330687,-0.11529458777146594,0.0,2780.6351425725907,28823.390175451223,21,23499,504000,0.0003,-2286113536.0,19370846.0,-0.4509146809577942,1.630212905154642e+17,2223333376.0,494001,6139.621951219512,-23620018.16164141,,,,,,,
18.249475066065802,0.07833424071292268,1.8396828649882833,0.021180056873929792,0.0,2153.2215590736946,18362.820334063734,21,23573,506000,0.0003,-2506054144.0,20723618.0,-1.7898951768875122,1.7390326017477837e+17,1760460032.0,496001,6082.506024096386,-23624818.11645973,,,,,,,
18.307924441099157,0.0074613913341228895,2.0598343060442796,-0.026285354086183876,0.0,3012.9881868716902,36503.89280006146,21,23647,508000,0.0003,-2351896832.0,22052394.0,0.2835739254951477,1.663207874714665e+17,1851390976.0,498001,5972.905882352941,-23633987.816906303,,,,,,,
18.304944183826425,0.24153962159350406,1.8488879433598753,-0.07644002233932688,0.0,2131.8739939894617,16617.86812818044,21,23722,510000,0.0003,-2719930112.0,23470802.0,2.3393256664276123,3.1165447494906675e+17,2278216448.0,500001,5919.813953488372,-23638449.778236162,,,,,,,
18.25448606967925,-0.12023514805461256,2.087803765264959,0.11280931962335329,0.0,3003.6967074949125,36014.76924602043,21,23796,512000,0.0003,-2582080768.0,24949870.0,0.9603582620620728,2.1682984339059507e+17,1733534208.0,502001,5817.170454545455,-23646951.752551273,,,,,,,
18.340371013283722,0.1681102423387471,1.882411429436416,-0.16243879392220387,0.0,2275.3279311829465,18733.268165673686,21,23871,514000,0.0003,-3121530368.0,26488930.0,-0.7286864519119263,3.36891256103764e+17,2422426624.0,504001,5767.752808988764,-23651039.336615022,,,,,,,
18.28979193091391,-0.009926341343670772,1.9072626917305449,0.07876457946509806,0.0,2317.6216921099567,20233.08166239395,21,23946,516000,0.0003,-3317083136.0,28153092.0,2.3203511238098145,3.8904700248417894e+17,2555474176.0,506001,5719.111111111111,-23655107.282068033,,,,,,,
18.261738147735596,0.08279595566680785,2.0802322198258283,-0.08123516383989221,0.0,2931.9373627381788,32339.279830340238,21,24023,518000,0.0003,-3648707328.0,29670382.0,-1.39992356300354,4.8299477351949926e+17,2614010368.0,508001,5625.0,-23662800.860541996,,,,,,,
18.252632637023883,0.09728455141584924,1.8443271076578667,0.017344145732526454,0.0,2156.4865781534604,17749.228929170982,21,24100,520000,0.0003,-3545850624.0,31441326.0,-0.7702339887619019,4.115555860527186e+17,2554063872.0,510001,5579.279569892473,-23666543.94431287,,,,,,,
18.05392144262797,-0.008466570095385829,2.051263796479699,-0.020009077200869904,0.0,2986.3712538476143,36110.1156510007,21,24177,522000,0.0003,-3585934592.0,33240092.0,0.5185620784759521,4.688995154877481e+17,2966760192.0,512001,5491.936842105263,-23673935.422887884,,,,,,,
18.195574420094452,0.2248958019337369,1.8565102889420595,-0.10165698695936878,0.0,2135.7806473004866,15636.45999638064,21,24255,524000,0.0003,-3898476800.0,35154500.0,-2.287837266921997,4.62578904176001e+17,2173522176.0,514001,5449.333333333333,-23677554.13689151,,,,,,,
18.207368074059488,-0.0974759234862466,2.09354980406078,0.1340421510254737,0.0,2969.8954150626487,36354.298384845664,21,24335,526000,0.0003,-3691823616.0,37045948.0,0.31209230422973633,5.018254906931282e+17,3516537600.0,516001,5367.214285714285,-23684488.709160537,,,,,,,
18.1316147047281,0.13857649760936555,1.8522991302397886,-0.21522820446055013,0.0,2256.0107584442953,16910.34015439033,21,24414,528000,0.0003,-4113871872.0,39228604.0,-2.139845848083496,3.218816167145636e+17,1670393216.0,518001,5327.212121212121,-23687878.71235824,,,,,,,
18.157252315282793,0.028027114626986784,1.8748990565367802,0.03769917774031858,0.0,2225.7379088843763,18568.849902218422,21,24494,530000,0.0003,-4450589184.0,41430264.0,0.07474440336227417,6.794678806763274e+17,3725908992.0,520001,5287.87,-23691183.731487945,,,,,,,
18.139261273741702,0.03914165343449029,2.038772980705185,-0.08435635107899345,0.0,2909.8239728511785,32795.31962268424,21,24574,532000,0.0003,-4526891520.0,43579748.0,1.1313912868499756,7.934187918778696e+17,5081220608.0,522001,4998.04,-23537634.70004388,,,,,,,
18.164751588106153,0.1759929909123561,1.871297036102394,-0.04004571909155934,0.0,2187.806096935936,18646.50596350365,21,24653,534000,0.0003,-5994827776.0,45890972.0,-1.154188871383667,1.2165766307853107e+18,4453330944.0,524001,4612.38,-23553575.43278907,,,,,,,
18.22050412297249,-0.057936291992377514,2.024198217114578,0.09924025379587945,0.0,2935.627022229415,36786.64523314244,21,24733,536000,0.0003,-5352566784.0,47992984.0,-2.8599486351013184,1.3255954077025567e+18,4256348416.0,526001,4211.9,-23606565.42967067,,,,,,,
18.162768813371645,0.1749595361681642,1.8733602546304988,-0.16154767514419302,0.0,2250.458473931027,18048.40899727762,21,24814,538000,0.0003,-5426114048.0,50525632.0,0.25221773982048035,1.329270525318398e+18,6512782848.0,528001,4207.34,-23604613.429533735,,,,,,,
18.161968125700987,-0.02157508522673685,1.9208434722588108,0.07223504392254818,0.0,2349.047547899917,20544.886264253382,21,24894,540000,0.0003,-6196942848.0,53195380.0,0.5879173278808594,1.2467073725549773e+18,4642884608.0,530001,3821.41,-23731240.092491817,,,,,,,
18.050046457648286,0.08165774533098752,2.040832091877453,-0.11526217570032556,0.0,2834.762055888789,30155.040231813688,21,24975,542000,0.0003,-5881829376.0,55925072.0,2.21991229057312,1.8224493191317422e+18,4332688896.0,532001,3049.44,-23862600.201180696,,,,,,,
18.19459509193898,0.07612190915021405,1.905735102789821,0.01914406972037569,0.0,2244.511534567214,17936.14674875138,21,25055,544000,0.0003,-6635493888.0,58691416.0,0.2931992709636688,1.3483202514643845e+18,4983041536.0,534001,2663.24,-23929364.84047358,,,,,,,
18.149255208969134,0.00642151296264006,2.056453506180644,-0.03952477178890687,0.0,2934.638689559208,32288.925589490653,21,25136,546000,0.0003,-6510942720.0,61452024.0,2.0413918495178223,1.8498114906226688e+18,5744604672.0,536001,1891.03,-24090813.221170582,,,,,,,
18.2062131124735,0.1985778068145231,1.8866876882355366,-0.03866813593190427,0.0,2193.4360384576858,18416.919536496527,21,25216,548000,0.0003,-7404236288.0,64482536.0,-1.0794254541397095,2.4094881979280916e+18,5715945472.0,538001,1505.34,-24071771.804238085,,,,,,,
18.083047455549227,-0.08491439210423339,2.0518241306579976,0.0838792264729305,0.0,2951.9778707775054,34387.67060034754,21,25296,550000,0.0003,-6263198720.0,67458000.0,1.0709083080291748,1.6704322158649672e+18,4982263296.0,540001,1492.92,-24066965.302907184,,,,,,,
18.169749529361738,0.17052906159778317,1.8709418495331747,-0.16886080867913264,0.0,2227.8955009880056,17390.164901255022,21,25377,552000,0.0003,-7340447744.0,70541152.0,-0.608163595199585,1.99775435355272e+18,5143214592.0,542001,1493.84,-24067146.105559073,,,,,,,
18.246914752125765,-0.014598986959609069,1.9172368337731334,0.07535454944350899,0.0,2356.8488914728287,21302.659459878665,21,25458,554000,0.0003,-8595508224.0,73669328.0,-0.2771030068397522,2.6255524032686326e+18,6376704000.0,544001,1494.15,-24067198.743273064,,,,,,,
18.209195312261574,0.07779605009630335,2.0281307219328246,-0.1161209428586802,0.0,2833.1920084059043,30601.81602563559,21,25538,556000,0.0003,-8870891520.0,76850424.0,-1.4327774047851562,2.772433412844159e+18,7008680448.0,546001,1494.75,-24067374.628545422,,,,,,,
18.194198548197797,0.14134466226736303,1.8249451402550239,-0.00610769759017462,0.0,2155.895406109791,19733.650505510705,21,25619,558000,0.0003,-8956697600.0,80211248.0,0.09873807430267334,2.419308486031573e+18,6773319168.0,548001,1494.84,-24067277.109671164,,,,,,,
18.169111285805652,-0.037745317836993794,2.035902994402697,0.03905571130743934,0.0,2964.6453453261392,37022.07290609678,21,25702,560000,0.0003,-9003990016.0,83626808.0,4.406545639038086,2.1550562594584003e+18,4860214272.0,550001,1495.11,-24067234.26191952,,,,,,,
18.12682176232337,0.19701941298315023,1.86658496989056,-0.1396226413235036,0.0,2201.8646657806594,17261.341830258658,21,25783,562000,0.0003,-9822408704.0,87592680.0,-0.5836645364761353,3.2377351888468705e+18,9042351104.0,552001,1495.4,-24067217.81364838,,,,,,,
18.131974365115187,-0.06556264475903645,2.0394903764790575,0.12207998866650044,0.0,2659.0499077266395,27308.662691416055,21,25864,564000,0.0003,-9794804736.0,91663200.0,0.3660117983818054,3.537123134119346e+18,5983827968.0,554001,1395.62,-24011958.544400994,,,,,,,
18.139046617746367,0.11995431637849693,1.9339085713492596,-0.15396952429017932,0.0,2531.596630826986,23165.99430474868,21,25946,566000,0.0003,-9678060544.0,95278656.0,-0.22392117977142334,2.327328016176251e+18,5844185600.0,556001,1395.64,-24012230.64973157,,,,,,,
18.1834436357021,0.05434814722098559,1.8843318047959974,0.04617721693390663,0.0,2275.2524548402166,21188.571519819187,21,26027,568000,0.0003,-11415966720.0,99337328.0,0.6022248268127441,4.1563589019606974e+19,7668744704.0,558001,1396.43,-24012301.667467292,,,,,,,
18.14275076270103,0.029782752534800512,2.0059516458726865,-0.02688335717407129,0.0,2909.6122997347434,35304.044779794036,21,26108,570000,0.0003,-10586312704.0,103815720.0,-0.2532476782798767,5.282750950207914e+18,9650247680.0,560001,1397.29,-24012507.60079517,,,,,,,
18.137565977573345,0.216161326014933,1.8745213245176904,-0.08869125039837933,0.0,2174.537701325243,16792.28601612486,21,26189,572000,0.0003,-11589163008.0,107466232.0,-1.8081955909729004,4.2925500196863345e+18,8042012160.0,562001,1397.79,-24012644.848936677,,,,,,,
18.053269833326347,-0.10804282765860702,2.0763985528411015,0.09772320678788479,0.0,2942.062288943399,33275.128970303645,21,26270,574000,0.0003,-12109976576.0,112428120.0,-1.859450101852417,4.968072921361678e+19,9223922688.0,564001,1398.04,-24012861.822688676,,,,,,,
18.182563548088044,0.17761056585008475,1.9037541792370392,-0.1659554674177541,0.0,2249.213552553949,15945.317762198752,21,26351,576000,0.0003,-12027760640.0,116389016.0,-0.3284109830856323,6.036629998280901e+18,10026045440.0,566001,1397.98,-24013002.074932706,,,,,,,
18.11023627877237,-0.05565773684440845,2.0572054650405995,0.15740881388512437,0.0,2667.9927932035052,27340.391990165514,21,26432,578000,0.0003,-13432453120.0,121166088.0,-1.9469578266143799,7.445205548531712e+18,10881674240.0,568001,1398.11,-24013166.358659815,,,,,,,
18.123156772851953,0.12019533231761947,1.9452615744774748,-0.17979160452953954,0.0,2561.7913950866,23033.054604167635,21,26514,580000,0.0003,-13158262784.0,126222264.0,-2.4551706314086914,8.422934168903614e+18,10163828736.0,570001,1398.28,-24013422.001256417,,,,,,,
18.176274323463417,0.02410426003596017,1.9401894715233974,0.08112146952878606,0.0,2311.664606095508,19136.529416667505,21,26595,582000,0.0003,-14968616960.0,131475384.0,0.09774070978164673,6.738149423029892e+19,8929925120.0,572001,1398.13,-24013519.3299662,,,,,,,
18.125535734891834,0.054675423994315055,2.0624515808085713,-0.07946215951854663,0.0,2920.7703112184327,31544.321570435186,21,26676,584000,0.0003,-14740887552.0,137133504.0,-1.806828498840332,9.209700159519195e+18,12608370688.0,574001,1397.85,-24013464.450145688,,,,,,,
18.057944714426963,0.148548128959575,1.834302045825097,-0.031661622713985205,0.0,2110.356869958344,16565.81915085099,21,26757,586000,0.0003,-16162124800.0,141722640.0,-0.006608426570892334,1.028560472289103e+19,15108676608.0,576001,1397.83,-24013521.874140892,,,,,,,
18.126552895307523,-0.05175963048630911,2.0477545163679745,0.036054140022675506,0.0,2963.3012687808796,35998.5769427918,21,26839,588000,0.0003,-14552127488.0,147723376.0,-0.7697667479515076,9.34889888135145e+18,12786292736.0,578001,1398.56,-24013649.376818407,,,,,,,
18.12616046190261,0.2009195196322612,1.8743596053699807,-0.11157616532293796,0.0,2227.1022746684393,19028.12053776658,21,26920,590000,0.0003,-16202813440.0,153334320.0,4.742916107177734,1.0454578769359274e+19,11978857472.0,580001,1399.01,-24013636.09000503,,,,,,,
18.167810871601063,-0.058750496192397375,1.9807704237371735,0.10768110323001621,0.0,2525.611415416418,24347.506384659122,21,27001,592000,0.0003,-16158130176.0,158597456.0,0.7585548162460327,1.2577235444804092e+19,12313957376.0,582001,1399.26,-24013716.674861055,,,,,,,
18.15263312995436,0.10814487187855257,1.924900717159724,-0.14886836272499263,0.0,2638.558155743493,28709.913356629757,21,27082,594000,0.0003,-16882603008.0,165105360.0,2.222898006439209,8.608596602858242e+18,12775855104.0,584001,1400.36,-24013794.613441173,,,,,,,
18.117180573344243,0.09909031659626287,1.8668556593533199,-0.0075860248721500555,0.0,2193.522311164472,18733.64024067314,21,27163,596000,0.0003,-20637038592.0,171299376.0,2.568455457687378,1.438682817447225e+19,14030305280.0,586001,1400.7,-24013847.773942813,,,,,,,
18.063914749622374,-0.011589916070544512,2.091237116878063,0.015403285184084547,0.0,2972.6078960195578,33549.73396037098,21,27244,598000,0.0003,-19051730944.0,177236960.0,0.5314302444458008,1.0260517166080066e+19,10506074112.0,588001,1400.07,-24013896.372450355,,,,,,,
18.088406169414515,0.20928410828020597,1.8740688556481917,-0.06167550402713977,0.0,2173.94837819602,16383.260880267406,,,600000,0.0003,-20127506432.0,182677248.0,-0.5169363617897034,1.2208814387103793e+19,12337227776.0,590000,,,0.0,0.0,40000.0,-140836295477.52386,2713527379.7824297,0.0,0.0
,,,,,,,21,28498,600000,0.0003,-19672795136.0,182687712.0,-1.3123745918273926,1.6242729035367449e+19,17674452992.0,590001,1399.73,-24013880.677670766,,,,,,,
18.10489285230637,-0.09566614403773085,2.0516461086843742,0.0882353874538222,0.0,2929.517858728692,34934.99044974822,21,28580,602000,0.0003,-18747774976.0,189621616.0,1.7036821842193604,1.5413148611722084e+19,20423733248.0,592001,1400.78,-24014074.459629916,,,,,,,
18.080334882140104,0.15803501524507155,1.8604628041463163,-0.18506829485502596,0.0,2210.1551306442825,16605.930719392523,21,28660,604000,0.0003,-19017230336.0,195610256.0,-0.10344213247299194,1.6519492604753084e+19,15657816064.0,594001,1401.27,-24014209.235232126,,,,,,,
18.070502676963812,0.027846722744128118,1.830664279848439,0.051602134994028694,0.0,2194.5458146907426,20740.709499616838,21,28740,606000,0.0003,-22346260480.0,203400544.0,1.3560432195663452,1.9801148885083095e+19,19581958144.0,596001,1401.9,-24014240.626980964,,,,,,,
18.076777431368832,0.03618946936194265,2.049623681392231,-0.07995407579523617,0.0,2948.7109475796287,33977.17153448782,21,28820,608000,0.0003,-23962607616.0,210521472.0,1.6201528310775757,1.9106824884328595e+19,14898594816.0,598001,1402.46,-24014351.224752292,,,,,,,
18.094055287837996,0.18169269681169273,1.8656873252412047,-0.04914976661141662,0.0,2175.237816853258,18326.670361378398,21,28900,610000,0.0003,-27593097216.0,216991296.0,0.024762630462646484,2.6839567017174893e+19,18500927488.0,600001,1402.49,-24014401.20239265,,,,,,,
18.15385431110861,-0.07883022786083636,2.0817398758914205,0.07827404046857933,0.0,2983.43491870216,34029.645072954154,21,28981,612000,0.0003,-21615368192.0,224347840.0,2.7218801975250244,1.8667686537264628e+19,16518817792.0,602001,1402.92,-24014579.536435995,,,,,,,
18.0292972934246,0.19321621983704662,1.8693639909676527,-0.1548977954190133,0.0,2191.2233967276625,16293.183940716943,21,29061,614000,0.0003,-23252989952.0,232374912.0,0.8110993504524231,1.872461617071831e+20,17662597120.0,604001,1403.54,-24014739.101973224,,,,,,,
18.016382725834855,-0.05412761744504675,1.9475179829799778,0.08217866727714898,0.0,2437.5045211113925,22762.53426423248,21,29142,616000,0.0003,-27486519296.0,238689072.0,-0.9647887945175171,2.4597665007162884e+19,16823612416.0,606001,1404.21,-24014966.939538643,,,,,,,
17.957905466556568,0.09907354511176754,1.9896194718943188,-0.14639898951785232,0.0,2715.5950121995115,27535.594297055835,21,29223,618000,0.0003,-27333603328.0,247010560.0,0.7844117283821106,2.6994426632877375e+19,23533619200.0,608001,1404.67,-24015052.59673779,,,,,,,
18.156236239075632,0.0820078864919186,1.8672545136775922,-0.006051350389889058,0.0,2184.1569174465617,18233.421539122635,21,29304,620000,0.0003,-28007415808.0,254482832.0,-0.9177494645118713,2.606224748070935e+19,21194072064.0,610001,1404.7,-24015136.837408207,,,,,,,
18.063560932874715,-0.0009186558569786215,2.062846434015552,-0.03212637641165951,0.0,2938.25570036656,32586.16266150947,21,29385,622000,0.0003,-29188898816.0,263795840.0,-0.029825955629348755,4.456174172427308e+19,29903736832.0,612001,1404.48,-24015238.04960109,,,,,,,
18.04823667526243,0.21408556524421496,1.8735711391413008,-0.072972047199264,0.0,2163.1874825431555,15853.441885101947,21,29466,624000,0.0003,-30476492800.0,272261536.0,1.8371514081954956,2.938679680915053e+19,16320462848.0,614001,1404.62,-24015261.07213261,,,,,,,
18.116675928831082,-0.09647937061523844,2.0518465797693053,0.10315239276196653,0.0,2934.6427594177576,35478.145301482706,21,29547,626000,0.0003,-30724313088.0,278850432.0,1.9658358097076416,3.883095957695575e+19,24335984640.0,616001,1405.15,-24015389.78756198,,,,,,,
18.03704496502883,0.15099726070644554,1.8515129271548423,-0.19518777657041012,0.0,2220.46772218203,17202.86680959945,21,29630,628000,0.0003,-33187979264.0,288854560.0,-0.6882125735282898,3.302912259020502e+19,22688972800.0,618001,1405.07,-24015503.53357121,,,,,,,
18.025620509386005,0.04619995040642756,1.8123006727525826,0.02946807167970405,0.0,2140.0487736243053,19456.901115131208,21,29711,630000,0.0003,-31981449216.0,298862848.0,-0.610923171043396,4.884071552413545e+19,28675803136.0,620001,1405.65,-24015582.79103576,,,,,,,
18.039621270894987,0.023180166631686507,2.053173054210077,-0.0501586093775835,0.0,2972.6962605089293,35809.87766964461,21,29791,632000,0.0003,-36023320576.0,307562080.0,-1.7159814834594727,3.993709906082398e+19,22797033472.0,622001,1406.92,-24015701.416451074,,,,,,,
18.023470219969678,0.2201905862585242,1.84506683885843,-0.07025550643671151,0.0,2113.327196801116,15679.351238447887,21,29871,634000,0.0003,-36632727552.0,316357632.0,-3.519599676132202,4.876703505093493e+19,29291999232.0,624001,1407.18,-24015799.019054726,,,,,,,
18.026755241751708,-0.11003353383953635,2.0746772188710687,0.09087346848231115,0.0,2966.4244692526127,34932.1320098372,21,29952,636000,0.0003,-29282762752.0,325207392.0,0.19382700324058533,3.907950637943777e+19,27084382208.0,626001,1407.71,-24015809.501257505,,,,,,,
18.083284777998887,0.17329603558291906,1.895933482168572,-0.1664226605193384,0.0,2249.7448959560766,16158.402325291408,21,30032,638000,0.0003,-36958982144.0,334670272.0,0.32429224252700806,4.4587206413572375e+19,27776819200.0,628001,1407.66,-24015783.660187963,,,,,,,
18.07439116895198,-0.03934996428498257,1.9637947664386444,0.08919366942825606,0.0,2438.206723875589,22320.86934319638,21,30113,640000,0.0003,-34105159680.0,345328096.0,-0.7058690786361694,4.782787180090727e+19,25597487104.0,630001,1408.29,-24015944.643033337,,,,,,,
18.040130637288144,0.09094760213148319,1.9769319327736747,-0.15428596955258952,0.0,2707.316504647585,27601.502781371368,21,30193,642000,0.0003,-37725483008.0,355790176.0,0.40020161867141724,6.447977749148179e+19,25153173504.0,632001,1407.75,-24016029.175267216,,,,,,,
18.025335090756382,0.14327930859087756,1.7944950647014801,-0.011377484224976274,0.0,2074.458488261189,18339.071613497097,21,30274,644000,0.0003,-38695170048.0,365822560.0,1.4053099155426025,3.7964364094361305e+19,27539556352.0,634001,1408.43,-24016141.261808433,,,,,,,
18.03180196106434,-0.0416207706841254,2.038642754228948,0.04469592113236478,0.0,2972.5792272180634,38283.37116214032,21,30354,646000,0.0003,-38119227392.0,375110464.0,-0.5861796140670776,7.952862601508448e+19,62219907072.0,636001,1409.77,-24016240.840792857,,,,,,,
18.004610280394534,0.19770314228730643,1.886510827986053,-0.11459975452688786,0.0,2199.208173226792,15830.26076239251,21,30435,648000,0.0003,-36771172352.0,386901120.0,1.9000271558761597,4.170723801475265e+19,23119822848.0,638001,1409.27,-24016206.69667798,,,,,,,
18.070945487022367,-0.07270237053311318,2.0743188373160177,0.15378641065422244,0.0,2785.727479947145,31928.9571096627,21,30515,650000,0.0003,-41222676480.0,397127712.0,0.3808094263076782,7.12229239749576e+19,32899162112.0,640001,1409.49,-24016216.04758704,,,,,,,
18.108822810053834,0.12677526966497793,1.895103772111599,-0.19042550032965658,0.0,2434.4663400991576,20946.844448618744,21,30596,652000,0.0003,-41325469696.0,408498624.0,-1.0669257640838623,7.118839930984543e+19,34610163712.0,642001,1409.1,-24016251.507831458,,,,,,,
17.918714401721967,0.038768141013693955,1.8909885634644235,0.033787678761233245,0.0,2235.1551274837157,18105.988734722006,21,30676,654000,0.0003,-41330950144.0,419943552.0,2.433816432952881,9.93646426129076e+19,42091368448.0,644001,1409.14,-24016219.850934654,,,,,,,
17.926928862333277,0.03439872146567392,1.999008090859287,-0.04116174128024004,0.0,2848.2349915029804,34282.15075483326,21,30758,656000,0.0003,-44056543232.0,432527584.0,2.2868497371673584,8.28994120064969e+19,30888943616.0,646001,1409.72,-24016326.311779574,,,,,,,
17.960621843934067,0.1845269445158622,1.9018687773215814,-0.039697797261825964,0.0,2195.2742042367536,16670.145746667706,21,30839,658000,0.0003,-53432922112.0,444199008.0,-2.296200752258301,8.944648478041466e+19,31754485760.0,648001,1409.33,-24016268.403623477,,,,,,,
18.10205914258959,-0.07299370048215482,2.0265441936119672,0.10025087005262254,0.0,2917.6557060149153,35679.15734000173,21,30920,660000,0.0003,-49660141568.0,457409504.0,-0.41998788714408875,6.633526053795843e+19,43522379776.0,650001,1410.23,-24016375.892018657,,,,,,,
18.0611494463682,0.1623509981507551,1.8557946228980968,-0.18034534010143785,0.0,2222.8567612251145,17774.841835163195,21,31001,662000,0.0003,-53369319424.0,468303104.0,1.2656078338623047,1.0407858321271816e+20,36416974848.0,652001,1410.36,-24016433.31887393,,,,,,,
17.998778954744324,-0.005182924063517657,1.9173876650023625,0.05371334809712473,0.0,2315.4713460195044,19736.369250505264,21,31080,664000,0.0003,-52622086144.0,480596960.0,-3.2528457641601562,7.3284024491921375e+19,28753881088.0,654001,1410.21,-24016445.796803933,,,,,,,
18.031797348260916,0.06347619419976376,2.013701292579392,-0.12171538869592491,0.0,2816.961912982158,29841.74798061544,21,31156,666000,0.0003,-56622821376.0,493312320.0,0.8503745198249817,1.0722145363783215e+20,32826017792.0,656001,1409.98,-24016546.6270565,,,,,,,
17.97392127037046,0.15373922814826727,1.8418612562187375,-0.05147067338244501,0.0,2131.543470670591,17378.931931017047,21,31232,668000,0.0003,-56529354752.0,506695488.0,-1.1114418506622314,1.0884676052210365e+20,53515321344.0,658001,1410.07,-24016538.331737693,,,,,,,
17.984028691649453,-0.060481029154186634,2.0628116246095773,0.03051558543490872,0.0,2937.0543695676133,33165.295099075985,21,31308,670000,0.0003,-53413974016.0,519101408.0,2.077843427658081,8.965296074958077e+20,66267910144.0,660001,1410.17,-24016577.653606463,,,,,,,
17.982260434627555,0.19615202967484147,1.8625949590177646,-0.13278908793467467,0.0,2148.828813882039,15218.74927983492,21,31383,672000,0.0003,-55769698304.0,535673440.0,4.392924785614014,9.240835799941068e+19,33104953344.0,662001,1409.99,-24016593.59898361,,,,,,,
17.974724214077057,-0.051071532631738005,1.9338847957107028,0.08919816371106015,0.0,2458.321746853616,24935.823509100002,21,31459,674000,0.0003,-55228702720.0,547496576.0,-0.8681424260139465,1.1588954591438098e+20,41309331456.0,664001,1410.4,-24016537.273658495,,,,,,,
17.933702502846675,0.09441543962045743,1.94361642589249,-0.1573937995082242,0.0,2691.2630049869394,29730.113889824475,21,31535,676000,0.0003,-58866327552.0,559098496.0,-2.505103349685669,1.830403274208004e+20,48243552256.0,666001,1411.01,-24016648.44356554,,,,,,,
18.023719135522867,0.12871355164808804,1.845184912848389,-0.04197092262445749,0.0,2134.3264349729034,16938.99356839106,21,31610,678000,0.0003,-67843375104.0,576227072.0,-0.21907013654708862,1.7048571662676106e+20,55682863104.0,668001,1410.79,-24016812.419108644,,,,,,,
17.85235984623434,-0.038073355738626816,2.023579381196083,0.00502145436573994,0.0,2893.132157425387,33539.823764720044,21,31686,680000,0.0003,-63357222912.0,589756864.0,-2.468864917755127,1.4027371435073208e+20,43717668864.0,670001,1410.94,-24016916.63598522,,,,,,,
17.99825022816653,0.19735915939254278,1.873965141676677,-0.15456679504414625,0.0,2189.264338301309,15925.051220673418,21,31762,682000,0.0003,-66863845376.0,605130624.0,-1.0038917064666748,1.1505196434462029e+20,46237736960.0,672001,1411.08,-24016992.34458647,,,,,,,
17.992209523916216,-0.07548599778736825,2.0884351920769535,0.16237060309580795,0.0,2775.9297603778614,30460.733776194982,21,31838,684000,0.0003,-64058499072.0,619200896.0,-2.6533584594726562,1.3214008148230563e+20,44488990720.0,674001,1411.31,-24017076.65554682,,,,,,,
18.023258621096595,0.12143903805318355,1.8473897284530167,-0.20400579527325857,0.0,2367.6215009923553,20223.029553532822,21,31913,686000,0.0003,-67135901696.0,633678144.0,0.0672658160328865,2.5212568644215217e+20,69066481664.0,676001,1411.68,-24017044.522745416,,,,,,,
17.958866240978256,0.11844305163388652,1.781788661466801,0.0059536941890030795,0.0,2059.843459420669,18751.057774879388,21,31989,688000,0.0003,-64969203712.0,648282368.0,2.081040143966675,1.4319430750517487e+20,38519595008.0,678001,1412.24,-24017064.53472991,,,,,,,
17.867516754269616,-0.025990947243320957,2.034461329879179,0.02368067125704353,0.0,2979.585456945909,38048.97742194676,21,32064,690000,0.0003,-73092481024.0,663953472.0,-1.7905964851379395,1.4854162837523556e+20,48702500864.0,680001,1413.32,-24017133.992167015,,,,,,,
17.96158164441587,0.20733684759465176,1.8970950743987274,-0.13508827946691013,0.0,2200.3903099857134,15210.02633868548,21,32140,692000,0.0003,-74615717888.0,683596480.0,0.31574466824531555,1.707722229686804e+20,64055812096.0,682001,1413.2,-24017160.47593539,,,,,,,
18.01510815501212,-0.08270180608752252,2.0204207037622335,0.12113098907011417,0.0,2657.7098303626735,28775.337367516466,21,32216,694000,0.0003,-73512345600.0,699819520.0,-3.9159350395202637,1.8919924620183418e+20,40711671808.0,684001,1412.89,-24017175.95648691,,,,,,,
17.99833513796328,0.11676835346999659,1.8681476658370624,-0.18915741886731346,0.0,2449.1397584887095,22996.752724186143,21,32291,696000,0.0003,-72564252672.0,716448064.0,-0.117789626121521,2.5760934675405708e+20,64712667136.0,686001,1413.33,-24017194.93546839,,,,,,,
18.031402226686463,0.08647489943527986,1.864811299677066,0.005952482493529551,0.0,2202.234100987982,19476.42819359876,21,32367,698000,0.0003,-80131006464.0,730105088.0,-1.6494600772857666,2.402861804186323e+20,50635460608.0,688001,1413.88,-24017200.303533014,,,,,,,
17.983012437820445,0.0007801138413541246,2.0052478562252167,0.0030188517795490884,0.0,2892.7914393003666,35261.479616577504,,,700000,0.0003,-87983644672.0,750192640.0,2.7256617546081543,2.3612751078303465e+20,74684530688.0,690000,,,0.0,0.0,40000.0,-139314118096.0691,3672810518.644975,0.0,0.0
,,,,,,,20,33571,700000,0.0003,-90310746112.0,750175488.0,-1.9427247047424316,2.519967709028187e+20,53873958912.0,690001,1413.77,-24017236.941490583,,,,,,,
17.937424263358142,0.22184562109709782,1.8812576042020248,-0.10776630337611358,0.0,2162.755127345504,16196.135532706434,20,33645,702000,0.0003,-77101744128.0,765756736.0,0.39640116691589355,2.166198699299166e+20,49586143232.0,692001,1413.77,-24017340.483246304,,,,,,,
17.962748139500633,-0.10794903215420255,2.098334243996113,0.15432019256464624,0.0,2950.0204820780045,33484.4267984334,20,33720,704000,0.0003,-83597344768.0,784438144.0,0.9506925344467163,2.4916238825608656e+20,53077082112.0,694001,1412.92,-24017144.968952775,,,,,,,
18.057818743586555,0.1498921830433028,1.8711111983143311,-0.19889277353093607,0.0,2234.217312038269,16145.87630652524,20,33796,706000,0.0003,-92363063296.0,802371520.0,2.0350139141082764,2.358041664035383e+20,51989233664.0,696001,1412.99,-24017156.43598355,,,,,,,
17.956319265961667,0.026777033770516614,1.8301396620305586,0.0550720163028291,0.0,2157.816030954859,19094.36588502717,20,33871,708000,0.0003,-89144803328.0,821098432.0,1.5845601558685303,2.2565933325386305e+20,52510728192.0,698001,1413.49,-24017292.581836537,,,,,,,
17.871757436394706,0.039551958068719875,2.0369213969304596,-0.06174490214897246,0.0,2946.697019178312,36174.26826542226,20,33945,710000,0.0003,-98051186688.0,839283776.0,1.045915126800537,3.380805093208432e+20,58836672512.0,700001,1414.14,-24017321.37816836,,,,,,,
17.955813371539115,0.20031829854251978,1.8503476075527145,-0.07128477177101042,0.0,2129.210296882725,15807.721507068303,20,34020,712000,0.0003,-106477363200.0,860851776.0,2.1294336318969727,4.0298524717685114e+21,55243599872.0,702001,1413.62,-24017375.644799925,,,,,,,
17.936579520106317,-0.09617945225927595,2.0591694451657383,0.0707877484655654,0.0,2917.859733775308,33398.55661810102,20,34095,714000,0.0003,-94814642176.0,874011392.0,1.9982383251190186,3.713689363352964e+20,73630425088.0,704001,1413.79,-24017417.831628237,,,,,,,
17.95114535808562,0.16640662450629437,1.8611846794235039,-0.18094854349857886,0.0,2202.2224641041203,16367.156697045677,20,34170,716000,0.0003,-105173516288.0,894517888.0,1.235611915588379,3.457764925809497e+20,66309836800.0,706001,1414.18,-24017498.60996257,,,,,,,
17.958371872901917,0.011573700348829891,1.8333812471432052,0.05277890970262269,0.0,2183.972392204827,19976.048889349862,20,34245,718000,0.0003,-97385152512.0,914467072.0,2.296356201171875,3.482408060020515e+20,55961186304.0,708001,1414.7,-24017566.447708942,,,,,,,
17.86847421765325,0.04514415651200208,2.069586494074882,-0.08428912575329911,0.0,2939.977267102978,33114.3524104406,20,34320,720000,0.0003,-107660500992.0,936556672.0,-0.30114084482192993,3.255468508203828e+20,55263031296.0,710001,1415.51,-24017690.137970958,,,,,,,
17.923653941750526,0.12742358542243098,1.8907973996088905,-0.006488524989229412,0.0,2161.31461784341,16677.377515511227,20,34395,722000,0.0003,-105358376960.0,954129152.0,0.6001302003860474,4.035639034339729e+20,63062638592.0,712001,1415.57,-24017684.847006008,,,,,,,
17.91774057507513,-0.04072058404649364,2.056746805794088,0.031530366936083395,0.0,2936.7388911566745,33235.08754184993,21,34469,724000,0.0003,-110314053632.0,975707328.0,-1.5129755735397339,3.6653259810108185e+20,73332269056.0,714001,1415.75,-24017715.803774163,,,,,,,
18.016802320480323,0.20811340964026406,1.842801193104411,-0.11073979420281667,0.0,2189.9415710084522,18999.154544887417,21,34544,726000,0.0003,-114339504128.0,1002984512.0,-0.6961907744407654,3.698187832698067e+20,74577494016.0,716001,1416.49,-24017693.551486615,,,,,,,
18.000852543115656,-0.06721464634411244,1.9825384431577013,0.09343777449780193,0.0,2535.685583454875,24797.27546598168,21,34619,728000,0.0003,-115162537984.0,1017460608.0,1.5676374435424805,2.9913736261426364e+21,64203706368.0,718001,1416.76,-24017757.239935756,,,,,,,
17.89680534720423,0.10729506825564472,1.9487420074945585,-0.18360073110118857,0.0,2607.2293669325545,24892.344688500358,21,34694,730000,0.0003,-107507990528.0,1042887104.0,0.9431890845298767,3.371830967263455e+20,73633046528.0,720001,1416.65,-24017890.429308597,,,,,,,
17.90008536756038,0.05495652983060131,1.897704061974436,0.040038985221646665,0.0,2198.4391179441504,17591.808570546367,21,34769,732000,0.0003,-119467687936.0,1060620288.0,-0.2554115056991577,6.983920530397824e+20,145924128768.0,722001,1416.19,-24017990.06194697,,,,,,,
17.840019711852044,0.015419730653041286,2.0331894073620496,-0.05306158067202672,0.0,2883.809470149687,31618.641281172586,21,34843,734000,0.0003,-119848017920.0,1088984832.0,-1.2583792209625244,4.338316113671115e+20,91032428544.0,724001,1416.02,-24017975.118676316,,,,,,,
17.86493172824385,0.2342927912550299,1.8084559285470894,-0.0833971124528347,0.0,2107.5002047272956,18236.972263889358,21,34918,736000,0.0003,-118908936192.0,1107584256.0,-0.08824558556079865,4.959382909221318e+20,70644490240.0,726001,1416.31,-24018022.59653448,,,,,,,
17.95349366128442,-0.1009086163435508,2.063990292913269,0.12357478568245618,0.0,2849.0374461094243,34580.14432223668,21,34993,738000,0.0003,-122710114304.0,1129521920.0,1.8488550186157227,5.3714024616931675e+20,89105252352.0,728001,1416.42,-24018041.532335524,,,,,,,
17.8405569118262,0.12189644451850172,1.8358141445746265,-0.22599731481122243,0.0,2274.690766519787,16697.949735923965,21,35069,740000,0.0003,-121643302912.0,1152017280.0,1.0053105354309082,5.836978961671195e+20,101922996224.0,730001,1417.26,-24018268.120211147,,,,,,,
17.944185802936563,0.04917696949363889,1.8842964808498321,0.023340498418690507,0.0,2217.402903854579,18594.996722113458,21,35144,742000,0.0003,-125442670592.0,1180470912.0,1.9542944431304932,6.457142222546157e+20,82012430336.0,732001,1417.84,-24018433.21598867,,,,,,,
17.86215863287451,0.02063322735380609,2.0407457018280155,-0.05742416826156447,0.0,2877.6795050879828,30956.706101793614,21,35219,744000,0.0003,-131492995072.0,1202596992.0,-1.1603937149047852,4.0313330301460095e+21,141165428736.0,734001,1417.38,-24018447.87410395,,,,,,,
17.910645837783804,0.23580938098423973,1.823638463040571,-0.0761443469220697,0.0,2134.7120605776704,18510.69535761925,21,35295,746000,0.0003,-137741090816.0,1229055744.0,-1.252387523651123,6.010463248817041e+20,81440301056.0,736001,1417.71,-24018357.772408757,,,,,,,
17.825414028763724,-0.11567369487358917,2.0598705428294433,0.09560329795648255,0.0,2879.566662551617,33091.42833965621,21,35370,748000,0.0003,-122912546816.0,1255627136.0,2.446310043334961,5.816987553294042e+20,77860978688.0,738001,1417.46,-24018540.94820912,,,,,,,
17.797457977533377,0.1495978120814951,1.8875110955345178,-0.17955481139064278,0.0,2243.6396179500284,16115.868879507518,21,35445,750000,0.0003,-145314119680.0,1275522048.0,2.427403211593628,5.646991796640804e+20,84962451456.0,740001,1417.22,-24018460.389390845,,,,,,,
17.787083076238673,-0.003463492052201637,1.8801762636346475,0.04342454772859039,0.0,2240.6396995007353,18364.0182659175,21,35521,752000,0.0003,-128368484352.0,1303468416.0,-1.6360901594161987,4.745942545443953e+20,60017672192.0,742001,1416.9,-24018490.49221934,,,,,,,
17.876844449043237,0.05533793001444333,2.0397346302957144,-0.09307283024155864,0.0,2852.7301740309094,30622.41706144672,21,35596,754000,0.0003,-140923731968.0,1329113728.0,-0.0004183650016784668,6.283734637331465e+20,72231698432.0,744001,1417.5,-24018645.872803636,,,,,,,
17.839888301491733,0.15824132002932348,1.8375245935613054,-0.05617023000375164,0.0,2125.753642848324,17626.673965106605,21,35672,756000,0.0003,-154783662080.0,1350397056.0,-1.9636590480804443,4.824259298538996e+21,61649440768.0,746001,1417.71,-24018641.50797406,,,,,,,
17.881250070333508,-0.06237397461355471,2.030430579222965,0.031584429884643245,0.0,2871.8818170003096,32736.235952686493,21,35748,758000,0.0003,-169814917120.0,1379068288.0,-3.570185422897339,6.68740704936896e+20,80052846592.0,748001,1417.63,-24018671.441161297,,,,,,,
17.877132992148375,0.18695910273066485,1.8909586531116331,-0.15429739410504964,0.0,2213.9557084678668,15286.147246287477,21,35823,760000,0.0003,-149602205696.0,1405058816.0,-1.756954312324524,7.396265890155216e+20,84834992128.0,750001,1417.7,-24018705.997965705,,,,,,,
17.866455481648455,-0.05544050019848938,1.9469016077919057,0.0745486341351185,0.0,2420.045244155215,22091.79851356629,21,35899,762000,0.0003,-146942541824.0,1432680832.0,-0.36412572860717773,8.990246016893709e+20,107189420032.0,752001,1417.7,-24018744.80921955,,,,,,,
17.829167152643183,0.09180688305584894,1.9301775044635272,-0.16032275737375062,0.0,2654.4286247497325,28715.400626855375,21,35975,764000,0.0003,-153650380800.0,1461358848.0,-0.19859367609024048,7.48610566584684e+20,101138268160.0,754001,1418.42,-24018785.580945883,,,,,,,
17.905722192525843,0.12028565365305652,1.8686105685438543,-0.024930681726313294,0.0,2149.8797270956775,17243.35576737375,21,36050,766000,0.0003,-151305076736.0,1489070592.0,1.5335376262664795,6.775211057291524e+20,79433768960.0,756001,1418.89,-24018911.16416531,,,,,,,
17.94708394587043,-0.03440547555410998,2.068323905614135,0.015458025096357077,0.0,2953.0050875095826,32833.00981807504,21,36126,768000,0.0003,-171402149888.0,1514884608.0,-1.4861522912979126,7.064765773208659e+20,97433272320.0,758001,1418.13,-24018834.413359948,,,,,,,
17.72947723209856,0.2211624670055388,1.8769167420224675,-0.11957942129056742,0.0,2151.7526728181824,15206.194078260378,21,36201,770000,0.0003,-172516425728.0,1547160320.0,-0.617141604423523,8.005313000512432e+20,122093150208.0,760001,1418.08,-24018895.560836025,,,,,,,
17.85340051651,-0.09111150955146549,1.9595098203685275,0.12186101873206277,0.0,2538.087367362881,27668.509350189426,21,36277,772000,0.0003,-166316752896.0,1578084608.0,1.9371529817581177,8.913721414975383e+20,82241159168.0,762001,1417.83,-24018906.002197653,,,,,,,
17.852359192371377,0.11468455155904313,1.9249280613425466,-0.1782391349165353,0.0,2548.356097814821,23792.021436175914,21,36352,774000,0.0003,-167996751872.0,1603036800.0,2.1055500507354736,8.069655365438721e+20,97071300608.0,764001,1417.61,-24018852.146365356,,,,,,,
17.92417064249511,0.10373203341514126,1.7925178351191506,-0.0031995957870298544,0.0,2083.2607031270168,18484.330167983462,21,36428,776000,0.0003,-173931773952.0,1638055808.0,2.363706111907959,9.733566542766093e+20,97921794048.0,766001,1418.09,-24018900.96337264,,,,,,,
17.751076393723444,-0.026068601250074607,2.0587610535316543,-0.012974126936297037,0.0,2949.3520637877236,34146.43480944465,21,36504,778000,0.0003,-184277467136.0,1665693056.0,-0.9664275646209717,1.1260217151387955e+21,102541983744.0,768001,1418.5,-24018979.931877457,,,,,,,
17.809483702778817,0.21134763368847964,1.8361899294623345,-0.12333197886524296,0.0,2149.855444462889,17272.286868069055,21,36579,780000,0.0003,-191439749120.0,1700461696.0,-1.8342070579528809,1.1476213307953853e+21,117844860928.0,770001,1419.17,-24019021.797924314,,,,,,,
17.695856157541275,-0.08486284600018892,2.0314878659154205,0.11742249805381733,0.0,2638.902757679098,27746.260710475926,21,36655,782000,0.0003,-192184942592.0,1728815616.0,-0.24840441346168518,1.3619442593622267e+21,142038351872.0,772001,1419.22,-24019054.659099914,,,,,,,
17.87827106714253,0.11864528134358726,1.8924800980650052,-0.1738272109704692,0.0,2452.1041496490193,22943.28312454506,21,36730,784000,0.0003,-177603805184.0,1762762112.0,0.4164389967918396,1.0412877547872149e+21,101857820672.0,774001,1419.77,-24019064.22837072,,,,,,,
17.80839812278752,0.05532854307105298,1.890388418378743,0.031437264500330284,0.0,2222.5378039319803,17788.346635063946,21,36807,786000,0.0003,-183501783040.0,1795374208.0,-1.0124919414520264,9.676166758140373e+20,124848078848.0,776001,1419.26,-24018969.79058724,,,,,,,
17.9736233115196,0.017209283454913713,2.074271514672977,-0.03959039801206242,0.0,2915.0718892201085,31349.515634725423,21,36883,788000,0.0003,-218731315200.0,1828164224.0,-0.9118794202804565,1.2713052354742332e+21,123785478144.0,778001,1418.21,-24019012.158966802,,,,,,,
17.836913462877252,0.21798966135191541,1.8187905991807822,-0.04724770656216452,0.0,2085.6193715991494,16060.124823399143,21,36960,790000,0.0003,-204832751616.0,1856964224.0,0.2786301374435425,1.419705598595532e+21,127916335104.0,780001,1418.16,-24019000.127989832,,,,,,,
17.85141084909442,-0.10433562198927825,2.047834629397193,0.08196723405063261,0.0,2918.195746527803,35830.42444250931,21,37038,792000,0.0003,-192433881088.0,1889235200.0,0.9193539619445801,1.4467492921454268e+21,139845353472.0,782001,1419.0,-24019131.60147331,,,,,,,
17.735898847579918,0.14875908406023636,1.8323519205926135,-0.17974936936517732,0.0,2219.071941463615,19023.88129845256,21,37113,794000,0.0003,-202911154176.0,1927566592.0,2.5806198120117188,1.3667303191287263e+21,121411534848.0,784001,1419.53,-24019093.59171043,,,,,,,
17.88600792169568,0.020260218535225017,1.899688856670694,0.03605673273574242,0.0,2242.3162523518445,18035.24385295633,21,37186,796000,0.0003,-224721502208.0,1962351744.0,1.1119012832641602,1.5015330483375985e+21,142338752512.0,786001,1419.83,-24019236.36789311,,,,,,,
17.808473963737494,0.03842557002672974,2.0252125902936258,-0.09356591904507025,0.0,2845.586337879106,30145.531979428197,21,37259,798000,0.0003,-206389313536.0,1992372480.0,0.30038565397262573,1.5599700682524978e+21,178309988352.0,788001,1419.25,-24019290.69510004,,,,,,,
17.823750176429776,0.22783412838893335,1.8013985311768905,-0.07833483152307989,0.0,2065.8945074086214,16858.06724428096,,,800000,0.0003,-210892292096.0,2025361792.0,-2.6950020790100098,1.5018003088279853e+21,152008589312.0,790000,,,0.0,0.0,40000.0,-138257963585.9033,4927376923.437315,0.0,0.0
,,,,,,,20,38458,800000,0.0003,-227408953344.0,2025485440.0,3.19948673248291,1.8699697191030117e+21,151633739776.0,790001,1419.91,-24019452.95989007,,,,,,,
17.88152753710749,-0.11274797400185275,2.058708007225605,0.08876181851508931,0.0,2920.3008309702295,34705.52218570767,20,38535,802000,0.0003,-225425129472.0,2066135936.0,1.5616909265518188,2.354922956477801e+21,198289211392.0,792001,1420.38,-24019635.887120713,,,,,,,
17.903156162500377,0.15429547865044524,1.8850035343529745,-0.18989279551741237,0.0,2229.642605520507,16061.638361522668,20,38611,804000,0.0003,-236010455040.0,2098376704.0,1.9572960138320923,1.7499630035199119e+21,150332915712.0,794001,1420.04,-24019677.190903045,,,,,,,
17.8394437164068,-0.022554541019137873,1.9456573510741044,0.09049400310591262,0.0,2363.783026180355,19952.71420597485,20,38687,806000,0.0003,-238425538560.0,2129214976.0,0.2975403070449829,2.0878606244746373e+21,277187231744.0,796001,1419.87,-24019621.082466785,,,,,,,
17.823526051640474,0.0739546661661525,1.9936116790510312,-0.13782188142364385,0.0,2763.2785642388926,28596.729942591224,20,38763,808000,0.0003,-235419254784.0,2181750016.0,-2.2827086448669434,1.3322689155175757e+21,134206185472.0,798001,1419.7,-24019558.68486364,,,,,,,
17.898082356452953,0.13355475529646116,1.8492514920044114,-0.04130212529541801,0.0,2137.437507656365,17625.580122723655,20,38838,810000,0.0003,-243700334592.0,2207665664.0,-0.6553456783294678,2.538973532774388e+21,175240888320.0,800001,1419.82,-24019599.22450974,,,,,,,
17.912064085006744,-0.04332902495454258,2.024729887944302,0.01581280818474741,0.0,2879.7272023003093,32916.88894491391,20,38914,812000,0.0003,-259665575936.0,2246691072.0,-3.5017998218536377,1.720647806907962e+21,143036104704.0,802001,1420.04,-24019641.26580279,,,,,,,
17.815214002132365,0.18762445142186457,1.8389987827419123,-0.14264230892642768,0.0,2156.598819916918,17112.902174604278,20,38988,814000,0.0003,-241755193344.0,2279187456.0,-0.28798559308052063,2.386053807427023e+21,163148136448.0,804001,1420.49,-24019612.97068647,,,,,,,
17.85098669290545,-0.025591753160053413,1.8829490549508885,0.05323218508169651,0.0,2305.090490916369,21361.735144648832,20,39063,816000,0.0003,-254071029760.0,2317031936.0,2.9816205501556396,1.9689709423366137e+21,149044871168.0,806001,1420.46,-24019674.09657186,,,,,,,
17.886135981678926,0.07008287592797731,1.979728884811291,-0.1252297830795152,0.0,2783.0353261434343,31417.475496570798,20,39138,818000,0.0003,-256746504192.0,2365296896.0,-0.1809157133102417,2.287464663559325e+21,146403164160.0,808001,1420.5,-24019742.137176584,,,,,,,
17.859462843537322,0.20895190636015892,1.7910551960073253,-0.04830224019626216,0.0,2044.3870088582223,17109.826962322055,20,39213,820000,0.0003,-254859444224.0,2399311872.0,-0.721664309501648,2.1731785046654043e+21,146943639552.0,810001,1420.68,-24019717.11181733,,,,,,,
17.8605431216955,-0.09872628068684745,2.052311365817904,0.07423405423534545,0.0,2942.864769410949,35996.614100771156,20,39287,822000,0.0003,-273744101376.0,2437908992.0,2.489208459854126,2.3553037921212904e+21,164186177536.0,812001,1421.04,-24019613.270587295,,,,,,,
17.776182807087892,0.16440537415787324,1.892073297668644,-0.17617359598601726,0.0,2228.988847284408,15501.031130443036,20,39362,824000,0.0003,-276702625792.0,2479504896.0,-0.15359395742416382,1.9616734220904133e+21,142910259200.0,814001,1420.72,-24019530.436192054,,,,,,,
17.83162378191948,-0.03294865417670975,1.9376558121313472,0.07184580255502811,0.0,2359.051911187645,19911.890771605125,20,39436,826000,0.0003,-296918843392.0,2516515584.0,-2.9599900245666504,2.92237679100146e+21,216525160448.0,816001,1420.72,-24019531.860772915,,,,,,,
17.87066153764724,0.08438121387043172,2.0237425822841226,-0.11447479095839196,0.0,2750.225594870121,28442.436130524744,20,39511,828000,0.0003,-270025703424.0,2560219136.0,3.2385811805725098,2.1848832193594518e+21,163453812736.0,818001,1420.7,-24019651.604101673,,,,,,,
17.87804585218429,0.0740167549936379,1.8982038533279946,0.03430133212848512,0.0,2223.7104684893493,17891.583206507603,20,39585,830000,0.0003,-275036504064.0,2608589568.0,1.456993579864502,1.8933739412040377e+21,145029595136.0,820001,1419.99,-24019532.114280973,,,,,,,
17.765843200087577,0.0036997828004977098,2.0068349195269115,-0.04331622783945407,0.0,2864.1875317614545,32577.696078710887,20,39660,832000,0.0003,-296040857600.0,2633746688.0,-3.4092235565185547,2.9151682168479e+21,206824521728.0,822001,1419.32,-24019665.044566974,,,,,,,
17.91797154784198,0.22759614725185642,1.8772170233004504,-0.11202919048083357,0.0,2163.0217884211875,15687.120391921826,20,39734,834000,0.0003,-286649942016.0,2682293504.0,-0.16393625736236572,1.7868031521592443e+21,128318709760.0,824001,1419.53,-24019700.974703744,,,,,,,
17.747605319619183,-0.1174888811837073,2.081183046698805,0.12777461884660266,0.0,2890.4894546621076,32007.37264070187,21,39809,836000,0.0003,-293352243200.0,2720425984.0,-0.3110172152519226,2.977344350353424e+21,170663460864.0,826001,1419.15,-24019647.63437034,,,,,,,
17.823678361177407,0.1482471834627091,1.8658614786588616,-0.20211690144555255,0.0,2224.2544017137066,16372.957681719314,21,39884,838000,0.0003,-274803834880.0,2777162752.0,1.2645498514175415,3.706481352149358e+21,319023448064.0,828001,1419.03,-24019704.919251733,,,,,,,
17.653234585523588,-0.0026870765198270382,1.9113071648069766,0.06796589066311383,0.0,2270.3850272923987,18625.017282616325,21,39959,840000,0.0003,-330025467904.0,2814678528.0,2.092803716659546,3.791784314166359e+21,216591400960.0,830001,1418.67,-24019749.147941492,,,,,,,
17.711124367713957,0.05663354645829779,1.9594582956160675,-0.07911166181803932,0.0,2780.4750665603196,33202.01838181137,21,40034,842000,0.0003,-333750960128.0,2864210176.0,-0.6797278523445129,4.856504508921015e+21,293220515840.0,832001,1418.96,-24019758.61096652,,,,,,,
17.89983563959599,0.19634674182075343,1.8596080586076762,-0.07113031218552647,0.0,2134.9781769876004,17108.306437442574,21,40110,844000,0.0003,-314402308096.0,2901573120.0,2.715423345565796,2.0727992925358175e+22,184739938304.0,834001,1419.04,-24019749.683504567,,,,,,,
17.812489982843363,-0.07997619704824697,2.0245632656500154,0.10952391581492782,0.0,2871.0586351700476,34906.79567202179,21,40185,846000,0.0003,-375602806784.0,2954284544.0,-0.1369747519493103,2.317013962909405e+22,211202129920.0,836001,1419.92,-24019858.04341151,,,,,,,
17.80265676081187,0.14746478360481677,1.860062485151334,-0.20205534153224336,0.0,2215.380274106629,15768.05412106929,21,40260,848000,0.0003,-332251365376.0,3000968192.0,0.35351303219795227,2.937587698742904e+21,177400414208.0,838001,1420.03,-24019892.98569338,,,,,,,
17.83476514458656,0.039795713051532455,1.8035918998574323,0.024233699349367293,0.0,2101.5101825228912,18535.221778147916,21,40335,850000,0.0003,-311615848448.0,3042452736.0,0.18054133653640747,2.170373747259971e+21,171792351232.0,840001,1420.25,-24019945.497048117,,,,,,,
17.939061011672013,0.02182854548009997,2.041855311710398,-0.05821064634080419,0.0,2950.0706894153745,35534.66958612493,21,40410,852000,0.0003,-331742707712.0,3089138688.0,-1.9153608083724976,3.313053081151759e+21,205636616192.0,842001,1420.3,-24020029.833036445,,,,,,,
17.80852925777436,0.19907869236902676,1.8770619369567065,-0.0819120051480085,0.0,2151.6774051681978,15647.39587249845,21,40486,854000,0.0003,-353424408576.0,3130193920.0,-1.923631191253662,4.338825864853938e+21,228092018688.0,844001,1420.32,-24020048.073744446,,,,,,,
17.80973687052728,-0.09492564840403067,2.0381248292809526,0.07613134062528264,0.0,2861.1272977577455,32066.76185717116,21,40561,856000,0.0003,-349517217792.0,3177341184.0,-0.08725738525390625,3.6825010915084935e+21,211321520128.0,846001,1420.37,-24020086.811675623,,,,,,,
17.856220829486812,0.15058979987357257,1.8413090151737148,-0.19217763287623657,0.0,2188.2135685457824,16732.96910937558,21,40636,858000,0.0003,-355718201344.0,3227377152.0,1.0288891792297363,3.5895670613978896e+21,205918683136.0,848001,1420.5,-24020094.62887697,,,,,,,
17.747775743603693,0.017657861280391266,1.8900953473993083,0.05262465392136185,0.0,2263.280665669634,20392.982239776506,21,40711,860000,0.0003,-334241955840.0,3265476352.0,-0.07292075455188751,4.5234714792512916e+21,271914926080.0,850001,1420.6,-24020067.046944175,,,,,,,
17.820598948597937,0.041773458696898295,1.990647931001227,-0.09023503304399394,0.0,2812.162809369114,31591.61168403466,21,40787,862000,0.0003,-339433586688.0,3317507584.0,-0.1496002972126007,4.0635757072532384e+21,210855034880.0,852001,1420.51,-24020131.268720616,,,,,,,
17.896682219505305,0.19940932089773142,1.8610636474917381,-0.058103659275499396,0.0,2143.125407916245,17746.28119578875,21,40862,864000,0.0003,-364900974592.0,3388402688.0,1.815232753753662,2.984235420733254e+21,211304153088.0,854001,1421.03,-24020174.27520371,,,,,,,
17.896718995571153,-0.09558515158038236,2.064300972385051,0.08991192759533817,0.0,2928.1992311436857,33068.06254829555,21,40937,866000,0.0003,-365586776064.0,3420147456.0,-1.5089752674102783,4.591091901756353e+21,304703176704.0,856001,1421.09,-24020207.985510707,,,,,,,
17.837009457349765,0.1702617533054113,1.8592967000021106,-0.1821020829516713,0.0,2181.921557477425,15791.719736487363,21,41012,868000,0.0003,-372299071488.0,3486001152.0,-0.512999415397644,3.6573510208644197e+21,214601334784.0,858001,1420.81,-24020345.088587098,,,,,,,
17.823729343414286,-0.01725723203839108,1.8975171643399478,0.04520011047173353,0.0,2293.9826845300304,20242.064483607002,21,41087,870000,0.0003,-400373121024.0,3525606656.0,1.4608073234558105,5.922508229569472e+21,248708743168.0,860001,1421.03,-24020332.301906243,,,,,,,
17.749752831459073,0.06355679857068318,2.0133922310394454,-0.12448950027031049,0.0,2782.21038511173,29013.80754641707,21,41163,872000,0.0003,-347151859712.0,3577433344.0,0.5223418474197388,3.8314266869363345e+21,230660161536.0,862001,1421.02,-24020357.634503536,,,,,,,
17.73180243432523,0.17801098042947547,1.7990315270646318,-0.03096217631388477,0.0,2042.8885085438071,15900.29397975977,21,41238,874000,0.0003,-365706706944.0,3641068288.0,1.8498868942260742,4.865934483590776e+21,267978850304.0,864001,1420.96,-24020328.36790221,,,,,,,
17.83108322679993,-0.07026703095781853,2.022206564186533,0.08314649716928718,0.0,2931.3069768484847,38258.138770807,21,41312,876000,0.0003,-436396326912.0,3676982272.0,-2.5830488204956055,5.509970059453033e+21,260752785408.0,866001,1422.35,-24020306.80142389,,,,,,,
17.874597799777977,0.1566222203090988,1.8464192062975295,-0.18325031157283264,0.0,2196.8877152064724,17207.56402553639,21,41387,878000,0.0003,-374337732608.0,3729212928.0,1.1943061351776123,3.9563661107488e+21,197715427328.0,868001,1422.18,-24020370.16732957,,,,,,,
17.728873065710054,0.02399478633711455,1.8471897815839808,0.018679840699738062,0.0,2195.3761642354248,19331.789036118418,21,41462,880000,0.0003,-429081198592.0,3784928000.0,-0.47711265087127686,6.275109681095097e+21,366387134464.0,870001,1422.15,-24020368.55106564,,,,,,,
17.732864055633573,0.03030743523441969,2.0404450364237974,-0.08001184325579663,0.0,2867.9756590084303,30757.969930353967,21,41536,882000,0.0003,-405317287936.0,3849521408.0,-2.226205587387085,5.468421538140773e+21,382614503424.0,872001,1422.05,-24020374.502346147,,,,,,,
17.76305172979822,0.20923658513674936,1.8230251479353095,-0.09199372022002414,0.0,2096.6679060684105,16665.49260167453,21,41609,884000,0.0003,-448289472512.0,3895410944.0,-0.08083023130893707,6.226179197043623e+21,283494973440.0,874001,1422.11,-24020361.512247,,,,,,,
17.831063067913075,-0.09924107344520589,2.042201428004693,0.07932245735323984,0.0,2869.852599632376,33008.94960924031,21,41683,886000,0.0003,-464475488256.0,3957177344.0,0.6521932482719421,8.82784959203045e+21,276517486592.0,876001,1422.83,-24020514.948538847,,,,,,,
17.874974448680874,0.14900285028248642,1.8514745178068577,-0.2084953551473246,0.0,2213.3567039898685,16566.78830355963,21,41755,888000,0.0003,-397224280064.0,4003204864.0,3.8097825050354004,4.305674530226892e+22,258797289472.0,878001,1422.68,-24020632.649506487,,,,,,,
17.818100929856314,0.009027025929272126,1.8935278036431142,0.031894712390080224,0.0,2240.404739243526,18020.365924689926,21,41826,890000,0.0003,-491879038976.0,4065532672.0,-0.46295008063316345,8.161540338311124e+21,330487857152.0,880001,1422.56,-24020656.93579376,,,,,,,
17.83565272390839,0.04922751665188948,1.985161238986075,-0.08200911891194015,0.0,2815.159848836331,32549.519353984804,21,41897,892000,0.0003,-444671131648.0,4123479296.0,0.023588359355926514,5.575683770465856e+21,228177772544.0,882001,1422.97,-24020647.897633955,,,,,,,
17.87104998826977,0.19110959823124213,1.8627472617533123,-0.0775283551145081,0.0,2142.0158153971515,16497.28941980988,21,41968,894000,0.0003,-478611406848.0,4170104576.0,1.5920273065567017,4.4517710769588095e+21,204024954880.0,884001,1423.22,-24020701.512318395,,,,,,,
17.751876169443136,-0.09121807278699338,2.049299370318157,0.06931501067424091,0.0,2875.048170353933,31779.420366804534,21,42039,896000,0.0003,-476462514176.0,4242647040.0,-0.7320618629455566,5.668302548602544e+21,232164802560.0,886001,1423.19,-24020773.224208605,,,,,,,
17.819388468861575,0.1758928155638951,1.9008499951649709,-0.15841954385336093,0.0,2231.9629498748973,15505.501472312137,21,42110,898000,0.0003,-489594159104.0,4308867072.0,-0.22043287754058838,7.587214292231075e+21,309926166528.0,888001,1422.61,-24020695.590052266,,,,,,,
17.78202192068105,-0.05084536323977591,1.9630251529255263,0.0842821341122153,0.0,2422.9168803831294,21278.214613677206,,,900000,0.0003,-546383069184.0,4357040128.0,1.4031198024749756,7.944702149352397e+21,279209574400.0,890000,,,0.0,0.0,40000.0,-136673865298.67085,7188280526.90187,0.0,0.0
,,,,,,,20,43299,900000,0.0003,-556625035264.0,4357156352.0,-0.4807469844818115,4.40483388610241e+22,428134465536.0,890001,1422.66,-24020713.91448135,,,,,,,
17.793094654679255,0.09137692527763701,1.9669710426844313,-0.14421982045514287,0.0,2659.0839069933213,26835.554180644463,20,43374,902000,0.0003,-470744039424.0,4400989696.0,-0.5953634977340698,5.972374336443532e+21,294568919040.0,892001,1422.5,-24020677.29247408,,,,,,,
17.81069625377656,0.1419042709886438,1.792992290110587,-0.032911332833620105,0.0,2086.104889753889,18672.5405389322,20,43449,904000,0.0003,-514302115840.0,4468769280.0,-1.4581122398376465,9.096032757390875e+21,278672211968.0,894001,1422.82,-24020601.33588542,,,,,,,
17.796024224162103,-0.0490649361031431,2.0257376853082305,0.021807927827140486,0.0,2899.7492972193104,34906.28365104477,20,43524,906000,0.0003,-510320082944.0,4535836160.0,0.28198960423469543,9.009589540243219e+21,341917270016.0,896001,1422.91,-24020610.511880726,,,,,,,
17.90179930150504,0.1922236737367199,1.8938950452385266,-0.1505618179449065,0.0,2211.253449639406,15442.849151394932,20,43599,908000,0.0003,-525407354880.0,4597915648.0,1.1259602308273315,8.417658923219778e+21,397597573120.0,898001,1422.63,-24020567.23371634,,,,,,,
17.703956138491574,-0.0627534270656762,1.939693332594391,0.07219221338820966,0.0,2401.8512888062596,21247.994036654003,20,43673,910000,0.0003,-511486853120.0,4670331392.0,-1.2424652576446533,9.217229126963042e+21,310610657280.0,900001,1422.93,-24020676.439907316,,,,,,,
17.740063334107383,0.09317682505271442,1.957184728832808,-0.17758222998720669,0.0,2660.5032019016817,26331.709172979132,20,43748,912000,0.0003,-577016102912.0,4734098432.0,-1.5323306322097778,6.86839475570647e+21,266132602880.0,902001,1423.34,-24020795.768478137,,,,,,,
17.845652231574064,0.13561856155549715,1.799904727534459,-0.04189645915082646,0.0,2058.2518446916306,16679.215631210813,20,43823,914000,0.0003,-579455549440.0,4785555456.0,-0.3569169342517853,7.888719028284461e+21,289857372160.0,904001,1423.6,-24020881.59291204,,,,,,,
17.684004431962975,-0.05298890249403929,2.0707226992291456,0.038239783162553546,0.0,2934.952336544383,34521.36666226348,20,43897,916000,0.0003,-547923820544.0,4857339392.0,2.8207995891571045,6.805097788843684e+21,325958303744.0,906001,1423.55,-24020964.332617063,,,,,,,
17.712335242629045,0.21635345634552747,1.903216866869189,-0.1022274817631316,0.0,2204.952202301123,15363.923022415562,20,43972,918000,0.0003,-525783695360.0,4911157248.0,0.5421900749206543,8.263810330449267e+21,297854992384.0,908001,1422.99,-24020844.29518014,,,,,,,
17.789620097279556,-0.10926558426301676,2.0957566033950115,0.14728947503076426,0.0,2897.1658517653436,32216.448949036003,20,44047,920000,0.0003,-549967298560.0,4989067776.0,2.288266658782959,7.916491038336594e+21,240672555008.0,910001,1422.2,-24020742.782815047,,,,,,,
17.781136358976408,0.1366015865621334,1.8434906395734998,-0.21651453577771085,0.0,2208.349284685204,15742.325393362968,20,44121,922000,0.0003,-619582324736.0,5055190528.0,-0.7416487336158752,1.040101379981626e+22,348140404736.0,912001,1421.81,-24020803.793982573,,,,,,,
17.839428907036833,0.04698234663579311,1.8350948235372184,0.00203907557934783,0.0,2159.1916446453424,18542.74580221951,20,44196,924000,0.0003,-534392209408.0,5120304128.0,-0.4516623616218567,7.760787525469561e+21,257777680384.0,914001,1421.88,-24020804.55008172,,,,,,,
17.670426974892564,0.019511015009809958,1.975710486940889,-0.04160281615254355,0.0,2840.045966758854,35020.94228545011,20,44271,926000,0.0003,-554118742016.0,5171656704.0,1.6572291851043701,6.986521359182631e+21,257153810432.0,916001,1422.62,-24020886.65161935,,,,,,,
17.828021559715264,0.22199323516546277,1.8716976613552911,-0.10136889210085055,0.0,2152.703203662676,16586.493186834483,20,44346,928000,0.0003,-566609313792.0,5231011840.0,-2.976236343383789,8.476973582112061e+21,314164838400.0,918001,1423.24,-24021043.885768384,,,,,,,
17.823198107480973,-0.09001525887506241,1.9885721528664067,0.14204697223939988,0.0,2631.1531107993246,29953.731048942496,20,44420,930000,0.0003,-561123098624.0,5320538112.0,-0.23772931098937988,9.993233119756184e+21,288145637376.0,920001,1423.1,-24020976.460331365,,,,,,,
17.78643759131428,0.11878437358581774,1.915925563184639,-0.1644193272689885,0.0,2494.4036510068795,22409.230099104825,20,44495,932000,0.0003,-606855495680.0,5389871104.0,-0.45259255170822144,1.0797258509430825e+22,392856764416.0,922001,1423.94,-24020966.71179538,,,,,,,
17.85252176880837,0.07994560394887909,1.8219239546549881,-0.008517302093156816,0.0,2147.585912254734,19025.19881661657,20,44570,934000,0.0003,-558316716032.0,5463879168.0,-0.343921959400177,7.367873678139398e+22,390245941248.0,924001,1423.7,-24020988.453461956,,,,,,,
17.77903865516187,0.0007023888217975957,1.9911031988160208,-0.004390139925053589,0.0,2868.285594319137,35574.586904293115,20,44645,936000,0.0003,-563647283200.0,5521741824.0,-1.059082269668579,9.936902095617034e+21,417964064768.0,926001,1423.74,-24020999.195325438,,,,,,,
17.782442748546565,0.20860575520711788,1.8666671952367762,-0.1236606924746586,0.0,2161.3790998661275,16669.977896910823,20,44720,938000,0.0003,-632036130816.0,5599493120.0,-1.1217238903045654,1.1388554118906807e+22,379968487424.0,928001,1424.06,-24020989.39932704,,,,,,,
17.75516346335408,-0.0792269747136207,1.9789631631840288,0.0942152782129581,0.0,2530.170133884851,24637.126206713612,20,44795,940000,0.0003,-664944050176.0,5664428544.0,3.1628947257995605,1.2300911345818032e+22,414626217984.0,930001,1424.1,-24020975.67987765,,,,,,,
17.83423573493959,0.11260465389460658,1.9489418667598761,-0.16304822510685774,0.0,2588.541243335625,24061.083520422406,20,44870,942000,0.0003,-593638981632.0,5731188224.0,4.3776445388793945,9.807088088157893e+21,347278508032.0,932001,1423.72,-24020880.92848459,,,,,,,
17.727822273969622,0.08125669375742639,1.8192415273639786,-0.02269157040837048,0.0,2103.5493986659094,17362.447594911355,21,44945,944000,0.0003,-633140281344.0,5810314752.0,-0.12506935000419617,1.36765110822004e+22,458498277376.0,934001,1423.52,-24020949.57817992,,,,,,,
17.77299536466592,-0.009118860838428576,2.014156407338005,-0.02686718068695233,0.0,2874.2706382065667,33545.38432173468,21,45020,946000,0.0003,-633196052480.0,5885390848.0,2.4775004386901855,1.1791241227788326e+22,354713993216.0,936001,1424.09,-24020977.628984265,,,,,,,
17.773366762995757,0.20266829389964258,1.8268528054833935,-0.13157389189971805,0.0,2112.0682330814348,16469.962114547045,21,45096,948000,0.0003,-684601311232.0,5957310464.0,0.224653422832489,1.4569455542917843e+22,552925069312.0,938001,1424.7,-24021052.089708243,,,,,,,
17.72284801125531,-0.07205036285117686,2.0323235208064334,0.143656163568264,0.0,2637.6283623951676,28182.590212031617,21,45171,950000,0.0003,-633576226816.0,6019973632.0,0.6010782718658447,1.7775784290425013e+22,629037400064.0,940001,1425.28,-24021114.157136783,,,,,,,
17.861264748573312,0.11044312093147751,1.8829282444932618,-0.1980422894116925,0.0,2487.7155706824856,23385.500224830663,21,45246,952000,0.0003,-766022385664.0,6093142528.0,-1.3597394227981567,1.8096467605491557e+22,655224406016.0,942001,1425.06,-24020962.634895116,,,,,,,
17.73950286149977,0.09854605813371202,1.8428239235078425,-0.031076854402474804,0.0,2135.4899782698476,17467.449113549355,21,45321,954000,0.0003,-720523296768.0,6166636544.0,-1.6794404983520508,1.5138350247847284e+22,395562450944.0,944001,1425.33,-24020983.966024175,,,,,,,
17.75038377285005,-0.020423680417052708,2.014839021220962,-0.008838035344874437,0.0,2853.8947764411837,33139.302370501166,21,45396,956000,0.0003,-673387053056.0,6267643392.0,3.837279796600342,1.5157125754693792e+22,367405498368.0,946001,1425.29,-24021094.93984852,,,,,,,
17.74726765990256,0.20396823775118725,1.8574296171922873,-0.10463158162799284,0.0,2132.599442531412,15111.452289306279,21,45471,958000,0.0003,-686665105408.0,6327629312.0,1.3703476190567017,1.6760490538630795e+22,659063898112.0,948001,1424.7,-24021021.358604502,,,,,,,
17.81024896264073,-0.07850332231436662,2.0411277395943466,0.1476251365819595,0.0,2706.734819926973,31131.436742712147,21,45546,960000,0.0003,-673164623872.0,6402730496.0,-2.291428565979004,1.139548853643305e+22,354481012736.0,950001,1425.02,-24020916.811488904,,,,,,,
17.655581787824605,0.11240919336146893,1.8896569934565257,-0.2073858458574366,0.0,2436.5190734619787,20525.68881143308,21,45622,962000,0.0003,-793764495360.0,6495141888.0,-1.3479772806167603,1.6951136918056643e+22,556510806016.0,952001,1424.33,-24020857.789164547,,,,,,,
17.858746687769884,0.07163249599055944,1.8507459586558819,-0.009762364447824337,0.0,2144.439715727686,16905.798254317684,21,45697,964000,0.0003,-819406962688.0,6600332800.0,-2.3540196418762207,9.511287161032572e+22,432269983744.0,954001,1423.87,-24020994.395664997,,,,,,,
17.85294498503206,-0.00033465394679054003,2.033483440053503,-0.04001281552826617,0.0,2889.402851503983,32913.915184716905,21,45772,966000,0.0003,-767538102272.0,6667101184.0,-2.9154052734375,1.7327887796684135e+22,479268470784.0,956001,1424.21,-24021050.542541526,,,,,,,
17.755359097123147,0.2242662412332707,1.8515976299771404,-0.09960889384035265,0.0,2122.568487036781,15077.567120416152,21,45847,968000,0.0003,-753629462528.0,6726174720.0,0.7273833751678467,2.0698602434189955e+22,540124971008.0,958001,1424.1,-24020979.89583484,,,,,,,
17.79339490652085,-0.102442580223097,2.048316535988974,0.114876845173454,0.0,2792.4237451246313,33314.26842931446,21,45921,970000,0.0003,-783692595200.0,6830676480.0,1.4956026077270508,1.5689584086837992e+22,363819237376.0,960001,1424.47,-24020992.622674517,,,,,,,
17.854802330732312,0.12585071164439968,1.8638415622822129,-0.21821941946930895,0.0,2330.866804254237,17370.218738592273,21,45996,972000,0.0003,-729265340416.0,6874094592.0,1.3084518909454346,1.0683747082262803e+23,545443086336.0,962001,1425.24,-24021215.99044744,,,,,,,
17.75599966883661,0.07080917760561935,1.8039608329431025,0.005316121143536258,0.0,2073.6290670852695,16928.04128340217,21,46070,974000,0.0003,-781690863616.0,6969226752.0,-3.665235996246338,1.4808747553718733e+22,476822568960.0,964001,1425.49,-24021319.053764664,,,,,,,
17.802329331040376,-0.0005418617725002383,2.0346408139898737,-0.023774623586045925,0.0,2935.387564112824,36061.18510909944,21,46143,976000,0.0003,-783018754048.0,7067602944.0,-0.4043002128601074,1.7252122614252974e+22,490768596992.0,966001,1425.83,-24021180.728648648,,,,,,,
17.812522010803214,0.22084209506314512,1.8484909942103331,-0.09484463823897897,0.0,2122.908460480215,15380.023370393974,21,46217,978000,0.0003,-795590262784.0,7151132160.0,1.2464096546173096,1.5791954284067844e+22,482505654272.0,968001,1425.82,-24021156.390695162,,,,,,,
17.73283433794975,-0.07867654085513488,1.9174002565272346,0.10246261896444289,0.0,2453.8217561347183,26618.244490040892,21,46290,980000,0.0003,-798586830848.0,7232598528.0,5.718270778656006,2.1242686808772212e+22,709543985152.0,970001,1426.5,-24021199.46845755,,,,,,,
17.643178429603534,0.09744918259270324,1.9445309128917625,-0.18357909800367606,0.0,2652.2954830806966,26898.764827383093,21,46362,982000,0.0003,-776797618176.0,7325129728.0,1.3422921895980835,1.536615807959838e+22,546138750976.0,972001,1427.09,-24021176.941910844,,,,,,,
17.58768484175203,0.11594738723409233,1.8231304874700631,-0.048674575064084846,0.0,2097.263012487352,17198.99226701392,21,46434,984000,0.0003,-803658530816.0,7418151424.0,1.102718710899353,2.043990666439454e+22,464591290368.0,974001,1427.74,-24021316.73384425,,,,,,,
17.81190770685674,-0.041614036888366866,2.041518172021605,0.008293263401554141,0.0,2877.5565090281157,31936.89573498701,21,46505,986000,0.0003,-816846471168.0,7505508352.0,0.09279370307922363,2.147451635499055e+22,655911157760.0,976001,1426.88,-24021421.08764616,,,,,,,
17.81992443740367,0.2049515045063504,1.8551877941410624,-0.12818153721427697,0.0,2170.7188352131975,17487.863684204476,21,46577,988000,0.0003,-910434631680.0,7594966016.0,-1.435431718826294,2.926734023640941e+22,577334149120.0,978001,1427.52,-24021451.370587174,,,,,,,
17.717754852175748,-0.08034717302761932,2.056514478410145,0.1441257025726491,0.0,2684.57978623585,28095.24119500943,21,46648,990000,0.0003,-897020788736.0,7685504512.0,0.076291024684906,1.8633888904425119e+22,415170560000.0,980001,1426.97,-24021508.57497435,,,,,,,
17.699268233776067,0.11687589744563912,1.8833376198186946,-0.20437982843698874,0.0,2391.6409205165855,19867.871054721512,21,46720,992000,0.0003,-961866891264.0,7763087360.0,-2.9101147651672363,2.496043532276432e+22,464780460032.0,982001,1426.74,-24021454.590530638,,,,,,,
17.776636320948622,0.0678404237908587,1.850545454028701,0.007085537828428677,0.0,2170.5778954477237,17392.638491149588,21,46791,994000,0.0003,-957943316480.0,7826720256.0,-1.6829153299331665,1.3738740470771516e+23,768981991424.0,984001,1426.04,-24021414.32914,,,,,,,
17.713277785778025,0.0015394874811332489,2.034788536733119,-0.04437966500680054,0.0,2871.152716294326,32371.464422844398,21,46862,996000,0.0003,-853173141504.0,7922423808.0,-0.35020577907562256,2.4576980836091488e+22,538870677504.0,986001,1426.34,-24021542.468412463,,,,,,,
17.74483771443366,0.22967767142397574,1.8539632891444404,-0.09367825599092919,0.0,2141.1564523016336,15507.748728935065,21,46934,998000,0.0003,-854893920256.0,8028189184.0,-1.8795857429504395,2.6175941099592922e+22,701466869760.0,988001,1426.22,-24021457.261741217,,,,,,,
17.755077908039087,-0.11991314896292277,2.0787282658508155,0.1156272461956653,0.0,2885.208961551693,32692.788313100256,,,1000000,0.0003,-995415621632.0,8129007104.0,-1.8691563606262207,2.8141579941155235e+22,464148987904.0,990000,,,0.0,0.0,40000.0,-137673388516.81293,6571606874.758539,0.0,0.0
,,,,,,,20,48150,1000000,0.0003,-948126810112.0,8129487360.0,-2.853976011276245,1.999993425419802e+22,378883112960.0,990001,1426.08,-24021456.64620812,,,,,,,
