rollout/acrobot_xk_applied_torque,rollout/acrobot_xk_elbow_norm,rollout/acrobot_xk_elbow_rate_norm,rollout/acrobot_xk_energy_error_norm,rollout/acrobot_xk_homoclinic_capture,rollout/acrobot_xk_lyapunov,rollout/acrobot_xk_lyapunov_rate,time/fps,time/time_elapsed,time/total_timesteps,train/learning_rate,train/actor_loss,train/alpha,train/alpha_loss,train/critic_loss,train/fraction,train/n_updates,rollout/ep_len_mean,rollout/ep_rew_mean,eval/best_strict_capture_mean_max_duration,eval/best_strict_capture_success_rate,eval/mean_ep_length,eval/mean_reward,eval/std_reward,eval/strict_capture_mean_max_duration,eval/strict_capture_success_rate
-0.6951487488094719,-0.0032285599428959364,0.02954946121638021,-0.9799226984556386,0.0,1231.6224730031743,442.92044908326034,2128,0,2000,0.0003,,,,,,,,,,,,,,,
-0.015724475480616264,-0.12994166418517333,0.17139721566979668,-0.9401983068674495,0.0,1289.7037279149447,29.32698687666009,2119,1,4000,0.0003,,,,,,,,,,,,,,,
-0.031666731845587034,0.05673706508306734,-0.4692272684998022,-0.8785570482202193,0.0,1181.0504780755675,-143.19027994434703,2131,2,6000,0.0003,,,,,,,,,,,,,,,
-0.7544393557084824,0.031263798487341114,0.22403886521647057,-0.9046106315876593,0.0,1252.510932968651,839.8712852438547,2143,3,8000,0.0003,,,,,,,,,,,,,,,
0.002026943632809761,-0.17882690585130592,0.2801826163883169,-0.9027538958340722,0.0,1291.7209600226288,-439.62827770233673,1211,8,10000,0.0003,-0.0018661990761756897,1.0,-0.0,9039761.0,97.69634246826172,1,,,,,,,,,
7.336595315933223,0.49655618168219173,0.26331969386487797,-0.8329340374251601,0.0,948.7104247724329,-320.76017400857495,159,75,12000,0.0003,12846.623046875,1.7102500200271606,-0.7317537665367126,2278007.5,3062.955810546875,2001,,,,,,,,,
7.682075296401976,0.7226878108784668,-0.028531603114480757,-0.7271284494194986,0.0,795.0206544570159,26.845987892920206,97,144,14000,0.0003,54779.06640625,2.6349923610687256,-0.9161905646324158,889445.4375,3801.055908203125,4001,,,,,,,,,
7.068111574172971,0.3934721813849496,-0.1501087988349191,-0.8490603124650133,0.0,1079.327759203842,210.51520485125337,74,213,16000,0.0003,88265.046875,4.782458782196045,-1.8975934982299805,552296.9375,4027.947265625,6001,,,,,,,,,
1.282908763885498,0.20503368172061515,-0.2249088082445061,-0.9274960584528384,0.0,1224.5074113072822,315.765292064149,63,282,18000,0.0003,114818.2578125,7.752996921539307,-1.3138856887817383,757325.5,5046.81787109375,8001,,,,,,,,,
7.53879246902466,0.4980044559603606,0.4135267582679374,-0.8152550786234773,0.0,970.0200119173694,-556.7159389786231,56,352,20000,0.0003,135067.78125,12.478606224060059,-1.8299423456192017,611166.75,5032.23876953125,10001,,,,,,,,,
6.311185482025145,0.07110336691217119,0.6987183507113405,-0.4736402723274971,0.0,929.5986962547214,838.2935555555297,52,421,22000,0.0003,136755.265625,21.309755325317383,-1.4872081279754639,654112.5,7742.1220703125,12001,,,,,,,,,
7.856407653808594,0.22350878679029726,0.35142549966109893,-0.3590877901080774,0.0,1811.8080946462544,92.05221678477025,48,490,24000,0.0003,157945.96875,30.626493453979492,-0.6818003058433533,1842710.75,8282.3603515625,14001,,,,,,,,,
-2.91650770950318,0.29705679648207983,-0.13797542866810042,-0.31434917643020804,0.0,1760.411157547395,-52.707259098197135,46,560,26000,0.0003,161051.140625,37.22130584716797,-0.3477053940296173,1730460.75,7766.4521484375,16001,,,,,,,,,
-17.153030061721825,-0.37303724466363203,-0.5433065205707563,0.044340076204366294,0.0,1062.027129376724,-778.8303638580544,44,629,28000,0.0003,164176.109375,52.078857421875,-0.28678232431411743,15552012.0,27896.484375,18001,,,,,,,,,
-37.962125856399496,-0.64956252983956,-0.12679350092963182,0.21305147043798825,0.0,775.1038472412412,463.6913002183068,42,699,30000,0.0003,151640.578125,74.11771392822266,-0.6371554732322693,13281212.0,14349.75390625,20001,,,,,,,,,
10.789622081756596,0.27739880739555994,-0.6711717706792747,0.21700215500861858,0.0,594.4456040629398,-1150.9243286565202,41,768,32000,0.0003,139629.640625,80.70410919189453,0.36353281140327454,26041648.0,31063.306640625,22001,,,,,,,,,
4.078086723327645,0.11713509691275072,-0.03036336311892738,-0.09565356702901118,0.0,23.69944338934521,-18.043086856368756,40,838,34000,0.0003,125613.34375,87.78852081298828,-0.45023947954177856,27349664.0,27335.712890625,24001,,,,,,,,,
13.020608917236329,0.18277646775276662,0.3772588391203233,0.03306789503374905,0.0,229.7786385335778,1567.1463067116247,39,908,36000,0.0003,105868.2890625,138.83096313476562,-0.32637840509414673,96701120.0,62828.5625,26001,,,,,,,,,
19.357003479003886,0.4079103448474574,-0.3957458207010539,0.4775652944926696,0.0,542.3021046371514,-985.7568630125652,38,977,38000,0.0003,63202.37890625,193.6586456298828,1.9776731729507446,50070636.0,23010.134765625,28001,,,,,,,,,
16.942856946945213,0.260277750515224,0.26749281138837494,0.6856583823582423,0.0,1455.9973385575818,458.6705316374216,38,1047,40000,0.0003,60276.4765625,108.73101806640625,1.639509677886963,27771338.0,33444.53515625,30001,40000.0,-41066442.28474,,,,,,,
7.170587327957155,0.47471282379119484,0.5493719362867006,-0.7511948689307159,0.0,924.2941559149633,-447.82343221368296,37,1116,42000,0.0003,67705.8984375,86.19795227050781,-0.1816364824771881,36513400.0,24834.10546875,32001,40000.0,-41066442.28474,,,,,,,
5.077047136306796,0.13750014556614795,0.4902110304814148,-0.4198988389272978,0.0,741.0883170162771,427.0252675187538,37,1185,44000,0.0003,75443.1953125,93.38642883300781,-0.17484572529792786,11002644.0,12262.4560546875,34001,40000.0,-41066442.28474,,,,,,,
-16.803582464218177,-0.7316327996122007,-0.205488327324441,-0.12318904080985765,0.0,582.6525876698181,-520.6149116486862,36,1255,46000,0.0003,81727.25,96.2525634765625,-0.17302393913269043,20167398.0,17848.509765625,36001,40000.0,-41066442.28474,,,,,,,
-20.50679011344909,-0.670707109182441,0.09578544258237492,-0.2850374591286039,0.0,648.0037961683151,168.29825852304145,36,1324,48000,0.0003,83627.09375,101.94418334960938,0.3558090329170227,30460464.0,29498.0859375,38001,40000.0,-41066442.28474,,,,,,,
-5.187800817489618,-0.8080377411996356,-0.06265957873734501,-0.25946170428566934,0.0,580.0134538921632,148.0989715501797,35,1393,50000,0.0003,83289.5703125,92.89530944824219,-0.8438665270805359,11262110.0,12304.099609375,40001,40000.0,-41066442.28474,,,,,,,
4.014429559707633,0.1761710533020618,-0.4011265290965853,-0.5021478529742263,0.0,844.5930698705041,-46.42123922865067,35,1462,52000,0.0003,67644.5234375,132.1514129638672,0.2894132733345032,40586364.0,27137.74609375,42001,40000.0,-41066442.28474,,,,,,,
4.751563289642338,0.533941867226745,-0.21430557074436346,-0.7488316123712481,0.0,961.4158183836312,311.4588099664012,35,1530,54000,0.0003,56617.609375,147.61167907714844,-0.12336631119251251,29356642.0,31756.265625,44001,40000.0,-41066442.28474,,,,,,,
5.940370374679549,0.5430504663812384,0.08144776843939452,-0.5656581089727631,0.0,986.6203345095438,-169.50211075189577,35,1599,56000,0.0003,45830.11328125,161.09335327148438,-0.5551042556762695,49695480.0,51591.39453125,46001,40000.0,-41066442.28474,,,,,,,
6.510698541641236,0.5699007501818745,0.11313889448313616,-0.6873484218834549,0.0,770.1913631984671,-208.15991591044792,34,1668,58000,0.0003,50790.984375,112.93660736083984,0.7699968218803406,53596768.0,38846.3125,48001,40000.0,-41066442.28474,,,,,,,
5.075315649032595,0.364028544809348,-0.4341641603402563,-0.7909815849048886,0.0,974.2928177155464,410.25422033734594,34,1737,60000,0.0003,62781.265625,95.54542541503906,0.2841796278953552,53658264.0,60619.328125,50001,40000.0,-41066442.28474,,,,,,,
0.37969504165649404,0.03243800314550164,0.02601773503371803,-0.9469611076428154,0.0,1078.5145502878347,48.732608165673305,34,1806,62000,0.0003,77184.7109375,82.72703552246094,-0.093826524913311,28896176.0,31000.087890625,52001,40000.0,-41066442.28474,,,,,,,
3.469452514648439,0.11082783127996863,0.13999222401256803,-0.9331018902725831,0.0,1063.89363910141,-30.592458174335526,34,1876,64000,0.0003,94813.0859375,83.62822723388672,0.008242622017860413,19937492.0,22613.94140625,54001,40000.0,-41066442.28474,,,,,,,
0.7662455368041997,0.1582907125229684,-0.23188924473129155,-0.8759328041381403,0.0,1015.1553062853538,5.140265580070192,33,1946,66000,0.0003,106685.609375,102.03044891357422,-0.26126232743263245,21139928.0,22718.099609375,56001,40000.0,-41066442.28474,,,,,,,
6.74391975021362,0.5409103990585081,0.5651614686242187,-0.42108303027512806,0.0,915.1871581115976,-512.769425712944,33,2016,68000,0.0003,80907.53125,184.08213806152344,-0.3722994327545166,58817396.0,42247.61328125,58001,40000.0,-41066442.28474,,,,,,,
1.705439453125003,0.2915709409825114,-0.5361627217033471,-0.7074793628621198,0.0,957.9640882694259,619.4884185519949,33,2086,70000,0.0003,77875.046875,113.54488372802734,0.24525395035743713,33441194.0,34631.90625,60001,40000.0,-41066442.28474,,,,,,,
2.512703022003176,0.13328632479387795,0.34774158638988606,-0.858580696346643,0.0,1012.6994341421578,-213.0272540223196,33,2156,72000,0.0003,87705.7890625,83.28582763671875,0.5629790425300598,11924736.0,13565.9794921875,62001,40000.0,-41066442.28474,,,,,,,
12.10745089530945,0.6316043269549818,0.2460206061108704,-0.6192849294567667,0.0,634.4078876525434,-340.43919113287194,33,2227,74000,0.0003,99837.921875,91.0831298828125,0.039396703243255615,12744070.0,12872.0234375,64001,40000.0,-41066442.28474,,,,,,,
-4.8164951839447046,0.7910089770910137,-0.16296026005599062,-0.4083039178984746,0.0,439.25177130464715,-146.27910080798213,33,2298,76000,0.0003,98958.203125,85.5294418334961,-0.1948520541191101,21263680.0,18906.630859375,66001,40000.0,-41066442.28474,,,,,,,
9.876559644699071,0.36974030675402075,-0.2613211632324885,-0.44400319844387937,0.0,323.5776519181847,136.21650816695228,32,2369,78000,0.0003,103460.9765625,92.64183807373047,0.020923972129821777,15606386.0,15578.7099609375,68001,40000.0,-41066442.28474,,,,,,,
9.542593618392962,0.3745790856765879,0.3333825061282562,-0.4568753907133986,0.0,409.5515276618424,-183.46003690864956,32,2441,80000,0.0003,99301.4921875,94.8556900024414,0.6063624620437622,18148714.0,16355.328125,70001,40000.0,-36342152.296629,,,,,,,
-3.6096281814575213,-0.19208824671231386,-0.2087791837664529,-0.970682203039227,0.0,1166.5333578088391,-65.00767708444442,32,2514,82000,0.0003,102880.015625,95.43118286132812,-0.15649180114269257,21985726.0,20982.029296875,72001,40000.0,-36342152.296629,,,,,,,
-6.823301372528072,-0.3974473624951017,-0.1111918472796626,-0.9043533312351018,0.0,1036.0617532852752,-117.0245977979732,32,2587,84000,0.0003,97858.4296875,97.85670471191406,0.28437677025794983,30327896.0,20164.20703125,74001,40000.0,-36342152.296629,,,,,,,
-6.733187084197996,-0.4622833765739555,0.05261389818532548,-0.8744016400775295,0.0,986.5221714805954,57.68281220381687,32,2661,86000,0.0003,89245.671875,118.14994812011719,-0.5520522594451904,55786672.0,35563.04296875,76001,40000.0,-36342152.296629,,,,,,,
-3.3575248031616156,0.08438394523757929,0.9017473714075765,-0.4289904683426176,0.0,1380.9454505008864,-545.7367967957969,32,2734,88000,0.0003,50412.00390625,154.4026336669922,0.7141117453575134,43655192.0,37086.7890625,78001,40000.0,-36342152.296629,,,,,,,
-8.91780988502503,0.7116316585019228,-0.22676419929115335,-0.2664094924284063,0.0,278.9155806805089,-312.93687981430327,32,2809,90000,0.0003,54289.9609375,111.9319076538086,-0.0024073272943496704,24643426.0,17518.330078125,80001,40000.0,-36342152.296629,,,,,,,
8.449635114669793,0.4546406864399208,-0.14272168479064318,-0.2196133601924449,0.0,142.53184527082604,-42.29359296568574,31,2883,92000,0.0003,60247.13671875,88.2447280883789,-0.30090776085853577,19237784.0,27465.173828125,82001,40000.0,-36342152.296629,,,,,,,
7.597708368301401,0.43970176023424357,0.204795573362788,-0.16805246777193472,0.0,151.53810464768887,246.96560132903326,31,2958,94000,0.0003,72194.375,77.87210083007812,0.503831148147583,16557722.0,18168.533203125,84001,40000.0,-36342152.296629,,,,,,,
8.995309581756592,0.7208936846894812,0.0848289814284667,-0.23652156507926972,0.0,245.58545650032613,-149.80662766557919,31,3033,96000,0.0003,79293.5625,97.03347778320312,-0.39289337396621704,20854958.0,22778.171875,86001,40000.0,-36342152.296629,,,,,,,
8.805851930618278,0.7075002880150175,-0.20494406113706676,-0.11912655008313018,0.0,209.33099481646116,-46.1937369821747,31,3107,98000,0.0003,49938.13671875,172.1435546875,0.5587584972381592,94465360.0,49698.4609375,88001,40000.0,-36342152.296629,,,,,,,
21.390183300018293,0.6121353165091007,0.10409618894635307,-0.05098022719957234,0.0,135.57085169313328,0.44752953953821456,,,100000,0.0003,54174.6796875,107.6715316772461,0.5663543939590454,27097646.0,25753.80859375,90000,,,0.0,0.0,40000.0,-29856.80157201254,4532.028664520325,0.0,0.0
,,,,,,,23,4328,100000,0.0003,49307.06640625,107.65105438232422,0.328210711479187,43082264.0,31626.798828125,90001,40000.0,-36342152.296629,,,,,,,
18.450647012710558,0.4647530106871808,-0.17234000790548584,-0.16469857066147678,0.0,160.06772109422886,-6.257322342939561,23,4400,102000,0.0003,63009.7109375,87.52081298828125,0.5815805792808533,25346188.0,30411.77734375,92001,40000.0,-36342152.296629,,,,,,,
-4.344473569869995,0.41860141940450113,-0.0490109483178601,-0.21358545330590847,0.0,114.97461000801115,-37.29313408478128,23,4473,104000,0.0003,69271.515625,88.34877014160156,0.5743134617805481,26671404.0,26873.623046875,94001,40000.0,-36342152.296629,,,,,,,
3.044157054901122,0.15178151423321645,-0.13613904319316872,-0.18422624454548164,0.0,81.70129093347154,5.005880943564776,23,4547,106000,0.0003,72151.9921875,86.29974365234375,0.2743763327598572,26264990.0,23182.376953125,96001,40000.0,-36342152.296629,,,,,,,
1.6156155433654786,0.25186893342740785,0.1645223393385954,-0.12944114045354616,0.0,52.11222822768781,39.483493913738464,23,4621,108000,0.0003,65447.6953125,131.10081481933594,-0.8203117251396179,33815384.0,35963.26171875,98001,40000.0,-36342152.296629,,,,,,,
7.138271883010864,0.39496736447494096,-0.04364674759716918,-0.17366307664262243,0.0,91.48360475058556,49.50122655529586,23,4695,110000,0.0003,36842.6015625,131.3309326171875,0.3122175633907318,41513208.0,34066.828125,100001,40000.0,-36342152.296629,,,,,,,
4.214804216384879,0.37897284109010754,0.056408703213919054,-0.23988788553692778,0.0,122.76723934974528,-10.525364977022436,23,4769,112000,0.0003,44537.7890625,96.16764831542969,0.6895124912261963,66134384.0,77242.8828125,102001,40000.0,-36342152.296629,,,,,,,
-0.5173569316863987,0.2908564966169371,-0.18336826155686115,-0.19823789507711517,0.0,90.90153609645311,-17.486637709990436,23,4843,114000,0.0003,55295.1484375,89.43138122558594,-0.42365384101867676,18393956.0,19361.802734375,104001,40000.0,-36342152.296629,,,,,,,
5.609306974411004,0.14534563171052856,0.07758345078751407,-0.22971436651757002,0.0,77.46238057636204,65.74855037173755,23,4917,116000,0.0003,57510.8046875,99.61527252197266,0.4211309850215912,20077628.0,13123.6591796875,106001,40000.0,-36342152.296629,,,,,,,
5.882073240280153,0.30609117716573997,0.009629564589675533,-0.23830362426983026,0.0,105.83454089046687,28.850835478727543,23,4991,118000,0.0003,54606.52734375,127.00056457519531,-0.3114737272262573,26243532.0,15565.91015625,108001,40000.0,-36342152.296629,,,,,,,
3.950810720443721,0.31278049355917475,0.03222786182441571,-0.2550326223149794,0.0,114.64518644630988,-3.4785082294010423,23,5066,120000,0.0003,33545.078125,141.90945434570312,0.0468892902135849,43044760.0,24843.015625,110001,40000.0,-28667735.138050333,,,,,,,
2.670299034118655,0.686300119780579,0.43242611242943507,-0.5418592227153588,0.0,1021.2521815059876,-455.901274540657,23,5140,122000,0.0003,33812.38671875,102.3304443359375,0.544941782951355,37838344.0,26644.865234375,112001,40000.0,-28667735.138050333,,,,,,,
8.31424958610534,0.45810359675732387,-0.21313779411974487,-0.7591114299945808,0.0,778.3980473613403,169.7997021296904,23,5215,124000,0.0003,45829.625,83.04357147216797,-0.5888044238090515,14466834.0,13684.6611328125,114001,40000.0,-28667735.138050333,,,,,,,
4.673343141555789,0.1262206685580548,0.45241420962932694,-0.46313459602772683,0.0,817.6524944865796,-314.5388645099201,23,5289,126000,0.0003,49681.8359375,125.72367095947266,-0.7340472936630249,38762672.0,23462.3359375,116001,40000.0,-28667735.138050333,,,,,,,
2.0082060546875016,0.7576245879709806,-0.3349553738076335,-0.4991666471314555,0.0,529.3328896745286,-102.68988497156356,23,5364,128000,0.0003,34895.0390625,140.28753662109375,-0.06497563421726227,44947496.0,28633.265625,118001,40000.0,-28667735.138050333,,,,,,,
13.809289846420288,0.4062740704289804,0.0016566339498358129,-0.5623412897821662,0.0,447.77938207705773,-12.380571368625672,23,5438,130000,0.0003,35715.4375,109.57633209228516,-0.15034765005111694,24087628.0,21049.4453125,120001,40000.0,-28667735.138050333,,,,,,,
12.210696893692017,0.46996054261038595,0.5121166676772528,-0.2673774591770708,0.0,482.03752060946374,641.1793038281572,23,5513,132000,0.0003,47458.38671875,92.22589874267578,-0.2014550268650055,22192080.0,16487.337890625,122001,40000.0,-28667735.138050333,,,,,,,
-20.59524544525147,-0.7239585414622071,-0.17151550861621276,-0.31926255276566456,0.0,705.3437393131436,-630.0847006375658,23,5587,134000,0.0003,50293.56640625,109.49699401855469,0.037906527519226074,45688904.0,35205.01953125,124001,40000.0,-28667735.138050333,,,,,,,
4.975266819000252,0.7196965229186,-0.337930507202045,-0.45084183000096856,0.0,469.6906152508725,-19.63127309888472,24,5662,136000,0.0003,35872.09765625,146.229736328125,0.3627967834472656,28671220.0,15110.7529296875,126001,40000.0,-28667735.138050333,,,,,,,
16.322148660659774,0.3929704026580286,0.05056450478952131,-0.5323936049465724,0.0,469.907897786737,452.3570665068476,24,5736,138000,0.0003,36848.91015625,109.38468933105469,-0.09492582082748413,25496112.0,24256.451171875,128001,40000.0,-28667735.138050333,,,,,,,
0.9747655735015794,0.5972977896788844,-0.07818173857552094,-0.398881796449879,0.0,352.3046844107635,-397.0992120940838,24,5810,140000,0.0003,38582.625,95.25310516357422,0.35533833503723145,32603864.0,22974.314453125,130001,40000.0,-28667735.138050333,,,,,,,
7.0439270954132125,0.361987208889228,-0.17362773427492337,-0.6070354605236633,0.0,512.8503121179532,18.601338079502312,24,5884,142000,0.0003,40587.90234375,121.24484252929688,0.022468432784080505,41928608.0,47129.12109375,132001,40000.0,-28667735.138050333,,,,,,,
3.608554927825928,0.09340618060823944,0.09477127672405845,-0.5776255291030368,0.0,526.3003676493277,457.299669595979,24,5958,144000,0.0003,40481.7265625,121.79747009277344,-0.45750388503074646,30564484.0,25383.01953125,134001,40000.0,-28667735.138050333,,,,,,,
-0.003562864303590814,0.46969001113717157,0.040773126018157864,-0.29467550462019537,0.0,232.23931440182722,-659.888026325185,24,6032,146000,0.0003,39189.08203125,93.99369049072266,-0.8607507944107056,21113038.0,15838.48828125,136001,40000.0,-28667735.138050333,,,,,,,
15.13543536186223,0.4026921315128623,0.004141408871568273,-0.299512431605962,0.0,161.67253690510518,-47.16934310406309,24,6107,148000,0.0003,42497.45703125,106.68946075439453,0.058850571513175964,26566718.0,14832.685546875,138001,40000.0,-28667735.138050333,,,,,,,
-3.5235173130035387,0.31401014506584657,-0.1742915136002413,-0.240230266216718,0.0,116.00857910171456,-38.854443034232936,24,6181,150000,0.0003,42059.265625,113.30020904541016,-0.30976152420043945,19907698.0,17836.7578125,140001,40000.0,-28667735.138050333,,,,,,,
6.13268879508972,0.16918669248355273,0.11344296799446818,-0.1967616063601592,0.0,106.95233923085902,18.15198116403217,24,6256,152000,0.0003,38135.953125,102.2784423828125,0.04621686786413193,27177076.0,18646.158203125,142001,40000.0,-28667735.138050333,,,,,,,
-1.5688489933013925,0.3019411233018817,-0.03675066448095277,-0.11680038038283692,0.0,47.99557883224886,-3.274296462996335,24,6330,154000,0.0003,38712.75390625,108.17591094970703,-0.10423675924539566,20062012.0,13272.9130859375,144001,40000.0,-28667735.138050333,,,,,,,
15.928842365264892,0.29829078002679205,0.07062584765887657,-0.051054889282094555,0.0,41.819889699102255,15.243366913703005,24,6405,156000,0.0003,31823.3515625,111.07774353027344,0.06213618069887161,30250588.0,26471.087890625,146001,40000.0,-28667735.138050333,,,,,,,
-0.2950091075897203,0.3487703001511523,-0.03935726151709471,0.047139015425664024,0.0,41.50105152406418,3.9010664707495457,24,6479,158000,0.0003,26849.33984375,116.18267059326172,-0.4986017346382141,40414280.0,25345.8515625,148001,40000.0,-28667735.138050333,,,,,,,
20.076251012802103,0.3433796533757524,0.04407374574131474,0.11059846291164444,0.0,57.37113759940604,50.50004461405836,24,6554,160000,0.0003,32694.3828125,108.1775131225586,-0.14294853806495667,29549398.0,25191.33203125,150001,40000.0,-25417282.7157645,,,,,,,
-0.8753571701049809,-0.05391400913040721,-0.06366237404990936,-0.9959490122892898,0.0,1197.208259183633,53.37899131048981,24,6629,162000,0.0003,25052.544921875,110.24266052246094,0.24822476506233215,32096088.0,22825.814453125,152001,40000.0,-25417282.7157645,,,,,,,
-1.1966062831878657,-0.05911054506334695,0.04233413506852905,-0.9971353915862168,0.0,1195.6401750578189,84.71780174651576,24,6703,164000,0.0003,21318.689453125,116.40875244140625,-0.24043838679790497,43799300.0,33759.16015625,154001,40000.0,-25417282.7157645,,,,,,,
-0.21974853515625062,-0.015909493904013538,0.0071355363261629435,-0.9992366643895197,0.0,1199.2701633725887,75.99155218345851,24,6778,166000,0.0003,21092.390625,117.98194885253906,0.031459741294384,40298200.0,22662.580078125,156001,40000.0,-25417282.7157645,,,,,,,
-0.09267125129699706,-0.00268139980659611,0.03083941075655584,-0.9993011038196568,0.0,1200.1701454517254,77.7811366187006,24,6853,168000,0.0003,23224.8515625,124.4935073852539,-0.29181820154190063,44416352.0,35499.09765625,158001,40000.0,-25417282.7157645,,,,,,,
11.876137289047232,0.2205469700075275,0.8518754253372652,-0.626706800991125,0.0,1104.9085027123238,166.92722277070612,24,6927,170000,0.0003,9635.3916015625,121.59274291992188,-0.4338851571083069,54703496.0,26985.599609375,160001,40000.0,-25417282.7157645,,,,,,,
-5.724501104354865,-0.22425576723458984,0.37214792278125175,-0.11641142401999356,0.0,1223.4478340761495,-253.21870775948872,24,7001,172000,0.0003,-10002.458984375,161.60992431640625,0.5620396733283997,101229776.0,40394.78125,162001,40000.0,-25417282.7157645,,,,,,,
-4.6833500785827695,-0.1126398330957342,-0.14390697946030942,-0.18155572268454886,0.0,1216.448597859055,95.27127706939028,24,7075,174000,0.0003,-3945.566162109375,112.23194885253906,-0.10519342124462128,41993728.0,21051.59765625,164001,40000.0,-25417282.7157645,,,,,,,
-18.859668895721466,-0.753822664218023,-0.411884147720358,0.016323258629644913,0.0,598.8607981387904,-521.2031466972027,24,7149,176000,0.0003,-40171.578125,202.86679077148438,-2.016017198562622,123521744.0,57256.0703125,166001,40000.0,-25417282.7157645,,,,,,,
17.682580125808723,0.6314523547056364,-0.4760099897052437,-0.049080690254679295,0.0,308.36064529237217,-192.2253073444121,24,7223,178000,0.0003,-52971.6796875,158.4161834716797,0.14346280694007874,106631360.0,44309.328125,168001,40000.0,-25417282.7157645,,,,,,,
7.210258886337274,0.40007974779800926,0.14380413118878368,-0.41259894847604667,0.0,315.04288282503836,11.227203923626957,24,7297,180000,0.0003,-24226.1875,110.51155853271484,0.23081013560295105,67787088.0,23924.38671875,170001,40000.0,-25417282.7157645,,,,,,,
13.460767259597748,0.5388287756058517,-0.03290536363603501,-0.42783807971565346,0.0,354.52316804240706,119.49932878035582,24,7370,182000,0.0003,-30142.875,168.21881103515625,-1.0667695999145508,50127640.0,24868.8125,172001,40000.0,-25417282.7157645,,,,,,,
5.667392557144164,0.370089950418625,-0.010511543770356015,-0.5098128537461097,0.0,401.2558404141626,-12.834962399883079,24,7444,184000,0.0003,-35276.97265625,107.99315643310547,0.2696196436882019,50454876.0,27800.421875,174001,40000.0,-25417282.7157645,,,,,,,
4.896484422683717,0.551715158776352,0.1459715157296757,-0.27553655431250484,0.0,325.0307553857259,-96.06614149391328,24,7518,186000,0.0003,-87429.3671875,212.0592803955078,-5.083926200866699,110308496.0,42057.671875,176001,40000.0,-25417282.7157645,,,,,,,
-3.7904698886871313,0.23866605133681315,-0.24955719067938534,-0.2440148009012534,0.0,609.4856905387499,109.89221712750977,24,7592,188000,0.0003,-160842.890625,313.4373779296875,1.174376130104065,255975424.0,68034.859375,178001,40000.0,-25417282.7157645,,,,,,,
5.9383299255371185,0.3871543824798157,0.08234201695287562,-0.39672527035674604,0.0,382.95117657539106,900.0025670002939,24,7666,190000,0.0003,-117069.6796875,235.25869750976562,0.44877809286117554,203712912.0,59819.09765625,180001,40000.0,-25417282.7157645,,,,,,,
0.4488637027740564,-0.064755568614317,-0.42589937608344736,-0.130184020229163,0.0,176.86490897637077,-1116.6731377654467,24,7741,192000,0.0003,-89726.6484375,188.98178100585938,-0.9119547605514526,173428336.0,47179.65625,182001,40000.0,-25417282.7157645,,,,,,,
-4.8824383563995415,-0.10361395790629664,0.15903138528263908,-0.1797275985777644,0.0,65.22976780801763,119.99903631166615,24,7815,194000,0.0003,-54698.07421875,161.459716796875,0.3245646357536316,92392456.0,30258.333984375,184001,40000.0,-25417282.7157645,,,,,,,
0.24785817718505612,0.5609192811707561,0.5896557011331653,-0.1590431099809564,0.0,372.36304619502624,309.5192191302986,24,7889,196000,0.0003,-46497.69921875,161.81008911132812,0.22682057321071625,113205320.0,41611.0625,186001,40000.0,-25417282.7157645,,,,,,,
1.2420311317443813,0.907998435179508,-0.021130434286275066,-0.3402716171281814,0.0,423.7681411478518,54.78544378822624,24,7965,198000,0.0003,-36492.46875,126.42499542236328,-0.3111312985420227,82853408.0,33580.3125,188001,40000.0,-25417282.7157645,,,,,,,
16.911911310195922,0.7485437018148233,-0.0966065964660803,-0.3105713741203526,0.0,306.29991784454984,-69.74265817553236,,,200000,0.0003,-12005.0712890625,126.09008026123047,0.05756262689828873,80937696.0,45672.65234375,190000,,,0.0,0.0,40000.0,-40613.296024699026,454.64091690147825,0.0,0.0
,,,,,,,21,9188,200000,0.0003,-15946.3359375,126.11009979248047,0.22569188475608826,51417520.0,23923.76171875,190001,40000.0,-25521359.4968158,,,,,,,
-5.885271598815934,-0.018186881698765128,-0.9733600896281548,-0.4009592769665968,0.0,1037.550805552027,-425.19843875886687,21,9261,202000,0.0003,-80288.546875,256.3734436035156,-0.9462212324142456,187477312.0,58785.08984375,192001,40000.0,-25521359.4968158,,,,,,,
-11.568740999221802,-0.31695217824733524,0.32991658551847164,-0.4067013886701484,0.0,718.0787711651245,20.728752954420184,21,9333,204000,0.0003,-63156.96875,179.78179931640625,0.8650829792022705,111080576.0,34128.42578125,194001,40000.0,-25521359.4968158,,,,,,,
10.222776332855224,0.569929579984903,-0.23524496819779453,-0.6131617764757739,0.0,930.2250850849646,328.45324746385023,21,9406,206000,0.0003,-44010.98046875,157.9763946533203,-0.24616709351539612,59755532.0,35236.69140625,196001,40000.0,-25521359.4968158,,,,,,,
-3.1778792667388918,-0.28479494189325816,0.4018849120365654,-0.31056034878491723,0.0,458.70223527026974,-762.8027522288194,21,9480,208000,0.0003,-34904.8359375,164.56817626953125,-0.3119545578956604,121857560.0,42468.02734375,198001,40000.0,-25521359.4968158,,,,,,,
-6.828874000549303,-0.435297181424762,0.5571666586438877,-0.32222730391814014,0.0,430.73741709889515,116.37918811910083,21,9554,210000,0.0003,-32922.0234375,184.98451232910156,0.6317572593688965,142723536.0,51944.7734375,200001,40000.0,-25521359.4968158,,,,,,,
21.49362437057495,0.5149884231178743,0.2682122717695482,0.05174455280494119,0.0,256.5846567898607,-178.20135273900152,22,9629,212000,0.0003,-31871.75,145.79827880859375,-0.1177835762500763,120492496.0,86280.1875,202001,40000.0,-25521359.4968158,,,,,,,
8.904704427719127,0.31797560740675257,-0.1248640830271377,0.09463729078674046,0.0,78.36589779151181,-43.357362251349834,22,9703,214000,0.0003,-20292.73828125,123.31317901611328,0.038881815969944,69807440.0,31739.111328125,204001,40000.0,-25521359.4968158,,,,,,,
10.057695230484013,0.2521152417287742,-0.19021495804849908,0.20745240294579503,0.0,106.78734353701888,15.23547080596217,22,9778,216000,0.0003,3598.3525390625,104.67060852050781,-0.15335705876350403,64094776.0,35035.82421875,206001,40000.0,-25521359.4968158,,,,,,,
10.836968116760263,0.13205943435037087,0.1480687526179072,0.2361894687051445,0.0,90.5323573069687,201.62935916783812,22,9852,218000,0.0003,13807.90625,101.63276672363281,-0.03487618640065193,56638208.0,26370.734375,208001,40000.0,-25521359.4968158,,,,,,,
6.406883506774903,0.2035626609553979,-0.09142853572136966,0.3838200049997779,0.0,213.36272463201178,18.55487351612694,22,9926,220000,0.0003,26817.59375,85.1233901977539,0.5925660133361816,46791380.0,23799.318359375,210001,40000.0,-25521359.4968158,,,,,,,
10.281474645614615,0.1257374972176702,-0.15636146271900905,0.45049892102545763,0.0,315.33755607475507,116.29177090991891,22,10001,222000,0.0003,38560.7421875,122.19705963134766,-0.4275485873222351,47494892.0,26679.556640625,212001,40000.0,-25521359.4968158,,,,,,,
3.2711466865539567,0.016617243349704637,0.09088415524603013,0.47181858209171323,0.0,286.66150535184624,256.1859109369281,22,10074,224000,0.0003,29369.10546875,119.4930191040039,0.13954898715019226,55060908.0,27320.099609375,214001,40000.0,-25521359.4968158,,,,,,,
-2.0343832683563217,-0.11588282159249665,-0.0017509504446166983,0.5623753573360503,0.0,483.7444565346529,43.272833387971104,22,10148,226000,0.0003,37875.8046875,90.81100463867188,-0.27740976214408875,41856360.0,24280.17578125,216001,40000.0,-25521359.4968158,,,,,,,
-3.9456957912445114,-0.1333005852475318,-0.19964360221705998,0.6525941148461094,0.0,674.1258183083817,402.80331810849196,22,10221,228000,0.0003,40917.46875,94.94158172607422,0.03634731099009514,54065696.0,21367.26953125,218001,40000.0,-25521359.4968158,,,,,,,
-0.34747760200500555,0.017376165692137145,0.14932000240317392,0.50071909501265,0.0,380.1469589507131,-293.6778793308722,22,10295,230000,0.0003,40338.08984375,112.70006561279297,0.42132413387298584,49231152.0,23732.95703125,220001,40000.0,-25521359.4968158,,,,,,,
4.9877581214904785,0.022106963488218032,0.1102291328590701,0.5191791491878887,0.0,342.24265709893643,125.36907664889338,22,10370,232000,0.0003,42547.515625,110.12770080566406,-0.514215350151062,40858720.0,24274.568359375,222001,40000.0,-25521359.4968158,,,,,,,
-0.17379210090637204,-0.025430120562658257,-0.10890630642590932,0.5593203384646095,0.0,402.8504183408316,95.22880614641929,22,10443,234000,0.0003,28683.84765625,137.22190856933594,0.280484139919281,70493952.0,26816.990234375,224001,40000.0,-25521359.4968158,,,,,,,
2.700772844314575,0.02445714491683577,-0.07708925057763952,0.6068670936347811,0.0,500.5747083408226,189.8830837099514,22,10517,236000,0.0003,15209.427734375,117.8798828125,-0.021629424765706062,62509564.0,32107.38671875,226001,40000.0,-25521359.4968158,,,,,,,
-0.3040080299377459,-0.010572576915245992,0.1422467626143065,0.6000981168669608,0.0,504.5060337376553,24.038176459538573,22,10591,238000,0.0003,16519.62890625,108.66358947753906,-0.003564015030860901,52104000.0,24419.341796875,228001,40000.0,-25521359.4968158,,,,,,,
3.2568310356140135,0.03748080110570842,0.011152267935619936,0.5793235361931329,0.0,408.84551956612427,149.44437769534645,22,10665,240000,0.0003,17816.234375,106.90849304199219,0.08984644711017609,55706000.0,46394.03125,230001,40000.0,-24154462.57154833,,,,,,,
-5.112350149154668,-0.5274333891882579,-0.2914229567731072,-0.6635858549861507,0.0,912.3218118114862,-347.00855605671353,22,10739,242000,0.0003,10289.1572265625,120.35552978515625,-0.0036839842796325684,64691624.0,31669.654296875,232001,40000.0,-24154462.57154833,,,,,,,
3.4567113380432137,-0.019875428668317367,0.65106086521004,-0.6479725785045076,0.0,786.8021001688536,-417.4170549424005,22,10812,244000,0.0003,15271.0185546875,82.98257446289062,0.05859123170375824,58341264.0,39415.78515625,234001,40000.0,-24154462.57154833,,,,,,,
-0.2692453117370617,0.2925071697483137,-0.31297128335051494,-0.4076115757231745,0.0,291.28135345828696,-97.57148116953438,22,10886,246000,0.0003,32240.8671875,83.10663604736328,-0.6608266234397888,40547000.0,25780.71875,236001,40000.0,-24154462.57154833,,,,,,,
9.169016859054583,0.26086475232205225,0.24438809997563662,-0.18783347665647676,0.0,224.5755602207262,-113.6097491532609,22,10960,248000,0.0003,42079.86328125,87.56452178955078,-0.017288029193878174,42067088.0,17277.931640625,238001,40000.0,-24154462.57154833,,,,,,,
0.09732940292358615,0.40950906719861047,-0.07282040310180181,0.012673206116646655,0.0,68.96698219594163,-19.423309396393307,22,11034,250000,0.0003,46482.6015625,86.91797637939453,-0.27565011382102966,35778200.0,18640.427734375,240001,40000.0,-24154462.57154833,,,,,,,
19.520241884231567,0.3264753636711915,-0.1479302060550774,0.24119628729745984,0.0,318.00179452877,38.542821814407226,22,11108,252000,0.0003,42023.734375,107.05683898925781,-0.2945787310600281,52819600.0,32279.423828125,242001,40000.0,-24154462.57154833,,,,,,,
-4.5135831794738746,-0.09267982363599025,-0.21637840065537411,0.15742835674214478,0.0,59.29684526802628,68.30898825737944,22,11182,254000,0.0003,47981.984375,77.25125122070312,-0.5965390205383301,43962488.0,22106.564453125,244001,40000.0,-24154462.57154833,,,,,,,
-7.232649785995491,-0.2074530649459305,-0.04634474073190401,0.14154368136478854,0.0,46.21538436501597,16.712457577673174,22,11256,256000,0.0003,49642.0,93.23310089111328,-0.39435863494873047,32216174.0,23181.556640625,246001,40000.0,-24154462.57154833,,,,,,,
-9.969440137863167,-0.28504374334512467,-0.014486372208090088,0.14361350117216143,0.0,50.31865113680956,30.064684642087894,22,11330,258000,0.0003,49920.875,89.96954345703125,-0.11728352308273315,30664078.0,20146.8046875,248001,40000.0,-24154462.57154833,,,,,,,
-5.782803331375142,-0.24434959802371486,0.022360170932391097,0.10838918266435732,0.0,39.488245430907085,-10.806847685345609,22,11403,260000,0.0003,50617.43359375,77.62826538085938,0.08246864378452301,29334672.0,16174.349609375,250001,40000.0,-24154462.57154833,,,,,,,
-11.379755781173706,-0.3029525473705286,-0.025122405978721146,0.09250775396351797,0.0,39.64617436512335,12.976128409688483,22,11477,262000,0.0003,56169.9375,77.95951843261719,0.8433851599693298,41154276.0,26378.625,252001,40000.0,-24154462.57154833,,,,,,,
-3.7420617465972907,-0.20516999760094667,0.09263799251411406,0.02128116958484944,0.0,22.268079258415973,-7.067748538689352,22,11551,264000,0.0003,59514.828125,77.52783203125,0.010145779699087143,35959816.0,21911.173828125,254001,40000.0,-24154462.57154833,,,,,,,
1.960751260757449,-0.20334166294277026,-0.07186681199726434,0.004928093545378085,0.0,15.972418361825206,35.37967160907932,22,11625,266000,0.0003,65847.765625,91.32537078857422,-0.26785725355148315,34421568.0,23620.626953125,256001,40000.0,-24154462.57154833,,,,,,,
-15.604346420288078,-0.3002665339316726,0.01806250712575264,0.012656137101796,0.0,31.526801393773283,25.283412944812998,22,11698,268000,0.0003,59822.08203125,91.76087951660156,0.1504642218351364,34957752.0,28578.916015625,258001,40000.0,-24154462.57154833,,,,,,,
1.3606300106048579,-0.118760675318151,0.1439824293604987,-0.012441389550207202,0.0,15.356631231164826,4.169363208615499,22,11774,270000,0.0003,59633.40625,85.9088363647461,-0.16907089948654175,30958012.0,23451.939453125,260001,40000.0,-24154462.57154833,,,,,,,
-0.4404749698638919,0.04130864369520894,0.16313391376125452,-0.003744433517623266,0.14750000000000016,26.784725986361387,73.54084305153197,22,11849,272000,0.0003,58003.71875,86.4731216430664,-0.1596165895462036,21607956.0,15635.0693359375,262001,40000.0,-24154462.57154833,,,,,,,
-1.7273915748596158,0.34994204193728906,0.12972231400847486,-0.05560807217128049,0.0,69.13780837201934,53.28603794167651,22,11924,274000,0.0003,58225.203125,85.85150146484375,-0.015413112938404083,27356582.0,19218.130859375,264001,40000.0,-24154462.57154833,,,,,,,
16.672517906188972,0.3769767297337819,-0.12098214830896763,-0.05092169734057423,0.0,98.34530692304486,77.02090319304047,22,12000,276000,0.0003,54808.625,85.54710388183594,-0.23709870874881744,34519836.0,23756.560546875,266001,40000.0,-24154462.57154833,,,,,,,
-0.23023534965515113,0.026485846625334902,-0.07750801422908406,0.011112227059652487,0.0,82.61897209487503,-57.714378660777825,23,12075,278000,0.0003,56234.55078125,73.13021087646484,0.6024675369262695,27305396.0,21703.48046875,268001,40000.0,-24154462.57154833,,,,,,,
-4.056722997665403,0.25602825897068654,0.23919659039714966,-0.026623023119549786,0.0,47.57266877293713,81.89152280218222,23,12151,280000,0.0003,59306.1328125,85.39556884765625,-0.3110600709915161,38822832.0,16123.306640625,270001,40000.0,-21615583.371707,,,,,,,
-10.308740552902238,-0.6033826230891194,-0.6307724276131924,-0.70196932540751,0.0,991.1866503390274,-508.20239449184913,23,12227,282000,0.0003,55820.4140625,81.24571990966797,0.27757105231285095,42162792.0,30290.1875,272001,40000.0,-21615583.371707,,,,,,,
2.879345762252808,-0.6048833939771477,0.46789655179450257,-0.5069465240393715,0.0,560.9178399419096,88.98986367563431,23,12303,284000,0.0003,54843.9375,82.38887023925781,0.17489853501319885,46409992.0,29519.958984375,274001,40000.0,-21615583.371707,,,,,,,
-2.694157220840456,-0.13309215042888356,-0.11956441128318465,-0.6509102825116029,0.0,667.9640342408798,-222.1832765983684,23,12379,286000,0.0003,39440.8671875,107.23365783691406,0.7953375577926636,58718092.0,27390.0390625,276001,40000.0,-21615583.371707,,,,,,,
-10.453155652999886,-0.34579503536405687,0.03520451482342425,-0.6169996113294852,0.0,505.7386181272925,119.59284601514773,23,12454,288000,0.0003,44406.5625,80.66790771484375,-2.2999491691589355,26826318.0,19639.064453125,278001,40000.0,-21615583.371707,,,,,,,
3.3114761104583788,-0.576852623907373,0.06877662176550614,-0.16618755963850323,0.0,417.8570564382587,-498.04257366258145,23,12530,290000,0.0003,21736.2109375,94.10186004638672,0.8577762842178345,38886592.0,19345.109375,280001,40000.0,-21615583.371707,,,,,,,
1.3492732887268095,-0.23839352149934936,0.02721630268058836,-0.022716365176288243,0.0,24.23568748624432,-12.238247239308446,23,12606,292000,0.0003,35879.62890625,71.9058609008789,-0.19476109743118286,24724624.0,15592.91015625,282001,40000.0,-21615583.371707,,,,,,,
-4.840552507400514,-0.08428499812332008,0.25109320887410236,-0.07927089887471873,0.0,48.042828420238386,38.519180835585544,23,12682,294000,0.0003,47177.58203125,64.837646484375,-0.3178502917289734,32653512.0,37312.6953125,284001,40000.0,-21615583.371707,,,,,,,
-0.7842607460021961,0.2225793734955091,0.13670340022764232,-0.08139250841223175,0.0,52.06261209916898,80.1642237196574,23,12757,296000,0.0003,52296.9765625,80.08412170410156,-0.21811528503894806,38967100.0,22623.7890625,286001,40000.0,-21615583.371707,,,,,,,
15.646419326782235,0.48754754939702377,0.10994375625460037,-0.07326609653997491,0.0,99.33034300221772,51.627626404457054,23,12833,298000,0.0003,44433.6796875,103.22271728515625,0.014489151537418365,37188656.0,20666.328125,288001,40000.0,-21615583.371707,,,,,,,
0.9458239078521683,-0.1863438238402514,-0.7103455305531068,-0.15051541891864575,0.0,514.2245072080335,169.225619189635,,,300000,0.0003,26627.13671875,90.54910278320312,1.0108658075332642,39803152.0,20741.18359375,290000,,,0.0,0.0,40000.0,-63550465.69495566,72528664.90736237,0.0,0.0
,,,,,,,21,14086,300000,0.0003,24320.173828125,90.53083801269531,1.517714262008667,47137616.0,24814.865234375,290001,40000.0,-21615583.371707,,,,,,,
-31.865771507263204,-0.48283835473947206,-0.6668430828620651,0.15380795466964362,0.0,881.8848243117727,10339.176396468236,21,14158,302000,0.0003,-24355.6484375,147.3280792236328,-4.954745292663574,45251096.0,29209.41796875,292001,40000.0,-21615583.371707,,,,,,,
19.85950459480284,0.007201327504770445,0.022894525997039318,2.1650226075237406,0.0,20916.324418934648,-8639.24398766853,21,14231,304000,0.0003,-51356.65625,156.80032348632812,0.5323203206062317,102913392.0,41503.078125,294001,40000.0,-21615583.371707,,,,,,,
34.96200092697145,0.5821316695279685,0.05944501694982736,0.463835320077399,0.0,920.5137214206721,-650.5209267715646,21,14303,306000,0.0003,-34027.5234375,152.15017700195312,0.6152501702308655,95367288.0,46904.73828125,296001,40000.0,-21615583.371707,,,,,,,
37.096260009765636,0.5993608900968457,-0.041941293427278356,0.3400070712058929,0.0,773.9496036416148,-107.19833822476805,21,14376,308000,0.0003,-42497.33203125,203.32681274414062,0.5875879526138306,98777352.0,29400.048828125,298001,40000.0,-21615583.371707,,,,,,,
38.89390727424619,0.6002394591676963,0.009436430183123887,0.35287174322282544,0.0,785.0985372813429,23.795733714963124,21,14449,310000,0.0003,-62948.82421875,221.4244842529297,0.28396153450012207,240728976.0,100394.890625,300001,40000.0,-21615583.371707,,,,,,,
31.868466897964435,0.5922726952479328,-0.0028689569331512878,0.24391234403835835,0.0,713.36110660003,-36.72954169165937,21,14522,312000,0.0003,-88233.5078125,177.91966247558594,0.18885736167430878,201583312.0,59013.96484375,302001,40000.0,-21615583.371707,,,,,,,
21.304779672622708,0.5499743133969031,0.0025497420079278097,0.05848686736767921,0.0,667.9231177569035,-13.541184127825447,21,14595,314000,0.0003,-68484.3046875,165.2864990234375,0.1398535668849945,99359104.0,24190.837890625,304001,40000.0,-21615583.371707,,,,,,,
19.522418735504143,0.4018760875391697,-0.12167743969698938,-0.08222495127257018,0.0,831.2737967642789,264.2769602522303,21,14669,316000,0.0003,-79591.328125,216.1517791748047,0.5846951007843018,107973336.0,49972.91015625,306001,40000.0,-21615583.371707,,,,,,,
-1.9944627075195276,0.5376299191035652,0.09227051793408694,-0.08225998001083691,0.0,675.6099967014165,-233.79461448783704,21,14743,318000,0.0003,-77996.7109375,226.85935974121094,0.38597893714904785,1058382336.0,259357.40625,308001,40000.0,-21615583.371707,,,,,,,
20.63002500724791,0.47516301090038476,0.0297964071269676,-0.12634495113649966,0.0,746.5095594870527,-15.70040121887903,21,14816,320000,0.0003,-96617.734375,255.9691162109375,0.5682260394096375,209080976.0,56167.16796875,310001,40000.0,-26868086.989396624,,,,,,,
-7.058107107162468,-0.561208181224188,-0.6124815978496096,-0.7399575104840854,0.0,968.3306013793974,-495.19969566402295,21,14890,322000,0.0003,-110655.515625,260.01751708984375,-0.5269247889518738,348587840.0,136093.90625,312001,40000.0,-26868086.989396624,,,,,,,
-0.029504333496091648,-0.09552655197397601,-0.18363200678678904,-0.5651444618737536,0.0,706.1422603365575,238.73863339609323,21,14964,324000,0.0003,-108982.453125,238.41795349121094,0.04740995168685913,163940416.0,44165.34375,314001,40000.0,-26868086.989396624,,,,,,,
13.843800725936886,-0.042587636072324235,0.7239547669277416,-0.30066162567006444,0.0,665.4110303495648,-256.2862063710191,21,15038,326000,0.0003,-107283.9765625,233.04542541503906,0.5967316627502441,166082512.0,48807.73828125,316001,40000.0,-26868086.989396624,,,,,,,
-5.449524316787722,-0.004319314348917833,-0.1517810372521292,-0.02837394258219541,0.0,218.00594327329273,-274.89651536796754,21,15112,328000,0.0003,-109233.5859375,250.17758178710938,-0.07274724543094635,254320032.0,127182.3359375,318001,40000.0,-26868086.989396624,,,,,,,
-5.693368608474732,-0.26447614486453863,0.08832411574521927,0.3780511481513643,0.0,441.03252227880154,34.19750149816208,21,15186,330000,0.0003,-87309.109375,179.61436462402344,0.20433728396892548,154007536.0,62432.09375,320001,40000.0,-26868086.989396624,,,,,,,
-7.330687738418568,-0.17844474874387323,-0.10356681149954704,0.31119676783245936,0.0,346.7171073573581,199.05989454755937,21,15260,332000,0.0003,-70589.09375,163.7130126953125,-0.24313421547412872,170345152.0,57775.39453125,322001,40000.0,-26868086.989396624,,,,,,,
-3.7137003383636475,-0.10929099058371541,0.11337707900418756,0.3322170293664045,0.0,213.02443068600243,124.09491910013328,21,15334,334000,0.0003,-56138.8671875,161.64852905273438,-0.7161153554916382,122488272.0,32693.107421875,324001,40000.0,-26868086.989396624,,,,,,,
3.765479803085328,0.11775852797831733,0.4268804888998015,0.4971519765062905,0.0,502.416861220509,323.4570635757198,21,15408,336000,0.0003,-69099.375,211.7940216064453,-0.6083477735519409,119956712.0,28608.365234375,326001,40000.0,-26868086.989396624,,,,,,,
13.277366931915292,0.24697349838590224,-0.08853317350979444,0.11880218758694994,0.0,115.88650973509401,-354.4742927451266,21,15482,338000,0.0003,-76651.875,186.10556030273438,1.0680503845214844,143900864.0,37264.6796875,328001,40000.0,-26868086.989396624,,,,,,,
2.292731563568115,0.4837807458306977,0.05395786212580925,-0.04468828663117083,0.0,131.34084341376186,26.4432537684256,21,15556,340000,0.0003,-63819.3046875,162.02597045898438,0.2368098944425583,130793920.0,48314.96875,330001,40000.0,-26868086.989396624,,,,,,,
10.555403388977068,0.24057878642520927,-0.34000399016054816,-0.22654122592460704,0.0,175.10679880086786,22.16898512971993,21,15629,342000,0.0003,-68450.2578125,182.77244567871094,0.5415620803833008,266666576.0,79506.0,332001,40000.0,-26868086.989396624,,,,,,,
-13.744292192459108,-0.3016076901891952,-0.22602376674698196,-0.14572827185453074,0.0,107.17170849218255,18.45227143228125,21,15702,344000,0.0003,-64403.75,208.9129180908203,-1.046460747718811,182234848.0,37574.0703125,334001,40000.0,-26868086.989396624,,,,,,,
-3.887539028167721,-0.39149653548882896,0.19810352169390705,-0.00223560103840093,0.0,101.27018660784493,12.927838306905235,21,15776,346000,0.0003,-96339.984375,290.0374755859375,-0.4200296103954315,150340240.0,89638.25,336001,40000.0,-26868086.989396624,,,,,,,
-10.37949650573732,-0.16737340256038477,-0.09893156241118342,0.10994018548939787,0.0,60.18341616255474,142.64922443133443,21,15849,348000,0.0003,-110045.03125,213.65208435058594,0.9376420974731445,140749632.0,37236.3828125,338001,40000.0,-26868086.989396624,,,,,,,
-5.059713184356693,-0.20068478013959284,0.14758748544716316,0.15904889159038665,0.0,57.59677003319022,60.506259143999955,21,15923,350000,0.0003,-165199.0625,386.3111267089844,-2.869699239730835,163044048.0,59478.046875,340001,40000.0,-26868086.989396624,,,,,,,
-12.199690437316907,-0.16325919251323925,-0.03898716369279686,0.2121817175517456,0.0,108.46377377904862,99.97022868434682,22,15996,352000,0.0003,-191245.59375,358.10150146484375,1.1480096578598022,315613376.0,55002.703125,342001,40000.0,-26868086.989396624,,,,,,,
-0.8976214714050279,-0.032439448042279106,0.1214892673088924,0.1393035090895442,0.0,40.0998459713616,177.590334086779,22,16070,354000,0.0003,-187524.078125,255.2777557373047,-0.3103939890861511,191939872.0,54275.96875,344001,40000.0,-26868086.989396624,,,,,,,
-14.753374080657972,-0.2064726060323401,0.17414346561769398,0.32009564663230355,0.0,609.8244006541472,1030.789939917195,22,16144,356000,0.0003,-166670.046875,261.6428527832031,0.5541402101516724,259091728.0,79049.4609375,346001,40000.0,-26868086.989396624,,,,,,,
-2.0816094684600874,0.08654600160306687,-0.3782404680226398,0.17357744852003126,0.0,133.01217499319233,-592.4870848050558,22,16218,358000,0.0003,-187033.484375,285.76422119140625,0.4361509382724762,177009072.0,44997.41796875,348001,40000.0,-26868086.989396624,,,,,,,
-15.601515731811533,-0.2863714045111909,0.1405906877116628,0.16333833376596327,0.0,135.9145000533872,23.113450715945156,22,16292,360000,0.0003,-170454.78125,220.16477966308594,-0.1403864622116089,1623468928.0,264809.0625,350001,40000.0,-25192306.94298722,,,,,,,
0.6627191009521491,0.043052119318742504,0.02376789963568352,-0.9918490068755321,0.0,1183.637164095952,88.41872235986236,22,16366,362000,0.0003,-164395.4375,241.30174255371094,0.4710991382598877,321320576.0,77231.15625,352001,40000.0,-25192306.94298722,,,,,,,
0.2987607440948568,-0.31393392871113296,-0.5610144893804289,-0.8162550132334878,0.0,1128.0300915241207,-389.5043760758133,22,16440,364000,0.0003,-182027.203125,347.3659973144531,-0.021258562803268433,306751616.0,94213.7578125,354001,40000.0,-25192306.94298722,,,,,,,
-9.791437011718775,-0.7089218994260353,0.04581497864729011,-0.6331990039808951,0.0,832.7864298846463,36.01908171544261,22,16514,366000,0.0003,-190330.125,289.99169921875,1.2029414176940918,541839936.0,90258.3125,356001,40000.0,-25192306.94298722,,,,,,,
-3.3121786460876588,0.01729144470556701,-0.20975711736922983,-0.5530053902657389,0.0,705.6133979583591,-94.45937824189379,22,16588,368000,0.0003,-176936.015625,199.92230224609375,0.11562535166740417,230749376.0,55415.35546875,358001,40000.0,-25192306.94298722,,,,,,,
4.390751905441281,-0.2710228711077343,1.0256197260601794,-0.16635029789642505,0.0,554.7281590615615,-565.4450521176836,22,16662,370000,0.0003,-131917.9375,181.6005401611328,-0.4513668119907379,210124128.0,59006.52734375,360001,40000.0,-25192306.94298722,,,,,,,
6.958584074020402,-0.058386176759615174,-0.5295520752852957,-0.10716583582617639,0.0,397.13520387696286,110.73930133402672,22,16736,372000,0.0003,-132395.9375,250.9069366455078,-0.2533157169818878,947188992.0,240143.109375,362001,40000.0,-25192306.94298722,,,,,,,
-1.5764307537078854,0.0004300063209899975,0.32791799751179657,-0.10057639561778556,0.0,82.70168836170889,-66.76648922328198,22,16810,374000,0.0003,-115228.9296875,178.9174346923828,0.6687747836112976,492192000.0,136271.078125,364001,40000.0,-25192306.94298722,,,,,,,
3.4046959857940644,0.061249424631954846,-0.13505712370978668,-0.1607863264647387,0.0,46.41057718487684,101.43521054935378,22,16884,376000,0.0003,-120090.5625,261.36676025390625,-0.5132952928543091,582112320.0,164765.46875,366001,40000.0,-25192306.94298722,,,,,,,
2.436755861282347,0.17155190039492535,0.31774765616808726,-0.13790230912313076,0.0,156.4868848780504,315.02613288434054,22,16959,378000,0.0003,-110418.125,183.49671936035156,0.025248050689697266,154164544.0,40667.42578125,368001,40000.0,-25192306.94298722,,,,,,,
8.36029720497131,0.18606455852480472,-0.5748099051667482,-0.25300155124384227,0.0,366.1792856633355,23.208516028142515,22,17033,380000,0.0003,-82764.0859375,169.38609313964844,-0.7705370187759399,407150336.0,159423.15625,370001,40000.0,-25192306.94298722,,,,,,,
-0.30182770538329873,-0.27488677811737844,0.24761890943181947,-0.3785714047914399,0.0,321.75039596338314,31.15073893362187,22,17107,382000,0.0003,-74130.140625,186.67428588867188,0.0668908879160881,119794160.0,31132.873046875,372001,40000.0,-25192306.94298722,,,,,,,
2.505275514602662,0.1609718279367135,0.22903734539581325,-0.3987730808460019,0.0,245.91384097054362,-26.715993948726314,22,17181,384000,0.0003,-63289.01171875,167.66554260253906,-0.3951391577720642,194706720.0,52679.3125,374001,40000.0,-25192306.94298722,,,,,,,
6.987988058090219,0.3239166989762564,-0.2806839002230904,-0.3459644100187998,0.0,447.4003315646509,1042.1930014100465,22,17255,386000,0.0003,-59473.625,242.3109893798828,-0.6770563125610352,156502896.0,55592.6171875,376001,40000.0,-25192306.94298722,,,,,,,
2.3871653175354064,-0.49819919685395175,-0.1080882796505695,-0.17601493618706424,0.0,405.9281803568309,-1047.1768442053744,22,17329,388000,0.0003,-83700.109375,176.1305694580078,0.660413384437561,160971952.0,52895.34375,378001,40000.0,-25192306.94298722,,,,,,,
0.19914596939086807,0.00028342278331428146,0.22740764694945914,-0.12159882986044036,0.0,67.96080695828657,-32.64751334913243,22,17404,390000,0.0003,-51829.2421875,162.69635009765625,0.6972609758377075,849150464.0,192990.96875,380001,40000.0,-25192306.94298722,,,,,,,
6.290102504730215,0.18757099341008984,-0.00964393458421038,0.025194787485481266,0.0,98.04067409389701,47.94215712142033,22,17477,392000,0.0003,-46404.40234375,190.4041290283203,-0.19026054441928864,889023232.0,210185.40625,382001,40000.0,-25192306.94298722,,,,,,,
-0.057128128051758695,-0.03643468370053645,-0.16775385691712955,0.03032956369305884,0.027500000000000052,27.676202497017645,149.99964127034008,22,17551,394000,0.0003,-57923.28125,172.97569274902344,0.5894742012023926,265293824.0,81693.5703125,384001,40000.0,-25192306.94298722,,,,,,,
-5.90978676605225,-0.15295742756993752,0.09990005914873776,0.00639592743354388,0.0,53.67592559011177,23.086587748401143,22,17625,396000,0.0003,-48352.87109375,156.08529663085938,-0.35460835695266724,135669328.0,61340.73828125,386001,40000.0,-25192306.94298722,,,,,,,
2.0046114902496326,0.021178148199356813,0.1354963969306603,-0.031335658678439314,0.14850000000000005,44.65941405278972,257.99675015986776,22,17699,398000,0.0003,-47006.46875,163.20645141601562,0.3435688316822052,148282144.0,66354.5625,388001,40000.0,-25192306.94298722,,,,,,,
-1.3569588718414316,0.29709838096646196,0.3061766216223664,-0.02090874479198028,0.0,143.796147855151,-63.64347513899072,,,400000,0.0003,-43268.85546875,156.57034301757812,0.16810500621795654,142798080.0,64438.9765625,390000,,,0.0011562500000000004,0.0,40000.0,-25549.331380368767,8704.791982120536,0.0011562500000000004,0.0
,,,,,,,21,18936,400000,0.0003,-31313.052734375,156.56295776367188,0.16055724024772644,137500240.0,112877.3125,390001,40000.0,-24133995.5435512,,,,,,,
4.032450717926024,0.21613846162657496,0.20603471725996433,-0.938714573962209,0.0,1110.7195610375504,-92.76306286733653,21,19009,402000,0.0003,-35464.234375,172.81088256835938,-0.059516653418540955,194038912.0,66907.9921875,392001,40000.0,-24133995.5435512,,,,,,,
-3.631829351425174,-0.46446873777906544,-0.8396145184956918,-0.5512779867001403,0.0,1116.5693114871174,-522.714312038663,21,19081,404000,0.0003,-17899.564453125,143.9346466064453,0.2254450023174286,139099840.0,31424.28515625,394001,40000.0,-24133995.5435512,,,,,,,
9.924465373992911,-0.7142788093062394,0.5200979487601459,-0.2376546475116544,0.0,453.18237371695403,-260.5430490471267,21,19153,406000,0.0003,-16515.46875,145.12831115722656,0.05873081088066101,185449504.0,52213.828125,396001,40000.0,-24133995.5435512,,,,,,,
-2.111566171646117,0.2708193140253581,0.5173961883557967,0.028946267535093426,0.0,206.3179642727051,172.67559717876205,21,19225,408000,0.0003,-23261.0390625,186.4448699951172,0.348798543214798,193136608.0,52494.29296875,398001,40000.0,-24133995.5435512,,,,,,,
15.407812276840215,0.3475047290135577,-0.49423158107446924,-0.06203834312209431,0.0,508.9779042183984,-217.7563903451642,21,19298,410000,0.0003,-24928.5390625,183.83425903320312,-0.45579588413238525,116289408.0,27454.673828125,400001,40000.0,-24133995.5435512,,,,,,,
0.6126975784301759,-0.14150929378280125,0.04514284235937233,-0.08850060335218857,0.0,41.85062138968241,-33.541802989054126,21,19373,412000,0.0003,-31639.447265625,175.5223846435547,0.2852262258529663,160331712.0,57757.4375,402001,40000.0,-24133995.5435512,,,,,,,
-1.4579703826904324,-0.04099744307901385,0.16327813467016075,-0.08645305482834749,0.0,62.5456145899379,553.3199457222743,21,19446,414000,0.0003,-34152.63671875,171.7727813720703,0.1018713191151619,189055968.0,49523.2265625,404001,40000.0,-24133995.5435512,,,,,,,
-1.2183114013671874,0.13261557882966657,-0.04024674239993204,-0.043484456164009616,0.0,43.395137333894745,-394.63829319982744,21,19519,416000,0.0003,-34081.3515625,178.6337432861328,0.08757999539375305,420566528.0,129476.09375,406001,40000.0,-24133995.5435512,,,,,,,
10.811415281295776,0.37735216825328405,0.2032433095870707,-0.07148139218224639,0.0,182.52764155807844,165.34147223342086,21,19593,418000,0.0003,-25667.951171875,169.03631591796875,0.11936106532812119,215265376.0,149185.5,408001,40000.0,-24133995.5435512,,,,,,,
6.4347720298767,-0.004156139200728793,-0.43574130456529286,-0.1453294127532265,0.0,389.296325046395,14.658997142201986,21,19667,420000,0.0003,-32604.4609375,180.84640502929688,-0.35040849447250366,129433576.0,32416.470703125,410001,40000.0,-24133995.5435512,,,,,,,
-0.15238281059264877,-0.12412513490638,0.3137984131756751,-0.20089294439190925,0.0,239.32913834932333,1523.9014653856393,21,19741,422000,0.0003,-63317.39453125,266.197509765625,-0.5286531448364258,298164288.0,91643.3359375,412001,40000.0,-24133995.5435512,,,,,,,
4.09628787994385,0.22830550167671743,-0.12653411254203428,0.2022227599102258,0.0,294.51617404475934,-1477.9900786293815,21,19815,424000,0.0003,-70355.9921875,182.88116455078125,1.0435407161712646,235955488.0,45870.5,414001,40000.0,-24133995.5435512,,,,,,,
1.9037636871337882,0.10369624670510026,-0.03201412904173098,0.09307113855257922,0.0004999999999999996,42.498659340383895,64.46350885984603,21,19889,426000,0.0003,-62468.921875,165.09446716308594,0.3204208016395569,331487584.0,79067.1640625,416001,40000.0,-24133995.5435512,,,,,,,
3.112922607421885,0.12718586287978328,-0.09420685748631764,0.23179316010142326,0.025999999999999954,255.36089678625342,308.75588110587324,21,19963,428000,0.0003,-61379.30859375,184.4696502685547,0.6966420412063599,231620928.0,76952.8828125,418001,40000.0,-24133995.5435512,,,,,,,
-25.39915419960022,-0.3844980240744261,-0.1508850845211664,0.36261533867053297,0.0,306.66054029354154,-126.27831479176638,21,20037,430000,0.0003,-49402.46875,161.13360595703125,0.14770379662513733,156030160.0,39900.3046875,420001,40000.0,-24133995.5435512,,,,,,,
-12.197423597335815,-0.41379267323580426,0.14364210187322576,0.1438070200260714,0.0,474.67831036233576,170.153213208525,21,20110,432000,0.0003,-50736.26953125,192.0614471435547,0.20081692934036255,169530400.0,48541.04296875,422001,40000.0,-24133995.5435512,,,,,,,
-0.5289625396728531,-0.14048837060742725,0.2813698042728151,-0.3681940807854592,0.0,332.60292070800705,-32.27532089797386,21,20184,434000,0.0003,-50624.44140625,182.33364868164062,-0.6369175910949707,181754592.0,43184.8828125,424001,40000.0,-24133995.5435512,,,,,,,
1.4661304664611816,0.07408525264111832,-0.10113608822930305,-0.3761808621934327,0.0,243.28662274428405,213.1450271725925,21,20257,436000,0.0003,-74034.921875,169.04945373535156,-0.0695292204618454,156111872.0,43920.51171875,426001,40000.0,-24133995.5435512,,,,,,,
-1.062097303390494,-0.23761793621663946,-0.21317971710669176,-0.32872249835073203,0.0,366.9927921682923,-58.48474082613497,21,20330,438000,0.0003,-51209.421875,140.63246154785156,0.09911616146564484,735949824.0,209807.53125,428001,40000.0,-24133995.5435512,,,,,,,
-8.299377677917462,-0.22290424592725094,-0.1646873355850358,-0.3515920109690359,0.0,201.7301588465775,-12.829795032245881,21,20404,440000,0.0003,-51383.2890625,199.32452392578125,-0.5860562920570374,160776800.0,48203.0703125,430001,40000.0,-23188850.251051817,,,,,,,
7.856369062423708,0.4331468219148718,-0.7790720907278924,-0.2743856048849717,0.0,1071.91213620179,-547.2165963827727,21,20478,442000,0.0003,-52219.4453125,153.5096435546875,-0.3761765658855438,204420784.0,77609.03125,432001,40000.0,-23188850.251051817,,,,,,,
-2.8452378177642763,-0.21634477168789545,0.607354814762732,-0.3404746588250746,0.0,554.4687751887133,-36.3141770150869,21,20553,444000,0.0003,-30062.51171875,130.04776000976562,0.27900955080986023,605159296.0,191285.03125,434001,40000.0,-23188850.251051817,,,,,,,
2.26164657402039,-0.4141365155237801,-0.15514541588548975,-0.5834228345493673,0.0,539.6925028239833,588.588714439279,21,20627,446000,0.0003,-21241.53125,146.09446716308594,0.6799842119216919,164316960.0,48832.43359375,436001,40000.0,-23188850.251051817,,,,,,,
13.142058090209959,0.346913171309156,0.4965421333253402,-0.003651389123288273,0.0,805.376979207794,-1051.9980360743684,21,20701,448000,0.0003,-4267.087890625,150.37254333496094,-0.1267298012971878,149008928.0,38651.92578125,438001,40000.0,-23188850.251051817,,,,,,,
-5.055415954589842,0.46613923713526506,0.3340435052415124,-0.09806584437140885,0.0,131.86509191896633,291.56025042226497,21,20775,450000,0.0003,-3574.28662109375,148.7291259765625,0.3704032301902771,163978880.0,54231.88671875,440001,40000.0,-23188850.251051817,,,,,,,
-13.95205247306822,-0.30680591720543765,0.279162288777172,-0.3222995638457554,0.0,625.8698290992053,403.1942350488718,21,20849,452000,0.0003,2088.4560546875,157.83123779296875,-0.8520515561103821,140878176.0,43649.0703125,442001,40000.0,-23188850.251051817,,,,,,,
2.7809289569854774,0.20969005521438516,-0.8146159640306659,-0.0809419804286316,0.0,523.1456542569639,-482.8661502819078,21,20923,454000,0.0003,-15322.310546875,212.32144165039062,0.8762813210487366,204896400.0,64737.3828125,444001,40000.0,-23188850.251051817,,,,,,,
1.9071773967742929,-0.24528800045969898,-0.15527275513736793,-0.2735982271940141,0.0,141.31222033908935,135.92643702784127,21,20997,456000,0.0003,-27945.712890625,176.76419067382812,-0.05477827042341232,171636032.0,45662.796875,446001,40000.0,-23188850.251051817,,,,,,,
19.1956077899933,0.2069261018484356,0.5824328812330223,0.05625988506820881,0.0,320.21141713873425,452.71817640178773,21,21071,458000,0.0003,-25689.900390625,156.7772216796875,-0.4084553122520447,185440320.0,76433.609375,448001,40000.0,-23188850.251051817,,,,,,,
8.740055339813232,0.2937240451159382,-0.20097955252029664,0.338346668187141,0.0,299.5250715377939,-530.5001086993789,21,21146,460000,0.0003,-26191.7890625,206.32301330566406,-1.0017144680023193,239631488.0,65227.06640625,450001,40000.0,-23188850.251051817,,,,,,,
19.1622338294983,0.1913074807446453,-0.23731180000754992,0.47350901557553066,0.0,480.0140511877316,132.63351663484158,21,21220,462000,0.0003,-39281.0,194.42996215820312,0.2524886727333069,174828992.0,43027.53125,452001,40000.0,-23188850.251051817,,,,,,,
-4.088411146163946,-0.05745969725080643,-0.03809742054067696,0.37313157818995035,0.0,298.6781396873247,191.11015277453146,21,21295,464000,0.0003,-36102.8515625,153.12985229492188,-0.003323674201965332,137259104.0,61271.14453125,454001,40000.0,-23188850.251051817,,,,,,,
4.156765125274658,0.18355985411089515,0.22791987352122872,0.3700506219347282,0.0,313.08338319138073,-51.67923524471796,21,21369,466000,0.0003,-28011.78125,154.0828399658203,0.04694868624210358,189717472.0,38301.03125,456001,40000.0,-23188850.251051817,,,,,,,
4.158862785339359,-0.039503385575290866,-0.2472992380309987,0.19535007792927916,0.0,174.43960992018063,121.57475654990617,21,21444,468000,0.0003,-21279.6015625,172.63076782226562,0.25131523609161377,228051520.0,125751.546875,458001,40000.0,-23188850.251051817,,,,,,,
1.8988920497894308,0.03574371405833493,0.09486515957443481,0.2235798023645593,0.0,96.58651420498498,86.22471164912245,21,21519,470000,0.0003,-13481.3623046875,159.0355224609375,-0.0788201242685318,710632832.0,131477.1875,460001,40000.0,-23188850.251051817,,,,,,,
-1.487774785995487,-0.009509288056119761,0.21853433070065414,0.2575188118422982,0.0,364.99582552791634,126.82229369589135,21,21593,472000,0.0003,-22963.291015625,142.7706298828125,0.5658272504806519,108136120.0,33209.44140625,462001,40000.0,-23188850.251051817,,,,,,,
4.878557867050173,0.1763011024528545,-0.28118801831281215,0.13301668775634454,0.0,105.93741969748024,-20.298536479326106,21,21667,474000,0.0003,-15395.9111328125,154.62513732910156,0.3489294946193695,420094464.0,149216.078125,464001,40000.0,-23188850.251051817,,,,,,,
-2.3297436180114777,-0.044862695906222404,0.23771309361785492,0.23143067617020258,0.0,303.4683224825815,55.001384646245896,21,21741,476000,0.0003,-10014.5986328125,151.756591796875,-0.37895774841308594,208963792.0,86481.2890625,466001,40000.0,-23188850.251051817,,,,,,,
1.8867796726226813,0.06934508374176611,-0.17852626896430274,0.14730235618228496,0.0,199.8797262469718,484.43101932349975,21,21817,478000,0.0003,-38897.48828125,221.65330505371094,-0.20455893874168396,183316480.0,38103.421875,468001,40000.0,-23188850.251051817,,,,,,,
0.8327831096649154,0.10781115540493706,0.2627304701517782,0.1890927157263862,0.0,262.9838488182361,-277.6796576862444,21,21891,480000,0.0003,-40598.59765625,159.5893096923828,-0.0395796000957489,215487968.0,77043.5546875,470001,40000.0,-22526541.03575633,,,,,,,
3.145901088714602,0.15894961148394451,0.1847609623950669,-0.9668797830705116,0.0,1147.6944238905683,-51.47822757194967,21,21965,482000,0.0003,-31651.8125,159.32705688476562,-0.5850287675857544,181797312.0,59622.27734375,472001,40000.0,-22526541.03575633,,,,,,,
-4.451238895416255,-0.43481163091689556,-0.7295643356946426,-0.64600201647667,0.0,1090.1045220430033,-442.09570416106294,21,22040,484000,0.0003,-50962.6875,156.40252685546875,0.8328219652175903,210332464.0,64300.58203125,474001,40000.0,-22526541.03575633,,,,,,,
0.11205447959899643,-0.7071649202438423,0.3729344240618895,-0.5723576539497667,0.0,718.7483688820233,874.3802024775779,21,22114,486000,0.0003,-20264.5078125,129.63319396972656,-0.5887895822525024,182223232.0,52083.59765625,476001,40000.0,-22526541.03575633,,,,,,,
2.502636482238776,0.3780584353931445,0.35327562316682903,-0.4426729793498442,0.0,791.6896634433153,-20.814991215069735,21,22187,488000,0.0003,-17219.291015625,132.97207641601562,-0.3500292897224426,130635776.0,39570.6328125,478001,40000.0,-22526541.03575633,,,,,,,
1.3838913040161092,-0.048825917776937164,-0.20303829906942206,-0.21258040006478712,0.0,422.0155726557052,-1168.5329140286997,22,22261,490000,0.0003,-42906.140625,212.5133819580078,0.047620851546525955,346003136.0,74029.5,480001,40000.0,-22526541.03575633,,,,,,,
-4.902796962738028,-0.24193860626231467,-0.11485161641098589,-0.0977783904738608,0.0,82.00522773631616,-109.01328467174845,22,22335,492000,0.0003,-29049.625,142.04953002929688,0.2709059715270996,234298992.0,41342.23046875,482001,40000.0,-22526541.03575633,,,,,,,
0.6132613124847426,-0.013847930399740804,0.21298011061691416,-0.01242912711583245,0.0,26.720122191581247,59.465710839669136,22,22409,494000,0.0003,-31089.328125,146.60787963867188,-0.7412528395652771,94675104.0,39185.34375,484001,40000.0,-22526541.03575633,,,,,,,
-0.3129844665527319,0.18018270444180898,0.18350841158013187,-0.000504670368234653,0.0,49.470832602124794,136.50510090220678,22,22482,496000,0.0003,-13821.40625,124.04659271240234,-0.6795206069946289,130062136.0,47376.953125,486001,40000.0,-22526541.03575633,,,,,,,
4.927682191848758,0.14234236131531833,-0.3059170597352514,-0.1278128421247936,0.0,228.70065316007364,629.0615243814663,22,22556,498000,0.0003,-3653.043212890625,146.8920440673828,0.46471476554870605,197184256.0,68051.7578125,488001,40000.0,-22526541.03575633,,,,,,,
0.48392637825012114,-0.0713601278706253,0.01557069083262155,-0.0799963380087369,0.0,445.59305668979283,-495.01601088464844,,,500000,0.0003,-1579.255859375,172.44268798828125,-1.2372239828109741,147984800.0,39847.69921875,490000,,,0.0011562500000000004,0.0,40000.0,-1063050.6248687648,5127394.670344506,0.0,0.0
,,,,,,,21,23804,500000,0.0003,-144.8237762451172,172.4829864501953,-1.2936149835586548,215458320.0,47651.3984375,490001,40000.0,-22526541.03575633,,,,,,,
20.961922052383436,0.3036350759450017,0.11783518445052486,0.3521387167295766,0.0,689.7218883876351,201.5974807731706,21,23877,502000,0.0003,-18678.06640625,157.2383270263672,0.31043216586112976,231900128.0,75437.2421875,492001,40000.0,-22526541.03575633,,,,,,,
-0.9480980148315425,0.027681530897283306,-0.12541727185153506,0.2714331319337943,0.0,104.29721049714946,27.75177823140967,21,23950,504000,0.0003,-3453.821533203125,149.93128967285156,0.10931587219238281,168568448.0,76970.390625,494001,40000.0,-22526541.03575633,,,,,,,
1.5246797065734887,-0.00189589493438858,-0.10615884705402384,0.3101464839484164,0.0,175.58400572123307,198.46675066537685,21,24024,506000,0.0003,-4811.63525390625,149.4614715576172,-0.6017329692840576,211820480.0,59955.421875,496001,40000.0,-22526541.03575633,,,,,,,
-24.38937286949158,-0.34554363478224376,0.09551781975883865,0.4193595645253841,0.0,380.5316337842913,-157.17828270070794,21,24097,508000,0.0003,-10346.9345703125,158.91165161132812,0.2295881062746048,246375200.0,50034.4453125,498001,40000.0,-22526541.03575633,,,,,,,
-2.3236272811889678,-0.2279662215545434,-0.11024656269831788,0.1957599371778562,0.0,206.7664611197483,92.54851156965074,21,24170,510000,0.0003,3198.756103515625,127.0560531616211,-0.11713115870952606,168881376.0,77960.2734375,500001,40000.0,-22526541.03575633,,,,,,,
-25.54698811721798,-0.3618830286849571,0.06466325235128396,0.6234272883632502,0.0,974.6913300966859,309.9845599128125,21,24244,512000,0.0003,12568.01171875,146.88455200195312,-0.5241093635559082,200264976.0,86187.953125,502001,40000.0,-22526541.03575633,,,,,,,
-19.718340250015277,-0.28052049705765003,-0.1493222042827979,0.7342657041749225,0.0,743.1249962918367,1716.1302895076103,21,24318,514000,0.0003,15392.6708984375,125.45113372802734,0.018181532621383667,204075872.0,54286.015625,504001,40000.0,-22526541.03575633,,,,,,,
-24.769713224411014,-0.24247896909022051,0.0997976144792758,0.7788452933818759,0.0,845.269780048626,-1209.5094266620251,21,24391,516000,0.0003,22173.74609375,144.04794311523438,0.2910849452018738,200183696.0,57298.9609375,506001,40000.0,-22526541.03575633,,,,,,,
-21.184108030319223,-0.23633205299966115,-0.05375164072195307,0.8726647368424505,0.0,1030.0002955986733,1360.8279415710947,21,24465,518000,0.0003,22524.564453125,139.63868713378906,0.316611111164093,157129760.0,42916.9140625,508001,40000.0,-22526541.03575633,,,,,,,
-12.160218406677258,-0.08307039407225371,0.05325930247620339,1.0140126261307447,0.0,1421.1156983744145,-293.2124221146146,21,24539,520000,0.0003,27403.765625,135.5974884033203,-0.303096741437912,152895456.0,46859.48046875,510001,40000.0,-22599858.279451534,,,,,,,
6.4769307155609095,-0.17595010454322943,0.5244640019879693,-0.5514500994221219,0.0,1531.5724428525705,-246.37059212796382,21,24613,522000,0.0003,23349.978515625,146.88230895996094,-0.5983675122261047,121420000.0,58083.14453125,512001,40000.0,-22599858.279451534,,,,,,,
-5.196914499282839,0.8186617476646092,-0.27615370817683377,-0.37829768512573125,0.0,626.0899774975665,-139.4231499194884,21,24689,524000,0.0003,34756.77734375,142.7616424560547,-0.031203165650367737,118869488.0,35715.234375,514001,40000.0,-22599858.279451534,,,,,,,
-11.75216771125793,-0.25595624297743025,-0.5118546300197063,-0.07610995743445007,0.0,291.9366131578487,-346.459396067656,21,24762,526000,0.0003,28882.212890625,130.56715393066406,0.026693329215049744,148029280.0,52520.1171875,516001,40000.0,-22599858.279451534,,,,,,,
-1.499798122406006,0.15760701139038447,0.43471269204051216,-0.16816691186916705,0.0,393.1113773580854,-117.18196566954795,21,24837,528000,0.0003,26715.62890625,141.11659240722656,0.09644732624292374,105798352.0,36646.37109375,518001,40000.0,-22599858.279451534,,,,,,,
10.050858232498161,0.21364277286423947,-0.22238942137086015,-0.14656878320251424,0.0,218.16512960250168,670.9485228036065,21,24911,530000,0.0003,27362.283203125,144.6698760986328,-0.5519386529922485,129383472.0,54930.78515625,520001,40000.0,-22599858.279451534,,,,,,,
0.640350440979003,-0.231759543447566,-0.14116416289548905,-0.08817065407952011,0.0,161.4130012655241,-654.3641692735022,21,24985,532000,0.0003,25836.91796875,132.59584045410156,-0.11431196331977844,114087824.0,105493.546875,522001,40000.0,-22599858.279451534,,,,,,,
-3.1490565147399923,-0.2050971136136179,0.16482637461631974,-0.13370677156665858,0.0,80.82456631013878,2.509078321390569,21,25058,534000,0.0003,23072.64453125,136.47422790527344,-0.17505507171154022,92775600.0,23635.77734375,524001,40000.0,-22599858.279451534,,,,,,,
2.7689400329589824,0.20989720607741136,0.1945066215533188,-0.10155661100003704,0.0,89.05830017027218,26.47508742203617,21,25132,536000,0.0003,27441.166015625,133.56471252441406,0.4711647033691406,213817728.0,67927.59375,526001,40000.0,-22599858.279451534,,,,,,,
0.6428621253967288,0.1840066955979988,0.05921452813435739,-0.048404978966563116,0.0,68.92646808535619,311.71401765635756,21,25206,538000,0.0003,22073.205078125,132.1155548095703,0.8697556257247925,123674128.0,48027.23046875,528001,40000.0,-22599858.279451534,,,,,,,
19.97726244163511,0.386133632167882,0.0784524347421206,0.13107174071235672,0.0,183.65120534413757,-94.92268465344341,21,25279,540000,0.0003,36440.34765625,140.3209228515625,-0.23253807425498962,110068256.0,40527.13671875,530001,40000.0,-22599858.279451534,,,,,,,
24.235700689315788,0.4683140661743769,0.009687614426718416,0.26351634520619305,0.0,255.1629416715126,39.07004441601572,21,25352,542000,0.0003,19396.125,139.94358825683594,0.05578027665615082,148511488.0,43343.08984375,532001,40000.0,-22599858.279451534,,,,,,,
3.6570809841156,0.13578028600703348,-0.2957335391814778,0.20167016062823623,0.0,138.04671620134482,-17.77100482537742,21,25426,544000,0.0003,17927.37109375,142.50930786132812,0.09968467801809311,122889664.0,62894.0078125,534001,40000.0,-22599858.279451534,,,,,,,
5.7707193050384324,0.04179682643831874,-0.20060682612049874,0.27751596628086517,0.0,231.05995793745075,89.28079975976358,21,25500,546000,0.0003,17419.83203125,137.8768768310547,0.13313345611095428,113438504.0,36020.51953125,536001,40000.0,-22599858.279451534,,,,,,,
3.1954672622680667,-0.07580717838165843,0.3044509345242946,0.3230462181005385,0.0,172.8286338969827,227.48507196092012,21,25573,548000,0.0003,20398.1796875,135.03123474121094,0.42451998591423035,229622432.0,65120.30078125,538001,40000.0,-22599858.279451534,,,,,,,
-3.19694434928894,-0.1201813422577055,-0.17702858861084084,0.44714794172988925,0.0,360.4853724840699,21.54819298216456,21,25647,550000,0.0003,22576.615234375,131.62559509277344,0.21376784145832062,136303024.0,46120.0703125,540001,40000.0,-22599858.279451534,,,,,,,
-5.62028304862976,-0.10645922526105116,-0.15760323526508824,0.5652376377887339,0.0,495.6226098544736,742.8853083265976,21,25721,552000,0.0003,20071.61328125,135.0581512451172,-0.5070972442626953,127560320.0,39356.02734375,542001,40000.0,-22599858.279451534,,,,,,,
1.3976220130920332,-0.04079408827253857,0.23707950533844244,0.723363924579493,0.0,767.2695766768711,-95.53638556266965,21,25950,554000,0.0003,26894.869140625,134.346923828125,-0.14571978151798248,155752288.0,51968.1640625,544001,40000.0,-22599858.279451534,,,,,,,
3.893108198165893,0.05367800846131238,0.0899205125463209,0.7240130612359119,0.0,721.4052532510892,177.62131457202605,21,26024,556000,0.0003,22562.10546875,133.61668395996094,0.5419818758964539,144271392.0,44124.15625,546001,40000.0,-22599858.279451534,,,,,,,
-2.8026427059173584,-0.08563055654784883,-0.07779228365417643,0.8100971784059449,0.0,907.2465986351517,618.9423226724365,21,26099,558000,0.0003,31678.908203125,128.2801513671875,-0.2031480371952057,108772688.0,39733.296875,548001,40000.0,-22599858.279451534,,,,,,,
-7.3988571872711155,-0.11351467289636026,-0.01292485312957815,1.024563925302585,0.0,1502.08737643338,419.12520881417873,21,26173,560000,0.0003,31264.966796875,123.82244110107422,-0.09144735336303711,101899152.0,46621.046875,550001,40000.0,-22322657.213897426,,,,,,,
-4.831761957168568,-0.6604567624414271,-0.559869257561486,-0.5074104657085583,0.0,818.6625275001694,-584.985394839954,21,26247,562000,0.0003,37166.28515625,127.21227264404297,-0.16267085075378418,111408952.0,53740.875,552001,40000.0,-22322657.213897426,,,,,,,
7.698945739746093,-0.2484288087568168,0.7028561762955885,-0.14916648806846855,0.0,388.98650261398166,1252.9072650049557,21,26321,564000,0.0003,36511.66796875,127.85506439208984,-0.08323559165000916,130941344.0,44153.30859375,554001,40000.0,-22322657.213897426,,,,,,,
13.557564699172975,0.2939080885084667,-0.13232513444995542,0.18002053584222416,0.0,232.55952275589135,-1533.774699068891,21,26395,566000,0.0003,38104.109375,123.47209930419922,-0.08445349335670471,124807528.0,42312.140625,556001,40000.0,-22322657.213897426,,,,,,,
3.1325726909637477,0.13957965150460871,0.10047145887016773,0.11854913603060523,0.0,162.26518117632543,111.04483914344917,21,26469,568000,0.0003,30916.96875,138.1843719482422,-0.58039790391922,132665440.0,42706.0859375,558001,40000.0,-22322657.213897426,,,,,,,
4.804662845611578,-0.021429024437684536,-0.2889261678921288,0.04195610937778634,0.0,169.96489960963814,-44.35612346963747,21,26543,570000,0.0003,31430.890625,127.7321548461914,0.7035541534423828,253192224.0,46056.6875,560001,40000.0,-22322657.213897426,,,,,,,
1.3701085281372034,-0.015960408757441806,0.33674985271468966,0.0929884865913106,0.0,115.75315532260124,112.90422489306644,21,26618,572000,0.0003,30758.501953125,113.6800537109375,-0.0025200843811035156,138407472.0,55617.7265625,562001,40000.0,-22322657.213897426,,,,,,,
8.375749338150014,0.1709889331745862,0.03449526412690151,0.06754805621670465,0.0,106.52078144517682,22.501166833925073,21,26692,574000,0.0003,36318.73046875,126.19816589355469,-0.3043379783630371,167656992.0,41489.03125,564001,40000.0,-22322657.213897426,,,,,,,
0.9200657444000242,0.29563298442814095,0.12401888816014775,0.10835182126005219,0.0,106.35586157925113,51.05417286331941,21,26766,576000,0.0003,26461.78515625,132.4903564453125,0.21376773715019226,155947712.0,50276.58984375,566001,40000.0,-22322657.213897426,,,,,,,
17.20178506278993,0.3734149477721002,-0.2425783770869766,0.03428980987309085,0.0,154.35804214416635,139.83714287867497,21,26841,578000,0.0003,31092.099609375,126.9105453491211,-0.3064228892326355,103232480.0,28553.921875,568001,40000.0,-22322657.213897426,,,,,,,
-0.11770465278625585,0.043985717128788515,0.10748370814681416,0.06292619507485955,0.0,129.29762936047047,-73.58392873016382,21,26915,580000,0.0003,27635.6875,127.46389770507812,-0.19472159445285797,118935120.0,42477.0546875,570001,40000.0,-22322657.213897426,,,,,,,
12.323113550186154,0.2057066596150018,-0.027191558547071018,0.0930058785176309,0.0,134.35790355288393,107.37203192064325,21,26991,582000,0.0003,27919.51171875,120.10224914550781,-0.677574098110199,136135312.0,35476.12109375,572001,40000.0,-22322657.213897426,,,,,,,
0.7198808441162123,0.026550643720530433,-0.09120781972706052,0.10280371458958054,0.0,116.88445703957156,470.7787096972658,21,27065,584000,0.0003,31172.794921875,120.27388763427734,0.09510955214500427,121804528.0,37265.1875,574001,40000.0,-22322657.213897426,,,,,,,
8.4803831691742,0.20488639067175166,0.05291500386800824,0.11797058798049691,0.0,145.84109158949553,-363.1694583712987,21,27139,586000,0.0003,27935.5078125,124.92302703857422,0.27188050746917725,123011232.0,44269.08984375,576001,40000.0,-22322657.213897426,,,,,,,
2.4744463081359864,0.042216057466072494,-0.11598532417793542,0.11904523712649848,0.0,91.20150421983284,432.9478614477145,21,27213,588000,0.0003,27847.951171875,115.00011444091797,0.7604692578315735,136057504.0,38276.33203125,578001,40000.0,-22322657.213897426,,,,,,,
8.85699039459229,0.2124819702289102,0.12949439148947048,0.14964522104354386,0.0,172.09131589854567,-174.16672669285174,21,27287,590000,0.0003,27548.115234375,118.75113677978516,0.6560802459716797,115930592.0,43306.8671875,580001,40000.0,-22322657.213897426,,,,,,,
3.234322788238529,0.019181225596633784,-0.1952166401664954,0.10373065126935373,0.0,86.9820079841068,243.16091139822834,21,27361,592000,0.0003,25461.73828125,121.71102142333984,-0.46685439348220825,104409584.0,51100.45703125,582001,40000.0,-22322657.213897426,,,,,,,
7.103949094772337,0.19728234276308598,0.2581183541693019,0.12630152998796307,0.0,166.23452935568517,-156.05607585924056,21,27435,594000,0.0003,27814.919921875,122.07708740234375,-0.13067129254341125,127526488.0,60399.6484375,584001,40000.0,-22322657.213897426,,,,,,,
4.385295343399049,0.07670895673743908,-0.2951032837099003,0.10631977032455871,0.0,99.28618804494306,-1.0233028034215177,21,27509,596000,0.0003,33094.33984375,113.13123321533203,-0.2296299785375595,146480768.0,48504.828125,586001,40000.0,-22322657.213897426,,,,,,,
6.5706708831787095,0.14358007616297885,0.2890469781959002,0.11454076028107177,0.0,172.20857013845387,139.92137804626142,21,27583,598000,0.0003,34286.87109375,123.62886810302734,-0.5862012505531311,121707888.0,39943.4296875,588001,40000.0,-22322657.213897426,,,,,,,
4.8629981861114535,0.06051980607229094,-0.3108258416610195,0.10434162840256062,0.0,124.54480962762952,45.57856739553923,,,600000,0.0003,33864.54296875,115.39434814453125,-0.0416472852230072,121234336.0,40302.79296875,590000,,,0.0015468750000000012,0.0,40000.0,-140381.8931738173,201855.72656527447,0.0015468750000000012,0.0
,,,,,,,20,28824,600000,0.0003,34917.3828125,115.40304565429688,-0.5290327072143555,129670624.0,33959.5859375,590001,40000.0,-21329712.831254598,,,,,,,
4.829474584579473,0.27524053123270736,0.303658909101063,-0.8849079550887375,0.0,1043.4171879031333,-142.92132086800123,20,28896,602000,0.0003,39038.84375,120.98755645751953,0.742484450340271,126418456.0,33911.35546875,592001,40000.0,-21329712.831254598,,,,,,,
8.840207283020023,0.6324195518629813,0.23327606209345456,-0.6710056606412251,0.0,746.2047414760215,-345.73501748285616,20,28968,604000,0.0003,33497.23046875,122.04792785644531,0.22963596880435944,162834000.0,57948.80859375,594001,40000.0,-21329712.831254598,,,,,,,
-13.450607481002782,-0.209984545900637,-0.1167874415113403,-0.3303288223116749,0.0,1038.22383738212,891.0040292842299,20,29041,606000,0.0003,34258.12890625,139.90234375,-0.13709591329097748,182547744.0,63264.42578125,596001,40000.0,-21329712.831254598,,,,,,,
2.87901165390014,0.3698061175270467,-0.18603896454418167,-0.05538432407546823,0.0,127.53436466902387,-1352.3899113546108,20,29113,608000,0.0003,33596.96875,127.65641021728516,0.2079657018184662,322117632.0,33085.7578125,598001,40000.0,-21329712.831254598,,,,,,,
14.06816092681887,0.327160847964079,-0.172126835731112,-0.004986978785623814,0.0,173.49651561594078,534.7628261979364,20,29186,610000,0.0003,30097.65625,135.17611694335938,0.25186043977737427,183792864.0,59311.39453125,600001,40000.0,-21329712.831254598,,,,,,,
-1.0339132232665997,0.0578257969764566,0.03729913036125924,0.008353266780695295,0.06000000000000001,40.21877999552959,-479.4398611304308,20,29259,612000,0.0003,20135.666015625,133.05148315429688,0.062225788831710815,136775120.0,46606.52734375,602001,40000.0,-21329712.831254598,,,,,,,
-0.7322567977905278,0.11526818714082121,0.04926775131408507,0.0023159573940994592,0.0,24.94964877271371,153.58291138505683,20,29331,614000,0.0003,21923.3671875,128.4083709716797,-0.6469269394874573,132824576.0,57630.23828125,604001,40000.0,-21329712.831254598,,,,,,,
13.573675485610954,0.25089840900200666,0.12467887896245383,0.04906110731308182,0.0,59.46443682896846,107.93849379222856,20,29404,616000,0.0003,19091.951171875,130.44711303710938,0.1167667806148529,109349600.0,41469.53125,606001,40000.0,-21329712.831254598,,,,,,,
2.540188268661499,0.18837081304995645,-0.1356549572910174,0.2393483914022813,0.0,189.53788863121943,12.231125245190123,20,29476,618000,0.0003,19310.82421875,126.7918701171875,-0.009049847722053528,169231648.0,45972.1953125,608001,40000.0,-21329712.831254598,,,,,,,
14.373553079605092,0.23960308043605497,0.0022425072437997897,0.291403650996409,0.0,219.4535102078771,370.6314455026165,20,29549,620000,0.0003,25900.40234375,126.74864959716797,0.0762777030467987,112058928.0,65983.5,610001,40000.0,-21329712.831254598,,,,,,,
4.341716735839837,0.0801540234366988,-0.16432478607538828,0.3777918975936724,0.0,250.22877823110997,97.18374011546204,20,29622,622000,0.0003,23282.130859375,135.5930938720703,-0.11915430426597595,106275040.0,67856.6328125,612001,40000.0,-21329712.831254598,,,,,,,
-5.977714555740347,-0.12240952150406052,-0.019570285293483605,0.46431495359000363,0.0,329.2347119529208,-25.725819589780386,21,29695,624000,0.0003,20348.70703125,127.48395538330078,-0.20822009444236755,155295584.0,49204.57421875,614001,40000.0,-21329712.831254598,,,,,,,
14.49032448196412,0.18413557297755578,0.3347194676704567,0.636205514696887,0.0,633.3060853045472,931.5979067196967,21,29768,626000,0.0003,25006.447265625,133.95071411132812,-0.6633054614067078,84595296.0,32391.00390625,616001,40000.0,-21329712.831254598,,,,,,,
3.2702191562652816,0.06366643850712038,-0.32641465952729987,0.6578615360889769,0.0,680.3295774621056,-667.3134508995918,21,29842,628000,0.0003,20337.99609375,127.00880432128906,0.010279692709445953,133318320.0,42006.453125,618001,40000.0,-21329712.831254598,,,,,,,
3.2346121406555213,0.0009619600847750754,0.10248946710206279,0.5518907010247972,0.0,441.8871264427924,296.85828773010394,21,29916,630000,0.0003,14921.5625,130.3731689453125,0.18940523266792297,94180600.0,33069.30859375,620001,40000.0,-21329712.831254598,,,,,,,
9.507432119369472,0.15164079962511423,0.04416451247278311,0.7225793962723542,0.0,776.3640595800506,205.36632757154652,21,29989,632000,0.0003,19070.00390625,129.06304931640625,0.48206526041030884,126428464.0,47070.34765625,622001,40000.0,-21329712.831254598,,,,,,,
21.852629350662223,0.25247119725646044,0.024349534219823027,0.9467468230206132,0.0,1221.5244343828272,277.4420272246897,21,30063,634000,0.0003,19561.33984375,129.30673217773438,0.18421202898025513,108776256.0,44088.42578125,624001,40000.0,-21329712.831254598,,,,,,,
16.165402753829976,0.1924201076124622,-0.12093919328498334,0.891310285769641,0.0,1079.4372765267037,18.360488051680587,21,30136,636000,0.0003,17447.84375,128.87149047851562,0.18091370165348053,161479392.0,41500.25390625,626001,40000.0,-21329712.831254598,,,,,,,
18.584394758224512,0.198926521158755,0.1528130933402026,1.0391568724796232,0.0,1430.1495500867843,1051.3628879976102,21,30210,638000,0.0003,20586.638671875,128.82220458984375,-0.26852625608444214,199217664.0,76626.890625,628001,40000.0,-21329712.831254598,,,,,,,
19.775259666442814,0.19783287482689255,0.0032728328223476572,1.12729800724476,0.0,1648.1676020853336,256.0834840354813,21,30284,640000,0.0003,20143.439453125,133.857177734375,0.15421319007873535,129567720.0,33791.78515625,630001,40000.0,-21543133.0509875,,,,,,,
-3.93411054992676,-0.12617989423976275,-0.20215255058279225,-0.9611656495346375,0.0,1251.77765661944,538.8532250955132,21,30358,642000,0.0003,19662.625,125.13836669921875,-0.23218390345573425,126153880.0,39577.09375,632001,40000.0,-21543133.0509875,,,,,,,
-0.4459705677032423,-0.21735019407342843,0.10071242620215524,-0.9327866287914832,0.0,1166.1453115064642,-433.7162209748092,21,30431,644000,0.0003,19459.34765625,135.34201049804688,-0.69217449426651,143867168.0,119575.03125,634001,40000.0,-21543133.0509875,,,,,,,
-2.4787313899993904,-0.17031595930015936,0.014193515248609125,-0.9752726464940009,0.0,1153.9659631482477,54.439245251748325,21,30505,646000,0.0003,20295.08203125,123.80963134765625,0.0675508975982666,96518848.0,38042.51171875,636001,40000.0,-21543133.0509875,,,,,,,
-4.354100358963009,-0.16562823384316716,-0.07809301070025772,-0.9425239851512366,0.0,1271.6814554353236,720.1806525716185,21,30578,648000,0.0003,23968.453125,124.90312957763672,-0.2857218086719513,110037808.0,31197.962890625,638001,40000.0,-21543133.0509875,,,,,,,
-2.6541997947692884,-0.732109659743343,-0.3931527201951144,-0.6087623436514381,0.0,802.9655675070106,-1206.3832164295322,21,30652,650000,0.0003,29885.353515625,123.89325714111328,0.17621146142482758,116874592.0,33130.42578125,640001,40000.0,-21543133.0509875,,,,,,,
-6.143062217712404,-0.5161536545334209,0.37734550273437084,-0.5711414773634914,0.0,550.6131239160594,72.14018964435769,21,30726,652000,0.0003,29935.578125,125.13311767578125,-0.6473127007484436,122271312.0,46083.26171875,642001,40000.0,-21543133.0509875,,,,,,,
-2.589124069213872,-0.5645704036995589,-0.2778843691760215,-0.4767875237981451,0.0,563.5495699396429,-250.48019710322066,21,30800,654000,0.0003,27743.537109375,136.62228393554688,-0.41057491302490234,96740072.0,29597.099609375,644001,40000.0,-21543133.0509875,,,,,,,
-14.412223737716685,-0.6237086150810134,0.05984470698029721,-0.4576221627017788,0.0,487.6056900334413,92.03490201675321,21,30874,656000,0.0003,24279.4765625,119.22335815429688,0.043203387409448624,108828368.0,34422.14453125,646001,40000.0,-21543133.0509875,,,,,,,
-3.785367811203004,-0.4387769519340611,0.17899704193198135,-0.5898952675239348,0.0,494.9955116900243,58.770920446443206,21,30948,658000,0.0003,32320.11328125,127.86018371582031,-0.09622830152511597,173311024.0,58509.28125,648001,40000.0,-21543133.0509875,,,,,,,
-2.652135278701787,-0.47846272862691075,-0.2957954197852024,-0.48620159459055123,0.0,580.7043095496214,-98.48132692046515,21,31021,660000,0.0003,30595.310546875,133.85499572753906,0.12637050449848175,105990352.0,44985.875,650001,40000.0,-21543133.0509875,,,,,,,
-10.588331399917617,-0.5423790482401716,0.2555793062676961,-0.3647076007943142,0.0,388.20380461261993,23.409636826055305,21,31095,662000,0.0003,30368.8984375,119.84127044677734,-0.1629411280155182,88054176.0,35063.08203125,652001,40000.0,-21543133.0509875,,,,,,,
-0.8876629180908334,-0.6591832838691712,-0.2978157103047281,-0.3791392096768277,0.0,394.1715205119692,-82.2336075388758,21,31169,664000,0.0003,27772.02734375,129.34552001953125,-0.6383653283119202,143044608.0,57809.56640625,654001,40000.0,-21543133.0509875,,,,,,,
0.8067958469390872,-0.46117114007872956,0.2966032273045537,-0.08538506922857288,0.0,202.78706047306153,-295.7144240395614,21,31242,666000,0.0003,23173.49609375,134.23121643066406,0.5747881531715393,141986544.0,55261.1796875,656001,40000.0,-21543133.0509875,,,,,,,
-14.922581327438383,-0.34411288586750954,0.09569488537659737,-0.13249635285010375,0.0,85.4998076211051,38.29380957583921,21,31316,668000,0.0003,24244.0390625,125.1109848022461,-0.38707417249679565,114810872.0,61048.125,658001,40000.0,-21543133.0509875,,,,,,,
1.9489463558196964,-0.19202139805299848,0.04060741704635182,-0.20353936512968804,0.0,71.41432805080511,17.950226334760853,21,31390,670000,0.0003,25844.69140625,116.89200592041016,0.6150525808334351,106899568.0,46849.7890625,660001,40000.0,-21543133.0509875,,,,,,,
1.7742594680786095,0.026220633230186106,0.014684712635807787,-0.13970456248582186,0.0,212.1470924694158,46.2836358017223,21,31464,672000,0.0003,31248.44921875,118.5397720336914,0.018973171710968018,140580544.0,40526.12109375,662001,40000.0,-21543133.0509875,,,,,,,
1.5724852180480955,-0.3646605692706838,-0.2437512822964772,-0.1352906827107625,0.0,95.50015283220102,111.35490520438935,21,31537,674000,0.0003,34831.0625,108.75150299072266,0.663197934627533,105440056.0,47220.3046875,664001,40000.0,-21543133.0509875,,,,,,,
-10.43733789253235,-0.28988382166835813,0.20985523598011105,-0.3265089493550801,0.0,224.57626192458605,107.14160618574475,21,31611,676000,0.0003,39558.7734375,117.76465606689453,-0.7216143608093262,94365904.0,27912.884765625,666001,40000.0,-21543133.0509875,,,,,,,
0.8739162044525146,-0.1759023487899821,0.062357301655500436,-0.3770113495658872,0.0,194.43265853707086,145.2557708028466,21,31685,678000,0.0003,41847.390625,118.5506820678711,0.04838930070400238,152696240.0,45605.9921875,668001,40000.0,-21543133.0509875,,,,,,,
-1.7598200378417983,0.17128579670738683,0.11308888926473719,-0.30666632070210453,0.0,378.3533865561407,515.0041027913185,21,31758,680000,0.0003,38953.3828125,117.8841552734375,0.5944174528121948,128005264.0,38174.671875,670001,40000.0,-21521595.885222174,,,,,,,
5.359753149032589,-0.12493788019517785,0.9118202093743687,-0.4047220610668585,0.0,1046.5008975135354,-494.7967687272711,21,31832,682000,0.0003,33053.57421875,124.71965026855469,0.534981906414032,176389248.0,75431.578125,672001,40000.0,-21521595.885222174,,,,,,,
2.846242883682249,-0.11504388970164994,-0.40078033234699156,-0.1737142708424328,0.0,579.2337510828045,-324.3794649208804,21,31905,684000,0.0003,43826.46875,122.87625122070312,0.8717749118804932,106057600.0,60372.5234375,674001,40000.0,-21521595.885222174,,,,,,,
-2.055974481582638,0.6981073293015845,-0.11156927165613331,-0.29527273926436465,0.0,271.5285864151842,-66.39416971130561,21,31979,686000,0.0003,35913.37890625,119.0328369140625,0.22777941823005676,127725840.0,55920.70703125,676001,40000.0,-21521595.885222174,,,,,,,
15.70471634674071,0.5968036736506384,-0.046031524967773955,-0.17337959312884024,0.0,172.96484457299746,17.61992654463969,21,32052,688000,0.0003,34729.83203125,121.71560668945312,-0.15004460513591766,90851280.0,30795.876953125,678001,40000.0,-21521595.885222174,,,,,,,
-5.1352764835357645,0.4181662335449046,-0.053624240597517164,-0.0812724030153333,0.0,87.23547457588762,-142.16468314627215,21,32128,690000,0.0003,33530.36328125,111.43265533447266,0.43706566095352173,118639680.0,37669.5390625,680001,40000.0,-21521595.885222174,,,,,,,
8.322264070510863,0.3561144596573295,-0.009617289002341647,-0.05430746467642964,0.0,62.79179535448071,55.07122964235559,21,32202,692000,0.0003,35358.81640625,118.1552963256836,0.27304530143737793,114866768.0,37640.70703125,682001,40000.0,-21521595.885222174,,,,,,,
8.924849378585803,0.23558638143711794,-0.17786792216155728,0.08419041011560457,0.0,182.01032192684198,-26.400666576839832,21,32276,694000,0.0003,37238.91015625,119.02574157714844,-0.24672174453735352,115763424.0,50364.4140625,684001,40000.0,-21521595.885222174,,,,,,,
-2.628802955627442,0.1972903130804681,-0.003006270204555779,-0.0016877743203690355,0.0,23.806107886124742,59.49524199403848,21,32349,696000,0.0003,38963.9453125,108.86579895019531,-0.3721911609172821,122795872.0,120243.5234375,686001,40000.0,-21521595.885222174,,,,,,,
16.772996353149395,0.28888332600814715,0.11399342758639851,0.09909483979283445,0.0,71.65640024510925,90.8021841752353,21,32423,698000,0.0003,33359.0390625,115.07093048095703,1.0281485319137573,137702048.0,56689.76171875,688001,40000.0,-21521595.885222174,,,,,,,
0.7882424316406257,0.13566858047615088,-0.11614226767582127,0.13341223402877486,0.0,152.07079059267545,101.52966771529432,,,700000,0.0003,36717.8671875,113.68997192382812,-0.38278940320014954,121905496.0,66317.0390625,690000,,,0.021546875000000014,0.0,40000.0,-41048.448746944545,27473.704639390413,0.021546875000000014,0.0
,,,,,,,20,33667,700000,0.0003,41393.62890625,113.69419860839844,-0.37500807642936707,172052864.0,93822.8359375,690001,40000.0,-21521595.885222174,,,,,,,
17.658564323425303,0.27347729144300653,0.0917303621868944,0.21785822803448263,0.0,107.78480079820207,71.78748579979961,20,33739,702000,0.0003,39672.48046875,101.83500671386719,0.49590736627578735,99272552.0,34766.88671875,692001,40000.0,-21521595.885222174,,,,,,,
10.28348267555237,0.3809972906286162,0.11262293436870814,0.27515808663757196,0.0,504.69071123510605,24.950375849812602,20,33811,704000,0.0003,40784.03125,111.99576568603516,0.08664914965629578,153433472.0,58482.11328125,694001,40000.0,-21521595.885222174,,,,,,,
12.223599138259878,0.2700216812387118,-0.3437509777429154,0.012681110810594289,0.0,155.49736049685848,-30.83631267626212,20,33883,706000,0.0003,37776.53125,111.65332794189453,-0.030760683119297028,117271616.0,44617.421875,696001,40000.0,-21521595.885222174,,,,,,,
-3.9187650947570623,0.16282876162306295,0.16290596369072552,-0.05155367883123374,0.0,96.68773406431178,95.88648580793681,20,33955,708000,0.0003,35410.23828125,107.06924438476562,0.5593092441558838,125378160.0,41064.37890625,698001,40000.0,-21521595.885222174,,,,,,,
4.572740152359012,0.11061060289499354,0.009255837934818493,-0.07104733691491552,0.0,39.126353749719144,120.0566398745444,20,34027,710000,0.0003,39506.0390625,113.92386627197266,0.22045698761940002,85788120.0,40298.22265625,700001,40000.0,-21521595.885222174,,,,,,,
0.30505562210083176,0.1959364980906952,-0.04456451621982659,0.029509831819782686,0.0,27.279426950818454,-31.330039614577984,20,34099,712000,0.0003,37762.140625,110.04995727539062,-0.1274416744709015,109345248.0,50884.6875,702001,40000.0,-21521595.885222174,,,,,,,
-1.8607321853637713,0.11406877678545078,-0.07833617960488676,0.03230031617507418,0.0345,19.483915203251787,70.07813062375963,20,34171,714000,0.0003,34027.5,113.60326385498047,0.5541697144508362,93489408.0,29919.908203125,704001,40000.0,-21521595.885222174,,,,,,,
2.594167879104614,0.09401011151610437,0.0772152933316101,0.07983539638311628,0.04400000000000005,43.92378304578923,104.19057756642998,20,34243,716000,0.0003,32384.0,113.51072692871094,-0.0013956539332866669,103252264.0,51035.2890625,706001,40000.0,-21521595.885222174,,,,,,,
-1.0942134151458736,0.0998786064289514,-0.08433834591771701,0.11185630947041086,0.0,29.073127360900337,63.32713105945216,20,34315,718000,0.0003,33590.10546875,110.77355194091797,0.604219913482666,102720768.0,61210.609375,708001,40000.0,-21521595.885222174,,,,,,,
3.995929555892939,0.07433757263135989,0.013601525792488864,0.13787779315800852,0.0,57.34911910933916,113.81026035929293,20,34387,720000,0.0003,36031.4765625,106.42595672607422,-0.17630931735038757,72586512.0,22957.6640625,710001,40000.0,-20739054.516636945,,,,,,,
-5.103398838043208,-0.26758089322007367,-0.3039347422239317,-0.9356472326570332,0.0,1121.031349549108,-150.59758328791162,20,34460,722000,0.0003,36047.6953125,106.25350189208984,-0.14781460165977478,83683272.0,26763.201171875,712001,40000.0,-20739054.516636945,,,,,,,
-6.48344268608093,-0.43472857160370404,-0.4176959553629871,-0.5562232445138463,0.0,709.8477233898783,-341.38759514368223,20,34532,724000,0.0003,40565.48046875,107.67333221435547,-0.2785603702068329,77478496.0,61273.01953125,714001,40000.0,-20739054.516636945,,,,,,,
12.095545507431023,-0.25694328171156067,0.6927928261589325,-0.1875030181265245,0.0,506.32044319626766,-523.4965855338257,20,34605,726000,0.0003,38415.11328125,102.90760040283203,-0.3926565647125244,98048272.0,38935.67578125,716001,40000.0,-20739054.516636945,,,,,,,
-2.4514554653167733,0.029833052212973832,0.013511837563752347,-0.008609972332750283,0.0025,25.07766930017465,7.38559492073559,20,34677,728000,0.0003,38749.44140625,105.02246856689453,0.0999307855963707,85043672.0,113697.4296875,718001,40000.0,-20739054.516636945,,,,,,,
5.244815670013423,0.09059786138035698,0.1083657042769114,0.01106523528487237,0.0,35.46122051520184,70.83943251346088,21,34750,730000,0.0003,39214.1328125,111.35765075683594,-0.1811932623386383,90627888.0,29296.59375,720001,40000.0,-20739054.516636945,,,,,,,
0.2817340354919432,0.06649296086835685,-0.06172762405884947,0.014928119539023647,0.0,5.237539946176428,66.08546535612346,21,34824,732000,0.0003,40491.4921875,112.2348403930664,0.07947230339050293,102002344.0,32520.044921875,722001,40000.0,-20739054.516636945,,,,,,,
-2.343899806976312,0.06747686449203666,-0.06623278488186563,0.013890796481754463,0.0,17.53086324426477,89.13866197875353,21,34897,734000,0.0003,33924.60546875,109.78406524658203,-0.5993300080299377,85928024.0,25091.560546875,724001,40000.0,-20739054.516636945,,,,,,,
3.418825954437254,0.05598119019535968,0.09797984152739364,0.03379822416077069,0.0,32.24988533560951,71.15270536784924,21,34970,736000,0.0003,34670.47265625,105.83552551269531,0.21589058637619019,93387816.0,37651.671875,726001,40000.0,-20739054.516636945,,,,,,,
1.07045217704773,-0.0020546859575915977,-0.07762072459776513,0.02919323974048044,0.025999999999999992,14.642016346750733,80.7388829199648,21,35044,738000,0.0003,35231.50390625,105.5748291015625,0.3886193335056305,109549728.0,52740.13671875,728001,40000.0,-20739054.516636945,,,,,,,
-0.7535922374725336,0.0342070646199121,0.09166055187539257,0.02696407837018678,0.04499999999999999,32.31188443295793,268.86913841622265,21,35117,740000,0.0003,43778.38671875,101.02094268798828,-0.2576695680618286,111952648.0,43762.06640625,730001,40000.0,-20739054.516636945,,,,,,,
4.6958435173034685,0.10234793277048296,-0.01648512240052605,0.035833184839016284,0.0,12.31746518285784,-112.66715517670293,21,35191,742000,0.0003,42145.421875,109.50090789794922,-0.553862452507019,156555360.0,65300.85546875,732001,40000.0,-20739054.516636945,,,,,,,
-0.21345441246032706,0.029302991914429265,-0.000937958447750824,0.03808307407029756,0.10500000000000016,11.427078892939287,113.73104284970664,21,35264,744000,0.0003,45231.24609375,104.49043273925781,0.16842800378799438,73714104.0,22838.43359375,734001,40000.0,-20739054.516636945,,,,,,,
3.485649162292482,0.07804769408040098,0.04096632661872334,0.0531834223576671,0.015000000000000003,39.162400909941965,67.35812925884298,21,35337,746000,0.0003,39996.1875,106.99059295654297,0.07468036562204361,99162936.0,42814.34765625,736001,40000.0,-20739054.516636945,,,,,,,
2.4985548591613727,0.09975475406638722,-0.08312115905336871,0.07042289766348635,0.0,14.255713262618942,59.73515141154424,21,35410,748000,0.0003,40395.921875,112.02449798583984,-1.0564510822296143,99317856.0,62644.25,738001,40000.0,-20739054.516636945,,,,,,,
-0.965083995819092,0.05742448051162376,0.04140483677576958,0.07019810938730268,0.0,37.98965199611811,137.46222865187246,21,35483,750000,0.0003,35684.40625,112.33378601074219,-0.42523664236068726,77918784.0,40750.81640625,740001,40000.0,-20739054.516636945,,,,,,,
4.873568477630616,0.10422285802494304,-0.007032577175192102,0.09151382179156912,0.0,25.77185853648556,50.29579552637492,21,35556,752000,0.0003,30898.853515625,103.94548034667969,0.302562415599823,73661952.0,41034.25,742001,40000.0,-20739054.516636945,,,,,,,
-0.7450232791900633,0.06665353339858206,-0.010268687567473957,0.1019602603446619,0.0,32.95822666291079,102.98312778486851,21,35629,754000,0.0003,32545.998046875,109.1081314086914,-0.16012665629386902,118223824.0,42818.70703125,744001,40000.0,-20739054.516636945,,,,,,,
5.275393060684204,0.08358119780747068,-0.02095307188992931,0.10266011982217625,0.0,29.984444027043732,90.51087392668974,21,35703,756000,0.0003,30329.158203125,114.04692077636719,0.1636868715286255,135918624.0,56337.0078125,746001,40000.0,-20739054.516636945,,,,,,,
0.29034831237792924,-0.041825008278141,-0.05940343110223421,0.09046950570505043,0.0,37.27019541214442,123.44252877347077,21,35777,758000,0.0003,26439.37890625,100.21156311035156,0.1912919580936432,101063168.0,38453.74609375,748001,40000.0,-20739054.516636945,,,,,,,
7.092459926605223,0.11235504675745962,0.1292565402267815,0.11316225395453297,0.0,66.09697238861604,57.38625650694421,21,35850,760000,0.0003,33200.8125,94.71160888671875,-0.695283830165863,88940536.0,42418.85546875,750001,40000.0,-19946455.985469736,,,,,,,
-3.1804215888977034,-0.17435487163761298,-0.19356950345799664,-0.9661966834405364,0.0,1151.2498988729262,-39.40989402711664,21,35924,762000,0.0003,39193.46484375,100.18590545654297,-0.7604648470878601,85019056.0,33508.63671875,752001,40000.0,-19946455.985469736,,,,,,,
-10.106131711959817,-0.6661113702552669,-0.4429368341203522,-0.6744072509299407,0.0,824.4520041376444,-473.40839067865676,21,35998,764000,0.0003,30889.671875,102.428466796875,-0.09074879437685013,105511808.0,37118.09765625,754001,40000.0,-19946455.985469736,,,,,,,
6.3688825721740585,-0.6798516138168947,0.4440168673818403,-0.37321841947107315,0.0,465.1059166728513,-456.8862177449088,21,36072,766000,0.0003,40050.71875,103.362548828125,-0.5644657611846924,60568632.0,44634.5078125,756001,40000.0,-19946455.985469736,,,,,,,
6.907734745025631,0.12336745567114327,0.41070967800998087,-0.17535438082312146,0.0,233.9831269372463,-33.332600868315645,21,36145,768000,0.0003,33442.59375,102.80494689941406,0.4976446032524109,75138232.0,27813.962890625,758001,40000.0,-19946455.985469736,,,,,,,
-3.84208008956909,0.13824008068807866,-0.03713478617497685,-0.042247379283186295,0.0,191.7671234816783,84.367726348719,21,36219,770000,0.0003,35906.56640625,101.0920181274414,-0.18178275227546692,115220944.0,41037.05859375,760001,40000.0,-19946455.985469736,,,,,,,
-1.018224546432495,0.05537754721788313,-0.17891463203574315,-0.045403037686184186,0.0,66.11916636737631,17.68735941764843,21,36293,772000,0.0003,40365.93359375,99.69881439208984,-0.14912572503089905,85288768.0,56154.9765625,762001,40000.0,-19946455.985469736,,,,,,,
2.005805553436278,0.12370767922770391,0.12160259509663462,-0.014603988411433186,0.0,28.363501282207004,55.67737269615079,21,36366,774000,0.0003,36033.44921875,107.63139343261719,0.002490617334842682,91524880.0,35755.13671875,764001,40000.0,-19946455.985469736,,,,,,,
-4.6056443843841555,0.2561731668448052,-0.015116711779302495,0.0015947534023950322,0.0,83.90957281729477,108.99455267363578,21,36439,776000,0.0003,34436.37890625,91.030029296875,-0.07433916628360748,101238832.0,50404.0625,766001,40000.0,-19946455.985469736,,,,,,,
4.222982511520384,0.0859686183679296,-0.03252117886150677,0.006064468339323702,0.0014999999999999966,45.69290585049278,32.87562967470099,21,36513,778000,0.0003,36638.12109375,98.82465362548828,0.24855540692806244,145543824.0,51164.390625,768001,40000.0,-19946455.985469736,,,,,,,
0.877957214355468,0.116506516359632,-0.09939972810020486,0.03893730961217231,0.0,26.60343705495383,71.64823208736968,21,36586,780000,0.0003,37397.515625,98.38948822021484,0.30719584226608276,91477696.0,34555.69140625,770001,40000.0,-19946455.985469736,,,,,,,
-0.12482957077026487,-0.12128160851544598,0.035478791715398576,0.029971539487852864,0.0,52.30513566289702,117.07423123029169,21,36660,782000,0.0003,39671.9375,100.21514892578125,-0.2302226573228836,87171232.0,30955.455078125,772001,40000.0,-19946455.985469736,,,,,,,
5.499466920852661,0.11639998683361982,0.09054465976178565,0.014769721547998178,0.0,19.395747427905736,-4.461079639882174,21,36733,784000,0.0003,46559.9765625,103.87036895751953,0.31037959456443787,82059488.0,56294.66015625,774001,40000.0,-19946455.985469736,,,,,,,
-0.054758171081543336,0.04210311027597958,-0.13707953097786915,0.03323381731137814,0.0,23.587176718069166,106.56745442205953,21,36806,786000,0.0003,40137.80078125,98.95050048828125,-0.43765920400619507,96934912.0,35231.4921875,776001,40000.0,-19946455.985469736,,,,,,,
1.1666136169433594,0.06508947923258755,0.07285106112912011,0.02141730856291597,0.0025,37.97407903953189,60.463576917175665,21,36883,788000,0.0003,40946.34375,105.28832244873047,-0.705820620059967,75794384.0,40043.70703125,778001,40000.0,-19946455.985469736,,,,,,,
2.815916740417477,0.12609407060928107,0.06554167688252799,0.02245727743234478,0.0,12.114424626276111,64.13371823807098,21,36957,790000,0.0003,38413.89453125,98.89469909667969,-0.179762065410614,82065144.0,40910.94140625,780001,40000.0,-19946455.985469736,,,,,,,
-2.2721421127319337,0.15608294666135858,-0.08776187746513546,0.03331360108263052,0.0025,49.98729248203061,162.58115805874297,21,37032,792000,0.0003,47081.578125,96.13908386230469,-0.2498367577791214,100488160.0,74483.3984375,782001,40000.0,-19946455.985469736,,,,,,,
5.149679977416987,0.09952132285969367,0.08630299467355758,0.04264002798735335,0.0,47.0390662003961,-2.825212159210069,21,37106,794000,0.0003,39287.16015625,98.56289672851562,-0.40059909224510193,100654704.0,30168.048828125,784001,40000.0,-19946455.985469736,,,,,,,
-1.7832492008209224,0.18306726501118475,0.016511982369945985,0.06373621396427519,0.0,18.875098284817362,53.185502251032716,21,37180,796000,0.0003,39908.8515625,101.35734558105469,0.43359237909317017,71443608.0,43587.52734375,786001,40000.0,-19946455.985469736,,,,,,,
4.613725204467781,0.09529129655451614,-0.03061553637484893,0.08131791084714372,0.0,77.1520648815291,71.47893216061671,21,37255,798000,0.0003,35498.37890625,99.00690460205078,0.09696947038173676,90276584.0,44090.91796875,788001,40000.0,-19946455.985469736,,,,,,,
0.6529187755584717,0.14275837983446613,-0.004628086785963759,0.09292912829809626,0.0,23.084625464916435,49.83702452205661,,,800000,0.0003,42221.9296875,106.2215347290039,0.11242832243442535,129995696.0,64230.26953125,790000,,,0.021546875000000014,0.0,40000.0,-17538.013523943737,2844.1307821684954,0.0048125000000000025,0.0
,,,,,,,20,38488,800000,0.0003,35537.875,106.22994232177734,0.22234630584716797,115873488.0,45630.2109375,790001,40000.0,-19297471.81337835,,,,,,,
-5.79657552528381,-0.5015539298260747,-0.7129868746203339,-0.5261183171026687,0.0,958.3414907174739,-515.9592618969616,20,38562,802000,0.0003,31608.025390625,99.85639190673828,0.2652888000011444,79454968.0,26515.208984375,792001,40000.0,-19297471.81337835,,,,,,,
9.958034563064581,-0.2848497429235124,0.663211175678156,-0.22331205807415158,0.0,438.3775368978133,-552.1418514447388,20,38635,804000,0.0003,32412.37890625,97.71686553955078,-0.39646005630493164,68935328.0,32759.24609375,794001,40000.0,-19297471.81337835,,,,,,,
19.528980449676514,0.25968011518747064,0.2830963419000942,0.15939785590251285,0.0,212.21238151820228,53.849441138005204,20,38709,806000,0.0003,34068.140625,91.59017181396484,-0.4527207314968109,95426160.0,33920.5,796001,40000.0,-19297471.81337835,,,,,,,
2.282577352523802,0.17263715080088746,-0.09940213972680297,0.19502649480648693,0.0,112.88687629316335,68.3837962346074,20,38782,808000,0.0003,37141.5390625,92.9467544555664,0.14405521750450134,90937072.0,29274.7578125,798001,40000.0,-19297471.81337835,,,,,,,
19.079625598907466,0.2710441026489444,-0.06625772682953175,0.3737070499345947,0.0,282.5879591001556,64.87154450175065,20,38855,810000,0.0003,39951.07421875,102.64981842041016,-0.8070135712623596,79854104.0,43160.57421875,800001,40000.0,-19297471.81337835,,,,,,,
8.598849695205688,0.11561151829925123,0.09822386556871844,0.3209316494222644,0.0,168.36838111194552,305.3989152379993,20,38928,812000,0.0003,40997.05859375,90.03958129882812,-0.7272446751594543,74957168.0,26210.376953125,802001,40000.0,-19297471.81337835,,,,,,,
5.820665155410769,0.12948173721593922,-0.11065350359870336,0.3828250275321155,0.0,235.08375807621476,23.40005598979474,20,39001,814000,0.0003,40125.09375,101.46348571777344,0.2669238746166229,98578792.0,29502.87890625,804001,40000.0,-19297471.81337835,,,,,,,
4.005504520416254,0.0872312056699536,0.07934873973166309,0.37092031557620003,0.0,306.89930053392936,18.384827088819403,20,39075,816000,0.0003,36709.60546875,93.41983032226562,0.6226423978805542,96355896.0,55511.26171875,806001,40000.0,-19297471.81337835,,,,,,,
3.0681660709381067,0.06626443641095157,-0.14043418736664645,0.3737077621492056,0.0,280.65652112831907,47.93843153113594,20,39148,818000,0.0003,37252.90234375,94.39631652832031,-0.5484250783920288,74093328.0,56207.1875,808001,40000.0,-19297471.81337835,,,,,,,
2.500711395263673,0.09293508599945949,0.02201687501738265,0.37714398128553694,0.0,267.1297918025067,115.2947849802247,20,39222,820000,0.0003,42660.36328125,89.51769256591797,-0.39798498153686523,45408664.0,20627.263671875,810001,40000.0,-19297471.81337835,,,,,,,
4.286995744705186,0.05975100379636969,0.017344330883987888,0.3723564422012319,0.0,279.749314386479,224.10450626246748,20,39296,822000,0.0003,46086.71875,84.96826934814453,-0.2950093746185303,85028912.0,38584.0390625,812001,40000.0,-19297471.81337835,,,,,,,
1.3185641670227064,0.07543318720645206,-0.020815305982957385,0.36422713935243994,0.0,249.78097328504785,141.1833488314175,20,39371,824000,0.0003,44876.9140625,91.95548248291016,-0.07414239645004272,97665200.0,38382.63671875,814001,40000.0,-19297471.81337835,,,,,,,
1.658623895645143,0.06132027830807773,0.026193738513150027,0.3458669622684961,0.0,248.35478367081302,-12.688825930313048,20,39444,826000,0.0003,42441.328125,92.465087890625,-0.03170637786388397,85493616.0,42533.765625,816001,40000.0,-19297471.81337835,,,,,,,
4.813859111785884,0.07603428013980223,-0.10767249162398333,0.3471409155022888,0.0,245.96305448662565,282.5267156015146,20,39518,828000,0.0003,48149.22265625,85.22171020507812,-0.7705691456794739,71959760.0,32919.01171875,818001,40000.0,-19297471.81337835,,,,,,,
-0.2834925556182859,-0.00820940527079157,0.08688173195240496,0.28457720904335865,0.0,161.65267805795224,114.7342455130634,20,39592,830000,0.0003,51975.2265625,91.46704864501953,-0.00804300606250763,81785360.0,36193.41796875,820001,40000.0,-19297471.81337835,,,,,,,
14.891857776641807,0.2293299681924039,0.11097294081965277,0.3776001787026092,0.0,312.82983124218083,-171.4226985597674,20,39666,832000,0.0003,49422.89453125,88.63367462158203,-0.4791082739830017,63005844.0,27945.658203125,822001,40000.0,-19297471.81337835,,,,,,,
4.202385316848751,0.09841001096722894,-0.10773010247188049,0.3325939275216938,0.0,250.7531465146078,33.16244963281646,20,39740,834000,0.0003,48274.1640625,87.30098724365234,0.5991465449333191,67123032.0,23551.623046875,824001,40000.0,-19297471.81337835,,,,,,,
2.343054946899411,0.08571806472429909,-0.033008059977661354,0.3014460644398513,0.0,205.56617992246765,106.61625451294059,20,39815,836000,0.0003,50817.6171875,89.679443359375,-0.09820540994405746,84573112.0,48329.82421875,826001,40000.0,-19297471.81337835,,,,,,,
2.8072735900878936,0.05131499797397112,-0.019556425701691933,0.3025151434271784,0.0,276.6766199831353,363.4304639082671,21,39891,838000,0.0003,47965.49609375,87.64372253417969,0.15622754395008087,83069784.0,33037.359375,828001,40000.0,-19297471.81337835,,,,,,,
1.135236707687378,0.019633151647636484,0.10516701613544649,0.27473197553173195,0.0,146.26255752204048,233.71814591936788,21,39966,840000,0.0003,49170.03125,87.66725158691406,0.5213969349861145,69679520.0,41857.28125,830001,40000.0,-18924698.076089524,,,,,,,
-5.290810649871828,-0.6734443479280654,-0.6284474990252927,-0.6006455597805612,0.0,902.9671474269445,-559.8142714186027,21,40041,842000,0.0003,48308.44140625,85.47370910644531,-0.22995643317699432,65398752.0,30295.705078125,832001,40000.0,-18924698.076089524,,,,,,,
-1.3310388164520224,-0.6351085622554046,0.3077270116990009,-0.405504654021562,0.0,369.03102793408976,-261.26198813413856,21,40116,844000,0.0003,49329.4375,93.06166076660156,0.1032702699303627,98586032.0,32918.71484375,834001,40000.0,-18924698.076089524,,,,,,,
-9.525247434616096,-0.5041237599135743,-0.1605967117267964,-0.3851003026528337,0.0,387.80742797507037,109.13378580503635,21,40191,846000,0.0003,49434.32421875,91.64137268066406,-0.3526875674724579,78943904.0,37171.69921875,836001,40000.0,-18924698.076089524,,,,,,,
-12.60568343353271,-0.4474229144527299,0.06904222708985092,-0.4285704748232278,0.0,465.97110372869116,-197.53971684661246,21,40267,848000,0.0003,46585.140625,91.69307708740234,0.2791602313518524,86780448.0,30178.2109375,838001,40000.0,-18924698.076089524,,,,,,,
0.8606760978698742,-0.28647418943347247,0.40510179830139603,-0.17111477668851932,0.0,173.6599298948758,-114.62789827255604,21,40342,850000,0.0003,54006.84765625,87.47024536132812,0.0900711715221405,88953528.0,40027.5,840001,40000.0,-18924698.076089524,,,,,,,
-11.756927198410024,-0.2253076920761097,-0.11525062261834008,-0.03242307009731271,0.0,120.22059949858416,68.44661812782094,21,40416,852000,0.0003,53466.47265625,84.11089324951172,-0.032258354127407074,86352848.0,41645.2890625,842001,40000.0,-18924698.076089524,,,,,,,
-2.2451393737792977,-0.07167578684053706,0.16110026211975073,-0.08258457211387775,0.0,66.8630807731631,98.44022005616822,21,40490,854000,0.0003,50964.99609375,92.659912109375,0.5644646286964417,89756208.0,133990.5,844001,40000.0,-18924698.076089524,,,,,,,
1.852191566467284,0.027763909389932066,0.13530332380270646,-0.06502439089764817,0.0,90.82540967804785,241.19742034654385,21,40564,856000,0.0003,50878.4296875,90.85193634033203,0.2195773422718048,105214256.0,34339.24609375,846001,40000.0,-18924698.076089524,,,,,,,
4.3697455387115465,0.18749727105918942,-0.10457961472824305,0.11365183019539515,0.0,51.44117242273819,-175.22129631375918,21,40638,858000,0.0003,46230.0390625,91.27913665771484,-1.0028482675552368,70901648.0,36344.28125,848001,40000.0,-18924698.076089524,,,,,,,
0.47557668685913185,0.07877827282383633,0.04347663303314957,0.1083306870994546,0.0,82.43519368377365,111.0294225859751,21,40713,860000,0.0003,47134.890625,85.96160888671875,0.7477974891662598,75178416.0,40171.16015625,850001,40000.0,-18924698.076089524,,,,,,,
6.196174282073976,0.12308816923992658,-0.12136247655537699,0.17494599334543198,0.0,59.247580584640744,99.62496422404985,21,40787,862000,0.0003,45900.6171875,86.56603240966797,1.1270065307617188,95061120.0,32064.37109375,852001,40000.0,-18924698.076089524,,,,,,,
1.3630887184143072,0.008486299607141128,0.09629743856834452,0.16599530837306123,0.0,61.30153189015841,57.10464727816083,21,40862,864000,0.0003,54841.1640625,81.30121612548828,-0.7593410611152649,74068952.0,48251.3359375,854001,40000.0,-18924698.076089524,,,,,,,
4.521862838745127,0.08235011505584049,-0.13736866155329547,0.19668637699506492,0.0,70.86344287785738,86.27176143899062,21,40936,866000,0.0003,55139.06640625,85.60124969482422,0.027407582849264145,81959568.0,35058.78515625,856001,40000.0,-18924698.076089524,,,,,,,
0.8192804622650116,-0.0061391002581957935,0.13350054816232546,0.1900866813515361,0.0,75.80609362316491,107.76824886008079,21,41011,868000,0.0003,53681.26171875,92.4580307006836,-0.641737163066864,121214304.0,40829.60546875,858001,40000.0,-18924698.076089524,,,,,,,
2.7912132320404024,0.029503946088573655,-0.12002842207133477,0.19370774672911292,0.0,64.92407550927085,71.82641360686868,21,41087,870000,0.0003,54163.55859375,87.98406219482422,0.3038807511329651,89331672.0,33914.40234375,860001,40000.0,-18924698.076089524,,,,,,,
0.3002957038879394,-0.006713606059685978,0.12991394284535174,0.19050563852959398,0.0,87.42392053888638,88.1903904989711,21,41161,872000,0.0003,51378.31640625,92.07868957519531,-0.23101669549942017,103958048.0,45450.89453125,862001,40000.0,-18924698.076089524,,,,,,,
1.3987601337432887,0.030927483671381057,-0.11780235088844868,0.18950805195786646,0.0,66.99221933111154,97.42267417610555,21,41236,874000,0.0003,54163.21875,91.87440490722656,-0.3480305075645447,128300152.0,46834.46484375,864001,40000.0,-18924698.076089524,,,,,,,
0.16229931068420184,-0.007660603982927252,0.04856603155735362,0.18018453796364828,0.0,60.25821134579684,83.73053461780353,21,41310,876000,0.0003,47719.90625,87.24855041503906,0.3879104256629944,81249984.0,27768.919921875,866001,40000.0,-18924698.076089524,,,,,,,
0.3448299026489263,-0.027703383289322345,-0.0645235725743684,0.1613262486013583,0.0,56.07648810343001,126.83950999176518,21,41385,878000,0.0003,45809.6875,88.92051696777344,0.3280598223209381,60617772.0,34224.81640625,868001,40000.0,-18924698.076089524,,,,,,,
-0.981123746871952,-0.02448076024862407,0.07080088985432564,0.1521713474515256,0.0,51.01385019006378,36.000200792002204,21,41459,880000,0.0003,51810.84765625,87.76073455810547,-0.32646864652633667,54271348.0,20787.5078125,870001,40000.0,-18371992.315462954,,,,,,,
4.019018430709838,0.07991626534237617,0.38623667199007505,-0.915921491618692,0.0,1196.8729519972608,-141.0704714702162,21,41533,882000,0.0003,50617.26171875,89.71336364746094,-0.5865656137466431,87543088.0,37052.8203125,872001,40000.0,-18371992.315462954,,,,,,,
-4.3201288108825775,0.5260073088401844,-0.45511788716680573,-0.38637295519226705,0.0,781.6701461924263,-689.9930223259516,21,41607,884000,0.0003,46481.921875,91.06519317626953,-0.3475760817527771,81561408.0,44104.92578125,874001,40000.0,-18371992.315462954,,,,,,,
-1.6830780162811296,-0.03487191833648828,0.15654396616578103,-0.4118257090637943,0.0,246.17062297980974,59.269158254285415,21,41681,886000,0.0003,45970.578125,94.40257263183594,0.3516154885292053,91450560.0,42390.953125,876001,40000.0,-18371992.315462954,,,,,,,
4.494752876281737,0.24170504067689352,0.09246885892825689,-0.371567151652915,0.0,195.066143388818,24.776222931805155,21,41755,888000,0.0003,44628.1640625,93.95390319824219,-0.5830576419830322,64155288.0,40555.31640625,878001,40000.0,-18371992.315462954,,,,,,,
9.102157779693623,0.2861161700425283,-0.21034993115695333,-0.18220007176339295,0.0,191.70247628605313,-18.47337865314672,21,41829,890000,0.0003,46057.92578125,94.09966278076172,-0.7403244376182556,74671392.0,28163.00390625,880001,40000.0,-18371992.315462954,,,,,,,
0.29844011306762624,-0.005755264662024214,0.09063504473080403,-0.15244238751071362,0.0,73.2508639555351,8.847338827424995,21,41904,892000,0.0003,43364.5625,96.77900695800781,0.3023774325847626,87642112.0,35677.08984375,882001,40000.0,-18371992.315462954,,,,,,,
4.8692174949646,0.171207973522488,0.08767375487513288,-0.11662615210502586,0.0,65.61990553681132,18.655035800258865,21,41978,894000,0.0003,42748.45703125,98.15495300292969,-0.5131129026412964,50067296.0,24776.205078125,884001,40000.0,-18371992.315462954,,,,,,,
-1.455016353607177,0.18809157264699317,-0.09926907336539537,-0.07182992774306628,0.0,38.11631776296004,101.24520250159641,21,42052,896000,0.0003,40849.32421875,91.68079376220703,-0.20177072286605835,80891800.0,37583.99609375,886001,40000.0,-18371992.315462954,,,,,,,
-8.77014362716676,-0.156903433122972,-0.06563638742330836,-0.049495579222007445,0.0,195.0481708743155,38.97576571684917,21,42126,898000,0.0003,45402.69921875,94.56444549560547,-0.39139264822006226,97555736.0,52881.14453125,888001,40000.0,-18371992.315462954,,,,,,,
-1.0125340213775635,-0.09740160417885055,0.0016584459842324398,-0.1954704097799552,0.0,82.99148293166839,135.70605770198864,,,900000,0.0003,40868.15234375,94.10697174072266,-0.550434947013855,107846336.0,48045.6796875,890000,,,0.021546875000000014,0.0,40000.0,-17110.91601849269,3602.083745337312,0.0,0.0
,,,,,,,20,43365,900000,0.0003,42881.640625,94.11065673828125,-0.8764657974243164,74276208.0,37448.64453125,890001,40000.0,-18371992.315462954,,,,,,,
2.663748746871947,0.07555415729808916,0.16084900909393188,-0.20996682132519187,0.0,113.01477691522538,30.316157864134038,20,43440,902000,0.0003,41087.953125,92.9780044555664,-0.670985221862793,92317952.0,34778.16015625,892001,40000.0,-18371992.315462954,,,,,,,
-0.03904582786560002,0.23042525916464754,-0.04183561806039303,-0.1351326871493119,0.0,52.835765509960346,-1.60398841971582,20,43514,904000,0.0003,41094.73828125,91.14299774169922,0.018656205385923386,94064352.0,93836.5234375,894001,40000.0,-18371992.315462954,,,,,,,
-9.030043720245358,-0.134761508386953,-0.2734435148470956,-0.06847555033855315,0.0,123.31101664185167,87.65578583820347,20,43588,906000,0.0003,41355.50390625,96.23104095458984,0.6516768932342529,96575168.0,37851.08984375,896001,40000.0,-18371992.315462954,,,,,,,
-0.9765439128875724,-0.18750626827012523,0.10986921235405138,-0.07600513368054088,0.0,42.64476685759125,24.188445784511217,20,43662,908000,0.0003,31685.515625,95.831787109375,0.00824427604675293,57518096.0,34905.88671875,898001,40000.0,-18371992.315462954,,,,,,,
1.3068679141998305,0.04617580782817395,0.13417144845228474,-0.08236701264397556,0.0,46.72567101473473,69.02710429942901,20,43736,910000,0.0003,34106.50390625,92.35092163085938,-0.2531994581222534,63204140.0,33034.40625,900001,40000.0,-18371992.315462954,,,,,,,
4.747668233871458,0.1743681553633953,0.016992479142698913,-0.06077258993159492,0.0,43.231769508074166,46.95746360464218,20,43810,912000,0.0003,33491.140625,88.3680191040039,-0.6461015939712524,58206104.0,25273.603515625,902001,40000.0,-18371992.315462954,,,,,,,
-2.0480717163085913,0.18051442612254773,0.03596265106630783,-0.044651172113081165,0.0,26.58299983806593,91.39808203853816,20,43883,914000,0.0003,33557.7734375,86.70594787597656,0.12128978967666626,53223744.0,24455.869140625,904001,40000.0,-18371992.315462954,,,,,,,
3.014447257995605,0.09123458731940524,-0.21240238197410888,-0.061339334707374016,0.0,87.39854731092419,563.536038612643,20,43957,916000,0.0003,37223.08203125,87.52961730957031,0.6516849994659424,129936240.0,35439.90625,906001,40000.0,-18371992.315462954,,,,,,,
-1.208624820709231,-0.1353620180559133,0.052451378217000404,-0.0025574983059994975,0.0,48.69966858325179,-337.3568765296308,20,44030,918000,0.0003,36807.9296875,93.57069396972656,0.5383597612380981,55981072.0,30285.41796875,908001,40000.0,-18371992.315462954,,,,,,,
-3.9767423686981203,0.13305298822953268,0.17861206785802972,-0.027542457646699908,0.005999999999999986,57.9001826537107,0.6342486302884754,20,44104,920000,0.0003,38999.171875,92.47408294677734,0.41241997480392456,89936368.0,51420.109375,910001,40000.0,-17896699.02208109,,,,,,,
-5.378226581573481,-0.03612536061691085,-0.7321266024186516,-0.5312890450895432,0.0,942.5892513845383,-531.5270769379025,20,44179,922000,0.0003,35595.30859375,89.35567474365234,-0.18449431657791138,87160560.0,43114.65234375,912001,40000.0,-17896699.02208109,,,,,,,
11.007831052780132,-0.20722593834422345,0.5335289055679604,-0.24894181381097,0.0,493.4778493161483,-382.8353218511961,20,44253,924000,0.0003,36201.90234375,87.77399444580078,0.3014847934246063,91630832.0,62093.546875,914001,40000.0,-17896699.02208109,,,,,,,
-0.778396198272705,-0.04966258367135505,0.29061974984097894,-0.15222990205701098,0.0,101.71058308250299,86.90181817894266,20,44327,926000,0.0003,40888.9765625,83.56034088134766,0.6244709491729736,89250280.0,36461.1875,916001,40000.0,-17896699.02208109,,,,,,,
2.4515598411560044,0.19401969081199127,0.043329048057607886,-0.06362785664906054,0.0,47.50222267317634,-153.3771020471012,20,44402,928000,0.0003,38997.046875,89.95156860351562,-0.21058893203735352,64974164.0,22303.876953125,918001,40000.0,-17896699.02208109,,,,,,,
-0.5056645126342795,0.1528147700268632,-0.14820747063664613,-0.0664946675979825,0.0,42.36550804882706,260.58385172920737,20,44476,930000,0.0003,43041.7734375,88.0350112915039,-0.6068116426467896,87179192.0,36546.859375,920001,40000.0,-17896699.02208109,,,,,,,
-5.281277523040768,-0.11202748003794084,-0.05382692463670893,-0.08235660916157148,0.0,184.91474542578428,-101.04221011607106,20,44551,932000,0.0003,37887.14453125,82.86553192138672,-0.147190123796463,62222552.0,27298.7421875,922001,40000.0,-17896699.02208109,,,,,,,
0.3719437751770027,-0.16658475395429007,-0.004264775119077546,-0.10763731831860132,0.0,44.33768803488757,46.96209066349582,20,44626,934000,0.0003,39368.89453125,84.657958984375,0.32144731283187866,55559312.0,31858.1171875,924001,40000.0,-17896699.02208109,,,,,,,
4.511877473831175,0.0649344515332274,0.23962035975417845,-0.06874128943861249,0.0,80.53572209994192,81.69381118386592,20,44701,936000,0.0003,37697.9140625,85.73246002197266,-0.11895336210727692,65996128.0,37159.93359375,926001,40000.0,-17896699.02208109,,,,,,,
0.5982389831542967,0.13552932304019638,-0.0727738727033483,-0.0016224298884808489,0.0,32.09902862528302,88.89216489694032,20,44776,938000,0.0003,39945.16015625,85.00616455078125,-0.16881360113620758,74400672.0,83074.9921875,928001,40000.0,-17896699.02208109,,,,,,,
-3.691233743667601,0.18381253365946754,0.03084932244501998,-0.01861513434678774,0.0,12.671238476976603,2.6194051974664982,20,44851,940000,0.0003,40228.66015625,86.79054260253906,-0.1587499976158142,55601052.0,26441.75390625,930001,40000.0,-17896699.02208109,,,,,,,
-4.180262556076048,0.19887151507352455,-0.0791254193821049,-0.021147910191248575,0.0,37.012304562438096,157.93711408260856,20,44926,942000,0.0003,44423.53125,80.29933166503906,-0.8779428601264954,46347272.0,34711.85546875,932001,40000.0,-17896699.02208109,,,,,,,
5.223083129882811,0.09614350026723958,0.07296238580796732,0.007998144709981421,0.0,40.134533968743646,-16.044575975016926,20,45001,944000,0.0003,37860.67578125,78.9149398803711,0.32193198800086975,56165512.0,28512.765625,934001,40000.0,-17896699.02208109,,,,,,,
-0.0809192886352559,0.17504833392468186,0.06143418120129512,0.06319076121311434,0.0,49.98926445423481,78.49863740637252,20,45076,946000,0.0003,42349.6953125,82.85371398925781,-0.46086615324020386,108875088.0,39878.04296875,936001,40000.0,-17896699.02208109,,,,,,,
1.2611653594970673,0.11078974426744594,-0.14019280430799524,0.05955654771368823,0.0,81.07929767194459,225.50282253422583,20,45151,948000,0.0003,36256.44921875,92.56531524658203,0.3976115584373474,70017088.0,29573.46484375,938001,40000.0,-17896699.02208109,,,,,,,
3.5589272251129223,0.12189272274047884,-0.0430292203371613,0.11204892991649337,0.0,45.834217718218305,-42.5338787756475,21,45226,950000,0.0003,39961.8671875,86.6552734375,0.34432172775268555,64305748.0,46573.9296875,940001,40000.0,-17896699.02208109,,,,,,,
3.5572844562530492,0.11557980329997358,0.12827128900814733,0.12308354903715212,0.0,86.88874505170199,106.12283753964105,21,45301,952000,0.0003,37402.47265625,87.2372817993164,-0.022514283657073975,104099296.0,50928.09375,942001,40000.0,-17896699.02208109,,,,,,,
5.835626461029043,0.12375155559154435,-0.10144348453890016,0.1007953807606078,0.0,24.41655780014999,54.453423564958165,21,45377,954000,0.0003,37025.62109375,78.11204528808594,0.4036708474159241,73899856.0,33304.6171875,944001,40000.0,-17896699.02208109,,,,,,,
-0.011122129440307731,0.11207318289852956,0.06257431768242423,0.09006788081839942,0.0,83.67266637489377,117.36944184515694,21,45452,956000,0.0003,39107.94921875,78.25020599365234,0.6014916300773621,82105184.0,39507.12109375,946001,40000.0,-17896699.02208109,,,,,,,
6.222927692413319,0.09098700556810271,-0.037730811477793495,0.05455892171315282,0.0,11.443009222341384,44.321847863620945,21,45527,958000,0.0003,39307.29296875,84.3147201538086,-0.9086077809333801,63919640.0,44860.859375,948001,40000.0,-17896699.02208109,,,,,,,
-2.4304806156158403,0.12148541132105418,0.06610438400086174,0.041509284783090954,0.085,70.07135741298912,174.67424436192925,21,45603,960000,0.0003,46183.26171875,82.48392486572266,-0.03541329503059387,81375632.0,27545.5546875,950001,40000.0,-17362891.823322754,,,,,,,
-5.884860017776489,0.01716163004037707,-0.7399967537460133,-0.5491133630601218,0.0,943.176067396165,-544.0406225251752,21,45678,962000,0.0003,45678.3984375,80.62606811523438,0.1951323002576828,82229248.0,41978.44140625,952001,40000.0,-17362891.823322754,,,,,,,
11.050854679107653,0.09171358318125596,0.4182207071289573,-0.30046515427329396,0.0,526.2770079789829,-263.91310820749754,21,45753,964000,0.0003,44873.33203125,82.93486785888672,0.20721736550331116,61864928.0,24213.7421875,954001,40000.0,-17362891.823322754,,,,,,,
-18.78990948295594,-0.4453082197139075,0.07144214828633233,-0.25871783770440887,0.0,185.64975994717952,-157.63708398327978,21,45828,966000,0.0003,44455.31640625,78.5140380859375,-0.3013862073421478,63328184.0,30312.42578125,956001,40000.0,-17362891.823322754,,,,,,,
-1.2743977928161627,-0.366185566485602,-0.021325681001508914,-0.33502231380676384,0.0,186.41946510916492,26.04740617366451,21,45904,968000,0.0003,44227.99609375,82.94526672363281,-0.7415996789932251,67150616.0,30281.7578125,958001,40000.0,-17362891.823322754,,,,,,,
-7.635475860595709,-0.212886749715223,0.09694190174667221,-0.4485790296289887,0.0,350.9995778882861,230.82329757668492,21,45979,970000,0.0003,41539.58984375,81.966064453125,0.6818682551383972,52236236.0,28876.71484375,960001,40000.0,-17362891.823322754,,,,,,,
-14.885053756713846,-0.4749380212827102,-0.11230518941961352,-0.3542682885164588,0.0,282.224089752426,-126.02525504563651,21,46054,972000,0.0003,42275.01953125,83.9854507446289,-0.13955186307430267,92041904.0,28488.62109375,962001,40000.0,-17362891.823322754,,,,,,,
-2.954063629150388,-0.45114756066369976,-0.06310008196748013,-0.3927227993157328,0.0,257.6221479151186,-10.31865599084381,21,46129,974000,0.0003,39985.625,87.57157135009766,0.24490207433700562,109634080.0,42065.67578125,964001,40000.0,-17362891.823322754,,,,,,,
-11.976797313690193,-0.42118016046178547,-0.03704025326748323,-0.49374058475593074,0.0,389.01236263191936,181.07333292105685,21,46204,976000,0.0003,36349.875,84.42386627197266,0.7312564849853516,69840496.0,32812.05859375,966001,40000.0,-17362891.823322754,,,,,,,
-11.162049552917487,-0.5836303430032131,0.10319812395135734,-0.43182377489435037,0.0,376.4682265971337,-36.50708680527027,21,46278,978000,0.0003,39692.30078125,81.31005096435547,-0.5312930345535278,74959024.0,42157.11328125,968001,40000.0,-17362891.823322754,,,,,,,
-9.315440361022954,-0.3946848231961283,0.04034924890526251,-0.5066002702141761,0.0,363.2706106857547,49.50732976535078,21,46353,980000,0.0003,36274.6796875,77.79827880859375,0.6041675806045532,63769008.0,30933.705078125,970001,40000.0,-17362891.823322754,,,,,,,
-10.065513833999658,-0.5116467374419897,-0.24460989195053595,-0.48141285167776215,0.0,406.92393561090927,-72.56709728879848,21,46426,982000,0.0003,41690.23828125,81.33021545410156,-0.12259110808372498,88387184.0,27297.99609375,972001,40000.0,-17362891.823322754,,,,,,,
-5.114642871856705,-0.6313397513978121,0.1564065759438242,-0.37522609348372316,0.0,315.0635055147731,-120.30689542617432,21,46500,984000,0.0003,39404.72265625,85.01345825195312,0.4230293333530426,78429520.0,29571.119140625,974001,40000.0,-17362891.823322754,,,,,,,
-13.840574548721303,-0.46187575547060883,0.09364388533999785,-0.3736346664429989,0.0,251.47195538268227,162.57315581536923,21,46574,986000,0.0003,39405.828125,83.94701385498047,-0.09106355905532837,68573824.0,49952.8203125,976001,40000.0,-17362891.823322754,,,,,,,
-12.172234949111942,-0.5221098451123166,-0.21589770667437974,-0.4352459147715894,0.0,359.8435817122671,-44.57272283567383,21,46648,988000,0.0003,39983.55859375,78.23464965820312,-0.27435871958732605,56581000.0,30452.40625,978001,40000.0,-17362891.823322754,,,,,,,
-4.645761646270754,-0.502065773380136,0.13579250639816295,-0.44114254218747284,0.0,338.73997327312304,6.707973526241121,21,46722,990000,0.0003,42472.67578125,79.12957000732422,-0.4760587811470032,48734600.0,69868.1328125,980001,40000.0,-17362891.823322754,,,,,,,
-13.964881963729853,-0.4321894325074266,-0.015840243662764448,-0.4922120726148216,0.0,377.73416106000843,155.09758360618576,21,46795,992000,0.0003,39999.671875,87.0680160522461,0.31915488839149475,81421320.0,37428.87109375,982001,40000.0,-17362891.823322754,,,,,,,
-11.013613647460941,-0.6703391632803053,-0.0876030745740455,-0.4224598780199988,0.0,391.70968191373447,-50.74493811675459,21,46868,994000,0.0003,42248.3359375,78.74788665771484,-0.17697548866271973,91768728.0,51669.015625,984001,40000.0,-17362891.823322754,,,,,,,
-7.044657070159914,-0.5354210071032527,0.05864016574576137,-0.4041765621630824,0.0,302.4496208108185,-64.25082909360813,21,46942,996000,0.0003,42518.921875,87.18067932128906,0.027172952890396118,78678416.0,59696.99609375,986001,40000.0,-17362891.823322754,,,,,,,
-10.607587337493918,-0.5036128786014139,-0.10089790183182062,-0.5115840299815347,0.0,477.16093658885524,96.00160515445151,21,47015,998000,0.0003,43652.359375,86.75313568115234,0.0952945351600647,61868352.0,32956.2890625,988001,40000.0,-17362891.823322754,,,,,,,
-8.680352334976188,-0.6557440221356443,0.11713030459781405,-0.4257881458242093,0.0,388.7211521559757,-137.82368026883464,,,1000000,0.0003,38079.26953125,79.6233139038086,0.3091362714767456,60636192.0,22917.818359375,990000,,,0.021546875000000014,0.0,40000.0,-13809.130976747612,4408.542600595574,0.0038437500000000017,0.0
,,,,,,,20,48227,1000000,0.0003,39090.3203125,79.6168212890625,-0.04888682812452316,70580880.0,24840.53515625,990001,40000.0,-17260284.165655483,,,,,,,
