rollout/acrobot_xk_applied_torque,rollout/acrobot_xk_elbow_norm,rollout/acrobot_xk_elbow_rate_norm,rollout/acrobot_xk_energy_error_norm,rollout/acrobot_xk_homoclinic_capture,rollout/acrobot_xk_lyapunov,rollout/acrobot_xk_lyapunov_rate,time/fps,time/time_elapsed,time/total_timesteps,train/learning_rate,train/actor_loss,train/alpha,train/critic_loss,train/fraction,train/n_updates,rollout/ep_len_mean,rollout/ep_rew_mean,eval/best_strict_capture_mean_max_duration,eval/best_strict_capture_success_rate,eval/mean_ep_length,eval/mean_reward,eval/std_reward,eval/strict_capture_mean_max_duration,eval/strict_capture_success_rate
-0.043434168031563254,0.025083762206939513,-0.12367192780202467,-0.9666819712872258,0.0,1178.992703126436,11.812855509736556,2145,0,2000,0.0003,,,,,,,,,,,,,,
-0.22709800355078202,-0.03541809056807101,0.04985064705988795,-0.9559915465386374,0.0,1173.9704228917974,97.2101078914028,2155,1,4000,0.0003,,,,,,,,,,,,,,
0.11313019442255615,0.06435111471706324,0.17216946636549857,-0.9467160617587862,0.0,1181.0932821516062,98.49299962332852,2161,2,6000,0.0003,,,,,,,,,,,,,,
-0.10788264802191463,-0.043039979195436416,0.07371335254339836,-0.9201222792356392,0.0,1217.3785005194898,-242.15892647439884,2161,3,8000,0.0003,,,,,,,,,,,,,,
0.1474166343062098,-0.08232561910636056,-0.11328239962272349,-0.9208027196785744,0.0,1241.0700900802913,484.5870227499278,1531,6,10000,0.0003,0.29924288392066956,0.05000000074505806,2922102.25,6.208348274230957,1,,,,,,,,,
1.2365069478750237,0.17593507754983445,0.013763610282426616,-0.9594106244062683,0.0,1137.9047842159096,-295.47878516392126,175,68,12000,0.0003,34840.10546875,0.05000000074505806,89764.234375,1009.6168823242188,2001,,,,,,,,,
-3.477405937314029,-0.21386620025350495,-0.32286295814882193,-0.9185356510002012,0.0,1093.4018303971886,-210.82134642350377,105,132,14000,0.0003,113329.1875,0.05000000074505806,62341.8828125,1822.2315673828125,4001,,,,,,,,,
-5.301245406866072,-0.34650362443907773,0.04210779148236706,-0.8912912741001358,0.0,991.9155428620551,36.45042424095328,81,196,16000,0.0003,189260.96875,0.05000000074505806,122121.625,2745.45166015625,6001,,,,,,,,,
-8.682097562551496,-0.518322242607775,-0.29028591194706016,-0.7737587235632608,0.0,859.3814663337497,-339.59229004909423,69,260,18000,0.0003,237529.96875,0.05000000074505806,401110.9375,2512.369140625,8001,,,,,,,,,
-5.08723293900489,-0.5747935642929692,0.07538844325469268,-0.7233630453885366,0.0,822.8293152287301,154.4613380401198,61,324,20000,0.0003,258075.265625,0.05000000074505806,812046.5,3108.117431640625,10001,,,,,,,,,
-7.734340664148345,-0.33494974297116625,0.291958889473088,-0.8913392908926029,0.0,1056.968310850586,306.4106399895387,56,388,22000,0.0003,262143.71875,0.05000000074505806,424591.5,3394.87646484375,12001,,,,,,,,,
-3.4598782670497825,-0.1892067789768143,0.028011586808382855,-0.9648559521045132,0.0,1132.7199078387623,29.521623735237675,52,453,24000,0.0003,303619.84375,0.05000000074505806,277385.375,1946.71240234375,14001,,,,,,,,,
-2.201145285964014,-0.1255155822286226,0.009474518433613152,-0.9731680639136547,0.0,1154.7311744970496,-21.855845475789103,50,517,26000,0.0003,351544.375,0.05000000074505806,372448.46875,2538.308349609375,16001,,,,,,,,,
-3.33110149085522,-0.28808068094690026,-0.2000985957234053,-0.8887292763669432,0.0,1099.3218894794365,-156.8925096263446,48,581,28000,0.0003,364759.0625,0.05000000074505806,973830.25,6819.74072265625,18001,,,,,,,,,
-7.79622443139552,-0.4094587668554146,-0.011497832846791184,-0.8815123570870508,0.0,987.0146431804212,-16.970788303497915,46,645,30000,0.0003,332133.125,0.05000000074505806,776217.3125,5079.7421875,20001,,,,,,,,,
-7.631648359298706,-0.5000221534830526,0.010376991526598567,-0.8388430628909908,0.0,931.0201207907496,23.884287197801676,45,709,32000,0.0003,352434.65625,0.05000000074505806,593039.1875,3434.3857421875,22001,,,,,,,,,
-7.470909215211869,-0.3848635794882621,0.02135014412501298,-0.9007275776999799,0.0,1026.2721999517828,22.743825419752486,43,773,34000,0.0003,386831.625,0.05000000074505806,526828.5625,3362.3896484375,24001,,,,,,,,,
-7.083571731448177,-0.4116064159341872,-0.07158227295459765,-0.885138686075563,0.0,1007.8336567443996,-79.42103646815207,43,837,36000,0.0003,398046.625,0.05000000074505806,692458.875,3903.393310546875,26001,,,,,,,,,
-9.834455278515827,-0.6443833870398767,-0.0932365382287108,-0.7419434521348877,0.0,807.7884850468611,-124.1870138052714,42,901,38000,0.0003,397570.6875,0.05000000074505806,493181.8125,2937.86328125,28001,,,,,,,,,
-7.706289001107218,-0.6651846847080577,-0.02368844382933223,-0.7335056322065123,0.0,784.7747739763084,-36.05986876042046,41,965,40000,0.0003,410319.0625,0.05000000074505806,765494.75,5068.408203125,30001,40000.0,-41772766.200327,,,,,,,
-0.2558582556247706,-0.0018218931189650516,-0.0290170817636626,-0.9852432745150561,0.0,1170.3157618104437,4.769172448656173,40,1030,42000,0.0003,431987.71875,0.05000000074505806,1019116.0625,2521.479736328125,32001,40000.0,-41772766.200327,,,,,,,
-4.542965345382696,-0.2468034267835799,-0.4472613618016255,-0.8950176375965039,0.0,1131.1816092705958,-364.11281669119205,40,1094,44000,0.0003,423344.75,0.05000000074505806,3083732.5,6287.3291015625,34001,40000.0,-41772766.200327,,,,,,,
-6.926747947931291,-0.6325068261236709,0.11104349457396871,-0.7588193582045747,0.0,843.6289617101389,129.37160935733883,39,1159,46000,0.0003,351304.65625,0.05000000074505806,1208906.0,3874.030029296875,36001,40000.0,-41772766.200327,,,,,,,
-5.816080069541938,-0.37820102410622125,-0.06975987459636371,-0.8256918972260888,0.0,1099.3562347455845,-150.20252518246463,39,1224,48000,0.0003,386888.90625,0.05000000074505806,612479.8125,3277.11181640625,38001,40000.0,-41772766.200327,,,,,,,
-5.573387315273282,-0.46604545714425166,0.35086746862322044,-0.806455216488759,0.0,932.0862989792578,604.9379203780909,38,1288,50000,0.0003,423547.6875,0.05000000074505806,1232038.25,4270.4697265625,40001,40000.0,-41772766.200327,,,,,,,
0.21852915704250378,0.02133822856379225,0.050597287900056465,-0.9607147559898191,0.0,1164.8989746333602,-239.5072199339243,38,1353,52000,0.0003,412057.28125,0.05000000074505806,769853.75,3738.574462890625,42001,40000.0,-41772766.200327,,,,,,,
-1.7621440410614018,-0.06558283191318419,-0.03588938589078168,-0.9674947637368326,0.0,1127.1022527449502,-13.142381578137446,38,1417,54000,0.0003,412976.6875,0.05000000074505806,515041.625,2452.05224609375,44001,40000.0,-41772766.200327,,,,,,,
-6.6777631330490115,-0.2918709247476782,-0.30821947246387343,-0.8902822450713225,0.0,1028.335807217044,-263.1017529458122,37,1482,56000,0.0003,444858.3125,0.05000000074505806,358473.5625,2388.922607421875,46001,40000.0,-41772766.200327,,,,,,,
-4.46688338935376,-0.12116403787584445,-0.42858878409299384,-0.5899725691829097,0.0,751.4773808509026,-40.64198801893592,37,1547,58000,0.0003,478938.3125,0.05000000074505806,669837.625,2341.552734375,48001,40000.0,-41772766.200327,,,,,,,
8.919655261635775,0.4925066912818514,-0.4421385512366831,-0.7414310647773859,0.0,1453.4275554817705,1287.6471015348034,37,1613,60000,0.0003,510431.75,0.05000000074505806,682071.0,4185.92724609375,50001,40000.0,-41772766.200327,,,,,,,
-1.2618301832675938,-0.07543278519014938,-0.2289991478655108,-0.9595321514446291,0.0,1418.5396461847877,260.1755496541576,36,1679,62000,0.0003,536035.0,0.05000000074505806,8835184.0,5051.615234375,52001,30245.5,-52141814.2438265,,,,,,,
-3.5001743495464335,-0.2452313423477586,-0.1472777571819168,-0.9369300978148648,0.0,1110.6102400249706,-89.57560167453762,36,1745,64000,0.0003,554321.0625,0.05000000074505806,3950960.0,11048.0302734375,54001,30245.5,-52141814.2438265,,,,,,,
-8.402246947288509,-0.40969560350664835,-0.11511477626783001,-0.8888874620298014,0.0,1011.0304382907191,-130.39846562748008,36,1811,66000,0.0003,568662.25,0.05000000074505806,4013541.25,11843.9130859375,56001,30245.5,-52141814.2438265,,,,,,,
-7.137895363569258,-0.546928447831905,0.07629361685619013,-0.8110449296614247,0.0,894.0667619061829,59.74092581419642,36,1878,68000,0.0003,588364.8125,0.05000000074505806,21281436.0,12879.572265625,58001,30245.5,-52141814.2438265,,,,,,,
-7.07455687582493,-0.37176553471325685,0.005085803561267517,-0.8859901937319417,0.0,996.3837844959559,-19.886277588326102,35,1945,70000,0.0003,593215.6875,0.05000000074505806,4613870.0,9427.435546875,60001,30245.5,-52141814.2438265,,,,,,,
-8.903196811676047,-0.5847715862512822,-0.14223290465361707,-0.7571578256114657,0.0,811.96292087386,-172.71713079218028,35,2013,72000,0.0003,603902.125,0.05000000074505806,9757838.0,9237.572265625,62001,30245.5,-52141814.2438265,,,,,,,
-2.1971182405948686,-0.21204538299215492,0.4131394603808124,-0.8278223572618801,0.0,968.9941248173789,174.9152857993096,35,2081,74000,0.0003,618513.0625,0.05000000074505806,7350616.5,15484.7529296875,64001,30245.5,-52141814.2438265,,,,,,,
-5.424188063144682,-0.33481458446537254,-0.30113936011977466,-0.7606070754290704,0.0,811.227427280199,-262.653544227077,35,2150,76000,0.0003,617597.75,0.05000000074505806,2606520.25,8594.7197265625,66001,30245.5,-52141814.2438265,,,,,,,
-6.2806817263364785,-0.3129545675964485,0.25095070039518336,-0.7597687349732285,0.0,835.1176534265267,202.6382474609923,35,2219,78000,0.0003,623619.25,0.05000000074505806,10187671.0,17714.083984375,68001,30245.5,-52141814.2438265,,,,,,,
-3.7512824952602424,-0.1672603222048855,-0.14671338157389777,-0.8437875995803833,0.0,894.4101244793625,-25.551116507269935,34,2288,80000,0.0003,628721.5625,0.05000000074505806,11008948.0,20071.021484375,70001,30245.5,-52141814.2438265,,,,,,,
-5.461991646885872,-0.35039421862819375,0.008829809422804955,-0.7348240988193099,0.0,755.6959742090579,-117.25722442271261,34,2358,82000,0.0003,624706.0625,0.05000000074505806,12390062.0,26024.2890625,72001,30245.5,-52141814.2438265,,,,,,,
-3.0910475659370404,-0.23296039372877986,0.10448256093963651,-0.7927694343529987,0.0,796.6945606088649,52.071596676661834,34,2428,84000,0.0003,630720.5,0.05000000074505806,5340931.5,10508.26953125,74001,30245.5,-52141814.2438265,,,,,,,
-4.9855837994813905,-0.18975191394066937,-0.11028241395050452,-0.7833543671906572,0.0,760.1910992427339,-88.7726326760926,34,2499,86000,0.0003,648728.6875,0.05000000074505806,3999329.75,9273.841796875,76001,30245.5,-52141814.2438265,,,,,,,
-9.902329021096238,-0.5419259531704443,-0.1880057716888745,-0.615444556462369,0.0,586.1262133649079,-111.16285617442341,34,2571,88000,0.0003,666470.625,0.05000000074505806,12645452.0,32350.263671875,78001,30245.5,-52141814.2438265,,,,,,,
-4.126948059797283,-0.3380892941341308,0.24043258454409913,-0.6676788134525391,0.0,610.4441301729439,15.927975807037548,34,2643,90000,0.0003,669188.3125,0.05000000074505806,13551122.0,36477.7421875,80001,30245.5,-52141814.2438265,,,,,,,
-6.630339224934574,-0.3401832130389762,-0.19562293808816647,-0.6249341110774909,0.0,556.5781060278437,-156.4788605030462,33,2715,92000,0.0003,682515.3125,0.05000000074505806,5812302.0,10425.724609375,82001,30245.5,-52141814.2438265,,,,,,,
-9.811124598979942,-0.43634089311655894,0.3143556985545805,-0.556399417679482,0.0,586.0213493874014,209.37824772062407,33,2788,94000,0.0003,670230.3125,0.05000000074505806,5305501.0,8088.08447265625,84001,30245.5,-52141814.2438265,,,,,,,
5.446062371134758,0.1460331947130938,0.19303722416413643,-0.682189451803373,0.0,604.8710049011887,-74.77933888573985,33,2860,96000,0.0003,658308.3125,0.05000000074505806,31629492.0,43447.60546875,86001,30245.5,-52141814.2438265,,,,,,,
-2.4115972328186044,-0.06048134989329975,-0.4683397733278949,-0.6309550493436975,0.0,614.7781770815442,-151.7131595863995,33,2932,98000,0.0003,631680.75,0.05000000074505806,33657608.0,44404.3828125,88001,30245.5,-52141814.2438265,,,,,,,
-3.4236436808109203,-0.16898708921582786,0.38930968928131093,-0.6385259878118379,0.0,643.6744700548701,210.55757911593383,,,100000,0.0003,603089.4375,0.05000000074505806,20845040.0,11038.5615234375,90000,,,0.0,0.0,40000.0,-36092.449911721276,2995.680366819875,0.0,0.0
,,,,,,,24,4114,100000,0.0003,599914.0625,0.05000000074505806,25731746.0,19476.9453125,90001,30245.5,-52141814.2438265,,,,,,,
1.3585060518980039,0.04247103878394845,0.014661162451387419,-0.88472640114633,0.0,957.4726125560181,27.43472906753283,24,4184,102000,0.0003,575690.8125,0.05000000074505806,34946760.0,47134.03515625,92001,33497.0,-45339787.55388134,,,,,,,
-2.067966798543932,-0.06421143157347552,-0.2867510879319292,-0.9018762252529781,0.0,1060.085214446389,-173.07642366823006,24,4256,104000,0.0003,548105.0625,0.05000000074505806,33922688.0,37422.078125,94001,33497.0,-45339787.55388134,,,,,,,
-2.9719023656845023,-0.20340999012006528,0.23145548237439176,-0.8754029979409437,0.0,973.9274040904936,122.78656025210978,24,4327,106000,0.0003,529593.1875,0.05000000074505806,20061528.0,17113.076171875,96001,33497.0,-45339787.55388134,,,,,,,
1.828366324305532,0.08340500266048846,0.13994129088321222,-0.8952739897028145,0.0,975.183093871806,-65.46685346731171,24,4399,108000,0.0003,493728.8125,0.05000000074505806,16282078.0,24753.6640625,98001,33497.0,-45339787.55388134,,,,,,,
2.545266830325126,0.19784269742270297,0.012701807956492665,-0.8775513750155493,0.0,940.5284379619992,-0.2577536810994624,24,4471,110000,0.0003,476787.5625,0.05000000074505806,21377376.0,20547.533203125,100001,33497.0,-45339787.55388134,,,,,,,
4.1575110673904385,0.17445212900521562,-0.004666347670682048,-0.8883523060113282,0.0,964.4478057010765,13.9025112936706,24,4542,112000,0.0003,470459.59375,0.05000000074505806,30253442.0,21577.18359375,102001,33497.0,-45339787.55388134,,,,,,,
4.3686967927217415,0.23127475861453653,0.0022217928632540084,-0.8682298471473319,0.0,932.7425831033644,-23.4631904220691,24,4614,114000,0.0003,448486.0625,0.05000000074505806,15676493.0,29596.876953125,104001,33497.0,-45339787.55388134,,,,,,,
-1.9044375228881858,-0.06726495270561669,-0.11704030044180135,-0.8291220480999949,0.0,969.0466623634012,-34.13788919738098,24,4686,116000,0.0003,428523.28125,0.05000000074505806,16082082.0,11241.1728515625,106001,33497.0,-45339787.55388134,,,,,,,
2.5495095789432525,0.05769473188650053,0.03199108626580233,-0.8553177116795199,0.0,884.0482197658166,13.117859022192906,24,4758,118000,0.0003,416441.125,0.05000000074505806,14602878.0,24549.73046875,108001,33497.0,-45339787.55388134,,,,,,,
0.3623738181591058,0.08302295050519716,-0.13678445406629944,-0.8325600420682854,0.0,871.9422993757581,7.665675683973981,24,4830,120000,0.0003,428059.625,0.05000000074505806,10033552.0,11286.822265625,110001,33497.0,-45339787.55388134,,,,,,,
-0.2737763524055474,-0.047632210433402725,0.14270743948128106,-0.8116337534782467,0.0,851.9691598893834,-79.2762259431917,24,4902,122000,0.0003,410244.3125,0.05000000074505806,11917280.0,11882.6923828125,112001,33497.0,-45339787.55388134,,,,,,,
5.256250547170636,0.2025946600412231,0.12223443053334744,-0.7979855523598354,0.0,788.4726754967442,-88.22550001491253,24,4973,124000,0.0003,411571.375,0.05000000074505806,20707372.0,24098.232421875,114001,33497.0,-45339787.55388134,,,,,,,
0.3005004513263696,0.029044144629449164,-0.2744933692354076,-0.7601489011349548,0.0,806.4956465480067,-13.641476704140635,24,5045,126000,0.0003,400286.84375,0.05000000074505806,19118768.0,25136.81640625,116001,33497.0,-45339787.55388134,,,,,,,
5.45285148620605,0.2762471485408783,0.4567641968358708,-0.6476138699935133,0.0,658.0380574347993,-310.47825772399574,25,5117,128000,0.0003,351327.71875,0.05000000074505806,22768970.0,22215.35546875,118001,33497.0,-45339787.55388134,,,,,,,
9.962930907011021,0.617173824773726,-0.12855188916393498,-0.4598572037892532,0.0,484.98995275626686,371.58099276716234,25,5188,130000,0.0003,326945.75,0.05000000074505806,37284360.0,31945.041015625,120001,33497.0,-45339787.55388134,,,,,,,
1.0173923087120067,0.060426258823280024,-0.1264685967696616,-0.655576687848101,0.0,619.4690522607685,-278.71344013401784,25,5260,132000,0.0003,293626.15625,0.05000000074505806,23801724.0,21851.783203125,122001,33497.0,-45339787.55388134,,,,,,,
5.249612830877301,0.23048061468914638,0.10237031604681068,-0.6162800010494718,0.0,479.96616494684434,-57.30147941669311,25,5331,134000,0.0003,275787.1875,0.05000000074505806,29326676.0,22267.8515625,124001,33497.0,-45339787.55388134,,,,,,,
9.52500541567802,0.37894598155168996,0.0035027600975085795,-0.5073366438075618,0.0,370.7972160904678,-140.00486352775278,25,5402,136000,0.0003,258414.4375,0.05000000074505806,45836672.0,19476.49609375,126001,33497.0,-45339787.55388134,,,,,,,
1.3184447622299182,0.16714086995113916,-0.09229723220094009,-0.44980210020432815,0.0,272.3680401138928,-67.34486440977064,25,5473,138000,0.0003,243047.296875,0.05000000074505806,23857956.0,14369.1748046875,128001,33497.0,-45339787.55388134,,,,,,,
4.289602238535881,0.3591311733891061,0.2030247635946082,-0.316456562687709,0.0,194.92653192551447,-81.98160436312367,25,5543,140000,0.0003,253208.328125,0.05000000074505806,20977704.0,19570.83203125,130001,33497.0,-45339787.55388134,,,,,,,
0.8616424030065539,0.17015025685980922,0.15282634173846352,-0.7884631408674064,0.0,881.8548888449675,-8.329016322137273,25,5614,142000,0.0003,248518.171875,0.05000000074505806,28912096.0,22394.689453125,132001,35122.75,-41477788.23373251,,,,,,,
3.3774839794635776,0.15335984953800808,-0.03744925252682087,-0.9483321413006828,0.0,1088.0402221793017,21.6532061555551,25,5684,144000,0.0003,237589.203125,0.05000000074505806,22145104.0,18231.94140625,134001,35122.75,-41477788.23373251,,,,,,,
-0.2299856030941006,0.005945349130464746,-0.14491344207308707,-0.9601621970930058,0.0,1116.9130179355827,-6.420463406313832,25,5754,146000,0.0003,212735.765625,0.05000000074505806,15996466.0,18942.3359375,136001,35122.75,-41477788.23373251,,,,,,,
-1.0402408176660543,-0.057488114060232035,0.08095815240050547,-0.9570084661003463,0.0,1105.0623876602137,14.740003629784391,25,5824,148000,0.0003,201804.5,0.05000000074505806,26368336.0,18705.11328125,138001,35122.75,-41477788.23373251,,,,,,,
1.2453752779960636,0.04672806591099421,-0.03161108570041586,-0.954646446363205,0.0,1100.3344545947953,-5.504785656349436,25,5895,150000,0.0003,187863.546875,0.05000000074505806,29040918.0,21537.138671875,140001,35122.75,-41477788.23373251,,,,,,,
-2.380355212092401,-0.08956979548975001,-0.0645077123702344,-0.9496419103877892,0.0,1088.7448791942882,-27.57240334049208,25,5965,152000,0.0003,167960.609375,0.05000000074505806,18685812.0,15019.236328125,142001,35122.75,-41477788.23373251,,,,,,,
-0.6733884191513038,-0.05914224164009021,0.08475542134275911,-0.9490213388252877,0.0,1087.190377467076,5.218761107456157,25,6035,154000,0.0003,161577.625,0.05000000074505806,22625876.0,21350.76171875,144001,35122.75,-41477788.23373251,,,,,,,
-0.669984012842178,-0.03866902120371467,-0.10097550184353442,-0.9467194762380006,0.0,1083.6400630697967,-26.456694165395106,25,6104,156000,0.0003,155856.8125,0.05000000074505806,16753922.0,21268.26953125,146001,35122.75,-41477788.23373251,,,,,,,
-2.8554485535621654,-0.13138370913802566,0.05634006457746928,-0.9362442222261603,0.0,1063.5017770754619,47.47710013002351,25,6174,158000,0.0003,162554.984375,0.05000000074505806,14260192.0,16754.8984375,148001,35122.75,-41477788.23373251,,,,,,,
0.08852539539337195,-0.019550512127709592,-0.024748051098662266,-0.9472262516290997,0.0,1086.3970394551404,-15.713744030485387,25,6244,160000,0.0003,161048.296875,0.05000000074505806,12891727.0,8817.966796875,150001,35122.75,-41477788.23373251,,,,,,,
-3.1697245377302226,-0.15928164697411995,-0.043162388723954115,-0.9363048912608634,0.0,1064.9531062197705,-20.34927977210635,25,6314,162000,0.0003,165835.578125,0.05000000074505806,13191760.0,12535.2802734375,152001,35122.75,-41477788.23373251,,,,,,,
-1.3160618394613224,-0.055001856054904555,0.13778301094298576,-0.9512616722535207,0.0,1096.863585801398,28.74202266270884,25,6383,164000,0.0003,153493.625,0.05000000074505806,19921756.0,28732.96484375,154001,35122.75,-41477788.23373251,,,,,,,
0.03345370888710146,-0.022715426606554366,-0.11432164206331455,-0.9563202749659946,0.0,1106.6353524059482,2.0963177399034945,25,6453,166000,0.0003,150554.84375,0.05000000074505806,15548740.0,12040.7138671875,156001,35122.75,-41477788.23373251,,,,,,,
-2.7599860841035797,-0.11988053137152624,0.03293288417673717,-0.9537030706435797,0.0,1100.0228727251115,14.777987238435891,25,6522,168000,0.0003,164051.609375,0.05000000074505806,11754887.0,10422.033203125,158001,35122.75,-41477788.23373251,,,,,,,
-0.11478358030319151,-0.011124788690934882,0.04492050880997181,-0.9644119039917206,0.0,1121.6979328973043,20.02453437667345,25,6592,170000,0.0003,193281.625,0.05000000074505806,11222758.0,12646.9443359375,160001,35122.75,-41477788.23373251,,,,,,,
-1.1154216569662085,-0.07737392715809675,-0.04299481032717541,-0.9663176589909735,0.0,1126.7921663476645,-5.643176234604287,25,6661,172000,0.0003,162046.0,0.05000000074505806,24708984.0,14743.095703125,162001,35122.75,-41477788.23373251,,,,,,,
-1.1874045062065128,-0.03611304933539733,0.0671535038176569,-0.9715130471748264,0.0,1136.2070502942474,14.10643785704445,25,6730,174000,0.0003,173271.234375,0.05000000074505806,13645732.0,10631.32421875,164001,35122.75,-41477788.23373251,,,,,,,
1.0975766134262086,0.04300845302932025,-0.022719386651679763,-0.9734056433417339,0.0,1141.3631963043745,25.499444011100476,25,6800,176000,0.0003,212560.640625,0.05000000074505806,18871508.0,16881.76953125,166001,35122.75,-41477788.23373251,,,,,,,
-0.7844309937953939,-0.04400616008448878,-0.015140292202303656,-0.9769877986932269,0.0,1149.135622376694,-15.97795358960331,25,6869,178000,0.0003,163564.09375,0.05000000074505806,11201087.0,8166.40771484375,168001,35122.75,-41477788.23373251,,,,,,,
0.15577076613903035,0.021370947174854674,0.06419813101591229,-0.9795212458295232,0.0,1154.2166125575804,0.030911866432068016,25,6938,180000,0.0003,185620.984375,0.05000000074505806,35440140.0,51322.359375,170001,35122.75,-41477788.23373251,,,,,,,
0.23758821427822108,0.034962109839120535,0.027601040024895145,-0.9770675408811706,0.0,1148.821935679393,19.353815491297215,25,7008,182000,0.0003,196197.375,0.05000000074505806,17341568.0,18982.9453125,172001,36098.2,-42038108.65046561,,,,,,,
0.8288798820972455,0.0122526008765009,-0.08413871447126052,-0.977556241154526,0.0,1155.857149021088,9.486644915535374,25,7077,184000,0.0003,208652.296875,0.05000000074505806,16702111.0,10592.953125,174001,36098.2,-42038108.65046561,,,,,,,
-1.0517283266782769,-0.0434348464216043,0.03277545868388438,-0.9818048857390618,0.0,1158.3355124256625,6.7651566392163165,26,7147,186000,0.0003,245691.203125,0.05000000074505806,17644712.0,8968.6748046875,176001,36098.2,-42038108.65046561,,,,,,,
0.45874451577663433,0.03251369587358836,0.04178042799600554,-0.9843069950771974,0.0,1166.6729082942247,4.8381207401553485,26,7216,188000,0.0003,236796.125,0.05000000074505806,18873538.0,24700.201171875,178001,36098.2,-42038108.65046561,,,,,,,
2.8376080226898193,0.12685849810262792,0.14827237462959764,-0.9695034683456545,0.0,1144.830173751372,-84.02749147637635,26,7286,190000,0.0003,216184.8125,0.05000000074505806,18534552.0,14389.4638671875,180001,36098.2,-42038108.65046561,,,,,,,
-3.676255704164505,-0.22574343059692575,-0.5209171891598844,-0.861129741810677,0.0,1138.8288616598852,-200.89015877242943,26,7355,192000,0.0003,226702.625,0.05000000074505806,31550084.0,16431.521484375,182001,36098.2,-42038108.65046561,,,,,,,
-1.1312067729234694,-0.04435794616810908,0.445873452621558,-0.8768997467590492,0.0,1135.1815667893413,297.85497931822624,26,7424,194000,0.0003,174873.46875,0.05000000074505806,50793068.0,37657.578125,184001,36098.2,-42038108.65046561,,,,,,,
-2.6449348610639483,-0.25980844874220377,-0.44059523701563313,-0.8657181290357133,0.0,1032.4943503820225,-323.5441983178315,26,7492,196000,0.0003,109690.203125,0.05000000074505806,56459476.0,27498.5625,186001,36098.2,-42038108.65046561,,,,,,,
-1.1682635629177132,-0.09245112301431037,0.6297843181386993,-0.8705420662861205,0.0,1095.7584250587672,118.43197611976656,26,7560,198000,0.0003,31860.419921875,0.05000000074505806,68477672.0,26226.900390625,188001,36098.2,-42038108.65046561,,,,,,,
8.322611069083203,0.3795620363157476,0.5473710211013694,-0.5118640547090634,0.0,676.1074438807356,-142.74606063406677,,,200000,0.0003,17305.9609375,0.05000000074505806,60017032.0,29558.45703125,190000,,,0.03514062500000002,0.0,40000.0,-101659.5219969987,73409.67565082785,0.03514062500000002,0.0
,,,,,,,22,8757,200000,0.0003,20448.251953125,0.05000000074505806,62415176.0,24347.666015625,190001,36098.2,-42038108.65046561,,,,,,,
-19.45015679657458,-0.6428758520380388,-0.15971121519810436,-0.582531544180201,0.0,1118.7380731427108,-106.29369016081387,22,8824,202000,0.0003,30041.662109375,0.05000000074505806,46073432.0,21535.046875,192001,36098.2,-42038108.65046561,,,,,,,
-0.5240361541509656,0.39138243416962565,-0.4816258766670203,-0.019606779485335738,0.0,320.77512409312646,-667.1094128461735,22,8891,204000,0.0003,8495.5615234375,0.05000000074505806,43997264.0,35863.7890625,194001,36098.2,-42038108.65046561,,,,,,,
8.616625571846967,0.1924225501196429,-0.2818460123573541,-0.13776329052486525,0.0,123.2273929930336,59.38232665039579,22,8959,206000,0.0003,24377.279296875,0.05000000074505806,55998272.0,33818.5703125,196001,36098.2,-42038108.65046561,,,,,,,
-3.20450163662434,-0.3662575177985869,-0.3664535863476046,-0.20620048262702761,0.0,154.50591468552133,226.26859043501568,23,9026,208000,0.0003,31666.01953125,0.05000000074505806,35283132.0,21184.974609375,198001,36098.2,-42038108.65046561,,,,,,,
-9.323826239705085,-0.42247396133400633,0.4321810911070055,-0.40261861703068613,0.0,465.74470543672226,213.4252368950426,23,9094,210000,0.0003,39717.99609375,0.05000000074505806,30910896.0,30229.95703125,200001,36098.2,-42038108.65046561,,,,,,,
3.598975799679755,0.10521480241251395,-0.011521674294040428,-0.5817298079446412,0.0,464.2335489731372,-56.419687069402016,23,9162,212000,0.0003,52315.56640625,0.05000000074505806,16729012.0,25135.05078125,202001,36098.2,-42038108.65046561,,,,,,,
-7.984226539134983,-0.22791295883157853,-0.37891174268234734,-0.49194416513594535,0.0,430.61971956926766,-317.75524401382455,23,9229,214000,0.0003,66444.2421875,0.05000000074505806,57736756.0,38114.9921875,204001,36098.2,-42038108.65046561,,,,,,,
-5.283369431495661,-0.2406443418520842,0.6185903687614797,-0.2827797645556548,0.0,321.25636049102746,77.68586682186694,23,9297,216000,0.0003,65979.90625,0.05000000074505806,32257796.0,18163.17578125,206001,36098.2,-42038108.65046561,,,,,,,
10.6562936425209,0.3190294035545404,-0.15788134649035054,-0.32961372132486055,0.0,271.25476948959977,95.93395634009684,23,9364,218000,0.0003,55055.31640625,0.05000000074505806,18481882.0,25010.009765625,208001,36098.2,-42038108.65046561,,,,,,,
-5.003119209408761,-0.18137180822162383,-0.14593349257338709,-0.46811829406913863,0.0,371.88254561933365,85.26576377493467,23,9432,220000,0.0003,78347.7578125,0.05000000074505806,25139238.0,12896.919921875,210001,36098.2,-42038108.65046561,,,,,,,
-2.5208484995365152,-0.08154566733807847,-0.08098415872350664,-0.8912580687962588,0.0,1001.2491322860811,-37.24636962231642,23,9500,222000,0.0003,99548.0859375,0.05000000074505806,44108224.0,26688.404296875,212001,36748.5,-39935620.75081784,,,,,,,
-2.878723973035813,-0.1487829044370868,-0.05243788158184601,-0.9852851684145836,0.0,1173.4299768946105,-26.947860417937047,23,9568,224000,0.0003,132283.5,0.05000000074505806,23266676.0,19140.509765625,214001,36748.5,-39935620.75081784,,,,,,,
-3.3417016756534563,-0.19410347212041926,-0.0006956783099727241,-0.9756994645467102,0.0,1155.8863932322947,-1.6960417262090817,23,9635,226000,0.0003,142114.34375,0.05000000074505806,41179504.0,13132.1630859375,216001,36748.5,-39935620.75081784,,,,,,,
-6.766113032102586,-0.3107496274336785,-0.33321808657204965,-0.8974613697807196,0.0,1112.2406412041594,-342.7045150917193,23,9703,228000,0.0003,61804.1796875,0.05000000074505806,40078400.0,18832.65234375,218001,36748.5,-39935620.75081784,,,,,,,
-4.819047098159788,-0.585488544714641,0.2783113819904799,-0.7093166530308302,0.0,854.6264615086393,199.10461833692239,23,9771,230000,0.0003,18538.958984375,0.05000000074505806,39961976.0,13931.3583984375,220001,36748.5,-39935620.75081784,,,,,,,
-8.465478972792607,-0.46140678863668083,-0.1449067804859784,-0.8002081161012213,0.0,867.2896876970141,-172.59671165586076,23,9838,232000,0.0003,4941.076171875,0.05000000074505806,23394164.0,8923.84765625,222001,36748.5,-39935620.75081784,,,,,,,
-7.649345646500588,-0.5918397236121494,0.08989930209813478,-0.6206059911773255,0.0,696.1444410280867,-222.64863180748895,23,9906,234000,0.0003,-3224.8759765625,0.05000000074505806,46609632.0,10910.3662109375,224001,36748.5,-39935620.75081784,,,,,,,
-8.277966957688335,-0.3364138923016467,0.003891619843463297,-0.6717843040604543,0.0,591.0561002596615,-31.50726676412259,23,9974,236000,0.0003,-11895.744140625,0.05000000074505806,39617040.0,8923.61328125,226001,36748.5,-39935620.75081784,,,,,,,
-5.793778717517856,-0.3057166180408322,0.10007410903453703,-0.6696764768938626,0.0,595.1373071551209,43.20782445125993,23,10042,238000,0.0003,-14769.3232421875,0.05000000074505806,74339368.0,26289.513671875,228001,36748.5,-39935620.75081784,,,,,,,
1.401375389099122,0.05118203548909192,0.36724494498700716,-0.6958778956270776,0.0,672.0217705993551,-24.724167915293528,23,10110,240000,0.0003,-17598.255859375,0.05000000074505806,62865432.0,19267.283203125,230001,36748.5,-39935620.75081784,,,,,,,
-2.3331859445571914,-0.08439365559204615,-0.35167444930188596,-0.4967801394484778,0.0,1049.923129649832,-23.78954721210078,23,10178,242000,0.0003,-18127.951171875,0.05000000074505806,136497808.0,14313.328125,232001,36748.5,-39935620.75081784,,,,,,,
-10.59557870328427,-0.6070275956733348,-0.272077361745346,-0.31995710144079614,0.0,449.3804064514687,-200.6158008763924,23,10246,244000,0.0003,-16166.4716796875,0.05000000074505806,89682560.0,7289.9404296875,234001,36748.5,-39935620.75081784,,,,,,,
5.6558602941036265,0.11082170985160747,0.7839386627424532,-0.06124454893331914,0.0,337.4113244228082,-212.82540904253977,23,10314,246000,0.0003,-11282.1328125,0.05000000074505806,93817656.0,42609.609375,236001,36748.5,-39935620.75081784,,,,,,,
1.462374411225323,-0.053731775285675715,-0.47183089774793463,-0.37004249861197286,0.0,570.4640389392304,159.77111499963732,23,10382,248000,0.0003,-10122.833984375,0.05000000074505806,40193952.0,10043.4052734375,238001,36748.5,-39935620.75081784,,,,,,,
3.852333373427391,0.08699522399545606,0.28870599897611876,-0.4612106109783284,0.0,307.4907851882357,-101.76860295846986,23,10450,250000,0.0003,-28748.78515625,0.05000000074505806,114328048.0,18446.72265625,240001,36748.5,-39935620.75081784,,,,,,,
4.6322464716434455,0.2928221248479135,-0.006232592337176007,-0.36939869250067753,0.0,197.52081695202943,-3.1924455892827313,23,10518,252000,0.0003,-8797.2802734375,0.05000000074505806,71961552.0,30142.95703125,242001,36748.5,-39935620.75081784,,,,,,,
0.4811618632078204,-0.011489404573930053,-0.29630970109080523,-0.42561904494444747,0.0,342.53671211594883,173.898234434452,23,10586,254000,0.0003,-13892.310546875,0.05000000074505806,15812292.0,22921.6484375,244001,36748.5,-39935620.75081784,,,,,,,
-6.220261694192886,-0.09777486482161866,-0.08954687898231828,-0.4441400561711978,0.0,272.17545058313084,-160.59087068669285,24,10654,256000,0.0003,-15652.427734375,0.05000000074505806,60599148.0,12384.4560546875,246001,36748.5,-39935620.75081784,,,,,,,
-10.195637822151182,-0.5622526252378286,-0.2989424008944413,-0.04848177789205719,0.0,195.34118268075622,51.894480368765514,24,10722,258000,0.0003,-20457.76171875,0.05000000074505806,61233560.0,26129.396484375,248001,36748.5,-39935620.75081784,,,,,,,
-15.876521244049076,-0.33329341478188457,-0.10862568789492955,-0.2879498231128619,0.0,952.5888990773433,1421.8500135438733,24,10790,260000,0.0003,-26495.685546875,0.05000000074505806,44185168.0,11451.2783203125,250001,36748.5,-39935620.75081784,,,,,,,
-16.03969882786274,-0.10931409575247078,-1.5998792259028514,-0.16441497026037005,0.0,2614.2520001248326,35130.79189360532,24,10858,262000,0.0003,-33150.46875,0.05000000074505806,15735978.0,8762.2333984375,252001,37213.0,-38512912.883173294,,,,,,,
-8.888549649119367,-0.041289488635152895,-1.3144090035820206,-0.25949892065731855,0.0,1758.2154920713374,16774.86777492671,24,10925,264000,0.0003,-40465.8203125,0.05000000074505806,32156680.0,20278.712890625,254001,32795.5,-39177351.46392575,,,,,,,
-8.21582814216615,-0.08161049126050862,-1.233522822249608,-0.4391701464001483,0.0,1549.0828314977073,16080.182329660063,24,10993,266000,0.0003,-41005.40625,0.05000000074505806,15756553.0,13811.076171875,256001,29407.555555555555,-39638864.270407334,,,,,,,
7.368128087520602,0.19065719084733632,-0.09881829649806226,-0.28320477536448385,0.0,492.2685153534831,285.70369761161146,24,11061,268000,0.0003,-40047.23828125,0.05000000074505806,27635778.0,15813.9921875,258001,29407.555555555555,-39638864.270407334,,,,,,,
-7.77989391386509,-0.3742868038612961,0.6797858948543506,-0.4491866019949266,0.0,582.0986213744305,58.62113455095976,24,11129,270000,0.0003,-38246.53125,0.05000000074505806,97564912.0,9014.32421875,260001,29407.555555555555,-39638864.270407334,,,,,,,
0.12392762839794347,-0.07652171650399771,0.09210238904406859,-0.6301469992495988,0.0,594.6810805903226,-174.66543848865473,24,11196,272000,0.0003,-38061.59765625,0.05000000074505806,129445272.0,5488.794921875,262001,29407.555555555555,-39638864.270407334,,,,,,,
-2.0156712728738824,-0.10218618816351861,-0.27191034190805036,-0.5435952374067309,0.0,578.0078563008092,-118.61843123953501,24,11264,274000,0.0003,-31739.296875,0.05000000074505806,236489104.0,13287.6572265625,264001,29407.555555555555,-39638864.270407334,,,,,,,
-7.894438658952722,-0.2715908356966,-0.1310372300358207,-0.29910290584951493,0.0,611.8759515748704,299.4331903302308,24,11332,276000,0.0003,-21133.318359375,0.05000000074505806,107269104.0,9464.51171875,266001,29407.555555555555,-39638864.270407334,,,,,,,
-1.5635364216566061,-0.03154321319372048,0.5297446172967921,-0.3650054213244555,0.0,346.44251619330333,-456.6197618140814,24,11400,278000,0.0003,-10344.2373046875,0.05000000074505806,129437392.0,15467.2431640625,268001,29407.555555555555,-39638864.270407334,,,,,,,
-2.0688846457004555,-0.07124002818825687,-0.32456762354552765,-0.3951071536897942,0.0,301.5292658159833,50.906271019354655,24,11467,280000,0.0003,4383.4970703125,0.05000000074505806,123083184.0,14109.0751953125,270001,29407.555555555555,-39638864.270407334,,,,,,,
-12.383911052346226,-0.3359804259481554,-0.17204764040267534,-0.04542256591460475,0.0,664.3013642975235,751.2316550588213,24,11535,282000,0.0003,9879.5888671875,0.05000000074505806,106189680.0,24515.2578125,272001,29407.555555555555,-39638864.270407334,,,,,,,
-2.2704979038238515,0.10922097297102604,0.5596632423756492,-0.2121588694263052,0.0,288.47812523080086,-817.205130744698,24,11604,284000,0.0003,12063.9296875,0.05000000074505806,65325540.0,16534.728515625,274001,29407.555555555555,-39638864.270407334,,,,,,,
5.105470235943793,0.12066730564854142,-0.2722807286143796,-0.3968226098375776,0.0,234.56104045041738,75.42074116982428,24,11672,286000,0.0003,9020.0224609375,0.05000000074505806,26308776.0,10103.9853515625,276001,29407.555555555555,-39638864.270407334,,,,,,,
-10.143763837218291,-0.4377018530383101,-0.2988950285577835,-0.27058690429243115,0.0,331.17655323803064,298.03468622653867,24,11741,288000,0.0003,15921.6884765625,0.05000000074505806,29362700.0,19731.32421875,278001,29407.555555555555,-39638864.270407334,,,,,,,
-4.7713702541589775,-0.4135605308149573,0.005363924077400529,-0.5659661360187282,0.0,520.1602410869364,27.242381310705426,24,11809,290000,0.0003,20533.470703125,0.05000000074505806,31329440.0,15700.4736328125,280001,29407.555555555555,-39638864.270407334,,,,,,,
-10.721087910532948,-0.44041302411016175,0.04014025104792824,-0.6708024842590679,0.0,610.0207310388254,17.45863459613154,24,11877,292000,0.0003,22700.1171875,0.05000000074505806,29031304.0,15366.8232421875,282001,29407.555555555555,-39638864.270407334,,,,,,,
-8.729122900366788,-0.3593989277735765,0.025661256242191656,-0.7084485638572497,0.0,653.0148877076183,17.767397845517493,24,11946,294000,0.0003,6055.4931640625,0.05000000074505806,45210968.0,25073.142578125,284001,29407.555555555555,-39638864.270407334,,,,,,,
-7.163463568687442,-0.5479903510281346,-0.14000577425524957,-0.6401382156306978,0.0,661.1167101128464,91.91753026078997,24,12014,296000,0.0003,-2553.1767578125,0.05000000074505806,37830432.0,29739.921875,286001,29407.555555555555,-39638864.270407334,,,,,,,
-12.883065783381467,-0.6560725621306683,-0.12881627544013868,-0.6509214520450618,0.0,662.1474970733087,-166.1710870268298,24,12082,298000,0.0003,-14144.609375,0.05000000074505806,87052104.0,21393.390625,288001,29407.555555555555,-39638864.270407334,,,,,,,
-0.35118077278137083,-0.8018797605589758,0.012137517811685936,-0.5399293117636841,0.0,556.00759250102,44.065095723060764,,,300000,0.0003,-16444.5234375,0.05000000074505806,31335832.0,45131.5390625,290000,,,0.03514062500000002,0.0,40000.0,-117830.32653360211,4380.475558900739,0.0,0.0
,,,,,,,22,13288,300000,0.0003,-18655.23828125,0.05000000074505806,189948000.0,9544.087890625,290001,29407.555555555555,-39638864.270407334,,,,,,,
-13.682771037220965,-0.6321816452591213,0.10076894954277606,-0.6741695029174198,0.0,682.1729351789413,106.26002764917996,22,13354,302000,0.0003,-24032.505859375,0.05000000074505806,36192992.0,6139.89501953125,292001,29407.555555555555,-39638864.270407334,,,,,,,
-8.558614515662192,-0.7605912153707054,-0.1434222938727253,-0.5505008371371705,0.0,568.7125291486313,-222.73568152964296,22,13422,304000,0.0003,-34412.41796875,0.05000000074505806,29457196.0,10169.490234375,294001,29407.555555555555,-39638864.270407334,,,,,,,
-6.190550080537797,-0.41255665467056146,-0.5422075865734255,-0.4256918808947846,0.0,954.0700475864546,461.818773833444,22,13489,306000,0.0003,-39428.58203125,0.05000000074505806,254270144.0,14176.970703125,296001,30466.8,-37822748.477932,,,,,,,
-6.665865547657017,-0.07954460039933997,-1.3464147666984911,-0.34859166681782616,0.0,1500.2044072976832,286.58833713558727,22,13557,308000,0.0003,-40992.4765625,0.05000000074505806,220754080.0,221248.984375,298001,27877.81818181818,-38293256.49523382,,,,,,,
-0.4329180878400798,0.18157686178251725,-0.9328096652836608,-0.3349621830915453,0.0,1353.1473392294197,674.08778343632,22,13625,310000,0.0003,-46515.40625,0.05000000074505806,17884550.0,8398.35546875,300001,25781.75,-38721565.00261959,,,,,,,
-0.3503567558527078,0.12177169992170428,-0.9387886940165506,-0.2105818601540964,0.0,1067.2914441828034,-27.991013337452703,22,13693,312000,0.0003,-49455.9765625,0.05000000074505806,58608120.0,96350.40625,302001,25781.75,-38721565.00261959,,,,,,,
9.064052517414089,0.2981475048679098,0.39803155819866515,-0.16829176136970106,0.0,1138.5311422384286,-664.9679026404505,22,13761,314000,0.0003,-45190.20703125,0.05000000074505806,228379136.0,312101.375,304001,25781.75,-38721565.00261959,,,,,,,
1.391124604344369,0.2660996972936759,-0.72255636926861,-0.2609317395665724,0.0,1145.3086261227356,1126.3069754138266,22,13830,316000,0.0003,-53614.01953125,0.05000000074505806,107509760.0,18614.244140625,306001,24264.46153846154,-39342500.92873,,,,,,,
-6.383707764744751,-0.7337272567391278,-0.36459486415949166,-0.6472258332005885,0.0,778.6662973898168,-736.5833668764568,22,13898,318000,0.0003,-59774.9375,0.05000000074505806,197304416.0,32994.53515625,308001,24264.46153846154,-39342500.92873,,,,,,,
-7.2493556839227615,-0.5560424735907694,0.15088251265932492,-0.6719179875097294,0.0,817.2890514355342,23.427714846929486,22,13967,320000,0.0003,-59388.3828125,0.05000000074505806,415706784.0,120537.53125,310001,24264.46153846154,-39342500.92873,,,,,,,
-10.687417350411419,-0.65619347482309,0.005586547909559764,-0.6689780000646202,0.0,676.2863155617082,55.80853079278695,22,14035,322000,0.0003,-72072.3125,0.05000000074505806,233410528.0,173026.25,312001,24264.46153846154,-39342500.92873,,,,,,,
2.8298698222637224,0.04559793636551102,0.8829083170140606,-0.7169004651829535,0.0,1000.7627380218466,-240.85701222724956,22,14103,324000,0.0003,-123530.4765625,0.05000000074505806,477157632.0,42495.66015625,314001,24264.46153846154,-39342500.92873,,,,,,,
-3.1520662862062396,-0.029431315381677273,-0.9261138905119559,-0.4887824704033556,0.0,808.1606318768896,-169.36512698048884,23,14171,326000,0.0003,-262759.28125,0.05000000074505806,770241280.0,118725.984375,316001,24264.46153846154,-39342500.92873,,,,,,,
2.2937070113420424,0.04883990646284692,0.921544221409359,-0.5457709550492257,0.0,786.1978598544005,93.75893683690015,23,14238,328000,0.0003,-413020.5625,0.05000000074505806,1252211840.0,66725.71875,318001,24264.46153846154,-39342500.92873,,,,,,,
3.964710006117823,0.7591583734504975,0.04009986125147795,-0.24729634740398565,0.0,278.6169268120755,-134.34864406872202,23,14306,330000,0.0003,-654974.4375,0.05000000074505806,3249930752.0,385812.875,320001,24264.46153846154,-39342500.92873,,,,,,,
8.425858917832379,0.25009018386574433,0.765870860909158,0.10669778518273042,0.0,889.530253380441,2560.282718819531,23,14373,332000,0.0003,-1035666.25,0.05000000074505806,4080761344.0,409877.125,322001,24264.46153846154,-39342500.92873,,,,,,,
6.457787467241284,0.36258889215723533,0.6089980486050254,-0.8086749681793138,0.0,1143.1341756684517,-1328.6725001424918,23,14441,334000,0.0003,-1653784.625,0.05000000074505806,6931314688.0,329412.03125,324001,23723.5,-40329196.5745975,,,,,,,
6.915318158268903,-0.07514176246837165,0.9280140745494384,-0.37006827885828114,0.0,1077.2468360928085,1464.9251167066927,23,14509,336000,0.0003,-2456864.25,0.05000000074505806,7564594176.0,308334.3125,326001,22384.933333333334,-40564885.92043514,,,,,,,
7.598197219371796,0.3879376123128947,0.41068655399922427,-0.8701150516711007,0.0,1034.7470198988512,-438.2122119896195,23,14576,338000,0.0003,-3507106.75,0.05000000074505806,14604531712.0,856741.875,328001,22384.933333333334,-40564885.92043514,,,,,,,
7.838666623234771,-0.0228430544027792,0.9423145767531332,-0.3525456829488102,0.0,1073.9318146054109,1375.2495648519182,23,14644,340000,0.0003,-4831393.0,0.05000000074505806,9917646848.0,294659.875,330001,21238.875,-40796692.12318425,,,,,,,
5.595318728685378,0.2880838013746346,0.3152964060543125,-0.9343657238944231,0.0,1118.6188030189846,-289.72519993625036,23,14711,342000,0.0003,-6146475.5,0.05000000074505806,13681106944.0,223046.109375,332001,21238.875,-40796692.12318425,,,,,,,
9.351077132821082,0.13902809691153797,0.7680776698959467,-0.479559924927555,0.0,896.7240583744443,585.5571433221272,23,14779,344000,0.0003,-7816286.0,0.05000000074505806,25126131712.0,714091.625,334001,21238.875,-40796692.12318425,,,,,,,
2.2037699127197254,0.12761696968866573,0.4716120651218522,-0.8456713171677562,0.0,1266.9486148535711,861.3486882304608,23,14846,346000,0.0003,-9420838.0,0.05000000074505806,27441123328.0,349101.6875,336001,20256.823529411766,-41040757.94708077,,,,,,,
9.626221387982389,0.4484639901265811,0.22723616406882657,-0.8476152128579137,0.0,953.1939031354157,-278.500098176139,23,14914,348000,0.0003,-11283405.0,0.05000000074505806,29484048384.0,361526.125,338001,20256.823529411766,-41040757.94708077,,,,,,,
0.5503736847639078,-0.05049987002847723,0.7508113109644581,-0.517519659899306,0.0,1022.2890292262679,1048.0354770898987,23,14981,350000,0.0003,-13268516.0,0.05000000074505806,50605776896.0,723417.25,340001,20256.823529411766,-41040757.94708077,,,,,,,
0.6046597456932068,0.06684383185920884,0.3058548185269326,-0.9113165671278688,0.0,1333.3797948970096,450.0543976204243,23,15049,352000,0.0003,-15069260.0,0.05000000074505806,58687299584.0,603320.5625,342001,19472.88888888889,-41363534.46495262,,,,,,,
4.369823585152621,0.17800205513541328,0.033909282510326724,-0.9360593004198592,0.0,1066.5625502010425,-15.302987380239863,23,15116,354000,0.0003,-17711564.0,0.05000000074505806,46700576768.0,688807.6875,344001,19472.88888888889,-41363534.46495262,,,,,,,
6.356535431146622,0.39899037011345223,0.20391667913707545,-0.846313415487979,0.0,927.944493115912,-198.66784647040146,23,15183,356000,0.0003,-19570436.0,0.05000000074505806,90714177536.0,1224944.375,346001,19472.88888888889,-41363534.46495262,,,,,,,
7.587159974575039,0.4935649671940633,-0.08077027315130203,-0.8162201853541448,0.0,878.7059476782263,94.40483674924805,23,15251,358000,0.0003,-22270176.0,0.05000000074505806,154450821120.0,1664273.875,348001,19472.88888888889,-41363534.46495262,,,,,,,
11.668012228012094,0.5298648171927232,0.20568556429627546,-0.7817854097828648,0.0,846.57083866668,-270.3019465135934,23,15318,360000,0.0003,-24981128.0,0.05000000074505806,173915111424.0,1809262.5,350001,19472.88888888889,-41363534.46495262,,,,,,,
-3.080248673558249,-0.16227551756162736,0.659525976845678,-0.5541240025671605,0.0,1039.140505066637,1219.8124732698875,23,15386,362000,0.0003,-29438060.0,0.05000000074505806,190733680640.0,2105035.75,352001,19472.88888888889,-41363534.46495262,,,,,,,
-0.7637658834457415,-0.023735272406867902,0.32215761182563524,-0.9587273305920081,0.0,1589.7393078926332,490.3087979079183,23,15453,364000,0.0003,-32822244.0,0.05000000074505806,190043914240.0,1529981.0,354001,19096.842105263157,-41973171.798136055,,,,,,,
4.526098721623423,0.2747071073761378,0.14697309741948428,-0.9369467968083484,0.0,1086.6303097274726,-112.74789679419122,23,15521,366000,0.0003,-38152140.0,0.05000000074505806,229320359936.0,1840855.25,356001,19096.842105263157,-41973171.798136055,,,,,,,
7.571608244776727,0.42406431359290403,0.09323876305141456,-0.8840620389341873,0.0,997.625107359966,-102.52471305989079,23,15588,368000,0.0003,-43081448.0,0.05000000074505806,810715971584.0,6869418.5,358001,19096.842105263157,-41973171.798136055,,,,,,,
12.708533927798278,0.41573331956609844,0.49596237895311385,-0.5984768786315722,0.0,784.5335145179099,-64.35784151697173,23,15655,370000,0.0003,-48147212.0,0.05000000074505806,448712540160.0,2120822.0,360001,19096.842105263157,-41973171.798136055,,,,,,,
-3.67819944858551,-0.19720416898213963,0.6090343285126558,-0.7144318543408653,0.0,1322.980693950619,1259.0867620078538,23,15723,372000,0.0003,-53597348.0,0.05000000074505806,733062365184.0,7272285.5,362001,18556.3,-42312546.757523805,,,,,,,
5.300224286913864,0.3198342036844543,0.25539719877236927,-0.8845510445418358,0.0,1001.5703557016559,-215.0200472011063,23,15790,374000,0.0003,-58345280.0,0.05000000074505806,598089662464.0,2857809.25,364001,18556.3,-42312546.757523805,,,,,,,
8.140908368229864,0.49905562785118546,0.023066579669646897,-0.823653042155918,0.0,893.2471096563753,-24.225549314646443,23,15858,376000,0.0003,-63370372.0,0.05000000074505806,733602250752.0,5438906.5,366001,18556.3,-42312546.757523805,,,,,,,
11.560667179226892,0.2176653961205943,0.6103013218227679,-0.4769142154585691,0.0,754.5432222847295,15.96443558960822,23,15925,378000,0.0003,-69647408.0,0.05000000074505806,6089614557184.0,27356502.0,368001,18556.3,-42312546.757523805,,,,,,,
-3.3012652689218505,-0.17783521524901252,0.3210296922345745,-0.6361408629131857,0.0,1185.3874218049057,756.3657631233318,23,15993,380000,0.0003,-74824968.0,0.05000000074505806,1741588004864.0,9494013.0,370001,18047.619047619046,-42560809.00551129,,,,,,,
-4.381607223749165,-0.2682671010945299,-0.2067876766785679,-0.9139217458669231,0.0,1044.2457798264454,-142.19357993234948,23,16060,382000,0.0003,-83537312.0,0.05000000074505806,1116332621824.0,4475737.5,372001,18047.619047619046,-42560809.00551129,,,,,,,
-6.529123796224595,-0.4092329384765502,0.03861115127673756,-0.8769753255093561,0.0,975.9544312973512,45.35119125446843,23,16127,384000,0.0003,-90230656.0,0.05000000074505806,1051670413312.0,4812027.5,374001,18047.619047619046,-42560809.00551129,,,,,,,
-12.018725939989098,-0.45367893430469886,-0.2765890363517599,-0.8187049055785087,0.0,945.000389840491,-315.4164359619344,23,16195,386000,0.0003,-98068704.0,0.05000000074505806,1250680373248.0,4575850.5,376001,18047.619047619046,-42560809.00551129,,,,,,,
7.835293165445326,0.29303097408789636,-0.652020242966546,-0.5132000494843223,0.0,1141.700279781096,1003.5188064459708,23,16262,388000,0.0003,-107232792.0,0.05000000074505806,1819671134208.0,6005234.0,378001,18047.619047619046,-42560809.00551129,,,,,,,
14.486294693946835,0.37621888834388095,0.5696748217923004,-0.5686275613506592,0.0,1393.6551808691177,-794.9541847514712,23,16329,390000,0.0003,-116517200.0,0.05000000074505806,2585683034112.0,8385084.0,380001,18047.619047619046,-42560809.00551129,,,,,,,
-3.024162717461595,-0.21332647422110648,0.8204971209693295,-0.2516377238638141,0.0,423.3612470608591,-669.102650786003,23,16396,392000,0.0003,-128148944.0,0.05000000074505806,2505355821056.0,8666839.0,382001,18047.619047619046,-42560809.00551129,,,,,,,
19.79050297260282,0.686050118581539,0.23681838751607273,0.2708710635424972,0.0,473.837960089957,712.022165872509,23,16464,394000,0.0003,-138167104.0,0.05000000074505806,3186056757248.0,7624275.5,384001,18047.619047619046,-42560809.00551129,,,,,,,
-0.6129274284839703,0.14695611027157074,-0.7329877727411562,-0.12443497148375757,0.0,330.2537992503025,-327.0773819453132,23,16531,396000,0.0003,-146701504.0,0.05000000074505806,2655857934336.0,7872162.5,386001,18047.619047619046,-42560809.00551129,,,,,,,
-5.69494941353799,-0.157190212313873,0.7122258990846162,-0.03462534948967403,0.0,711.4417626186653,806.2141521215431,23,16598,398000,0.0003,-158121600.0,0.05000000074505806,3181031456768.0,9875022.0,388001,18047.619047619046,-42560809.00551129,,,,,,,
-3.843019620180148,-0.0858097781520788,0.8463630830013062,-0.4414988962294637,0.0,1774.12190938623,1800.651325971772,,,400000,0.0003,-170617312.0,0.05000000074505806,5283615604736.0,10153415.0,390000,,,0.03514062500000002,0.0,40000.0,-72432.50758743408,14103.320024039796,0.0007031250000000005,0.0
,,,,,,,22,17801,400000,0.0003,-169562240.0,0.05000000074505806,4213668577280.0,8757669.0,390001,18130.863636363636,-43272318.63195764,,,,,,,
-10.993656316995628,-0.4233121907365414,-0.5445141746853783,-0.7966339451147318,0.0,1030.5760997554178,-439.47268483837126,22,17866,402000,0.0003,-183646512.0,0.05000000074505806,2785048526848.0,10088820.0,392001,18130.863636363636,-43272318.63195764,,,,,,,
0.13925016641617133,0.2600550024646616,-0.7607457100131496,-0.406359532355338,0.0,1173.8172446648473,886.0177687202848,22,17932,404000,0.0003,-201505984.0,0.05000000074505806,3895121936384.0,8057216.0,394001,17539.91304347826,-43349975.40778326,,,,,,,
-8.51828872025013,-0.28796757412941826,-0.5169699206317975,-0.8610095033206838,0.0,1108.1846485146693,-386.2803258772754,22,17998,406000,0.0003,-212368240.0,0.05000000074505806,12681938468864.0,40841552.0,396001,17539.91304347826,-43349975.40778326,,,,,,,
-2.322774677872658,0.2501375924857064,-0.8285183289078876,-0.20207723371326886,0.0,1032.938922964614,639.3788015670342,22,18065,408000,0.0003,-232240928.0,0.05000000074505806,5241878609920.0,8661776.0,398001,16992.291666666668,-43408661.546961166,,,,,,,
-3.261770652532577,-0.09482573098666841,-0.24646114974754543,-0.9579067733185864,0.0,1155.9626349164155,11.183208642327516,22,18131,410000,0.0003,-248085248.0,0.05000000074505806,8806089097216.0,32963732.0,400001,16992.291666666668,-43408661.546961166,,,,,,,
-7.305385404825201,0.08151192768944363,-0.9599504500734679,-0.2446746797884615,0.0,913.9782331100303,12.067515950343719,22,18198,412000,0.0003,-275595520.0,0.05000000074505806,8002468839424.0,17447662.0,402001,16992.291666666668,-43408661.546961166,,,,,,,
-1.6737764084339137,-0.03448410387408838,-0.27659571457916565,-0.7745039566215722,0.0,1124.9668988033327,491.2084785676771,22,18265,414000,0.0003,-287114528.0,0.05000000074505806,10235498463232.0,14409361.0,404001,16494.92,-43466557.91861172,,,,,,,
-9.81165103793143,-0.16227725995868122,-0.7944046583515431,-0.47332866587231964,0.0,792.1495463127466,-464.83499355174223,22,18332,416000,0.0003,-316581248.0,0.05000000074505806,12576108838912.0,13791717.0,406001,16494.92,-43466557.91861172,,,,,,,
-4.451928569674496,0.2866712988182082,-0.5482464339589637,-0.16596385656445195,0.0,1007.7228626077095,910.3985213450412,22,18399,418000,0.0003,-344669600.0,0.05000000074505806,8294201556992.0,14117832.0,408001,16067.384615384615,-43525971.82483896,,,,,,,
-8.055446863174454,0.010075823988584245,-1.0468301568064604,-0.3535937317521405,0.0,1017.0276644976418,-412.1059187376194,22,18466,420000,0.0003,-370420224.0,0.05000000074505806,14400761102336.0,10672740.0,410001,16067.384615384615,-43525971.82483896,,,,,,,
-7.116648426651955,-0.2537273807712994,-0.8768679456172451,-0.4883254413047186,0.0,1118.3598850477883,-110.96522401430855,22,18533,422000,0.0003,-410396160.0,0.05000000074505806,46219510415360.0,64759840.0,412001,15579.962962962964,-43512690.63400711,,,,,,,
-6.771752012968069,0.5434356959653733,-0.43632059979683563,-0.1887372705895504,0.0,690.4842085713557,121.6235188782274,22,18601,424000,0.0003,-454583424.0,0.05000000074505806,33888032260096.0,17235970.0,414001,15579.962962962964,-43512690.63400711,,,,,,,
-5.561713919639602,0.1841857548739419,-0.4851603229781419,-0.17742592860930262,0.0,1079.7109552958757,903.9351215637448,22,18668,426000,0.0003,-494995616.0,0.05000000074505806,54187865931776.0,27157302.0,416001,15202.357142857143,-43546660.32751618,,,,,,,
-6.845297723412495,0.10699940659230427,-1.095090377643117,-0.17681865965535898,0.0,1049.0663773725605,-152.23379095359405,22,18735,428000,0.0003,-557974208.0,0.05000000074505806,96874899963904.0,25571802.0,418001,15202.357142857143,-43546660.32751618,,,,,,,
-9.281096032261841,-0.014051837914394039,-1.6209094247479725,-0.14955847659297872,0.0,1806.777439746616,1957.1579924022258,22,18802,430000,0.0003,-621106048.0,0.05000000074505806,204067921985536.0,51281920.0,420001,14325.266666666666,-43503454.067919806,,,,,,,
-16.899781606197347,-0.1614043527399978,-1.998149347452072,-0.0011774301447439438,0.0,2262.0430977471055,6125.735688182303,22,18870,432000,0.0003,-667293248.0,0.05000000074505806,416004962254848.0,58493828.0,422001,13905.677419354839,-43501045.40777119,,,,,,,
-20.0,0.02821929661927105,-2.2353153683507965,0.10043868395772976,0.0,3365.3097432109257,39924.064420137256,22,18937,434000,0.0003,-740755968.0,0.05000000074505806,695183742074880.0,59105148.0,424001,13140.939393939394,-43519641.78509318,,,,,,,
-20.0,-0.08132580733291571,-2.0696068367801597,0.14137379426277866,0.0,2588.437509040804,22499.267320249422,22,19004,436000,0.0003,-853395328.0,0.05000000074505806,985403809071104.0,67723784.0,426001,12792.0,-43528486.577733085,,,,,,,
-20.0,-0.0706614656850465,-2.1568871229917295,0.02893917214909386,0.0,3239.9680297867103,40264.061309146084,22,19071,438000,0.0003,-954192128.0,0.05000000074505806,2215934152409088.0,187849104.0,428001,12153.944444444445,-43545125.50582844,,,,,,,
-20.0,-0.037618828997946635,-2.086711545022451,0.16663258955681812,0.0,2699.7931869181266,24785.16624238298,22,19140,440000,0.0003,-984527872.0,0.05000000074505806,2298056611463168.0,103375128.0,430001,11860.054054054053,-43552293.19330954,,,,,,,
-20.0,-0.12298756372503544,-2.1471504268191177,-0.05790197059278367,0.0,3096.519830707882,34804.03747577492,23,19211,442000,0.0003,-1099178752.0,0.05000000074505806,3169144161697792.0,136950672.0,432001,11318.23076923077,-43564868.95595331,,,,,,,
-20.0,0.01196878819950168,-2.1976181965929245,0.22248657541061376,0.0,3119.4790875414824,37059.30915663021,23,19281,444000,0.0003,-1121730304.0,0.05000000074505806,4620066792407040.0,223175440.0,434001,11067.6,-43570386.0193996,,,,,,,
-20.0,-0.17878152684061932,-2.022318839550823,-0.10385381946397415,0.0,2644.135933750925,22842.169626392057,23,19352,446000,0.0003,-1245059968.0,0.05000000074505806,7712657457020928.0,349024256.0,436001,10602.42857142857,-43581165.437751405,,,,,,,
-20.0,0.05345629412761357,-2.1734934633167553,0.2063316580376617,0.0,3271.2578524696632,40931.37776274782,23,19422,448000,0.0003,-1341927296.0,0.05000000074505806,6736831223693312.0,224241488.0,438001,10179.931818181818,-43590896.31137839,,,,,,,
-20.0,-0.2085307580987735,-1.9838840210672986,-0.09738472411468121,0.0,2446.493646519859,20257.414370132206,23,19493,450000,0.0003,-1447370752.0,0.05000000074505806,9815502436171776.0,211217872.0,440001,9983.044444444444,-43595203.13821262,,,,,,,
-20.0,0.07712439392724164,-2.1906283660709156,0.16313322916677844,0.0,3293.9117393431916,40611.728701804976,23,19563,452000,0.0003,-1490960000.0,0.05000000074505806,1.1789854878728192e+16,242009168.0,442001,9613.72340425532,-43603203.70255315,,,,,,,
-20.0,-0.18515355228868297,-2.0520845922311852,-0.0063945826951922885,0.0,2502.522974844122,19905.021643043543,23,19634,454000,0.0003,-1664418432.0,0.05000000074505806,2.670727487763251e+16,905153024.0,444001,9440.208333333334,-43607409.46452806,,,,,,,
-20.0,0.05238544282818,-2.2140434763140697,0.11243130615740353,0.0,3362.055232701101,40282.36272865832,23,19704,456000,0.0003,-1749352320.0,0.05000000074505806,1.927636083277824e+16,235422000.0,446001,9113.78,-43615535.878654264,,,,,,,
-20.0,-0.15408870532506339,-1.9719873951429352,0.04104767582871684,0.0,2423.1667443058136,21721.649711932012,23,19775,458000,0.0003,-1857952640.0,0.05000000074505806,2.235130186616013e+16,280309248.0,448001,8961.235294117647,-43619459.360401005,,,,,,,
-20.0,0.012556562015133223,-2.1743415564829296,0.06801667530543938,0.0,3309.2309844091546,40889.12549495953,23,19845,460000,0.0003,-2076255232.0,0.05000000074505806,3.696207193754829e+16,1004800896.0,450001,8673.018867924528,-43626034.93407368,,,,,,,
-20.0,-0.13825608177488558,-1.9741849847958681,0.045864232096294054,0.0,2402.726917286332,20836.628273479182,23,19916,462000,0.0003,-2312742912.0,0.05000000074505806,5.984173638549504e+16,1355343744.0,452001,8536.796296296296,-43628947.33664652,,,,,,,
-20.0,-0.009138363460905703,-2.233865463057486,0.06463333962504228,0.0,3352.5647469986775,39970.772573239374,23,19986,464000,0.0003,-2372565248.0,0.05000000074505806,5.325478556178842e+16,840930752.0,454001,8278.42857142857,-43634850.95208657,,,,,,,
-20.0,-0.0825201527038069,-1.993030398964009,0.13558812361968894,0.0,2484.9595035076813,22446.37854876759,23,20057,466000,0.0003,-2672519936.0,0.05000000074505806,9.668972969669427e+16,1409433088.0,456001,8155.6140350877195,-43638159.88595957,,,,,,,
-20.0,-0.06135374832915136,-2.1502755256579467,0.019581827047851007,0.0,3250.7190580721817,41302.26165262754,23,20127,468000,0.0003,-2804561920.0,0.05000000074505806,1.091606826367058e+17,1567465600.0,458001,7924.5084745762715,-43643938.79915398,,,,,,,
-20.0,-0.087688058775737,-1.9541038125192165,0.13405714014547546,0.0,2432.9139218955547,23517.27643344683,23,20197,470000,0.0003,-2914390016.0,0.05000000074505806,1.1097795201912013e+17,901328512.0,460001,7814.65,-43646536.23232056,,,,,,,
-20.0,-0.056862379712313914,-2.1821689160326545,0.000578928714090596,0.0,3306.785368087085,40560.40003856873,23,20268,472000,0.0003,-3263943680.0,0.05000000074505806,1.2329858110377165e+17,1093969792.0,462001,7605.548387096775,-43651964.379812464,,,,,,,
-20.0,-0.04397201474360489,-2.0783155462748235,0.158747826293159,0.0,2653.037557350318,24097.87289638774,23,20338,474000,0.0003,-3599924224.0,0.05000000074505806,2.481977762596782e+17,2227668736.0,464001,7505.507936507936,-43654215.96041438,,,,,,,
-20.0,-0.1173555952594352,-2.1628585414232004,-0.039667808442062524,0.0,3145.246764141733,35738.16398518421,23,20408,476000,0.0003,-3360531968.0,0.05000000074505806,1.5443163080137114e+17,1256026752.0,466001,7314.0615384615385,-43659048.59323682,,,,,,,
-20.0,0.004297213548603873,-2.129912400575125,0.21336068721410634,0.0,2916.1146630921203,32270.83005155792,23,20478,478000,0.0003,-3894398464.0,0.05000000074505806,1.6746381570788557e+17,1489112832.0,468001,7222.924242424242,-43660996.69083505,,,,,,,
-20.0,-0.15710406098874172,-2.0381748223969844,-0.0922974782527227,0.0,2798.83603322918,29444.062035872124,23,20548,480000,0.0003,-3909316608.0,0.05000000074505806,1.995861681724457e+17,1556284032.0,470001,7049.544117647059,-43664814.112428635,,,,,,,
-20.0,0.034971837987408494,-2.2258612359561782,0.24125170204279767,0.0,3331.0550256621455,40534.81885385571,23,20618,482000,0.0003,-4183069440.0,0.05000000074505806,2.5289801666972877e+17,1107392640.0,472001,6884.671428571429,-43669140.39850459,,,,,,,
-20.0,-0.19916881568759137,-1.9645046908396682,-0.08985445250635327,0.0,2417.7472907453534,20528.233139622527,23,20688,484000,0.0003,-4621006336.0,0.05000000074505806,3.8140711465805414e+17,2998622720.0,474001,6806.352112676056,-43670895.04109726,,,,,,,
-20.0,0.062098215653495756,-2.171069341079766,0.19252354890328924,0.0,3293.1987477873145,41936.28201536356,23,20758,486000,0.0003,-4707088384.0,0.05000000074505806,3.0584984382839194e+17,2679272192.0,476001,6656.164383561644,-43674327.36999519,,,,,,,
-20.0,-0.21284153180734464,-1.9791267762738423,-0.07642448178736459,0.0,2449.793533571666,21113.33242057035,23,20828,488000,0.0003,-5077181440.0,0.05000000074505806,6.510571186898862e+17,3460056320.0,478001,6584.22972972973,-43676122.3434112,,,,,,,
-20.0,0.07696628712142084,-2.1702589781490498,0.1628472931245368,0.0,3276.0849898492725,40794.996035263415,23,20898,490000,0.0003,-5227805184.0,0.05000000074505806,5.798530205530194e+17,3043670784.0,480001,6445.565789473684,-43678982.838638365,,,,,,,
-20.0,-0.2306290546701724,-1.9811159068935693,-0.05698347740196668,0.0,2405.6367009462024,19587.940341380327,23,20967,492000,0.0003,-5716989952.0,0.05000000074505806,4.938364392057078e+17,3932075520.0,482001,6378.922077922078,-43680355.85288249,,,,,,,
-20.0,0.09462073094671078,-2.2015641695492767,0.155486617657474,0.0,3356.8483873375176,42381.39239536499,23,21037,494000,0.0003,-6645309952.0,0.05000000074505806,9.102013578377953e+17,4149217024.0,484001,6250.683544303797,-43683608.66068091,,,,,,,
-20.0,-0.1983828927810287,-2.0013391608421762,0.002260597551536646,0.0,2437.5888336999587,19631.605447868973,23,21107,496000,0.0003,-6264481792.0,0.05000000074505806,5.2061408282751795e+17,2189060608.0,486001,6188.575,-43685338.675706886,,,,,,,
-20.0,0.05754197470412984,-2.161829586177344,0.13718356745842253,0.0,3334.178338530888,43901.27830227509,23,21177,498000,0.0003,-6073531392.0,0.05000000074505806,6.121614825404498e+17,1633694848.0,488001,6070.243902439024,-43688341.49620133,,,,,,,
-20.0,-0.15303938988386037,-2.033260721028127,0.023628114207370585,0.0,2468.379790100222,19995.220613352514,,,500000,0.0003,-6740472832.0,0.05000000074505806,1.1727935280114565e+18,5084568576.0,490000,,,0.03514062500000002,0.0,40000.0,-144228840503.81796,10459522902.554049,0.0,0.0
,,,,,,,22,22379,500000,0.0003,-7163466240.0,0.05000000074505806,1.4149125855174984e+18,4969689088.0,490001,6012.807228915663,-43689552.255232975,,,,,,,
-20.0,0.01221536203247582,-2.221791864458696,0.06983353396563748,0.0,3366.3765035177225,39504.52139345561,22,22448,502000,0.0003,-7125772800.0,0.05000000074505806,1.0735085213764813e+18,4948571136.0,492001,5901.541176470589,-43692450.29473103,,,,,,,
-20.0,-0.08227431942828357,-2.0507391470368375,0.11447154424512222,0.0,2541.214446418411,21915.440336832085,22,22518,504000,0.0003,-7025921024.0,0.05000000074505806,1.101500850469077e+18,5306833408.0,494001,5848.0,-43693574.82231868,,,,,,,
-20.0,-0.06855929756755552,-2.1739171916815363,-0.0005920649913102621,0.0,3230.8201494083223,38332.228918717774,22,22587,506000,0.0003,-8807623680.0,0.05000000074505806,1.6326675648636518e+18,5671157760.0,496001,5744.625,-43695958.16539777,,,,,,,
-20.0,-0.03770406208722165,-2.0591445982563443,0.1578772623384566,0.0,2653.2285321717436,24479.994524265978,22,22657,508000,0.0003,-8423910912.0,0.05000000074505806,1.345681698435629e+18,6477192192.0,498001,5694.471910112359,-43697193.17459933,,,,,,,
-20.0,-0.1169869311138803,-2.1394396410123564,-0.03747987829557635,0.0,3082.4335547395303,35533.063591944556,22,22726,510000,0.0003,-9296748544.0,0.05000000074505806,2.1819294231528735e+18,5886822400.0,500001,5597.89010989011,-43699205.47551269,,,,,,,
-20.0,-0.009481178060708308,-2.0639981796661364,0.20609615599165998,0.0,2779.17870665257,29795.592747383816,22,22796,512000,0.0003,-9051541504.0,0.05000000074505806,2.601023398364578e+18,6848518144.0,502001,5551.608695652174,-43700511.584879234,,,,,,,
-20.0,-0.1494159326103678,-2.126899419308998,-0.061373262581652765,0.0,3014.484425985748,33342.349969279254,22,22866,514000,0.0003,-9101773824.0,0.05000000074505806,1.3330318171580662e+18,3610884864.0,504001,5461.234042553191,-43702819.33923251,,,,,,,
-20.0,0.032639705421565975,-2.2073985537022436,0.22005862617653835,0.0,3273.4863174181505,39933.78399152907,22,22935,516000,0.0003,-10724166656.0,0.05000000074505806,1.836569659772502e+18,5979445248.0,506001,5374.614583333333,-43704688.658373825,,,,,,,
-20.0,-0.20355814351927656,-2.0090018557620093,-0.09239104366928537,0.0,2502.13734468525,20396.182540116944,22,23005,518000,0.0003,-11127849984.0,0.05000000074505806,2.4084978128293724e+18,5822557184.0,508001,5332.40206185567,-43705779.93967946,,,,,,,
-20.0,0.08028050885127805,-2.1852171137817558,0.15563301822202255,0.0,3296.1952395296003,40168.448363315496,22,23075,520000,0.0003,-10444809216.0,0.05000000074505806,3.2515829880428954e+18,7922110976.0,510001,5250.919191919192,-43707536.55275809,,,,,,,
-20.0,-0.21124284265901294,-2.0139312159055356,-0.04306881133436132,0.0,2458.74042123615,20070.948659011487,22,23145,522000,0.0003,-10291939328.0,0.05000000074505806,2.059231209757606e+18,2621649152.0,512001,5211.61,-43708352.98926158,,,,,,,
-20.0,0.07842902040545739,-2.2020973434398265,0.11578070301726029,0.0,3332.3302509920577,40215.74241955053,22,23215,524000,0.0003,-12560695296.0,0.05000000074505806,3.565082890179969e+18,7500816384.0,514001,4632.65,-43541548.39279046,,,,,,,
-20.0,-0.1674693595779033,-1.9996247018591797,0.02460720189617643,0.0,2435.8101377640633,19914.116168805416,22,23286,526000,0.0003,-12343652352.0,0.05000000074505806,3.3343349819283866e+18,8770025472.0,516001,4245.47,-43662278.7391556,,,,,,,
-20.0,0.02426767220401916,-2.2429987663331517,0.10382654719420226,0.0,3398.42278645083,41184.60717188122,22,23356,528000,0.0003,-12956309504.0,0.05000000074505806,2.9686833191405486e+18,7095003648.0,518001,3471.46,-43796803.28748192,,,,,,,
-20.0,-0.09342453349551415,-2.023717498778019,0.09067124822491664,0.0,2515.889970320109,21624.407677154362,22,23426,530000,0.0003,-13155572736.0,0.05000000074505806,3.400923055373943e+18,9432154112.0,520001,3084.29,-43940752.381042376,,,,,,,
-20.0,-0.05349496464123229,-2.187636327515329,0.002568519785625188,0.0,3252.491137658722,37879.88549699111,22,23497,532000,0.0003,-14248614912.0,0.05000000074505806,4.076576249177178e+18,8278450176.0,522001,2691.6,-44078461.013429746,,,,,,,
-20.0,-0.06722064878989904,-1.9858459518292868,0.1344071375162413,0.0,2501.1837515552043,23807.727417719296,22,23567,534000,0.0003,-16158243840.0,0.05000000074505806,5.270717894953533e+18,8434906112.0,524001,2681.85,-44083172.44195118,,,,,,,
-20.0,-0.07795266584183322,-2.160749150951024,-0.027234266353553083,0.0,3222.17705297667,38551.30614741989,22,23638,536000,0.0003,-16379827200.0,0.05000000074505806,4.435950525204136e+18,7355636736.0,526001,2288.46,-44314312.6627685,,,,,,,
-20.0,-0.02953198373528478,-2.0939981769436145,0.18184555000277783,0.0,2721.3132923482212,25965.444211999078,22,23708,538000,0.0003,-16751321088.0,0.05000000074505806,7.576393778399805e+18,11309999104.0,528001,2274.37,-44317849.17425009,,,,,,,
-20.0,-0.1248319666796056,-2.0912115532589177,-0.04389487177851253,0.0,3035.4808743793437,36360.37525204478,22,23779,540000,0.0003,-16437177344.0,0.05000000074505806,5.727010822434062e+18,10678425600.0,530001,2073.11,-44194602.36392771,,,,,,,
-20.0,0.004521332190390911,-2.206351099495548,0.23128814737502068,0.0,3094.0067906986255,35654.828191208486,22,23849,542000,0.0003,-17670596608.0,0.05000000074505806,9.412450653436903e+18,11996456960.0,532001,2049.61,-44193794.959592775,,,,,,,
-20.0,-0.1717373520542113,-2.0218496176555862,-0.11694888801691045,0.0,2675.737343436218,23870.35849323829,22,23920,544000,0.0003,-19879727104.0,0.05000000074505806,1.1076642865936335e+19,13851202560.0,534001,1989.53,-44177527.74596842,,,,,,,
-20.0,0.04720715347328054,-2.1890164914534354,0.20513960657890493,0.0,3272.8870612590686,40268.178641661805,22,23991,546000,0.0003,-20619696128.0,0.05000000074505806,1.0031339360432947e+19,14357974016.0,536001,1830.9,-44055488.33921709,,,,,,,
-20.0,-0.2225322815444325,-2.0359301108990815,-0.0575847421901136,0.0,2517.3361269889006,20549.82144214335,22,24061,548000,0.0003,-20721760256.0,0.05000000074505806,1.0983183278063747e+19,13640678400.0,538001,1760.8,-44006068.66602689,,,,,,,
-20.0,0.09761183297387284,-2.2165389082000937,0.15196246701192934,0.0,3354.6265199367144,40743.67819099956,22,24132,550000,0.0003,-19389380608.0,0.05000000074505806,1.1090382363237024e+19,14146312192.0,540001,1508.95,-43824799.165177494,,,,,,,
-20.0,-0.16087322264263856,-2.0318404916658026,0.011196513141306996,0.0,2485.3419923139004,19884.279559646162,22,24203,552000,0.0003,-21727557632.0,0.05000000074505806,1.4257505815836492e+19,24661925888.0,542001,1476.42,-43812326.20366808,,,,,,,
-20.0,0.02323519148304454,-2.1739897838880595,0.07285739751286474,0.0,3287.6258538199454,39959.29309200673,22,24274,554000,0.0003,-22778507264.0,0.05000000074505806,1.1683144474933854e+19,15152849920.0,544001,1413.07,-43791938.19235342,,,,,,,
-20.0,-0.12776816307977182,-2.0154040190623577,0.08691396503004006,0.0,2484.424627936361,22491.731029690487,22,24344,556000,0.0003,-22343409664.0,0.05000000074505806,1.0958891767671292e+19,13217990656.0,546001,1372.63,-43780005.48215994,,,,,,,
-20.0,-0.01861839516376433,-2.1898679725417822,0.05836547291466172,0.0,3309.606103316311,40318.96023665571,22,24417,558000,0.0003,-23023036416.0,0.05000000074505806,1.2649864784888463e+19,15868141568.0,548001,1319.52,-43780013.50339601,,,,,,,
-20.0,-0.07292375402830156,-2.0558621930102867,0.12903857885296136,0.0,2598.602745347417,22807.001210290495,22,24489,560000,0.0003,-25273358336.0,0.05000000074505806,1.9065993420519506e+19,17014375424.0,550001,1307.0,-43789473.50144774,,,,,,,
-20.0,-0.07616401271854209,-2.156245501670654,-0.024152014278665295,0.0,3184.545289389389,37105.55248263135,22,24561,562000,0.0003,-26844534784.0,0.05000000074505806,1.9922847230091854e+19,17813807104.0,552001,1304.22,-43801933.948642164,,,,,,,
-20.0,-0.04829443581071776,-2.014387366737254,0.14601789727475278,0.0,2576.5103925997337,24812.61736493658,22,24633,564000,0.0003,-28062967808.0,0.05000000074505806,1.1437414621242196e+19,10801768448.0,554001,1304.56,-43801985.90125817,,,,,,,
-20.0,-0.09932978328394332,-2.1442256206226995,-0.03803123595166923,0.0,3121.9514003577056,36416.03886558478,22,24705,566000,0.0003,-26351204352.0,0.05000000074505806,1.9742846181508645e+19,18929840128.0,556001,1305.21,-43801185.00601142,,,,,,,
-20.0,-0.028318870841571288,-2.0329768046346217,0.18000498104437826,0.0,2673.4958624884634,27280.112410564325,22,24778,568000,0.0003,-29697966080.0,0.05000000074505806,2.2315239396597563e+19,19283722240.0,558001,1305.89,-43800903.528348945,,,,,,,
-20.0,-0.11673351354503766,-2.1072829227293988,-0.058188823153227605,0.0,3043.571552788908,35564.6702352193,22,24853,570000,0.0003,-27523072000.0,0.05000000074505806,1.3489688258858189e+19,8912313344.0,560001,1306.07,-43800582.571867324,,,,,,,
-20.0,-0.02207586441423578,-2.0334991302837033,0.19485518821513625,0.0,2689.469841877383,27990.10145395931,22,24928,572000,0.0003,-30912370688.0,0.05000000074505806,2.6563042041812484e+19,21907656704.0,562001,1306.52,-43800693.832894,,,,,,,
-20.0,-0.1285270411327306,-2.120507735208003,-0.06536541698654162,0.0,3051.7257444012835,35498.21911021088,22,25002,574000,0.0003,-30346233856.0,0.05000000074505806,1.7535833874469224e+19,11894225920.0,564001,1307.14,-43800684.751778,,,,,,,
-20.0,0.014910636124036022,-2.254686564199896,0.24746420801220215,0.0,3310.863159405247,39695.465960368616,22,25075,576000,0.0003,-31921424384.0,0.05000000074505806,3.2810372552835727e+19,22674063360.0,566001,1306.93,-43800870.98285839,,,,,,,
-20.0,-0.1867096062170454,-1.9726897873349674,-0.09687233601805109,0.0,2481.7571087756946,20681.926662128844,22,25148,578000,0.0003,-33306095616.0,0.05000000074505806,3.1299678760643592e+19,22490243072.0,568001,1306.78,-43801092.8999875,,,,,,,
-20.0,0.06200316108702567,-2.1933591181738836,0.1913668621638608,0.0,3302.7215090188147,41166.42552933438,22,25222,580000,0.0003,-33792827392.0,0.05000000074505806,3.599578000419581e+20,22263531520.0,570001,1306.48,-43801322.594589576,,,,,,,
-20.0,-0.20658883356436875,-2.0490325841690415,-0.03232475574214604,0.0,2523.4400333171566,20284.965006890845,23,25295,582000,0.0003,-35667603456.0,0.05000000074505806,2.8365416477644292e+19,22235648000.0,572001,1306.12,-43801825.80437523,,,,,,,
-20.0,0.07735698254502635,-2.1758526679906214,0.11889741002203283,0.0,3291.4038687789216,40315.04880692479,23,25368,584000,0.0003,-38425092096.0,0.05000000074505806,3.797495019231353e+19,24809461760.0,574001,1306.33,-43801648.76816391,,,,,,,
-20.0,-0.21910109996421073,-1.9474056123795696,0.02352662591935395,0.0,2378.8196563369133,21639.490361045297,23,25441,586000,0.0003,-37867745280.0,0.05000000074505806,2.7616921738012525e+19,20318810112.0,576001,1306.97,-43801680.68464323,,,,,,,
-20.0,0.07578181703362058,-2.2124560897585646,0.11626852470756836,0.0,3385.5838820483827,42233.27267117852,23,25513,588000,0.0003,-40188407808.0,0.05000000074505806,3.599670007552593e+19,23924662272.0,578001,1307.13,-43801555.55155322,,,,,,,
-20.0,-0.143594311684462,-2.0257432851153574,0.027307798214008815,0.0,2476.310908915319,20101.25971956616,23,25586,590000,0.0003,-40089542656.0,0.05000000074505806,4.708708331837226e+20,24000122880.0,580001,1306.86,-43801728.729766205,,,,,,,
-20.0,-0.00040674814275370975,-2.231687889601794,0.07228990383529316,0.0,3347.834561448144,39326.913527767865,23,25659,592000,0.0003,-37912125440.0,0.05000000074505806,2.938020633645364e+19,15876915200.0,582001,1306.2,-43801970.702369235,,,,,,,
-20.0,-0.07116602835401721,-2.046597198857863,0.11992457392349379,0.0,2575.6988297571916,22535.85780049583,23,25732,594000,0.0003,-43806150656.0,0.05000000074505806,4.0497062740664254e+19,27950174208.0,584001,1305.75,-43802231.514751844,,,,,,,
-20.0,-0.0817533006107138,-2.1824385677759075,-0.00854190018043063,0.0,3218.009608374211,37156.12700590772,23,25805,596000,0.0003,-48424108032.0,0.05000000074505806,4.853703920863674e+19,29572634624.0,586001,1305.99,-43801929.225832194,,,,,,,
-20.0,-0.037714750930556915,-2.0068273854452987,0.17235281461536112,0.0,2569.002466307041,25149.382206934133,23,25878,598000,0.0003,-44339617792.0,0.05000000074505806,4.088153996666497e+19,27475660800.0,588001,1305.84,-43801661.971935794,,,,,,,
-20.0,-0.113158423826254,-2.1632092610519065,-0.05294748575501344,0.0,3175.007249443831,37000.47977702848,,,600000,0.0003,-45973676032.0,0.05000000074505806,5.806790946340838e+19,30762465280.0,590000,,,0.03514062500000002,0.0,40000.0,-144228840503.81796,10459522902.554049,0.0,0.0
,,,,,,,22,27067,600000,0.0003,-47173341184.0,0.05000000074505806,5.498806304479851e+19,33469958144.0,590001,1305.46,-43801755.245732635,,,,,,,
-20.0,0.008027916176650645,-2.1993018824396957,0.22183842196468667,0.0,3088.485403193041,35640.03356281456,22,27140,602000,0.0003,-47589457920.0,0.05000000074505806,4.3118324849561305e+19,30410553344.0,592001,1305.07,-43801445.339183636,,,,,,,
-20.0,-0.1639759489062056,-1.9895746661056977,-0.10953915867013878,0.0,2656.0798290895805,25243.886066820858,22,27212,604000,0.0003,-49003114496.0,0.05000000074505806,4.460953529570925e+19,31244132352.0,594001,1305.07,-43801438.321095265,,,,,,,
-20.0,0.0333071312310594,-2.209032888109575,0.21934576850110296,0.0,3276.9562081130634,39921.2858885562,22,27284,606000,0.0003,-55806623744.0,0.05000000074505806,5.013919917412031e+19,25019813888.0,596001,1305.51,-43801147.942203894,,,,,,,
-20.0,-0.18660838114406497,-1.956857340622675,-0.11718802594770522,0.0,2423.7494673327096,20068.196009134794,22,27357,608000,0.0003,-53645316096.0,0.05000000074505806,4.5517885831880114e+19,20358918144.0,598001,1305.64,-43801135.140594594,,,,,,,
-20.0,0.05379395264194865,-2.1896123354568244,0.20282560835194188,0.0,3306.8300651009886,41625.84499896629,22,27429,610000,0.0003,-59831967744.0,0.05000000074505806,6.147483420300254e+19,34267318272.0,600001,1305.38,-43801285.52504788,,,,,,,
-20.0,-0.2244244426161795,-2.0335372990918366,-0.06328213854824777,0.0,2501.9372247327115,20019.943935817042,22,27502,612000,0.0003,-53686095872.0,0.05000000074505806,9.793840890591471e+19,37091635200.0,602001,1305.4,-43801243.23868797,,,,,,,
-20.0,0.09793695072001635,-2.2109623260231857,0.13891033896514945,0.0,3336.8441321578075,40427.839568588366,22,27574,614000,0.0003,-56357478400.0,0.05000000074505806,8.299594912741563e+19,35987107840.0,604001,1305.22,-43801088.81726391,,,,,,,
-20.0,-0.14941847690879423,-2.0468114836997957,0.035799724272628716,0.0,2508.8767031515526,20303.592863121514,22,27646,616000,0.0003,-62485868544.0,0.05000000074505806,6.2624259260633055e+19,35005722624.0,606001,1304.64,-43801084.11397567,,,,,,,
-20.0,0.009476773601583966,-2.1818646591462456,0.0735593157082568,0.0,3303.2135489466104,40403.89485513505,22,27719,618000,0.0003,-66526404608.0,0.05000000074505806,1.3340649017908501e+20,56721752064.0,608001,1304.33,-43801085.66038758,,,,,,,
-20.0,-0.11635168582510168,-1.9999692826648992,0.07330693851067113,0.0,2456.964811309871,20973.01981351842,22,27791,620000,0.0003,-64686759936.0,0.05000000074505806,1.1458918429853588e+20,57137479680.0,610001,1304.01,-43801247.88498725,,,,,,,
-20.0,-0.02770686191002886,-2.182056996843469,0.03142628600482323,0.0,3300.4299184165707,40286.837503753275,22,27863,622000,0.0003,-64797470720.0,0.05000000074505806,8.632638744013518e+19,35085266944.0,612001,1304.23,-43801496.270334184,,,,,,,
-20.0,-0.08562847108071407,-2.0040388101226525,0.09738213562378795,0.0,2482.711326004324,21724.418072041422,22,27936,624000,0.0003,-65413271552.0,0.05000000074505806,1.2352148482119277e+20,42868363264.0,614001,1303.82,-43801369.220115095,,,,,,,
-20.0,-0.061361948768894524,-2.185362537163472,-0.004084595437563168,0.0,3259.936591741568,38716.56596473193,22,28008,626000,0.0003,-66467201024.0,0.05000000074505806,1.0250775932862621e+20,43041255424.0,616001,1304.48,-43800960.54626534,,,,,,,
-20.0,-0.029537071123005958,-2.1157196823324185,0.1989669604073001,0.0,2756.804609176493,25949.168002540202,22,28081,628000,0.0003,-69465030656.0,0.05000000074505806,8.843367624155857e+19,35404816384.0,618001,1304.01,-43800898.5115285,,,,,,,
-20.0,-0.13259383504178834,-2.1223226775637194,-0.04300308827352961,0.0,3035.2179835728616,34439.80995283521,22,28154,630000,0.0003,-69645770752.0,0.05000000074505806,1.0166135527756425e+20,44380205056.0,620001,1303.14,-43801391.751068465,,,,,,,
-20.0,0.015153374669008998,-2.242756441661914,0.27028334902905676,0.0,3325.776068042104,41907.25495764697,22,28227,632000,0.0003,-79799541760.0,0.05000000074505806,1.420265593061698e+21,45038813184.0,622001,1303.66,-43801325.5803895,,,,,,,
-20.0,-0.1737021726381285,-1.9371679847094807,-0.1218064749331581,0.0,2455.197189546822,21598.707269562743,22,28300,634000,0.0003,-85816532992.0,0.05000000074505806,1.2906964688322953e+20,46957314048.0,624001,1304.03,-43801445.82024388,,,,,,,
-20.0,0.03704122924758006,-2.190517233996544,0.23757785406031062,0.0,3273.242500900609,41308.84397496678,22,28373,636000,0.0003,-66578550784.0,0.05000000074505806,9.912508101944777e+19,41346371584.0,626001,1304.36,-43801629.2347843,,,,,,,
-20.0,-0.19303065789517543,-1.984682907600021,-0.0957219022898639,0.0,2464.6542556118748,21012.8267917447,22,28446,638000,0.0003,-80874651648.0,0.05000000074505806,1.617866796949601e+20,49035010048.0,628001,1304.8,-43801578.1264967,,,,,,,
-20.0,0.0590568555859481,-2.1623894439211653,0.22609182785501475,0.0,3294.7889835987094,42470.4224207175,22,28519,640000,0.0003,-77765910528.0,0.05000000074505806,1.2348799809505722e+20,52166172672.0,630001,1304.97,-43802250.51842229,,,,,,,
-20.0,-0.21654435417793222,-1.9997341609813317,-0.050870068004248835,0.0,2465.092862516761,21692.43295397887,22,28592,642000,0.0003,-82089664512.0,0.05000000074505806,1.477574918666778e+20,49699540992.0,632001,1304.93,-43802092.86144366,,,,,,,
-20.0,0.08611330440250219,-2.210877259003782,0.16485983938982451,0.0,3364.3221210675583,41006.318975797156,22,28665,644000,0.0003,-85990752256.0,0.05000000074505806,1.7533695544255526e+20,50101960704.0,634001,1304.47,-43802305.58424533,,,,,,,
-20.0,-0.1975160618262041,-2.001307178035773,-0.02855886789032404,0.0,2428.411060923604,19276.7754069782,22,28739,646000,0.0003,-84983201792.0,0.05000000074505806,1.7869372046169027e+20,54238892032.0,636001,1304.57,-43802125.6110513,,,,,,,
-20.0,0.06092288598885433,-2.1911805540091427,0.0949359562013577,0.0,3320.2430113662413,40602.754546169956,22,28812,648000,0.0003,-76873646080.0,0.05000000074505806,1.1763447086766149e+20,49923903488.0,638001,1304.9,-43801776.910408095,,,,,,,
-20.0,-0.1441345032543195,-2.0191925099680414,0.024330747815322348,0.0,2462.62304250914,20010.43519441511,22,28885,650000,0.0003,-91415666688.0,0.05000000074505806,1.939591639798718e+20,56260669440.0,640001,1304.86,-43801811.80456723,,,,,,,
-20.0,0.005085849058495997,-2.179231763641251,0.0529474658575663,0.0,3302.045905202594,39799.86591349899,22,28958,652000,0.0003,-87709712384.0,0.05000000074505806,1.5944952259458734e+20,55809802240.0,642001,1304.9,-43801800.999176025,,,,,,,
-20.0,-0.10082798649078718,-2.0341360144288423,0.09637782943649473,0.0,2498.095834642115,21670.131204019315,22,29031,654000,0.0003,-92867338240.0,0.05000000074505806,1.8430925180018413e+20,49278111744.0,644001,1305.11,-43801537.94439061,,,,,,,
-20.0,-0.05121789578545552,-2.2087899934176813,0.017346417749436564,0.0,3296.6841454539,38307.55077482842,22,29104,656000,0.0003,-91192844288.0,0.05000000074505806,1.791267169368015e+20,52965019648.0,646001,1304.95,-43801621.035307296,,,,,,,
-20.0,-0.037457944482396435,-2.0745240553745514,0.15693736069007214,0.0,2675.4062440750117,24503.373703180278,22,29178,658000,0.0003,-102803726336.0,0.05000000074505806,2.5869956970760163e+20,61394628608.0,648001,1304.52,-43801736.70499361,,,,,,,
-20.0,-0.11929055203309955,-2.141233706222092,-0.06340500860877696,0.0,3093.076624057102,34910.61467012293,22,29251,660000,0.0003,-103349567488.0,0.05000000074505806,2.001913190314085e+20,52915867648.0,650001,1305.01,-43801002.53897838,,,,,,,
-20.0,0.009448689822433852,-2.208372645708166,0.22406046192735418,0.0,3128.4494820232926,36820.569327670026,22,29324,662000,0.0003,-112769351680.0,0.05000000074505806,2.1919367711695883e+20,60137558016.0,652001,1304.86,-43800937.67947643,,,,,,,
-20.0,-0.1634964899137334,-1.9679256483758063,-0.11891939910396693,0.0,2563.5663114122276,22752.945294055873,22,29397,664000,0.0003,-121415376896.0,0.05000000074505806,3.019524782988399e+21,70724444160.0,654001,1304.77,-43800795.69565649,,,,,,,
-20.0,0.03080377309066798,-2.2120333922537116,0.2422421339531481,0.0,3323.482468571788,41991.06651732446,22,29470,666000,0.0003,-114533376000.0,0.05000000074505806,3.2605139471613664e+20,87314219008.0,656001,1304.6,-43801117.086619616,,,,,,,
-20.0,-0.20720514165176998,-2.022376707995967,-0.07088496376791013,0.0,2495.8434253368237,20463.244975256675,22,29543,668000,0.0003,-121500319744.0,0.05000000074505806,3.1390729758344374e+20,74251100160.0,658001,1304.27,-43801255.048492566,,,,,,,
-20.0,0.08510158387200623,-2.213353122267386,0.1738415942184457,0.0,3378.978337575091,41373.86968097149,22,29616,670000,0.0003,-115042156544.0,0.05000000074505806,5.107338823354391e+20,69673951232.0,660001,1303.56,-43801524.657047816,,,,,,,
-20.0,-0.20325366993437816,-1.990695203777891,-0.027763876863344073,0.0,2422.361246875091,19801.59118448028,22,29689,672000,0.0003,-123629920256.0,0.05000000074505806,2.7138476729864867e+20,55360294912.0,662001,1303.79,-43801613.09789541,,,,,,,
-20.0,0.06672163373522055,-2.2174440435100204,0.11016293432947871,0.0,3354.464458585946,40593.87632430135,22,29762,674000,0.0003,-124509224960.0,0.05000000074505806,3.955516478531599e+20,77095550976.0,664001,1304.0,-43801560.402711265,,,,,,,
-20.0,-0.12282817084205848,-2.0453119912554802,0.06627182828441606,0.0,2505.853957835659,20697.564480714616,22,29835,676000,0.0003,-124479725568.0,0.05000000074505806,2.104338064058163e+20,55364833280.0,666001,1303.94,-43801562.85043641,,,,,,,
-20.0,-0.021310736258644804,-2.1930435828347226,0.046322146100004846,0.0,3297.497747846381,39576.10801510358,22,29908,678000,0.0003,-135977533440.0,0.05000000074505806,3.179613464886352e+20,72563294208.0,668001,1304.02,-43801549.94967783,,,,,,,
-20.0,-0.06736833481833254,-2.0572240069896206,0.13267170569737197,0.0,2603.9501199751335,22942.263468356025,22,29981,680000,0.0003,-137483780096.0,0.05000000074505806,3.597608379270048e+20,74758381568.0,670001,1303.89,-43801798.30103724,,,,,,,
-20.0,-0.07923108094397809,-2.1262490575830015,0.0013488540456552472,0.0,3148.203385101007,38605.5774423393,22,30054,682000,0.0003,-137845063680.0,0.05000000074505806,5.211307939189448e+20,84492492800.0,672001,1304.54,-43801514.28801196,,,,,,,
-20.0,-0.06194294266477878,-1.9952745302726547,0.14250566893573796,0.0,2551.3242653543707,25012.3853888687,22,30127,684000,0.0003,-133603229696.0,0.05000000074505806,4.0696883585849754e+20,81810571264.0,674001,1304.96,-43801768.503954776,,,,,,,
-20.0,-0.09054512695932976,-2.1958195843309287,-0.012652291331768905,0.0,3219.4175950564727,37400.779914132654,22,30200,686000,0.0003,-142322794496.0,0.05000000074505806,4.6372062990345804e+20,79715229696.0,676001,1304.56,-43801779.61497003,,,,,,,
-20.0,-0.0011356201167161092,-2.211777988586677,0.25166236988974244,0.0,3111.9508671508784,35564.129334384736,22,30273,688000,0.0003,-150820847616.0,0.05000000074505806,6.335521810921575e+20,82563620864.0,678001,1304.54,-43801717.04794738,,,,,,,
-20.0,-0.16151992115020916,-1.995579928758057,-0.1048026119017757,0.0,2685.3850452246375,26254.6805714319,22,30346,690000,0.0003,-147336069120.0,0.05000000074505806,4.167215919578009e+20,84622663680.0,680001,1304.68,-43801498.044445306,,,,,,,
-20.0,0.030358451629456273,-2.2100530697090157,0.2280653000944182,0.0,3270.365914388026,40189.68626625568,22,30418,692000,0.0003,-158411931648.0,0.05000000074505806,5.353426765992983e+20,85196734464.0,682001,1304.78,-43801496.0684841,,,,,,,
-20.0,-0.19285036302483397,-1.9919041232852128,-0.11600668361974359,0.0,2481.2592077024397,20047.676208534172,22,30491,694000,0.0003,-167419478016.0,0.05000000074505806,9.163659935295377e+20,89305808896.0,684001,1304.43,-43801513.58067877,,,,,,,
-20.0,0.07148924775678761,-2.2059899700790773,0.18942780370717874,0.0,3330.249951150393,40797.72798879834,22,30563,696000,0.0003,-164089315328.0,0.05000000074505806,5.606462496219213e+21,82853273600.0,686001,1303.89,-43801958.21915001,,,,,,,
-20.0,-0.2392973846276617,-1.9763226260954603,-0.04217637603181965,0.0,2408.722670834151,20195.08697733871,22,30635,698000,0.0003,-174742536192.0,0.05000000074505806,6.167386252020673e+20,90844356608.0,688001,1303.74,-43801753.995315686,,,,,,,
-20.0,0.09710740392120823,-2.1467652342817933,0.17852193797021929,0.0,3293.377701298956,43696.92454337602,,,700000,0.0003,-176430759936.0,0.05000000074505806,5.86084839153998e+20,92711305216.0,690000,,,0.03514062500000002,0.0,40000.0,-144228840503.81796,10459522902.554049,0.0,0.0
,,,,,,,21,31830,700000,0.0003,-176930406400.0,0.05000000074505806,5.64415452887556e+20,89727885312.0,690001,1304.05,-43801921.70851112,,,,,,,
-20.0,-0.20694357283447806,-2.0169600460100274,-0.00416279608067346,0.0,2458.625522145337,21138.16143649795,22,31902,702000,0.0003,-161030930432.0,0.05000000074505806,4.4945030598106494e+20,72177958912.0,692001,1303.97,-43801721.32669432,,,,,,,
-20.0,0.07060191713914946,-2.2035876824374387,0.11296523931260792,0.0,3363.745556271687,40568.709615660606,22,31975,704000,0.0003,-166715981824.0,0.05000000074505806,6.055666019014447e+20,94259372032.0,694001,1303.21,-43802166.20948118,,,,,,,
-20.0,-0.1580945631838968,-2.003464812240347,0.011246526891974527,0.0,2438.1693487119537,19815.940368285606,22,32047,706000,0.0003,-182656319488.0,0.05000000074505806,6.538928295466647e+20,99544506368.0,696001,1303.36,-43802091.13346697,,,,,,,
-20.0,0.019928130513772197,-2.172611360421518,0.0721998347914493,0.0,3281.4060392528863,40311.037039689756,22,32119,708000,0.0003,-177013293056.0,0.05000000074505806,6.694978726242476e+20,101885345792.0,698001,1304.07,-43801442.530399196,,,,,,,
-20.0,-0.15122781303507055,-1.9640481308594973,0.0565818455109967,0.0,2427.0309888252204,22514.705991300027,22,32192,710000,0.0003,-187420377088.0,0.05000000074505806,6.187039538582053e+20,101252300800.0,700001,1304.22,-43801678.09751422,,,,,,,
-20.0,0.00466124003077666,-2.237336534064876,0.08073252441458686,0.0,3374.4664548684937,40179.076348033974,22,32264,712000,0.0003,-193105100800.0,0.05000000074505806,8.328208427420945e+20,106968080384.0,702001,1304.46,-43801532.990836255,,,,,,,
-20.0,-0.07096325941709287,-2.0550559969182762,0.12281808316082689,0.0,2576.82909014917,22436.63174920963,22,32337,714000,0.0003,-192447217664.0,0.05000000074505806,9.602358389747304e+20,195239329792.0,704001,1304.45,-43801611.04048091,,,,,,,
-20.0,-0.07983309059073966,-2.162409654935167,-0.024068026863006027,0.0,3198.545881341003,37401.7748104209,22,32409,716000,0.0003,-199824441344.0,0.05000000074505806,8.69565571364322e+20,105474703360.0,706001,1303.98,-43801484.981452875,,,,,,,
-20.0,-0.03495307396624263,-2.0415164447899286,0.15955155023185938,0.0,2619.6702033763127,24446.55743778592,22,32482,718000,0.0003,-197187420160.0,0.05000000074505806,7.417480659149898e+20,117940551680.0,708001,1303.53,-43801350.37985814,,,,,,,
-20.0,-0.11558163538092692,-2.144353587268765,-0.04350689081366454,0.0,3115.2116495066616,36744.04261186196,22,32554,720000,0.0003,-214257270784.0,0.05000000074505806,1.0040336268258852e+21,115962413056.0,710001,1304.17,-43801305.70991871,,,,,,,
-20.0,0.0063230918601415425,-2.220980221740309,0.24033256072654144,0.0,3173.706362906795,37467.73461249584,22,32626,722000,0.0003,-215825350656.0,0.05000000074505806,1.3755547003860938e+21,116258029568.0,712001,1303.94,-43801624.790861346,,,,,,,
-20.0,-0.16862823423142034,-1.9792113884686875,-0.1235094096914526,0.0,2573.9297377878643,22231.431752500488,22,32699,724000,0.0003,-229288017920.0,0.05000000074505806,1.1055425106270025e+21,122600300544.0,714001,1304.29,-43801001.39325046,,,,,,,
-20.0,0.03232034899235515,-2.194095435606524,0.24495307204978228,0.0,3288.8546239722164,42434.718844393145,22,32771,726000,0.0003,-227952132096.0,0.05000000074505806,1.0022632899598635e+21,124633137152.0,716001,1305.1,-43801185.61644892,,,,,,,
-20.0,-0.1846611486676171,-1.962091967292198,-0.12171289198061194,0.0,2441.4920170130076,19877.59026071223,22,32844,728000,0.0003,-230532415488.0,0.05000000074505806,8.423804366386302e+20,102883221504.0,718001,1304.84,-43801289.283461705,,,,,,,
-20.0,0.05754591068344919,-2.1945450798782575,0.2036331157187158,0.0,3318.1073756630362,41579.70132066654,22,32917,730000,0.0003,-205338673152.0,0.05000000074505806,8.526580732007547e+20,114516164608.0,720001,1304.69,-43801171.776268475,,,,,,,
-20.0,-0.22345924194036865,-2.0060016335000848,-0.08424948958827412,0.0,2460.612996136119,19787.556450397275,22,32990,732000,0.0003,-214307192832.0,0.05000000074505806,8.738759384201806e+20,124128534528.0,722001,1304.78,-43801029.30772018,,,,,,,
-20.0,0.0902746614658039,-2.1639568949340933,0.15496290193943035,0.0,3280.2938893808596,41269.12118310643,22,33063,734000,0.0003,-228174004224.0,0.05000000074505806,8.984581332987407e+20,123758927872.0,724001,1304.81,-43800908.938498124,,,,,,,
-20.0,-0.20319194631482584,-2.0212661946805768,-0.0441781727638255,0.0,2467.408982461971,19411.69548177467,22,33136,736000,0.0003,-244171718656.0,0.05000000074505806,1.0923919997150807e+22,120896438272.0,726001,1304.87,-43800856.99301631,,,,,,,
-20.0,0.07062567858169566,-2.2178267863630805,0.11507686073354968,0.0,3358.918575251487,40227.21278162349,22,33209,738000,0.0003,-244521091072.0,0.05000000074505806,1.2410479421152328e+21,129200455680.0,728001,1304.46,-43801166.457227975,,,,,,,
-20.0,-0.15840847662979812,-1.9852414223914103,0.02655516083447658,0.0,2406.401301777936,19889.756167298678,22,33282,740000,0.0003,-215773642752.0,0.05000000074505806,7.634580901311944e+20,117957951488.0,730001,1304.08,-43801033.05573219,,,,,,,
-20.0,0.018039208369567357,-2.1770796873467644,0.07740971871527098,0.0,3331.8680545607167,41870.04008820021,22,33355,742000,0.0003,-257403584512.0,0.05000000074505806,1.1788290947819934e+21,134451576832.0,732001,1304.88,-43801104.06666103,,,,,,,
-20.0,-0.14267744591345846,-1.9719230320356784,0.04369831887719283,0.0,2389.898345284245,20451.369007140944,22,33428,744000,0.0003,-259785719808.0,0.05000000074505806,1.509759013794479e+21,138242457600.0,734001,1305.06,-43800891.6446771,,,,,,,
-20.0,-0.0023232418659204115,-2.226342075720573,0.07852704297085089,0.0,3370.274534567187,40742.05916637707,22,33502,746000,0.0003,-270449278976.0,0.05000000074505806,1.4086311063743397e+21,126090584064.0,736001,1305.41,-43801015.72968407,,,,,,,
-20.0,-0.08436310477831385,-2.0196108914530297,0.1159255858911467,0.0,2527.78383875037,23351.51900202843,22,33575,748000,0.0003,-224282476544.0,0.05000000074505806,7.845257884505452e+20,112437460992.0,738001,1305.86,-43800990.81522955,,,,,,,
-20.0,-0.06767783104385953,-2.195429126931322,0.012486240902961255,0.0,3261.6991232266146,37872.83376053565,22,33648,750000,0.0003,-268432670720.0,0.05000000074505806,1.3899759019328782e+22,144927375360.0,740001,1305.41,-43801268.17034272,,,,,,,
-20.0,-0.027507293463740718,-2.0935097303704686,0.18919827860384952,0.0,2737.293219805681,26692.366587056305,22,33721,752000,0.0003,-282331774976.0,0.05000000074505806,2.077482079133362e+21,150531751936.0,742001,1305.41,-43801190.968685836,,,,,,,
-20.0,-0.1293181083793436,-2.110184103506486,-0.07049925898307276,0.0,3016.1134908832723,33797.26728931294,22,33794,754000,0.0003,-280781029376.0,0.05000000074505806,1.1327051273545575e+21,112386342912.0,744001,1304.97,-43801329.13264411,,,,,,,
-20.0,0.011796064539107044,-2.2336091203049313,0.25553755334711004,0.0,3252.3596798677836,40332.37267703173,22,33867,756000,0.0003,-293426495488.0,0.05000000074505806,1.614193970715992e+21,140901023744.0,746001,1305.04,-43801332.62560927,,,,,,,
-20.0,-0.1654748267671301,-1.926261805415476,-0.10716875978567499,0.0,2490.192245123455,22927.300364462724,22,33940,758000,0.0003,-297264054272.0,0.05000000074505806,1.7201135674021653e+21,160432455680.0,748001,1305.27,-43801707.006695196,,,,,,,
-20.0,0.023185926380841205,-2.212783724531361,0.24748238495124625,0.0,3269.3459284597398,41536.72879282262,22,34013,760000,0.0003,-290744336384.0,0.05000000074505806,1.433679564551821e+21,158349033472.0,750001,1306.23,-43800998.428466454,,,,,,,
-20.0,-0.17558215186285295,-1.9475028035279696,-0.09949536106915542,0.0,2460.6221474390936,22037.543684886285,22,34086,762000,0.0003,-295783268352.0,0.05000000074505806,1.920015407012213e+21,155556806656.0,752001,1306.21,-43801036.31562272,,,,,,,
-20.0,0.047646034443047686,-2.203459321223203,0.20794535923135768,0.0,3311.3533075531936,40357.880297581745,22,34159,764000,0.0003,-311557193728.0,0.05000000074505806,1.8887405534649059e+22,148638531584.0,754001,1305.78,-43801120.72509728,,,,,,,
-20.0,-0.22792327882599642,-2.0233221995097694,-0.053686380650790504,0.0,2501.688359372204,20364.855554101094,22,34233,766000,0.0003,-295168671744.0,0.05000000074505806,1.6953178737537702e+21,171690508288.0,756001,1305.55,-43801393.823346026,,,,,,,
-20.0,0.09637404069428988,-2.162987965323022,0.14468015334345108,0.0,3282.2038981574005,41403.136575113844,22,34306,768000,0.0003,-328661893120.0,0.05000000074505806,2.333138763605233e+21,167874379776.0,758001,1305.33,-43800872.86895779,,,,,,,
-20.0,-0.19748809928834418,-2.0185941858738428,-0.030215119385277323,0.0,2455.786043211792,19830.526574658346,22,34380,770000,0.0003,-332038864896.0,0.05000000074505806,1.8678787822385166e+21,167477559296.0,760001,1305.72,-43800552.88274516,,,,,,,
-20.0,0.06199141433576082,-2.221942672397306,0.11431224440885879,0.0,3375.038556626528,40230.87493999633,22,34453,772000,0.0003,-315218264064.0,0.05000000074505806,1.8880871374539698e+21,157462921216.0,762001,1304.67,-43800493.38510792,,,,,,,
-20.0,-0.14172550458179642,-2.0011405848830486,0.026797402984562062,0.0,2435.95982838277,20134.57711161014,22,34526,774000,0.0003,-351139069952.0,0.05000000074505806,2.896719220974377e+21,171334516736.0,764001,1304.91,-43800109.93569183,,,,,,,
-20.0,0.0014804000250415391,-2.1646916597176107,0.06900588057871508,0.0,3286.8972908323085,40865.55313950546,22,34599,776000,0.0003,-352060571648.0,0.05000000074505806,3.306380716828833e+21,186713784320.0,766001,1305.52,-43800117.33811592,,,,,,,
-20.0,-0.1356493959210831,-1.971874242737066,0.057811394972791724,0.0,2426.8745372809462,21929.23557933259,22,34672,778000,0.0003,-344997396480.0,0.05000000074505806,2.1018081036356177e+22,192357482496.0,768001,1305.66,-43800430.91004129,,,,,,,
-20.0,-0.007456864590179567,-2.207856158900277,0.041314512244663794,0.0,3329.079979110124,39329.47196517325,22,34745,780000,0.0003,-356440178688.0,0.05000000074505806,2.548018449676008e+21,181993521152.0,770001,1305.75,-43800611.59776746,,,,,,,
-20.0,-0.08813955995178756,-2.0149306094040424,0.09406393018690447,0.0,2504.536445911783,22392.65887915764,22,34818,782000,0.0003,-372316274688.0,0.05000000074505806,3.128684438131489e+21,196942053376.0,772001,1305.94,-43800577.031668395,,,,,,,
-20.0,-0.06544127068158902,-2.2119207095550855,0.01622191104260476,0.0,3274.5829701403522,37878.07566010818,22,34891,784000,0.0003,-342597697536.0,0.05000000074505806,2.3251362892798608e+21,203032084480.0,774001,1305.38,-43800858.95154654,,,,,,,
-20.0,-0.020144286789146818,-2.115486162140441,0.18715391979234627,0.0,2792.3275049835797,26897.201081116073,22,34964,786000,0.0003,-368079667200.0,0.05000000074505806,2.6045439730240654e+21,168940421120.0,776001,1305.46,-43800616.97605236,,,,,,,
-20.0,-0.14478574645403558,-2.1225084995250123,-0.06789452702879399,0.0,2999.1834359538775,32768.07544005918,22,35036,788000,0.0003,-380763111424.0,0.05000000074505806,2.7764061198791276e+21,193937653760.0,778001,1305.51,-43800664.840918094,,,,,,,
-20.0,0.03516205339186147,-2.2288387413936896,0.2436550775796153,0.0,3329.916526904373,40542.56760326296,22,35108,790000,0.0003,-407605870592.0,0.05000000074505806,3.7509338507963416e+21,195990847488.0,780001,1305.09,-43801251.11201897,,,,,,,
-20.0,-0.2057770694449568,-1.9851918559804536,-0.09822529491700133,0.0,2438.075148030824,19671.58701982709,22,35180,792000,0.0003,-351570722816.0,0.05000000074505806,2.1408813621501818e+21,213833924608.0,782001,1305.13,-43801252.578516014,,,,,,,
-20.0,0.0717760135604806,-2.164332788614444,0.18205512031073212,0.0,3289.1182094874443,41991.49841248321,22,35252,794000,0.0003,-357871779840.0,0.05000000074505806,2.5625138480266535e+21,218117160960.0,784001,1305.52,-43801482.63333955,,,,,,,
-20.0,-0.221092859790806,-1.9787544298523825,-0.0704717908239585,0.0,2417.3231766187173,20057.97253564993,22,35324,796000,0.0003,-429821263872.0,0.05000000074505806,2.860849063252287e+22,213568421888.0,786001,1305.32,-43801166.89000153,,,,,,,
-20.0,0.07907351268201501,-2.144688516246702,0.20320342995736143,0.0,3280.3149309681535,43638.36486501851,22,35396,798000,0.0003,-393621635072.0,0.05000000074505806,3.0383239337329505e+21,223066210304.0,788001,1306.29,-43801158.19623674,,,,,,,
-20.0,-0.22804454346590078,-1.9975017847878846,-0.05213356558914957,0.0,2459.825614765129,21209.970780550197,,,800000,0.0003,-400847405056.0,0.05000000074505806,2.9930118105070924e+21,201943629824.0,790000,,,0.03514062500000002,0.0,40000.0,-144228840503.81796,10459522902.554049,0.0,0.0
,,,,,,,21,36590,800000,0.0003,-389138022400.0,0.05000000074505806,2.790378256248068e+21,198680100864.0,790001,1306.91,-43800813.49698105,,,,,,,
-20.0,0.09459010887296794,-2.1862124121704913,0.13648607006692665,0.0,3304.2436270666844,40173.86057194596,21,36662,802000,0.0003,-405459075072.0,0.05000000074505806,4.038888381470877e+21,228615536640.0,792001,1306.88,-43800452.670371205,,,,,,,
-20.0,-0.22499219779626525,-1.970303179169698,-0.019266444593282903,0.0,2389.896017322052,20045.734495203764,21,36735,804000,0.0003,-412898263040.0,0.05000000074505806,2.735523568361765e+21,197280235520.0,794001,1306.94,-43800517.90217414,,,,,,,
-20.0,0.08720680364707419,-2.193917489814054,0.1212924396681184,0.0,3353.6667362602057,41882.52629612089,21,36807,806000,0.0003,-412714106880.0,0.05000000074505806,3.275775942611083e+21,216958533632.0,796001,1307.56,-43800595.63647565,,,,,,,
-20.0,-0.20752673590896004,-1.9578992462870017,0.009517644955935467,0.0,2374.3823781739807,20582.81876359148,21,36880,808000,0.0003,-443180613632.0,0.05000000074505806,2.849755965535134e+21,210655789056.0,798001,1308.04,-43800532.91669532,,,,,,,
-20.0,0.06494246011928412,-2.2350679353900773,0.13302705719716706,0.0,3419.8007276558606,42557.34685371675,21,36952,810000,0.0003,-429053018112.0,0.05000000074505806,3.3392984272252093e+22,207779856384.0,800001,1308.17,-43800639.34748309,,,,,,,
-20.0,-0.1445996998750927,-1.9833790408469634,0.0486412171815953,0.0,2411.16519567774,20260.093960871513,21,37025,812000,0.0003,-491403411456.0,0.05000000074505806,4.7126868398955425e+21,242849398784.0,802001,1308.13,-43800811.384719305,,,,,,,
-20.0,0.0007683663937787846,-2.2265036682998405,0.07278573840399045,0.0,3378.5225912902188,40823.1867159106,21,37097,814000,0.0003,-452472963072.0,0.05000000074505806,5.022566300931001e+21,225698004992.0,804001,1307.44,-43800759.831688076,,,,,,,
-20.0,-0.0887992665514238,-2.0147395232630045,0.09783978620437113,0.0,2509.902268945611,22660.230839696807,21,37169,816000,0.0003,-468635058176.0,0.05000000074505806,4.6297249052598437e+21,253428924416.0,806001,1307.5,-43800730.43634083,,,,,,,
-20.0,-0.06602836932071765,-2.214760040826575,0.023607264032342073,0.0,3284.9413004329504,38097.50896298675,21,37242,818000,0.0003,-453816582144.0,0.05000000074505806,3.5172420661320866e+21,228742414336.0,808001,1307.53,-43800614.489030115,,,,,,,
-20.0,-0.029678647302450484,-2.0555175948113518,0.16763841572850322,0.0,2660.199939768211,25065.300152662367,21,37314,820000,0.0003,-462319517696.0,0.05000000074505806,7.512938225016704e+22,221362356224.0,810001,1307.6,-43800523.622669324,,,,,,,
-20.0,-0.11942779422843058,-2.1199031232697885,-0.0637381944914936,0.0,3086.777921143331,36096.01857493122,21,37387,822000,0.0003,-511333335040.0,0.05000000074505806,6.136055413100499e+21,246933897216.0,812001,1307.81,-43800631.16959201,,,,,,,
-20.0,0.005087187836957507,-2.1961641931241846,0.223631350017545,0.0,3066.0576822817875,34871.085161247676,21,37459,824000,0.0003,-480206749696.0,0.05000000074505806,5.75915873043507e+21,270751399936.0,814001,1307.59,-43800684.62254319,,,,,,,
-20.0,-0.1683641485814182,-2.0179194344326308,-0.09595986561230584,0.0,2684.7846677782763,24858.05850687421,22,37532,826000,0.0003,-488495611904.0,0.05000000074505806,3.2353246107580414e+21,225279246336.0,816001,1307.47,-43800879.56041499,,,,,,,
-20.0,0.04269429728984395,-2.2017426430994806,0.2196099608550193,0.0,3308.887292509135,41355.175639945934,22,37605,828000,0.0003,-481098006528.0,0.05000000074505806,3.533688086071337e+21,262139559936.0,818001,1307.68,-43800803.73213748,,,,,,,
-20.0,-0.20943260176056785,-1.99261060846469,-0.0751538293281732,0.0,2448.0497977467603,19960.892488386475,22,37679,830000,0.0003,-502007169024.0,0.05000000074505806,5.187802808309271e+21,284858515456.0,820001,1307.22,-43800906.44235898,,,,,,,
-20.0,0.07368699880705105,-2.154137303585803,0.19767588902548655,0.0,3294.377242576717,43395.560259525795,22,37753,832000,0.0003,-568933941248.0,0.05000000074505806,6.144886971969772e+21,264252342272.0,822001,1307.19,-43800822.87542221,,,,,,,
-20.0,-0.2212689471157036,-2.0270986775282274,-0.06561476592778484,0.0,2480.2770602113324,19665.04997194875,22,37827,834000,0.0003,-512423919616.0,0.05000000074505806,5.8648407622409e+21,279361617920.0,824001,1307.47,-43800396.94855128,,,,,,,
-20.0,0.09197191031677926,-2.181922471190425,0.12487371399389116,0.0,3309.8187483028482,40378.18717641438,22,37901,836000,0.0003,-505051316224.0,0.05000000074505806,3.74187964522049e+21,251875672064.0,826001,1307.49,-43800411.19763751,,,,,,,
-20.0,-0.20719281576594303,-1.9774948156760999,-0.015348498445825176,0.0,2392.6430225631952,19594.173890615,22,37976,838000,0.0003,-509826138112.0,0.05000000074505806,4.3763020062031484e+21,267196465152.0,828001,1307.49,-43800552.882199556,,,,,,,
-20.0,0.06767509559182773,-2.2385456732778493,0.13946379786972998,0.0,3409.162838954692,42288.269113232906,22,38050,840000,0.0003,-585112420352.0,0.05000000074505806,6.597613576311005e+21,277610561536.0,830001,1306.92,-43800923.81840065,,,,,,,
-20.0,-0.11563257691047533,-2.0486516816338787,0.08125306168416556,0.0,2532.2680315155076,21210.049758485882,22,38124,842000,0.0003,-575839797248.0,0.05000000074505806,6.114556354379339e+21,293583159296.0,832001,1306.49,-43801215.51665081,,,,,,,
-20.0,-0.03331042292138953,-2.2137292866438947,0.03031150690844524,0.0,3321.0996360347667,38497.1886841739,22,38199,844000,0.0003,-566783705088.0,0.05000000074505806,5.858715866747676e+21,281350635520.0,834001,1306.62,-43801108.179559104,,,,,,,
-20.0,-0.06537883932484419,-2.0072139842242303,0.12175215049041749,0.0,2506.2161459521367,22488.654517838157,22,38273,846000,0.0003,-609722630144.0,0.05000000074505806,7.039620487639189e+21,293884657664.0,836001,1306.7,-43800969.688527174,,,,,,,
-20.0,-0.08514492945799114,-2.190250329919524,-0.02304021057672858,0.0,3247.8951641058047,37809.57503241649,22,38348,848000,0.0003,-554260692992.0,0.05000000074505806,6.774483444476726e+21,323100082176.0,838001,1306.77,-43801149.00696416,,,,,,,
-20.0,-0.013244214874388557,-2.1196168459606146,0.1854393055641752,0.0,2812.3616602881766,27707.412197213194,22,38422,850000,0.0003,-588737806336.0,0.05000000074505806,9.262968810678524e+21,542904713216.0,840001,1306.51,-43801074.703271635,,,,,,,
-20.0,-0.14498831642686238,-2.089225280331523,-0.09196381261830355,0.0,2935.448264200602,31542.78994407693,22,38496,852000,0.0003,-591632531456.0,0.05000000074505806,5.903907800158478e+21,298242965504.0,842001,1306.45,-43800675.49620907,,,,,,,
-20.0,0.023393723494661747,-2.2208114794220206,0.2298127740062545,0.0,3260.0040940407457,40034.991642053516,22,38570,854000,0.0003,-615632535552.0,0.05000000074505806,6.290272175140547e+21,315790983168.0,844001,1306.77,-43800573.978918985,,,,,,,
-20.0,-0.19005651254638092,-1.987751614725235,-0.1082547041717613,0.0,2499.486365224049,20457.549793438557,22,38645,856000,0.0003,-591943761920.0,0.05000000074505806,7.629932060596591e+21,301812482048.0,846001,1306.22,-43800595.24323049,,,,,,,
-20.0,0.06505511315731591,-2.1709836613020346,0.1859473616876344,0.0,3272.418287529539,40714.63756919283,22,38719,858000,0.0003,-612175183872.0,0.05000000074505806,7.690728403766279e+21,398693531648.0,848001,1306.18,-43800607.72112758,,,,,,,
-20.0,-0.21531579372254447,-1.97498357420992,-0.074501014101844,0.0,2413.952694581397,20129.589671483096,22,38794,860000,0.0003,-579648290816.0,0.05000000074505806,6.38552781085906e+21,313572425728.0,850001,1306.07,-43800364.89206705,,,,,,,
-20.0,0.07818384424245639,-2.1705356534007416,0.16812928267291807,0.0,3303.487071376494,41966.4641179309,22,38868,862000,0.0003,-629808562176.0,0.05000000074505806,1.0976761857478652e+22,325604245504.0,852001,1306.55,-43800467.41060835,,,,,,,
-20.0,-0.22954923050563503,-1.9793864182177783,-0.055333342638086924,0.0,2416.0731152365224,20068.83471687648,22,38943,864000,0.0003,-592568123392.0,0.05000000074505806,6.124956291818844e+21,324686807040.0,854001,1306.75,-43800611.20337326,,,,,,,
-20.0,0.09412672886394935,-2.2110105682753174,0.1652688020172309,0.0,3369.7127425818326,42375.55605194049,22,39017,866000,0.0003,-616931131392.0,0.05000000074505806,5.628729981626793e+21,280349835264.0,856001,1306.59,-43800915.554934084,,,,,,,
-20.0,-0.1682608170720742,-2.0379572064256894,0.0018580404510375329,0.0,2488.990567287666,19759.585339771747,22,39092,868000,0.0003,-680382300160.0,0.05000000074505806,8.97154256764124e+21,333822558208.0,858001,1306.44,-43801019.716501266,,,,,,,
-20.0,0.0326036567999564,-2.174212041167535,0.08422489000501933,0.0,3307.872358812393,40468.42976097682,22,39166,870000,0.0003,-685253328896.0,0.05000000074505806,9.971473978156544e+21,368032907264.0,860001,1306.81,-43800909.2171951,,,,,,,
-20.0,-0.1402061492094728,-2.00318984855533,0.032552745533472094,0.0,2446.9623941907407,20786.65583682329,22,39240,872000,0.0003,-603108671488.0,0.05000000074505806,6.675743148546535e+21,334761099264.0,862001,1306.72,-43800938.729753226,,,,,,,
-20.0,-0.00012393995011450573,-2.1935204578544316,0.04146366584588515,0.0,3313.298518242587,39115.1958808353,22,39314,874000,0.0003,-643849977856.0,0.05000000074505806,6.498306952727672e+21,343418732544.0,864001,1306.42,-43800905.83842558,,,,,,,
-20.0,-0.08825892928120284,-2.039031456759548,0.09817892755616787,0.0,2518.741799660963,21674.521011672543,22,39388,876000,0.0003,-692838137856.0,0.05000000074505806,8.692728655360406e+21,348110454784.0,866001,1306.16,-43800801.43245973,,,,,,,
-20.0,-0.05619694957038294,-2.1394339094930657,0.029688716628627716,0.0,3205.720394833532,39781.52292047762,22,39463,878000,0.0003,-672333561856.0,0.05000000074505806,8.697673607751259e+21,349389783040.0,868001,1306.33,-43800637.34688039,,,,,,,
-20.0,-0.08572778189791433,-1.9792789962729047,0.11889668191315779,0.0,2497.4763178579447,24110.263847463044,22,39536,880000,0.0003,-698372194304.0,0.05000000074505806,8.641585777991987e+21,380536586240.0,870001,1306.87,-43800920.648230046,,,,,,,
-20.0,-0.05781817737739505,-2.1499830265859186,0.020677776293786504,0.0,3246.066564104652,40368.09433160725,22,39610,882000,0.0003,-738504605696.0,0.05000000074505806,1.0184888305498563e+22,380650094592.0,872001,1307.44,-43800932.49993756,,,,,,,
-20.0,-0.06154025857503543,-2.04170760315697,0.12733678236657064,0.0,2575.595093608599,23340.942192192306,22,39684,884000,0.0003,-787069468672.0,0.05000000074505806,1.300992654595385e+22,484870881280.0,874001,1307.81,-43800708.99848176,,,,,,,
-20.0,-0.0940678787080759,-2.1866744554198836,-0.017890238536429917,0.0,3195.715405446466,36681.35474937666,22,39757,886000,0.0003,-739661905920.0,0.05000000074505806,9.238640365491469e+21,386644246528.0,876001,1307.43,-43800851.44741051,,,,,,,
-20.0,-0.0006726001830686866,-2.194730610913056,0.2346460069049448,0.0,3061.63721198067,34249.03581799208,22,39831,888000,0.0003,-723308838912.0,0.05000000074505806,1.0010445877531994e+22,379103346688.0,878001,1307.35,-43800927.94322025,,,,,,,
-20.0,-0.16153673390207854,-2.0152594859969954,-0.07275269969417363,0.0,2719.578597671767,27874.5212986025,22,39904,890000,0.0003,-735744425984.0,0.05000000074505806,7.316972981840941e+21,325837062144.0,880001,1306.96,-43801073.97861141,,,,,,,
-20.0,0.026762955297817814,-2.2039693332787222,0.27158670215925257,0.0,3309.7503630828974,42424.23214955516,22,39978,892000,0.0003,-695576166400.0,0.05000000074505806,6.66244064114719e+21,257900167168.0,882001,1306.45,-43801515.25983395,,,,,,,
-20.0,-0.19353606179094396,-1.9939020043455629,-0.10704664693267137,0.0,2495.370612619013,20326.488013538154,22,40051,894000,0.0003,-781453819904.0,0.05000000074505806,7.777627610376206e+21,340115881984.0,884001,1306.53,-43801387.067474574,,,,,,,
-20.0,0.07276506075475103,-2.2130001851512566,0.191051227744711,0.0,3338.1973790786196,41026.66551694343,22,40124,896000,0.0003,-823281254400.0,0.05000000074505806,1.3488669319442496e+22,376450252800.0,886001,1306.53,-43801444.907910116,,,,,,,
-20.0,-0.22105803157172957,-1.996901176946771,-0.026007627381060373,0.0,2421.7129314404647,19282.89069526632,22,40198,898000,0.0003,-821138096128.0,0.05000000074505806,1.0648556405134492e+22,384374177792.0,888001,1306.27,-43801576.341270484,,,,,,,
-20.0,0.08562865451992828,-2.1922911001935623,0.12241549719744611,0.0,3344.2029969198175,41847.513741004135,,,900000,0.0003,-899966369792.0,0.05000000074505806,1.2421553772636032e+22,406646194176.0,890000,,,0.03514062500000002,0.0,40000.0,-144228840503.81796,10459522902.554049,0.0,0.0
,,,,,,,21,41400,900000,0.0003,-936565145600.0,0.05000000074505806,1.1057314366313707e+23,407111499776.0,890001,1306.22,-43801883.75732562,,,,,,,
-20.0,-0.184403383314625,-1.9905374902869581,0.011193067510507046,0.0,2446.9229172510545,21517.042953107546,21,41473,902000,0.0003,-810999676928.0,0.05000000074505806,1.2808022293359484e+22,404873969664.0,892001,1306.69,-43801928.72009709,,,,,,,
-20.0,0.04417179752507619,-2.212687769703643,0.08523463519412341,0.0,3340.393509062312,39606.46456501522,21,41545,904000,0.0003,-838539214848.0,0.05000000074505806,1.1993443843858007e+22,422910787584.0,894001,1306.79,-43801686.62378059,,,,,,,
-20.0,-0.1117468697725853,-2.0396394014837114,0.07262500132837481,0.0,2503.9537253147255,20898.293005191055,21,41617,906000,0.0003,-880117678080.0,0.05000000074505806,1.5301902971914871e+22,414964940800.0,896001,1306.57,-43801813.05301715,,,,,,,
-20.0,-0.03392521056835536,-2.201303788559197,0.040188629245261856,0.0,3290.460142638472,38583.60912854525,21,41690,908000,0.0003,-882242289664.0,0.05000000074505806,1.2747282245185138e+22,448156073984.0,898001,1305.62,-43801815.45593641,,,,,,,
-20.0,-0.0693319641248458,-2.0208189754046213,0.141508533101144,0.0,2574.9116208249015,24805.764022550902,21,41762,910000,0.0003,-892675489792.0,0.05000000074505806,1.972755429693484e+22,437817606144.0,900001,1305.83,-43802022.48983275,,,,,,,
-20.0,-0.08315894807913755,-2.1746715608187572,-0.02721544884546611,0.0,3211.2195451142534,36804.61128471112,21,41834,912000,0.0003,-937051226112.0,0.05000000074505806,1.7077998815960042e+22,419295363072.0,902001,1305.56,-43802156.173834056,,,,,,,
-20.0,-0.018155141027765102,-2.1079169936293867,0.183458161794831,0.0,2773.5079106232315,27084.099159171466,21,41907,914000,0.0003,-1025817182208.0,0.05000000074505806,2.1733052246999194e+22,446148149248.0,904001,1305.69,-43801988.603260405,,,,,,,
-20.0,-0.1377935326749062,-2.0885586732035586,-0.047157620016843704,0.0,2966.1403634089424,34540.192688841555,21,41979,916000,0.0003,-955236810752.0,0.05000000074505806,1.3531497425998883e+22,434409242624.0,906001,1306.3,-43802076.584966116,,,,,,,
-20.0,0.007747707986594097,-2.152617219700732,0.2544296932755786,0.0,3039.9624048023784,36369.57394866137,21,42051,918000,0.0003,-908554141696.0,0.05000000074505806,1.3710101180021142e+22,414141874176.0,908001,1306.08,-43802277.14917363,,,,,,,
-20.0,-0.15969031124470326,-2.0003729745286982,-0.12036208446314889,0.0,2706.089041792913,26264.256583655908,21,42124,920000,0.0003,-899772841984.0,0.05000000074505806,1.2297175609927128e+22,446939791360.0,910001,1306.92,-43802356.648932494,,,,,,,
-20.0,0.030503837469049614,-2.215629733659976,0.22192923210889906,0.0,3278.788453693735,40085.392856490085,21,42197,922000,0.0003,-970597400576.0,0.05000000074505806,1.6169708339512333e+22,493179797504.0,912001,1307.38,-43801920.36728778,,,,,,,
-20.0,-0.1892109031790052,-1.968114412101986,-0.11411635811656964,0.0,2440.4567432426625,19878.979878212223,21,42269,924000,0.0003,-873089269760.0,0.05000000074505806,1.700533661367214e+22,460242780160.0,914001,1307.07,-43801904.1078058,,,,,,,
-20.0,0.05937329321593983,-2.193279060305484,0.20008813852673257,0.0,3320.5343293039014,41820.43166532251,21,42342,926000,0.0003,-956544909312.0,0.05000000074505806,1.4691491833820515e+22,488398520320.0,916001,1306.85,-43802157.181784056,,,,,,,
-20.0,-0.2301195986013317,-2.013196411706507,-0.06850771447584185,0.0,2468.0306282701335,19575.801393038128,21,42414,928000,0.0003,-962808643584.0,0.05000000074505806,2.1332688545165435e+23,467483721728.0,918001,1306.45,-43802210.30107841,,,,,,,
-20.0,0.0994595586657641,-2.1783193352551296,0.1404094207732194,0.0,3295.6284341838277,41266.479892619915,21,42487,930000,0.0003,-979109543936.0,0.05000000074505806,2.0661859816630053e+22,509479157760.0,920001,1306.04,-43801920.007684365,,,,,,,
-20.0,-0.1680296173424704,-2.0515739839198033,0.015444071416783002,0.0,2512.3942311659516,20113.72683003884,21,42559,932000,0.0003,-999099269120.0,0.05000000074505806,1.6954865898548105e+22,484492771328.0,922001,1305.89,-43802096.573269404,,,,,,,
-20.0,0.030425505320156518,-2.1772604610721675,0.10339983570232711,0.0,3307.5207851240393,41287.35089547876,21,42632,934000,0.0003,-908356222976.0,0.05000000074505806,1.7735090890092e+22,505594380288.0,924001,1305.81,-43802284.99872984,,,,,,,
-20.0,-0.11128482488187955,-2.058626468185453,0.09934384679709068,0.0,2541.022021854558,21391.69455184367,21,42705,936000,0.0003,-987585576960.0,0.05000000074505806,1.8907908171952663e+22,514779447296.0,926001,1305.24,-43802376.982123874,,,,,,,
-20.0,-0.036297274647783075,-2.1862864974040668,0.02346566696098728,0.0,3296.4000404344965,39223.91122406377,21,42778,938000,0.0003,-1015816781824.0,0.05000000074505806,1.8444450615599313e+22,489845489664.0,928001,1304.89,-43802568.4055336,,,,,,,
-20.0,-0.0669978850915745,-2.0271015066286973,0.11410233948621094,0.0,2539.3157721262246,22380.10496486462,21,42851,940000,0.0003,-967896989696.0,0.05000000074505806,1.8055292319998415e+22,506349289472.0,930001,1304.42,-43802404.43771886,,,,,,,
-20.0,-0.08168419423609578,-2.165159768867174,-0.011904688369649882,0.0,3199.8321926530293,38176.28107688526,21,42924,942000,0.0003,-956856008704.0,0.05000000074505806,1.6611035207296784e+22,504425250816.0,932001,1305.17,-43801937.09318116,,,,,,,
-20.0,-0.030794111592089585,-2.0610998258359583,0.1711718601902524,0.0,2674.7464928085187,25217.92744865476,21,42998,944000,0.0003,-990283759616.0,0.05000000074505806,1.709978047555782e+23,515335192576.0,934001,1304.65,-43801952.70695136,,,,,,,
-20.0,-0.11811184738931199,-2.097072889520736,-0.046308052822089725,0.0,3064.2083773226077,37065.938271912484,21,43071,946000,0.0003,-1050186874880.0,0.05000000074505806,1.8596981905478818e+22,530020073472.0,936001,1305.23,-43801767.37585428,,,,,,,
-20.0,-0.02105305832321828,-2.037323538797092,0.19102713625853215,0.0,2645.5315805683535,26238.053009509356,21,43144,948000,0.0003,-1110414458880.0,0.05000000074505806,1.8005659274405072e+22,693510537216.0,938001,1305.37,-43801584.58841595,,,,,,,
-20.0,-0.13166502210224204,-2.1341357578387763,-0.07349836141372873,0.0,3083.8137816915805,35414.16144258777,21,43217,950000,0.0003,-992348012544.0,0.05000000074505806,1.3740813477679995e+22,520483438592.0,940001,1306.09,-43801364.79359612,,,,,,,
-20.0,0.009222636572876816,-2.1309746524437707,0.23669560025663028,0.0,2953.749888927867,34398.41595987529,21,43290,952000,0.0003,-1144380719104.0,0.05000000074505806,2.349258610341471e+22,682761977856.0,942001,1305.83,-43801258.74136895,,,,,,,
-20.0,-0.16135198508011417,-2.0332058489918152,-0.10794429452125957,0.0,2767.887478542663,27206.624289639803,22,43363,954000,0.0003,-1144079122432.0,0.05000000074505806,2.3959357183193898e+22,582840680448.0,944001,1305.94,-43801485.88971721,,,,,,,
-20.0,0.03536540800338493,-2.207303692432228,0.22288420751407004,0.0,3290.5058403434045,40817.96688497994,22,43436,956000,0.0003,-1084738043904.0,0.05000000074505806,2.437310062916061e+22,549454249984.0,946001,1306.49,-43801330.32582968,,,,,,,
-20.0,-0.2122319154365185,-2.0314203573083147,-0.05799604553650595,0.0,2516.6873866469355,20809.46029698641,22,43508,958000,0.0003,-1103066431488.0,0.05000000074505806,2.344038488013386e+22,570471940096.0,948001,1305.92,-43801517.10471975,,,,,,,
-20.0,0.08902105569328093,-2.2104243705664106,0.15819474046573595,0.0,3364.14894652042,40996.50585183888,22,43581,960000,0.0003,-1148622077952.0,0.05000000074505806,2.3522926854104305e+22,512813465600.0,950001,1305.79,-43801813.0801411,,,,,,,
-20.0,-0.1700716563183839,-2.033503651849798,-0.0032914663701565663,0.0,2472.737452146832,19598.875905315275,22,43654,962000,0.0003,-1275879620608.0,0.05000000074505806,2.44928851202496e+22,607929630720.0,952001,1305.36,-43801633.69928705,,,,,,,
-20.0,0.03124181948824485,-2.1704334237682064,0.11453151569907473,0.0,3307.2384276444213,41849.12928413456,22,43726,964000,0.0003,-1318101581824.0,0.05000000074505806,3.514266425268292e+22,596852867072.0,954001,1305.32,-43801837.21424846,,,,,,,
-20.0,-0.14637405494210523,-1.9965467281152243,0.05067276266913824,0.0,2441.65327523879,20429.19302754788,22,43799,966000,0.0003,-1191263862784.0,0.05000000074505806,1.8750943088240012e+22,561863524352.0,956001,1305.22,-43802028.58669098,,,,,,,
-20.0,0.0037001022873999613,-2.2191582588258507,0.07299412218949869,0.0,3351.5254039141155,40454.18242932956,22,43871,968000,0.0003,-1179001159680.0,0.05000000074505806,1.9819450247331334e+22,596223787008.0,958001,1305.03,-43802228.32306446,,,,,,,
-20.0,-0.10600386778645948,-1.9819280373032226,0.08810640878535132,0.0,2468.1204565595494,22900.256856615557,22,43943,970000,0.0003,-1294566948864.0,0.05000000074505806,3.725541767967292e+22,587788386304.0,960001,1305.05,-43802226.356221944,,,,,,,
-20.0,-0.04042330305539526,-2.201399243059502,0.017205622985152283,0.0,3295.8738838071044,38493.73994713112,22,44016,972000,0.0003,-1193176989696.0,0.05000000074505806,2.49813878696707e+23,644994236416.0,962001,1305.61,-43801754.55525984,,,,,,,
-20.0,-0.05382508364251094,-2.0511549230765196,0.14896995878003516,0.0,2603.956305282329,24170.287278713877,22,44087,974000,0.0003,-1250272215040.0,0.05000000074505806,2.2230731531021026e+22,581676630016.0,964001,1305.98,-43801503.58227661,,,,,,,
-20.0,-0.09709430028798076,-2.13289137489124,-0.014982971804237771,0.0,3155.810326297351,38284.452037665185,22,44158,976000,0.0003,-1199280881664.0,0.05000000074505806,2.75960679254911e+22,614604472320.0,966001,1306.36,-43801919.506684445,,,,,,,
-20.0,-0.01286727064319758,-2.153934759047859,0.2195293958099075,0.0,2889.7875336030374,29264.83339622758,22,44230,978000,0.0003,-1330199527424.0,0.05000000074505806,2.409641297885385e+22,592165994496.0,968001,1306.0,-43801883.028978035,,,,,,,
-20.0,-0.14801272006614372,-2.064231908597127,-0.08722853182740767,0.0,2869.2064153679635,30602.594040929547,22,44301,980000,0.0003,-1367730552832.0,0.05000000074505806,3.3480016335051027e+22,612937302016.0,970001,1305.82,-43802111.225508854,,,,,,,
-20.0,0.021845356949549727,-2.2278048029189663,0.24723367979337763,0.0,3309.588163171022,41519.95361109553,22,44373,982000,0.0003,-1317509005312.0,0.05000000074505806,3.3706146575940927e+22,642065367040.0,972001,1306.29,-43802476.3965387,,,,,,,
-20.0,-0.187023133877447,-1.985548510472208,-0.1124637192154662,0.0,2476.084134716208,20165.332754016872,22,44445,984000,0.0003,-1338862075904.0,0.05000000074505806,3.81338065063947e+22,657017339904.0,974001,1306.15,-43802605.682524994,,,,,,,
-20.0,0.06687725585664814,-2.2117681871968466,0.21003945339983693,0.0,3356.2844240074596,41465.58513438867,22,44520,986000,0.0003,-1327745466368.0,0.05000000074505806,2.2170680533589667e+22,645938020352.0,976001,1305.68,-43803136.326368056,,,,,,,
-20.0,-0.2246734718487273,-2.0008018457855017,-0.02661449741486593,0.0,2467.0870505531025,21459.675610995786,22,44591,988000,0.0003,-1429499543552.0,0.05000000074505806,3.378233847443678e+22,649331671040.0,978001,1306.07,-43803346.166564055,,,,,,,
-20.0,0.0893899940044302,-2.2117136539287277,0.1405129529533281,0.0,3352.5180649288172,40534.43772390233,22,44665,990000,0.0003,-1497068601344.0,0.05000000074505806,2.7917733025276412e+23,680074477568.0,980001,1305.34,-43803758.10212878,,,,,,,
-20.0,-0.19261500622988986,-1.9674746415189082,0.008506352232251347,0.0,2398.7045149916858,20875.543975615627,22,44739,992000,0.0003,-1430785097728.0,0.05000000074505806,2.0696976634724475e+22,654626717696.0,982001,1305.31,-43803712.4264382,,,,,,,
-20.0,0.0508734974970417,-2.1841953217306154,0.1080491586644251,0.0,3331.8287840643625,42061.949007177645,22,44814,994000,0.0003,-1503667159040.0,0.05000000074505806,4.0125145139230605e+22,721849942016.0,984001,1305.51,-43803943.286536716,,,,,,,
-20.0,-0.12776378917152803,-2.0520566893721286,0.0689466280017654,0.0,2520.5269564259997,20795.860441255478,22,44887,996000,0.0003,-1339573141504.0,0.05000000074505806,3.003717204591324e+22,621703004160.0,986001,1305.0,-43804153.906110495,,,,,,,
-20.0,-0.02043521635621002,-2.2307099714152803,0.0643351574011001,0.0,3363.972449736536,39456.76443636432,22,44958,998000,0.0003,-1413190123520.0,0.05000000074505806,3.911905449327492e+22,668903473152.0,988001,1304.86,-43804242.24177755,,,,,,,
-20.0,-0.07023343659312789,-2.0098753740250492,0.11849329857896614,0.0,2510.0302993202226,22367.320676987023,,,1000000,0.0003,-1520331653120.0,0.05000000074505806,3.226050460635388e+22,726065545216.0,990000,,,0.03514062500000002,0.0,40000.0,-144228840503.81796,10459522902.554049,0.0,0.0
,,,,,,,21,46149,1000000,0.0003,-1553915969536.0,0.05000000074505806,3.792748309666598e+22,679033503744.0,990001,1304.87,-43804233.018922135,,,,,,,
