rollout/acrobot_xk_applied_torque,rollout/acrobot_xk_elbow_norm,rollout/acrobot_xk_elbow_rate_norm,rollout/acrobot_xk_energy_error_norm,rollout/acrobot_xk_homoclinic_capture,rollout/acrobot_xk_lyapunov,rollout/acrobot_xk_lyapunov_rate,time/fps,time/time_elapsed,time/total_timesteps,train/learning_rate,train/actor_loss,train/alpha,train/alpha_loss,train/critic_loss,train/fraction,train/n_updates,rollout/ep_len_mean,rollout/ep_rew_mean,eval/best_strict_capture_mean_max_duration,eval/best_strict_capture_success_rate,eval/mean_ep_length,eval/mean_reward,eval/std_reward,eval/strict_capture_mean_max_duration,eval/strict_capture_success_rate
-0.21723398400296,0.009112458859480123,-0.0096584445744355,-0.991155684320137,0.0,1187.0570036036215,64.67660310150896,2110,0,2000,0.0003,,,,,,,,,,,,,,,
-0.0049138985876926,-0.03257785591983317,0.0786462409935898,-0.9860113115132314,0.0,1193.9789159725863,-19.38344097020341,2118,1,4000,0.0003,,,,,,,,,,,,,,,
-0.009895853701746163,0.005749312153009708,0.018427733352133505,-0.9834910742705385,0.0,1198.1209488821555,40.537331874402376,2133,2,6000,0.0003,,,,,,,,,,,,,,,
-0.2357622986589017,-0.01998034027440858,-0.028275593599364452,-0.9771896714828486,0.0,1219.4029746164945,40.85467385584366,2138,3,8000,0.0003,,,,,,,,,,,,,,,
0.0006334198852529127,-0.03827739378801219,-0.008815291796587727,-0.9737201181085273,0.0,1225.2523821370187,176.61824197996583,1481,6,10000,0.0003,-0.0790991559624672,1.0,-0.0,725191.125,98.34029388427734,1,,,,,,,,,
1.6055437177419658,0.14902190562641182,0.07680895162488076,-0.9791879186461832,0.0,1167.1880151751793,-182.70747345675247,165,72,12000,0.0003,26223.2890625,1.1280937194824219,0.05174217000603676,8481.6826171875,309.4364318847656,2001,,,,,,,,,
-1.0066194629669192,-0.030607191115542987,-0.317539729879649,-0.9766930513934665,0.0,1190.2083276123074,-15.383801842329447,99,140,14000,0.0003,70121.515625,1.4669843912124634,-0.27924713492393494,8007.88037109375,366.2948913574219,4001,,,,,,,,,
-7.421040675044058,-0.5030500181754769,-0.26516104917840533,-0.8420112675902743,0.0,962.8989482820826,-299.6989832837864,77,207,16000,0.0003,106800.34375,3.1158668994903564,-1.1749048233032227,24989.48046875,668.7919311523438,6001,,,,,,,,,
-9.745965259671195,-0.767405771793418,-0.12598212424136193,-0.6949403155610648,0.0,766.2740818364415,-120.48403491391296,65,275,18000,0.0003,135028.78125,5.499728679656982,-1.0389124155044556,44462.78125,828.4973754882812,8001,,,,,,,,,
-11.34001764476299,-0.35896131646892276,-0.3756244032373468,-0.5343749024649468,0.0,767.0194438105648,453.11639674727985,58,343,20000,0.0003,154742.078125,10.430532455444336,-3.191908121109009,214341.625,2821.480224609375,10001,,,,,,,,,
-0.7698727452754979,0.03418163996299961,-0.4973926290615892,-0.7247176029083416,0.0,1245.2142787927419,822.1505110927546,53,410,22000,0.0003,175664.890625,15.121169090270996,-1.916109561920166,2095237.5,4672.4892578125,12001,20658.0,-34772640.221509,,,,,,,
-2.5021111124753914,-0.20233140633958605,-0.07224276557035085,-0.9180599541891236,0.0,1029.4316542667937,-38.07589753403318,50,478,24000,0.0003,192736.015625,25.654403686523438,-1.292230248451233,4424275.5,6395.4619140625,14001,20658.0,-34772640.221509,,,,,,,
-3.487662818431854,-0.16962323155632594,0.07837225334270277,-0.9267051388473796,0.0,1042.712891093088,51.85256868966455,47,546,26000,0.0003,210421.859375,36.40334701538086,-0.7492287158966064,11102816.0,8994.0009765625,16001,20658.0,-34772640.221509,,,,,,,
-3.115683174133301,-0.12438513773241901,-0.026270716004602252,-0.9373292933319395,0.0,1060.4854255671494,-5.553969530475722,45,614,28000,0.0003,232885.359375,29.794919967651367,-0.3309045433998108,16960160.0,16939.396484375,18001,20658.0,-34772640.221509,,,,,,,
-0.3779341006278988,-0.09241041489347943,0.20186703405360643,-0.9261025038838965,0.0,1075.506358910245,-19.8030223569004,43,682,30000,0.0003,245276.984375,32.78540802001953,0.25001218914985657,14685328.0,19319.044921875,20001,20658.0,-34772640.221509,,,,,,,
6.158636953830719,0.3583516402532141,0.28782854030291954,-0.8231379496359758,0.0,891.307339774101,-237.8031477766428,42,749,32000,0.0003,239785.46875,66.5399169921875,-2.8544416427612305,40421984.0,30380.0078125,22001,20658.0,-34772640.221509,,,,,,,
8.410859710574144,0.6324951131937325,0.040627906772763955,-0.7295044411981941,0.0,764.3497032767793,-1.1798731943872092,41,817,34000,0.0003,217732.0,112.86457824707031,-3.882559299468994,74824752.0,40510.171875,24001,20658.0,-34772640.221509,,,,,,,
11.629553377032286,0.6239595213263853,0.03184654774785763,-0.7413616775260776,0.0,779.4415657400436,-41.49753531506008,40,885,36000,0.0003,158890.5625,190.67051696777344,-2.8530960083007812,117706136.0,40167.58984375,26001,20658.0,-34772640.221509,,,,,,,
5.280856592655178,0.6825358445592862,-0.0661110749400699,-0.6953702965813412,0.0,731.7948913005342,55.34418644393965,39,953,38000,0.0003,88914.4375,339.1410217285156,-1.625658631324768,269535552.0,52305.96875,28001,20658.0,-34772640.221509,,,,,,,
9.551685983538635,0.4387729139099964,-0.11765844041434,-0.8381757590016756,0.0,914.3060387347479,151.78125709915204,39,1020,40000,0.0003,54258.13671875,342.20440673828125,1.8897228240966797,135632096.0,33958.37109375,30001,20658.0,-34772640.221509,,,,,,,
6.425686560273169,0.37195938352992935,-0.08436421555686566,-0.8756545463670575,0.0,968.2390228035813,76.96983689904962,38,1087,42000,0.0003,54783.40625,187.04949951171875,1.1270062923431396,72944704.0,32419.685546875,32001,20658.0,-34772640.221509,,,,,,,
1.6491776430606842,0.1257744270340122,-0.21137599875904553,-0.9279189590826035,0.0,1058.2979756921854,50.719967916317465,38,1153,44000,0.0003,37133.00390625,97.20561218261719,2.1562836170196533,21636874.0,20104.931640625,34001,20658.0,-34772640.221509,,,,,,,
0.5959237718582153,-0.03277149233763773,0.05303247009283981,-0.9379115217079259,0.0,1061.664399302304,-4.098520625347668,37,1220,46000,0.0003,34654.30859375,58.8584098815918,0.6063157916069031,30789672.0,28826.76953125,36001,20658.0,-34772640.221509,,,,,,,
2.96773240923882,0.1911294747989787,0.16570205654402265,-0.9041585273792637,0.0,1006.2093204806981,-86.87147606745661,37,1286,48000,0.0003,30733.3828125,57.48834991455078,-0.02907548099756241,33553450.0,29615.361328125,38001,20658.0,-34772640.221509,,,,,,,
3.5046180486679086,0.22208736446869662,-0.11332773745517778,-0.9001060114993829,0.0,994.8516629386726,73.54311097626444,36,1353,50000,0.0003,22718.73828125,71.95068359375,-0.09764575958251953,19544172.0,35306.88671875,40001,20658.0,-34772640.221509,,,,,,,
4.632835326194765,0.16488468143011745,0.12833918749553758,-0.9113465784369793,0.0,1018.9410998962823,-89.25146633796108,36,1419,52000,0.0003,24780.388671875,85.4381332397461,-0.711361289024353,40271648.0,33453.2109375,42001,20658.0,-34772640.221509,,,,,,,
5.351228370070461,0.5147678376568476,0.19856064310882066,-0.7416571406573108,0.0,771.0615744340212,-241.75791145483856,36,1485,54000,0.0003,18413.080078125,95.50411224365234,0.11092938482761383,52349840.0,41778.0078125,44001,20658.0,-34772640.221509,,,,,,,
8.260050640106195,0.44040896340656155,-0.19638234061283105,-0.7684579353350974,0.0,788.1969286616795,185.1166191365739,36,1552,56000,0.0003,17581.58984375,85.36341094970703,0.27605584263801575,35578796.0,41467.20703125,46001,20658.0,-34772640.221509,,,,,,,
9.178309224247933,0.37949407658680584,0.1600166405765209,-0.8025484193539929,0.0,837.0011468744824,-216.9995118879094,35,1618,58000,0.0003,21150.619140625,64.65836334228516,0.8232974410057068,21256408.0,24382.138671875,48001,20658.0,-34772640.221509,,,,,,,
1.6778989428281779,0.2719698055056345,-0.3546380376597724,-0.7473417564388474,0.0,769.7892791207387,99.54660056370821,35,1685,60000,0.0003,25460.53515625,41.748416900634766,0.8259462714195251,17728184.0,24078.197265625,50001,20658.0,-34772640.221509,,,,,,,
-2.9230240565538432,-0.15440731839598862,-0.3098066549191617,-0.9004106314155119,0.0,1041.638720848108,-111.52624955591372,35,1752,62000,0.0003,16992.517578125,68.00619506835938,-3.287818670272827,15433343.0,13223.7841796875,52001,30329.0,-27793781.415654503,,,,,,,
-5.079754733443265,-0.2781351952477107,0.028657936588820626,-0.9542477830200181,0.0,1117.2675568783866,25.240505528746528,35,1819,64000,0.0003,15758.357421875,112.11946105957031,-0.8059698939323425,17427240.0,12429.2470703125,54001,30329.0,-27793781.415654503,,,,,,,
-4.978744791150086,-0.28195035990201534,-0.0072422685848370395,-0.9533412257563969,0.0,1115.3966133727406,-4.671588532099025,34,1888,66000,0.0003,29856.599609375,120.42189025878906,-0.012644387781620026,60392848.0,42644.53125,56001,30329.0,-27793781.415654503,,,,,,,
-6.501743364930149,-0.36071913392955407,-0.12866623143497488,-0.9204791076476704,0.0,1065.6704387983987,-130.38016056417422,34,1957,68000,0.0003,31414.599609375,111.53535461425781,0.43377685546875,47642120.0,39723.0625,58001,30329.0,-27793781.415654503,,,,,,,
-8.523887568116187,-0.5367516791301846,-0.09342399838241038,-0.8361155638960156,0.0,930.5781643747405,-105.72635702059428,34,2026,70000,0.0003,28872.802734375,118.2812271118164,0.21521329879760742,28052376.0,34411.39453125,60001,30329.0,-27793781.415654503,,,,,,,
-9.105443350076692,-0.6489313623049991,-0.04629140033046375,-0.7738930282265933,0.0,847.5385773415082,-48.96319722069867,34,2096,72000,0.0003,31563.568359375,133.25445556640625,-0.43223047256469727,37862808.0,27843.431640625,62001,30329.0,-27793781.415654503,,,,,,,
-9.681798177361474,-0.6622511934136026,0.005741484528031109,-0.7665451754086439,0.0,838.012460387081,6.658282512329572,34,2168,74000,0.0003,30512.9921875,151.45672607421875,-0.3596423268318176,44921536.0,34246.3046875,64001,30329.0,-27793781.415654503,,,,,,,
-9.298491117358207,-0.66225636054735,0.005334422161583072,-0.7667228659926053,0.0,838.2553542365893,5.850636178761953,33,2240,76000,0.0003,24995.392578125,178.46966552734375,-0.7624680399894714,102853328.0,46766.078125,66001,30329.0,-27793781.415654503,,,,,,,
-9.717265180945386,-0.6373811459035311,0.01761966185660632,-0.7820743570017356,0.0,857.1907151900197,19.8052752100796,33,2313,78000,0.0003,18326.15234375,190.52511596679688,0.3473772406578064,80342552.0,47873.27734375,68001,30329.0,-27793781.415654503,,,,,,,
-9.470810008049016,-0.6317812154842324,0.005133457478412264,-0.7853412909076456,0.0,861.6041368320493,5.499823894213919,33,2386,80000,0.0003,-1738.245361328125,193.23184204101562,-0.3255598843097687,65831600.0,36328.71875,70001,30329.0,-27793781.415654503,,,,,,,
-6.701984308958041,-0.5903659827170784,0.12859286513418172,-0.8027865185907638,0.0,897.7096120746376,214.7538295295079,33,2460,82000,0.0003,234.3082275390625,181.0170440673828,-0.0670824870467186,91476432.0,100012.4140625,72001,30329.0,-27793781.415654503,,,,,,,
-1.1678423190116969,0.4910174402049505,0.5516789107003316,-0.5054026850746304,0.0,1374.2870008452346,-213.52294412700581,33,2532,84000,0.0003,86.960693359375,202.10845947265625,0.1844908744096756,71867896.0,27597.498046875,74001,30329.0,-27793781.415654503,,,,,,,
-3.4609274244308463,-0.052296852249555215,-0.47452187691493,-0.7113412639383829,0.0,726.2398744683053,-270.6266201510145,33,2604,86000,0.0003,-99.280517578125,257.3858337402344,-0.5628064870834351,96022064.0,52940.046875,76001,30329.0,-27793781.415654503,,,,,,,
-2.4542783653736095,-0.6183642605418869,-0.36481825081456537,-0.5379107838456749,0.0,523.5465204343,-27.44765199450081,32,2676,88000,0.0003,-4545.4365234375,280.1881408691406,-0.702836275100708,106605192.0,104468.109375,78001,30329.0,-27793781.415654503,,,,,,,
-5.651848319768912,-0.49148472616825845,0.43551714125329466,-0.6804981183584687,0.0,974.8266047251674,582.6213596850015,32,2749,90000,0.0003,-30948.646484375,257.2699890136719,0.20380832254886627,95923104.0,56278.40234375,80001,30329.0,-27793781.415654503,,,,,,,
-3.2602504879236336,-0.48926305109098195,-0.2132943443743909,-0.7752675179753835,0.0,877.0507078044096,-261.47630304969937,32,2822,92000,0.0003,-23418.884765625,210.90916442871094,0.8806132674217224,41430216.0,30405.4453125,82001,30329.0,-27793781.415654503,,,,,,,
-8.627880398631085,-0.34395686338925485,0.10629738648323961,-0.7483035992333044,0.0,767.8897417257896,-166.89559157510936,32,2895,94000,0.0003,-15138.2724609375,153.1783447265625,-0.08248875290155411,35384800.0,28470.6328125,84001,30329.0,-27793781.415654503,,,,,,,
-6.9251646685600265,-0.2567817693114621,0.00978051940681332,-0.7854379875850603,0.0,796.3179100657522,21.529982735254897,32,2968,96000,0.0003,-7456.5048828125,84.10126495361328,0.6602739691734314,35142816.0,45028.1640625,86001,30329.0,-27793781.415654503,,,,,,,
-3.7109348219633134,-0.6381671480137665,-0.24734951702879523,-0.46480861137247087,0.0,452.45127167224524,-389.40940119976244,32,3042,98000,0.0003,7817.712890625,85.85248565673828,0.4441145658493042,135601488.0,83021.140625,88001,30329.0,-27793781.415654503,,,,,,,
0.3362067002058027,-0.4661036185146544,0.26320033241589114,-0.23347583314430667,0.0,179.63597771416295,-228.68833536896963,,,100000,0.0003,8314.7119140625,135.79820251464844,0.010816726833581924,106663920.0,79167.375,90000,,,0.0,0.0,40000.0,-8697209167.575089,5991317725.104199,0.0,0.0
,,,,,,,23,4251,100000,0.0003,1623.85791015625,135.800537109375,0.6038203835487366,39782768.0,33852.49609375,90001,30329.0,-27793781.415654503,,,,,,,
-10.16843028724193,-0.35407265437539026,-0.3712348944563734,-0.647558912962359,0.0,796.5399368548324,-229.32037970121,23,4323,102000,0.0003,5483.728515625,167.72726440429688,-1.0868924856185913,39618560.0,34052.44921875,92001,33552.666666666664,-24858707.971291002,,,,,,,
-9.92106059193611,-0.7301439866480735,-0.21000706776163505,-0.7054504983327595,0.0,781.873275537015,-181.73092923257113,23,4397,104000,0.0003,7700.41650390625,199.9270782470703,0.3831980228424072,78824816.0,52723.59765625,94001,33552.666666666664,-24858707.971291002,,,,,,,
4.090854852795602,0.346480836369456,-0.21510782900521266,-0.5819172195172085,0.0,786.7918458894254,200.04031089293196,23,4470,106000,0.0003,-5091.80078125,213.30149841308594,0.09081926196813583,24910440.0,19218.287109375,96001,33552.666666666664,-24858707.971291002,,,,,,,
14.157987431883821,0.08363004070300485,0.8841596709161079,-0.2386324781096317,0.0,892.7840382244608,-115.0604206667833,23,4543,108000,0.0003,5408.806640625,190.7823028564453,0.49124646186828613,184416640.0,143974.3125,98001,33552.666666666664,-24858707.971291002,,,,,,,
7.6763724625110665,0.35035832835609854,-0.05680173436588875,-0.1437469825660329,0.0,417.2408818675901,-103.6936809216485,23,4615,110000,0.0003,16722.966796875,188.619873046875,-1.025656819343567,138437120.0,67204.421875,100001,33552.666666666664,-24858707.971291002,,,,,,,
3.2904835152626015,-0.4647580029671466,-0.47165507244020444,-0.5805781477250502,0.0,640.1039796403113,97.38341036872725,23,4687,112000,0.0003,2009.8197021484375,225.30416870117188,0.6614823341369629,413754880.0,212956.609375,102001,33552.666666666664,-24858707.971291002,,,,,,,
18.191754441857334,0.09428465673795529,2.578542457452366,0.35687710056749455,0.0,4781.4005694221805,31988.626784127104,23,4760,114000,0.0003,-39100.88671875,473.9994812011719,-3.211210012435913,249626256.0,90649.734375,104001,28277.75,-25915906.0045605,,,,,,,
18.56904569208624,-0.07881398518695329,2.0876993673783795,0.10662216238533116,0.0,3064.4043669794714,36895.25861040444,24,4831,116000,0.0003,-58939.5078125,695.1538696289062,0.0005750581622123718,455273408.0,125180.296875,106001,19308.166666666668,-25278576.428798,,,,,,,
18.93559641361239,0.21941011485761,1.9630535051310694,-0.09665663602493851,0.0,2358.997359030621,17855.443365919993,24,4902,118000,0.0003,-60396.390625,623.3869018554688,1.1294243335723877,244108720.0,70477.734375,108001,16740.571428571428,-25095525.78367543,,,,,,,
17.819220629930502,-0.10133635815370069,2.093609558607101,0.13095933264372242,0.0,2939.296182053132,33231.076928072805,24,4973,120000,0.0003,-61656.48828125,492.49432373046875,-0.16654682159423828,480390784.0,110965.515625,110001,13328.888888888889,-24855785.175856445,,,,,,,
16.288926334381088,0.10576982417730194,1.769053301793009,-0.25076244124772173,0.0,2134.111943924788,14598.243321700233,24,5044,122000,0.0003,-49814.48046875,348.5360412597656,0.5650362968444824,290478208.0,77546.671875,112001,12137.0,-24772872.3132534,,,,,,,
8.91411908745765,0.07429345797771862,1.1520093125430952,-0.38818312641588937,0.0,1797.9991170657163,12068.43142283771,24,5115,124000,0.0003,-42140.73046875,245.24234008789062,-0.8535175323486328,158399200.0,44756.76171875,114001,11179.818181818182,-24710927.301424727,,,,,,,
6.133087502121924,0.3160790093872949,0.07580938553427567,-0.9274050872743553,0.0,1065.4011400855932,-73.21096527184417,24,5186,126000,0.0003,-37215.87109375,275.977783203125,0.7415168285369873,172049728.0,64800.58203125,116001,11179.818181818182,-24710927.301424727,,,,,,,
7.955392274260517,0.4858168992332884,0.1545033936373112,-0.8437839996053416,0.0,938.1792999676685,-169.57343371734768,24,5256,128000,0.0003,-33395.05859375,304.01287841796875,-0.31158730387687683,256787152.0,106480.671875,118001,11179.818181818182,-24710927.301424727,,,,,,,
7.764128847122192,0.5785562454268197,-0.061771417871276595,-0.7999683401260208,0.0,872.8621126001668,74.42350199834286,24,5327,130000,0.0003,-8231.806640625,308.8631286621094,0.14192132651805878,270371648.0,109355.046875,120001,11179.818181818182,-24710927.301424727,,,,,,,
9.459474415779122,0.48400912399684176,0.016619510308749523,-0.8546221403121702,0.0,950.9947454925392,-20.139447439096,24,5398,132000,0.0003,-6925.29833984375,318.82891845703125,-0.8784673810005188,453714752.0,123120.8125,122001,11179.818181818182,-24710927.301424727,,,,,,,
7.909734745025649,0.6526206177609115,0.13617369081481798,-0.7545584923905642,0.0,822.7433747985687,-133.1652118092381,24,5469,134000,0.0003,-40538.01953125,356.97833251953125,-0.622958779335022,226028256.0,50603.27734375,124001,11179.818181818182,-24710927.301424727,,,,,,,
8.213988558649985,0.5793055064008746,-0.20050581112685137,-0.7937832761166179,0.0,884.8058991244524,214.00062901750937,24,5540,136000,0.0003,-48191.8125,410.6082763671875,0.20619937777519226,671704320.0,160937.4375,126001,11179.818181818182,-24710927.301424727,,,,,,,
8.919806334972407,0.4540190659329101,0.057586331026965025,-0.8714556590674775,0.0,977.5187380733911,-69.48173086599364,24,5611,138000,0.0003,-52913.1171875,452.4099426269531,-0.03458490967750549,366369568.0,126894.0390625,128001,11179.818181818182,-24710927.301424727,,,,,,,
7.744600393772126,0.634564794969597,0.11781867646127132,-0.7674799132986404,0.0,837.6619635589335,-121.3200403545723,24,5682,140000,0.0003,-32768.765625,473.9508972167969,-0.4296920895576477,1194667264.0,244778.46875,130001,11179.818181818182,-24710927.301424727,,,,,,,
8.136503065228469,0.5453314711276165,-0.21219964933437663,-0.8139670590706575,0.0,911.8818002795877,235.3507986447443,24,5754,142000,0.0003,-77230.8828125,484.78375244140625,-0.4165804386138916,945241792.0,203039.671875,132001,11179.818181818182,-24710927.301424727,,,,,,,
7.001270115375516,0.35357731617088606,-0.00822791326494843,-0.9202632222486611,0.0,1056.1008147356401,9.727423385661599,24,5825,144000,0.0003,-80591.65625,541.3241577148438,-0.6601656079292297,1311851008.0,236419.8125,134001,11179.818181818182,-24710927.301424727,,,,,,,
6.678438905477526,0.43756447090163747,0.06442481955896934,-0.8831531865092911,0.0,996.9424678201822,-65.97963940353699,24,5896,146000,0.0003,-146489.328125,611.2863159179688,-0.7674776315689087,1182372096.0,316823.96875,136001,11179.818181818182,-24710927.301424727,,,,,,,
6.801514668464662,0.3956058472923803,-0.09711764109817175,-0.9018846514244341,0.0,1028.9464141520398,102.86708577628409,24,5967,148000,0.0003,-172470.3125,706.453857421875,-0.7500450015068054,1431335552.0,316967.90625,138001,11179.818181818182,-24710927.301424727,,,,,,,
6.507847172021866,0.3370059177514188,0.0413534816480805,-0.9281430362836801,0.0,1070.1680654040556,-38.45615142574644,24,6038,150000,0.0003,-166173.484375,797.7890625,-0.5234190821647644,3508890624.0,453267.75,140001,11179.818181818182,-24710927.301424727,,,,,,,
6.58896555244923,0.4581854230332057,0.05908694199061651,-0.8751062614373759,0.0,986.4857116421342,-59.24562289335522,24,6110,152000,0.0003,-247409.046875,944.5178833007812,0.804491400718689,2347669389312.0,173859.65625,142001,11179.818181818182,-24710927.301424727,,,,,,,
7.317057448625564,0.3977023144826589,-0.07290424168571562,-0.9036727365199257,0.0,1032.0334779791733,77.76487812055225,24,6181,154000,0.0003,-351981.375,1086.6416015625,0.3385821580886841,3330815488.0,604391.625,144001,11179.818181818182,-24710927.301424727,,,,,,,
8.065780671834936,0.4306523042328684,0.11659559058243642,-0.8861649002798169,0.0,1006.4326219166013,-127.85469811349357,24,6252,156000,0.0003,-392706.53125,1345.6708984375,-0.11041058599948883,3512545792.0,340689.0,146001,11179.818181818182,-24710927.301424727,,,,,,,
8.163728190660464,0.6538632060524041,0.11932185534176214,-0.7649155953778216,0.0,840.5848423844102,-122.7360140081173,24,6324,158000,0.0003,-454044.75,1754.580322265625,-1.7044121026992798,13764562944.0,941748.0625,148001,11179.818181818182,-24710927.301424727,,,,,,,
10.434114288091662,0.7123054373059003,0.014719247202307975,-0.7344813878301495,0.0,801.2255797525036,-15.781406475581356,25,6395,160000,0.0003,-470159.0625,2200.45361328125,-0.9880874752998352,23696629760.0,1088059.75,150001,11179.818181818182,-24710927.301424727,,,,,,,
10.196679844856279,0.8197104762048152,0.14299294960872624,-0.6609211774577085,0.0,738.6741526263392,-87.25225857809679,25,6467,162000,0.0003,-647986.9375,2730.584716796875,-0.5545415878295898,11176968192.0,1017668.25,152001,11179.818181818182,-24710927.301424727,,,,,,,
3.1922104203701016,-0.08468073617683392,0.2894643039820161,-0.7703289478618204,0.0,959.596730133882,83.21279168383398,25,6538,164000,0.0003,-848068.5,3376.685791015625,-1.0552284717559814,37907693568.0,1148106.125,154001,13581.5,-24401433.881952997,,,,,,,
6.635606306791305,0.4123978711020648,0.2592835699081004,-0.8725659309723224,0.0,998.0857783065273,-262.7279070807513,25,6610,166000,0.0003,-1179425.75,4019.2900390625,0.0486278310418129,17609932800.0,780968.8125,156001,13581.5,-24401433.881952997,,,,,,,
8.372937051653858,0.6236673767704807,0.015821242219620026,-0.7807657455565412,0.0,851.0052484210055,-8.996834622422444,25,6681,168000,0.0003,-1254772.125,4974.85107421875,-0.821336030960083,24155717632.0,728055.4375,158001,13581.5,-24401433.881952997,,,,,,,
11.225750517845144,0.647054784056226,0.0880388920011323,-0.7639956762507296,0.0,833.2073559443297,-101.40486357368944,25,6753,170000,0.0003,-1808916.375,5851.42431640625,-0.4654236137866974,26147307520.0,1199958.875,160001,13581.5,-24401433.881952997,,,,,,,
6.015097783803955,0.8604220250483757,0.1404086616136558,-0.6352414475175943,0.0,718.1947275478486,-48.690871742835384,25,6824,172000,0.0003,-1851453.375,6701.89990234375,0.696704626083374,204066684928.0,3763077.5,162001,13581.5,-24401433.881952997,,,,,,,
2.7477334928512573,0.7646602650343879,0.045523135115719024,-0.6014489799743538,0.0,722.0999169903531,23.809760994040662,25,6896,174000,0.0003,-2272675.5,7712.45654296875,0.10598689317703247,77110714368.0,2320501.25,164001,13581.5,-24401433.881952997,,,,,,,
-4.7620874780416464,-0.8963702578491366,0.1350123003353947,-0.6109868231203309,0.0,824.8915147023876,231.0206853931506,25,6968,176000,0.0003,-2142468.75,8721.97265625,0.24813565611839294,184801067008.0,4417839.0,166001,13581.5,-24401433.881952997,,,,,,,
-14.990254314541819,-0.6969014736777864,-0.18113998628358544,-0.6055331487973716,0.0,879.3506910815087,-394.51313193909385,25,7039,178000,0.0003,-2791338.25,9695.69921875,-1.1707406044006348,164989075456.0,4568265.5,168001,13581.5,-24401433.881952997,,,,,,,
9.997780165672307,0.5587254234836743,-0.43993767340910417,-0.523430596264426,0.0,538.2514293931199,104.67698308515958,25,7111,180000,0.0003,-3500055.0,10368.806640625,-0.023511946201324463,259067428864.0,6100761.0,170001,13581.5,-24401433.881952997,,,,,,,
9.023619421124465,0.3280144586787933,0.12972434093091778,-0.7167138767226249,0.0,668.3490857090035,-116.6274199327143,25,7183,182000,0.0003,-4151931.5,11333.9931640625,0.5683977603912354,205218725888.0,1462545.625,172001,13581.5,-24401433.881952997,,,,,,,
5.936133623719203,0.7165831038778261,0.27181806468300934,-0.38486292318297166,0.0,380.23328921524563,-163.71376508333628,25,7254,184000,0.0003,-4913273.0,12353.6298828125,-0.41635841131210327,438593519616.0,7533246.5,174001,13581.5,-24401433.881952997,,,,,,,
-6.117587730288501,0.41251312257253225,-0.5858587426853765,-0.1278769508539967,0.0,521.6517159015137,-274.63196030784883,25,7326,186000,0.0003,-5316509.0,13816.3828125,1.5495610237121582,592186900480.0,7640921.0,176001,13581.5,-24401433.881952997,,,,,,,
9.762111198306084,0.1582327070069391,-0.017337301126327913,-0.019891783357366,0.0,128.54610830857334,-77.94109356605544,25,7397,188000,0.0003,-5979977.0,14324.2998046875,-0.7181350588798523,264900771840.0,2973077.25,178001,13581.5,-24401433.881952997,,,,,,,
4.355306586623193,-0.31851674565456284,-0.3260980022012917,-0.0965518921462618,0.0,157.83909375646263,89.36343937176275,25,7469,190000,0.0003,-5958145.5,16153.54296875,0.7095754146575928,475219263488.0,4608183.5,180001,13581.5,-24401433.881952997,,,,,,,
-9.330863572359082,-0.579790576795299,-0.016773947767007302,-0.09451217435457843,0.0,193.65549512077874,610.5325092133124,25,7540,192000,0.0003,-7118007.5,17883.361328125,-1.8005027770996094,316304982016.0,3978207.5,182001,13581.5,-24401433.881952997,,,,,,,
-0.8378405261039696,-0.06945684687442559,0.512963459359635,-0.5513648409927547,0.0,512.7972460683812,-262.4498322123962,25,7612,194000,0.0003,-7684178.0,18949.287109375,-1.2798041105270386,578479718400.0,4694579.0,184001,13581.5,-24401433.881952997,,,,,,,
8.181766894459686,0.2326283062205694,-0.35028244417800225,-0.26141878983643135,0.0,369.1834943473897,-246.64776981467568,25,7683,196000,0.0003,-8439631.0,19798.984375,-0.013895481824874878,1790972526592.0,14204613.0,186001,13581.5,-24401433.881952997,,,,,,,
-11.72182050406933,-0.43154063942082066,0.0039068105312024815,-0.2445054998278414,0.0,229.6461781976617,284.5271143650792,25,7754,198000,0.0003,-8587736.0,20794.361328125,-1.6098885536193848,1409962082304.0,9987851.0,188001,13581.5,-24401433.881952997,,,,,,,
2.1747528988122964,-0.03385343097590634,0.34362204749540115,-0.5310465434285554,0.0,393.7933725796198,-57.63416379249057,,,200000,0.0003,-8517164.0,21169.4375,0.32754313945770264,2724833001472.0,13184021.0,190000,,,0.011234375000000008,0.0,40000.0,-498786.4151840009,155976.61034271456,0.011234375000000008,0.0
,,,,,,,22,8959,200000,0.0003,-9619240.0,21171.80078125,0.9001588225364685,1475740827648.0,12076874.0,190001,13581.5,-24401433.881952997,,,,,,,
9.951971238851536,0.15642915681268388,-0.5466060293638321,-0.1852639219455687,0.0,600.2939981521524,-167.22406477455434,22,9028,202000,0.0003,-10317619.0,21664.76171875,0.025672048330307007,1952292798464.0,15008764.0,192001,13581.5,-24401433.881952997,,,,,,,
3.989648399949073,-0.2027961156887034,0.15945150162928623,-0.6116893776185278,0.0,687.7749094016134,-48.61131322633056,22,9097,204000,0.0003,-9783141.0,23728.8671875,-0.05637446045875549,1942189768704.0,10294824.0,194001,15613.692307692309,-23597835.656692073,,,,,,,
8.20290739297866,0.44770018009255863,0.24085288336517513,-0.8633066359194869,0.0,983.4480953831031,-289.59049520824834,22,9167,206000,0.0003,-12459308.0,24911.931640625,0.31088319420814514,838846644224.0,3920934.25,196001,15613.692307692309,-23597835.656692073,,,,,,,
6.860405073165885,0.3697629571056793,0.36269569021053916,-0.6028573989982317,0.0,726.3570441843833,-25.523254294129266,22,9237,208000,0.0003,-12860543.0,26877.048828125,-0.6444860696792603,1058607726592.0,6729215.0,198001,15613.692307692309,-23597835.656692073,,,,,,,
-17.677199846506095,-0.6708476701430728,-0.15437844260821357,-0.564868808722676,0.0,865.1927113176196,-255.40239077663534,22,9308,210000,0.0003,-13955128.0,29452.86328125,-0.004202038049697876,1136453484544.0,8815997.0,200001,15613.692307692309,-23597835.656692073,,,,,,,
-1.856776556968694,0.15106444381401118,-0.8473130648372268,0.0177890855303713,0.0,448.5248120095904,-488.7093292411115,22,9379,212000,0.0003,-14696261.0,32961.7734375,-0.8055852651596069,3040855195648.0,14905397.0,202001,15613.692307692309,-23597835.656692073,,,,,,,
-12.357849987745292,-0.42814411645907535,0.18025721520547672,-0.05431257871442716,0.0,317.4906770189527,341.6562007291117,22,9449,214000,0.0003,-15796238.0,35656.2578125,0.5710137486457825,2179332440064.0,10559258.0,204001,15613.692307692309,-23597835.656692073,,,,,,,
4.364565395712851,0.08902008850662753,0.2556105515304622,-0.5305823020106092,0.0,375.00377637024076,-18.753401006600892,22,9520,216000,0.0003,-17544646.0,37067.51953125,0.9513860940933228,3127183409152.0,10782678.0,206001,15613.692307692309,-23597835.656692073,,,,,,,
7.414562346935296,0.29226498048814303,-0.47119853512749843,-0.26392046180426304,0.0,493.5317667863505,282.8074816347217,22,9591,218000,0.0003,-18231580.0,39276.609375,0.4492344260215759,2684193603584.0,7461452.0,208001,15613.692307692309,-23597835.656692073,,,,,,,
-9.688845741152765,-0.590255146609901,-0.018985711620693017,-0.2630063364637733,0.0,309.8266003133078,-83.64540556938894,22,9662,220000,0.0003,-17268944.0,42121.98046875,0.7530355453491211,3695536242688.0,18696390.0,210001,15613.692307692309,-23597835.656692073,,,,,,,
4.322001214027403,-0.020287735918846212,0.5409704926243485,-0.5297160018541484,0.0,469.6910982831952,-256.06384697812746,22,9732,222000,0.0003,-20815986.0,43999.546875,0.3954624533653259,3364520722432.0,14408011.0,212001,15613.692307692309,-23597835.656692073,,,,,,,
8.190175955295572,0.03874925923834263,-0.8165775942530725,-0.13761428701802145,0.0,676.8141672647736,99.24224044840567,22,9803,224000,0.0003,-17991182.0,46908.390625,0.5288221836090088,6650202161152.0,17670396.0,214001,15613.692307692309,-23597835.656692073,,,,,,,
12.770082533359528,-0.7371387488308585,0.2036154441921292,-0.25042793187713175,0.0,289.6307267986354,-229.03761939108236,22,9874,226000,0.0003,-20410256.0,48362.22265625,-1.5272924900054932,4038083477504.0,15871867.0,216001,15613.692307692309,-23597835.656692073,,,,,,,
5.093902213573447,-0.19815509083059338,0.5026915218901078,-0.03292755492244464,0.0,133.82612570448435,153.34083626101986,22,9945,228000,0.0003,-21651576.0,50711.45703125,-0.23309719562530518,20661909061632.0,41230680.0,218001,15613.692307692309,-23597835.656692073,,,,,,,
5.41674072325228,-0.13426319977087342,-0.45596117378868056,0.35367130213677594,0.0,706.7548069152023,1049.0361199739432,22,10015,230000,0.0003,-22840258.0,53416.79296875,-0.3821132779121399,7236474634240.0,25790150.0,220001,15613.692307692309,-23597835.656692073,,,,,,,
2.3330607265233954,0.04625743639598474,0.0009131533246154506,0.30348487787488265,0.0,691.4858735387502,506.63349839544316,23,10086,232000,0.0003,-24345610.0,55238.921875,-0.21800172328948975,4498739167232.0,22420068.0,222001,15613.692307692309,-23597835.656692073,,,,,,,
6.497595764994618,-0.12543329940182246,0.39424223610759745,0.47683759282454186,0.0,634.1455735117308,-1549.4974837282655,23,10157,234000,0.0003,-28524564.0,57431.33984375,0.082866370677948,4440123244544.0,9648586.0,224001,15613.692307692309,-23597835.656692073,,,,,,,
-0.36489304125309263,-0.15641097047672173,-0.011650390039257299,0.4747632794024006,0.0,777.577128255092,353.6026693433051,23,10228,236000,0.0003,-28073316.0,60545.03515625,0.40400588512420654,6289151754240.0,22691240.0,226001,15613.692307692309,-23597835.656692073,,,,,,,
3.452783087491974,-0.08416690170885534,-0.2052594475787537,0.6292925584522512,0.0,1009.9814379766225,88.07196737749435,23,10299,238000,0.0003,-24654456.0,62848.53515625,-3.3217058181762695,13885915529216.0,39287784.0,228001,15613.692307692309,-23597835.656692073,,,,,,,
6.19270122647284,-0.004895281911875447,-0.21613893091768047,0.6454645421481374,0.0,953.3726399663328,495.2407807271829,23,10370,240000,0.0003,-31389624.0,64441.5546875,-0.11930081248283386,3059450118144.0,10062888.0,230001,15613.692307692309,-23597835.656692073,,,,,,,
5.994330558180805,0.024522063551416676,0.49703775271024403,0.7025670733473187,0.0,868.5019007759015,-574.5430292172601,23,10441,242000,0.0003,-31348500.0,64426.87109375,2.730928421020508,4936412692480.0,9213707.0,232001,15613.692307692309,-23597835.656692073,,,,,,,
0.21813960909843513,0.01128158326912344,-0.07926273708111319,-0.12899935868977155,0.0,1084.6420444318032,149.92640661589786,23,10512,244000,0.0003,-30973204.0,65633.515625,-1.7635984420776367,15715534897152.0,44494000.0,234001,17355.571428571428,-22967222.919118922,,,,,,,
6.615268571376801,0.3155181507185649,0.21054727933966372,-0.8767400050459074,0.0,974.3832678440606,-205.19126788265183,23,10583,246000,0.0003,-29582576.0,66240.3828125,0.2345372438430786,30431059640320.0,48826964.0,236001,17355.571428571428,-22967222.919118922,,,,,,,
9.004432594180107,0.4208378843438302,0.45190329858146,-0.5571538454549363,0.0,671.885695849961,-101.67212633374969,23,10654,248000,0.0003,-34503240.0,66949.7890625,0.6017746925354004,28935966425088.0,41914536.0,238001,17355.571428571428,-22967222.919118922,,,,,,,
-16.910514128208167,-0.6308171542971792,-0.13587265206259955,-0.5573677071890116,0.0,863.0390071728539,-256.457983167971,23,10725,250000,0.0003,-37620980.0,71430.296875,2.28790283203125,7734886924288.0,27445112.0,240001,17355.571428571428,-22967222.919118922,,,,,,,
10.814642860293388,0.6172031496577806,-0.40639195461839284,-0.5443164681124077,0.0,599.3182281474046,326.31164187235026,23,10796,252000,0.0003,-32493674.0,72903.5625,-0.4895731508731842,65274661306368.0,78759408.0,242001,17355.571428571428,-22967222.919118922,,,,,,,
10.942802453041077,0.43272333111540684,0.19004464347865876,-0.7513988772016721,0.0,760.7897183259581,-251.09695003145976,23,10867,254000,0.0003,-38532136.0,73292.2734375,-0.746435284614563,23315481624576.0,53704048.0,244001,17355.571428571428,-22967222.919118922,,,,,,,
-2.4386574882268808,0.05991724875817161,0.32555767045148054,-0.41884929643162566,0.0,533.7131364438783,77.01305123995763,23,10938,256000,0.0003,-41520820.0,75574.4765625,-0.5977556109428406,7736005754880.0,11152116.0,246001,17355.571428571428,-22967222.919118922,,,,,,,
-6.74753681778907,0.10333094675136711,-0.7972512177560673,-0.11142414137289547,0.0,696.9698935752774,-583.7819852085693,23,11009,258000,0.0003,-40567980.0,80932.640625,-1.4832721948623657,14548192985088.0,46550564.0,248001,17355.571428571428,-22967222.919118922,,,,,,,
12.625604925751688,0.17399004415733849,0.2364903801447372,0.003176012432109191,0.0,110.42452399549812,93.2904600478061,23,11080,260000,0.0003,-42903572.0,79095.171875,1.701074242591858,8972370182144.0,10802171.0,250001,17355.571428571428,-22967222.919118922,,,,,,,
1.1598573464155206,0.005620456385632499,-0.31945851556158933,0.10178859768502849,0.0,357.9321205652755,-20.55794802768156,23,11151,262000,0.0003,-38533968.0,80164.4765625,-1.2139856815338135,27586608496640.0,48639036.0,252001,17355.571428571428,-22967222.919118922,,,,,,,
11.312181571722038,0.12460019156546243,0.3286733453157651,0.19290584018926424,0.0,184.43304928497153,66.74688404117276,23,11222,264000,0.0003,-40811984.0,80820.109375,-2.943006992340088,13523771981824.0,30513128.0,254001,17355.571428571428,-22967222.919118922,,,,,,,
1.3994100153446207,-0.06288875191855087,-0.12061399356709349,0.2859107326297162,0.0,433.6623375140118,231.21332341055302,23,11293,266000,0.0003,-39164020.0,81178.1484375,-0.39679452776908875,54419135660032.0,54361608.0,256001,17355.571428571428,-22967222.919118922,,,,,,,
9.845477303266515,0.11299078945759618,-0.23554071896234613,0.4050455651410312,0.0,470.641703571704,-89.90544496471809,23,11366,268000,0.0003,-44153744.0,81304.359375,-0.21988633275032043,20810957848576.0,46187016.0,258001,17355.571428571428,-22967222.919118922,,,,,,,
10.252113268375389,0.059901160688534835,0.29600156286235607,0.4524071180166443,0.0,387.7546921844083,286.3886608749408,23,11438,270000,0.0003,-46103724.0,83640.796875,-1.2094658613204956,17665584267264.0,40076924.0,260001,17355.571428571428,-22967222.919118922,,,,,,,
6.091486371755602,0.10923556113886775,0.038124924165970867,0.541676486101009,0.0,540.1077253284544,114.81151849844868,23,11510,272000,0.0003,-44948020.0,85241.265625,0.7833951711654663,36061086482432.0,56673680.0,262001,17355.571428571428,-22967222.919118922,,,,,,,
14.188936588168133,0.2464544384347008,0.03064069927526292,0.6316096067088243,0.0,602.6164785684484,-22.923374958233435,23,11588,274000,0.0003,-50099984.0,86641.1953125,1.885418176651001,54604721029120.0,90331008.0,264001,17355.571428571428,-22967222.919118922,,,,,,,
16.33530626535416,0.24211860790580045,-0.06266830645807017,0.6031664259137463,0.0,610.0030386059708,-101.27557459342279,23,11666,276000,0.0003,-47376796.0,86659.703125,1.1520271301269531,24370474909696.0,38453564.0,266001,17355.571428571428,-22967222.919118922,,,,,,,
16.736552336812025,0.22770710960026982,0.09090910722903675,0.6266460416407968,0.0,615.8593489192252,268.80858434228156,23,11744,278000,0.0003,-50375900.0,89440.34375,3.184237003326416,17505995194368.0,23104892.0,268001,17355.571428571428,-22967222.919118922,,,,,,,
16.3621941703558,0.22253667536397453,-0.04808638604729727,0.652163646255617,0.0,639.4851590356903,105.76645116659452,23,11822,280000,0.0003,-38972140.0,92073.9609375,-1.151268720626831,116030370217984.0,65618820.0,270001,17355.571428571428,-22967222.919118922,,,,,,,
14.529882414937028,0.23864900357583346,-0.13921790470796466,0.7183470846749571,0.0,699.9329714495502,-411.6256189054212,23,11900,282000,0.0003,-48574860.0,94704.2578125,0.772972822189331,26884691722240.0,41601728.0,272001,17355.571428571428,-22967222.919118922,,,,,,,
8.829909601807609,0.1603962020707985,0.25099526162373775,-0.13310226955860766,0.0,942.1721380832699,375.68709588787027,23,11978,284000,0.0003,-56757040.0,98452.4296875,-0.22131085395812988,62691540467712.0,90609504.0,274001,18865.2,-22407960.08211993,,,,,,,
5.693244248628623,0.2685893299440919,0.1205977773451288,-0.9093629451524343,0.0,1021.2745877810587,-104.2246680777644,23,12056,286000,0.0003,-54005120.0,99696.6875,1.0748648643493652,26782426202112.0,48859144.0,276001,18865.2,-22407960.08211993,,,,,,,
11.213508644104015,0.6266102032366326,0.4284143222098596,-0.6540294002993581,0.0,744.977574913346,-365.63972097380093,23,12134,288000,0.0003,-53020356.0,101479.8515625,-0.09495675563812256,48104862646272.0,89291168.0,278001,18865.2,-22407960.08211993,,,,,,,
-18.30002001285552,-0.44734219539016207,-0.1279781146368777,-0.47729787805918433,0.0,676.1732200755226,-129.37867234765667,23,12212,290000,0.0003,-58929744.0,106589.1953125,0.40893837809562683,24812476956672.0,29853692.0,280001,18865.2,-22407960.08211993,,,,,,,
-7.082195878028877,-0.05577639194844745,-0.8852110362756622,0.06364356933259045,0.0,533.626886608353,-368.598357032477,23,12289,292000,0.0003,-60425548.0,109758.8515625,0.8834611177444458,38797655932928.0,53791036.0,282001,18865.2,-22407960.08211993,,,,,,,
-6.001108971834179,-0.1831225747627437,0.2727298364828588,-0.30694556710175996,0.0,281.0729590027709,122.27207824172112,23,12367,294000,0.0003,-67257992.0,110474.9453125,1.2599341869354248,21191844691968.0,26850300.0,284001,18865.2,-22407960.08211993,,,,,,,
10.262649756073948,0.15031165406375058,0.3058539717649132,-0.2810155264684571,0.0,191.524658906145,-90.9190119418393,23,12445,296000,0.0003,-55633560.0,113348.8515625,-1.310463547706604,79624910405632.0,75988752.0,286001,18865.2,-22407960.08211993,,,,,,,
0.03629521727562593,0.2741916472890345,-0.4755995300643064,-0.05778456915808186,0.0,457.8542036688723,112.86914985847531,23,12523,298000,0.0003,-57457824.0,116208.390625,0.9882046580314636,79889428381696.0,82014712.0,288001,18865.2,-22407960.08211993,,,,,,,
9.471888989210136,-0.48024110787337215,0.009057425509443013,-0.11453331513009633,0.0,131.43249092248905,-0.7128008130190276,,,300000,0.0003,-68165024.0,118279.6640625,0.19062170386314392,26141201006592.0,26566278.0,290000,,,0.011234375000000008,0.0,40000.0,-53158.48562982117,5987.3580295033635,0.0,0.0
,,,,,,,21,13940,300000,0.0003,-56623600.0,118281.6953125,2.507166862487793,295571260702720.0,169767456.0,290001,18865.2,-22407960.08211993,,,,,,,
10.113190119862564,0.09481461297219872,0.41864174419303435,0.015503347021608337,0.0,159.8378215582847,-125.56225650144567,21,14015,302000,0.0003,-63057416.0,120584.6875,1.77516770362854,87442128371712.0,77586408.0,292001,18865.2,-22407960.08211993,,,,,,,
1.3490055269002896,-0.12511720577021007,-0.24353627635136194,0.14211654199279977,0.0,301.5839057232759,41.40275211402453,21,14091,304000,0.0003,-69910368.0,122699.7890625,1.211958408355713,82147641655296.0,81396832.0,294001,18865.2,-22407960.08211993,,,,,,,
10.1497455239296,0.15936810693667378,0.22339833431165962,0.2441252331807134,0.0,200.82991564405907,354.55439261542705,21,14167,306000,0.0003,-66095400.0,125960.890625,-0.23994088172912598,28871395115008.0,35556880.0,296001,18865.2,-22407960.08211993,,,,,,,
4.1587319093942625,-0.10806280179790916,-0.006804595637746979,0.34738251563177686,0.0,570.0565046536503,30.05114725242562,21,14241,308000,0.0003,-70130800.0,131758.609375,-1.2208701372146606,31724201312256.0,22760018.0,298001,18865.2,-22407960.08211993,,,,,,,
6.761813922524466,0.04452491053712003,-0.24642757136954507,0.4323705919757753,0.0,508.303478017147,-142.74006793091547,21,14311,310000,0.0003,-56508388.0,134292.875,-1.3837692737579346,211659377344512.0,129523520.0,300001,18865.2,-22407960.08211993,,,,,,,
10.595985687971115,0.11316537804625963,0.27293684265646595,0.48388626160425113,0.0,432.3531517017955,112.2511032367845,21,14382,312000,0.0003,-69682512.0,137353.5625,-2.610476493835449,97602066448384.0,119348000.0,302001,18865.2,-22407960.08211993,,,,,,,
6.9079189932346345,0.0887555359368195,-0.07769594083625847,0.5522920953654678,0.0,568.4771039337182,478.60316963033233,21,14453,314000,0.0003,-72514704.0,139171.328125,0.8498862981796265,32759468785664.0,36022908.0,304001,18865.2,-22407960.08211993,,,,,,,
11.547082128524783,0.23326276027429504,0.08253067800295522,0.5860264568197393,0.0,513.2575041363987,-289.78378967297874,21,14523,316000,0.0003,-60882040.0,140882.890625,0.9792657494544983,148153990905856.0,130352920.0,306001,18865.2,-22407960.08211993,,,,,,,
11.084326113462451,0.11013322517972536,-0.2691323172818912,0.563869209718489,0.0,664.3990066000073,-66.59745237859981,21,14594,318000,0.0003,-77586192.0,148110.796875,-0.5193392038345337,224664219549696.0,174956864.0,308001,18865.2,-22407960.08211993,,,,,,,
10.432730872631074,0.10283620542050832,0.2680612616620828,0.6341385097718581,0.0,641.0185738980939,219.0214986278183,21,14665,320000,0.0003,-77318784.0,147059.0,1.3351311683654785,58402126430208.0,86751928.0,310001,18865.2,-22407960.08211993,,,,,,,
14.553014101386063,0.22474350586561234,-0.007193743213365901,0.647553963410789,0.0,637.9105740253397,63.05205829344318,21,14735,322000,0.0003,-69472560.0,149350.34375,-0.41492998600006104,83778923921408.0,61755496.0,312001,18865.2,-22407960.08211993,,,,,,,
5.998883532881741,0.1297799675614407,-0.10445838169305083,-0.1439793832820628,0.0,1058.3680129045329,-229.56255965208243,21,14806,324000,0.0003,-72635808.0,150730.0,2.0634913444519043,69545888841728.0,73355728.0,314001,20186.125,-21801112.905684188,,,,,,,
8.440241923332234,0.644801113615338,0.40311158956701065,-0.7036103818784782,0.0,803.5547779892672,-387.45394178656494,21,14877,326000,0.0003,-58769872.0,151265.109375,1.5536209344863892,103845665439744.0,123133376.0,316001,20186.125,-21801112.905684188,,,,,,,
-7.158230729103092,-0.543424064001941,0.163741498855887,-0.6027572606167524,0.0,801.1955450993844,229.37725715398446,21,14948,328000,0.0003,-63956728.0,151029.0,-1.6840684413909912,215711511216128.0,132809128.0,318001,20186.125,-21801112.905684188,,,,,,,
-11.90981330275536,-0.3768288572994635,-0.23847824082357705,-0.5549540123306409,0.0,747.3081953031798,-404.384049124356,21,15019,330000,0.0003,-65302576.0,153817.84375,-1.5917731523513794,195179923374080.0,154946960.0,320001,20186.125,-21801112.905684188,,,,,,,
12.633169003129007,0.5319294711686747,-0.27684007946749856,-0.6287345824289159,0.0,623.8279994542733,210.67226123980714,22,15090,332000,0.0003,-78563728.0,154535.96875,-0.3749338984489441,60533218738176.0,54827076.0,322001,20186.125,-21801112.905684188,,,,,,,
12.937116841077794,0.4864447096590153,0.18874228216632108,-0.6689745685714152,0.0,644.34555824633,-300.38162438268665,22,15161,334000,0.0003,-79302904.0,154359.953125,-0.3352266550064087,27700064419840.0,27824898.0,324001,20186.125,-21801112.905684188,,,,,,,
-6.3134128695726375,0.8848566336365152,0.1063474794039101,-0.3499881040092721,0.0,436.5243571469478,48.09162473365087,22,15232,336000,0.0003,-79430416.0,157479.953125,-0.9397213459014893,245787640463360.0,162915200.0,326001,20186.125,-21801112.905684188,,,,,,,
12.334040114283555,0.44570078612104147,-0.31807865921529743,-0.25964376380087806,0.0,300.6440870483197,-265.84683170979025,22,15303,338000,0.0003,-87037480.0,160401.375,1.2676563262939453,65939626262528.0,96283480.0,328001,20186.125,-21801112.905684188,,,,,,,
-1.573182646036143,0.4574813207853382,-0.030341015458595962,-0.28443675447312283,0.0,230.1085584825573,143.17610433806414,22,15374,340000,0.0003,-88549912.0,162773.265625,-0.010992109775543213,143181425410048.0,147536112.0,330001,20186.125,-21801112.905684188,,,,,,,
2.002240009307861,0.13385360059222143,-0.19917657936630387,-0.15928865654708435,0.0,71.70428064916523,-260.25119539887334,22,15444,342000,0.0003,-70333976.0,165297.46875,0.5754186511039734,423474682134528.0,190885120.0,332001,20186.125,-21801112.905684188,,,,,,,
2.586861092448233,-0.09436067069638289,-0.11654773984514293,-0.19342828872392193,0.0,60.80376972649992,17.877313238106975,22,15515,344000,0.0003,-94225184.0,169539.640625,0.8845347166061401,94439401848832.0,63229032.0,334001,20186.125,-21801112.905684188,,,,,,,
9.316330022811886,0.09537422676168619,0.28920462163877697,-0.09767457049007003,0.0,90.87938475061225,74.13536672594522,22,15586,346000,0.0003,-105915552.0,169053.984375,-0.2763304114341736,205361277566976.0,114410032.0,336001,20186.125,-21801112.905684188,,,,,,,
3.668154644370076,-0.04780359104722937,-0.45887520388159286,-0.05661879646482211,0.0,107.20465437300956,-42.02423501793298,22,15656,348000,0.0003,-94267184.0,174134.46875,0.8839191198348999,71199182815232.0,74736920.0,338001,20186.125,-21801112.905684188,,,,,,,
5.997661383152012,-0.3838542994510821,0.00047943852674719003,-0.09101962009499218,0.0,55.296080931913636,-9.649163916817372,22,15727,350000,0.0003,-100726288.0,180446.8125,-1.1570476293563843,70210090434560.0,49396720.0,340001,20186.125,-21801112.905684188,,,,,,,
-9.758307721018795,-0.4329961597581003,0.08369182752240713,-0.08263565578171526,0.0,140.97543987020416,596.9329116715091,22,15798,352000,0.0003,-106761712.0,188542.8125,0.9302759170532227,83047990951936.0,59049068.0,342001,20186.125,-21801112.905684188,,,,,,,
-1.1677894353866571,-0.17069931469180338,0.17524211827517144,-0.4568529306271543,0.0,322.1109517476169,-345.7732751751888,22,15870,354000,0.0003,-75561632.0,199982.296875,-4.199621200561523,1106980173250560.0,255576592.0,344001,20186.125,-21801112.905684188,,,,,,,
10.648601674437518,0.24316847418204485,0.07363971989580728,-0.2567892481095659,0.0,210.47939082101186,-128.6171169792473,22,15941,356000,0.0003,-104355872.0,209462.15625,0.1736680269241333,567741526310912.0,255220896.0,346001,20186.125,-21801112.905684188,,,,,,,
-2.17434888958931,-0.14144052467151405,-0.21126240191081222,-0.23337595246046508,0.0,114.7288959401177,-61.44440273593622,22,16013,358000,0.0003,-114464976.0,222310.125,-0.2968721389770508,103893614723072.0,103152416.0,348001,20186.125,-21801112.905684188,,,,,,,
-4.736911448240296,-0.18044539361671472,-0.07829171278981695,-0.2704055112724653,0.0,132.49827300100796,40.79001308323878,22,16084,360000,0.0003,-117585384.0,233022.328125,-0.9787262678146362,211703400759296.0,140924752.0,350001,20186.125,-21801112.905684188,,,,,,,
4.448971674442288,-0.15034513389221776,0.313740598210479,-0.21508821482075366,0.0,115.6373901898943,79.38714369177886,22,16155,362000,0.0003,-104618336.0,245357.8125,-1.8181344270706177,3.974698456684954e+16,159372992.0,352001,20186.125,-21801112.905684188,,,,,,,
4.9518961191177375,0.017058787170935213,-0.27030019875249806,-0.46120538180092535,0.0,646.7583673070541,-146.28761874139553,22,16226,364000,0.0003,-130155584.0,252408.640625,-0.6768680810928345,320234909073408.0,156354896.0,354001,21351.647058823528,-21057203.996668473,,,,,,,
-8.021825305223448,-0.5028935016122736,-0.27256797273750627,-0.7827536870570756,0.0,890.9981982309923,-189.88943775382197,22,16297,366000,0.0003,-136038848.0,261266.734375,0.23610609769821167,276948215398400.0,228039216.0,356001,21351.647058823528,-21057203.996668473,,,,,,,
-3.1571181738376617,-0.8230573230661442,0.17908145940022405,-0.589751132150867,0.0,716.6890497080864,-39.10990309414041,22,16369,368000,0.0003,-144314944.0,274154.78125,0.13029879331588745,134018859270144.0,71531040.0,358001,21351.647058823528,-21057203.996668473,,,,,,,
-10.096857576370232,-0.68316707221688,-0.025508006036628044,-0.5604829725763141,0.0,570.0557179951384,-145.94905386089255,22,16440,370000,0.0003,-167133792.0,286918.5625,0.7751359939575195,125970853920768.0,77074864.0,360001,21351.647058823528,-21057203.996668473,,,,,,,
-9.709616416692741,-0.33522952571790987,0.134186733942091,-0.7090864431236649,0.0,749.8633729433158,229.12656634410894,22,16511,372000,0.0003,-148598672.0,296172.59375,-1.8773033618927002,336901798100992.0,145621328.0,362001,21351.647058823528,-21057203.996668473,,,,,,,
-5.6177373480796815,-0.624029283741084,-0.4239549645498841,-0.5797723297416156,0.0,650.0169151808087,-278.7343458097357,22,16582,374000,0.0003,-153335216.0,303376.3125,0.8171213865280151,570959597666304.0,269202080.0,364001,21351.647058823528,-21057203.996668473,,,,,,,
-6.679692415595058,-0.5683353120282109,0.3464842039339116,-0.4818719670578394,0.0,547.548868742663,221.85751769654306,22,16653,376000,0.0003,-156428384.0,311851.34375,-0.5628332495689392,602054556909568.0,165777824.0,366001,21351.647058823528,-21057203.996668473,,,,,,,
-9.549863134622571,-0.42060332815790613,-0.18598221284521996,-0.7552295088066583,0.0,891.1531865410298,24.745990514345372,22,16724,378000,0.0003,-169213744.0,322387.90625,0.7123339772224426,555435203493888.0,274662304.0,368001,21351.647058823528,-21057203.996668473,,,,,,,
1.9407123422622692,-0.24210616441914679,0.017390564131995877,-0.537037947702395,0.0,687.0642060855165,-214.10450323778454,22,16796,380000,0.0003,-179316544.0,332726.625,-1.556382656097412,524552744468480.0,298057056.0,370001,21351.647058823528,-21057203.996668473,,,,,,,
-13.135984696149826,-0.7073413429134012,0.057343232035437376,-0.48155951165597594,0.0,451.16512291473435,-86.27566051701575,22,16867,382000,0.0003,-209096944.0,344816.84375,-0.8497797846794128,160117404205056.0,104565976.0,372001,21351.647058823528,-21057203.996668473,,,,,,,
-7.028590799570087,-0.41820864465084634,0.3757912659919259,-0.607507421797939,0.0,574.5720900951732,284.01525708312033,22,16940,384000,0.0003,-213328144.0,357219.625,-0.6124659180641174,220495416918016.0,119381392.0,374001,21351.647058823528,-21057203.996668473,,,,,,,
-5.278382346630103,-0.40547016702020655,-0.41479469850839734,-0.6779241711510386,0.0,688.3308249003474,-64.61015819202126,22,17011,386000,0.0003,-189623664.0,377498.15625,-0.3814299404621124,682468826939392.0,187761472.0,376001,21351.647058823528,-21057203.996668473,,,,,,,
-6.705274416804315,-0.7728005424005562,0.1484541385734111,-0.5496526860530317,0.0,616.1620117865078,172.4621971246051,22,17082,388000,0.0003,-211299904.0,393975.0,1.610205888748169,415576103059456.0,181623472.0,378001,21351.647058823528,-21057203.996668473,,,,,,,
-8.85620807409287,-0.32947044385189883,-0.03529516452019643,-0.829821102863722,0.0,977.3340057474376,-3.985225199414339,22,17154,390000,0.0003,-238090176.0,407110.375,0.466381311416626,229879954014208.0,85744288.0,380001,21351.647058823528,-21057203.996668473,,,,,,,
-4.8671298903226825,-0.6174168058908508,-0.027813880510769377,-0.7298016810623363,0.0,775.5151283327054,-43.998743468207856,22,17225,392000,0.0003,-237924720.0,415406.8125,0.20713326334953308,298713599705088.0,147738336.0,382001,21351.647058823528,-21057203.996668473,,,,,,,
-6.496337025165558,-0.3477268993573074,0.22443337016301285,-0.8666870155766915,0.0,1025.1843363603948,298.17638411883223,22,17296,394000,0.0003,-249298048.0,426876.3125,0.26788824796676636,297317567561728.0,100186016.0,384001,21351.647058823528,-21057203.996668473,,,,,,,
-6.08396390378475,-0.3178105946166654,-0.11737606300826485,-0.9043742218213175,0.0,1043.4921581269896,-102.92915339895039,22,17367,396000,0.0003,-260445984.0,432251.03125,-0.21985547244548798,571562973462528.0,231689600.0,386001,21351.647058823528,-21057203.996668473,,,,,,,
-5.404059697985654,-0.5155064840179737,0.14533929187198147,-0.8080483054805317,0.0,958.9104552132786,300.798881126657,22,17438,398000,0.0003,-309394176.0,434892.375,-0.011859595775604248,157574699679744.0,52965588.0,388001,21351.647058823528,-21057203.996668473,,,,,,,
-6.240932377576827,-0.27739018049879555,-0.057469207532909884,-0.944179499961085,0.0,1125.7988253965718,-163.91299915261692,,,400000,0.0003,-302544352.0,438234.3125,-0.3411841094493866,391877882806272.0,119586944.0,390000,,,0.011234375000000008,0.0,40000.0,-39853.80584643566,181.60199405028087,0.0,0.0
,,,,,,,21,18661,400000,0.0003,-287469696.0,438216.34375,1.791279673576355,403866109607936.0,213192256.0,390001,21351.647058823528,-21057203.996668473,,,,,,,
-5.258090544342992,-0.3405654685402658,-0.048541282003095126,-0.9286839397727095,0.0,1073.011270237999,-51.08103407644115,21,18731,402000,0.0003,-293753312.0,440258.0,1.1298036575317383,910451462373376.0,329000864.0,392001,21351.647058823528,-21057203.996668473,,,,,,,
-4.751782866120342,-0.2895601747351974,-0.2328058800788294,-0.931956640522321,0.0,1128.2541881274117,-89.10829989996174,21,18801,404000,0.0003,-282795328.0,435883.09375,-0.08612130582332611,286795501666304.0,116471280.0,394001,22387.666666666668,-20939249.855927944,,,,,,,
-4.750358289480198,-0.2856440346705653,0.11275908780497501,-0.9460661055787117,0.0,1108.5297140474208,100.56873042244888,21,18872,406000,0.0003,-319314816.0,437602.4375,0.08290565013885498,439880249245696.0,136563312.0,396001,22387.666666666668,-20939249.855927944,,,,,,,
-4.22325189173222,-0.23290407031497176,-0.028265589291968353,-0.9662359962099897,0.0,1138.345844591666,-14.40423014578716,21,18942,408000,0.0003,-338326912.0,434180.03125,0.48346132040023804,219541229535232.0,128869880.0,398001,22387.666666666668,-20939249.855927944,,,,,,,
-4.257915096879016,-0.24296474212373934,0.028035780852867714,-0.9636941428666241,0.0,1133.623997628027,24.42929546970629,21,19012,410000,0.0003,-334774976.0,431287.09375,0.7540420293807983,709754083082240.0,279032032.0,400001,22387.666666666668,-20939249.855927944,,,,,,,
-3.6213329160213474,-0.19445590760087958,0.024554742471724098,-0.9763372348404139,0.0,1156.5126200651605,23.24576966104923,21,19083,412000,0.0003,-358029952.0,438986.40625,-1.9625725746154785,320126662475776.0,117474616.0,402001,22387.666666666668,-20939249.855927944,,,,,,,
-3.5013194918632498,-0.20209212867361181,-0.023029402946661327,-0.9747683062510034,0.0,1153.8254460533449,-6.2161506819168855,21,19155,414000,0.0003,-340909760.0,431192.09375,-0.9679926633834839,935475284017152.0,354508800.0,404001,22387.666666666668,-20939249.855927944,,,,,,,
-3.538714205622671,-0.19473773853339882,0.026210274634556805,-0.9765517733337604,0.0,1156.8663153713824,23.36007606257689,21,19226,416000,0.0003,-376260992.0,436519.15625,-0.8893704414367676,474444602540032.0,193639552.0,406001,22387.666666666668,-20939249.855927944,,,,,,,
-3.092277876138688,-0.15823992238796,0.015671742024646367,-0.9843284736873774,0.0,1171.2235957032046,18.118766667688675,21,19297,418000,0.0003,-409692480.0,444118.6875,2.450550079345703,342897069129728.0,69749600.0,408001,22387.666666666668,-20939249.855927944,,,,,,,
-2.743043642640113,-0.1611578139317646,-0.012159646552275567,-0.9839364156624916,0.0,1170.4506849547508,3.4329183419555083,21,19368,420000,0.0003,-429776096.0,443892.15625,0.05755646154284477,427992786403328.0,106649280.0,410001,22387.666666666668,-20939249.855927944,,,,,,,
-2.9867755228281023,-0.15808061573914853,0.017811226586598675,-0.9845889152007088,0.0,1171.6474810909328,18.38544357099602,21,19438,422000,0.0003,-421468352.0,447584.875,-2.164879560470581,328954263109632.0,95181448.0,412001,22387.666666666668,-20939249.855927944,,,,,,,
-2.553721287250516,-0.13796087800642334,0.001314681479897608,-0.9882504611108636,0.0,1178.5214796773746,12.018685918582577,21,19509,424000,0.0003,-455988096.0,450318.21875,3.133746385574341,231163243266048.0,114492648.0,414001,22387.666666666668,-20939249.855927944,,,,,,,
-2.6745274382829614,-0.1504178618330732,-0.007913274356701716,-0.9862377344407441,0.0,1174.7004981723278,6.858327211612718,21,19580,426000,0.0003,-438235296.0,446151.25,1.1047250032424927,501260935495680.0,177344016.0,416001,22387.666666666668,-20939249.855927944,,,,,,,
-2.66699721753597,-0.14317013468061301,0.013290291772357183,-0.9875167680463427,0.0,1177.1718672707475,16.7793231739817,21,19651,428000,0.0003,-443343744.0,446927.15625,1.5249475240707397,337219860561920.0,73295856.0,418001,22387.666666666668,-20939249.855927944,,,,,,,
-2.4082216984033624,-0.13338158105574313,-0.0008939945271284425,-0.9891902059377877,0.0,1180.1928380145991,11.011720783917598,21,19722,430000,0.0003,-437481696.0,439291.71875,0.6089462041854858,1089708230705152.0,301523232.0,420001,22387.666666666668,-20939249.855927944,,,,,,,
-2.404757517576217,-0.13327779814750132,0.0035220921056841443,-0.9892093718062941,0.0,1180.225493007312,12.039496952209685,21,19794,432000,0.0003,-448124992.0,426733.875,0.905474066734314,971367654621184.0,252091168.0,422001,22387.666666666668,-20939249.855927944,,,,,,,
-2.3563893020153044,-0.12233804932079535,0.00867900951108964,-0.9908852798606498,0.0,1183.3741539114048,14.545562445689171,21,19865,434000,0.0003,-454334304.0,419636.25,0.19122573733329773,227805031825408.0,85932608.0,424001,22387.666666666668,-20939249.855927944,,,,,,,
-1.9893573164939924,-0.11195977698423785,0.004868876657902087,-0.9923375334817139,0.0,1186.130647087179,13.02622262651323,21,19936,436000,0.0003,-431862848.0,406633.5,-1.8417232036590576,1499727954706432.0,339664864.0,426001,22387.666666666668,-20939249.855927944,,,,,,,
-1.9304141676425928,-0.10670379945477725,0.006221367239651684,-0.9929982714357155,0.0,1187.3761781294695,14.260188723093599,21,20007,438000,0.0003,-455689504.0,395428.71875,-0.5978856682777405,1736140939853824.0,375007040.0,428001,22387.666666666668,-20939249.855927944,,,,,,,
-1.6763427650928506,-0.08781541420380458,0.011324960992340509,-0.9952221570684362,0.0,1191.6070173864332,15.572311160692127,21,20078,440000,0.0003,-469593920.0,392579.40625,1.3157989978790283,2245535603884032.0,526312512.0,430001,22387.666666666668,-20939249.855927944,,,,,,,
-1.5257106798887259,-0.08527716573801553,-0.0013364950230077511,-0.9955158856797516,0.0,1192.162911119144,12.391409870193145,21,20150,442000,0.0003,-450280768.0,383611.5,-0.46693599224090576,799675531657216.0,178311216.0,432001,22387.666666666668,-20939249.855927944,,,,,,,
-1.3746479725837704,-0.0862671465053802,-0.06889630000726908,-0.988618711671669,0.0,1188.2684729638486,9.374706039190684,21,20221,444000,0.0003,-510755136.0,372757.6875,2.8464515209198,344643308879872.0,121775808.0,434001,23314.63157894737,-21084054.228985842,,,,,,,
-2.075382723808284,-0.10109896825997802,0.018543392555455562,-0.9839664480390885,0.0,1166.2101573423981,18.92983196771236,21,20292,446000,0.0003,-447302112.0,364209.59375,0.6130890846252441,1322102871293952.0,338712480.0,436001,23314.63157894737,-21084054.228985842,,,,,,,
-1.119495763182642,-0.05382107537408195,0.008385832982805225,-0.9896776578386428,0.0,1177.3288588259368,13.599557751451217,21,20363,448000,0.0003,-511123840.0,362530.625,0.7825074195861816,415483459272704.0,76817216.0,438001,23314.63157894737,-21084054.228985842,,,,,,,
-1.2705257982015619,-0.08442443312939937,-0.03121912258580802,-0.9879607697304638,0.0,1174.560445277381,2.786369173634765,22,20435,450000,0.0003,-488309568.0,353503.3125,-0.3732779026031494,317856235388928.0,83677352.0,440001,23314.63157894737,-21084054.228985842,,,,,,,
-1.9698378735780737,-0.09007997389332748,0.03328192223754575,-0.9878122071571878,0.0,1174.9035384052843,20.975314189491062,22,20506,452000,0.0003,-445685632.0,360022.375,-2.417681932449341,5874429707943936.0,878482368.0,442001,23314.63157894737,-21084054.228985842,,,,,,,
-0.8451643234491351,-0.05305542096298615,-0.0017748440479853163,-0.9920303390739958,0.0,1182.5759194073823,11.78396743330309,22,20577,454000,0.0003,-495389920.0,354296.4375,1.9911569356918335,917533595009024.0,353191744.0,444001,23314.63157894737,-21084054.228985842,,,,,,,
-1.4736113578081163,-0.0866517184491211,-0.027316900210349094,-0.9896543365918697,0.0,1178.6714246246374,2.2861305592194627,22,20648,456000,0.0003,-471461184.0,349699.875,-0.33564770221710205,2804011811995648.0,547060352.0,446001,23314.63157894737,-21084054.228985842,,,,,,,
-1.6303177809715277,-0.07244949126795736,0.03298386542627885,-0.9915552406558423,0.0,1182.6036918952639,19.036207108685147,22,20719,458000,0.0003,-562150016.0,349011.21875,0.5431869029998779,410224942907392.0,187626464.0,448001,23314.63157894737,-21084054.228985842,,,,,,,
-0.8424452441930774,-0.058844503732769116,-0.01858942884292644,-0.9932338537958014,0.0,1185.732636678329,7.113070388820185,22,20790,460000,0.0003,-515145984.0,346732.0625,0.8260006904602051,241335185440768.0,70376216.0,450001,23314.63157894737,-21084054.228985842,,,,,,,
-1.706055303812026,-0.08985891929913896,-0.0008679310680114414,-0.9909813276307389,0.0,1181.7297166162816,8.661922791088704,22,20861,462000,0.0003,-467841600.0,341282.90625,-1.4035844802856445,2712636919644160.0,413011776.0,452001,23314.63157894737,-21084054.228985842,,,,,,,
-1.1288646781444567,-0.056376219334651895,0.0223270598467984,-0.994382883511664,0.0,1188.4902082899039,13.934317194709827,22,20932,464000,0.0003,-563875264.0,337982.09375,-1.205931544303894,442362237026304.0,208993088.0,454001,23314.63157894737,-21084054.228985842,,,,,,,
-0.9640426975488667,-0.05969022590265788,-0.024307339025486097,-0.9943971418664579,0.0,1188.6434413717338,4.529032054374171,22,21003,466000,0.0003,-521286240.0,347511.34375,1.3108844757080078,2756745965338624.0,635966272.0,456001,23314.63157894737,-21084054.228985842,,,,,,,
-1.5869379848241807,-0.07864779286859591,0.01859914350414451,-0.9932204297250726,0.0,1186.5526621102406,12.370774315535032,22,21073,468000,0.0003,-534058816.0,342727.15625,0.290292888879776,1173352718794752.0,397768480.0,458001,23314.63157894737,-21084054.228985842,,,,,,,
-0.7478270220756524,-0.04433455708608914,0.01120335413030128,-0.9961322734143436,0.0,1191.9966064696976,9.795503522894323,22,21144,470000,0.0003,-515829568.0,352026.75,1.5334137678146362,3021422788083712.0,695735360.0,460001,23314.63157894737,-21084054.228985842,,,,,,,
-1.1912056475877746,-0.06769028477534716,-0.030037747013827686,-0.9946539368071435,0.0,1189.7322993971547,2.305287946930685,22,21215,472000,0.0003,-516687872.0,346188.21875,0.809339165687561,3394820265476096.0,444422528.0,462001,23314.63157894737,-21084054.228985842,,,,,,,
-1.3008317303657528,-0.06200308985168405,0.0331430169115344,-0.9954339576480539,0.0,1191.3644970490534,15.451171226410501,22,21286,474000,0.0003,-581023552.0,349549.1875,0.763704776763916,721070516600832.0,247854496.0,464001,23314.63157894737,-21084054.228985842,,,,,,,
-0.5381649094820024,-0.0332188376531584,-0.014179552616366742,-0.9974067370658336,0.0,1195.2385300623437,9.26788059388707,22,21356,476000,0.0003,-590093824.0,345939.6875,0.15743356943130493,772112377708544.0,241753056.0,466001,23314.63157894737,-21084054.228985842,,,,,,,
-1.2777611041069035,-0.07135558925071896,-0.001205035666988513,-0.9954102930929748,0.0,1191.5895231465636,5.982793103408685,22,21427,478000,0.0003,-523804512.0,347214.5,-0.5703649520874023,2408988637396992.0,527345472.0,468001,23314.63157894737,-21084054.228985842,,,,,,,
-0.6794050288200372,-0.03249317362521194,0.026298526337079332,-0.9981250007230015,0.0,1196.787282880588,11.253619658709907,22,21498,480000,0.0003,-588790336.0,344020.0,0.2868054509162903,691320754536448.0,237157872.0,470001,23314.63157894737,-21084054.228985842,,,,,,,
-0.5990419775247574,-0.0389098885307216,-0.03200586156322365,-0.9978946363620256,0.0,1196.6763527023224,4.595645015165008,22,21569,482000,0.0003,-534059584.0,345941.34375,0.5403848886489868,1719955624034304.0,364757280.0,472001,23314.63157894737,-21084054.228985842,,,,,,,
-0.875626205801963,-0.04945989748518968,-0.04175863583459385,-0.9943719752212237,0.0,1190.481594561418,10.540526379033352,22,21640,484000,0.0003,-555649472.0,347997.53125,-0.31149110198020935,2036078504574976.0,381171232.0,474001,24148.9,-21222811.42909145,,,,,,,
-1.5257107341289529,-0.08010179468057035,0.030353741096336498,-0.9903804045963188,0.0,1181.073326859786,16.33688163887959,22,21713,486000,0.0003,-527645408.0,349310.25,-2.2067065238952637,1958172763881472.0,483325792.0,476001,24148.9,-21222811.42909145,,,,,,,
-0.12485757231712392,-0.002990463248874299,0.026318433271801257,-0.9956773062008076,0.0,1190.9511026773596,8.27482806805905,22,21783,488000,0.0003,-579417088.0,357745.0,0.31382763385772705,577617266737152.0,181336768.0,478001,24148.9,-21222811.42909145,,,,,,,
-0.6097016531229021,-0.04093179564844725,-0.054578232040501766,-0.9949062471413699,0.0,1190.7971109240405,4.031965404471798,22,21854,490000,0.0003,-588448384.0,359502.25,-0.4784877896308899,1338310869909504.0,444057216.0,480001,24148.9,-21222811.42909145,,,,,,,
-0.9457708895206461,-0.04058703159769133,0.05099372345652989,-0.9958841383285318,0.0,1192.7812435887843,17.757215583328247,22,21925,492000,0.0003,-590220224.0,369141.53125,0.36108240485191345,1004947051118592.0,308429440.0,482001,24148.9,-21222811.42909145,,,,,,,
0.03372599542140966,-0.002803151239385289,-0.01324078756127525,-0.9979256471772371,0.0,1195.9336390598696,10.880999296624443,22,21996,494000,0.0003,-590267520.0,373408.8125,-1.3746377229690552,1302867591823360.0,175297536.0,484001,24148.9,-21222811.42909145,,,,,,,
-0.8220433604717251,-0.04939998925022882,-0.01797089925917919,-0.9968087026340492,0.0,1194.5226019380148,7.975019787334389,22,22067,496000,0.0003,-602443392.0,383053.28125,-0.0069345831871032715,414302209048576.0,155840368.0,486001,24148.9,-21222811.42909145,,,,,,,
-0.42130641877651087,-0.01556036758864653,0.03421757323901523,-0.9985295735540686,0.0,1197.7849093000584,11.452292377475183,22,22138,498000,0.0003,-653444608.0,398441.5625,-0.3216821849346161,582561780727808.0,163278352.0,488001,24148.9,-21222811.42909145,,,,,,,
-0.2055745780467986,-0.01563614187308346,-0.02681935807634824,-0.9988698051873651,0.0,1198.3055084049272,8.894837166075048,,,500000,0.0003,-644270144.0,413107.15625,-0.615998387336731,801561492062208.0,218601392.0,490000,,,0.011234375000000008,0.0,40000.0,-34242.90665367159,7929.147438732994,0.0,0.0
,,,,,,,21,23350,500000,0.0003,-657455360.0,413101.625,1.3207910060882568,1132613074944000.0,296475136.0,490001,24148.9,-21222811.42909145,,,,,,,
-0.6207517755031593,-0.0322758118004027,0.013951652815909796,-0.9986656972981299,0.0,1197.905339461659,10.795035687914917,21,23419,502000,0.0003,-638656384.0,427515.53125,-0.6916520595550537,528332449906688.0,187971968.0,492001,24148.9,-21222811.42909145,,,,,,,
-0.24486187219619734,-0.010449233689077651,0.00020913177898110462,-0.9994073238912271,0.0,1199.295222213985,9.53633476199824,21,23489,504000,0.0003,-671332416.0,441448.6875,2.538980722427368,2012805955846144.0,387145984.0,494001,24148.9,-21222811.42909145,,,,,,,
-0.5203343832492824,-0.03334276716275441,-0.02070451793422067,-0.9989033894246204,0.0,1198.4804346750825,7.547156919777431,21,23558,506000,0.0003,-605250880.0,451212.375,-2.8254435062408447,879078471106560.0,281269344.0,496001,24148.9,-21222811.42909145,,,,,,,
-0.8477654969692232,-0.04214801157731346,0.00889204216820021,-0.9986052598451243,0.0,1197.8439569348038,10.388994632374773,21,23628,508000,0.0003,-752635200.0,452816.8125,1.342193603515625,727904480657408.0,203052112.0,498001,24148.9,-21222811.42909145,,,,,,,
-0.4869627535343174,-0.02757429332624943,-0.0014345714102192435,-0.9992581508248125,0.0,1199.1488262595471,9.951550190676777,21,23698,510000,0.0003,-652936512.0,456659.5625,-1.1787493228912354,2429902443773952.0,434114656.0,500001,24148.9,-21222811.42909145,,,,,,,
-0.7880453920364384,-0.04397674024232779,-0.009380885519192172,-0.9986297251974056,0.0,1197.929393580663,8.1021766727325,21,23768,512000,0.0003,-719134336.0,463784.125,0.3608296811580658,927831450189824.0,218782688.0,502001,24148.9,-21222811.42909145,,,,,,,
-0.7800131469964982,-0.040248615974428706,0.013785044614700977,-0.9988261740019523,0.0,1198.3517760965287,10.912643552338062,21,23838,514000,0.0003,-758060096.0,469755.6875,1.115362286567688,1073987576659968.0,248337936.0,504001,24148.9,-21222811.42909145,,,,,,,
-0.5585305857658388,-0.03234803121073095,-0.006263259085160041,-0.9991952298130028,0.0,1199.0696756342227,9.220581690996685,21,23910,516000,0.0003,-775531648.0,458693.09375,0.6790976524353027,539754110124032.0,218423824.0,506001,24148.9,-21222811.42909145,,,,,,,
-0.7293167966604235,-0.03903576728142973,0.004215691191976726,-0.9989433073064853,0.0,1198.6032411517706,10.421517079967,21,23981,518000,0.0003,-744378176.0,463301.375,0.58363938331604,4828765158899712.0,886377024.0,508001,24148.9,-21222811.42909145,,,,,,,
-0.5259655034542075,-0.02705491180248911,0.006439363111490338,-0.9994342654597056,0.0,1199.547594500554,9.864242132540234,21,24052,520000,0.0003,-792153984.0,455819.8125,1.9570053815841675,1239350931095552.0,502289376.0,510001,24148.9,-21222811.42909145,,,,,,,
-0.4634870857000352,-0.027151602806736865,-0.0030255804208061785,-0.999432947088208,0.0,1199.6319796333712,9.278832969753228,21,24123,522000,0.0003,-820089344.0,453466.34375,0.6597952842712402,1245440792068096.0,203783376.0,512001,24148.9,-21222811.42909145,,,,,,,
-0.44506734132766834,-0.011498951155889376,0.007727278022223725,-0.9914325637104717,0.0,1180.4522809565176,12.234501290463317,21,24194,524000,0.0003,-832689344.0,449991.9375,1.0345910787582397,905479366639616.0,321732224.0,514001,24903.714285714286,-21353404.632711045,,,,,,,
0.37787372767925287,0.006188919600477971,-0.028649530729998075,-0.9840677783112264,0.0,1163.94886921785,13.11529088175435,21,24267,526000,0.0003,-765650112.0,459117.1875,-1.0461828708648682,1625610761797632.0,378165920.0,516001,24903.714285714286,-21353404.632711045,,,,,,,
-1.8095446085929856,-0.09709470688537901,-0.09425110689954413,-0.9792782181585108,0.0,1158.3733257365038,-24.227789448513587,21,24340,528000,0.0003,-855258752.0,461782.625,1.3856024742126465,679056743858176.0,294765408.0,518001,24903.714285714286,-21353404.632711045,,,,,,,
-2.3139732509851445,-0.11623310175648824,0.09618151967612187,-0.9767586991973092,0.0,1154.6258351736758,44.71712237521902,21,24412,530000,0.0003,-773411264.0,467321.34375,-1.6550651788711548,6156409343311872.0,773564992.0,520001,24903.714285714286,-21353404.632711045,,,,,,,
-0.23024402260780324,-0.029202913633950292,-0.017017854674561742,-0.9869336605896797,0.0,1170.4464041903316,9.192036274535145,21,24485,532000,0.0003,-864333312.0,477677.75,-0.5359834432601929,752215203512320.0,163125776.0,522001,24903.714285714286,-21353404.632711045,,,,,,,
-1.67525938808918,-0.08053429743491597,-0.004040856631586481,-0.9839886995383462,0.0,1165.7914277357938,10.190069416650735,21,24558,534000,0.0003,-924950272.0,480318.5625,1.107321858406067,2134816447266816.0,357338176.0,524001,24903.714285714286,-21353404.632711045,,,,,,,
-0.11409237682819366,-0.002921216761832751,0.043227648177672134,-0.9893096248462181,0.0,1177.6056287578965,15.672160975267303,21,24630,536000,0.0003,-935188928.0,483814.8125,-0.07499711215496063,747180495208448.0,196880352.0,526001,24903.714285714286,-21353404.632711045,,,,,,,
-0.0714470493793486,-0.019018196575988276,-0.029225919373284955,-0.9905212555960894,0.0,1178.6474899037894,10.347231534552982,21,24703,538000,0.0003,-956743104.0,491261.8125,0.4604737162590027,531506095194112.0,242223136.0,528001,24903.714285714286,-21353404.632711045,,,,,,,
-0.16015627205371846,0.012442745068880682,0.06554479508957067,-0.991416555172582,0.0,1182.5153487155778,14.406696054797825,21,24775,540000,0.0003,-973524672.0,498798.71875,1.1823593378067017,1040656080306176.0,204156896.0,530001,24903.714285714286,-21353404.632711045,,,,,,,
0.9609353119134898,0.039168878467364644,-0.021109898695523197,-0.9925834291972743,0.0,1183.70021889243,13.56349078673832,21,24847,542000,0.0003,-890120832.0,495597.65625,-0.525161862373352,8205313828192256.0,1105908992.0,532001,24903.714285714286,-21353404.632711045,,,,,,,
0.3827432268857958,0.014652756051109142,0.0006264041951987316,-0.9938917596929138,0.0,1186.5025212359672,13.799264331559753,21,24918,544000,0.0003,-860293632.0,505795.28125,-0.06544606387615204,7912648314191872.0,1075999360.0,534001,24903.714285714286,-21353404.632711045,,,,,,,
0.7347834396362308,0.056269336800034535,0.032038499266275874,-0.9929525739517296,0.0,1185.3418750967546,4.896823816261052,21,24990,546000,0.0003,-916380608.0,505921.6875,-0.4992321729660034,6859338723360768.0,851866560.0,536001,24903.714285714286,-21353404.632711045,,,,,,,
1.6335466241836551,0.07309175370318982,0.015545447123719363,-0.9920389640179111,0.0,1183.6673362863066,4.273177527216315,21,25062,548000,0.0003,-922550272.0,519715.3125,-1.9193127155303955,1576721685938176.0,392148640.0,538001,24903.714285714286,-21353404.632711045,,,,,,,
1.3433291012048716,0.07866898834794063,-0.0055963617828651445,-0.9913108002159974,0.0,1182.116366040804,11.303667201129425,21,25134,550000,0.0003,-1040488960.0,521296.34375,0.6509466171264648,859280416702464.0,268746432.0,540001,24903.714285714286,-21353404.632711045,,,,,,,
1.7373086029291156,0.10031360070117364,0.009754720385967116,-0.9896466877209067,0.0,1179.0574273863554,5.1258670707390515,21,25206,552000,0.0003,-1015335552.0,527455.8125,-2.365182638168335,1121355697225728.0,137192496.0,542001,24903.714285714286,-21353404.632711045,,,,,,,
2.5675040078163183,0.12533583404215823,0.04047068503659703,-0.9855784216488247,0.0,1172.0116700501335,-12.43968410888836,21,25277,554000,0.0003,-1018168384.0,544137.3125,0.527420163154602,1037437874733056.0,184801632.0,544001,24903.714285714286,-21353404.632711045,,,,,,,
2.702609301209451,0.16049240489355643,0.0011691444119187387,-0.9794240446553728,0.0,1159.4790648576995,4.796725500166944,21,25349,556000,0.0003,-1068578432.0,529916.25,0.9774810075759888,3455434065182720.0,649580352.0,546001,24903.714285714286,-21353404.632711045,,,,,,,
3.1691533029079437,0.1697006437995906,0.01194603699911505,-0.9777062031435768,0.0,1156.3786964458209,-2.07965824592609,21,25421,558000,0.0003,-961468032.0,538354.125,1.691512942314148,8298307386343424.0,1031447232.0,548001,24903.714285714286,-21353404.632711045,,,,,,,
7.417772278189656,0.3697370162845297,0.30615545520733944,-0.8874486051135428,0.0,1041.3015897616242,-322.11915489600256,21,25492,560000,0.0003,-988517248.0,560352.0625,-2.3509466648101807,2324555485937664.0,344055552.0,550001,24903.714285714286,-21353404.632711045,,,,,,,
5.989024237990384,0.8218575372324468,0.22780264252618,-0.6452841276730272,0.0,730.7420003136403,-115.9799679525999,21,25564,562000,0.0003,-1054057472.0,570175.375,-0.8178508877754211,6279251850428416.0,839097856.0,552001,24903.714285714286,-21353404.632711045,,,,,,,
0.36809379935264874,0.48563301820391364,0.027947121566962444,-0.767052955657088,0.0,927.2517460378052,-107.85862215325898,21,25638,564000,0.0003,-1127534208.0,563446.125,1.294966697692871,1874834292211712.0,514316064.0,554001,25589.909090909092,-21438387.8805455,,,,,,,
7.8451238656044096,0.6280585900453302,0.458791999053123,-0.6831207894616671,0.0,788.4419025632055,-447.17107767320357,22,25710,566000,0.0003,-1060738624.0,550477.875,-1.0110148191452026,2724116293484544.0,264139408.0,556001,25589.909090909092,-21438387.8805455,,,,,,,
-10.129055175185197,-0.23083937300731688,-0.03336215734680446,-0.5625901569249568,0.0,699.930177260119,-90.31728871103286,22,25782,568000,0.0003,-1115838720.0,573620.6875,-0.9883809089660645,1.0064841393831936e+16,1296866816.0,558001,25589.909090909092,-21438387.8805455,,,,,,,
10.595623584985729,0.6931630065821862,-0.27023103583460706,-0.5926577784357592,0.0,614.2225453193016,222.32885328644713,22,25854,570000,0.0003,-1118552320.0,582869.5625,1.171956181526184,8269130062888960.0,1156697088.0,560001,25589.909090909092,-21438387.8805455,,,,,,,
13.185608088374137,0.5497174467173755,0.15689386158344784,-0.7219844523193243,0.0,742.3336260388276,-232.34712642148233,22,25926,572000,0.0003,-1104085248.0,585246.25,1.1463830471038818,4685894145540096.0,763376640.0,562001,25589.909090909092,-21438387.8805455,,,,,,,
-8.624238146543503,-0.24579759020752134,0.30439037626162335,-0.4860497010299277,0.0,690.1276434994619,266.3298288322793,22,25998,574000,0.0003,-1221395840.0,603723.25,0.4566305875778198,1403191048536064.0,118283192.0,564001,25589.909090909092,-21438387.8805455,,,,,,,
-0.7851912575960226,0.33078218200148657,-0.4155023395169082,-0.35055538197205083,0.0,445.37587145880707,-488.1757436656892,22,26071,576000,0.0003,-1208611840.0,613889.9375,0.390181303024292,1275443420332032.0,315757856.0,566001,25589.909090909092,-21438387.8805455,,,,,,,
12.020291590094569,0.3865968243491276,-0.14866735592990635,-0.6212181010813415,0.0,537.447070879437,241.83257679545017,22,26144,578000,0.0003,-1134355712.0,613370.25,-1.8265087604522705,1.3715426156478464e+16,1421183872.0,568001,25589.909090909092,-21438387.8805455,,,,,,,
11.099602523446084,0.453998311967719,-0.026278335807504934,-0.5245506021158173,0.0,469.6778947660613,-193.2286051107327,22,26216,580000,0.0003,-1109492608.0,628520.4375,0.9219018816947937,1.3968573676388352e+16,1395567104.0,570001,25589.909090909092,-21438387.8805455,,,,,,,
6.66798235416412,0.3814945629236123,0.044851734544082617,-0.5448753902347201,0.0,407.3699301728877,65.87167434891533,22,26289,582000,0.0003,-1231616000.0,637692.875,2.193934202194214,7341635096543232.0,941811584.0,572001,25589.909090909092,-21438387.8805455,,,,,,,
8.650007253885265,0.33082960330325223,0.023406306989987084,-0.6078399351858934,0.0,486.25049015272543,19.98302245487872,22,26362,584000,0.0003,-1189111424.0,631396.9375,-0.8590372800827026,1.2895405230522368e+16,1212604800.0,574001,25589.909090909092,-21438387.8805455,,,,,,,
8.247067553401005,0.4037402230279223,-0.12107626422875756,-0.4725452792611429,0.0,367.1353416429856,-126.6417967346284,22,26435,586000,0.0003,-1285490944.0,650903.0625,2.0061252117156982,1637264081813504.0,469869024.0,576001,25589.909090909092,-21438387.8805455,,,,,,,
8.047321521043774,0.278017537996327,0.027346214490789562,-0.5040285891561692,0.0,331.58717059598536,8.226861866261698,22,26507,588000,0.0003,-1313381760.0,661870.625,-1.1637626886367798,1599066253295616.0,316598336.0,578001,25589.909090909092,-21438387.8805455,,,,,,,
7.767916751503945,0.2751197068634598,0.11158293143472085,-0.5060896948941088,0.0,351.66755337194667,-62.016836734089466,22,26580,590000,0.0003,-1360057984.0,651230.9375,4.726755619049072,2263774182506496.0,265214176.0,580001,25589.909090909092,-21438387.8805455,,,,,,,
6.312628443837164,0.2872758803486612,-0.21600330917604685,-0.4291853552097372,0.0,298.899539316909,3.811245672912374,22,26653,592000,0.0003,-1367052928.0,653007.6875,0.4507587254047394,1739921047945216.0,292978784.0,582001,25589.909090909092,-21438387.8805455,,,,,,,
6.44205581188201,0.20366703448237122,0.06511545358898119,-0.46847667980829516,0.0,281.0635552880666,3.163114423351184,22,26725,594000,0.0003,-1406390016.0,668429.5625,1.5051192045211792,1014420473905152.0,79206368.0,584001,25589.909090909092,-21438387.8805455,,,,,,,
6.775754904747006,0.22192005873931037,0.1254537692568694,-0.45806774183994176,0.0,291.0925342780828,-32.15651224898898,22,26798,596000,0.0003,-1379733248.0,685338.3125,-0.6374297738075256,4904259946545152.0,363349024.0,586001,25589.909090909092,-21438387.8805455,,,,,,,
6.463957232832916,0.24911997677311287,-0.21553377221257125,-0.3908762716553642,0.0,259.85712793965575,0.1721985950913287,22,26871,598000,0.0003,-1347249152.0,700681.9375,0.39468303322792053,7566369797177344.0,955039936.0,588001,25589.909090909092,-21438387.8805455,,,,,,,
5.205635256171225,0.16713799683546926,0.08180725301270524,-0.43967722944858545,0.0,245.58819522822205,-1.3423417590323232,,,600000,0.0003,-1388288128.0,691361.9375,0.3787495195865631,1454802462572544.0,330746720.0,590000,,,0.011234375000000008,0.0,40000.0,-135212.74882876774,27513.106009382656,0.006718750000000005,0.0
,,,,,,,21,28088,600000,0.0003,-1369485824.0,691345.4375,1.2623562812805176,1498139890548736.0,468782240.0,590001,25589.909090909092,-21438387.8805455,,,,,,,
5.3469265580177385,0.18983320313152277,0.07716444956938465,-0.4324856903042619,0.0,249.79083069786907,32.57045099578991,21,28158,602000,0.0003,-1339308544.0,709013.6875,0.1742863655090332,2.989621868824101e+18,806074624.0,592001,25589.909090909092,-21438387.8805455,,,,,,,
9.143621012568481,0.22410616374936446,0.07595487523414804,-0.6385384361054367,0.0,707.4665868096727,41.6007669739388,21,28228,604000,0.0003,-1368232320.0,709317.3125,1.0544140338897705,7141856840253440.0,1258723584.0,594001,26216.434782608696,-21062882.155311216,,,,,,,
7.033256784081458,0.42212754330954333,0.3660742255939749,-0.8553749521247,0.0,1000.7711244192681,-359.15619887261664,21,28298,606000,0.0003,-1340446976.0,720286.1875,-0.15899309515953064,7915160870060032.0,704431808.0,596001,26216.434782608696,-21062882.155311216,,,,,,,
7.596861645579341,0.7735221620271485,0.08151381123039805,-0.6904220266680307,0.0,758.6095501075115,-56.45024764678058,21,28369,608000,0.0003,-1499022336.0,707819.875,2.5422375202178955,1069061920260096.0,144724592.0,598001,26216.434782608696,-21062882.155311216,,,,,,,
10.6668676674366,0.7971458334510715,0.014178958106466034,-0.6808238572046463,0.0,748.8467734916563,-11.24762444701976,21,28439,610000,0.0003,-1333507840.0,712869.5,-1.8684916496276855,2.517725720294195e+16,1723841408.0,600001,26216.434782608696,-21062882.155311216,,,,,,,
7.2127290636301025,0.8722931642295018,0.05851806470947442,-0.6368636554678471,0.0,718.7067756434219,-24.19184444895993,21,28510,612000,0.0003,-1535171072.0,702123.4375,0.49236083030700684,1223350835740672.0,338141952.0,602001,26216.434782608696,-21062882.155311216,,,,,,,
6.57136621296406,0.8614355850643246,-0.06916033568203483,-0.6382803637441101,0.0,715.686928099397,20.84405947582282,21,28584,614000,0.0003,-1472905856.0,716940.4375,-1.2446660995483398,2946574124580864.0,374533984.0,604001,26216.434782608696,-21062882.155311216,,,,,,,
11.641437518000606,0.7629185086648573,-0.02541332833131266,-0.696732266728537,0.0,760.2206764708252,24.14190059650229,21,28655,616000,0.0003,-1509353088.0,710452.6875,0.3036920428276062,4643457721171968.0,612145280.0,606001,26216.434782608696,-21062882.155311216,,,,,,,
6.945428116917632,0.8529130707272368,0.09706548974755179,-0.6409709168102106,0.0,719.0810381044466,-53.38190305191729,21,28727,618000,0.0003,-1491638144.0,706824.9375,2.701171875,1945810505826304.0,197187536.0,608001,26216.434782608696,-21062882.155311216,,,,,,,
7.146285820603366,0.7093953024374149,-0.2338988827013987,-0.6573923009181842,0.0,701.2723438899557,63.85597620916764,21,28799,620000,0.0003,-1385769856.0,699622.25,-1.528826117515564,2.3731427329703936e+16,1582808704.0,610001,26216.434782608696,-21062882.155311216,,,,,,,
11.690019129514694,0.5388449357555091,0.019606622626147676,-0.7659169156313054,0.0,796.5682017359874,-24.104715927370044,21,28871,622000,0.0003,-1469225728.0,690572.5,0.8727611899375916,2.5624436312899584e+16,1434277120.0,612001,26216.434782608696,-21062882.155311216,,,,,,,
1.5662915599346159,0.15016727470322544,0.4141031099039701,-0.5307730690556772,0.0,676.2279443797731,164.30952286566156,21,28943,624000,0.0003,-1532374272.0,715177.875,-1.2445945739746094,9379555739435008.0,976746240.0,614001,26216.434782608696,-21062882.155311216,,,,,,,
-11.736567857265454,-0.0822438407898201,-0.342690907267098,-0.4504392672326094,0.0,642.259744620464,-620.6470607391362,21,29015,626000,0.0003,-1608205952.0,738141.1875,1.0433752536773682,2232422263422976.0,619503296.0,616001,26216.434782608696,-21062882.155311216,,,,,,,
14.181841805577282,0.49989438565407546,-0.24765539375228712,-0.5080170482396461,0.0,443.3410344005268,312.0336729052608,21,29087,628000,0.0003,-1653867648.0,720875.125,2.0474228858947754,1577038439776256.0,166289072.0,618001,26216.434782608696,-21062882.155311216,,,,,,,
11.672208146452922,0.4215764051480836,0.16189495562797174,-0.6150813055559454,0.0,533.8501608882863,-242.18641858111093,21,29159,630000,0.0003,-1609317504.0,720752.75,1.5216490030288696,6217055355273216.0,567173120.0,620001,26216.434782608696,-21062882.155311216,,,,,,,
3.158194183707237,0.48124080300812555,-0.07065640682787094,-0.5142683108657495,0.0,400.3761631002172,58.66666691121553,21,29231,632000,0.0003,-1541288192.0,728831.5625,0.20936205983161926,1.34469520457728e+16,1395994624.0,622001,26216.434782608696,-21062882.155311216,,,,,,,
11.348501977324485,0.3832513614047073,-0.09917616485287445,-0.61316255447686,0.0,503.30203709531116,135.68379917293763,21,29303,634000,0.0003,-1538365440.0,729785.125,-1.6881201267242432,6169298540167168.0,695899264.0,624001,26216.434782608696,-21062882.155311216,,,,,,,
12.180995256900788,0.4492242147872944,0.07452395661939384,-0.5503719977243029,0.0,453.3727843753021,-141.36545028572553,21,29375,636000,0.0003,-1613564544.0,728438.3125,-0.445881187915802,3012468855013376.0,367721600.0,626001,26216.434782608696,-21062882.155311216,,,,,,,
4.732654843330383,0.4351101560974748,-0.012822931399490662,-0.5422614125866678,0.0,413.60622000756877,47.90025916396611,21,29447,638000,0.0003,-1466825472.0,730953.9375,-1.426119327545166,1.0191112143844147e+17,3377628672.0,628001,26216.434782608696,-21062882.155311216,,,,,,,
9.333229934573183,0.34936976339379944,-0.03230190311401363,-0.6312653949131769,0.0,521.626993173486,74.42953830719985,21,29518,640000,0.0003,-1613990144.0,757936.5,-0.36027956008911133,1.724127647891456e+16,1724662656.0,630001,26216.434782608696,-21062882.155311216,,,,,,,
10.752578330039977,0.46120622458122335,0.027179283453641345,-0.519470188256211,0.0,410.31848061712935,-140.41067110978847,21,29592,642000,0.0003,-1725858688.0,748973.375,0.64247727394104,3488251104985088.0,502748000.0,632001,26216.434782608696,-21062882.155311216,,,,,,,
2.1002966976165753,0.27065131436054835,0.20501927967128455,-0.7583656331825571,0.0,806.6114050518404,-19.920182771013263,21,29663,644000,0.0003,-1742091136.0,735310.4375,-1.3457850217819214,2067262651498496.0,288914784.0,634001,26790.75,-20863051.14808604,,,,,,,
7.157425929903984,0.4996882050559654,0.2775445781171336,-0.8275810241926257,0.0,938.6296432605739,-334.80454383575693,21,29734,646000,0.0003,-1831692544.0,768183.9375,0.2643049359321594,1094791257391104.0,348069696.0,636001,26790.75,-20863051.14808604,,,,,,,
8.69379490077493,0.6518853977480522,-0.022501064978475958,-0.7583750281617252,0.0,819.8475946454915,25.20151451673739,21,29806,648000,0.0003,-1777061888.0,756391.9375,-1.1867406368255615,2547348592918528.0,490253504.0,638001,26790.75,-20863051.14808604,,,,,,,
11.36427706301212,0.6474173171228133,0.06411654555835385,-0.758217626585275,0.0,820.7682689390348,-77.06009996465724,21,29877,650000,0.0003,-1665094912.0,770756.0,-1.549578309059143,8265469140140032.0,1271285504.0,640001,26790.75,-20863051.14808604,,,,,,,
4.105869596600531,0.8194027683665419,0.047686910130075,-0.6440605373029091,0.0,712.9980799415266,-58.18724479124043,21,29948,652000,0.0003,-1851488640.0,779104.75,0.5083922147750854,1377198711767040.0,223808016.0,642001,26790.75,-20863051.14808604,,,,,,,
10.76048244237899,0.6309239609589367,-0.18245329297940086,-0.7291888400560186,0.0,778.2698930599236,163.18108956837673,21,30019,654000,0.0003,-1793618688.0,768916.9375,0.17343193292617798,2.0499969098121216e+16,1785206784.0,644001,26790.75,-20863051.14808604,,,,,,,
11.987729843854911,0.5794799341393941,0.1392550187788016,-0.7623072723578853,0.0,815.43650472263,-185.470939661958,21,30091,656000,0.0003,-1792018944.0,760090.6875,1.2721524238586426,6093777445847040.0,1153031296.0,646001,26790.75,-20863051.14808604,,,,,,,
2.0096828401088707,0.7287074969406915,-0.08471813514760652,-0.5837984036655708,0.0,600.9395934366964,-115.05435286119715,21,30162,658000,0.0003,-1726780416.0,826143.8125,-0.023472726345062256,1.1577698526691328e+16,1184391168.0,648001,26790.75,-20863051.14808604,,,,,,,
11.727610204219818,0.47697908970722896,-0.12722870337835046,-0.7136764191199294,0.0,692.9726512120075,184.91946414815794,21,30233,660000,0.0003,-1815654656.0,790817.125,-1.5495340824127197,2500643239493632.0,400588960.0,650001,26790.75,-20863051.14808604,,,,,,,
11.080461788177498,0.567866149198759,0.16074419550791488,-0.615849991934933,0.0,594.1334168781716,-310.27849602783914,21,30304,662000,0.0003,-1831676800.0,820867.8125,1.0516397953033447,3.432910236627763e+16,2482806016.0,652001,26790.75,-20863051.14808604,,,,,,,
5.071155073642732,0.5818738866429108,-0.12301352274619808,-0.5115419774978092,0.0,425.7875813602557,85.10801576175318,21,30375,664000,0.0003,-1895506688.0,811320.625,1.2114797830581665,1.2176139942363136e+16,1349012736.0,654001,26790.75,-20863051.14808604,,,,,,,
10.329492766857129,0.3904203670949695,-0.0354505291768297,-0.6783843970592431,0.0,607.2558219233641,78.40675274185006,21,30446,666000,0.0003,-1877862784.0,844928.25,-2.9502580165863037,4277296726802432.0,694521344.0,656001,26790.75,-20863051.14808604,,,,,,,
10.022609901428225,0.5161369873497802,0.0608580388064077,-0.5537855759574376,0.0,465.1508356783007,-150.8404831518751,21,30517,668000,0.0003,-1786083712.0,852822.9375,-2.0287833213806152,7.65409385995305e+16,2409603072.0,658001,26790.75,-20863051.14808604,,,,,,,
8.657845396399503,0.49316453530663074,-0.07607271996809893,-0.5956966988342228,0.0,509.46452639609856,164.48486972994573,21,30588,670000,0.0003,-1962822528.0,840275.625,-0.7099349498748779,4837352946008064.0,605215936.0,660001,26790.75,-20863051.14808604,,,,,,,
10.7321650880575,0.4120312502521121,0.10728234899204896,-0.6675356032813614,0.0,603.9426745641572,-161.78173152802796,21,30659,672000,0.0003,-1953346560.0,866452.875,0.8036105036735535,1.4412524044681216e+16,1498000640.0,662001,26790.75,-20863051.14808604,,,,,,,
4.763568125367163,0.5368725095930426,-0.005901016365393449,-0.5403553112491507,0.0,442.20958114739216,3.5534588373491536,21,30730,674000,0.0003,-2025353216.0,856835.5,-1.0889723300933838,2398293363523584.0,614719296.0,664001,26790.75,-20863051.14808604,,,,,,,
11.530929598212246,0.4425734163251343,-0.13021217430120618,-0.6385415879827883,0.0,560.5571140002512,180.9123828838995,21,30801,676000,0.0003,-2013942400.0,857893.5,-1.1128467321395874,1.3803814435946496e+16,1140940032.0,666001,26790.75,-20863051.14808604,,,,,,,
11.88771052122115,0.46693993870775663,0.13246208148933933,-0.6152008394361752,0.0,543.969969861667,-198.29422792874863,21,30872,678000,0.0003,-2098572288.0,872590.0625,-0.5993732213973999,5528513041924096.0,920587392.0,668001,26790.75,-20863051.14808604,,,,,,,
3.971830971240998,0.5249426860422202,-0.04435910585820318,-0.5483478268975146,0.0,449.6011550281425,68.67722096420839,21,30943,680000,0.0003,-2112560128.0,884733.5625,2.125771999359131,1.7573968940630016e+16,1583548800.0,670001,26790.75,-20863051.14808604,,,,,,,
10.676641487479207,0.39329477067507634,-0.06757645674205982,-0.6776073468760008,0.0,605.5573881070889,118.5388317306293,21,31018,682000,0.0003,-1947902464.0,902739.3125,1.1874785423278809,5.066477013024375e+18,1430221696.0,672001,26790.75,-20863051.14808604,,,,,,,
9.42405221819878,0.3240025728182321,0.3656327000185675,-0.7757774649328779,0.0,853.9054055612843,-332.5309986205931,21,31092,684000,0.0003,-2111882752.0,908894.25,1.5033503770828247,3202394724761600.0,752402816.0,674001,27319.12,-20687740.29899692,,,,,,,
6.367354313135139,0.5705807986062942,0.21105754655020914,-0.7567823242932954,0.0,818.4639817284924,-284.1658816160194,22,31164,686000,0.0003,-2019664384.0,886068.5,2.0180158615112305,6.531194417263411e+16,2938878720.0,676001,27319.12,-20687740.29899692,,,,,,,
9.297977812886234,0.5680757740550781,-0.11509876435481524,-0.7551495318268848,0.0,789.5459769837336,115.33479394142823,22,31235,688000,0.0003,-2093216640.0,887083.125,-1.7851861715316772,8430452792623104.0,900836928.0,678001,27319.12,-20687740.29899692,,,,,,,
11.92829605102541,0.5413291347734478,0.1389373719542919,-0.7655794277700758,0.0,810.0058594283736,-197.0322600546355,22,31305,690000,0.0003,-2253719552.0,901284.6875,0.3132142424583435,3138483463913472.0,755500864.0,680001,27319.12,-20687740.29899692,,,,,,,
-1.1890135425329171,0.8393959713176113,0.09530700500601301,-0.5584179332978975,0.0,605.1588816509789,-91.6867390106149,22,31376,692000,0.0003,-2116129664.0,886883.5,-0.12907183170318604,1.990176175816704e+16,1933344128.0,682001,27319.12,-20687740.29899692,,,,,,,
10.711361940503124,0.6400453096228249,-0.23777835485261883,-0.6451992420282363,0.0,659.8373923268264,228.44310854610634,22,31447,694000,0.0003,-2241589248.0,933093.4375,0.0016483664512634277,7710905110364160.0,972068800.0,684001,27319.12,-20687740.29899692,,,,,,,
12.945672508478168,0.5350314686160692,0.15552104442091336,-0.7259366809220893,0.0,745.3505449200377,-238.80621922067164,22,31518,696000,0.0003,-2197822720.0,912945.125,-0.41834646463394165,5600475218968576.0,415192032.0,686001,27319.12,-20687740.29899692,,,,,,,
0.002565916180609455,0.6871929247410471,-0.08473727745891292,-0.48241138263684674,0.0,446.4849385674898,-149.58783517601498,22,31589,698000,0.0003,-2350910720.0,904323.0625,2.3353631496429443,3149424087793664.0,289787520.0,688001,27319.12,-20687740.29899692,,,,,,,
12.569078494906424,0.4370971692182338,-0.16338975278857726,-0.6367967788212561,0.0,566.1576065027214,238.31329946808884,,,700000,0.0003,-2129203328.0,911020.375,-1.1747848987579346,3.114560173952205e+16,1900348544.0,690000,,,0.011234375000000008,0.0,40000.0,-104443.63666578273,34807.20845534107,0.0,0.0
,,,,,,,21,32958,700000,0.0003,-2194876416.0,911016.0625,0.7771955728530884,5010747218198528.0,749061760.0,690001,27319.12,-20687740.29899692,,,,,,,
11.946817321777342,0.48053331013083594,0.13083501420247834,-0.6029608800457452,0.0,530.093599208712,-208.4538134383113,21,33027,702000,0.0003,-2153179136.0,896497.0,0.3715519905090332,1.3199838954913792e+16,1628502912.0,692001,27319.12,-20687740.29899692,,,,,,,
4.531036518216135,0.5214472070605849,-0.05577220763578353,-0.5461723713835397,0.0,446.7502078650536,94.65398467153402,21,33096,704000,0.0003,-2350768384.0,918485.25,1.1701714992523193,4180987990769664.0,664120768.0,694001,27319.12,-20687740.29899692,,,,,,,
10.108952361345292,0.37753742525696177,-0.042751008679246215,-0.6853905902068617,0.0,615.3391861393452,87.70679330217222,21,33163,706000,0.0003,-2338322176.0,898528.125,0.37064725160598755,3084322047262720.0,240260080.0,696001,27319.12,-20687740.29899692,,,,,,,
10.396892917156219,0.5182692916179092,0.07049739943406973,-0.5507012957224471,0.0,463.7234544865964,-204.98420639708618,21,33232,708000,0.0003,-2343430912.0,915449.9375,1.769256353378296,3.5085766082166784e+16,2095312384.0,698001,27319.12,-20687740.29899692,,,,,,,
8.143201408982277,0.49180563657591203,-0.07621471830221786,-0.5700858514291773,0.0,475.30659029982445,181.34677424242398,21,33300,710000,0.0003,-2261900032.0,909337.3125,-0.33723199367523193,5.150266224331981e+16,2099702144.0,700001,27319.12,-20687740.29899692,,,,,,,
9.890092806220048,0.3794385254690817,0.08441428015895473,-0.6760219666338663,0.0,608.7377011206098,-98.29383501914549,21,33369,712000,0.0003,-2310185216.0,930085.25,0.4730110168457031,1.7450181540708352e+16,1747234048.0,702001,27319.12,-20687740.29899692,,,,,,,
6.096831120848639,0.5284162866054497,0.012932841295034827,-0.522496576223444,0.0,419.07769981946063,-67.6401760752664,21,33438,714000,0.0003,-2353467136.0,919347.625,-2.624814987182617,1.7841049334448128e+16,1796871808.0,704001,27319.12,-20687740.29899692,,,,,,,
10.75254311025143,0.4447064761438145,-0.13766890512048136,-0.6109565544097688,0.0,523.4991932940222,200.59667892976466,21,33507,716000,0.0003,-2383321856.0,962239.375,-0.34714850783348083,7776831784615936.0,941124032.0,706001,27319.12,-20687740.29899692,,,,,,,
11.600183138251298,0.42687856137806446,0.158753316892042,-0.6274050232711877,0.0,553.5104588997334,-229.9755017990723,21,33577,718000,0.0003,-2445861120.0,953994.8125,0.15954457223415375,2.189600956298035e+16,1648439168.0,708001,27319.12,-20687740.29899692,,,,,,,
3.099404913187031,0.516054294805762,-0.039965941804458074,-0.520294713146895,0.0,410.3687872088885,37.065503449282346,21,33647,720000,0.0003,-2532648192.0,939579.875,-0.20388242602348328,2.854950875745485e+16,2285749248.0,710001,27319.12,-20687740.29899692,,,,,,,
11.351389908194541,0.3828509390246043,-0.12017546408517078,-0.6474746409007213,0.0,560.8116530492737,178.67449708806106,21,33716,722000,0.0003,-2536492032.0,960742.0,1.1310193538665771,4803619199123456.0,303692480.0,712001,27319.12,-20687740.29899692,,,,,,,
8.390525441765774,0.28775306866545536,0.3630653643396743,-0.7933421873839601,0.0,870.4693604173505,-261.18509733127735,21,33786,724000,0.0003,-2391460608.0,943310.375,1.4767112731933594,3.705942166627942e+16,2524819712.0,714001,27806.846153846152,-20494937.29067081,,,,,,,
6.023429506421095,0.5896196419118698,0.23835237894022895,-0.745133709680104,0.0,811.2088569271932,-308.923450189068,21,33857,726000,0.0003,-2541080320.0,972057.6875,-1.2453809976577759,3507144934555648.0,921091072.0,716001,27806.846153846152,-20494937.29067081,,,,,,,
8.530582582950577,0.5253160588948269,-0.17879548823115787,-0.751387390537493,0.0,783.9124365794876,112.92941222461612,21,33927,728000,0.0003,-2550194176.0,937240.5,-0.03600212186574936,3.801257369350963e+16,2621521664.0,718001,27806.846153846152,-20494937.29067081,,,,,,,
11.050822340846057,0.46682932268970473,0.11525801998742252,-0.7803122543665929,0.0,811.6412635181802,-162.48378656671014,21,33997,730000,0.0003,-2627563008.0,954118.5625,0.9217022657394409,3629992273510400.0,213836464.0,720001,27806.846153846152,-20494937.29067081,,,,,,,
3.3648078370094225,0.6512017321306651,-0.019854527309406952,-0.5417911167769803,0.0,511.7070528135614,-227.9284262159745,21,34067,732000,0.0003,-2294563072.0,954151.3125,0.5334780812263489,1.9161601454112768e+17,4539181056.0,722001,27806.846153846152,-20494937.29067081,,,,,,,
11.627481158971781,0.4480394979191371,-0.16397112956084478,-0.6430436401671814,0.0,575.7144542064206,226.95967932036731,21,34138,734000,0.0003,-2640860160.0,987707.1875,1.0510921478271484,6007335323435008.0,561654976.0,724001,27806.846153846152,-20494937.29067081,,,,,,,
11.62977121770382,0.4656765233524253,0.15530376752554514,-0.622602407512904,0.0,561.709465169928,-238.0937093366987,21,34208,736000,0.0003,-2589076224.0,965188.6875,0.7988908886909485,5310151535886336.0,411079424.0,726001,27806.846153846152,-20494937.29067081,,,,,,,
4.158078643083573,0.5183470415557251,-0.06309122896088173,-0.5372657161066655,0.0,435.2856632130359,63.85539231157856,21,34278,738000,0.0003,-2617240320.0,971263.5,2.004711151123047,1.29842766938112e+16,1300015488.0,728001,27806.846153846152,-20494937.29067081,,,,,,,
10.363823264837258,0.36737449640875486,-0.07603734050090655,-0.6792287532494814,0.0,605.5695323562179,132.11911315152884,21,34349,740000,0.0003,-2410887680.0,993279.4375,-1.105226755142212,6.698832574283776e+16,3324922368.0,730001,27806.846153846152,-20494937.29067081,,,,,,,
10.627165634036064,0.4968437777082733,0.07868226259906623,-0.5557734729287767,0.0,471.88467716521507,-215.66947851784067,21,34420,742000,0.0003,-2575435776.0,1003413.5,1.196785569190979,5.003191082234675e+16,3046297856.0,732001,27806.846153846152,-20494937.29067081,,,,,,,
7.569156458973883,0.4730833860511531,-0.06464308530646296,-0.561273008934953,0.0,456.5054523253094,157.0661985080941,21,34491,744000,0.0003,-2697732096.0,1018386.1875,2.0748863220214844,5674159677898752.0,450405728.0,734001,27806.846153846152,-20494937.29067081,,,,,,,
9.298568373322496,0.35495743137579394,0.06014551500033838,-0.674616244603157,0.0,599.0447528902473,-42.45833058995758,21,34562,746000,0.0003,-2723194112.0,1007104.4375,-0.3396800756454468,1.2253561022840832e+16,1034486016.0,736001,27806.846153846152,-20494937.29067081,,,,,,,
7.5327855551242875,0.4974073869623884,0.01175204129131377,-0.5277025812857645,0.0,423.4341113157335,-90.07641817150096,21,34632,748000,0.0003,-2499422208.0,1019559.125,-2.692110776901245,7.69476720024617e+16,3328486144.0,738001,27806.846153846152,-20494937.29067081,,,,,,,
9.768599359989151,0.43544778932751566,-0.11376235106359664,-0.6060812724539562,0.0,512.367152911595,185.79000259037747,21,34703,750000,0.0003,-2653405184.0,1031121.9375,-2.838848829269409,7066066236735488.0,889384192.0,740001,27806.846153846152,-20494937.29067081,,,,,,,
10.988149805068968,0.3993475814968478,0.16312834535709816,-0.6344088144539178,0.0,560.457052880788,-239.4480657776669,21,34774,752000,0.0003,-2537595136.0,1031490.75,-1.6537319421768188,5.269113123373056e+16,3045227520.0,742001,27806.846153846152,-20494937.29067081,,,,,,,
3.655034516453742,0.4923768060931241,-0.04199963674594767,-0.5289281474788601,0.0,417.76553987255505,54.45822534669208,21,34844,754000,0.0003,-2678994688.0,1044507.9375,1.7478309869766235,2.8045539442425856e+16,2196991232.0,744001,27806.846153846152,-20494937.29067081,,,,,,,
11.240182058215142,0.3803277526820727,-0.12602954230688737,-0.6443536939648203,0.0,555.01342635993,177.80984185838858,21,34915,756000,0.0003,-2483763456.0,1079086.5,-1.6623443365097046,3.843246687623578e+16,2419190528.0,746001,27806.846153846152,-20494937.29067081,,,,,,,
11.679032794237134,0.4593345845168988,0.11048515742819134,-0.5792567339616568,0.0,497.57083374852147,-181.98432092214279,21,34986,758000,0.0003,-2834017024.0,1072751.5,0.781842052936554,3603270866042880.0,498664576.0,748001,27806.846153846152,-20494937.29067081,,,,,,,
4.886597404479977,0.47662417294455706,-0.031042587897893163,-0.5529876589399768,0.0,443.0695058253105,93.93226799769333,21,35056,760000,0.0003,-2816948992.0,1096711.125,0.5555974841117859,1.3718932997275648e+16,1756845696.0,750001,27806.846153846152,-20494937.29067081,,,,,,,
9.646594532728194,0.35590125479675333,-0.023958091056048337,-0.6779597870471585,0.0,599.4241275808151,71.34575817059365,21,35127,762000,0.0003,-2871619840.0,1093669.75,-0.8271427154541016,6008101438226432.0,228341248.0,752001,27806.846153846152,-20494937.29067081,,,,,,,
8.204887946248054,0.2829542545489624,0.25081309752651715,-0.7632255889917784,0.0,821.7361387186305,-203.53034386610415,21,35198,764000,0.0003,-2913111296.0,1107881.5,-1.3735411167144775,6363658695213056.0,1173012352.0,754001,28258.444444444445,-20301241.425278705,,,,,,,
6.804526588320728,0.3483424543977355,0.19226180245667338,-0.8904260113583231,0.0,1005.9537887102483,-214.6045094921913,21,35269,766000,0.0003,-2832493312.0,1118564.75,-0.39758482575416565,8175637751660544.0,1501906944.0,756001,28258.444444444445,-20301241.425278705,,,,,,,
9.533604568243023,0.6750184626396092,0.26989233601007495,-0.6847519382929373,0.0,740.6240171627737,-240.31118149393984,21,35340,768000,0.0003,-2715196416.0,1141157.5,1.3302253484725952,8.42943166414848e+16,3833928192.0,758001,28258.444444444445,-20301241.425278705,,,,,,,
-0.5787020045518904,0.7641286147946585,-0.29881402861542256,-0.5718900043313122,0.0,657.0914202756724,-38.606126359005366,21,35410,770000,0.0003,-2783656960.0,1168068.875,0.25233012437820435,1.5136684521816064e+16,793688512.0,760001,28258.444444444445,-20301241.425278705,,,,,,,
9.997506722807891,0.390849556402722,-0.050540926310735895,-0.720085443631356,0.0,671.4908252401284,76.83011249369518,21,35481,772000,0.0003,-2992126976.0,1204711.875,2.135380268096924,7679615736741888.0,857430400.0,762001,28258.444444444445,-20301241.425278705,,,,,,,
11.571730087995537,0.5143299196225817,0.1274537455397181,-0.6073240914318381,0.0,556.2153090628734,-245.7834884209105,21,35552,774000,0.0003,-2904183808.0,1176311.0,-1.1938141584396362,1.5597473309392896e+16,738525184.0,764001,28258.444444444445,-20301241.425278705,,,,,,,
5.584814188480377,0.5144477845948623,-0.0804483940345714,-0.5540520212893625,0.0,457.797676612102,101.04214314317981,21,35623,776000,0.0003,-2766348032.0,1229209.75,1.3629894256591797,2.053511825147822e+17,5281087488.0,766001,28258.444444444445,-20301241.425278705,,,,,,,
9.936438658833511,0.38106004202885924,0.0025660494159305707,-0.6800915845749026,0.0,607.8234783209733,35.405215557207896,21,35693,778000,0.0003,-2967367168.0,1231979.375,0.025459706783294678,2.191922386121523e+16,1206113408.0,768001,28258.444444444445,-20301241.425278705,,,,,,,
9.744116129279133,0.5236346400516169,0.03108801087899032,-0.5353391924928302,0.0,444.5464773824604,-161.65676335008652,21,35764,780000,0.0003,-2958133760.0,1234062.0,1.7356754541397095,2.0945335731879936e+16,971105216.0,770001,28258.444444444445,-20301241.425278705,,,,,,,
8.834786928296102,0.46885265898347905,-0.07619721294721478,-0.5853214192567552,0.0,489.4247569889504,168.5038174990585,21,35835,782000,0.0003,-2918084608.0,1279245.375,-0.6131221652030945,2.510351261446963e+16,1441548032.0,772001,28258.444444444445,-20301241.425278705,,,,,,,
10.299462449550617,0.40322249026715473,0.1312562818765041,-0.6455705135367168,0.0,572.924668705247,-194.3547771563663,21,35906,784000,0.0003,-2996773376.0,1260601.0,-2.422616958618164,4963484861202432.0,984081408.0,774001,28258.444444444445,-20301241.425278705,,,,,,,
5.12909852743149,0.5144975395016718,-0.0284381814688239,-0.5307340364356034,0.0,424.82731042094156,41.72277788608058,21,35977,786000,0.0003,-2936101632.0,1243844.0,0.4730910360813141,3.383888768401408e+16,1196700288.0,776001,28258.444444444445,-20301241.425278705,,,,,,,
11.335194728374486,0.4189919696491921,-0.13298781352268324,-0.630836458011888,0.0,542.5556116369124,175.94285916742794,21,36048,788000,0.0003,-2952436992.0,1249794.0,-0.12561741471290588,1.6131273319776256e+16,649792768.0,778001,28258.444444444445,-20301241.425278705,,,,,,,
11.859992609620091,0.46216094153902676,0.1350235244664964,-0.5926062948675843,0.0,515.75208216717,-183.3890469618962,21,36119,790000,0.0003,-2928998656.0,1286792.375,-1.0473365783691406,1.1020175264448512e+16,753308800.0,780001,28258.444444444445,-20301241.425278705,,,,,,,
4.31438552081585,0.4987499348233438,-0.03846828161721125,-0.5423963666780143,0.0,434.7742365418946,52.813627688952224,21,36190,792000,0.0003,-3011681024.0,1309067.375,-1.854750156402588,3.203984399532032e+16,2360797184.0,782001,28258.444444444445,-20301241.425278705,,,,,,,
10.58552756071092,0.3810365968068923,-0.059897225030294314,-0.6622264201129557,0.0,579.5163988278226,115.98011945014561,21,36261,794000,0.0003,-3058308096.0,1284606.25,-0.42799681425094604,8551005545299968.0,1075713920.0,784001,28258.444444444445,-20301241.425278705,,,,,,,
10.795661080479622,0.5041858144947009,0.06257420037130544,-0.5497001229337928,0.0,462.0153437335484,-173.31228694549208,21,36331,796000,0.0003,-3090158848.0,1303523.625,0.6179518699645996,7999174725337088.0,1027105664.0,786001,28258.444444444445,-20301241.425278705,,,,,,,
8.144381639361384,0.48732589683153243,-0.0407554408133987,-0.5697451841778537,0.0,469.9917391678181,142.41679531113604,21,36401,798000,0.0003,-3089638912.0,1342754.0,-0.14226531982421875,4.516768426596762e+16,3035075328.0,788001,28258.444444444445,-20301241.425278705,,,,,,,
10.269651268124589,0.3935801022406753,0.0784921864651603,-0.66258008235674,0.0,592.9688044481939,-87.2014708532437,,,800000,0.0003,-3224132352.0,1329618.75,-0.3692954480648041,7211098692386816.0,652756288.0,790000,,,0.011234375000000008,0.0,40000.0,-51595.84303562704,16924.23935336238,0.0010468750000000007,0.0
,,,,,,,21,37771,800000,0.0003,-3189719808.0,1329787.5,0.1678142547607422,6632364197281792.0,612242752.0,790001,28258.444444444445,-20301241.425278705,,,,,,,
6.428583678007105,0.5241334503164359,-0.005365319182567036,-0.524349422517737,0.0,423.14821689651075,-42.95560532570512,21,37841,802000,0.0003,-3129174528.0,1359980.75,2.596616268157959,1.7015923839860736e+16,1767329408.0,792001,28258.444444444445,-20301241.425278705,,,,,,,
6.202862342596044,0.3249146026300586,0.15139564890084958,-0.7569647294661574,0.0,809.6191145034868,25.930987706850306,21,37909,804000,0.0003,-3130503168.0,1357543.25,-0.17172598838806152,1.1173069657735168e+16,558729088.0,794001,28677.785714285714,-20120561.002044678,,,,,,,
7.684275228977203,0.40128117931812224,0.1697765368923206,-0.8748472958390652,0.0,981.4436790767138,-197.02147534626596,21,37978,806000,0.0003,-3113545728.0,1382860.375,-0.8499394655227661,5195193514983424.0,872797760.0,796001,28677.785714285714,-20120561.002044678,,,,,,,
9.536009795665741,0.7304444446506673,0.31955057572129675,-0.6541179961893601,0.0,731.6508368409434,-195.97572933631517,21,38046,808000,0.0003,-3274225408.0,1423476.25,1.7951200008392334,7134823294435328.0,1179704192.0,798001,28677.785714285714,-20120561.002044678,,,,,,,
-14.764006092548373,-0.5949942084790834,-0.07988370010551499,-0.5497728298343276,0.0,743.1862902409767,-150.39371326617373,21,38115,810000,0.0003,-3076161536.0,1440185.625,0.5136635303497314,4.513363806021222e+16,2352713728.0,800001,28677.785714285714,-20120561.002044678,,,,,,,
-2.141352548599241,0.275940909816573,-0.5420983497165548,-0.09294140191388026,0.0,301.68765990732646,-505.7417970406657,21,38184,812000,0.0003,-3271001600.0,1431546.5,-0.4988234043121338,8498136645369856.0,365122048.0,802001,28677.785714285714,-20120561.002044678,,,,,,,
5.062238947153094,0.04964859847030747,-0.11501411434548389,-0.1140356028863571,0.0,32.964137081379626,21.308624699754294,21,38254,814000,0.0003,-3216026368.0,1438461.625,0.010935187339782715,1.837858167141171e+16,1266228608.0,804001,28677.785714285714,-20120561.002044678,,,,,,,
-3.1438558709621427,-0.3855093650146199,-0.3136368515509617,-0.1373680898726034,0.0,227.84767002265332,475.22300432025446,21,38323,816000,0.0003,-3033285888.0,1459682.375,2.3936076164245605,2.8511092422475776e+17,6005091840.0,806001,28677.785714285714,-20120561.002044678,,,,,,,
-3.6581453585624657,0.07130148200815672,0.6461966154463823,-0.7104964510506047,0.0,865.732902168632,263.6846543023657,21,38393,818000,0.0003,-3360445440.0,1463201.5,2.0809028148651123,8682307527376896.0,327302464.0,808001,28677.785714285714,-20120561.002044678,,,,,,,
8.819495375156414,0.4117184829332059,0.001276293861403667,-0.7638104114843332,0.0,752.7854767759486,-6.526366811556953,21,38464,820000,0.0003,-3277116928.0,1475404.875,0.09774291515350342,1.0255525056872448e+16,649209664.0,810001,28677.785714285714,-20120561.002044678,,,,,,,
11.270258967280398,0.5531389242538302,0.15489308482050498,-0.630634005938336,0.0,609.8698568566897,-290.65192558088125,21,38534,822000,0.0003,-3276560896.0,1491027.875,1.597470760345459,9262729407758336.0,501279744.0,812001,28677.785714285714,-20120561.002044678,,,,,,,
5.767966279387476,0.5328190296497968,-0.10567420756249583,-0.5275751593058268,0.0,430.2569553939324,3.999168692867951,21,38604,824000,0.0003,-3048882432.0,1524874.875,-1.3964993953704834,8.284808089383731e+16,3148938752.0,814001,28677.785714285714,-20120561.002044678,,,,,,,
10.379614741802229,0.3807926439192124,-0.021649687645617532,-0.6477007323041167,0.0,563.5771804878055,75.26023266971704,21,38674,826000,0.0003,-3253004288.0,1472211.5,1.3379065990447998,1.983682400013517e+16,712072896.0,816001,28677.785714285714,-20120561.002044678,,,,,,,
9.870063588023188,0.5106462587917695,0.031077728213201636,-0.5189436636667925,0.0,421.88463406175384,-118.42703997499679,21,38744,828000,0.0003,-3018897408.0,1527678.375,-1.7389585971832275,4.158474953320038e+16,1441507200.0,818001,28677.785714285714,-20120561.002044678,,,,,,,
9.449350834488868,0.5000215529867571,-0.05488885284274898,-0.5735399787833558,0.0,481.5599172659801,172.49616648898763,21,38814,830000,0.0003,-3224987136.0,1552963.0,0.3259117603302002,2.345110125674496e+16,1194503552.0,820001,28677.785714285714,-20120561.002044678,,,,,,,
11.403785076141368,0.43656826941858945,0.12648508168998057,-0.6292928935676808,0.0,563.4480451005969,-211.0471233908692,21,38884,832000,0.0003,-3135555328.0,1529522.5,-2.5558390617370605,4.000777498106266e+16,2981038336.0,822001,28677.785714285714,-20120561.002044678,,,,,,,
4.670727611780176,0.5275457232698343,-0.02989565542492306,-0.5303003741742324,0.0,428.6531634365722,44.48908279624148,21,38954,834000,0.0003,-3269587968.0,1598332.625,1.5366833209991455,7.74568317854679e+16,2779359744.0,824001,28677.785714285714,-20120561.002044678,,,,,,,
12.141528048515323,0.44457961759584047,-0.1279578251963579,-0.6290057378301613,0.0,549.550075465317,188.4498809148914,21,39025,836000,0.0003,-3325348608.0,1591269.5,0.9834423661231995,1.059373010911232e+16,1721373952.0,826001,28677.785714285714,-20120561.002044678,,,,,,,
12.215217931866638,0.5041134333163075,0.10756024684451558,-0.5696223152550265,0.0,496.1104426306571,-189.2139652066112,21,39096,838000,0.0003,-3316476416.0,1610059.125,2.4497694969177246,8445222111412224.0,448543264.0,828001,28677.785714285714,-20120561.002044678,,,,,,,
6.258707661628722,0.5210722214676057,-0.022013221215597338,-0.5467309753614175,0.0,446.8511975017026,93.05524433240721,21,39166,840000,0.0003,-3128543488.0,1603985.5,0.8500498533248901,4.32847834883031e+16,2093080576.0,830001,28677.785714285714,-20120561.002044678,,,,,,,
10.739889484047877,0.40744048290520946,0.007419150450284147,-0.6669646813380253,0.0,602.1106391719122,23.09415153092236,21,39237,842000,0.0003,-3103026688.0,1635858.375,0.03389018774032593,7.632298618912768e+16,3012699904.0,832001,28677.785714285714,-20120561.002044678,,,,,,,
8.607958737611742,0.35468371638236185,0.22362282240998663,-0.7471527520875969,0.0,823.6867405781744,-156.58044496095232,21,39308,844000,0.0003,-3242049024.0,1710222.0,-1.718451738357544,1.1617243364327424e+16,764605376.0,834001,29068.206896551725,-19922097.913523864,,,,,,,
8.108181941509251,0.45849186170216477,0.2098887447807108,-0.8621067513025104,0.0,978.0338046611224,-253.4057562215933,21,39379,846000,0.0003,-3259229696.0,1746076.625,-1.8741028308868408,1.995188187902771e+16,1004621696.0,836001,29068.206896551725,-19922097.913523864,,,,,,,
8.724463902711868,0.7445755044435776,0.21195994058240553,-0.6883876099634283,0.0,759.6297495794596,-156.11408660595555,21,39450,848000,0.0003,-3246394368.0,1659100.125,0.9019050002098083,2.76137942974464e+16,1233113088.0,838001,29068.206896551725,-19922097.913523864,,,,,,,
2.304513372778892,0.08293650490347493,0.14240052621830665,-0.594609077145826,0.0,733.5795049949609,92.6800691123479,21,39521,850000,0.0003,-3288060416.0,1705832.125,1.2109073400497437,1.3645774671839232e+16,600916416.0,840001,29068.206896551725,-19922097.913523864,,,,,,,
-15.541920409202582,-0.7373765730268168,-0.1119897964431392,-0.5764287721792164,0.0,849.3058139271567,-220.29590384441457,21,39591,852000,0.0003,-3285278208.0,1743693.625,0.24317950010299683,1.135398141118382e+17,4542823936.0,842001,29068.206896551725,-19922097.913523864,,,,,,,
-0.20185192942620478,0.12444227118580278,-0.938868020166061,0.004847836639789612,0.0,517.2595109273151,-502.44398515807904,21,39662,854000,0.0003,-3155618560.0,1671321.875,-0.075065016746521,6.391185784858214e+16,3013399296.0,844001,29068.206896551725,-19922097.913523864,,,,,,,
4.696992688179012,-0.21484029312030123,0.2932181532424488,-0.03132342617021134,0.0,53.870450772188654,-9.534573162833649,21,39733,856000,0.0003,-3274542080.0,1764767.75,0.6668026447296143,2.549731816583987e+16,2103571328.0,846001,29068.206896551725,-19922097.913523864,,,,,,,
9.194166517257697,0.14782327321077807,-0.053715354964821965,0.06183735115778616,0.0,133.49084951196423,69.62620214543736,21,39804,858000,0.0003,-3178113536.0,1725187.875,-2.5918514728546143,1.0124097983873024e+16,952798464.0,848001,29068.206896551725,-19922097.913523864,,,,,,,
1.7136992573738108,-0.230798261721945,0.0003096429563975027,0.05745059215673835,0.0,108.77843641903527,-79.47794176029693,21,39874,860000,0.0003,-3153943040.0,1738914.375,-0.31998831033706665,1.9950685730635776e+16,1087170688.0,850001,29068.206896551725,-19922097.913523864,,,,,,,
9.748127508163453,0.13019075467048102,0.07003589082396222,0.14429383192611342,0.0,146.3300875499275,26.273796235724053,21,39945,862000,0.0003,-3260833536.0,1767643.0,1.2140586376190186,3.817744030813389e+16,2185760768.0,852001,29068.206896551725,-19922097.913523864,,,,,,,
-0.42948967576027264,-0.18068630061502916,-0.07050485638726951,0.10217318172971501,0.0,98.39121362722176,2.5695497385519985,21,40016,864000,0.0003,-3322552320.0,1796450.5,-1.0933657884597778,7.567414547972096e+16,1791550080.0,854001,29068.206896551725,-19922097.913523864,,,,,,,
9.289783649444578,0.12368751669370406,0.04981288209072371,0.18798123041107942,0.0,166.55594672428697,34.75167096925385,21,40087,866000,0.0003,-3269705216.0,1776562.875,1.9918320178985596,3.0099102893080576e+16,1795602048.0,856001,29068.206896551725,-19922097.913523864,,,,,,,
-7.229856798052773,-0.39299139202707434,-0.07089947352372228,0.2958711825583418,0.0,654.5346615640187,3626.5690511367047,21,40157,868000,0.0003,-3329372928.0,1834791.625,-1.4739305973052979,1.328553106866176e+16,1220221312.0,858001,29068.206896551725,-19922097.913523864,,,,,,,
1.4119750297069544,0.1695339283248176,0.12298774655904006,-0.2746701279391537,0.0,308.403051531758,-3482.8847397079307,21,40228,870000,0.0003,-3048365056.0,1820938.625,-0.7592285871505737,6.388410634689577e+17,9819736064.0,860001,29068.206896551725,-19922097.913523864,,,,,,,
-0.44171703040599625,0.007961660043252156,0.009712563634055158,-0.27905654222418586,0.0,114.90423595922005,-108.23746669411896,21,40299,872000,0.0003,-3380088320.0,1849762.375,2.8289153575897217,2.043312652209357e+16,1556529792.0,862001,29068.206896551725,-19922097.913523864,,,,,,,
3.6023037278652255,0.06157844192608721,-0.10605728700107091,-0.2718128373778771,0.0,108.32676983532389,206.75024668668752,21,40369,874000,0.0003,-3483758592.0,1866563.375,1.9519119262695312,1.3545835077828608e+16,1344322432.0,864001,29068.206896551725,-19922097.913523864,,,,,,,
7.515610461831097,0.02843315112411037,0.18009246414694008,-0.23451972911193006,0.0,248.2546990243075,-119.01849046267478,21,40439,876000,0.0003,-3490097920.0,1930004.625,-0.028063297271728516,1.5505418201595904e+16,417396544.0,866001,29068.206896551725,-19922097.913523864,,,,,,,
-0.19532075941562732,0.030650535505821794,-0.16184496064046996,-0.22155330125506104,0.0,86.94520116673961,-108.83464639558022,21,40509,878000,0.0003,-3405785088.0,1958432.0,-0.5505123138427734,3.878479163346125e+16,1401411712.0,868001,29068.206896551725,-19922097.913523864,,,,,,,
0.03535255670547693,0.0060255539946039,0.08578774296760013,-0.21696449837315637,0.0,62.09673521418444,8.177863859569412,21,40579,880000,0.0003,-3337355264.0,1988385.125,-0.2620149254798889,2.6103572127023104e+16,1288827776.0,870001,29068.206896551725,-19922097.913523864,,,,,,,
3.1739716589450797,-0.013487971848008642,-0.09179920986653992,-0.22331023860765703,0.0,86.7181862644306,86.64314888141612,21,40649,882000,0.0003,-3338498560.0,1955160.625,-2.0923264026641846,1.2232851979029709e+17,4521771520.0,872001,29068.206896551725,-19922097.913523864,,,,,,,
6.002104243636138,0.1449502878147803,0.44596298253545363,-0.5677512129498916,0.0,682.30750199129,-136.99254672932435,21,40719,884000,0.0003,-3345318400.0,1990236.75,-2.2624552249908447,1.6511952377348096e+16,1305530496.0,874001,29432.6,-19551178.282575134,,,,,,,
8.187896727919583,0.46691242766713104,0.21835419233560957,-0.8578695920118378,0.0,974.139035635713,-263.85413027744573,21,40789,886000,0.0003,-3317676544.0,1947389.625,-0.04319849610328674,1.494502418321244e+17,4014974720.0,876001,29432.6,-19551178.282575134,,,,,,,
5.274227553606036,0.7538127581484061,0.1180237537605393,-0.6744805732606469,0.0,749.646091851027,-156.96862092022567,21,40859,888000,0.0003,-3105576960.0,1982231.75,-1.611101508140564,1.8078599680622592e+17,3984237824.0,878001,29432.6,-19551178.282575134,,,,,,,
10.587040480375297,0.5846653107283963,-0.1745665550245719,-0.6924369543745325,0.0,706.8843089087186,41.80394775045015,21,40929,890000,0.0003,-3515979264.0,2010567.25,0.4220820963382721,3.535572839904051e+16,1144784768.0,880001,29432.6,-19551178.282575134,,,,,,,
12.812769927382469,0.5282202367575201,0.11745533578577412,-0.7193725630799251,0.0,728.5205807226921,-188.2209425076087,21,40999,892000,0.0003,-3564571136.0,2071007.375,1.3487242460250854,2.236826698697933e+16,763124224.0,882001,29432.6,-19551178.282575134,,,,,,,
2.6494064444303476,0.653818318640527,-0.062155625161780144,-0.5192106187651783,0.0,468.6698549446759,-124.28048260961842,21,41069,894000,0.0003,-3558137856.0,2129520.25,0.6275519132614136,1.7172403457097728e+16,1260430336.0,884001,29432.6,-19551178.282575134,,,,,,,
12.741065353751193,0.4834474207657009,-0.14441036551723496,-0.6271886734173067,0.0,560.4072900516092,214.56407472891664,21,41139,896000,0.0003,-3650154240.0,2087377.875,0.6646336317062378,3.015051150413005e+16,2152324352.0,886001,29432.6,-19551178.282575134,,,,,,,
11.767621700763693,0.5160315063503974,0.10036438268381304,-0.5965811873185599,0.0,531.1326426575284,-155.04815145667328,21,41209,898000,0.0003,-3724618752.0,2086223.625,-0.5189744234085083,2.3296327815266304e+16,431113888.0,888001,29432.6,-19551178.282575134,,,,,,,
7.141035062670711,0.5493139692681386,-0.015500207970254141,-0.5838238747180498,0.0,507.7703930139975,105.28766111034574,,,900000,0.0003,-3436253184.0,2065019.75,-0.9273238182067871,2.5925992838699418e+17,5318815744.0,890000,,,0.07540624999999895,0.0,40000.0,-40838.29800356712,33850.58863363026,0.07540624999999895,0.0
,,,,,,,21,42578,900000,0.0003,-3716591872.0,2065073.0,-0.6207168102264404,3.948265509958451e+16,1161884672.0,890001,29432.6,-19551178.282575134,,,,,,,
11.547174944281563,0.45392441295664676,0.03869823526727068,-0.685955587657404,0.0,646.5125645602686,-52.39502898430362,21,42646,902000,0.0003,-3635291648.0,2084026.375,-0.15122731029987335,1.7673772169428992e+16,1644049024.0,892001,29432.6,-19551178.282575134,,,,,,,
6.555320295095427,0.561928130135739,0.004631612792579609,-0.5746973975690902,0.0,502.234865990171,-25.889387609520615,21,42715,904000,0.0003,-3234691328.0,2146814.0,3.3698015213012695,5.829210015918981e+17,7406030336.0,894001,29432.6,-19551178.282575134,,,,,,,
11.431861137151733,0.5168334169942197,-0.11450432845800369,-0.6442344726265791,0.0,591.292657918822,173.2227312775801,21,42783,906000,0.0003,-3873236992.0,2147903.5,2.139277935028076,3.222936157473997e+16,2414680064.0,896001,29432.6,-19551178.282575134,,,,,,,
12.213662086725241,0.5254270315358263,0.11130124508800772,-0.6259190601682914,0.0,580.4943953614321,-179.73507054589487,21,42853,908000,0.0003,-3650798336.0,2156622.75,-0.4158305823802948,8.454560658803917e+16,2717813504.0,898001,29432.6,-19551178.282575134,,,,,,,
6.132050620317463,0.5540656569863417,-0.026543161688874134,-0.5835505239450669,0.0,507.28897518199574,54.358448602862524,21,42923,910000,0.0003,-3648595968.0,2158869.75,-1.690455675125122,4.969881033873818e+16,1256615424.0,900001,29432.6,-19551178.282575134,,,,,,,
11.503234953284267,0.4510311583137562,-0.0037878163406765645,-0.6870200701420313,0.0,643.858165747307,30.602072643627,21,42993,912000,0.0003,-3793972736.0,2179182.75,-0.5910760164260864,1.4028639653016371e+17,953165184.0,902001,29432.6,-19551178.282575134,,,,,,,
7.918444244861608,0.55978495754977,0.009084709674680062,-0.5682559023163908,0.0,496.9162150387393,-91.88820258046894,21,43063,914000,0.0003,-3456394496.0,2200096.0,-0.2572832703590393,3.878950750755226e+16,1687104128.0,904001,29432.6,-19551178.282575134,,,,,,,
10.771552736163141,0.5178069741652304,-0.08960969833593235,-0.6223350548948408,0.0,557.8155388209726,163.947475286325,21,43133,916000,0.0003,-3854101248.0,2206925.5,1.7788138389587402,1.981850596461773e+16,1032187776.0,906001,29432.6,-19551178.282575134,,,,,,,
12.45599997162818,0.5042253398519293,0.11324244140082738,-0.624572754193399,0.0,574.770835574047,-182.2523289773105,21,43203,918000,0.0003,-3790678272.0,2223123.5,1.2418454885482788,9.321133017294438e+16,3271940608.0,908001,29432.6,-19551178.282575134,,,,,,,
4.985192155838007,0.5535021565847918,-0.013834705286726158,-0.5628484106621843,0.0,477.41378710374136,18.47861622138022,21,43273,920000,0.0003,-3435805696.0,2267059.25,1.9433010816574097,2.638573215101747e+16,954662272.0,910001,29432.6,-19551178.282575134,,,,,,,
11.676041591763498,0.4509070893952163,-0.060773202181886254,-0.6695182484542029,0.0,612.5296176354148,122.39205067749054,21,43343,922000,0.0003,-3784965888.0,2244884.5,0.15377117693424225,5.36468301765673e+16,2098780928.0,912001,29432.6,-19551178.282575134,,,,,,,
9.363870338201515,0.3602232031597434,0.3116366726827727,-0.7613353613016987,0.0,850.9411150668078,-251.08036955397893,21,43413,924000,0.0003,-3700487936.0,2237452.75,-0.0727679654955864,6.998773762883584e+16,2277243904.0,914001,29773.483870967742,-19437516.502911292,,,,,,,
7.79683906137944,0.6358664543213027,0.3619901609720787,-0.7196288542666879,0.0,813.9572321592009,-384.30774949854487,21,43484,926000,0.0003,-3455101440.0,2271677.75,-0.2527768015861511,3.035123508272169e+17,6338107904.0,916001,29773.483870967742,-19437516.502911292,,,,,,,
1.0549588924646378,0.5274276100017468,0.10158978757970787,-0.5992784820825735,0.0,716.0734556116697,63.03730590780347,21,43554,928000,0.0003,-3934679552.0,2285467.75,-0.43681925535202026,1.893331320491213e+16,1960077568.0,918001,29773.483870967742,-19437516.502911292,,,,,,,
-5.26217479586601,-0.8633462607162496,0.16507149192215634,-0.6139736369789041,0.0,856.7845635024958,290.19985898476847,21,43624,930000,0.0003,-3993780736.0,2385218.0,-0.5369827747344971,9.82439409221632e+16,3085294080.0,920001,29773.483870967742,-19437516.502911292,,,,,,,
-15.332112872600588,-0.14093236770922277,-0.7620525176414423,-0.3023313250044141,0.0,865.3035189617168,-504.16189577717216,21,43695,932000,0.0003,-3915111680.0,2442138.25,-0.8139560222625732,7.522197132279808e+16,3064548608.0,922001,29773.483870967742,-19437516.502911292,,,,,,,
0.4537098366022113,0.009062640448896509,-0.1482725121000887,0.005551383434644032,0.0,22.84236650258163,-503.27911618311043,21,43765,934000,0.0003,-3968896256.0,2458704.5,-1.6532963514328003,3.0245294989901824e+16,1174927360.0,924001,29773.483870967742,-19437516.502911292,,,,,,,
-8.924532283544544,-0.18138775892482634,-0.09645582698156817,0.035564008955990684,0.0,30.43661378135588,48.38877835288402,21,43836,936000,0.0003,-3814359552.0,2575083.75,0.5415821671485901,1.21060095688704e+16,1698244736.0,926001,29773.483870967742,-19437516.502911292,,,,,,,
-1.0270213180780368,-0.1232186487772512,0.037559193109311814,-0.05315598563654282,0.0,17.67008229592848,-28.925849194819982,21,43907,938000,0.0003,-3929881600.0,2621804.0,-1.8469963073730469,7.392695278370816e+16,4225726720.0,928001,29773.483870967742,-19437516.502911292,,,,,,,
3.2552983599901215,-0.05274563470608184,0.20082005277298298,-0.048792869407448244,0.0,26.009243397281,75.83668352428516,21,43978,940000,0.0003,-3679799552.0,2612459.25,-1.2025854587554932,2.988357499171635e+17,6914952192.0,930001,29773.483870967742,-19437516.502911292,,,,,,,
6.626038936972637,0.09585597749229252,-0.25815824820168815,-0.004948272135104228,0.0,132.6770313150465,2.960380370794458,21,44049,942000,0.0003,-3835395072.0,2676785.0,0.7142881751060486,2.067753936701358e+17,6171889152.0,932001,29773.483870967742,-19437516.502911292,,,,,,,
1.1555793082714085,-0.15658921148008295,0.09080856457972564,-0.0389892662038143,0.0,19.317451237486257,-63.4945992016866,21,44120,944000,0.0003,-3678130432.0,2705815.75,0.07809028029441833,3.559708752221307e+17,8008340480.0,934001,29773.483870967742,-19437516.502911292,,,,,,,
-5.982362644076344,-0.18163035793241258,-0.11974819781530842,-0.017154315024955284,0.0,20.294046816996477,32.597314151001726,21,44191,946000,0.0003,-3800937216.0,2813700.0,-0.36700740456581116,5.400461813219328e+16,2499146240.0,936001,29773.483870967742,-19437516.502911292,,,,,,,
-4.1692327821254676,-0.12859577648298873,0.11587634635394918,-0.0914813567009469,0.0,34.50209051995334,-3.615055076698524,21,44262,948000,0.0003,-3906645760.0,2899546.75,-0.7933148741722107,1.9839843362144256e+16,1329780608.0,938001,29773.483870967742,-19437516.502911292,,,,,,,
4.7453121322393415,0.010409701138013032,0.26180830107064185,-0.09082656887536635,0.0,51.871347835782316,140.38457253091582,21,44332,950000,0.0003,-4271973120.0,2862927.75,0.7942715287208557,2.227108046700544e+16,559019968.0,940001,29773.483870967742,-19437516.502911292,,,,,,,
5.800225058197967,0.05144722066049389,-0.32192651915228193,-0.07373631824277245,0.0,105.6580726072647,-89.08855875257615,21,44403,952000,0.0003,-4264688384.0,2924585.5,-1.8376586437225342,2.454139803218739e+16,937725888.0,942001,29773.483870967742,-19437516.502911292,,,,,,,
-1.3668360954523078,-0.12910187506357196,0.02863006285586792,-0.10659865349645667,0.0,24.050943437612823,-21.042041477826388,21,44474,954000,0.0003,-4040180736.0,2957761.75,-0.466497540473938,6.796332626870272e+16,2950002432.0,944001,29773.483870967742,-19437516.502911292,,,,,,,
-5.135257389545451,-0.09907884915025895,0.09785943735269359,-0.12346744483509216,0.0,36.606415881642334,11.345678328614865,21,44545,956000,0.0003,-4185901056.0,3043841.25,2.047285556793213,9.19957341690921e+16,3568080128.0,946001,29773.483870967742,-19437516.502911292,,,,,,,
2.811400734186171,-0.022364009675411103,0.08493644345381551,-0.15353094662773023,0.0,42.98651761777855,71.58372083465436,21,44615,958000,0.0003,-4072205568.0,3134099.25,0.6676299571990967,6.50731611708457e+16,2282125568.0,948001,29773.483870967742,-19437516.502911292,,,,,,,
8.175896816253669,0.14961933984806958,-0.10225154877837654,-0.10645868053367993,0.0,105.64161511026067,-41.469396218492484,21,44680,960000,0.0003,-4200052480.0,2973954.5,-1.5625399351119995,8.503973398550938e+16,3474373632.0,950001,29773.483870967742,-19437516.502911292,,,,,,,
-1.7015716695785517,-0.06674822216775178,-0.013157338529630597,-0.17726475564720678,0.0,49.81453114350672,9.155273842719039,21,44744,962000,0.0003,-4371247104.0,3069130.75,1.6447806358337402,1.308600299421696e+16,1459725440.0,952001,29773.483870967742,-19437516.502911292,,,,,,,
1.02916246533394,0.06751956155804806,0.29233559301153506,-0.5797803961891645,0.0,639.3286064617466,-64.85239457180444,21,44809,964000,0.0003,-4227970048.0,3168932.75,-0.9324520826339722,7.188638805157478e+16,1844788352.0,954001,30093.0625,-19012133.698914062,,,,,,,
8.832081506848372,0.6055541570106984,0.33539431794960944,-0.7621829403442318,0.0,865.4175566514514,-385.08654785764895,21,44873,966000,0.0003,-4173141760.0,3007917.5,-1.7808151245117188,2.3270931673645056e+17,6312294912.0,956001,30093.0625,-19012133.698914062,,,,,,,
1.52847987115383,0.011171648948675872,0.23717761037013604,-0.5891422374218385,0.0,743.852050852828,166.9998756969409,21,44937,968000,0.0003,-4242061824.0,3095630.75,-0.13971728086471558,9.96522606985216e+16,2151130624.0,958001,30093.0625,-19012133.698914062,,,,,,,
-17.391563562750825,-0.6704121749591833,-0.1760385523237157,-0.5836882095826847,0.0,912.9420097719553,-288.05844511680317,21,45002,970000,0.0003,-4346305024.0,3232565.75,1.8005685806274414,3.664776193585971e+16,1908240384.0,960001,30093.0625,-19012133.698914062,,,,,,,
-3.1056765526533106,0.2669304601839964,-0.6509095982964624,0.026509298793956006,0.0,332.51131786394296,-569.4963520498388,21,45066,972000,0.0003,-4720427008.0,3274846.25,2.5949671268463135,1.2445243265777664e+16,424466016.0,962001,30093.0625,-19012133.698914062,,,,,,,
-9.043227195739735,-0.16312489471576472,-0.0993302339302402,0.044235314200753745,0.0,31.783418085766062,49.092014615131646,21,45130,974000,0.0003,-4337846272.0,3359375.25,-1.934596300125122,5.053717507001549e+16,768960832.0,964001,30093.0625,-19012133.698914062,,,,,,,
-0.04301111280917854,-0.11158208927328885,0.024606456772553846,-0.03298171314296826,0.0,13.205163062571913,-37.49548653089616,21,45195,976000,0.0003,-4485040128.0,3377776.5,-0.44921132922172546,5.852198312974746e+16,1562265856.0,966001,30093.0625,-19012133.698914062,,,,,,,
2.6039203488826788,-0.07525803307647277,0.12543257374565045,-0.031471831613669496,0.0,11.523784930104823,33.30890207585333,21,45259,978000,0.0003,-4645906944.0,3307977.5,1.20790696144104,2.8999773801414656e+17,5776865280.0,968001,30093.0625,-19012133.698914062,,,,,,,
8.864236243367197,0.14412789733849418,-0.029531293592762332,0.026066816922733712,0.0,62.15888878730762,-1.1773170723541808,21,45323,980000,0.0003,-4392688128.0,3358741.0,0.205742746591568,1.434703760457728e+17,3490931968.0,970001,30093.0625,-19012133.698914062,,,,,,,
0.0658591300249104,-0.11589034745055012,-0.04893839024976266,0.002608099324916872,0.0,39.0480377934874,-9.367936177371202,21,45390,982000,0.0003,-4643761152.0,3283734.25,-0.32924777269363403,3.855276032026214e+16,1193779328.0,972001,30093.0625,-19012133.698914062,,,,,,,
1.1010269051790251,-0.03388455566815877,0.06712580795058971,0.010516528948076247,0.0,2.8670297086362013,20.63983479772634,21,45460,984000,0.0003,-4475826688.0,3178661.0,-2.8127920627593994,1.8458453460228506e+17,3218123264.0,974001,30093.0625,-19012133.698914062,,,,,,,
9.002607356309877,0.14890232508180254,0.03781696595042802,0.054527276756447425,0.0,56.81639877862729,62.08693678066676,21,45530,986000,0.0003,-4178597888.0,3265225.5,-1.6831324100494385,1.0852992373961523e+17,4129885696.0,976001,30093.0625,-19012133.698914062,,,,,,,
0.23423730015754654,-0.11139523179561257,-0.12349969850363703,0.033305467856609684,0.0,55.36162912946631,-42.59711533709546,21,45600,988000,0.0003,-4283389440.0,3270473.5,2.619832992553711,4.3473762049327104e+17,8784506880.0,978001,30093.0625,-19012133.698914062,,,,,,,
3.5174708342552186,0.030717510113457053,0.20199661816723427,0.06600966321446039,0.0,24.74909138080784,62.455716569874156,21,45670,990000,0.0003,-4557537280.0,3390356.5,2.133467674255371,6.788521799345766e+16,3671335680.0,980001,30093.0625,-19012133.698914062,,,,,,,
5.142810254693037,0.003684694496327261,-0.37329478519018744,0.1047265970471525,0.0,122.72526340321967,4.672807382315674,21,45740,992000,0.0003,-4309828096.0,3416171.75,-0.5802979469299316,1.1089837486505984e+17,3231649792.0,982001,30093.0625,-19012133.698914062,,,,,,,
-8.286845905780782,-0.4023476589808576,0.2345316000049958,0.005962511548581583,0.0,303.04385624575093,196.39916770365107,21,45804,994000,0.0003,-4794368000.0,3496113.5,4.651360034942627,1.1920067549724672e+17,2062844032.0,984001,30093.0625,-19012133.698914062,,,,,,,
-2.9023731887340536,-0.00011455782625565642,0.11834694445421166,-0.45110290050466734,0.0,298.59052168765965,40.00820953667614,21,45868,996000,0.0003,-4985031680.0,3390337.0,1.9823421239852905,2.054423303107379e+16,790396544.0,986001,30093.0625,-19012133.698914062,,,,,,,
7.771440335512156,0.22670346162176225,0.04429324749053943,-0.4545285501056676,0.0,269.06747210486157,-22.00778399265345,21,45932,998000,0.0003,-3890488320.0,3551291.25,-4.096539497375488,2.890487564001608e+17,6587008000.0,988001,30093.0625,-19012133.698914062,,,,,,,
7.502068616151815,0.24827676781588057,0.14749821879609812,-0.4217578324963394,0.0,268.4810867403421,-116.66980032037317,,,1000000,0.0003,-4580387328.0,3672294.75,0.23824191093444824,6.993580288429261e+16,2800918016.0,990000,,,0.07540624999999895,0.0,40000.0,-64157.00028046462,16405.571242777547,0.0,0.0
,,,,,,,21,47117,1000000,0.0003,-4848351232.0,3671944.5,-0.566035270690918,8.088833885628006e+16,3286704128.0,990001,30093.0625,-19012133.698914062,,,,,,,
