rollout/acrobot_xk_applied_torque,rollout/acrobot_xk_elbow_norm,rollout/acrobot_xk_elbow_rate_norm,rollout/acrobot_xk_energy_error_norm,rollout/acrobot_xk_homoclinic_capture,rollout/acrobot_xk_lyapunov,rollout/acrobot_xk_lyapunov_rate,time/fps,time/time_elapsed,time/total_timesteps,train/learning_rate,train/actor_loss,train/alpha,train/alpha_loss,train/critic_loss,train/fraction,train/n_updates,rollout/ep_len_mean,rollout/ep_rew_mean,eval/best_strict_capture_mean_max_duration,eval/best_strict_capture_success_rate,eval/mean_ep_length,eval/mean_reward,eval/std_reward,eval/strict_capture_mean_max_duration,eval/strict_capture_success_rate
-1.0356582898586058,-0.046711382397421036,0.1252043890169703,-0.9696314310839236,0.0,1242.9731728031388,185.10799771566207,2121,0,2000,0.0003,,,,,,,,,,,,,,,
-0.6244938695766041,-0.10532085213655491,-0.18519963501753056,-0.9685055912964582,0.0,1222.6460446798558,437.4273961993897,2152,1,4000,0.0003,,,,,,,,,,,,,,,
-0.5689981339462115,-0.004886327046163216,0.059342451028793874,-0.9875670608929097,0.0,1242.8551843431774,174.08120582133725,2158,2,6000,0.0003,,,,,,,,,,,,,,,
1.4547116296328615,0.1521004156005187,-0.10540833974510207,-0.9607553995430158,0.0,1252.2154456343071,199.7175864835321,2167,3,8000,0.0003,,,,,,,,,,,,,,,
-0.21945047794911102,-0.014238784094636364,0.33160983496207636,-0.9412586859510829,0.0,1246.4754455371922,-85.9300096867478,1412,7,10000,0.0003,-0.06900495290756226,1.0,-0.0,3122069.5,81.51073455810547,1,,,,,,,,,
3.984696130752562,0.23311902009065416,-0.10177439601643587,-0.9578018956247968,0.0,1148.9361010246723,115.43159601034557,156,76,12000,0.0003,28913.095703125,1.4355905055999756,-0.174591526389122,267501.1875,2530.221923828125,2001,,,,,,,,,
-2.5188370323181153,-0.11629764754560491,-0.3633373104940865,-0.9565454533365036,0.0,1163.9405502040534,-129.3762453613772,95,147,14000,0.0003,105461.1796875,2.0789592266082764,-0.6453866958618164,36331.5625,1259.4415283203125,4001,,,,,,,,,
-8.385020778655988,-0.575380298539454,-0.32875718607597404,-0.7824812840656564,0.0,889.8083162514213,-305.50818060366885,73,217,16000,0.0003,162199.421875,4.21029806137085,-2.2507877349853516,355665.78125,5553.6904296875,6001,,,,,,,,,
-7.392599418640154,0.10833362355073692,-0.6625596874256586,-0.4151231992154027,0.0,878.9304291499906,942.8626220681733,62,288,18000,0.0003,178449.1875,8.4053955078125,-5.1246747970581055,541629.1875,6270.01806640625,8001,,,,,,,,,
-4.889341129302976,-0.1456403277590532,-0.11938940814306505,-0.3332191776900313,0.0,1690.4936059751928,-122.03625040294781,55,359,20000,0.0003,201394.59375,15.163820266723633,-4.796319007873535,2798274.5,10885.0390625,10001,,,,,,,,,
7.5127687778472865,0.5023342876094479,0.45372978109698814,-0.25530390241680706,0.0,895.8971816248214,-907.1821492151482,51,430,22000,0.0003,183812.546875,26.68305015563965,-6.285514831542969,4708407.5,20525.958984375,12001,,,,,,,,,
6.881425003051754,0.7664794421833115,-0.23657199461704315,-0.11512964628713963,0.0,777.2098510875895,766.4719121951778,47,501,24000,0.0003,196886.171875,34.570457458496094,-0.6520510315895081,8939969.0,25487.74609375,14001,,,,,,,,,
38.192278882980354,0.6218827631833342,0.3007783374325715,0.1930687650651058,0.0,913.9172256995956,-534.1209169099178,45,571,26000,0.0003,199845.9375,62.97013854980469,-3.3358774185180664,4522622.0,7766.13916015625,16001,,,,,,,,,
16.110624406814537,0.22189038898946017,0.2987260114995204,0.22516490541577813,0.0,722.2437894252915,-565.6741923027115,43,642,28000,0.0003,189227.734375,80.40699768066406,0.8481611013412476,10469934.0,19078.9140625,18001,,,,,,,,,
3.7706541728973444,-0.16364339151416876,-0.33676844538846235,0.022550222246243146,0.0,413.9012143433769,324.9486765418097,42,713,30000,0.0003,206822.4375,54.957088470458984,0.9248954653739929,5413254.5,7850.560546875,20001,,,,,,,,,
8.163386404037478,0.7921609380853688,-0.06864227163300334,-0.21127124265018982,0.0,536.5080941300109,138.57747525742448,40,784,32000,0.0003,221112.421875,49.61250686645508,0.277985543012619,4123430.5,7627.00048828125,22001,,,,,,,,,
13.123982692718522,0.7658310953882992,0.2364129985356928,-0.2486719029404328,0.0,578.629998068669,-367.41358191339793,39,854,34000,0.0003,227372.84375,53.67039489746094,0.21273654699325562,6717033.0,16520.0078125,24001,,,,,,,,,
-6.5705935955047545,-0.20395288183558852,0.3603329723953459,-0.23737724192749654,0.0,371.7934610247578,-9.18720318410181,38,925,36000,0.0003,229056.421875,73.71214294433594,1.1684129238128662,15091136.0,34028.15625,26001,,,,,,,,,
-10.306409061431898,-0.4879810213312028,-0.05680401721395346,-0.5123052747778403,0.0,397.5776752060061,26.951139617043165,38,996,38000,0.0003,219816.875,74.33393096923828,-0.3761959671974182,9499034.0,21659.080078125,28001,,,,,,,,,
-4.693222190856937,-0.27935680925470463,0.2701773514367456,-0.6972840883649833,0.0,793.2242402325309,446.39221293321134,37,1067,40000,0.0003,228587.65625,49.20549774169922,-0.28166866302490234,8116136.0,17290.744140625,30001,40000.0,-36760354.052891,,,,,,,
-0.2331975173950196,0.005416894380275671,-0.0333000663691663,-0.9821546627928474,0.0,1161.9356361610623,43.43391721178491,36,1137,42000,0.0003,234774.515625,51.06806564331055,0.5715367794036865,7314849.0,13832.595703125,32001,40000.0,-36760354.052891,,,,,,,
-1.1972050933837899,-0.09679599202944801,-0.04687258214476681,-0.9788156958528671,0.0,1154.7036370797314,13.328500407838348,36,1209,44000,0.0003,243322.609375,56.258052825927734,0.09643339365720749,5108411.0,8066.9296875,34001,40000.0,-36760354.052891,,,,,,,
-2.179389665603636,-0.10049104984374493,0.02569767268386858,-0.9797044554882415,0.0,1156.0004601150047,36.63642038872063,35,1280,46000,0.0003,249845.53125,55.016845703125,0.11324043571949005,8644232.0,14690.56640625,36001,40000.0,-36760354.052891,,,,,,,
-2.4390321254730223,-0.10866146569287578,-0.05083152781494713,-0.9786357541700892,0.0,1156.0457238624308,42.94741692817839,35,1350,48000,0.0003,256617.265625,52.23537826538086,-0.23818400502204895,3965943.0,6755.58447265625,38001,40000.0,-36760354.052891,,,,,,,
-3.8756108036041277,-0.27389753551870366,-0.1313159188202105,-0.9402552027309475,0.0,1102.6996632392545,-107.362923861008,35,1421,50000,0.0003,259366.9375,61.25453567504883,-0.17183081805706024,20564602.0,28512.833984375,40001,40000.0,-36760354.052891,,,,,,,
-5.505158569335941,-0.28713551193247927,0.0862036298256897,-0.9442174144860276,0.0,1099.0805361813116,83.1688026833179,34,1492,52000,0.0003,265621.9375,54.35234069824219,0.23877713084220886,12328658.0,19123.625,42001,40000.0,-36760354.052891,,,,,,,
-4.0625754852294875,-0.23039919067602593,-0.03403764928402073,-0.9636789074028042,0.0,1132.2229978357245,-14.834946955559094,34,1563,54000,0.0003,275798.59375,56.78297424316406,-0.4316670596599579,3930027.75,6432.9072265625,44001,40000.0,-36760354.052891,,,,,,,
-4.571241872787472,-0.2528742595296776,0.030539388785719802,-0.9585157152140296,0.0,1123.2924404852276,31.964470890505407,34,1634,56000,0.0003,274993.25,59.44151306152344,-0.39833003282546997,8483004.0,17111.583984375,46001,40000.0,-36760354.052891,,,,,,,
-3.7858727664947507,-0.196905991330288,0.01751810761929342,-0.973890138383405,0.0,1151.9516168061837,29.779400140900087,34,1705,58000,0.0003,279631.53125,48.80432891845703,-0.12148647010326385,8431436.0,14949.3828125,48001,40000.0,-36760354.052891,,,,,,,
-3.5227299785613995,-0.2173937709967358,-0.01817390978982974,-0.9694734721145893,0.0,1143.847492005837,-2.28043551711752,33,1776,60000,0.0003,294919.5,45.446136474609375,-0.22179031372070312,7988676.0,17898.265625,50001,40000.0,-36760354.052891,,,,,,,
-4.561498039245609,-0.2558109497225518,-0.0161978277537062,-0.9588209608144824,0.0,1125.6928476443509,1.8920476674597158,33,1847,62000,0.0003,302868.09375,41.86052703857422,-0.1327250599861145,12569544.0,30458.287109375,52001,40000.0,-36760354.052891,,,,,,,
-4.237132888793949,-0.213246869237163,0.021624684400738572,-0.9670911874902688,0.0,1161.1613320159659,42.47007739313773,33,1919,64000,0.0003,319273.125,42.46898651123047,-0.09855799376964569,4429476.0,7235.84814453125,54001,40000.0,-36760354.052891,,,,,,,
-6.758052989959717,-0.32591535698481516,-0.17054929331113422,-0.9314283421595126,0.0,1094.2172201746478,-135.88545628405387,33,1992,66000,0.0003,332428.5,56.44211196899414,-1.4049838781356812,7837875.0,9839.15234375,56001,40000.0,-36760354.052891,,,,,,,
-9.734235757827767,-0.5997278626174247,-0.24298862811857377,-0.6675098762466998,0.0,938.679559735643,-175.79369906258856,32,2064,68000,0.0003,329584.5625,90.32012176513672,0.11894655227661133,14068398.0,24065.08984375,58001,40000.0,-36760354.052891,,,,,,,
1.6457463054656836,-0.6421688784300954,0.4858331801412569,-0.6133367480065927,0.0,833.8151213514277,328.0616618660653,32,2136,70000,0.0003,338273.5625,53.33484649658203,-0.8085455298423767,7863900.5,10709.630859375,60001,40000.0,-36760354.052891,,,,,,,
-2.9316294384002695,-0.10596018232115645,-0.31391108384452965,-0.7383150468595401,0.0,980.4198741026936,-576.7046379435138,32,2209,72000,0.0003,329750.75,60.3858757019043,-1.362366795539856,9005524.0,8365.2001953125,62001,40000.0,-36760354.052891,,,,,,,
-2.3678246459960954,-0.24864679374754797,0.3782974931569151,-0.7181235159713295,0.0,766.4009784755455,274.21351597348587,32,2289,74000,0.0003,318248.03125,74.24954986572266,1.0666850805282593,16397981.0,28890.86328125,64001,40000.0,-36760354.052891,,,,,,,
1.0581333580017098,-0.04158856436920456,-0.04672224931103961,-0.8205388796252364,0.0,830.3298617371153,54.275778861526355,32,2365,76000,0.0003,319190.96875,43.563297271728516,0.7915563583374023,7267745.5,8819.2177734375,66001,40000.0,-36760354.052891,,,,,,,
-4.238466152191157,-0.3835780013370142,-0.3205966336237669,-0.6170836547658959,0.0,656.2941809718453,-337.894482170218,31,2439,78000,0.0003,303257.125,73.77082824707031,-0.06932458281517029,422917280.0,12860.8115234375,68001,40000.0,-36760354.052891,,,,,,,
-1.2035955200195312,-0.021758498822894268,0.36711384506048234,-0.5667229635902378,0.0,767.981234324478,116.80153391507723,31,2514,80000,0.0003,288048.125,74.3224105834961,1.785050630569458,14409684.0,18879.1171875,70001,40000.0,-38916949.440751,,,,,,,
-3.5072798080444323,-0.15505924595409276,-0.1543958342392456,-0.9335238992405827,0.0,1092.8716151961735,-32.66098692481055,31,2590,82000,0.0003,294189.375,59.7706184387207,-1.0462437868118286,8095456.0,9480.8310546875,72001,40000.0,-38916949.440751,,,,,,,
-4.22800359153748,-0.2298191038403463,-0.6277471831163101,-0.6389808600736306,0.0,879.1103147298821,-386.5824697338972,31,2666,84000,0.0003,278887.28125,70.36167907714844,0.04265957325696945,14243143.0,15140.685546875,74001,40000.0,-38916949.440751,,,,,,,
-7.891330144882204,-0.5471598399554344,0.23041225274134916,-0.48239906050794773,0.0,579.9679654063901,-181.25972415936485,31,2742,86000,0.0003,277398.375,59.02383804321289,-0.013487130403518677,7448340.0,7702.3544921875,76001,40000.0,-38916949.440751,,,,,,,
-3.162053798675533,-0.8960832001634195,-0.0006623336743074708,-0.2443770734361272,0.0,336.55213032610516,-204.48823086735018,31,2819,88000,0.0003,263494.40625,92.21727752685547,0.11045098304748535,14652550.0,13951.05078125,78001,40000.0,-38916949.440751,,,,,,,
-19.838291934967092,-0.8718066318688612,0.016307728216302917,-0.06281825778076777,0.0,277.8524969447813,-51.665437076146574,31,2896,90000,0.0003,253009.109375,89.88643646240234,0.6323333978652954,12589908.0,11184.80859375,80001,40000.0,-38916949.440751,,,,,,,
-29.907767379760738,-0.8112988549181946,0.0017647845342623645,0.040476887378692455,0.0,234.2094354736765,8.571664545371641,30,2974,92000,0.0003,251243.1875,88.05062866210938,-0.8517293930053711,11560623.0,12135.37109375,82001,40000.0,-38916949.440751,,,,,,,
-5.897126602172844,-0.6213873238400017,0.15130925394252287,-0.09020484497013234,0.0,162.94207278232116,-97.48690922255263,30,3052,94000,0.0003,237587.125,96.73084259033203,-0.05600154399871826,14619000.0,20759.8359375,84001,40000.0,-38916949.440751,,,,,,,
-5.594250576019288,-0.5461295618001344,-0.012411250285422233,-0.1266456519745362,0.0,111.3160180407032,-6.8281545209745955,30,3130,96000,0.0003,229587.28125,74.25057220458984,-0.2117941826581955,9874389.0,11038.5615234375,86001,40000.0,-38916949.440751,,,,,,,
-11.941373508453392,-0.44583033781287623,0.1736842815960348,-0.18230623360357381,0.0,132.4792384608179,3.2917096462558963,30,3208,98000,0.0003,231457.5,67.32860565185547,-0.0871531292796135,8031972.5,12908.962890625,88001,40000.0,-38916949.440751,,,,,,,
0.13593242835998662,-0.0522107726830122,0.19703271484261548,-0.279251629522115,0.0,178.11843242840632,175.53998699453115,,,100000,0.0003,229340.71875,67.44425201416016,-0.25973212718963623,7869127.0,9646.09765625,90000,,,0.0,0.0,40000.0,-45043.027308537145,209.08628826686825,0.0,0.0
,,,,,,,22,4450,100000,0.0003,225987.796875,67.4610366821289,-0.36106663942337036,9281262.0,9895.68359375,90001,40000.0,-38916949.440751,,,,,,,
1.2377943820953388,-0.17482077321831974,-0.0724721471419295,-0.2855630020162624,0.0,149.58304721603415,-55.56538244497964,22,4528,102000,0.0003,223370.890625,69.79857635498047,-0.10411328077316284,6026557.0,9115.0048828125,92001,40000.0,-38916949.440751,,,,,,,
-20.0660214958191,-0.4029577260641796,-0.18725686597754249,0.044485322616725734,0.0,263.46194882738075,-11.97908289571773,22,4606,104000,0.0003,224513.078125,72.24211120605469,0.9841503500938416,12087232.0,14378.5205078125,94001,40000.0,-38916949.440751,,,,,,,
-7.573888725280764,-0.34081030567191944,-0.06246823303718042,0.17335377388036294,0.0,116.90628754670344,221.23984933003365,22,4684,106000,0.0003,225766.5,60.09772872924805,0.3956834375858307,10422490.0,15417.2158203125,96001,40000.0,-38916949.440751,,,,,,,
-19.436381452560404,-0.42599079653067384,0.13508026594441128,0.25926235917548873,0.0,157.95743618269083,-220.03655823493816,22,4762,108000,0.0003,229796.5,49.99268341064453,0.6146630644798279,7990054.0,13378.466796875,98001,40000.0,-38916949.440751,,,,,,,
-27.46421368789674,-0.41737666734831386,0.041770154341194354,0.37883457933232784,0.0,301.6123205734889,125.84140417892388,22,4841,110000,0.0003,216733.1875,100.24219512939453,-0.43413448333740234,19298532.0,17331.771484375,100001,40000.0,-38916949.440751,,,,,,,
-1.3808050880432123,-0.007928020056630602,0.055217895862559686,0.22972796829150238,0.0,162.64288192520922,206.29734706377957,22,4919,112000,0.0003,222453.90625,64.99266815185547,0.8492757678031921,15982314.0,23788.0625,102001,40000.0,-38916949.440751,,,,,,,
-18.35121667099002,-0.2559960202197368,0.08456222921136985,0.5860754293191138,0.0,547.9023597269309,17.919176831608375,22,4998,114000,0.0003,223507.125,77.42464447021484,0.18016962707042694,12403544.0,18556.439453125,104001,40000.0,-38916949.440751,,,,,,,
-21.91739908981321,-0.22414340814752431,-0.0391850561727895,0.8424088597327788,0.0,1047.869243699913,607.1484624400098,22,5076,116000,0.0003,223560.875,70.3310546875,-0.16441300511360168,13598834.0,13868.9287109375,106001,40000.0,-38916949.440751,,,,,,,
-23.97158440589907,-0.2045516066542464,-0.021306496424291693,1.076633088439604,0.0,1551.9743804036364,481.0601451710873,22,5155,118000,0.0003,216120.375,78.44454193115234,0.35022711753845215,16829628.0,19677.3671875,108001,40000.0,-38916949.440751,,,,,,,
-30.640904617309545,-0.2509138152974664,-0.012373068433982476,1.1947093810919822,0.0,1817.9942878313334,-103.0899168020481,22,5234,120000,0.0003,232722.8125,50.66859817504883,0.1456146240234375,9683686.0,12471.8486328125,110001,40000.0,-32680182.236315668,,,,,,,
0.15524700927734403,-0.012923727138335636,9.594909239199581e-05,-0.9913337137879344,0.0,1184.0487906936091,76.10044842472544,22,5313,122000,0.0003,251896.359375,33.20513916015625,-0.20538632571697235,5947356.0,6999.78125,112001,40000.0,-32680182.236315668,,,,,,,
-4.612129547119144,-0.5286266439846319,-0.4730495830744688,-0.6665821072351205,0.0,1068.1126926903964,-424.30870923831975,22,5392,124000,0.0003,245346.765625,66.0374984741211,0.9960816502571106,13145251.0,14697.7578125,114001,40000.0,-32680182.236315668,,,,,,,
-5.112839700698841,0.11162574141301536,-0.3933263484721687,-0.5509619629816354,0.0,761.5343670552647,141.0205215470059,23,5471,126000,0.0003,250770.40625,61.29047393798828,-1.761518120765686,11235169.0,18936.0234375,116001,40000.0,-32680182.236315668,,,,,,,
15.092625213623046,0.5549398068386385,-0.04588067325972499,-0.7064138312899896,0.0,1313.6808648689896,255.5018629852865,23,5550,128000,0.0003,241111.9375,59.29094314575195,-0.1853782832622528,6694971.0,9989.58984375,118001,40000.0,-32680182.236315668,,,,,,,
-5.019221002578737,-0.3282267385700882,0.35786267683408074,-0.4013439215828171,0.0,561.2083805953863,-684.1212395095524,23,5630,130000,0.0003,239309.0,60.43527603149414,-0.31531625986099243,8879881.0,11388.205078125,120001,40000.0,-32680182.236315668,,,,,,,
-11.467056516647324,-0.5719439921687854,0.26377521745202936,-0.6291883357314855,0.0,636.3369162763116,288.1879443545328,23,5709,132000,0.0003,249541.046875,68.68798065185547,0.16131329536437988,11820752.0,14480.3916015625,122001,40000.0,-32680182.236315668,,,,,,,
-4.35510246658326,-0.3306026566484484,0.19541664728613758,-0.7718062592976149,0.0,778.6298979693184,14.896078964393007,23,5788,134000,0.0003,256561.0625,47.223594665527344,0.5305306911468506,9344402.0,13404.5478515625,124001,40000.0,-32680182.236315668,,,,,,,
-7.096536327362064,-0.37933065272904964,-0.29732380909628114,-0.6068540145495631,0.0,605.0362249441631,-409.7794965869788,23,5866,136000,0.0003,269295.375,50.043033599853516,0.4189199209213257,6527728.0,9266.9638671875,126001,40000.0,-32680182.236315668,,,,,,,
-8.135927000045783,-0.5063270535306021,0.2849790265445736,-0.5126309284278237,0.0,487.3145981513646,738.895553244595,23,5945,138000,0.0003,279987.5625,44.621036529541016,0.03895598649978638,7828580.0,12964.7548828125,128001,40000.0,-32680182.236315668,,,,,,,
0.6170706977844236,0.05492613744459652,0.02230405210102099,-0.7724318124934111,0.0,831.9508260945685,-265.6332335842573,23,6023,140000,0.0003,287365.4375,51.67050552368164,0.20360559225082397,8832782.0,8023.07958984375,130001,40000.0,-32680182.236315668,,,,,,,
-7.737303865432741,-0.48711163745003827,-0.3277669567363753,-0.4900606708713099,0.0,504.79662355234416,-522.0990042213298,23,6100,142000,0.0003,281476.0,58.34834671020508,-0.13926976919174194,8641995.0,11733.4384765625,132001,40000.0,-32680182.236315668,,,,,,,
-10.526988189697272,-0.5776443765707795,0.21903608198838323,-0.40557085869858367,0.0,381.83187098313095,528.1647802529957,23,6177,144000,0.0003,281109.21875,60.084632873535156,-0.08294616639614105,11394474.0,14642.3076171875,134001,40000.0,-32680182.236315668,,,,,,,
-7.560959142684936,-0.39306493368597706,-0.33697535648573834,-0.5516019119080692,0.0,649.9426841801256,-484.95213974188204,23,6254,146000,0.0003,284588.03125,61.395774841308594,-0.38812392950057983,12623896.0,15418.779296875,136001,40000.0,-32680182.236315668,,,,,,,
-4.9455722103118855,-0.6977423336242178,0.10825206517479273,-0.3659162709562555,0.0,320.27974684205884,111.90451606314828,23,6332,148000,0.0003,277373.8125,59.61253356933594,0.3974614441394806,8768406.0,7735.81005859375,138001,40000.0,-32680182.236315668,,,,,,,
-7.37766862487792,-0.25527304033991655,0.276415192373697,-0.7123512215289812,0.0,790.3654925018926,448.80861040418137,23,6409,150000,0.0003,284989.5625,47.59819793701172,-0.0640653520822525,13108917.0,15874.029296875,140001,40000.0,-32680182.236315668,,,,,,,
-6.331972871780398,-0.36696892529388864,-0.3445274902991903,-0.6503340567328985,0.0,795.8437872865438,-563.2945725027294,23,6487,152000,0.0003,295607.125,69.92806243896484,-0.8881410956382751,17400514.0,14765.607421875,142001,40000.0,-32680182.236315668,,,,,,,
-5.8908562183380155,-0.6205013356796367,-0.24909981551351115,-0.2586298913284318,0.0,347.6470357741535,375.6247885161139,23,6565,154000,0.0003,307279.75,73.87100982666016,0.7349290251731873,713331968.0,16199.5205078125,144001,40000.0,-32680182.236315668,,,,,,,
4.333001674652103,0.7460566246740911,0.0681731430211873,-0.24655936734667952,0.0,612.6263837682661,-71.25677109135682,23,6642,156000,0.0003,312370.0,47.213623046875,-0.07565449178218842,12310867.0,12508.0107421875,146001,40000.0,-32680182.236315668,,,,,,,
-0.8283439712524392,-0.7553175771932692,0.05031056697871867,-0.2370832460742406,0.0,323.36780961494514,-145.83435798327181,23,6719,158000,0.0003,305294.4375,76.24893188476562,0.467823326587677,14776282.0,14252.5927734375,148001,40000.0,-32680182.236315668,,,,,,,
1.3932054557800284,0.49344099476851344,-0.016859610818643265,-0.31082406377224014,0.0,507.8926652950967,195.84746934597302,23,6797,160000,0.0003,306691.0625,50.268009185791016,-0.34289056062698364,13387726.0,11375.30859375,150001,40000.0,-31241360.50680575,,,,,,,
-1.951847810745244,-0.04095267441869131,-0.510705952584095,-0.8253199960616624,0.0,1367.9340420133185,-431.9775331642291,23,6875,162000,0.0003,303995.1875,80.99278259277344,-0.536913275718689,17102720.0,12994.6884765625,152001,40000.0,-31241360.50680575,,,,,,,
-4.494282802581792,-0.6382134485185859,0.1990534015013654,-0.7213254907505053,0.0,791.628406008964,150.27778253533737,23,6952,164000,0.0003,303678.0625,62.331878662109375,-0.7041045427322388,11008219.0,12757.6298828125,154001,40000.0,-31241360.50680575,,,,,,,
-10.516467855453488,-0.6681934317986088,-0.2944852336857833,-0.6030590980961851,0.0,683.1957602243095,-404.99187614356055,23,7030,166000,0.0003,275754.59375,120.25989532470703,-0.6005678772926331,16802084.0,12418.7099609375,156001,40000.0,-31241360.50680575,,,,,,,
-13.00539262962342,-0.7133682844383941,0.1293456554651568,-0.5529272991781371,0.0,582.3035064146324,77.70320674176828,23,7108,168000,0.0003,250657.953125,135.9748992919922,0.7951039671897888,32912824.0,20699.490234375,158001,40000.0,-31241360.50680575,,,,,,,
9.435950187683096,-0.019083281387183963,-0.1525135169162834,-0.46524676110033136,0.0,645.5439342765155,-48.25116725715415,23,7185,170000,0.0003,257194.15625,99.3082275390625,-0.426557332277298,30970058.0,37456.9375,160001,40000.0,-31241360.50680575,,,,,,,
6.661250148773201,-0.6596607199478146,0.3223015839190162,-0.2237726098610463,0.0,242.9179384657852,-403.74373008435674,23,7263,172000,0.0003,283279.875,54.79751968383789,0.43508684635162354,19375708.0,15235.7109375,162001,40000.0,-31241360.50680575,,,,,,,
-18.162068267822296,-0.403370572474346,-0.018418405621676452,-0.08714647264948236,0.0,90.81678496189589,-25.01568975640421,23,7342,174000,0.0003,308943.9375,44.17661666870117,-0.5430365800857544,11565333.0,12851.431640625,164001,40000.0,-31241360.50680575,,,,,,,
-1.11077222251892,-0.3887045973862991,0.08632179820275093,0.06060850243803994,0.0,56.02231203262942,-26.0887112973388,23,7420,176000,0.0003,305148.65625,73.22453308105469,0.08680528402328491,17301804.0,14585.5087890625,166001,40000.0,-31241360.50680575,,,,,,,
-27.197998046874943,-0.4267432382964926,-0.025147857469555685,0.3365653831290933,0.0,284.5234165232777,218.38437125256056,23,7498,178000,0.0003,293816.59375,92.71330261230469,-0.06532736122608185,18789624.0,13484.904296875,168001,40000.0,-31241360.50680575,,,,,,,
-31.875814231872642,-0.4830464665010076,0.029580627208332207,0.4322529640931946,0.0,354.63571839302085,-161.33434568983458,23,7575,180000,0.0003,273494.4375,101.43083190917969,0.08722779899835587,15199920.0,9484.912109375,170001,40000.0,-31241360.50680575,,,,,,,
-21.406916494369515,-0.43507595109857056,-0.1553022811106748,0.2828975708259557,0.0,192.53754031570966,422.2160948147782,23,7653,182000,0.0003,260724.40625,84.30953216552734,0.006880246102809906,17656410.0,14587.072265625,172001,40000.0,-31241360.50680575,,,,,,,
-19.324171037673928,-0.4288852700202003,0.07183319932788583,0.36062839943631003,0.0,246.1356603657882,-127.88012644201454,23,7731,184000,0.0003,250414.90625,83.73908233642578,-0.47641992568969727,20427224.0,14716.5185546875,174001,40000.0,-31241360.50680575,,,,,,,
-27.44673561096189,-0.4460091585977797,0.04882890247919123,0.4959249112577963,0.0,393.9219911712514,-135.19706081574023,23,7808,186000,0.0003,250548.984375,73.04715728759766,-0.257340669631958,18374960.0,16975.068359375,176001,40000.0,-31241360.50680575,,,,,,,
-29.568158853530846,-0.4076035261486416,0.044787396290049075,0.5205021109119773,0.0,416.7961229758117,25.72477265468032,23,7886,188000,0.0003,251904.578125,82.74983215332031,-0.47424185276031494,15844709.0,16503.208984375,178001,40000.0,-31241360.50680575,,,,,,,
-28.29647591400146,-0.35762731406258524,0.0053428811408516835,0.5887059154843973,0.0,517.1943912823364,233.97672857570413,23,7963,190000,0.0003,254888.109375,74.78691101074219,-0.203414648771286,24186168.0,37308.34375,180001,40000.0,-31241360.50680575,,,,,,,
-21.040991815566993,-0.2702638074341601,-0.04046299933097574,0.6799434082699634,0.0,654.204141753556,805.7167033519297,23,8041,192000,0.0003,256579.296875,97.25958251953125,-0.31384676694869995,23571762.0,16590.046875,182001,40000.0,-31241360.50680575,,,,,,,
-22.278083900451676,-0.25390702118448405,0.04540871738228352,0.8870670882284255,0.0,1004.3246677462641,275.7902519029373,23,8118,194000,0.0003,262550.03125,75.32443237304688,-0.3460252285003662,20960940.0,25197.8984375,184001,40000.0,-31241360.50680575,,,,,,,
-29.815498600006105,-0.28582487833864506,-0.010051337904537857,1.1071287262245444,0.0,1517.6484239309405,553.2687622255802,23,8195,196000,0.0003,254080.34375,96.81547546386719,0.19545382261276245,21595256.0,15902.794921875,186001,40000.0,-31241360.50680575,,,,,,,
-32.25444592666629,-0.28410167711305834,0.011537951232547994,1.215839253522142,0.0,1808.9623839680382,-1.0557095112698391,23,8272,198000,0.0003,252303.75,72.90313720703125,-0.15432655811309814,12513712.0,12202.9501953125,188001,40000.0,-31241360.50680575,,,,,,,
-33.63004309654236,-0.2870009783276818,0.009833009661611285,1.2392591339496246,0.0,1875.3428761668306,-159.25086587033363,,,200000,0.0003,253619.40625,80.18389129638672,0.6280542612075806,21557448.0,17222.26953125,190000,,,0.0,0.0,40000.0,-9803131.342723863,54439018.98047031,0.0,0.0
,,,,,,,21,9503,200000,0.0003,250813.84375,80.17475128173828,-0.1340382993221283,18651660.0,15147.86328125,190001,40000.0,-30483724.413041003,,,,,,,
-3.4178221759796186,-0.530994101545582,-0.6207941575896843,-0.7221571306992691,0.0,970.6910819211266,-498.7846342672606,21,9580,202000,0.0003,255028.625,64.8019790649414,-0.0598912239074707,15241816.0,17313.931640625,192001,40000.0,-30483724.413041003,,,,,,,
-11.470924808502199,-0.5532707550083633,0.246019211624578,-0.7493181432601422,0.0,900.3092187809715,255.24984247548792,21,9657,204000,0.0003,261835.75,69.78609466552734,0.580776035785675,28924678.0,30522.650390625,194001,40000.0,-30483724.413041003,,,,,,,
-4.731716314315803,-0.4182094100220881,0.015775910101740835,-0.4533233355108717,0.0,695.6734406876254,-0.4986545577395344,21,9734,206000,0.0003,262155.875,81.88086700439453,0.25316721200942993,23603012.0,23217.615234375,196001,40000.0,-30483724.413041003,,,,,,,
-2.922496515274042,-0.04626028585821993,0.3211487671684442,-0.9037463808099379,0.0,1191.0289559388286,455.62447220174266,21,9811,208000,0.0003,261458.28125,82.63587951660156,-0.22557824850082397,16302544.0,17636.55859375,198001,40000.0,-30483724.413041003,,,,,,,
-2.0261387634277264,-0.6507071840455627,-0.3733741381576872,-0.5894938193918035,0.0,920.7311138362148,-398.2164575580236,21,9888,210000,0.0003,271943.21875,69.05536651611328,0.21620362997055054,19779870.0,18244.59375,200001,40000.0,-30483724.413041003,,,,,,,
-9.592409515380856,-0.2888823271741873,-0.036599488779433344,-0.8418091501094958,0.0,1232.2707064867188,10.46373738318311,21,9965,212000,0.0003,273990.59375,67.17884063720703,0.2218349277973175,10523796.0,10313.7880859375,202001,40000.0,-30483724.413041003,,,,,,,
-6.2498641510009785,-0.7533544276631219,-0.07471433824746354,-0.6485809824220061,0.0,773.0687948343821,-155.4067499828484,21,10042,214000,0.0003,275329.21875,72.5313949584961,-0.14549069106578827,16460205.0,15364.3740234375,204001,40000.0,-30483724.413041003,,,,,,,
-6.115306018829346,-0.8665734571578247,-0.0958703435835349,-0.6352349085401363,0.0,724.6297612927693,-59.0265626721796,21,10119,216000,0.0003,276104.71875,79.50020599365234,0.07034723460674286,16956996.0,15739.2470703125,206001,40000.0,-30483724.413041003,,,,,,,
-7.33543362998963,-0.8849274931401367,0.02448088241559584,-0.621747686514479,0.0,707.8724426573258,3.3696908607675105,21,10196,218000,0.0003,282933.3125,77.99179077148438,0.1616988182067871,23360034.0,13592.4638671875,208001,40000.0,-30483724.413041003,,,,,,,
-6.2151228809356835,-0.4740885245180126,0.039795680919889165,-0.5576696939445965,0.0,690.8005326691081,-10.631608192423206,21,10274,220000,0.0003,277038.625,86.69755554199219,0.25425365567207336,20198120.0,16641.01171875,210001,40000.0,-30483724.413041003,,,,,,,
-6.074372478485122,-0.36046536828739656,0.0020530106391814166,-0.5086033631088157,0.0,679.0006377143702,53.79721597907047,21,10351,222000,0.0003,278417.9375,68.13606262207031,-0.22458136081695557,13680961.0,14493.5830078125,212001,40000.0,-30483724.413041003,,,,,,,
-14.167252401351943,-0.7700337895225744,-0.13088550627910953,-0.660870929621109,0.0,768.7695453397534,-72.3283125143771,21,10428,224000,0.0003,280711.9375,78.89330291748047,0.22937189042568207,20077612.0,18266.279296875,214001,40000.0,-30483724.413041003,,,,,,,
-4.996320529937746,-0.8239336543857403,-0.013073459679421043,-0.522808479514495,0.0,621.6881892417452,-24.621547184368854,21,10506,226000,0.0003,280210.21875,79.17131042480469,-0.8639976978302002,15795349.0,19494.455078125,216001,40000.0,-30483724.413041003,,,,,,,
-7.775545326232915,-0.09853919265338153,0.18909730188632226,-0.4929537521077404,0.0,774.0704940721993,119.75700425984954,21,10583,228000,0.0003,280497.28125,70.68912506103516,0.08859038352966309,17699220.0,14396.0400390625,218001,40000.0,-30483724.413041003,,,,,,,
-2.95915004539489,-0.8490660038682065,-0.03375534282592979,-0.5948415202434006,0.0,667.7864481738229,-147.94797807432766,21,10660,230000,0.0003,277165.15625,91.26864624023438,-0.2028276026248932,28739744.0,29901.10546875,220001,40000.0,-30483724.413041003,,,,,,,
-8.087837488174442,-0.18507042741657784,0.10427074909101779,-0.4447298538853297,0.0,663.8521699027038,213.0071632148853,21,10737,232000,0.0003,277675.375,78.0133285522461,0.18466174602508545,24635348.0,20699.177734375,222001,40000.0,-30483724.413041003,,,,,,,
-1.8339730110168162,-0.8372048383892213,-0.059283771263841205,-0.5434017474682857,0.0,679.1331008414408,-136.19781302052743,21,10815,234000,0.0003,275031.09375,96.88821411132812,-0.009395912289619446,24850100.0,20036.626953125,224001,40000.0,-30483724.413041003,,,,,,,
-18.35890731239321,-0.6639443280449142,-0.0026431357946305333,-0.24949385535649218,0.0,303.3641567112017,-494.2123704630318,21,10891,236000,0.0003,270405.90625,81.01136016845703,-0.8967452049255371,19493430.0,13096.87890625,226001,40000.0,-30483724.413041003,,,,,,,
2.5195069675445585,-0.5533684910024476,0.21435253258019654,-0.12906394838758012,0.0,135.52624141896445,-128.5639904563539,21,10968,238000,0.0003,260486.1875,85.72232055664062,0.23908305168151855,27849496.0,19136.1328125,228001,40000.0,-30483724.413041003,,,,,,,
4.574286230087281,-0.3987397261617446,-0.010102456132476364,-0.08143058827909581,0.0,57.59818957563456,25.99046529833765,21,11044,240000,0.0003,263020.90625,107.1490707397461,-0.4544293284416199,22075672.0,16221.7197265625,230001,40000.0,-30122392.08489983,,,,,,,
-7.945965194702147,-0.670379815112134,-0.564017115436403,-0.6140717664987762,0.0,927.2428082011519,-403.93490972648164,21,11121,242000,0.0003,254333.40625,107.18994903564453,0.028178051114082336,32499768.0,25304.51953125,232001,40000.0,-30122392.08489983,,,,,,,
2.764945436477644,0.1966102490088529,-0.4373068743304909,-0.5024588616098898,0.0,816.8516911284743,542.9940690206071,21,11204,244000,0.0003,238633.3125,103.820556640625,0.30232250690460205,40511076.0,31586.283203125,234001,40000.0,-30122392.08489983,,,,,,,
9.277901893615738,0.1820012004201177,0.6826157785908312,-0.3746986764925616,0.0,795.6386504530773,-348.31530592586876,21,11287,246000,0.0003,237846.21875,88.84973907470703,0.474407821893692,25756340.0,16955.873046875,236001,40000.0,-30122392.08489983,,,,,,,
-11.359582359313938,-0.4224053133586525,0.1662262659226859,-0.5041145090333421,0.0,587.4200784495152,-574.0527234328363,21,11369,248000,0.0003,247360.859375,86.4244384765625,0.0884665846824646,29294056.0,17432.572265625,238001,40000.0,-30122392.08489983,,,,,,,
-15.767428842544563,-0.4882198626995607,-0.3060224131632599,-0.25541430708589025,0.0,293.6793302633637,-124.26749471241872,21,11446,250000,0.0003,243162.984375,103.7018051147461,0.08689984679222107,36877560.0,26524.251953125,240001,40000.0,-30122392.08489983,,,,,,,
-6.14774763298035,-0.6118520753387071,-0.043296946255414845,-0.03364545358751754,0.0,166.93683075347025,131.48200191573167,21,11523,252000,0.0003,237298.59375,94.90586853027344,0.22206449508666992,33211284.0,26866.001953125,242001,40000.0,-30122392.08489983,,,,,,,
-15.710750547409049,-0.6375671207214261,0.004116933839633731,-0.05892470690329377,0.0,219.76169355818436,-39.135183774939016,21,11600,254000,0.0003,224237.984375,132.32664489746094,-0.040585875511169434,43927936.0,32977.171875,244001,40000.0,-30122392.08489983,,,,,,,
3.200686029434219,-0.6167285516611085,0.021751475515158984,-0.16179668901359223,0.0,191.96793601545298,136.69104498173982,21,11676,256000,0.0003,211153.375,117.74433135986328,0.23681247234344482,50139224.0,42112.48828125,246001,40000.0,-30122392.08489983,,,,,,,
-14.85026293563842,-0.6808732398894608,0.11010213406621758,0.035178262204196835,0.0,228.70599050752773,-264.8765788234568,21,11753,258000,0.0003,201033.65625,116.35942077636719,-0.1900869458913803,45090516.0,30326.33984375,248001,40000.0,-30122392.08489983,,,,,,,
-9.2750716381073,-0.5220852941405414,-0.04687181401288443,-0.029274248376207315,0.0,114.55796536125754,24.558402650632473,21,11829,260000,0.0003,200658.46875,114.55619812011719,0.2254151552915573,35315352.0,26233.466796875,250001,40000.0,-30122392.08489983,,,,,,,
-8.353533945083615,-0.431351312612451,0.23787660877896727,-0.18673530867417715,0.0,158.3225487891562,136.2073250534582,22,11906,262000,0.0003,196446.3125,117.98509979248047,-0.42214712500572205,34125708.0,21059.0625,252001,40000.0,-30122392.08489983,,,,,,,
-12.549087690353387,-0.16113972643233204,-0.11912568708059677,-0.03608821205183759,0.0,427.7106124271666,-18.833190704450843,22,11983,264000,0.0003,199136.296875,105.11976623535156,-0.3061436414718628,29321500.0,16557.67578125,254001,40000.0,-30122392.08489983,,,,,,,
-1.2113650569915824,-0.16412184863625723,0.48778116303322744,0.18875052144196364,0.0,197.8621549518939,402.7579221188096,22,12060,266000,0.0003,203209.953125,85.78443145751953,0.6607297658920288,27138352.0,19019.4921875,256001,40000.0,-30122392.08489983,,,,,,,
5.9078160800933945,0.02510117446597344,-0.48107639038257655,0.0693537206924032,0.0,526.7334518298387,-443.06822330096077,22,12137,268000,0.0003,206774.953125,89.0793228149414,-0.5413014888763428,29931784.0,20400.732421875,258001,40000.0,-30122392.08489983,,,,,,,
10.168518827438351,-0.588357956171994,-0.33757359847997,-0.17981250839244875,0.0,249.2922682468296,419.95652556151003,22,12215,270000,0.0003,208801.6875,96.8519515991211,0.8162950873374939,27513348.0,16962.51171875,260001,40000.0,-30122392.08489983,,,,,,,
-8.204058744430546,-0.6085828357082715,0.17844182822950624,-0.21182017717404789,0.0,343.82101863984195,-329.7639111548133,22,12293,272000,0.0003,222566.296875,102.7889175415039,-0.5935993194580078,43392072.0,18041.78125,262001,40000.0,-30122392.08489983,,,,,,,
-7.264516712188718,-0.4977649385953017,0.23229437191324676,-0.007153364545480831,0.0,112.93483184116435,-101.76412886704243,22,12370,274000,0.0003,194472.96875,143.77003479003906,-0.7799282073974609,37487372.0,21691.28515625,264001,40000.0,-30122392.08489983,,,,,,,
-2.9729291458129876,-0.1756716622822453,0.020990473679763158,0.05244572348756419,0.0,57.02650209694263,219.2822618160998,22,12448,276000,0.0003,165797.53125,133.5509490966797,0.22629018127918243,43634160.0,18090.87109375,266001,40000.0,-30122392.08489983,,,,,,,
-9.72431739997864,-0.23067030250692455,0.03478311408697773,0.16024562255876268,0.0,70.3585612259034,-125.14754345635227,22,12526,278000,0.0003,162424.21875,103.52330017089844,0.43787091970443726,45669728.0,24511.583984375,268001,40000.0,-30122392.08489983,,,,,,,
-11.691047227859498,-0.2948930654273881,-0.14517674720847024,0.21922868203637313,0.0,211.5879073288144,412.9656013030197,22,12604,280000,0.0003,176297.1875,83.53548431396484,-0.10770516842603683,38954328.0,22260.97265625,270001,40000.0,-27733025.453362428,,,,,,,
1.3908657474517838,0.023415605827427653,0.1488858024081161,-0.9591952749192915,0.0,1291.8699175852335,137.18613132429127,22,12682,282000,0.0003,163575.578125,116.20665740966797,-0.8800984025001526,41040928.0,26493.921875,272001,40000.0,-27733025.453362428,,,,,,,
2.73973065185547,0.23056787666269668,0.06910030754734091,-0.9494051766428518,0.0,1136.519872722586,-131.76047434630294,22,12760,284000,0.0003,158552.03125,120.88836669921875,0.7261199951171875,38553208.0,38390.453125,274001,40000.0,-27733025.453362428,,,,,,,
1.5668386230468754,0.1479453767102656,-0.2357818114047659,-0.9585920234630002,0.0,1220.4650463774708,502.69825268079364,22,12837,286000,0.0003,154201.59375,95.2058334350586,0.0782470852136612,24095254.0,23196.228515625,276001,40000.0,-27733025.453362428,,,,,,,
-8.649658992767327,-0.11710845351719157,-1.0048886119437634,-0.48187188414732907,0.0,1012.0926268716281,-541.40760937323,22,12915,288000,0.0003,158871.921875,125.99259185791016,0.061832115054130554,68527616.0,47678.2109375,278001,40000.0,-27733025.453362428,,,,,,,
12.037828138351435,0.3151373239708734,-0.024967722641048375,-0.13161070913789305,0.0,999.7022949731708,-173.2255548417537,22,12992,290000,0.0003,162012.734375,87.26382446289062,-0.08427895605564117,39748536.0,41136.3359375,280001,40000.0,-27733025.453362428,,,,,,,
18.405461366653434,0.5077858650710203,-0.006883646830584233,0.20165427009727993,0.0,743.4106875566506,-36.33255017001771,22,13069,292000,0.0003,167257.78125,120.13236999511719,-0.15769168734550476,36740436.0,23244.990234375,282001,40000.0,-27733025.453362428,,,,,,,
19.77395030403137,0.5170992959274185,0.11338754733514099,0.09542716466705164,0.0,699.7427428061617,-102.56904231719034,22,13146,294000,0.0003,156611.578125,148.85072326660156,-0.1434989720582962,54336196.0,48195.52734375,284001,40000.0,-27733025.453362428,,,,,,,
22.200359416961668,0.4841047410486859,-0.1489474283140539,-0.12412595378134189,0.0,768.5397685586867,270.4798977414752,22,13222,296000,0.0003,150043.28125,114.43412017822266,-0.23537978529930115,33700072.0,25295.921875,286001,40000.0,-27733025.453362428,,,,,,,
0.16060220718383916,0.026499235320176277,0.7474537919985101,-0.21589454007878692,0.0,669.6028097032308,-549.3228095988169,22,13298,298000,0.0003,149782.140625,103.50627136230469,0.23025400936603546,27580408.0,20200.779296875,288001,40000.0,-27733025.453362428,,,,,,,
-16.50602696800234,-0.33393684039007504,-0.01677749919474994,-0.24228888442481913,0.0,299.26055740756544,-181.05360646051122,,,300000,0.0003,154309.09375,98.51929473876953,-0.7074283361434937,26372648.0,15187.71484375,290000,,,0.0,0.0,40000.0,-23986.099589396104,814.7389959869952,0.0,0.0
,,,,,,,20,14545,300000,0.0003,163626.875,98.51590728759766,-0.5628238320350647,36525168.0,26536.7578125,290001,40000.0,-27733025.453362428,,,,,,,
-7.677735063552911,-0.0022194533695345914,-0.8743826835690299,0.4120732258474676,0.0,1833.848051929709,929.7718610956409,20,14622,302000,0.0003,170300.765625,84.34838104248047,0.5051989555358887,44877120.0,28497.2109375,292001,40000.0,-27733025.453362428,,,,,,,
5.278766416549688,0.33067869829130414,0.33003450566671194,-0.018979770704136333,0.0,930.1349732871089,-278.8845147065944,20,14699,304000,0.0003,179338.171875,122.2525405883789,-1.161840796470642,39482032.0,29197.28125,294001,40000.0,-27733025.453362428,,,,,,,
21.885316085815408,0.7003103400409475,0.002566439734883873,0.1361394807151273,0.0,787.7370930904415,-35.628588156364536,20,14777,306000,0.0003,172243.6875,99.4423828125,0.05017135292291641,43775752.0,36534.4375,296001,40000.0,-27733025.453362428,,,,,,,
16.577681024551392,0.3589925227475635,0.3389956128960083,-0.15906359915272703,0.0,610.5944425145058,-305.205735604826,20,14854,308000,0.0003,173014.515625,96.97469329833984,0.41459542512893677,33168032.0,24320.716796875,298001,40000.0,-27733025.453362428,,,,,,,
3.3919932212829624,-0.7801134225360713,0.017000553678575753,-0.29640102266995744,0.0,297.47289745679785,-31.052073341825306,20,14931,310000,0.0003,164591.0,123.24163818359375,0.7496586441993713,33805480.0,25014.1484375,300001,40000.0,-27733025.453362428,,,,,,,
6.34677776527403,-0.5802469071854721,0.2985922971328275,-0.1764073687025547,0.0,226.72415882323835,-130.9668003246154,20,15009,312000,0.0003,174890.640625,80.00434875488281,-0.13508382439613342,32989818.0,20985.2734375,302001,40000.0,-27733025.453362428,,,,,,,
-24.43958001327515,-0.5340915687601646,-0.17954102005764,0.11237429357584534,0.0,136.33078767264794,-9.81153464960163,20,15086,314000,0.0003,176949.078125,95.7261962890625,0.05417732521891594,36557672.0,23208.369140625,304001,40000.0,-27733025.453362428,,,,,,,
-26.072077127456637,-0.49780491453586057,0.103591262208202,0.2230504539392912,0.0,197.05074718102622,-24.41808538004844,20,15164,316000,0.0003,186907.953125,90.10726928710938,0.12229745090007782,34913472.0,29561.544921875,306001,40000.0,-27733025.453362428,,,,,,,
-23.690784296035766,-0.5213682416369413,-0.0424111588586151,0.25673541994252985,0.0,183.14823731252685,80.61486156626711,20,15241,318000,0.0003,181317.890625,128.51507568359375,-0.42042797803878784,55468776.0,30703.109375,308001,40000.0,-27733025.453362428,,,,,,,
-16.606474094390887,-0.525730845099495,-0.025324245717999534,0.14700234395357623,0.0,126.65664164357611,-73.29899891346584,20,15319,320000,0.0003,168147.125,118.3104476928711,0.2846044898033142,63592192.0,33275.45703125,310001,40000.0,-27809123.360560626,,,,,,,
-5.599835531234729,-0.37770145259594146,-0.7304370169127282,-0.5343642172794476,0.0,822.4299015895523,-569.4548304444633,20,15396,322000,0.0003,160768.5625,124.55282592773438,-0.36115342378616333,62368712.0,35372.546875,312001,40000.0,-27809123.360560626,,,,,,,
14.242484823226937,0.47166086472825164,0.10557405237041215,-0.44084068575728075,0.0,683.7831217408639,-143.98376842083195,20,15474,324000,0.0003,147282.375,126.81714630126953,-0.25379490852355957,51068808.0,35172.8515625,314001,40000.0,-27809123.360560626,,,,,,,
-11.951969636917116,-0.6706234075767096,0.26794598867359104,-0.502939568391134,0.0,649.293004762327,404.9286826221153,20,15558,326000,0.0003,150812.78125,81.58930206298828,0.07926687598228455,28327756.0,15538.6884765625,316001,40000.0,-27809123.360560626,,,,,,,
-6.619346349716175,-0.6180838929074085,0.06727120724245067,-0.6807955912627839,0.0,723.9611149510346,121.69009205893528,20,15636,328000,0.0003,168272.09375,77.75251007080078,-0.6649409532546997,39370080.0,49834.86328125,318001,40000.0,-27809123.360560626,,,,,,,
-4.899081645965581,-0.18528021821174892,0.1214198751192492,-0.7744131974956282,0.0,819.831733931821,-168.08281632892914,21,15714,330000,0.0003,167251.9375,94.89192962646484,1.316434383392334,53332352.0,35717.11328125,320001,40000.0,-27809123.360560626,,,,,,,
-3.5568910388946606,-0.18198375416290036,0.16055218278165492,-0.7434648986486282,0.0,742.8292223219113,78.12789103360505,21,15791,332000,0.0003,170929.921875,94.92646026611328,0.05050983279943466,40494348.0,20216.5703125,322001,40000.0,-27809123.360560626,,,,,,,
-0.305270755767824,-0.09954586723624231,-0.10935251142332572,-0.7668868221784708,0.0,820.2055538156242,13.515740509396359,21,15869,334000,0.0003,185594.46875,94.00243377685547,-0.20355702936649323,40563112.0,25563.099609375,324001,40000.0,-27809123.360560626,,,,,,,
-9.745425706863411,-0.33794073461418234,-0.3309704186386037,-0.6125172917415342,0.0,637.2409456506421,-409.4465962936447,21,15947,336000,0.0003,183599.3125,102.6149673461914,0.17863829433918,49287624.0,38946.38671875,326001,40000.0,-27809123.360560626,,,,,,,
-5.04269983100891,-0.5474023853607691,0.12706471067708353,-0.3686538392165137,0.0,271.34798095468153,-65.92952646208896,21,16025,338000,0.0003,182417.515625,111.349365234375,0.15370742976665497,67581712.0,39473.55078125,328001,40000.0,-27809123.360560626,,,,,,,
-8.78805013847354,-0.3723353355760976,0.21113363201761204,-0.40682615265406535,0.0,285.99352568985137,66.73277314940293,21,16102,340000,0.0003,181990.078125,94.3995132446289,0.033869750797748566,39923748.0,26719.931640625,330001,40000.0,-27809123.360560626,,,,,,,
-2.2293977317810043,-0.13120488516398582,0.07024038030161829,-0.4572680513337518,0.0,296.05293707281754,38.528527407509614,21,16180,342000,0.0003,191275.171875,107.09906005859375,0.023163408041000366,47775600.0,22681.830078125,332001,40000.0,-27809123.360560626,,,,,,,
-1.7380173892974853,0.18102890540716787,0.8493885131433662,-0.4161444124941221,0.0,662.4790458954429,648.8362807417423,21,16258,344000,0.0003,121941.21875,211.23587036132812,-1.5266895294189453,57817680.0,21529.166015625,334001,40000.0,-27809123.360560626,,,,,,,
-12.577893730163598,-0.5462914418961361,0.15644361472169502,-0.6612542788012823,0.0,1236.2512740187963,165.6245414987759,21,16336,346000,0.0003,81053.3046875,189.162353515625,0.3190919756889343,107526016.0,41816.0078125,336001,40000.0,-27809123.360560626,,,,,,,
-1.0040681495666561,0.010811945134088355,-0.905687989534745,-0.2944362156250918,0.0,871.0680728085824,0.021118817621611923,21,16414,348000,0.0003,75429.6875,156.8961181640625,-0.7167822122573853,91107288.0,47837.984375,338001,40000.0,-27809123.360560626,,,,,,,
-4.182610467910751,-0.28968189496456864,-0.01786784499994688,-0.4641289693973251,0.0,628.2094919747981,-179.28247322321525,21,16491,350000,0.0003,60922.5390625,195.72134399414062,-0.09788255393505096,204906848.0,95264.96875,340001,40000.0,-27809123.360560626,,,,,,,
11.29809194946289,0.4963531229987909,0.22822877243321982,-0.3045824676186179,0.0,393.3609376285509,-526.0314948752573,21,16569,352000,0.0003,51313.9921875,198.65415954589844,-0.549912691116333,147308608.0,51285.5,342001,40000.0,-27809123.360560626,,,,,,,
2.1539001445770256,0.10300814950359959,-0.3196764100076289,-0.35900246204839287,0.0,212.62948918787353,5.261179891553325,21,16647,354000,0.0003,12280.048828125,264.6549377441406,-0.08648227155208588,125279496.0,39175.57421875,344001,40000.0,-27809123.360560626,,,,,,,
-1.7238760414123526,0.13945936899352174,0.35052524261570966,-0.3988706920886653,0.0,260.2916770018658,299.92897798749897,21,16725,356000,0.0003,-28375.40234375,284.34234619140625,0.16120249032974243,202003872.0,68964.7421875,346001,40000.0,-27809123.360560626,,,,,,,
4.173047241210934,0.34563619029504394,-0.36813624813297285,-0.5666370940814798,0.0,691.4060191939594,547.4779413594829,21,16803,358000,0.0003,-30125.158203125,181.64149475097656,-0.08140691369771957,98098320.0,36351.85546875,348001,40000.0,-27809123.360560626,,,,,,,
-0.5011060943603547,-0.45786352425225885,-0.20790955303146255,-0.6920210724097812,0.0,915.4735519854016,229.05058187221164,21,16880,360000,0.0003,2416.8544921875,138.3046112060547,0.3608906865119934,130247568.0,66518.7890625,350001,40000.0,-27524584.89875978,,,,,,,
-2.5357972221374494,-0.24314914979476004,-0.06431201577816398,-0.9260078596055626,0.0,1214.952376752441,185.42618525157152,21,16957,362000,0.0003,28123.025390625,105.25639343261719,-0.24148455262184143,50172100.0,18427.7578125,352001,40000.0,-27524584.89875978,,,,,,,
5.542274745941158,0.4030028368766362,0.6137784920867153,-0.8299714956918093,0.0,1065.9572353447604,-515.3098548785939,21,17033,364000,0.0003,30158.375,153.76327514648438,-0.6388580203056335,86629664.0,50294.65234375,354001,40000.0,-27524584.89875978,,,,,,,
5.041629631042473,0.8130524253523495,-0.035746830979769995,-0.6535168939571019,0.0,717.377511689218,-1.5437303599845666,21,17110,366000,0.0003,9786.95703125,184.8089599609375,0.17635567486286163,126864424.0,61789.02734375,356001,40000.0,-27524584.89875978,,,,,,,
5.002271724700925,0.3758486252430738,-0.512456895914585,-0.8142910355662616,0.0,1013.9204771053436,487.09919246570786,21,17186,368000,0.0003,-14945.3662109375,147.8563995361328,-0.28704869747161865,87735416.0,40560.77734375,358001,40000.0,-27524584.89875978,,,,,,,
-2.2059654541015625,-0.21492273370152512,-0.27369003013042786,-0.9204287966203215,0.0,1150.9600189621995,-96.22764443928885,21,17262,370000,0.0003,-6289.216796875,159.6221160888672,0.22837963700294495,66150344.0,33103.21484375,360001,40000.0,-27524584.89875978,,,,,,,
-7.956051532745364,-0.43238288778662565,-0.06420773019835481,-0.8784999958391689,0.0,996.0065931604321,-65.56001253154285,21,17339,372000,0.0003,688.480224609375,161.600830078125,-0.9577687978744507,109377856.0,41055.12109375,362001,40000.0,-27524584.89875978,,,,,,,
-8.381332311630256,-0.6463071418778399,-0.17080720150425224,-0.747568796881272,0.0,814.6771583495616,-204.13790015517452,21,17415,374000,0.0003,-9238.3369140625,153.9366912841797,0.8778382539749146,88206272.0,35748.22265625,364001,40000.0,-27524584.89875978,,,,,,,
3.2773078403472913,-0.07684900603949028,0.9188935246031072,-0.5524441919652494,0.0,1023.5017773924357,-312.785836693071,21,17492,376000,0.0003,-31368.408203125,270.1612548828125,-0.7500045299530029,121871384.0,42126.3203125,366001,40000.0,-27524584.89875978,,,,,,,
1.428903385162359,0.6600392019563353,0.03220653123735811,-0.4726728036132341,0.0,413.76197506688015,24.757433720481636,21,17568,378000,0.0003,-52474.2734375,198.29046630859375,1.1098437309265137,98131872.0,29008.78515625,368001,40000.0,-27524584.89875978,,,,,,,
1.0478998088836673,0.14870581804462912,-0.5761838100310277,-0.5888917468546326,0.0,602.3934058239447,214.79088680076032,21,17644,380000,0.0003,-33174.43359375,127.08616638183594,0.3887554109096527,55412672.0,32964.0390625,370001,40000.0,-27524584.89875978,,,,,,,
0.7351159324646003,-0.2700822061129986,0.09179545629743441,-0.6036756631202531,0.0,517.6727726786603,-65.5338302248817,21,17720,382000,0.0003,-3364.10400390625,83.17046356201172,0.22783473134040833,57190356.0,27914.703125,372001,40000.0,-27524584.89875978,,,,,,,
0.3216147022247303,0.06237592970827353,0.3401059083048154,-0.5910204492913033,0.0,524.3051392261973,173.39063109999051,21,17796,384000,0.0003,35654.39453125,80.21165466308594,-0.29481586813926697,37388424.0,18376.58203125,374001,40000.0,-27524584.89875978,,,,,,,
2.92585521697998,0.6235239885837941,0.362844818033895,-0.51177086569226,0.0,651.3862552722989,43.694934365201696,21,17872,386000,0.0003,71156.5703125,89.51866912841797,-0.1265665888786316,41746640.0,24518.775390625,376001,40000.0,-27524584.89875978,,,,,,,
10.218809114456183,0.7671478825326317,-0.12374394034596442,-0.6692549039256874,0.0,767.3808171513838,107.4402142185262,21,17947,388000,0.0003,62440.24609375,138.43341064453125,0.06815808266401291,53724832.0,25267.46875,378001,40000.0,-27524584.89875978,,,,,,,
6.94744198036194,0.6223303174512351,-0.2562497625691625,-0.7670765978576708,0.0,869.5490779080808,266.9047446532413,21,18023,390000,0.0003,46998.48828125,123.49347686767578,0.20921623706817627,64650740.0,27192.123046875,380001,40000.0,-27524584.89875978,,,,,,,
4.191542869567865,0.20194575815508226,-0.24945432870208523,-0.9578994512606216,0.0,1144.7499644773527,192.26331869022198,21,18098,392000,0.0003,50626.25,83.080322265625,0.33162790536880493,34174972.0,17315.953125,382001,40000.0,-27524584.89875978,,,,,,,
1.4661594638824462,0.029029917235338515,0.008220410214243525,-0.9952068822046487,0.0,1192.3989789288291,275.2284683891231,21,18174,394000,0.0003,84572.8046875,63.663089752197266,-0.20824119448661804,36092048.0,20455.294921875,384001,40000.0,-27524584.89875978,,,,,,,
6.99774330711364,0.5444779924837888,0.4681066827708021,-0.7852263937769325,0.0,983.3693261496959,-639.8714481043717,21,18250,396000,0.0003,107941.1953125,95.3015365600586,-0.046925097703933716,55918892.0,39333.05859375,386001,40000.0,-27524584.89875978,,,,,,,
7.204038906097414,0.7640173914391079,-0.01413689208066441,-0.697353886003808,0.0,762.6995787020826,13.767489955695531,21,18325,398000,0.0003,93248.953125,126.68267059326172,-0.44338881969451904,57505024.0,28895.7109375,388001,40000.0,-27524584.89875978,,,,,,,
9.422644062042233,0.6026140199711972,-0.17227232764808575,-0.7931606981268754,0.0,880.5757677673979,201.91035214678777,,,400000,0.0003,82170.078125,107.2977523803711,0.5903151631355286,72878544.0,40338.8046875,390000,,,0.0,0.0,40000.0,-39506.40050654118,97.96407062734338,0.0,0.0
,,,,,,,20,19562,400000,0.0003,80249.703125,107.27278900146484,0.7022987604141235,56232484.0,31523.79296875,390001,40000.0,-28233645.650465705,,,,,,,
4.436419378280634,0.24458307356647063,0.3655407568263663,-0.9251482210478176,0.0,1126.3268552997417,-267.2603909912356,20,19638,402000,0.0003,94459.5703125,72.1440658569336,0.516327440738678,37120560.0,25547.46484375,392001,40000.0,-28233645.650465705,,,,,,,
8.260462528228748,0.737222242371692,0.2807717413316235,-0.6861100675763396,0.0,786.8841153085966,-184.36688480846647,20,19715,404000,0.0003,123481.25,67.74468231201172,-0.04606768488883972,24797648.0,16208.2744140625,394001,40000.0,-28233645.650465705,,,,,,,
-2.042856143951416,0.4736430944795243,0.037105024712753364,-0.5816206710612672,0.0,707.0402825206695,4.173799285075248,20,19791,406000,0.0003,147240.59375,88.356689453125,-0.15757526457309723,36184548.0,17958.015625,396001,40000.0,-28233645.650465705,,,,,,,
-2.5439809207916286,0.3170206865807675,-0.07793843703408691,-0.5663835568358054,0.0,704.8735449913863,6.106466775169659,20,19868,408000,0.0003,146348.28125,118.6974105834961,-0.06744661927223206,64091824.0,25979.265625,398001,40000.0,-28233645.650465705,,,,,,,
10.842435314178474,0.7320972798784209,-0.17109609594312505,-0.6803264090986544,0.0,783.2621945158328,114.0319854639408,20,19945,410000,0.0003,158844.21875,77.7517318725586,0.6259722709655762,77817168.0,46040.59375,400001,40000.0,-28233645.650465705,,,,,,,
7.842381021499633,0.5602706891099215,-0.20673142550276075,-0.7958565139179989,0.0,902.3496380415352,278.1051129899434,20,20022,412000,0.0003,180889.125,69.50994873046875,-0.52618008852005,30542340.0,18838.46875,402001,40000.0,-28233645.650465705,,,,,,,
-2.708288509368897,-0.23590353699195712,-0.7524777159241114,-0.8126413077503931,0.0,1123.637124406593,-471.5448022381304,20,20098,414000,0.0003,199021.734375,90.78125762939453,-0.47980034351348877,52079056.0,35768.546875,404001,40000.0,-28233645.650465705,,,,,,,
1.5269599189758327,-0.18428743226444477,0.5932304458408486,-0.6607736360936795,0.0,867.5372207446105,104.87900470316734,20,20174,416000,0.0003,187239.65625,136.6787872314453,0.5551204681396484,77415200.0,31062.935546875,406001,40000.0,-28233645.650465705,,,,,,,
3.5356910095214906,0.2709718758707878,0.28774097359654255,-0.7129170521644704,0.0,677.1406665260985,-14.923105015207712,20,20251,418000,0.0003,181379.765625,88.90983581542969,0.1630595475435257,49064616.0,27280.76171875,408001,40000.0,-28233645.650465705,,,,,,,
5.774366071701047,0.43616979284218255,-0.14335788306092137,-0.7288655639451899,0.0,875.7185459491574,354.706610633311,20,20327,420000,0.0003,193345.359375,79.24696350097656,-0.22225654125213623,45371580.0,30047.501953125,410001,40000.0,-28233645.650465705,,,,,,,
7.551987436294554,0.46076493410546315,0.12331996665875439,-0.7887037679072754,0.0,846.857095296852,-178.3803073265262,20,20403,422000,0.0003,204542.546875,88.93646240234375,-0.10502132028341293,35350668.0,23662.994140625,412001,40000.0,-28233645.650465705,,,,,,,
6.665864410400408,0.588329948393074,0.21192293091807493,-0.7348492977032121,0.0,789.3964171531071,-126.41854068611866,20,20479,424000,0.0003,205954.5625,94.76681518554688,-0.34568947553634644,38227144.0,17490.853515625,414001,40000.0,-28233645.650465705,,,,,,,
11.815618360519405,0.6480803241024914,-0.1587502264550693,-0.7471932001062892,0.0,817.5065810639416,194.2301453080953,20,20556,426000,0.0003,213342.78125,87.23016357421875,0.35621652007102966,49301624.0,21288.583984375,416001,40000.0,-28233645.650465705,,,,,,,
10.048336536407446,0.620726717614229,0.1311037839143592,-0.773498964851951,0.0,849.4176410605226,-113.23025906060248,20,20632,428000,0.0003,220166.875,103.4448471069336,-0.23444515466690063,57101136.0,26684.65234375,418001,40000.0,-28233645.650465705,,,,,,,
-5.840176441192623,0.41555975148224217,-1.081670570049329,-0.49393574195893986,0.0,1450.9581029094008,1092.8734511808605,20,20708,430000,0.0003,131763.5625,244.51406860351562,-1.8203538656234741,80913872.0,43954.171875,420001,40000.0,-28233645.650465705,,,,,,,
27.958133367538466,0.5783068226669572,-0.3490061183800682,0.08643644181337233,0.0,907.1041171845008,-1282.4233809964483,20,20785,432000,0.0003,57293.62109375,247.61216735839844,1.1570855379104614,124849464.0,37440.55859375,422001,40000.0,-28233645.650465705,,,,,,,
1.1177799167633085,0.47294839297178387,-0.27811769188840596,0.0013104221558217903,0.0,742.923131476394,369.9773580505165,20,20861,434000,0.0003,69109.5546875,186.43536376953125,-1.0053952932357788,115568032.0,44763.484375,424001,40000.0,-28233645.650465705,,,,,,,
26.253079822540236,0.43136418172056756,0.009584170905330853,0.3816338067837137,0.0,1046.4225465614486,276.38977381420204,20,20937,436000,0.0003,24980.1640625,214.08233642578125,0.14706237614154816,205554208.0,64377.53515625,426001,40000.0,-28233645.650465705,,,,,,,
-1.4625612945556623,0.024756064650003035,-0.36165555942681826,0.36739747149445035,0.0,1429.5332198994436,997.386213359681,20,21013,438000,0.0003,9153.4853515625,169.19622802734375,-0.027630552649497986,141246368.0,37432.8984375,428001,40000.0,-28233645.650465705,,,,,,,
-38.59307573699948,-0.4868872387756366,-0.11359212196242241,0.6450087710346089,0.0,2845.567052716956,-233.86578915582876,20,21090,440000,0.0003,24970.171875,162.4378204345703,-0.6174480319023132,112843472.0,58001.7109375,430001,40000.0,-29354306.24471909,,,,,,,
-6.88306456375123,-0.33321151478219896,-0.3675961505359467,-0.9100018611580587,0.0,1128.4111104314163,-198.35453860800285,20,21166,442000,0.0003,28609.345703125,162.40460205078125,1.0808393955230713,170944480.0,84424.71875,432001,40000.0,-29354306.24471909,,,,,,,
-1.8788955364227307,-0.3133429625618733,0.2729872298227349,-0.8736922939480815,0.0,1116.701516838096,274.71223413606737,20,21243,444000,0.0003,45301.86328125,131.64549255371094,-0.01648801565170288,122933184.0,47753.87890625,434001,40000.0,-29354306.24471909,,,,,,,
-8.406025703430172,-0.008333367010073152,-0.7849503384725574,-0.5221100587475584,0.0,929.1259217557172,-486.0487628860372,20,21319,446000,0.0003,37199.09765625,173.6631317138672,0.5804070234298706,126871408.0,38071.53125,436001,40000.0,-29354306.24471909,,,,,,,
18.610649293899552,0.6992898609396975,0.04173685024277975,-0.030434749294583115,0.0,623.8963260787518,-78.8862216639412,20,21395,448000,0.0003,41342.23046875,171.8555145263672,1.1779851913452148,129049952.0,31951.998046875,438001,40000.0,-29354306.24471909,,,,,,,
21.059957635879545,0.654059353128638,-0.25133845696176144,-0.08371641021538906,0.0,794.4569766710506,663.1316009778083,20,21472,450000,0.0003,54791.0625,134.43356323242188,-0.0857761800289154,111469048.0,39508.2109375,440001,40000.0,-29354306.24471909,,,,,,,
14.253685214996331,0.5681437313892186,0.1806378550892702,-0.46859042771182224,0.0,987.1437489305814,-474.7281796366754,20,21548,452000,0.0003,73592.765625,119.07479095458984,-0.18762341141700745,94978064.0,44358.57421875,442001,40000.0,-29354306.24471909,,,,,,,
-4.17510310173035,0.7384333280473839,-0.0069680388104020686,-0.3189657668234762,0.0,624.9764371662466,-123.15646764686328,20,21625,454000,0.0003,91516.8671875,101.68114471435547,0.7632610201835632,105634160.0,35121.94140625,444001,40000.0,-29354306.24471909,,,,,,,
-0.14533329772949447,0.3625595098291982,0.14597860779868474,-0.37315221418915434,0.0,682.9910632109528,137.89820252872678,21,21701,456000,0.0003,109632.03125,119.44209289550781,0.3338238596916199,90647600.0,32604.09375,446001,40000.0,-29354306.24471909,,,,,,,
11.40109339332582,0.5050699210326187,-0.26645386989383085,-0.744171187518255,0.0,1504.362656587858,826.0968307361761,21,21778,458000,0.0003,121683.8125,127.40100860595703,-0.26556169986724854,125238080.0,45185.80859375,448001,40000.0,-29354306.24471909,,,,,,,
-12.572860313415516,-0.34302509878239923,0.6044564309221504,-0.2083429837552405,0.0,796.6045812437957,-1330.3042583507704,21,21854,460000,0.0003,123479.515625,129.52932739257812,0.2725408673286438,99348752.0,42069.78125,450001,40000.0,-29354306.24471909,,,,,,,
-4.4739044322967665,-0.5859782792757833,0.06179841570246371,-0.33408175147373925,0.0,281.50585501448717,188.77279791529577,21,21930,462000,0.0003,113663.53125,140.02621459960938,0.012533999979496002,111544976.0,36680.921875,452001,40000.0,-29354306.24471909,,,,,,,
-17.978211847305232,-0.5449734891986251,-0.004860143199293732,-0.3458467398756811,0.0,274.0951302304131,-147.57131570547918,21,22006,464000,0.0003,105884.765625,144.13328552246094,-0.2567538917064667,106859976.0,45990.19921875,454001,40000.0,-29354306.24471909,,,,,,,
15.566239212036145,-0.14856768051420197,-0.0889941916570402,-0.3628115485996861,0.0,666.6707171487715,821.4044314572617,21,22082,466000,0.0003,116477.640625,138.65988159179688,-0.37047621607780457,101133040.0,59996.8671875,456001,40000.0,-29354306.24471909,,,,,,,
-9.18087922286987,-0.1842183173811709,0.24927019568895148,-0.568991323375946,0.0,820.4379170724478,289.49988979521106,21,22158,468000,0.0003,100849.2265625,144.00625610351562,-0.16725504398345947,122326320.0,36230.4765625,458001,40000.0,-29354306.24471909,,,,,,,
1.0405762863159194,-0.4718526871239367,0.059025212684338677,-0.30345484822299074,0.0,355.3998819317884,-849.3596798256079,21,22234,470000,0.0003,89899.796875,175.1746368408203,0.2980324327945709,149260832.0,53099.421875,460001,40000.0,-29354306.24471909,,,,,,,
-5.794604167938233,-0.14359949303054984,0.009805308495287988,-0.43078338891831647,0.0,258.6803585826616,-132.48000699038897,21,22316,472000,0.0003,55499.48828125,202.85198974609375,0.4440338611602783,142931232.0,47197.7890625,462001,40000.0,-29354306.24471909,,,,,,,
-1.5271930522918677,-0.33712887485784376,-0.14714713827120926,-0.415239570435229,0.0,358.5454920823308,204.80100551286398,21,22398,474000,0.0003,48189.39453125,171.06924438476562,-0.25526124238967896,140290656.0,50146.49609375,464001,40000.0,-29354306.24471909,,,,,,,
-11.809738161087022,-0.5124427730121698,-0.1421768178316353,-0.4163593919975354,0.0,304.52608760175593,-59.96916886867888,21,22475,476000,0.0003,6043.20703125,209.4466552734375,0.0702226459980011,134639552.0,38639.78125,466001,40000.0,-29354306.24471909,,,,,,,
-7.000317342758184,-0.38946375537996303,0.22647450006334105,-0.47355618355328094,0.0,413.29747661105694,96.89345597907348,21,22551,478000,0.0003,-7615.953125,194.33291625976562,-0.1795024424791336,128732592.0,39450.01171875,468001,40000.0,-29354306.24471909,,,,,,,
-1.2294100627899174,-0.21925561574280875,0.04573815389897413,-0.5461200438147292,0.0,384.7872707748941,84.55123762337708,21,22627,480000,0.0003,-12867.498046875,216.94749450683594,0.46323853731155396,121655712.0,53742.78515625,470001,40000.0,-29125883.478653338,,,,,,,
0.3491543159484862,0.025042180383757228,0.029655869814857478,-0.9958705148029054,0.0,1191.59805860003,150.2680233176535,21,22703,482000,0.0003,-6724.70703125,158.03689575195312,0.6901559829711914,168784096.0,53587.2265625,472001,40000.0,-29125883.478653338,,,,,,,
0.6994343185424814,0.024899121705985773,-0.018590390139859577,-0.9963004331869079,0.0,1192.6057396317617,132.2999781398474,21,22779,484000,0.0003,6205.6171875,161.83224487304688,0.031091973185539246,134256720.0,57337.65625,474001,40000.0,-29125883.478653338,,,,,,,
0.5227795581817629,0.03903250271808448,0.023193033881212233,-0.9960856332267908,0.0,1192.4999731701155,129.6158496716281,21,22854,486000,0.0003,-2830.6806640625,176.87110900878906,-0.3150775730609894,160167712.0,59698.86328125,476001,40000.0,-29125883.478653338,,,,,,,
0.6192773132324216,0.03577638215387839,-0.02670578211841916,-0.9963381938265513,0.0,1193.417825820126,134.37476641114011,21,22930,488000,0.0003,-10153.865234375,153.16395568847656,-0.10053494572639465,111135440.0,47332.9921875,478001,40000.0,-29125883.478653338,,,,,,,
-0.7617546558380122,-0.039986461791483074,-0.0713494135972641,-0.9965086348895229,0.0,1196.1096628793468,127.03998873900781,21,23008,490000,0.0003,-4070.078369140625,138.3548126220703,0.2947902977466583,99890792.0,54068.4375,480001,40000.0,-29125883.478653338,,,,,,,
-5.664392526626573,-0.4436507899672721,-0.5326771286299089,-0.8002288165596714,0.0,1003.5492796612058,-551.6090992766867,21,23084,492000,0.0003,10936.4140625,128.00543212890625,0.587715208530426,98181752.0,37889.359375,482001,40000.0,-29125883.478653338,,,,,,,
-1.829593683242797,-0.398762127616963,0.5534318758762333,-0.6690209120824381,0.0,792.5729555632538,131.85171688920974,21,23160,494000,0.0003,26295.185546875,126.82410430908203,0.7818210124969482,90307576.0,26973.82421875,484001,40000.0,-29125883.478653338,,,,,,,
0.5397868709564204,0.10465717500275591,0.20404152588533273,-0.7641644962335807,0.0,725.331325236674,75.08405269955436,21,23235,496000,0.0003,30309.4921875,139.546630859375,0.5959261059761047,108124256.0,38083.72265625,486001,40000.0,-29125883.478653338,,,,,,,
3.95543775558472,0.2190044192284378,-0.07687590954580104,-0.7738460076157495,0.0,741.3210181699357,127.90085993984825,21,23311,498000,0.0003,20460.19921875,143.005615234375,1.2636656761169434,81429552.0,43745.03515625,488001,40000.0,-29125883.478653338,,,,,,,
1.5351501998901362,-0.0005018950876045327,-0.0799196563438946,-0.8267086471387983,0.0,851.1409083979506,172.7221231921519,,,500000,0.0003,29938.9140625,137.27145385742188,-1.1891520023345947,106697872.0,30955.279296875,490000,,,0.0,0.0,40000.0,-36059.916209637944,3242.26255504444,0.0,0.0
,,,,,,,20,24542,500000,0.0003,23482.58203125,137.28952026367188,0.38534343242645264,90683888.0,36659.9765625,490001,40000.0,-29125883.478653338,,,,,,,
0.485278268814086,0.08635235491192532,0.08029511518771124,-0.8294850708909642,0.0,840.9345487027878,84.87507398696802,20,24618,502000,0.0003,40263.5,114.86431121826172,-0.3205995559692383,56816056.0,19700.42578125,492001,40000.0,-29125883.478653338,,,,,,,
-1.9094937076568594,-0.046048154482205096,-0.3047673456368777,-0.811175039837995,0.0,843.7282017094341,-21.783918271794327,20,24694,504000,0.0003,52622.37890625,104.10128021240234,-0.7012549638748169,74200984.0,28655.8984375,494001,40000.0,-29125883.478653338,,,,,,,
-0.07375546073913505,-0.5284886990808664,0.09715359875294334,-0.6452131961333156,0.0,810.0550953209593,344.79477112593577,20,24771,506000,0.0003,78549.5625,107.1837158203125,-0.36665424704551697,80302672.0,43190.23046875,496001,40000.0,-29125883.478653338,,,,,,,
-7.62661240577698,-0.5195131730346322,-0.35386231590678346,-0.3275079446496863,0.0,706.5846441111803,-870.8080720570446,20,24848,508000,0.0003,100729.1171875,149.6082763671875,-0.7240734696388245,92285632.0,59728.6796875,498001,40000.0,-29125883.478653338,,,,,,,
-24.532740306854247,-0.6647794328313321,0.03899033944183071,-0.05443914424242414,0.0,149.56958297055064,-38.91452610501298,20,24924,510000,0.0003,109949.3515625,111.68644714355469,-0.4004876911640167,101464160.0,44293.66796875,500001,40000.0,-29125883.478653338,,,,,,,
0.2733781604766883,-0.4957705955894891,0.29172128644036094,-0.02900811619123472,0.0,250.5503718219747,-9.71217157729305,20,25000,512000,0.0003,118632.0390625,101.7118911743164,0.2168978452682495,76505832.0,31321.45703125,502001,40000.0,-29125883.478653338,,,,,,,
-20.759292116165177,-0.35144362925387596,0.15763791206473013,0.29340574010601145,0.0,334.89318186950374,218.5037037027601,20,25076,514000,0.0003,139006.390625,105.5323486328125,0.03193412721157074,78436304.0,37666.46484375,504001,40000.0,-29125883.478653338,,,,,,,
22.249893770217902,0.42722491420795533,0.23900080642196309,0.26412943128153477,0.0,352.6630390110653,-176.4857361950793,20,25152,516000,0.0003,149585.21875,110.77693176269531,-0.13295629620552063,66483416.0,26722.642578125,506001,40000.0,-29125883.478653338,,,,,,,
-2.40767541885376,0.31137941581729467,-0.05815175168791596,-0.15016797095522197,0.0,60.13304385253937,-20.08049065478671,20,25228,518000,0.0003,151229.15625,125.85370635986328,0.34069693088531494,73195504.0,30100.58984375,508001,40000.0,-29125883.478653338,,,,,,,
15.08349952697752,0.3980492956443138,0.1534016684409166,-0.01321663632398172,0.0,134.03155164590947,492.8555112613524,20,25305,520000,0.0003,138942.28125,138.57025146484375,-0.573581874370575,120601448.0,74527.484375,510001,40000.0,-29125937.058471773,,,,,,,
-5.201015859603872,-0.2904367408116257,-0.4505019725637992,-0.8356356612544684,0.0,1155.7081491761865,-296.3242922475403,20,25381,522000,0.0003,140977.546875,139.36151123046875,0.5170448422431946,115485000.0,46944.83984375,512001,40000.0,-29125937.058471773,,,,,,,
-10.627809772491458,-0.8136383731045508,-0.1914662307940922,-0.5412520398826683,0.0,587.5560882342714,-224.10414940982122,20,25458,524000,0.0003,143592.9375,128.4566192626953,0.44039443135261536,140537920.0,60900.31640625,514001,40000.0,-29125937.058471773,,,,,,,
12.290507675170911,-0.01949924261131151,0.3489819044762648,-0.2813339320893745,0.0,573.1497596166172,-230.9883346667389,20,25534,526000,0.0003,141392.53125,114.93318176269531,-0.7710031270980835,116293088.0,45228.5859375,516001,40000.0,-29125937.058471773,,,,,,,
2.4356279907226543,0.013975576375676669,0.35860513977968944,-0.2073549032066002,0.0,250.71286499371877,189.98161374974393,20,25612,528000,0.0003,144121.609375,117.41886138916016,0.07240060716867447,110030984.0,43770.59765625,518001,40000.0,-29125937.058471773,,,,,,,
3.851855241775516,-0.18965918892966938,-0.13128894800712343,-0.32357925151193406,0.0,238.24865556060112,-221.85500704582088,20,25689,530000,0.0003,156561.15625,127.96295928955078,-0.8344666361808777,92824144.0,51584.88671875,520001,40000.0,-29125937.058471773,,,,,,,
-11.509716079711911,-0.27271593869890276,-0.2616972147480152,-0.21172161244114424,0.0,171.6300130680521,2.914806974314034,20,25767,532000,0.0003,153047.84375,139.3677520751953,1.0731735229492188,117888184.0,60735.37890625,522001,40000.0,-29125937.058471773,,,,,,,
3.3078526668548593,-0.3890229111413572,0.18318264403845294,-0.03007333567821274,0.0,75.47953293779183,-35.62274697231854,20,25845,534000,0.0003,147980.921875,139.0646514892578,-0.2755916118621826,75200456.0,26451.330078125,524001,40000.0,-29125937.058471773,,,,,,,
-20.422393394470216,-0.5183566334069599,-0.28224430728356453,0.01310739581211933,0.0,232.45517119486334,110.4331774804883,20,25923,536000,0.0003,146944.875,135.99020385742188,-0.41212308406829834,76186248.0,26476.412109375,526001,40000.0,-29125937.058471773,,,,,,,
-13.531342468261737,-0.6510754183885653,0.003366983225218246,0.0023910684477780743,0.0,174.76667619257836,134.82773662719814,20,26001,538000,0.0003,146001.765625,119.06644439697266,0.35274121165275574,100964384.0,52708.86328125,528001,40000.0,-29125937.058471773,,,,,,,
-9.233545087814322,-0.6514281109528106,-0.02200331660378231,-0.24909504298612917,0.0,218.2128351269744,-54.437948354620275,20,26078,540000,0.0003,145403.625,122.08133697509766,0.23200452327728271,113333360.0,62458.2890625,530001,40000.0,-29125937.058471773,,,,,,,
6.199782171249397,-0.3490807701109805,0.283710313435514,-0.047315812432176085,0.0,207.78138634023384,-123.48534385004075,20,26156,542000,0.0003,137140.890625,133.21951293945312,0.10214075446128845,91557464.0,56686.59765625,532001,40000.0,-29125937.058471773,,,,,,,
4.986843570709236,-0.2912216990350895,-0.13463098318347902,-0.03357036318291711,0.0,105.65397646810482,116.65490823082534,20,26234,544000,0.0003,139649.5,129.79147338867188,0.4704064130783081,69779536.0,30590.859375,534001,40000.0,-29125937.058471773,,,,,,,
-1.911409248352054,-0.33506023707350036,0.14569005105859953,-0.0914115005986103,0.0,56.88394711886397,3.9132083607316956,20,26311,546000,0.0003,136431.21875,125.02522277832031,0.13514086604118347,91202648.0,39303.61328125,536001,40000.0,-29125937.058471773,,,,,,,
-3.634805654525754,-0.19360355740481816,-0.06915768433968524,-0.21334264276529005,0.0,102.1647366769945,77.61993927181437,20,26389,548000,0.0003,139569.671875,113.22940826416016,0.45988351106643677,154222944.0,58355.32421875,538001,40000.0,-29125937.058471773,,,,,,,
-3.041828485488889,-0.3030989349824574,-0.1496687704194125,-0.14534693016800695,0.0,169.02325888024254,50.18325332888151,20,26466,550000,0.0003,149939.359375,110.7354736328125,-0.16317547857761383,65290184.0,28236.91015625,540001,40000.0,-29125937.058471773,,,,,,,
-18.91369454383855,-0.4780200214617749,-0.0017267470019423068,0.1401116788905909,0.0,150.63997907116376,434.9556174593764,20,26543,552000,0.0003,159006.5625,122.8774185180664,-0.8414627313613892,90191440.0,40605.734375,542001,40000.0,-29125937.058471773,,,,,,,
-23.375798624038698,-0.5697271572816135,0.034090761099798576,0.0837508280695057,0.0,126.7861472473238,-450.46043826230607,20,26621,554000,0.0003,159165.34375,110.13915252685547,0.3674856126308441,111487312.0,45772.0078125,544001,40000.0,-29125937.058471773,,,,,,,
1.1438864898681615,-0.4000015161278269,-0.07897067070530701,0.01689026343765037,0.0,153.64501339761367,103.04896144469052,20,26698,556000,0.0003,173234.5,96.35386657714844,-0.13125118613243103,90594816.0,43942.41015625,546001,40000.0,-29125937.058471773,,,,,,,
-20.817451986312886,-0.5880075488663872,0.11124099722596864,-0.029941025753723868,0.0,129.79018719257294,-21.87281250251791,20,26775,558000,0.0003,177563.953125,112.8758773803711,-0.8770219683647156,78983768.0,37564.2890625,548001,40000.0,-29125937.058471773,,,,,,,
2.6613645877838117,-0.23925179845467714,0.1711376239799854,-0.024773264065867145,0.0,55.63606524655422,-78.42058768975133,20,26853,560000,0.0003,165178.71875,124.70293426513672,0.07189951092004776,76628448.0,31803.869140625,550001,40000.0,-27750645.04625829,,,,,,,
-5.378486631393424,-0.48288398219196,-0.6149623477612742,-0.7741039733318279,0.0,1003.5469532161541,-524.9862711645015,20,26931,562000,0.0003,170826.90625,108.04048919677734,-0.1299959421157837,73264664.0,34117.6015625,552001,40000.0,-27750645.04625829,,,,,,,
5.929866147995009,0.09463824931847434,1.1679165414341095,-0.3109614548132225,0.0,1143.8541320514155,-341.97028373083407,20,27008,564000,0.0003,163745.859375,125.6063461303711,-0.8464929461479187,84081144.0,33731.6484375,554001,40000.0,-27750645.04625829,,,,,,,
-3.9630641326904277,0.5680499992757303,-0.3251397773268669,-0.16992723714778557,0.0,189.91788198384893,-227.07436577998732,20,27086,566000,0.0003,172793.921875,118.12104797363281,0.6174243688583374,79996352.0,34100.05078125,556001,40000.0,-27750645.04625829,,,,,,,
2.0993677196502665,0.28556592408601444,0.1172247500591779,-0.021662282145692473,0.0,90.60267266489873,496.91917790338397,20,27163,568000,0.0003,162743.25,112.65359497070312,-0.659903883934021,85723824.0,49611.1328125,558001,40000.0,-27750645.04625829,,,,,,,
14.78056941986083,0.49118871112774215,0.0069597208894168925,0.14308108152467702,0.0,451.3762656302934,-415.79067517463017,20,27241,570000,0.0003,148000.625,118.69792175292969,-0.2631649672985077,65484752.0,25743.421875,560001,40000.0,-27750645.04625829,,,,,,,
8.119186695098872,0.445861801721382,0.02037563389235457,0.11211159251478472,0.0,229.93046779569053,1116.6386737842156,20,27318,572000,0.0003,155185.78125,119.12857055664062,-0.0037738829851150513,93999440.0,50208.4375,562001,40000.0,-27750645.04625829,,,,,,,
8.643163463592524,0.385477141449607,-0.09589830220448137,-0.07104766603196745,0.0,170.56557428334884,-1085.1334251206208,20,27396,574000,0.0003,154565.0,150.40496826171875,-0.08603392541408539,78740272.0,36208.92578125,564001,40000.0,-27750645.04625829,,,,,,,
-2.945461143493654,0.24083961863394684,-0.23878724412784133,-0.05609650666193781,0.0,47.924667264155936,63.047234931108704,20,27473,576000,0.0003,131303.203125,129.70912170410156,0.6112531423568726,129980360.0,41869.8671875,566001,40000.0,-27750645.04625829,,,,,,,
-18.6403604297638,-0.3282064430415681,-0.3211487648081331,0.07495359193276822,0.0,154.0502319983131,19.826811663199717,20,27551,578000,0.0003,136053.671875,111.85267639160156,0.08068428933620453,94577504.0,29539.814453125,568001,40000.0,-27750645.04625829,,,,,,,
-2.643107912063603,-0.3507571414764683,0.024612108974230853,0.1059974168476789,0.0,68.04601969833747,50.18632683271496,20,27629,580000,0.0003,133518.734375,112.1641616821289,0.06711439788341522,93583440.0,35366.6171875,570001,40000.0,-27750645.04625829,,,,,,,
-22.475197895050073,-0.42511967772190046,0.04598502301825706,0.2152389761881209,0.0,129.1056279698378,84.06021019411642,21,27709,582000,0.0003,142399.859375,128.2882843017578,-0.132664754986763,109143392.0,48610.12890625,572001,40000.0,-27750645.04625829,,,,,,,
-14.822182901382453,-0.29759151448894067,-0.051408279772327405,0.24584987022179955,0.0,140.29172031040565,21.539442115057494,21,27786,584000,0.0003,145084.3125,122.190185546875,0.28101876378059387,80137240.0,43713.69140625,574001,40000.0,-27750645.04625829,,,,,,,
-8.893991271972661,-0.2914926885213095,0.010999683346332848,0.2210862420917409,0.0,136.1480235914328,55.14380395312286,21,27862,586000,0.0003,135098.0625,113.1009750366211,-0.02152211219072342,67184696.0,28019.130859375,576001,40000.0,-27750645.04625829,,,,,,,
-24.569271213531486,-0.4320401326343508,0.025003994245950182,0.25631932162051835,0.0,154.4927133523097,-27.39606361082888,21,27937,588000,0.0003,135178.1875,132.47096252441406,0.1003681942820549,108383440.0,49781.7109375,578001,40000.0,-27750645.04625829,,,,,,,
-7.422154045104978,-0.295013404564036,-0.022033145459353354,0.174614956618075,0.0,94.52430930442155,-21.589112639454413,21,28013,590000,0.0003,116069.078125,133.03440856933594,0.514765739440918,114821640.0,69371.765625,580001,40000.0,-27750645.04625829,,,,,,,
-14.060536462783807,-0.315586012254318,0.06409688506482322,0.12735285895034648,0.0,61.78793281910705,91.4807623846834,21,28088,592000,0.0003,121952.53125,110.87628173828125,-0.22632832825183868,76931952.0,39228.0625,582001,40000.0,-27750645.04625829,,,,,,,
-7.562539329528806,-0.3138684946179313,0.07501464896620458,0.06248562855966927,0.0,89.508633315796,-54.88678458551543,21,28164,594000,0.0003,111704.578125,132.02166748046875,-0.9025074243545532,97378608.0,31218.037109375,584001,40000.0,-27750645.04625829,,,,,,,
-4.7730689525604175,-0.08334990047248667,0.1570603612463465,-0.18044714598075798,0.0,62.86195103388889,82.44199511174484,21,28238,596000,0.0003,101734.859375,129.2335662841797,0.5792707204818726,146211904.0,41824.875,586001,40000.0,-27750645.04625829,,,,,,,
14.07384404373169,0.36388948443947544,0.24522099041940737,-0.16466646072166138,0.0,226.7713058868575,159.89475208534202,21,28313,598000,0.0003,69571.671875,210.05274963378906,0.34079188108444214,161963728.0,57583.578125,588001,40000.0,-27750645.04625829,,,,,,,
4.413261472702022,0.18695411667925352,-0.1568960592574368,-0.34892204969726265,0.0,329.632797521422,597.473802417713,,,600000,0.0003,32788.0078125,185.00108337402344,0.01790681481361389,176343840.0,73918.7109375,590000,,,0.0,0.0,40000.0,-49918.202243778214,4137.394027900922,0.0,0.0
,,,,,,,20,29552,600000,0.0003,27373.166015625,184.973388671875,0.49888744950294495,134479440.0,40316.98046875,590001,40000.0,-26563927.360733334,,,,,,,
10.132604507446288,0.5605200135087371,0.5224633280847994,-0.6813734485490983,0.0,1048.456285556314,-264.4347078757229,20,29627,602000,0.0003,20245.216796875,178.46482849121094,0.26088619232177734,116937384.0,43278.5703125,592001,40000.0,-26563927.360733334,,,,,,,
1.2794654102325491,-0.25051336939617774,0.8881939201689133,-0.25580514713692915,0.0,1061.185937365783,737.356744515138,20,29703,604000,0.0003,2207.27880859375,226.4805145263672,-0.5924677848815918,152748176.0,50751.1875,594001,40000.0,-26563927.360733334,,,,,,,
19.440282356262216,0.4169213392658149,0.20736319302038445,0.22723135543772927,0.0,2125.1009145398216,622.2100576185763,20,29779,606000,0.0003,-54016.234375,316.50665283203125,-0.39760494232177734,197401760.0,48020.7421875,596001,40000.0,-26563927.360733334,,,,,,,
29.058218732833847,0.3606246146572894,0.14607056208865768,0.48067566835148023,0.0,2179.917775515569,1162.6114734642604,20,29855,608000,0.0003,-275286.28125,751.7175903320312,-5.680551052093506,336316160.0,64626.3515625,598001,40000.0,-26563927.360733334,,,,,,,
45.81488373374937,0.453601780652357,0.0030881882699754257,0.9127621810062739,0.0,3122.787398803745,1147.1398564116425,20,29931,610000,0.0003,-1301720.75,1767.4085693359375,-13.588460922241211,10387693568.0,261687.4375,600001,40000.0,-26563927.360733334,,,,,,,
54.33930392074587,0.45782388633051624,-0.1961672807232236,1.1095635126369725,0.0,4251.2224642115225,-398.7890049615308,20,30008,612000,0.0003,-3032094.75,3433.66064453125,-15.133207321166992,61822169088.0,1273054.5,602001,40000.0,-26563927.360733334,,,,,,,
44.10609903526307,0.05260669870803851,3.0077927499948265,6.870003559910205,0.0,130792.3381580216,853849.304773864,20,30084,614000,0.0003,-5269993.0,6306.8916015625,-16.893646240234375,283579351040.0,2306146.25,604001,40000.0,-26563927.360733334,,,,,,,
60.84825592994691,0.000519254780950666,23.662041979433177,82.99490659210605,0.0,10548905.505504105,30769824.723898735,20,30161,616000,0.0003,-7067897.5,10831.4560546875,-12.098381996154785,362049961984.0,1997571.875,606001,40000.0,-26563927.360733334,,,,,,,
-21.81783074951171,-0.007097343168593478,36.30826705433274,176.5322419533231,0.0,40511717.222582884,-13616796.261737145,20,30237,618000,0.0003,-7326419.0,15843.59765625,-3.529181480407715,5212595027968.0,6250991.0,608001,40000.0,-26563927.360733334,,,,,,,
-62.054147134780884,0.011890139219645615,17.173759814390372,48.325109307725285,0.0,7629108.161559736,-13593610.85052681,20,30314,620000,0.0003,-3588741.0,12129.244140625,1.9855014085769653,12805965086720.0,65900504.0,610001,40000.0,-26563927.360733334,,,,,,,
-60.61970834159851,0.12158343327038683,-8.114833871484617,19.475717267999052,0.0,4914497.150748134,2909732.0176305426,20,30391,622000,0.0003,-5692764.0,16164.9775390625,1.783834457397461,11166911823872.0,25954620.0,612001,40000.0,-26563927.360733334,,,,,,,
-60.08666069030762,-0.0037680054019186013,-30.604128441517553,131.76965932304648,0.0,26649787.234010488,56607298.41972512,20,30467,624000,0.0003,-4853832.0,25232.115234375,-1.5885214805603027,80385211891712.0,121141056.0,614001,40000.0,-26563927.360733334,,,,,,,
-58.989015899658206,0.0010472610920745527,-52.039788103109274,362.42490747453644,0.0,167418411.66884342,255237835.16790456,20,30544,626000,0.0003,2725582.25,32130.671875,1.4994869232177734,439994166542336.0,195943104.0,616001,40000.0,-26563927.360733334,,,,,,,
-28.78971576690671,-0.0022303563899463215,-71.27971661055446,671.551225173593,0.0,553081860.6250567,296236466.85026306,20,30620,628000,0.0003,2389906.75,16545.130859375,-0.6184937953948975,1.3258266616266752e+16,548274624.0,618001,40000.0,-26563927.360733334,,,,,,,
64.0,-0.003980305424908837,-61.58207117165416,505.21608955476717,0.0,330296089.05530685,-449537173.2912909,20,30696,630000,0.0003,19211046.0,23013.068359375,-1.9917718172073364,9966519928750080.0,590580288.0,620001,40000.0,-26563927.360733334,,,,,,,
64.0,0.0040233158924447435,-38.58164014210759,204.26048129336556,0.0,73321875.955909,-112081469.01073469,20,30772,632000,0.0003,49754612.0,33039.91796875,-1.8946107625961304,3.599680810254336e+16,1375015552.0,622001,40000.0,-26563927.360733334,,,,,,,
61.69943719482422,-0.007217348785053507,-15.968234820170935,41.29083568058336,0.0,26411251.835768577,-8382606.189455661,20,30849,634000,0.0003,37063020.0,46589.4453125,-0.1553223729133606,5.490512674527642e+16,1639856000.0,624001,40000.0,-26563927.360733334,,,,,,,
-47.90951375198363,-0.18652958699722244,0.8088546137763931,4.470280770028103,0.0,24769976.34179956,-243673.91199358754,20,30926,636000,0.0003,45450120.0,44851.40234375,-2.293712854385376,5.383047438820966e+16,3132208128.0,626001,40000.0,-26563927.360733334,,,,,,,
-37.399303392410395,-0.06933314085275126,0.02546546488120491,3.9033890311549495,0.0,24742550.253586143,-7066.754089137715,20,31003,638000,0.0003,57792568.0,38150.984375,1.4763391017913818,8.229939023183872e+16,2702893312.0,628001,40000.0,-26563927.360733334,,,,,,,
-36.426516515731855,-0.19762855335537383,-0.2111747745952519,4.097909791727544,0.0,24767208.11518054,68303.44697492111,20,31080,640000,0.0003,89670288.0,33301.0859375,-1.587780475616455,1736872694906880.0,546204544.0,630001,40000.0,-164425881198.75275,,,,,,,
-5.9119290122985815,-0.3147843345637942,-0.37395921665796816,-0.9122661999074735,0.0,1097.4562787327216,-261.87743523911206,20,31156,642000,0.0003,151300064.0,33209.3359375,-0.375018835067749,1.0274199574675456e+16,1715122944.0,632001,40000.0,-164425881198.75275,,,,,,,
-8.576457418441779,-0.6715697181773316,-0.16539976746750734,-0.7474212857825167,0.0,820.4109644263837,-152.23283428126643,20,31232,644000,0.0003,204869568.0,30751.89453125,0.8804910182952881,654747765833728.0,313425184.0,634001,40000.0,-164425881198.75275,,,,,,,
-8.602736911773713,-0.8409032334186091,-0.016427047715048052,-0.6498057569552316,0.0,725.0464248362338,-20.15513594304218,20,31308,646000,0.0003,172972352.0,29895.259765625,2.5351226329803467,5805762844557312.0,1237246464.0,636001,40000.0,-164425881198.75275,,,,,,,
-10.347597282409657,-0.83205777550354,-0.08461992670024483,-0.6498174181537217,0.0,724.706765063832,-54.0688244867356,20,31384,648000,0.0003,141683632.0,27577.8359375,0.8917731642723083,5.793921877420278e+17,7850741760.0,638001,40000.0,-164425881198.75275,,,,,,,
-7.053520259857176,-0.8348468338972925,0.14186150722612004,-0.6363411261180041,0.0,711.1477951364897,55.66379819804501,20,31460,650000,0.0003,172119024.0,28685.24609375,0.11160436272621155,625457162616832.0,156850288.0,640001,40000.0,-164425881198.75275,,,,,,,
-10.739270269393929,-0.7854107651883342,-0.07464068942078297,-0.6477925689850107,0.0,695.2034821124242,-76.56633350165102,20,31536,652000,0.0003,330766176.0,29722.64453125,1.4710713624954224,3.364570864497459e+17,5568600064.0,642001,40000.0,-164425881198.75275,,,,,,,
-10.228745601654044,-0.7597204347557714,0.0842834804334689,-0.6617822341253324,0.0,705.4144350855405,64.9832100021339,20,31612,654000,0.0003,48426448.0,29938.3984375,-0.49896830320358276,331954733973504.0,97185640.0,644001,40000.0,-164425881198.75275,,,,,,,
-13.466540042877197,-0.8087354274705273,-0.1735715099033869,-0.6147147467271037,0.0,671.4420137997404,-117.02499096523027,20,31689,656000,0.0003,219015040.0,30644.9765625,0.3953832685947418,1.8850614898117837e+17,4441801728.0,646001,40000.0,-164425881198.75275,,,,,,,
-18.278950719833357,0.19037159364831546,-1.7565812498897313,0.47240565069497376,0.0,3671.869926732086,16236.00934965236,20,31765,658000,0.0003,507204992.0,31825.12890625,-0.7023407220840454,8.073089909910405e+17,8578293760.0,648001,40000.0,-164425881198.75275,,,,,,,
6.7609127178192105,-0.2730206478570015,-2.1086187271068693,0.7282047551118003,0.0,14452.898658256156,-3354.772212359394,20,31841,660000,0.0003,327308448.0,32330.279296875,-1.0181454420089722,1.8896662101491712e+17,4615145984.0,650001,40000.0,-164425881198.75275,,,,,,,
0.1328662128448454,-0.3621054613936257,0.48934705446283794,-0.39039233803700013,0.0,12550.142592007487,-2293.875663293255,20,31918,662000,0.0003,231979824.0,33385.54296875,1.3284491300582886,4.253170392262246e+16,1847931776.0,652001,40000.0,-164425881198.75275,,,,,,,
3.9436731777191176,0.5175256550264746,0.4425858483053816,-0.2364416224622456,0.0,9261.91041558924,-2641.4165041193087,20,31994,664000,0.0003,494448864.0,33961.29296875,-0.09904448688030243,4.233091591952138e+17,6432141824.0,654001,40000.0,-164425881198.75275,,,,,,,
4.41604619598388,0.21574582776872775,0.6743318627168584,0.012923852573339443,0.0,7796.615903152566,-2415.54271420389,20,32070,666000,0.0003,98210048.0,34608.07421875,-0.11621980369091034,2.6961950976403046e+17,4014686464.0,656001,40000.0,-164425881198.75275,,,,,,,
0.1704919490814193,0.1454190834997963,0.32834161213396396,-0.39953302068124225,0.0,4793.68242860639,-1218.7206231747114,20,32147,668000,0.0003,293588352.0,35614.796875,-0.46076685190200806,3.163751250437079e+17,4107666176.0,658001,40000.0,-164425881198.75275,,,,,,,
0.690515933990488,-0.012820481416045386,-2.4895275501137286,0.7889217949473664,0.0,15818.388962133293,13077.298561988418,20,32222,670000,0.0003,408776640.0,36678.9140625,0.27844375371932983,2.8303872276352205e+17,4524079104.0,660001,40000.0,-164425881198.75275,,,,,,,
12.639343801498415,0.5694184384586961,0.05246935708224449,-0.7915737171385454,0.0,17461.249170670697,-508.33619102845313,20,32298,672000,0.0003,421528416.0,37494.1953125,-0.5450915098190308,4.763922061947044e+17,8067148288.0,662001,40000.0,-164425881198.75275,,,,,,,
11.305604581832892,0.16266391313806194,1.0326329105556833,-0.33391965330302614,0.0,14831.195422326378,-6030.906681427513,20,32374,674000,0.0003,154306096.0,39263.01171875,0.9068396091461182,4.991696031763661e+16,2440075264.0,664001,40000.0,-164425881198.75275,,,,,,,
51.140131181716924,0.6019967180987074,0.2738658410453667,0.5982630889101628,0.0,9613.494604055835,-1445.915613144743,20,32450,676000,0.0003,373847872.0,40021.640625,0.04840800166130066,3.784895605537505e+17,3921815552.0,666001,40000.0,-164425881198.75275,,,,,,,
20.443258468627896,0.20943327750584956,0.8435566603648409,0.49190263658808653,0.0,8796.733156321801,-3637.88569887347,20,32525,678000,0.0003,358962016.0,41508.23046875,-0.2002095878124237,3.288200161221673e+17,5873632768.0,668001,40000.0,-164425881198.75275,,,,,,,
32.779324632644666,0.29691866000500217,0.5009518094347849,0.6025542898972854,0.0,4904.17834203422,-815.1827481333108,20,32601,680000,0.0003,360238880.0,43210.8203125,-0.7432628870010376,2.741351868394373e+17,6517632000.0,670001,40000.0,-154769076797.38388,,,,,,,
23.826971981048583,0.1296719404075667,1.4398488757444035,-0.10754145666714489,0.0,5636.393913920394,102168.18320342418,20,32677,682000,0.0003,399284160.0,46175.19921875,-1.4200012683868408,1.265520789600338e+17,3315392256.0,672001,40000.0,-154769076797.38388,,,,,,,
61.0009711112976,0.012000783784569667,17.954013828106675,46.73070055213575,0.0,3908422.085326203,14838432.347554674,20,32753,684000,0.0003,231581968.0,49541.78125,0.5670480728149414,1.997119935343493e+17,3662590976.0,674001,40000.0,-154769076797.38388,,,,,,,
60.9720627822876,0.003208513990039955,39.61561464200315,210.91383567399967,0.0,60193069.65462071,124722444.92237975,20,32831,686000,0.0003,306751424.0,51383.1171875,0.7637184858322144,1.9698680672026624e+16,685159616.0,676001,40000.0,-154769076797.38388,,,,,,,
60.94486684036255,0.0015673729653254821,61.22047371755387,498.0217939221492,0.0,316565248.94091916,431687330.0497365,20,32907,688000,0.0003,298595136.0,54145.04296875,0.2787250876426697,4.03419878612009e+16,1967083264.0,678001,40000.0,-154769076797.38388,,,,,,,
61.122106014251706,0.003445903693689893,82.62905051205487,897.3708758652651,0.0,1006227667.7069045,1055890286.5909638,20,32984,690000,0.0003,473401600.0,52485.4296875,-0.9643386602401733,6.480571012134994e+17,8489218048.0,680001,40000.0,-154769076797.38388,,,,,,,
60.761064197540286,-0.0013080589175099757,101.63869026650703,1355.235357134716,0.0,2271692345.4644256,1918316460.4921854,20,33060,692000,0.0003,662750400.0,47235.2421875,-0.5384202599525452,3.148740992572588e+18,10555719680.0,682001,40000.0,-154769076797.38388,,,,,,,
60.28435578918457,0.004329981772877372,115.88722859664281,1766.941388902749,0.0,3850741238.194806,2827390687.582824,20,33136,694000,0.0003,792636160.0,43528.09375,-0.013358205556869507,1.0511855491146056e+18,6719595520.0,684001,40000.0,-154769076797.38388,,,,,,,
59.46299105072021,-8.797621147424977e-05,124.29192999546999,2020.6929759006537,0.0,5061768505.131381,3433423134.478991,20,33213,696000,0.0003,966836160.0,41529.84765625,-0.810155987739563,1.6324581078985605e+18,11729336320.0,686001,40000.0,-154769076797.38388,,,,,,,
56.041795051574695,-6.349591881455485e-05,126.74095288113584,2110.158810125017,0.0,5590923518.649916,3475727694.2792754,20,33288,698000,0.0003,697979200.0,49178.75,-0.12946024537086487,9.7822570957882e+18,29662234624.0,688001,40000.0,-154769076797.38388,,,,,,,
-22.390103017806982,0.00016775306368935035,118.34238518996949,1837.70752325339,0.0,4467938129.020045,-674946173.1821996,,,700000,0.0003,708055552.0,82173.3671875,-4.117483139038086,3.8385847583218074e+18,18006718464.0,690000,,,0.0,0.0,40000.0,-43286.219173756865,1718.724006309027,0.0,0.0
,,,,,,,20,34535,700000,0.0003,1062297920.0,82194.0546875,-4.019314289093018,1.6694661299732218e+19,25937338368.0,690001,40000.0,-154769076797.38388,,,,,,,
-56.57328807830811,-0.003907251840360492,92.99465086044367,1140.7170956838404,0.0,2048666784.6834698,-1253251024.2659633,20,34611,702000,0.0003,1196285824.0,102243.2890625,1.9061731100082397,1.0629205405105914e+19,41165447168.0,692001,40000.0,-154769076797.38388,,,,,,,
-58.61534684753418,-0.0005599591523939215,71.26713633417533,670.5388688805328,0.0,1102629322.596918,-555692743.6509904,20,34686,704000,0.0003,1002034240.0,111279.3125,-0.7008394598960876,1.492562295694295e+17,4144898048.0,694001,40000.0,-154769076797.38388,,,,,,,
-60.07848517799376,0.00521472231709026,49.85156299398753,330.00068108001074,0.0,758252850.8545822,-169980002.68253127,20,34762,706000,0.0003,1804484736.0,126419.8828125,-0.7324345111846924,3.406729466329065e+19,51987615744.0,696001,40000.0,-154769076797.38388,,,,,,,
-60.22339347648621,-0.008746192385770913,28.345268323263998,109.89102229288666,0.0,686165108.7478911,-8778048.224200184,20,34837,708000,0.0003,2222786560.0,142934.671875,-0.3779706656932831,4.473553053215936e+19,52741779456.0,698001,40000.0,-154769076797.38388,,,,,,,
-60.583868104934695,0.12639417710156264,6.556791277853541,10.770551300715201,0.0,692328888.6844144,6539364.825421663,20,34913,710000,0.0003,5730874368.0,158666.34375,-1.4575265645980835,4.798276660098184e+19,46874148864.0,700001,40000.0,-154769076797.38388,,,,,,,
-60.56216236114502,-0.021560551022287013,-15.313425585830435,35.61662999609555,0.0,688572550.6321137,-10489872.226168558,20,34989,712000,0.0003,2559298048.0,172193.578125,-0.0046964287757873535,2.1955707890407834e+19,44924362752.0,702001,40000.0,-154769076797.38388,,,,,,,
-60.93872177886963,0.0009398693305727893,-36.989741556534526,184.31491033832825,0.0,697784087.64471,51471783.79394391,20,35065,714000,0.0003,7648372736.0,189942.578125,-2.1820592880249023,7.628732730905199e+19,61421944832.0,704001,40000.0,-154769076797.38388,,,,,,,
-61.012015184402465,0.003040526735430044,-58.653880442325004,456.4357886980821,0.0,854243977.2267952,306981583.8360674,20,35141,716000,0.0003,5277752320.0,201357.125,-0.41421324014663696,3.5158379633951375e+18,16928068608.0,706001,40000.0,-154769076797.38388,,,,,,,
-61.22929737472534,-0.0009362574129165773,-79.99765276827571,844.3761524793875,0.0,1387014071.6200712,846552349.263893,20,35217,718000,0.0003,3877262592.0,214074.078125,1.1477077007293701,5.533824870215215e+19,69040783360.0,708001,40000.0,-154769076797.38388,,,,,,,
-61.24820581245422,0.0011219115475681037,-99.69912246604267,1304.8043658675083,0.0,2481266458.133501,1702572520.1209164,20,35292,720000,0.0003,4743972864.0,229549.71875,-1.2847280502319336,1.551808930001191e+19,39045177344.0,710001,40000.0,-3926936114982.731,,,,,,,
-7.67249647331238,-0.3397981171754542,-0.43101192047725645,-0.849321811319085,0.0,991.1727652735699,-351.59091402569857,20,35368,722000,0.0003,4613262336.0,240462.828125,-0.9101728200912476,2.893352973766964e+19,56480976896.0,712001,40000.0,-3926936114982.731,,,,,,,
-2.6689739093780505,-0.8012322049585737,-0.15346885401576482,-0.6233629243852965,0.0,679.0573939928416,-40.77785081237618,20,35444,724000,0.0003,9325114368.0,252024.75,0.21611179411411285,2.358634960509731e+19,43133419520.0,714001,40000.0,-3926936114982.731,,,,,,,
-11.751158666610717,-0.7704231060768073,0.07817063838391859,-0.6726440559341544,0.0,727.7111845444501,67.10802744963367,20,35521,726000,0.0003,4715702784.0,265384.125,1.3965436220169067,2.0138166791182483e+19,30801745920.0,716001,40000.0,-3926936114982.731,,,,,,,
-9.747303716659554,-0.4953472336025333,-0.26414008244091136,-0.5948096421582181,0.0,699.6616230992727,28.99147923540752,20,35597,728000,0.0003,4495828480.0,279745.21875,0.11114639043807983,6.879407640092135e+19,85026258944.0,718001,40000.0,-3926936114982.731,,,,,,,
12.840029912948612,0.6334298427417011,-0.2481942180327979,-0.71341176310801,0.0,1221.7340045686374,694.1125497848302,20,35673,730000,0.0003,4568039424.0,287503.34375,-0.44332027435302734,2.7743300704020726e+18,18496878592.0,720001,40000.0,-3926936114982.731,,,,,,,
11.610771081924435,0.6581322027242315,0.21962769294287726,-0.7041465941627437,0.0,1168.1471373279383,-637.7694062776042,20,35749,732000,0.0003,5550665216.0,299616.90625,0.08960092067718506,1.1913878749241252e+20,99786850304.0,722001,40000.0,-3926936114982.731,,,,,,,
-3.9285899105072035,0.9243725599348668,0.04108811511163259,-0.5741688853999626,0.0,754.0916754743328,-55.363588228896056,20,35825,734000,0.0003,6106999296.0,307534.0625,1.9302313327789307,8.479748573538707e+19,77098090496.0,724001,40000.0,-3926936114982.731,,,,,,,
10.195552745819096,0.6706937739518962,-0.2719103876725109,-0.6825581464397649,0.0,1136.9766041788168,714.9212563738809,20,35901,736000,0.0003,9192986624.0,317545.96875,-0.9153353571891785,2.8063151935075647e+19,45493039104.0,726001,40000.0,-3926936114982.731,,,,,,,
12.360824123382569,0.5848107014060886,0.18929090520915073,-0.7458733263433679,0.0,1302.0641691035391,-585.6100931731723,20,35977,738000,0.0003,9398917120.0,329851.5625,-0.25897467136383057,2.2143005298152964e+19,38973050880.0,728001,40000.0,-3926936114982.731,,,,,,,
-4.416708749771121,-0.021852313799429333,0.2333327598453503,-0.5576169924591579,0.0,716.4157012899317,-198.50798729635508,20,36053,740000,0.0003,8801423360.0,334616.15625,-1.7774523496627808,1.6959097804454206e+20,104854011904.0,730001,40000.0,-3926936114982.731,,,,,,,
-9.929424602508549,-0.4062613450446716,-0.18875402568786637,-0.5720706920080062,0.0,697.6718463591193,96.12318709173567,20,36129,742000,0.0003,11326208000.0,342030.03125,0.6040583848953247,1.9498053111723852e+20,113505468416.0,732001,40000.0,-3926936114982.731,,,,,,,
11.781287452697754,0.5569442166200812,-0.29774622583683874,-0.7144455787457628,0.0,1305.031781523994,828.4687566293194,20,36205,744000,0.0003,12942348288.0,350932.65625,-0.589862585067749,5.216277555825135e+19,70227689472.0,734001,40000.0,-3926936114982.731,,,,,,,
12.130380025863651,0.5196016638469101,0.23078741925557592,-0.748394519739889,0.0,1374.6090327476336,-722.8168084483012,20,36281,746000,0.0003,10450806784.0,363435.5,-2.577498197555542,9.573813660515356e+19,68294053888.0,736001,40000.0,-3926936114982.731,,,,,,,
-6.30276931571961,-0.05015843474647705,0.2579192269341464,-0.5319436648425867,0.0,693.1358918184452,-203.88583562274417,20,36357,748000,0.0003,5480163840.0,373589.03125,2.069408893585205,6.925719949463362e+19,83135643648.0,738001,40000.0,-3926936114982.731,,,,,,,
-5.358217588424697,0.027994316533334562,-0.3658028099386472,-0.5203633520247033,0.0,748.5414895694164,462.09254733284484,20,36433,750000,0.0003,8741839872.0,378370.40625,-2.021303176879883,1.1192134467806298e+19,23863554048.0,740001,40000.0,-3926936114982.731,,,,,,,
9.422536405563347,0.33257159049050383,-0.24419044500054476,-0.8010713870820638,0.0,1655.2974634687482,747.9763370991649,20,36509,752000,0.0003,6972025856.0,394166.65625,1.3872748613357544,3.553606187809243e+19,50994720768.0,742001,40000.0,-3926936114982.731,,,,,,,
11.84272227859496,0.4399987981357879,0.34526731197553756,-0.7193543174774654,0.0,1432.1286281301454,-1028.548973622429,20,36585,754000,0.0003,11604411392.0,399058.0,-1.287732720375061,7.70986965216065e+19,84976459776.0,744001,40000.0,-3926936114982.731,,,,,,,
-9.976895700454717,-0.12927108253779668,0.2480554052196665,-0.4959324221189096,0.0,651.5593911072554,-165.326545509142,20,36662,756000,0.0003,9702577152.0,405894.625,0.056562334299087524,1.490924749046583e+20,96361668608.0,746001,40000.0,-3926936114982.731,,,,,,,
0.16820612716674072,0.3269312593890486,-0.4874232347975326,-0.4873875134488738,0.0,861.4276375659362,803.1120595598387,20,36738,758000,0.0003,8970726400.0,416245.5625,-1.3337987661361694,1.9484290744581305e+20,108691939328.0,748001,40000.0,-3926936114982.731,,,,,,,
6.196931976318357,0.1734305713436285,-0.16220999640916725,-0.8117594396076498,0.0,1831.4386060745499,563.2199279930912,20,36813,760000,0.0003,13899754496.0,424454.875,-2.0218799114227295,5.1978075196971024e+19,72467259392.0,750001,40000.0,-3720257440286.1685,,,,,,,
-7.102250637054444,-0.3486455651171002,-0.41846391085293777,-0.8813485330154966,0.0,1054.914334004342,-304.446350005146,20,36889,762000,0.0003,8862130176.0,436836.0625,-1.2087243795394897,2.3023414605034134e+20,125104168960.0,752001,40000.0,-3720257440286.1685,,,,,,,
-5.906123216629025,-0.7604123531526183,-0.14158235316913878,-0.6794888251033561,0.0,743.2316457017723,-97.04150046985112,20,36965,764000,0.0003,8741638144.0,445691.5625,2.2655844688415527,2.4483606068943913e+19,36571148288.0,754001,40000.0,-3720257440286.1685,,,,,,,
-11.146102750778201,-0.7881675594358755,0.019924369615361634,-0.6783143893074087,0.0,740.8618714559868,15.094571334085575,20,37041,766000,0.0003,8863203328.0,455265.03125,1.2413944005966187,1.2803909662474764e+20,90884751360.0,756001,40000.0,-3720257440286.1685,,,,,,,
-8.386489021301257,-0.479048237517991,-0.2132568258781516,-0.5988269108404837,0.0,705.3343905158983,19.86675661684655,20,37119,768000,0.0003,17516800000.0,465411.09375,-0.7254555821418762,1.1068058758755962e+20,66144448512.0,758001,40000.0,-3720257440286.1685,,,,,,,
10.761057012557977,0.6323820716640536,-0.31633681050419343,-0.7154988976552074,0.0,1242.9025839682956,877.7560385736379,20,37195,770000,0.0003,13072293888.0,474485.5,1.0677504539489746,9.56461470643273e+19,66811662336.0,760001,40000.0,-3720257440286.1685,,,,,,,
10.590295804977403,0.5067506021062297,0.16353471378054213,-0.8154972306349891,0.0,1493.528297115943,-494.04380404631445,20,37270,772000,0.0003,12492138496.0,482479.0625,-2.084893226623535,7.152383831724733e+19,49384005632.0,762001,40000.0,-3720257440286.1685,,,,,,,
2.9125897789001405,0.822121354494129,0.11898311955027145,-0.6269000462502543,0.0,904.970370345493,-271.91188401345624,20,37346,774000,0.0003,6899995648.0,496404.625,0.6761173605918884,4.767421395141394e+18,22625619968.0,764001,40000.0,-3720257440286.1685,,,,,,,
9.822576227188113,0.6995338719788786,-0.2038207752681413,-0.7032146783607531,0.0,1128.2482713495351,561.554086318494,20,37422,776000,0.0003,9602482176.0,501753.40625,-0.8644160628318787,4.815958126486775e+19,45652541440.0,766001,40000.0,-3720257440286.1685,,,,,,,
12.322621599197385,0.6234789959061918,0.16937593614215812,-0.7531343580709842,0.0,1277.604420737373,-499.27314008681634,20,37497,778000,0.0003,7238391808.0,510113.90625,-2.827739953994751,6.301428682133078e+18,15045896192.0,768001,40000.0,-3720257440286.1685,,,,,,,
-2.6647465877533016,-0.07454988589682904,0.24500139181391425,-0.5802835956057499,0.0,732.7175019026928,-212.92195188536223,20,37573,780000,0.0003,14755156992.0,521285.90625,-0.9420067667961121,1.4833112027702808e+20,100389969920.0,770001,40000.0,-3720257440286.1685,,,,,,,
-12.567992605209351,-0.8153172066587444,-0.01585869360776563,-0.6576161864422687,0.0,723.4737803135563,-12.785815851806978,20,37648,782000,0.0003,11917058048.0,531895.9375,-0.7632592916488647,8.98113643111619e+19,80613892096.0,772001,40000.0,-3720257440286.1685,,,,,,,
-0.28549992561340737,0.10552727913730328,-0.27773327406620657,-0.5759958175677894,0.0,764.2576672365421,349.8966467748161,20,37724,784000,0.0003,13027716096.0,536352.0,0.3887922763824463,1.3921147616713769e+19,25861599232.0,774001,40000.0,-3720257440286.1685,,,,,,,
12.681199964523314,0.6022614508005085,-0.08662502624421371,-0.7670207602521545,0.0,1311.2195964963385,268.2593029770774,20,37799,786000,0.0003,14832894976.0,549219.9375,-3.1746115684509277,1.3461041143103462e+20,120811831296.0,776001,40000.0,-3720257440286.1685,,,,,,,
7.250259794235218,0.4589726987969172,0.3349298607637404,-0.6015273797129137,0.0,901.656605148012,-659.3254324040108,20,37876,788000,0.0003,9880743936.0,560353.625,0.10691416263580322,8.836667640100841e+19,77302841344.0,778001,40000.0,-3720257440286.1685,,,,,,,
-13.635003210067746,-0.7842819332300953,0.09791527502114596,-0.6566251590697746,0.0,715.6131493629159,79.45914725798664,20,37952,790000,0.0003,15406390272.0,569284.875,-2.394212007522583,1.6868188423851082e+20,97797693440.0,780001,40000.0,-3720257440286.1685,,,,,,,
-6.001109394073493,-0.3081766659173082,-0.26759259358171555,-0.5765099097022165,0.0,696.5262518758244,116.31988923718478,20,38029,792000,0.0003,11789901824.0,586653.375,-0.8073549866676331,4.767593248808816e+19,69704351744.0,782001,40000.0,-3720257440286.1685,,,,,,,
13.713611351013183,0.6938804759321519,-0.11817447757205439,-0.7080798426186937,0.0,1136.3696230046928,338.19293417970954,20,38105,794000,0.0003,15969421312.0,591347.5625,-0.9774413108825684,1.9175101037976276e+20,148864843776.0,784001,40000.0,-3720257440286.1685,,,,,,,
5.2640569171905405,0.2482659979288019,0.3502352715089443,-0.5661068383450066,0.0,805.6027221655048,-545.3675433301806,20,38182,796000,0.0003,8240396800.0,599367.3125,0.41873931884765625,2.916291864954929e+19,47315505152.0,786001,40000.0,-3720257440286.1685,,,,,,,
-14.649515182495117,-0.7191896005644334,0.04495328833820621,-0.6751786321563475,0.0,714.9052512073405,56.87592773316589,20,38258,798000,0.0003,8447906304.0,598541.875,2.4184818267822266,3.455390332537222e+19,40031047680.0,788001,40000.0,-3720257440286.1685,,,,,,,
-0.28709124946596776,0.024680410229909692,-0.41531529904715575,-0.5390853459820473,0.0,762.1191973953208,506.5838361962409,,,800000,0.0003,17426186240.0,606122.5625,1.727414608001709,2.1137460133109957e+19,47244627968.0,790000,,,0.0,0.0,40000.0,-42764.71892473208,605.1030858274346,0.0,0.0
,,,,,,,20,39505,800000,0.0003,8219520512.0,606139.875,-0.6735876202583313,8.003195605000126e+19,75183546368.0,790001,40000.0,-3534246423877.6133,,,,,,,
-10.043967678070072,-0.39728468976574743,-0.4998204918461366,-0.7764055332206007,0.0,899.726781035101,-460.8839489200836,20,39580,802000,0.0003,12090009600.0,617876.25,0.3812530040740967,7.83146156444384e+19,50576998400.0,792001,40000.0,-3534246423877.6133,,,,,,,
7.757296442031859,0.18161986245315082,-0.3474107478232391,-0.548216560615248,0.0,756.1224796436279,458.5663210735811,20,39656,804000,0.0003,12133596160.0,627426.875,0.17728736996650696,1.0038370517390249e+20,85760311296.0,794001,40000.0,-3534246423877.6133,,,,,,,
9.985759651184082,0.4134450079587048,0.24950075869039218,-0.584310583042376,0.0,817.4612924370399,-447.6617666364199,20,39731,806000,0.0003,13806507008.0,633925.0,0.25415828824043274,9.999176886101895e+19,94595284992.0,796001,40000.0,-3534246423877.6133,,,,,,,
-14.149518899917602,-0.7129854539914418,0.14329882815419728,-0.6526704765892009,0.0,685.6893750433154,150.93322305091513,20,39806,808000,0.0003,20605571072.0,651673.875,0.3918401896953583,1.423672284704827e+20,99464208384.0,798001,40000.0,-3534246423877.6133,,,,,,,
-6.846540187835686,-0.2708501794564522,-0.43358484342138565,-0.5216780906674381,0.0,686.0602713423472,305.4871394982892,20,39881,810000,0.0003,17472681984.0,655938.125,0.015491828322410583,3.3618224207790657e+20,151715921920.0,800001,40000.0,-3534246423877.6133,,,,,,,
13.590070859909064,0.5582959980240124,-0.06957249360630907,-0.7613434678368657,0.0,1348.7599896177549,231.20046476129733,20,39957,812000,0.0003,10613166080.0,667766.9375,1.7124541997909546,5.827862866784839e+19,56253825024.0,802001,40000.0,-3534246423877.6133,,,,,,,
1.2920313243865849,0.09454787570808738,0.45128286787503646,-0.5119687203569119,0.0,758.0071604565741,-592.6424749101787,20,40032,814000,0.0003,13909911552.0,684619.0625,0.6606243848800659,4.178917362125452e+19,47914790912.0,804001,40000.0,-3534246423877.6133,,,,,,,
-15.907640329360964,-0.7284815748315986,-0.09664630119579463,-0.6386383410908946,0.0,672.8551008460449,-107.36231121594845,20,40108,816000,0.0003,20498065408.0,693961.3125,-0.6141285300254822,1.5096150393438916e+20,138710466560.0,806001,40000.0,-3534246423877.6133,,,,,,,
9.976069005966169,0.42630484346989866,-0.40362942795885426,-0.5875881311476265,0.0,1001.4771039736146,859.6319439968329,20,40184,818000,0.0003,9844081664.0,693661.5625,-0.5365599393844604,7.762023446907925e+19,72977711104.0,808001,40000.0,-3534246423877.6133,,,,,,,
13.532102504730224,0.6642608229175647,0.3294537378405005,-0.6334934969145642,0.0,1087.1365145389025,-848.2807614466006,20,40260,820000,0.0003,12011281408.0,708268.9375,3.1082603931427,1.5048609269872486e+20,134907191296.0,810001,40000.0,-3534246423877.6133,,,,,,,
-15.632014308929424,-0.759509612606526,0.1871197412073127,-0.5985309764693914,0.0,650.7704882377176,122.65832575442107,20,40336,822000,0.0003,12915400704.0,706205.6875,1.7792935371398926,6.830357546767745e+19,73314746368.0,812001,40000.0,-3534246423877.6133,,,,,,,
-3.5122994556427036,-0.07439752828463848,-0.5325709339638699,-0.4994905426310665,0.0,782.5209289969823,753.0818954376577,20,40412,824000,0.0003,18417385472.0,716608.875,-1.0544860363006592,1.8201695477422463e+20,92315328512.0,814001,40000.0,-3534246423877.6133,,,,,,,
7.723595775604251,0.2835151900826661,-0.21528148896623012,-0.886034300044833,0.0,1866.039392809601,638.1489933779673,20,40489,826000,0.0003,11020871680.0,723320.5,1.1199355125427246,1.2671521865420767e+19,25536583680.0,816001,40000.0,-3534246423877.6133,,,,,,,
5.108037805557249,0.28741152935676395,0.10124705593508998,-0.8956199735390096,0.0,1856.4098672557516,-230.507601101148,20,40565,828000,0.0003,15667405824.0,737566.3125,1.9560292959213257,2.104014895600527e+20,145396744192.0,818001,40000.0,-3534246423877.6133,,,,,,,
2.6274027576446524,0.20174675035670106,-0.22775742504854712,-0.9011883803343415,0.0,1977.7903071946412,597.7351503492989,20,40641,830000,0.0003,10324588544.0,741818.5625,1.1132175922393799,1.0761805188001746e+20,92331704320.0,820001,40000.0,-3534246423877.6133,,,,,,,
-0.27284515762329126,-0.08921579698043626,-0.037702798170131425,-0.9289797750220662,0.0,2367.682577894381,229.58033932368892,20,40717,832000,0.0003,7375613440.0,752911.5,-2.3000130653381348,2.932038630683286e+20,153547423744.0,822001,40000.0,-3534246423877.6133,,,,,,,
1.9492029933929478,0.13284227113976035,0.16953247551650716,-0.9101157617478189,0.0,2068.7148196457124,-220.74664778345993,20,40792,834000,0.0003,9610522624.0,757606.25,1.1801800727844238,1.1986445637065166e+20,115604758528.0,824001,40000.0,-3534246423877.6133,,,,,,,
-0.6416704940795894,0.033191664671513854,-0.26149844085616303,-0.8994997640482767,0.0,2171.818803239149,604.8923383461417,20,40868,836000,0.0003,22539311104.0,768099.0,-0.41108229756355286,1.9129764215321212e+20,111672729600.0,826001,40000.0,-3534246423877.6133,,,,,,,
-2.226190479278565,-0.26212755172121555,0.015432220728668155,-0.8579660289514721,0.0,2450.993543850931,16.892019055762844,20,40944,838000,0.0003,12362444800.0,780246.125,0.8115900158882141,1.7863390702913926e+20,140176556032.0,828001,40000.0,-3534246423877.6133,,,,,,,
0.7857506713867193,0.08665058065909553,0.2416364029784216,-0.8738804750753552,0.0,2060.5333511879207,-337.95359748440967,20,41020,840000,0.0003,13013760000.0,788156.3125,0.4912257790565491,1.312758653428737e+20,133354438656.0,830001,40000.0,-3365951543366.3125,,,,,,,
-6.525904012680054,-0.36409098941403284,-0.41114186679377634,-0.893661491949123,0.0,1085.8847986475391,-272.0295310710122,20,41096,842000,0.0003,22649630720.0,794850.9375,-1.0441246032714844,1.2876090401815003e+20,102956572672.0,832001,40000.0,-3365951543366.3125,,,,,,,
-9.552516666412362,-0.7839664017848047,-0.25580694726420783,-0.6694047495224885,0.0,756.7869543585747,-171.9580373934402,20,41172,844000,0.0003,19334191104.0,804891.0,-1.2292543649673462,2.0279801481026077e+19,31730180096.0,834001,40000.0,-3365951543366.3125,,,,,,,
4.162880722045902,0.5462665818006094,-0.5625371829983675,-0.618678357899131,0.0,1163.5370904209303,1253.8049912179808,20,41248,846000,0.0003,18625132544.0,810789.25,0.7245016098022461,7.322090372839401e+19,93374283776.0,836001,40000.0,-3365951543366.3125,,,,,,,
-0.3219527702331548,-0.11548741928447184,-0.3553201224847068,-0.8803391284533559,0.0,2345.6315022899075,697.185980286662,20,41325,848000,0.0003,20860733440.0,816023.0625,0.5670982003211975,2.591969535836354e+20,140226068480.0,838001,40000.0,-3365951543366.3125,,,,,,,
-3.425290300369263,-0.2029300565320235,0.147802683400192,-0.8967470138286742,0.0,2448.1646638453353,-75.32774250831987,20,41401,850000,0.0003,14928714752.0,821910.4375,0.21910274028778076,1.5153022412483304e+20,109538951168.0,840001,40000.0,-3365951543366.3125,,,,,,,
-6.881918468475344,-0.2365792757468118,-0.2658598493361611,-0.870734339486976,0.0,2462.567540186296,306.1958189431401,20,41477,852000,0.0003,22684647424.0,834377.625,-0.9133018851280212,9.955326603167583e+19,94244020224.0,842001,40000.0,-3365951543366.3125,,,,,,,
-3.0135158576965284,-0.3040451100028289,-0.503381329693649,-0.5144362792522673,0.0,2873.113062008362,1109.2192878723313,20,41554,854000,0.0003,13088623616.0,837129.0,2.9654970169067383,1.3492497730969482e+20,123267497984.0,844001,40000.0,-3365951543366.3125,,,,,,,
9.922288709640503,0.5023556297675064,-0.3547472172133102,-0.8255747117932836,0.0,4578.359291441878,1674.3984332165874,20,41630,856000,0.0003,20521484288.0,861601.1875,0.851020336151123,1.133426547719867e+20,73105244160.0,846001,40000.0,-3365951543366.3125,,,,,,,
-1.5454580745697,-0.03865482764436624,-0.443395070389922,-0.9591112742098951,0.0,6118.619305317048,1593.9473983748987,20,41707,858000,0.0003,14871592960.0,861571.625,-1.2773840427398682,3.8756210378453025e+19,62435790848.0,848001,40000.0,-3365951543366.3125,,,,,,,
-8.250657020568841,-0.24728662412001945,-0.6876364979936562,-0.5623129926729079,0.0,7657.6959774795,2610.2178130595025,20,41783,860000,0.0003,18926925824.0,871366.0,0.31203263998031616,1.6332935608138098e+20,132220944384.0,850001,40000.0,-3365951543366.3125,,,,,,,
-3.019912628173827,-0.10733644205923633,-0.8414320791009887,-0.6102087275088637,0.0,12064.876779490007,4085.982344621552,20,41859,862000,0.0003,13963218944.0,884851.6875,-0.6287435293197632,1.2466560143668439e+20,110174199808.0,852001,40000.0,-3365951543366.3125,,,,,,,
1.8587404727935786,-0.16971236106607274,-0.6637406923395075,-0.4225619012800412,0.0,15073.539928300113,5073.757323267662,20,41935,864000,0.0003,13549489152.0,889843.625,0.30828461050987244,1.3152702898302983e+20,107970863104.0,854001,40000.0,-3365951543366.3125,,,,,,,
-4.769759738922123,-0.3648656761933468,-0.8556165305507953,-0.6344604241822767,0.0,22051.214675013332,5263.685236729926,20,42013,866000,0.0003,12618232832.0,894447.375,-1.187373161315918,1.402749106193831e+20,73126559744.0,856001,40000.0,-3365951543366.3125,,,,,,,
2.5113987560272215,-0.08748316902226326,-0.8139200615390751,-0.4780738563552418,0.0,26336.40244700422,8272.148234164992,20,42089,868000,0.0003,21207388160.0,910868.375,-2.7417328357696533,1.814691692851736e+20,128982097920.0,858001,40000.0,-3365951543366.3125,,,,,,,
-9.773646045684792,-0.07708537243508191,-0.9820644720898827,-0.4774654241306265,0.0,35820.04770753738,8021.915085558679,20,42165,870000,0.0003,14838476800.0,921217.875,-3.6285107135772705,1.1433994700275161e+20,109559717888.0,860001,40000.0,-3365951543366.3125,,,,,,,
-4.904199113845831,-0.008131744482676133,-0.4696341829767482,0.020803985753875945,0.0,43801.33229449239,5952.254435038449,20,42241,872000,0.0003,11559989248.0,931610.3125,-0.1332082450389862,4.794833869289292e+19,57865326592.0,862001,40000.0,-3365951543366.3125,,,,,,,
-0.6506861648559588,-0.3184266465652491,-0.43141545695597083,0.10498708672615888,0.0,46418.035087934244,3811.8088961165436,20,42318,874000,0.0003,14811005952.0,941453.625,-2.5385565757751465,1.231909320434647e+19,32014876672.0,864001,40000.0,-3365951543366.3125,,,,,,,
1.6013427047729467,0.06401434506554064,2.097618061479691,1.1047302579004072,0.0,41513.31210658236,-19741.436701627244,20,42394,876000,0.0003,6376934912.0,959104.25,0.9259799122810364,2.153839133071801e+20,120032182272.0,866001,40000.0,-3365951543366.3125,,,,,,,
3.6142665042877176,-0.2822620678460861,-0.9288081439042932,-0.2568267505978522,0.0,33651.89774861553,7600.246550906485,20,42470,878000,0.0003,20279764992.0,959904.0,-0.18575775623321533,2.4073128031774206e+20,130338127872.0,868001,40000.0,-3365951543366.3125,,,,,,,
-6.316961868286126,0.642987884286047,-0.35015492956914585,-0.1934272918762863,0.0,39064.33542176483,3332.6735336254833,20,42546,880000,0.0003,14516727808.0,980608.875,1.0628855228424072,1.40392109762811e+19,31557838848.0,870001,40000.0,-3212985317336.424,,,,,,,
-5.896939525604246,-0.3201866156445804,-0.3263200913043924,-0.8786254463408515,0.0,1022.4671808073045,-121.22651153931544,20,42622,882000,0.0003,3038319104.0,986309.4375,1.5745528936386108,2.441536817830088e+19,40308015104.0,872001,40000.0,-3212985317336.424,,,,,,,
-13.5095107421875,-0.631199302737902,-0.2763723885304655,-0.6924604627586793,0.0,748.6968698253033,-323.5949325027111,20,42698,884000,0.0003,13687161856.0,1009808.8125,0.13699528574943542,3.679830122677928e+19,41692426240.0,874001,40000.0,-3212985317336.424,,,,,,,
10.022136259078984,0.39947678444833684,-0.5097886991041766,-0.6285440036761284,0.0,1177.1352791824436,1200.7508466768554,20,42774,886000,0.0003,15023836160.0,1011415.5,0.6285914182662964,4.085784329206314e+19,43691937792.0,876001,40000.0,-3212985317336.424,,,,,,,
12.810028512954709,0.624488286172194,0.4214844844664374,-0.6859108494108657,0.0,1256.6521898280532,-1154.0967795655317,20,42850,888000,0.0003,12605221888.0,1022848.9375,1.7189669609069824,2.8123041014026653e+20,153452265472.0,878001,40000.0,-3212985317336.424,,,,,,,
-14.638507516860964,-0.6978367893786465,0.27387903284433396,-0.6038715872083673,0.0,665.3388514963635,156.6472161868652,20,42925,890000,0.0003,23195279360.0,1032160.875,-0.35067620873451233,1.7025243764274233e+19,34340059136.0,880001,40000.0,-3212985317336.424,,,,,,,
-12.006576322555551,-0.46084088211426744,-0.4092639676908551,-0.5309507298200603,0.0,658.1335433410645,142.85487516148186,20,43001,892000,0.0003,16570484736.0,1043615.8125,0.908765971660614,8.126504514641252e+19,89334644736.0,882001,40000.0,-3212985317336.424,,,,,,,
13.90686486625669,0.5013086943913029,-0.1696355532012401,-0.7691504142695177,0.0,1482.9829313892822,519.8914815082173,20,43076,894000,0.0003,22860058624.0,1046065.0625,-2.1633241176605225,6.9667027060724335e+19,71136419840.0,884001,40000.0,-3212985317336.424,,,,,,,
1.4796563949585009,0.06341054437446161,0.530246222773149,-0.5022182185539226,0.0,790.4339069320241,-761.1450993890957,20,43157,896000,0.0003,15523028992.0,1055755.5,-1.402961254119873,3.1812449642201114e+20,159474401280.0,886001,40000.0,-3212985317336.424,,,,,,,
-14.325248577117916,-0.6225066549426923,-0.02261679563308135,-0.6869123275864925,0.0,696.9614375249358,-15.157249324332543,20,43236,898000,0.0003,8618044416.0,1072927.5,-0.5043914914131165,1.0589677962087367e+19,31620788224.0,888001,40000.0,-3212985317336.424,,,,,,,
2.258205060958873,0.08932067921211308,-0.5679681799128965,-0.5060786954181469,0.0,892.5998392147939,943.2735612088296,,,900000,0.0003,25027835904.0,1077865.625,-0.06850142776966095,7.37702989024681e+19,55380418560.0,890000,,,0.0,0.0,40000.0,-44101.12688254983,209.25154162243683,0.0,0.0
,,,,,,,20,44475,900000,0.0003,5923151872.0,1078056.875,3.6190006732940674,2.32967932179225e+18,14811988992.0,890001,40000.0,-3212985317336.424,,,,,,,
13.897750354766844,0.5224202777393164,0.41763951184275994,-0.6240682387143626,0.0,1149.3042308369638,-1035.5923903838484,20,44551,902000,0.0003,29634467840.0,1087397.375,-2.8035595417022705,1.0895120533064935e+20,62328029184.0,892001,40000.0,-3212985317336.424,,,,,,,
-16.435539615631086,-0.6714127167275887,0.23488148728468225,-0.6030655700213344,0.0,634.9571569816086,198.69058742151643,20,44627,904000,0.0003,23115018240.0,1093765.75,0.5193771123886108,1.7411524849051474e+20,85989818368.0,894001,40000.0,-3212985317336.424,,,,,,,
-8.823066469192497,-0.32718193046613875,-0.4996640259361275,-0.47108261227000686,0.0,656.9253826096593,353.3562250412043,20,44702,906000,0.0003,19300470784.0,1100976.25,1.3612170219421387,1.1179203551356676e+20,92372647936.0,896001,40000.0,-3212985317336.424,,,,,,,
15.533946786880481,0.5554644933457438,0.05194884356083733,-0.7304008770022288,0.0,1340.9575246057066,-116.4443055401266,20,44778,908000,0.0003,16020376576.0,1102865.75,2.001955986022949,8.352288787600402e+19,96018399232.0,898001,40000.0,-3212985317336.424,,,,,,,
-8.941365652084347,-0.34411242309149087,0.4554196411066487,-0.4800561959754502,0.0,618.7963218605213,-231.50037036696202,20,44853,910000,0.0003,13941579776.0,1120531.5,2.9257678985595703,1.4378193709659324e+19,34779648000.0,900001,40000.0,-3212985317336.424,,,,,,,
-17.418206003189095,-0.6706181845816922,-0.249840109040855,-0.5947296341177069,0.0,630.0813323462311,-163.46898651595512,20,44929,912000,0.0003,17159633920.0,1136405.0,1.8442881107330322,1.9098256610115663e+20,135571243008.0,902001,40000.0,-3212985317336.424,,,,,,,
15.927142198562624,0.5506105385149175,-0.2992207087420739,-0.5946297071363859,0.0,1166.5459923995597,672.4579319399887,20,45005,914000,0.0003,21753231360.0,1135885.0,-0.9845010042190552,1.6163376841386204e+20,93126664192.0,904001,40000.0,-3212985317336.424,,,,,,,
-1.4480931625366233,-0.09624323942728019,0.5238871084957243,-0.4500674335444004,0.0,674.4408225077998,-587.6258751124637,20,45082,916000,0.0003,19590623232.0,1152007.875,1.062393307685852,1.1801816524138322e+20,107246952448.0,906001,40000.0,-3212985317336.424,,,,,,,
-14.075130422592164,-0.5757978569270985,-0.051897411343852944,-0.6741534950518164,0.0,661.5755317181037,-43.50046868567627,20,45158,918000,0.0003,17823356928.0,1165979.875,-0.6661096811294556,3.944366463055718e+19,63504904192.0,908001,40000.0,-3212985317336.424,,,,,,,
4.04460758590699,0.1274806056127934,-0.5506196534391463,-0.45441288214606734,0.0,901.0547169226493,827.4507750355277,20,45234,920000,0.0003,17215129600.0,1168773.125,-0.3148231506347656,5.833433432495804e+19,69502394368.0,910001,40000.0,-3073291853629.7134,,,,,,,
-10.396163618087773,-0.4287007239504509,-0.5173109012386194,-0.7650039563228216,0.0,902.6938656125661,-482.34874385339475,20,45311,922000,0.0003,12468830208.0,1178120.75,1.1547746658325195,3.312607972456556e+19,44455890944.0,912001,40000.0,-3073291853629.7134,,,,,,,
9.535629444122304,0.2703920890824235,-0.33526074615965795,-0.5601205397618961,0.0,815.1667089024752,459.8080117764154,20,45387,924000,0.0003,20916924416.0,1195525.875,-1.1441829204559326,3.210608037966381e+18,11531800576.0,914001,40000.0,-3073291853629.7134,,,,,,,
4.498507013320931,-0.06426656466697313,0.39791310278664294,-0.4840671541135509,0.0,648.7278448664568,-563.7998548822547,20,45463,926000,0.0003,20200769536.0,1204989.875,0.9464031457901001,6.8458810016845e+18,18703759360.0,916001,40000.0,-3073291853629.7134,,,,,,,
-14.099332004547115,-0.5355091754625817,0.08695546014951815,-0.650581400903882,0.0,611.3856534087719,180.90004019110123,20,45540,928000,0.0003,15244536832.0,1220036.0,-0.9701316952705383,5.607166254029734e+19,54264111104.0,918001,40000.0,-3073291853629.7134,,,,,,,
-5.803316286087038,-0.20669486623125038,-0.607504341970131,-0.36880262998782676,0.0,687.8353235941306,554.901105701175,20,45616,930000,0.0003,15624413184.0,1228501.875,-1.0140748023986816,1.2337974457823291e+20,120745598976.0,920001,40000.0,-3073291853629.7134,,,,,,,
14.269880098342894,0.43969878026880277,0.38446191997261586,-0.5154290290862306,0.0,962.1645565308806,-745.1107896478343,20,45692,932000,0.0003,33601892352.0,1256976.75,0.25072526931762695,2.9668145122121666e+20,118783787008.0,922001,40000.0,-3073291853629.7134,,,,,,,
-17.412578504562386,-0.602855498428299,0.2464135327750758,-0.5626939256986139,0.0,554.7070216322112,219.48749066651771,20,45769,934000,0.0003,14527297536.0,1257825.75,-0.33325454592704773,3.740603208977665e+19,45690572800.0,924001,40000.0,-3073291853629.7134,,,,,,,
-13.06241968727115,-0.4140576259607138,-0.5178052686987197,-0.3960417276543746,0.0,610.6226739140803,247.67969169398233,20,45845,936000,0.0003,17636405248.0,1264755.375,-0.07572415471076965,1.8743823319441605e+19,49409945600.0,926001,40000.0,-3073291853629.7134,,,,,,,
19.726406982421896,0.6703328790362407,0.18198774960405276,-0.5496759359936241,0.0,1009.5446084078834,-345.75860310463025,20,45921,938000,0.0003,24445378560.0,1270027.625,2.4429547786712646,1.0763887223220103e+20,70466297856.0,928001,40000.0,-3073291853629.7134,,,,,,,
-16.113320884704613,-0.6601643500350468,0.3506464901049593,-0.4628786864075952,0.0,489.5996677953248,82.39921294325276,20,45998,940000,0.0003,18962575360.0,1275016.625,1.1386189460754395,9.471559079132188e+19,73129836544.0,930001,40000.0,-3073291853629.7134,,,,,,,
-20.229729446411106,-0.6073850726769088,-0.31890245833250147,-0.5107617179795032,0.0,554.674993412926,151.65128252948057,20,46075,942000,0.0003,28532135936.0,1287937.875,0.9062381386756897,1.151709139105596e+20,98367184896.0,932001,40000.0,-3073291853629.7134,,,,,,,
21.32211089515686,0.6047447236118951,-0.18360422572151322,-0.4575855179946802,0.0,1057.4547238741388,87.64904108117257,20,46151,944000,0.0003,10103638016.0,1324217.875,-0.263973593711853,4.55014415359751e+19,50066944000.0,934001,40000.0,-3073291853629.7134,,,,,,,
-10.10455202674867,-0.39536372461971603,0.4883508344004403,-0.3745234916997878,0.0,495.8975572736751,-260.72063343904676,20,46227,946000,0.0003,18939633664.0,1333381.25,1.7182374000549316,1.2449010398772855e+19,36577079296.0,936001,40000.0,-3073291853629.7134,,,,,,,
-13.682425491333001,-0.5210515543730235,-0.1343684274353785,-0.6235367365204781,0.0,575.1769946559587,-143.5447467477757,20,46303,948000,0.0003,24904597504.0,1346716.75,-1.2804920673370361,7.879372123917202e+19,67494576128.0,938001,40000.0,-3073291853629.7134,,,,,,,
7.333691923141473,0.2513465488644409,-0.4456369810699548,-0.3390013466067597,0.0,926.825304930714,593.2495782027336,20,46379,950000,0.0003,22772824064.0,1343522.625,-3.0018603801727295,8.001116208609676e+19,74032939008.0,940001,40000.0,-3073291853629.7134,,,,,,,
-2.113033554077146,-0.16050495152289287,0.5340170390233309,-0.3416362571424837,0.0,551.519851544715,-569.952616367983,20,46455,952000,0.0003,21350250496.0,1364254.5,0.43409326672554016,3.028638379784337e+20,137486139392.0,942001,40000.0,-3073291853629.7134,,,,,,,
-12.813605436325064,-0.4822928072662863,0.01817644413043841,-0.6204620237395055,0.0,545.8374481983366,111.69390315104393,20,46531,954000,0.0003,28281970688.0,1370860.25,-2.774811267852783,6.931118111751091e+19,59921010688.0,944001,40000.0,-3073291853629.7134,,,,,,,
-2.4961082210541052,-0.06182389429913484,-0.6456614391875828,-0.27123281871937954,0.0,818.3437240056913,673.4683907856822,20,46607,956000,0.0003,19273672704.0,1381689.75,2.517738103866577,1.2603994259289276e+19,25224239104.0,946001,40000.0,-3073291853629.7134,,,,,,,
6.164584796905521,0.1644851593930378,0.5406971698844786,-0.38514184547819075,0.0,767.6910040083467,-821.7447223125832,20,46683,958000,0.0003,16637590528.0,1389879.625,0.9744928479194641,2.0672788927025775e+19,31254241280.0,948001,40000.0,-3073291853629.7134,,,,,,,
-15.497124059677144,-0.5220970887664195,0.13477562327160397,-0.6007817854812998,0.0,545.1829151125346,229.09592608369687,20,46760,960000,0.0003,29430753280.0,1385233.625,0.19340887665748596,4.738389340365783e+19,55546044416.0,950001,40000.0,-2945239203982.846,,,,,,,
-5.789127969741825,-0.33031131376103945,-0.32551867877985524,-0.8941863263725447,0.0,1065.3820029559402,-131.15444226614167,20,46836,962000,0.0003,12027133952.0,1400760.5,0.8847832679748535,6.350023577643568e+19,79292440576.0,952001,40000.0,-2945239203982.846,,,,,,,
-11.690041151046739,-0.608943161979812,-0.2194857850351266,-0.7467369970501745,0.0,810.0928588221535,-269.36674965609967,20,46913,964000,0.0003,31966662656.0,1400108.75,-0.09257197380065918,6.861598630354721e+19,79345401856.0,954001,40000.0,-2945239203982.846,,,,,,,
6.03775149726868,0.1516243227550144,-0.13695786155972375,-0.5574252184383185,0.0,684.0044508104194,3.749412164028967,20,46989,966000,0.0003,40224194560.0,1425374.0,-1.760988712310791,9.017684197623464e+19,72432541696.0,956001,40000.0,-2945239203982.846,,,,,,,
-2.6418964900970363,-0.7602156458789029,0.3109946266586027,-0.4677729525737685,0.0,482.8648853119226,-128.705078838941,20,47065,968000,0.0003,8627513344.0,1443595.875,1.5463342666625977,4.059594841841992e+19,70393028608.0,958001,40000.0,-2945239203982.846,,,,,,,
-12.292870897293088,-0.48320961393722817,-0.011347916441765702,-0.660644810546363,0.0,605.0020632704445,57.72930927933732,20,47141,970000,0.0003,25201524736.0,1451543.5,-3.181199073791504,3.898650088986745e+20,131237126144.0,960001,40000.0,-2945239203982.846,,,,,,,
-1.0651378803253297,-0.04166086847665471,-0.5917812685843973,-0.31735344045953673,0.0,762.0054484394674,541.8702142850664,20,47217,972000,0.0003,12364718080.0,1460889.75,2.370504379272461,8.231756804526388e+19,97754742784.0,962001,40000.0,-2945239203982.846,,,,,,,
5.836398452758769,0.07791112279997496,0.5253826144894929,-0.36749259465017303,0.0,675.5580415234333,-807.9623071652699,20,47293,974000,0.0003,28208967680.0,1472701.5,-3.394833564758301,2.3319997751119734e+20,113080524800.0,964001,40000.0,-2945239203982.846,,,,,,,
-15.486579114913862,-0.4842873606991943,0.1551039143602868,-0.5403279729677731,0.0,450.11868101108325,231.34967630656686,20,47371,976000,0.0003,9362967552.0,1502481.5,-0.1930600255727768,2.744509116033532e+18,22037438464.0,966001,40000.0,-2945239203982.846,,,,,,,
-15.852497842788727,-0.3914595590929334,-0.616605886332092,-0.21403681193104399,0.0,660.0008473328509,592.0316192802285,20,47447,978000,0.0003,25572270080.0,1510782.0,1.3540514707565308,3.947099958913532e+18,13797661696.0,968001,40000.0,-2945239203982.846,,,,,,,
16.95151267814635,0.4200992119782549,0.3427378354172991,-0.41486983033665664,0.0,855.6235000451379,-711.508400432208,20,47523,980000,0.0003,12621295616.0,1541808.25,-2.218390464782715,1.2725529436772473e+20,91642781696.0,970001,40000.0,-2945239203982.846,,,,,,,
-14.41534220314026,-0.5743268497426534,0.2967349383947741,-0.32606580272008984,0.0,284.1145284657908,21.471422442441526,20,47599,982000,0.0003,20315949056.0,1583166.625,-0.011186391115188599,1.4132955337665282e+20,110109818880.0,972001,40000.0,-2945239203982.846,,,,,,,
-11.090105543136595,-0.4335896375876116,-0.15608470655090326,-0.5085809807057694,0.0,393.99974872954357,-46.23898950648584,20,47674,984000,0.0003,31828508672.0,1587262.125,0.6060653924942017,2.6580315369484845e+19,35108503552.0,974001,40000.0,-2945239203982.846,,,,,,,
-0.3226621074676425,0.12206917225552505,-0.4825419483111928,-0.04975508704392793,0.0,1132.0910556802403,583.9805467696356,20,47750,986000,0.0003,26607603712.0,1603405.875,1.5097815990447998,1.0088547830035435e+20,71691182080.0,976001,40000.0,-2945239203982.846,,,,,,,
-1.8900830383300877,-0.2625431880748438,0.5379689165990763,-0.22198017916479337,0.0,433.188492629049,-647.0523502992537,20,47825,988000,0.0003,14455315456.0,1609437.375,-1.5880272388458252,1.5262628768414433e+19,26979766272.0,978001,40000.0,-2945239203982.846,,,,,,,
-14.020549989700283,-0.4179952580694664,0.08896315662749753,-0.48993561807521335,0.0,357.4218593291751,177.36737868816675,20,47901,990000,0.0003,19146676224.0,1605724.125,-1.786585807800293,1.0559211814295647e+20,79681789952.0,980001,40000.0,-2945239203982.846,,,,,,,
-14.308027193069465,-0.31962318332583006,-0.759800461335769,-0.022085517192658638,0.0,840.7488041064105,831.9323883566601,20,47977,992000,0.0003,26640175104.0,1619417.25,-0.9134775400161743,2.0619445900501896e+20,93235519488.0,982001,40000.0,-2945239203982.846,,,,,,,
10.509676132202165,0.2423923190248514,0.5344973976617045,-0.3358963825378761,0.0,796.641494078961,-919.690332170728,20,48053,994000,0.0003,10258631680.0,1632654.0,0.4540174603462219,8.778420571814756e+18,21841008640.0,984001,40000.0,-2945239203982.846,,,,,,,
-16.56908701705933,-0.5213818137794428,0.2504961887886763,-0.3656449645585208,0.0,292.78805544867737,130.50195237823638,20,48128,996000,0.0003,23423625216.0,1631710.75,1.2409014701843262,2.342268729930285e+19,48190177280.0,986001,40000.0,-2945239203982.846,,,,,,,
-16.09205983161927,-0.48232734607361216,-0.269316403213464,-0.44074182763885333,0.0,382.8305423158128,14.928277193201748,20,48203,998000,0.0003,14890873856.0,1630978.0,1.9911587238311768,1.3979059773758033e+20,123874697216.0,988001,40000.0,-2945239203982.846,,,,,,,
8.177631126403812,0.34713339569697277,-0.2728512765065624,-0.06212220142588345,0.0,1123.0897912674461,338.51346150913446,,,1000000,0.0003,25186942976.0,1642141.875,-0.5528974533081055,9.138039489178894e+18,21664333824.0,990000,,,0.0,0.0,40000.0,-36625.370049755555,1511.4208595358518,0.0,0.0
,,,,,,,20,49409,1000000,0.0003,29040920576.0,1642267.25,1.379225492477417,7.6579639072366e+19,70436134912.0,990001,40000.0,-2827430682828.9043,,,,,,,
