rollout/acrobot_xk_applied_torque,rollout/acrobot_xk_elbow_norm,rollout/acrobot_xk_elbow_rate_norm,rollout/acrobot_xk_energy_error_norm,rollout/acrobot_xk_homoclinic_capture,rollout/acrobot_xk_lyapunov,rollout/acrobot_xk_lyapunov_rate,time/fps,time/time_elapsed,time/total_timesteps,train/learning_rate,train/actor_loss,train/alpha,train/alpha_loss,train/critic_loss,train/fraction,train/n_updates,rollout/ep_len_mean,rollout/ep_rew_mean,eval/best_strict_capture_mean_max_duration,eval/best_strict_capture_success_rate,eval/mean_ep_length,eval/mean_reward,eval/std_reward,eval/strict_capture_mean_max_duration,eval/strict_capture_success_rate
-0.13898933770099808,0.11500736027382383,-0.24279372246505246,-0.9209834209529001,0.0,1283.8068837965911,203.8720863573046,2139,0,2000,0.0003,,,,,,,,,,,,,,,
-0.7267136113625027,-0.3268097453146591,0.41776291402623383,-0.8159812136378195,0.0,1132.0121147627324,-128.63435256295065,2146,1,4000,0.0003,,,,,,,,,,,,,,,
0.3620166221521804,0.03345832517929004,-0.14448247564718408,-0.878345902505757,0.0,1085.6754306829212,338.713716945328,2156,2,6000,0.0003,,,,,,,,,,,,,,,
-0.34522447367012604,0.029563879319270653,0.047778481156871194,-0.915747986318084,0.0,1084.0708668373927,169.68595561316656,2159,3,8000,0.0003,,,,,,,,,,,,,,,
0.4717332297798722,-0.029352123756259334,-0.05504861398039845,-0.9178270788116663,0.0,1094.5122363422302,285.0949738465196,1412,7,10000,0.0003,0.10643695294857025,1.0,-0.0,666033.5625,125.63606262207031,1,,,,,,,,,
0.9251808090209954,0.08426410781808104,0.10353743663814721,-0.9269708597879733,0.0,1041.4888789718887,51.523459680634694,158,75,12000,0.0003,18210.80078125,1.3101211786270142,0.08511169254779816,61028.3125,1132.9334716796875,2001,,,,,,,,,
-2.4613810806274414,-0.2320089322944219,-0.44658755829113145,-0.8015023739234365,0.0,974.3647835452497,-210.12290149115898,96,145,14000,0.0003,56356.80859375,1.8451509475708008,-0.4546029567718506,69304.09375,875.6882934570312,4001,,,,,,,,,
-7.239922492980959,-0.41392662214359577,0.07953123412398627,-0.7464078410911434,0.0,749.5283945888341,-9.697221141144793,74,215,16000,0.0003,68628.15625,4.110459804534912,-1.9681546688079834,140741.9375,1274.232666015625,6001,,,,,,,,,
-6.81142355155944,-0.2809365979748552,0.06101038842810444,-0.8268666619243734,0.0,850.648869818981,66.51929353595037,63,284,18000,0.0003,89659.265625,5.581241607666016,-0.7838175296783447,142135.65625,1461.8243408203125,8001,,,,,,,,,
4.543155252456666,0.15949674834770253,0.6510349431509366,-0.7725960875566036,0.0,941.3620612120322,-195.6443311879732,56,353,20000,0.0003,116252.171875,7.991008281707764,-0.9129379391670227,1129250.875,9077.3583984375,10001,,,,,,,,,
-2.273236030578615,0.3045033081582196,-0.34584995930805323,-0.22933647099045118,0.0,851.6492798049105,-257.63287587160147,51,423,22000,0.0003,120587.421875,17.131563186645508,-2.5913121700286865,2324555.5,8509.046875,12001,,,,,,,,,
32.255044897079465,0.5062219014165347,0.47119563990094715,0.1636568328095413,0.0,586.2301050188797,1160.4235589922882,48,492,24000,0.0003,98632.0859375,29.198291778564453,-2.5018470287323,4192629.0,10454.08203125,14001,,,,,,,,,
-22.95077394866944,-0.3199279938081013,0.35388798304998675,0.5766373996518357,0.0,1852.6585112169776,-273.03443173325593,46,561,26000,0.0003,97223.7421875,43.73975372314453,-1.291609287261963,4526436.0,6641.146484375,16001,,,,,,,,,
-41.95965890884398,-0.6713513581503081,-0.1927055577569581,0.5201076121353471,0.0,1351.31589902417,75.69801272256268,44,631,28000,0.0003,94030.328125,58.111061096191406,-0.3680715560913086,4402887.0,7213.9609375,18001,,,,,,,,,
9.524218858718875,0.28977953889622937,-0.7534296134041187,-0.22955381852141118,0.0,629.0021887739837,-833.5094710828008,42,699,30000,0.0003,102878.5546875,41.534278869628906,0.4353374242782593,7077661.5,12296.8916015625,20001,,,,,,,,,
-20.45896587371826,-0.34971030719362817,-0.7417590909526569,-0.1442327026548485,0.0,604.8179085466892,4611.088462405313,41,768,32000,0.0003,104872.2890625,56.783111572265625,-2.0566489696502686,8062295.0,10142.1318359375,22001,,,,,,,,,
16.14867863273617,0.13554701736712133,-0.19294355956640863,1.9593871915555872,0.0,15736.113230795305,2816.924887162024,40,838,34000,0.0003,104232.734375,77.07779693603516,-0.9344407916069031,56219636.0,41407.11328125,24001,,,,,,,,,
49.25492498970029,0.5425614111037997,-0.16495018005198003,1.3168022365982148,0.0,4297.263847097022,-6115.195789296875,39,907,36000,0.0003,101590.296875,94.487060546875,-0.38481810688972473,85302200.0,36718.91015625,26001,,,,,,,,,
29.00396291732789,0.5135048148266994,-0.02128500018223398,0.40939922591588296,0.0,957.8225092657108,-484.6256802440943,38,976,38000,0.0003,78095.125,119.49199676513672,0.02328360453248024,46957480.0,33989.62890625,28001,,,,,,,,,
23.792982484817475,0.6009565594790962,0.14167429899023323,0.18777302894169237,0.0,757.5766631133392,-25.804164553569407,38,1045,40000,0.0003,68785.1328125,106.36096954345703,0.24458572268486023,29237024.0,26424.822265625,30001,40000.0,-22369390.197,,,,,,,
-3.069811130523681,-0.139276999530586,-0.15510440250346733,-0.9662265817452194,0.0,1141.185490010723,-23.38889371215459,37,1114,42000,0.0003,48879.58203125,97.48175048828125,-0.005809962749481201,28550280.0,21560.978515625,32001,40000.0,-22369390.197,,,,,,,
-3.963337059020997,-0.28475154879558745,-0.014073281252482245,-0.9337231081586357,0.0,1076.5570619933396,3.1453267467125525,37,1183,44000,0.0003,44134.4609375,80.98231506347656,0.7001577019691467,16720763.0,16954.935546875,34001,40000.0,-22369390.197,,,,,,,
-7.098108087539674,-0.2853439631479657,-0.21866505622940144,-0.910745201076175,0.0,1083.6293661159211,-201.68849730603225,36,1252,46000,0.0003,34402.890625,67.46390533447266,0.34175950288772583,13961584.0,14713.6220703125,36001,40000.0,-22369390.197,,,,,,,
-7.739490034103456,-0.18057691488473165,-0.9252304916981792,-0.4209417071298043,0.0,1081.4991070475105,1383.897848179246,36,1321,48000,0.0003,34585.05078125,66.68412780761719,0.1378067582845688,10276280.0,11097.45703125,38001,40000.0,-22369390.197,,,,,,,
-28.35254311752318,-0.5036238870381862,-0.3098204704063489,0.37974805427179215,0.0,2940.5031112736688,-267.3971259632745,35,1389,50000,0.0003,44510.63671875,41.912567138671875,-0.09339047968387604,10535644.0,14307.3486328125,40001,40000.0,-22369390.197,,,,,,,
25.97524228858949,0.3692933710737269,0.7623857442742319,0.4550835278985587,0.0,1631.2086270785358,96.52739725917094,35,1458,52000,0.0003,41590.62109375,72.91742706298828,-0.7077692151069641,24133884.0,27122.548828125,42001,40000.0,-22369390.197,,,,,,,
22.957960853576683,0.5702025364591924,-0.11368830713496339,0.15134494364775092,0.0,836.461486970217,-1393.2044155636322,35,1527,54000,0.0003,30178.708984375,103.84303283691406,0.7149872779846191,15785142.0,13587.9296875,44001,40000.0,-22369390.197,,,,,,,
25.044460857391314,0.562235613209264,-0.13668369873797073,0.027224497560947154,0.0,693.4125931166889,229.92664840240246,35,1597,56000,0.0003,25949.5078125,122.30455017089844,0.02317225933074951,18557228.0,21637.693359375,46001,40000.0,-22369390.197,,,,,,,
5.685255218505859,0.3654714555765868,0.21396315988596296,-0.07504101928514063,0.0,922.4443685253912,-111.3821091567958,34,1666,58000,0.0003,22931.8125,87.95989990234375,0.4815918803215027,24908522.0,29744.45703125,48001,40000.0,-22369390.197,,,,,,,
34.27758844375609,0.6471715044929676,-0.3365076511491419,0.25622762267979887,0.0,990.5894001444882,730.4538245166,34,1736,60000,0.0003,36184.36328125,79.55170440673828,-0.04312123358249664,21002014.0,18066.6328125,50001,40000.0,-22369390.197,,,,,,,
31.39163299942013,0.4955369227249487,0.17417018207818327,0.3997792691931276,0.0,1789.5896438055813,249.73479575395913,34,1805,62000,0.0003,26269.416015625,126.5670394897461,-1.6537095308303833,20839792.0,16130.771484375,52001,40000.0,-22369390.197,,,,,,,
14.227492681503321,0.3626886222939735,-0.5282008385304368,0.5296866945986339,0.0,2049.914792794637,510.5555478364568,34,1875,64000,0.0003,921.440185546875,189.77499389648438,0.4490661919116974,32163868.0,20936.513671875,54001,40000.0,-22369390.197,,,,,,,
13.019665054321287,0.3106320541077112,0.5109219542183578,0.41793100085549306,0.0,1643.9121869841645,-807.0321035984883,33,1945,66000,0.0003,3061.361328125,111.030029296875,0.6138126850128174,21569228.0,15817.435546875,56001,40000.0,-22369390.197,,,,,,,
28.586610578536973,0.4029739246614072,-0.259820478609768,0.6022800435321235,0.0,1898.7702419149678,315.3215553043566,33,2014,68000,0.0003,21483.28125,97.5508041381836,0.31820958852767944,26745420.0,28005.376953125,58001,40000.0,-22369390.197,,,,,,,
19.62646474456788,0.24167647805625445,0.049519878205690086,0.6570584238285734,0.0,1593.5199630036066,422.73196603752285,33,2083,70000,0.0003,20690.9765625,109.91433715820312,0.4367271363735199,21562938.0,15190.4501953125,60001,40000.0,-22369390.197,,,,,,,
19.212715057373053,0.1900044593296756,0.08952730935525656,0.7936629157063958,0.0,1803.4107712969762,331.56643585543844,33,2153,72000,0.0003,28253.099609375,98.31060791015625,0.5847539901733398,15589388.0,13114.232421875,62001,40000.0,-22369390.197,,,,,,,
20.44017805480954,0.1743292767870358,0.016461857100699105,1.0052056575323862,0.0,2429.1296361448785,998.2035944100256,33,2223,74000,0.0003,30767.009765625,124.44661712646484,0.0726187527179718,20236204.0,18319.74609375,64001,40000.0,-22369390.197,,,,,,,
32.199036529541054,0.2624552860413872,0.10393583182384357,1.2951666129737238,0.0,3076.0459510339974,2797.305643884151,33,2293,76000,0.0003,28346.416015625,129.27337646484375,-0.5116167068481445,21563904.0,15794.796875,66001,40000.0,-22369390.197,,,,,,,
28.093636718749984,0.2634625694494105,-0.10487061517167705,1.6279538403149978,0.0,4703.141187376697,-471.7134403625634,32,2364,78000,0.0003,35378.953125,120.9673080444336,-0.5592794418334961,45447840.0,38481.5234375,68001,40000.0,-22369390.197,,,,,,,
9.145465444564811,0.08508010201237476,-0.2210440295436722,1.6703485967325251,0.0,5321.957396624212,127.87023271450153,32,2436,80000,0.0003,41975.10546875,104.48973846435547,0.03970636427402496,22558864.0,16594.267578125,70001,40000.0,-24661964.006609,,,,,,,
3.450005399703977,0.19736677756630155,0.23266567968405358,-0.9550129232477275,0.0,1135.0453616190387,-33.47848270284041,32,2507,82000,0.0003,43180.2890625,78.40943145751953,0.7191113233566284,23459144.0,21061.759765625,72001,40000.0,-24661964.006609,,,,,,,
3.5291116485595704,0.33149355569151073,-0.27923821775433244,-0.8587447168428477,0.0,1132.803591824056,225.08579900821135,32,2580,84000,0.0003,54359.41796875,75.09391021728516,-0.5184661149978638,19452024.0,17012.244140625,74001,40000.0,-24661964.006609,,,,,,,
4.691565696716307,0.236144298286439,0.48530544099198114,-0.8911932654394354,0.0,1127.5952731430323,-348.373814513416,32,2652,86000,0.0003,84006.0546875,61.21806716918945,-0.051638998091220856,13664082.0,13273.884765625,76001,40000.0,-24661964.006609,,,,,,,
-1.1836228256225627,0.1315032682101129,-0.5401380199966881,-0.8835051660655067,0.0,1190.1158385678368,395.02927425245133,32,2725,88000,0.0003,93883.625,70.90585327148438,-0.29390671849250793,37880712.0,47922.875,78001,40000.0,-24661964.006609,,,,,,,
-2.625214292526245,-0.1324746733264004,0.011339392236452339,-0.9844634839396035,0.0,1169.533688805267,69.3341428845034,32,2798,90000,0.0003,97696.5078125,68.1043930053711,0.6973748803138733,12558616.0,10636.4658203125,80001,40000.0,-24661964.006609,,,,,,,
-2.7963566188812257,-0.17212692240641556,-0.04372514455224056,-0.9779739349328189,0.0,1158.7067740740304,23.695810719123806,32,2872,92000,0.0003,122295.046875,66.42832946777344,-0.9435242414474487,18434152.0,14547.4736328125,82001,40000.0,-24661964.006609,,,,,,,
-3.1018013668060305,0.10985241930811986,0.5557788742924117,-0.8624967935496229,0.0,1254.4981477354895,-221.85343697463267,31,2946,94000,0.0003,120239.0625,81.85143280029297,1.1931928396224976,23141672.0,27004.828125,84001,40000.0,-24661964.006609,,,,,,,
7.122241014480591,0.48006128683023935,0.13337010004436847,-0.7719988423219246,0.0,1000.9782392995252,-178.29177299958357,31,3020,96000,0.0003,118487.1640625,76.39567565917969,0.39859431982040405,31323056.0,33683.49609375,86001,40000.0,-24661964.006609,,,,,,,
5.444844268798828,0.3897829343228565,-0.5291156475285269,-0.8362235093107457,0.0,1039.3904802181794,609.7938636715671,31,3094,98000,0.0003,132789.375,86.33052825927734,0.19335927069187164,36344472.0,42947.95703125,88001,40000.0,-24661964.006609,,,,,,,
2.318938209533695,0.1977240061319129,0.06499654463036397,-0.9321290896263023,0.0,1239.108116409245,1.555646428181642,,,100000,0.0003,131204.625,73.36209106445312,0.020199943333864212,23581360.0,31848.11328125,90000,,,0.0,0.0,40000.0,-51823.43585315598,204.85311920077206,0.0,0.0
,,,,,,,23,4309,100000,0.0003,136073.0,73.3704833984375,0.06237447261810303,26606368.0,18600.212890625,90001,40000.0,-24661964.006609,,,,,,,
4.388063657760607,0.3271183683362175,0.011154722249768042,-0.901348689083399,0.0,1132.2745682913205,66.90271746122284,23,4380,102000,0.0003,144920.25,85.85408020019531,-0.8970881700515747,48015064.0,30628.849609375,92001,40000.0,-24661964.006609,,,,,,,
0.09065882873535172,0.066559833803762,-0.232758438805056,-0.9600539904022113,0.0,1347.1291051995925,217.36896269181287,23,4452,104000,0.0003,142865.0625,74.5613021850586,0.6397509574890137,33950860.0,42185.0390625,94001,40000.0,-24661964.006609,,,,,,,
1.3455024280548091,0.06669561429662052,0.03524625783740133,-0.938726019639626,0.0,1339.3157467919134,33.46213686973659,23,4526,106000,0.0003,155037.46875,91.38831329345703,-0.4620991349220276,30983360.0,29139.125,96001,40000.0,-24661964.006609,,,,,,,
1.816270595550533,0.18821585473113933,-0.0023728379051686,-0.910895052146113,0.0,1318.80804790183,172.63981182708446,23,4599,108000,0.0003,166208.546875,78.15619659423828,-0.3049134910106659,17313370.0,12398.0830078125,98001,40000.0,-24661964.006609,,,,,,,
2.6927104873657237,0.2431990499324677,0.19436852487972658,-0.8834806065511647,0.0,1238.0501743239997,3.1361915210166327,23,4673,110000,0.0003,155286.625,92.15072631835938,0.22190657258033752,26761054.0,14904.43359375,100001,40000.0,-24661964.006609,,,,,,,
-4.452095525741574,-0.3192937023989119,-0.4316925839046545,-0.8994525720219186,0.0,1149.6457144903316,-359.4725958675011,23,4747,112000,0.0003,161163.734375,91.78030395507812,-0.24764008820056915,32729652.0,25100.033203125,102001,40000.0,-24661964.006609,,,,,,,
-8.259654073715216,-0.5707288837961058,-0.10320893717130707,-0.8151056626057704,0.0,902.6541265859622,-108.47093814180225,23,4821,114000,0.0003,148123.359375,104.41303253173828,-0.972761332988739,28084504.0,20970.263671875,104001,40000.0,-24661964.006609,,,,,,,
-10.3965397529602,-0.6750880255650722,-0.06323734751390184,-0.7561172515013365,0.0,826.3546040954676,-69.56217240671396,23,4900,116000,0.0003,110211.515625,135.97276306152344,-0.6161113381385803,30931184.0,26860.685546875,106001,40000.0,-24661964.006609,,,,,,,
-11.41243647956848,-0.6995210754003099,-0.2442148775206134,-0.6064339975656778,0.0,717.8383443549121,14.85222636241856,23,4975,118000,0.0003,74794.7265625,174.37374877929688,-0.7410562634468079,46727976.0,48551.66015625,108001,40000.0,-24661964.006609,,,,,,,
10.095460046768187,0.4690385059469055,-0.3493541244141606,-0.618932886789435,0.0,1323.2309839326329,529.85439942297,23,5049,120000,0.0003,40106.1640625,138.73638916015625,-0.2818007171154022,33883768.0,26364.1171875,110001,40000.0,-24147976.86420867,,,,,,,
-4.6886277828216585,-0.6378121292747752,-0.5930759946292479,-0.5459599717940902,0.0,873.1087246307778,-506.33149973902164,23,5124,122000,0.0003,2594.951171875,154.82847595214844,-0.20654284954071045,42152520.0,27045.474609375,112001,40000.0,-24147976.86420867,,,,,,,
-22.014759759902955,-0.8104527773527472,-0.08767049456555859,-0.49723113539659036,0.0,606.9971352710675,1188.8626788779784,23,5198,124000,0.0003,-58229.90625,178.81849670410156,-0.4120478630065918,59332332.0,37034.0859375,114001,40000.0,-24147976.86420867,,,,,,,
-39.4653667831421,0.06450344656347883,-6.232719475836928,5.977103040533111,0.0,107649.22503930346,777486.6252984629,23,5272,126000,0.0003,-172882.015625,338.94476318359375,-3.093722105026245,719165824.0,223284.65625,116001,40000.0,-24147976.86420867,,,,,,,
-61.55677359199524,-0.01228566408797061,-23.804747490976055,79.31420752682305,0.0,9931675.492126606,30262165.363302913,23,5347,128000,0.0003,-485083.375,834.53076171875,-6.104330539703369,13539395584.0,866682.625,118001,40000.0,-24147976.86420867,,,,,,,
-59.684903371810904,-0.0014005348915729597,-45.38923958778028,275.61303482073737,0.0,100334116.10830793,177330270.90955108,23,5421,130000,0.0003,-709470.3125,1459.4427490234375,-4.868160247802734,20060352512.0,1374834.875,120001,40000.0,-24147976.86420867,,,,,,,
-58.67776820755005,0.0041059992048409905,-66.51582684774344,583.6809012695759,0.0,431466815.40158683,534317343.80880845,24,5496,132000,0.0003,-2279696.75,2343.00390625,-3.8826780319213867,1236544258048.0,9388602.0,122001,40000.0,-24147976.86420867,,,,,,,
-56.91175219726563,-0.0014081612165477856,-86.18488842380854,979.3302706851431,0.0,1194530519.0898502,1110971969.841003,24,5570,134000,0.0003,-3182443.5,3333.364013671875,-1.5436959266662598,813833256960.0,5617484.5,124001,40000.0,-24147976.86420867,,,,,,,
-56.20857575035097,-0.00038510211508370696,-103.23371295051606,1396.1640113247186,0.0,2411467102.0653725,1862651440.6459658,24,5644,136000,0.0003,-7179980.0,4280.1279296875,-0.3636898398399353,592714530816.0,4922808.5,126001,40000.0,-24147976.86420867,,,,,,,
-56.230815511703504,0.002970340645228834,-115.60581448427398,1757.4761133586303,0.0,3820813953.7371445,2623844379.6935105,24,5719,138000,0.0003,-11191809.0,5610.86181640625,-1.0182297229766846,1028411359232.0,5225406.0,128001,40000.0,-24147976.86420867,,,,,,,
-56.241445713043234,-7.469334371108672e-05,-123.11159965487286,1984.3228799459387,0.0,4903200779.259019,3169802567.414274,24,5793,140000,0.0003,-16894172.0,6909.7431640625,-1.506163239479065,1803232215040.0,10184152.0,130001,40000.0,-24147976.86420867,,,,,,,
-56.85312464904785,8.445430206777238e-06,-126.22151587531664,2090.090034660942,0.0,5510420750.607706,3473436637.6608653,24,5867,142000,0.0003,-31476640.0,7960.46435546875,-0.7296552658081055,4822703538176.0,12693050.0,132001,40000.0,-24147976.86420867,,,,,,,
-57.61612713432311,0.002950636050268462,-127.4470464785016,2129.039992365712,0.0,5821416349.212041,3638945064.2656727,24,5941,144000,0.0003,-31121342.0,9060.8583984375,-0.7490597367286682,5003648958464.0,13040120.0,134001,40000.0,-24147976.86420867,,,,,,,
-58.32576651763915,0.0022811424893813157,-127.90807681844957,2148.4064054854166,0.0,6056319911.217986,3757082998.3674107,24,6015,146000,0.0003,-43695896.0,10143.8291015625,-1.1452275514602661,4105928441856.0,9706450.0,136001,40000.0,-24147976.86420867,,,,,,,
-58.51714407348633,-0.003767235761124926,-128.39355200384477,2157.295214106108,0.0,6259285849.067636,3810542876.60985,24,6089,148000,0.0003,-59819024.0,11521.3857421875,0.026688221842050552,9073483317248.0,15464435.0,138001,40000.0,-24147976.86420867,,,,,,,
-58.88564359664916,0.0013732236645990852,-128.5120669550455,2162.9902596316538,0.0,6467236299.84565,3876795635.28569,24,6163,150000,0.0003,-118511368.0,12436.826171875,-0.6971785426139832,10807952801792.0,12896681.0,140001,40000.0,-24147976.86420867,,,,,,,
-59.54799945259094,-0.0004882337485201043,-128.49667917460425,2168.882370960335,0.0,6697722468.467931,3956511766.468701,24,6236,152000,0.0003,-125355640.0,13224.1181640625,-0.7325061559677124,10279077281792.0,13217248.0,142001,40000.0,-24147976.86420867,,,,,,,
-59.89253849220276,-0.002607510627432069,-128.74916067366846,2174.444399963619,0.0,6948173667.352044,3991279362.8081446,24,6310,154000,0.0003,-139675296.0,14199.833984375,0.4010438323020935,12897328562176.0,13580577.0,144001,40000.0,-24147976.86420867,,,,,,,
-60.20590927696228,-0.0007771666389322541,-128.88533698184295,2177.435169965705,0.0,7206773542.803442,4052185441.5461345,24,6384,156000,0.0003,-124113648.0,15237.8603515625,0.7000792026519775,11090194857984.0,14028823.0,146001,40000.0,-24147976.86420867,,,,,,,
-60.39503197860717,-2.5798984870355137e-05,-129.08241071847934,2180.9595636188437,0.0,7489749516.067219,4102868992.4352865,24,6459,158000,0.0003,-179622064.0,15804.3466796875,0.7747181057929993,11776120848384.0,13470437.0,148001,40000.0,-24147976.86420867,,,,,,,
-60.33476361656189,-0.00414214188986298,-129.08378315229567,2182.873067136967,0.0,7785848780.316844,4107280686.7978506,24,6534,160000,0.0003,-248072128.0,16619.96484375,-0.11085839569568634,17132436848640.0,14477069.0,150001,40000.0,-29309594.1555845,,,,,,,
-55.69051005363463,-0.049350221745528444,-10.094188501785773,16.669592017914695,0.0,680588.7761645006,3299268.415021962,24,6609,162000,0.0003,-184334032.0,16236.712890625,0.17311632633209229,8753605771264.0,11513522.0,152001,40000.0,-29309594.1555845,,,,,,,
-59.90634711647035,-0.0011111854775515512,-30.244070614937428,124.59769498046944,0.0,22300735.47026316,55965837.75473116,24,6684,164000,0.0003,-189033152.0,16010.236328125,1.3287848234176636,18725335990272.0,19548654.0,154001,40000.0,-29309594.1555845,,,,,,,
-60.965030796051025,0.003033793951757833,-51.86304749884052,356.64562203093584,0.0,165367844.24498338,266154452.81119767,24,6759,166000,0.0003,-219716800.0,16310.6337890625,-0.7748163938522339,13274802290688.0,12496307.0,156001,40000.0,-29309594.1555845,,,,,,,
-61.0351169090271,0.004102140451781424,-73.14738473461318,709.018459652108,0.0,633071955.2350918,733530375.5732627,24,6834,168000,0.0003,-215586368.0,17834.2578125,0.47371891140937805,16967725481984.0,17450862.0,158001,40000.0,-29309594.1555845,,,,,,,
-60.70955725479126,0.00213964903638756,-93.58513341620898,1151.451967107876,0.0,1646035697.8865144,1515002167.2018936,24,6909,170000,0.0003,-302248128.0,18519.951171875,-0.8434373140335083,31581961977856.0,19706526.0,160001,40000.0,-29309594.1555845,,,,,,,
-61.066630125045776,-0.005540791521176263,-110.47631390201995,1600.8889352099873,0.0,3162363325.222206,2469585401.9281864,24,6984,172000,0.0003,-209906832.0,18711.740234375,-0.6856975555419922,18757472747520.0,18495916.0,162001,40000.0,-29309594.1555845,,,,,,,
-61.11165589141846,0.0025411099464779253,-121.5875749166488,1935.3270954117281,0.0,4628592727.114354,3306948958.1656694,24,7059,174000,0.0003,-216950528.0,19446.501953125,0.8098181486129761,25938953764864.0,23872308.0,164001,40000.0,-29309594.1555845,,,,,,,
-60.79026551818848,-0.0012234431331598716,-126.56598740884644,2103.8655235443402,0.0,5519458529.135987,3731861306.6585436,24,7141,176000,0.0003,-235110048.0,20407.453125,-1.1931469440460205,29696439877632.0,22358516.0,166001,40000.0,-29309594.1555845,,,,,,,
-61.02376638603211,0.0019091820333255129,-128.48457981088922,2160.0786687720783,0.0,5908196261.036045,3924552122.2347965,24,7222,178000,0.0003,-223678848.0,22157.6171875,-1.795629620552063,27055578152960.0,18408276.0,168001,40000.0,-29309594.1555845,,,,,,,
-61.183663343429565,1.660780111853999e-06,-128.96587893410506,2181.035208904624,0.0,6140889589.103924,4004414148.3386626,24,7298,180000,0.0003,-218037936.0,22715.455078125,-0.3447130620479584,24891155808256.0,18296126.0,170001,40000.0,-29309594.1555845,,,,,,,
-61.028221197128296,-0.00284746242177494,-129.10869924475435,2188.145249924151,0.0,6323474983.489927,4030815066.1593285,24,7373,182000,0.0003,-251162112.0,23841.376953125,-0.8087635040283203,25929510289408.0,22788834.0,172001,40000.0,-29309594.1555845,,,,,,,
-61.01918802261353,0.0009526362203415717,-129.1932180330077,2189.783931624877,0.0,6498965634.310655,4064111718.1816483,24,7449,184000,0.0003,-262848944.0,24743.443359375,-0.7652145624160767,28451402678272.0,20306498.0,174001,40000.0,-29309594.1555845,,,,,,,
-60.907398473739626,-0.0007092362963603689,-129.4363642862352,2190.036498303838,0.0,6688702704.608713,4080895965.805557,24,7525,186000,0.0003,-274627136.0,25594.97265625,-0.36267539858818054,19863940628480.0,16326405.0,176001,40000.0,-29309594.1555845,,,,,,,
-60.954139263153074,-0.002636738535565612,-129.17497507125938,2189.938283297846,0.0,6898029196.929764,4094850999.652024,24,7601,188000,0.0003,-258328736.0,27248.435546875,-0.40941277146339417,29015182147584.0,19815040.0,178001,40000.0,-29309594.1555845,,,,,,,
-60.977707090377805,0.0005334568649336542,-129.16725529362856,2190.3145763640437,0.0,7131364827.468259,4120880617.234499,24,7677,190000,0.0003,-311713664.0,28346.322265625,-0.48766666650772095,29332944715776.0,21658552.0,180001,40000.0,-29309594.1555845,,,,,,,
-60.83125479125977,-0.0016616971045476134,-129.38584097024312,2189.5213039055084,0.0,7380043356.878378,4148366955.892471,24,7753,192000,0.0003,-251639792.0,29198.447265625,-0.3883625268936157,24421469257728.0,16423738.0,182001,40000.0,-29309594.1555845,,,,,,,
-60.80716804885864,-0.0017066076520766951,-129.2226067992911,2188.759760304051,0.0,7650281797.000098,4141684112.4232807,24,7829,194000,0.0003,-403734304.0,29105.53515625,1.553097128868103,27639295246336.0,16367387.0,184001,40000.0,-29309594.1555845,,,,,,,
-60.97808852958679,-0.0026983485736188795,-129.13417805851077,2189.3141595088446,0.0,7948909524.291844,4181374678.450918,24,7905,196000,0.0003,-426119360.0,30203.0625,-0.2067527323961258,23999698436096.0,16897598.0,186001,40000.0,-29309594.1555845,,,,,,,
-60.836817100524904,0.0012633418358500082,-129.19324212541943,2189.4752897250933,0.0,8267003609.51645,4205405634.3766503,24,7981,198000,0.0003,-476517728.0,30948.306640625,-0.8765507340431213,26067001671680.0,15601210.0,188001,40000.0,-29309594.1555845,,,,,,,
-60.782843206405644,5.758710923484467e-05,-129.39572105705528,2188.7590268878835,0.0,8601928041.810959,4217371374.6589875,,,200000,0.0003,-405632928.0,31733.388671875,0.2247791290283203,18351445245952.0,14589771.0,190000,,,0.0,0.0,40000.0,-141720026028.5837,6538572005.63103,0.0,0.0
,,,,,,,21,9210,200000,0.0003,-372897600.0,31734.20703125,0.42347031831741333,14457065439232.0,18524092.0,190001,40000.0,-33020063.1063776,,,,,,,
-52.891466091156005,-0.04613166565017465,-9.242326845500722,14.38346820435299,0.0,517716.7886782845,2527811.132012594,21,9284,202000,0.0003,-380954944.0,31033.3671875,0.20496775209903717,20067934797824.0,14710157.0,192001,40000.0,-33020063.1063776,,,,,,,
-59.73704965400696,-0.0013686171079542017,-29.085712665713164,114.81045391293621,0.0,19163990.131241646,51328355.29427829,21,9359,204000,0.0003,-410465120.0,31342.513671875,-0.15321043133735657,16823903846400.0,15185774.0,194001,40000.0,-33020063.1063776,,,,,,,
-61.14624890708922,-0.0020307727133148223,-50.48879374853261,339.828668127766,0.0,150655030.6101983,246334609.9331,21,9434,206000,0.0003,-427903232.0,33486.8828125,-2.2739508152008057,33435775139840.0,18116838.0,196001,40000.0,-33020063.1063776,,,,,,,
-61.05816683578491,-0.004899740432066192,-72.21902426214096,686.6503463157246,0.0,594533288.000199,701266133.5213072,21,9510,208000,0.0003,-404554720.0,34909.125,-0.7167433500289917,16856979079168.0,13899884.0,198001,40000.0,-33020063.1063776,,,,,,,
-60.778418449401855,0.004997058220793592,-92.50699888322396,1125.8937120402682,0.0,1574581824.6517541,1471905755.0169592,21,9586,210000,0.0003,-393133152.0,36166.296875,-0.02718310058116913,40422806126592.0,21300656.0,200001,40000.0,-33020063.1063776,,,,,,,
-60.832893575668336,6.692224849845705e-05,-109.45397489254097,1574.62247705661,0.0,3059296176.196667,2397297944.3565884,21,9663,212000,0.0003,-399923520.0,36516.86328125,-0.03445327281951904,28147330318336.0,22030876.0,202001,40000.0,-33020063.1063776,,,,,,,
-60.82037877464295,-0.0029935925584460444,-120.38574256293833,1900.200592658108,0.0,4462621359.256801,3192327021.895385,21,9739,214000,0.0003,-424979712.0,38068.9921875,-0.42423880100250244,24582549405696.0,15050824.0,204001,40000.0,-33020063.1063776,,,,,,,
-61.048892745971685,-0.01382813452628276,-124.61386514750204,2034.3356782665262,0.0,5167345992.345246,3578468185.2657743,22,9815,216000,0.0003,-310393280.0,39707.12109375,-0.4835379123687744,16866048212992.0,14904288.0,206001,40000.0,-33020063.1063776,,,,,,,
-60.86549975013733,-0.015152642043930664,-124.64787884330558,2035.5126985378602,0.0,5270435943.759195,3596088155.6115594,22,9892,218000,0.0003,-392890304.0,40342.8828125,-0.3669266104698181,23881066741760.0,18816092.0,208001,40000.0,-33020063.1063776,,,,,,,
-61.11121197128296,-0.011794377913897085,-124.64042868494245,2035.1540783792082,0.0,5386026360.659935,3633690074.9487553,22,9968,220000,0.0003,-335706752.0,41678.16015625,-0.7702071666717529,45909203222528.0,31049368.0,210001,40000.0,-33020063.1063776,,,,,,,
-60.967110822677604,-0.011966909818213876,-124.65176951244874,2035.8035144081894,0.0,5526538322.499732,3650632628.4014516,22,10045,222000,0.0003,-329118720.0,42663.76171875,1.279438853263855,22603645321216.0,18288442.0,212001,40000.0,-33020063.1063776,,,,,,,
-60.84385360908508,-0.011497493640345944,-124.64211447124163,2035.7193804502915,0.0,5683440061.055358,3661131160.8830004,22,10121,224000,0.0003,-343549248.0,43678.9609375,1.2660915851593018,24182165340160.0,19051742.0,214001,40000.0,-33020063.1063776,,,,,,,
-60.89336852836609,-0.011708662492263131,-124.62151937003416,2035.5762826989683,0.0,5860039685.846888,3686070987.0991898,22,10198,226000,0.0003,-382837216.0,44933.81640625,-0.06805258989334106,23755002740736.0,15043140.0,216001,40000.0,-33020063.1063776,,,,,,,
-61.257649477005,-0.012138682306025848,-124.58098244832271,2035.5864280018254,0.0,6057354554.761878,3728904549.8586373,22,10275,228000,0.0003,-399178240.0,45445.23046875,0.037838250398635864,31387482587136.0,19886760.0,218001,40000.0,-33020063.1063776,,,,,,,
-61.24271906280518,-0.012421998815361946,-124.51721814637885,2035.683149753131,0.0,6275055347.937606,3741976150.9531026,22,10352,230000,0.0003,-434678784.0,47263.13671875,1.2974923849105835,19437876936704.0,11861873.0,220001,40000.0,-33020063.1063776,,,,,,,
-61.176294506073,-0.012591103713438466,-124.57633130573164,2035.699663377565,0.0,6512352497.242428,3750648649.354707,22,10429,232000,0.0003,-443451840.0,47960.8359375,0.5985289812088013,18353984897024.0,13931490.0,222001,40000.0,-33020063.1063776,,,,,,,
-61.22653957557678,-0.01277429268097864,-124.61932072371614,2035.6428279753954,0.0,6769251941.175811,3779696316.462058,22,10506,234000,0.0003,-371763840.0,49112.43359375,1.6831258535385132,26744700534784.0,15201947.0,224001,40000.0,-33020063.1063776,,,,,,,
-61.289311082839966,-0.013031053886459849,-124.63657187779006,2035.573275979339,0.0,7046054755.323648,3806603251.878927,22,10583,236000,0.0003,-373362976.0,49834.8671875,0.3055573105812073,27073494122496.0,17350968.0,226001,40000.0,-33020063.1063776,,,,,,,
-61.00020417404175,-0.013093322069797582,-124.64842841374578,2035.6910776737457,0.0,7343737707.851598,3810007761.5039434,22,10660,238000,0.0003,-489191392.0,51403.1640625,-1.4041810035705566,25698269921280.0,15201947.0,228001,40000.0,-33020063.1063776,,,,,,,
-61.013860673904425,-0.013197707893875726,-124.65076562941194,2035.6262707414155,0.0,7660497597.74819,3829670418.2541747,22,10737,240000,0.0003,-394634336.0,53575.8671875,0.4700632691383362,30603718164480.0,19722830.0,230001,40000.0,-35490611.56118917,,,,,,,
-2.4722590904235875,-0.02515705403442987,0.5197983115860676,0.44509801735669646,0.0,3599.180232656223,9068.95727491554,22,10814,242000,0.0003,-421871392.0,53127.36328125,-0.9226968288421631,21997165740032.0,16880950.0,232001,40000.0,-35490611.56118917,,,,,,,
-49.40379370307925,0.025997568505643033,-12.632868649709845,23.89462312701467,0.0,1125323.9307441225,4767444.728015936,22,10891,244000,0.0003,-344486080.0,53348.47265625,0.3983036279678345,14839269294080.0,12786541.0,234001,40000.0,-35490611.56118917,,,,,,,
-60.91165496826172,-0.009998760290655282,-32.44303040590303,142.20199850412882,0.0,28663538.773641065,69014606.13119633,22,10968,246000,0.0003,-470482304.0,54318.25,0.7639214396476746,31051386716160.0,18477986.0,236001,40000.0,-35490611.56118917,,,,,,,
-61.2334549407959,0.0076146642560596415,-54.242135908355586,389.87519560152106,0.0,196625014.4085106,307025380.47932863,22,11045,248000,0.0003,-452220288.0,56172.62890625,-1.3041518926620483,24288967000064.0,14156893.0,238001,40000.0,-35490611.56118917,,,,,,,
-61.26686972618103,-0.007292754061459199,-75.73257830172132,756.2486128067764,0.0,718653439.9220825,809822047.3619381,22,11123,250000,0.0003,-444189792.0,57865.8828125,-0.8028817176818848,15120554000384.0,12972243.0,240001,40000.0,-35490611.56118917,,,,,,,
-61.0350735912323,0.007904653597598451,-95.75755311272508,1205.3279467347086,0.0,1801285538.1696362,1624269585.1157355,22,11200,252000,0.0003,-355796032.0,59725.921875,-0.5381002426147461,14245575000064.0,12369759.0,242001,40000.0,-35490611.56118917,,,,,,,
-61.192430381774905,-0.0067093845420009715,-111.56148416586767,1637.53651881354,0.0,3308089294.567862,2565232311.8485384,22,11277,254000,0.0003,-397771200.0,62902.19921875,-1.152039647102356,20331200774144.0,17192648.0,244001,40000.0,-35490611.56118917,,,,,,,
-61.05775016212464,-0.00021095063389102548,-122.08073689735853,1955.1381316069776,0.0,4727175279.57913,3349520249.8192687,22,11354,256000,0.0003,-443485344.0,65446.5,-0.16271576285362244,32860830433280.0,19154198.0,246001,40000.0,-35490611.56118917,,,,,,,
-60.914967254638675,0.006582840906624879,-126.89834306609742,2105.634788723883,0.0,5537845854.391497,3753638169.59188,22,11431,258000,0.0003,-434160320.0,67770.7578125,-1.0384116172790527,19202110914560.0,19459004.0,248001,40000.0,-35490611.56118917,,,,,,,
-61.005999673843384,0.002186875471253033,-128.18266064359622,2160.0806514714545,0.0,5919801802.976394,3913195136.0640755,22,11509,260000,0.0003,-359608992.0,71131.6015625,-2.7405784130096436,23193951666176.0,16797704.0,250001,40000.0,-35490611.56118917,,,,,,,
-60.895122295379636,-0.0035188924493968258,-128.94717673595392,2179.58676498127,0.0,6147083145.886451,3988491910.5473084,22,11586,262000,0.0003,-340672672.0,74047.453125,0.5058192014694214,28768183779328.0,17189598.0,252001,40000.0,-35490611.56118917,,,,,,,
-61.001107181549074,-0.00023954773437656043,-129.324822241371,2186.7216312638047,0.0,6331917538.099075,4038248313.4539037,22,11663,264000,0.0003,-348942400.0,76644.2734375,1.658870816230774,14657010008064.0,18410108.0,254001,40000.0,-35490611.56118917,,,,,,,
-60.80497504997253,-0.004203130647974949,-129.16965664050917,2188.302505164163,0.0,6509179122.13322,4040208802.701026,22,11740,266000,0.0003,-337006048.0,78779.296875,0.18757304549217224,11319214342144.0,11416189.0,256001,40000.0,-35490611.56118917,,,,,,,
-60.82184790992737,-0.0014648494757304416,-129.10906380887548,2188.3524442679736,0.0,6699901359.087051,4067271462.8182116,22,11817,268000,0.0003,-365050848.0,83667.5234375,-0.5114552974700928,11031887740928.0,12858055.0,258001,40000.0,-35490611.56118917,,,,,,,
-60.69121102523804,-0.0005150626599549659,-129.1737242961221,2188.848114328326,0.0,6914471543.354696,4087717037.1661434,22,11895,270000,0.0003,-402869184.0,87419.1328125,-0.6308961510658264,18052666097664.0,11768289.0,260001,40000.0,-35490611.56118917,,,,,,,
-60.51291330909729,-0.0011393034467764994,-129.3387399776366,2187.09610906485,0.0,7138657672.163326,4096424002.3186913,22,11973,272000,0.0003,-368488576.0,90481.6953125,-0.7921686768531799,12586034659328.0,9587344.0,262001,40000.0,-35490611.56118917,,,,,,,
-60.413623735427855,-0.002200856568730898,-129.0986206844988,2185.4595616315055,0.0,7384781708.08068,4091535884.5729556,22,12051,274000,0.0003,-364426848.0,94046.3359375,-0.20740564167499542,7896065638400.0,10620039.0,264001,40000.0,-35490611.56118917,,,,,,,
-60.37149934196472,-0.000936787411980063,-129.007146367954,2183.476685055463,0.0,7650415304.026664,4109789800.0967445,22,12129,276000,0.0003,-304194272.0,96940.484375,0.1512610912322998,25496393875456.0,12399769.0,266001,40000.0,-35490611.56118917,,,,,,,
-60.42836118888855,-0.00019521677884874205,-129.02784631369067,2184.6025931761314,0.0,7953785825.032737,4137976119.025831,22,12207,278000,0.0003,-369025632.0,100190.984375,-0.6106047630310059,14401328381952.0,9855213.0,268001,40000.0,-35490611.56118917,,,,,,,
-60.305794832229616,-0.0012427293392925937,-129.01338885845337,2183.1813899599483,0.0,8265202703.166714,4150553758.8640146,22,12284,280000,0.0003,-381049696.0,103258.6640625,-0.6318091750144958,12451357655040.0,10375667.0,270001,40000.0,-37170184.08855529,,,,,,,
35.80522713851924,0.15337535072417244,3.5539902440947855,2.367730162575699,0.0,41544.20907045535,340660.229031535,22,12362,282000,0.0003,-341492128.0,105852.3359375,0.028305143117904663,14205287661568.0,13572893.0,272001,40000.0,-37170184.08855529,,,,,,,
60.45705544281006,-0.013690773627644984,22.176061517370716,69.38081980965728,0.0,7725674.286738358,24240321.057893272,22,12438,284000,0.0003,-347778656.0,102173.890625,1.1765614748001099,15831389962240.0,17153120.0,274001,40000.0,-37170184.08855529,,,,,,,
57.8823203868866,0.005889384445377874,43.43950149498887,250.45321479814532,0.0,83144557.02544267,150654554.86849013,22,12514,286000,0.0003,-320669984.0,101232.59375,0.19783419370651245,37571333718016.0,24606004.0,276001,40000.0,-37170184.08855529,,,,,,,
60.53400191688537,-0.0005040943024077773,64.47231826143405,550.0276143861548,0.0,384880698.3844764,503860031.8123439,22,12590,288000,0.0003,-325995392.0,103285.0625,-0.324354350566864,25744310796288.0,39534980.0,278001,40000.0,-37170184.08855529,,,,,,,
60.02465875053406,-0.0034007643024481994,85.32327763602127,960.4673986087272,0.0,1150669309.281508,1146145361.4249508,22,12665,290000,0.0003,-279493920.0,104187.3984375,0.7676079273223877,9059499507712.0,15479460.0,280001,40000.0,-37170184.08855529,,,,,,,
60.694126285552976,0.0022832437221264523,104.01150978535694,1420.503082529232,0.0,2495395899.8692956,2075704579.4152596,22,12741,292000,0.0003,-290732736.0,105703.140625,-0.9739132523536682,25974244638720.0,20611638.0,282001,40000.0,-37170184.08855529,,,,,,,
59.69014448165893,0.0043493788653662015,117.60685381114489,1811.2729353244215,0.0,4048699613.6513257,2954008420.788045,22,12817,294000,0.0003,-310408736.0,105340.359375,-0.9921136498451233,13553016766464.0,12608523.0,284001,40000.0,-37170184.08855529,,,,,,,
58.9503027305603,-0.0007948827173298388,124.76405979545675,2041.0040269054516,0.0,5172986936.640338,3500100429.695547,22,12893,296000,0.0003,-231326912.0,107607.390625,2.096435070037842,13155103145984.0,19385956.0,286001,40000.0,-37170184.08855529,,,,,,,
58.54097977256774,-3.5158474189523616e-05,127.465071185288,2129.5863150944597,0.0,5706706017.230169,3725972798.203507,22,12967,298000,0.0003,-251507088.0,107013.2109375,0.11251150071620941,14190070726656.0,16475414.0,288001,40000.0,-37170184.08855529,,,,,,,
57.75626423835755,-0.004389784241665415,128.0982520151572,2153.716116211028,0.0,5944614261.180827,3774488970.037775,,,300000,0.0003,-237812288.0,103845.765625,2.356140613555908,10831247966208.0,17798574.0,290000,,,0.0,0.0,40000.0,-85761059191.34222,30629896997.998135,0.0,0.0
,,,,,,,21,14181,300000,0.0003,-264751488.0,103820.3125,-0.29518264532089233,17104571990016.0,30461996.0,290001,40000.0,-37170184.08855529,,,,,,,
57.977827016830446,0.0018251261451608706,128.39679050223967,2160.3083645177812,0.0,6114229916.446801,3796157058.38015,21,14253,302000,0.0003,-221641888.0,103028.1015625,2.195228338241577,10301265149952.0,15236766.0,292001,40000.0,-37170184.08855529,,,,,,,
57.469065706253055,0.0007736611706634613,128.55652197524356,2162.884484026447,0.0,6284394828.566881,3817285723.311595,21,14326,304000,0.0003,-213937696.0,99130.4921875,-1.7260034084320068,22181878693888.0,24091588.0,294001,40000.0,-37170184.08855529,,,,,,,
55.941179876327524,0.00011091298647692502,128.11245920040108,2156.5815582628406,0.0,6429629448.667545,3735408901.813945,21,14399,306000,0.0003,-185829360.0,96558.7734375,-0.8615821599960327,8333526302720.0,12016198.0,296001,40000.0,-37170184.08855529,,,,,,,
54.946317316055286,-0.0017618199114008957,128.07853882038373,2144.3633002275496,0.0,6565109460.741432,3675873047.8568277,21,14472,308000,0.0003,-182406432.0,95078.546875,0.6566882729530334,11341853097984.0,16106764.0,298001,40000.0,-37170184.08855529,,,,,,,
52.06160594558716,0.0003620299090322262,127.36402523367816,2126.555508701227,0.0,6692758029.865988,3492170857.3927717,21,14544,310000,0.0003,-166408432.0,88646.7890625,1.8399019241333008,19124868612096.0,19307562.0,300001,40000.0,-37170184.08855529,,,,,,,
51.99363562965393,-0.0007517791778028514,126.8015360030459,2113.093106937604,0.0,6863023052.600635,3467682916.466714,21,14618,312000,0.0003,-160085520.0,85285.421875,1.2241305112838745,9738216538112.0,11820897.0,302001,40000.0,-37170184.08855529,,,,,,,
39.02357497787476,0.004945943521795662,125.68736096479924,2066.3131528112754,0.0,6888136975.3203335,2779607311.5294194,21,14691,314000,0.0003,-137160656.0,77206.8046875,-0.035572513937950134,12681142599680.0,21247828.0,304001,40000.0,-37170184.08855529,,,,,,,
-5.544927289962765,0.0010712926073410867,117.97082095014406,1826.5557993330006,0.0,6046633377.443634,576197276.1144371,21,14765,316000,0.0003,-137269808.0,70903.4921875,-0.2232673019170761,10849752186880.0,17058326.0,306001,40000.0,-37170184.08855529,,,,,,,
-22.315454317092918,-0.0002605710754719125,107.88849238239386,1525.4855138522703,0.0,5095259983.432889,-112459753.22499177,21,14840,318000,0.0003,-110648792.0,66928.4609375,-1.3589242696762085,15285008465920.0,18055354.0,308001,40000.0,-37170184.08855529,,,,,,,
-32.78894952201842,0.0015268162074368779,97.5420260825095,1248.4014118824957,0.0,4428019047.92641,-335801626.33234894,21,14914,320000,0.0003,-134166032.0,63229.14453125,0.16102278232574463,6303404523520.0,10147652.0,310001,40000.0,-38431021.44597125,,,,,,,
7.229762598037723,0.4281997271196663,0.4081738989697283,-0.8409706628010885,0.0,1029.6355389878233,-233.04755284687127,21,14988,322000,0.0003,-103994960.0,61866.07421875,1.7382785081863403,13108198244352.0,11220241.0,312001,40000.0,-38431021.44597125,,,,,,,
8.572976161956792,0.1074476816790827,0.7279379394156272,-0.4115234854013144,0.0,867.8511491123982,360.4252962525411,21,15063,324000,0.0003,-102341432.0,59202.44140625,-1.978340983390808,12308757610496.0,19523360.0,314001,40000.0,-38431021.44597125,,,,,,,
1.7405565662384006,0.04353092542118714,0.5509564224896387,-0.4144178823959826,0.0,1609.3287800474802,1035.3859159025178,21,15137,326000,0.0003,-101395032.0,58529.5078125,0.03025093674659729,14462918590464.0,19487180.0,316001,40000.0,-38431021.44597125,,,,,,,
3.837711360931406,0.18382182733486724,1.1451923993973694,-0.2355835312540446,0.0,6004.0538668821755,4200.389879742352,21,15211,328000,0.0003,-90804368.0,58151.6171875,-1.3526973724365234,13344726581248.0,25983628.0,318001,40000.0,-38431021.44597125,,,,,,,
-1.277463605880737,-0.03615062064915242,-0.2732685443243401,-0.9335767722572139,0.0,5827.721596661228,-882.3905839370102,21,15285,330000,0.0003,-76311392.0,56420.078125,-2.2251663208007812,7621641764864.0,12892839.0,320001,40000.0,-38431021.44597125,,,,,,,
-4.490399066925055,-0.46383517068139646,-0.10714975714663717,-0.8252463753758663,0.0,4636.185052241253,-420.75319492073726,21,15359,332000,0.0003,-66748920.0,55555.4296875,0.5183218717575073,12140264030208.0,12620050.0,322001,40000.0,-38431021.44597125,,,,,,,
-3.913047065734859,-0.16472425872364788,0.2940981337710619,-0.9398444471964655,0.0,5549.1795057777135,1329.7388375226137,21,15434,334000,0.0003,-57290412.0,55375.00390625,0.0011196881532669067,7903163449344.0,12872348.0,324001,40000.0,-38431021.44597125,,,,,,,
-1.4511628856658911,-0.04249856832680919,-0.1212951501678476,-0.9735156953586319,0.0,5879.853678603038,-259.98785161023216,21,15509,336000,0.0003,-70067144.0,54728.5625,2.2633705139160156,10012594274304.0,19791348.0,326001,40000.0,-38431021.44597125,,,,,,,
-3.6269176540374755,-0.2765067766330254,-0.0641497521490704,-0.9323510128172455,0.0,5241.635058948737,-236.45266787961128,21,15584,338000,0.0003,-49887628.0,55086.67578125,0.05734214186668396,7480413782016.0,9847105.0,328001,40000.0,-38431021.44597125,,,,,,,
-2.1915067520141602,-0.10793160355438576,0.21095445542880592,-0.9674861767782098,0.0,5720.961844410168,980.0220341213919,21,15659,340000,0.0003,-38015432.0,55038.3125,0.36489996314048767,10852075831296.0,17974670.0,330001,40000.0,-38431021.44597125,,,,,,,
-0.41563155174255373,0.011578372310085261,-0.08193811698494204,-0.9837849546377488,0.0,6028.930571468281,-119.12068997111993,21,15733,342000,0.0003,-40008832.0,56310.09765625,-1.4674934148788452,8031152635904.0,13538314.0,332001,40000.0,-38431021.44597125,,,,,,,
-1.2594145832061767,-0.1044635342137197,0.01468639349117439,-0.977781727982488,0.0,5736.969565750182,186.75255439415017,21,15808,344000,0.0003,-33544584.0,54969.07421875,1.76164710521698,11458289074176.0,18823064.0,334001,40000.0,-38431021.44597125,,,,,,,
2.0803279705047615,0.11744867199358573,0.23688737244436447,-0.9657531284491642,0.0,6268.868716939756,900.6421533747946,21,15883,346000,0.0003,-29692278.0,53722.9140625,1.2642923593521118,15514212499456.0,23330570.0,336001,40000.0,-38431021.44597125,,,,,,,
8.705737201690662,0.48065538942187347,0.2718651238093784,-0.8463072175795207,0.0,6960.103246402949,676.712135085074,21,15958,348000,0.0003,-23410646.0,52799.0,-1.5309547185897827,7779404218368.0,16035685.0,338001,40000.0,-38431021.44597125,,,,,,,
24.178977519989047,0.09053763998621901,1.7738428561320045,0.3533939472648276,0.0,12702.51902852766,33904.82729504932,21,16033,350000,0.0003,-3641603.5,52566.6796875,1.5217337608337402,13987425026048.0,24279064.0,340001,40000.0,-38431021.44597125,,,,,,,
-8.141295883178703,-0.02115540737506726,3.0039995823321695,1.026162155773064,0.0,40549.31646111643,834.1094320120256,21,16108,352000,0.0003,-345792.0,51840.671875,0.5892471075057983,7033813204992.0,12484295.0,342001,40000.0,-38431021.44597125,,,,,,,
1.2191851558685316,0.046065405868207676,0.5794495272840294,-0.6149260365861365,0.0,44441.17841859846,6053.414664355296,21,16183,354000,0.0003,-2307929.0,50266.16796875,0.8004536032676697,3925048033280.0,8590317.0,344001,40000.0,-38431021.44597125,,,,,,,
-3.0495273895263715,0.015025472344454865,1.0856384680914402,-0.49450824763289514,0.0,54569.08797157784,13570.98293940038,21,16258,356000,0.0003,-3394026.5,50008.78125,0.8464878797531128,4679012974592.0,10351924.0,346001,40000.0,-38431021.44597125,,,,,,,
4.714681230545039,0.3616061387490964,0.27819186760833564,-0.8931682940859563,0.0,63295.478442618674,3143.831580168456,21,16333,358000,0.0003,399015.0,48182.7734375,2.5318028926849365,4938050568192.0,8946460.0,348001,40000.0,-38431021.44597125,,,,,,,
6.581821620941161,0.3972560263818072,-0.13863846849699504,-0.8923296982204639,0.0,63569.367224302,-1555.1381617476086,21,16408,360000,0.0003,-6676285.0,47069.0,1.2243690490722656,3796743487488.0,7916026.5,350001,40000.0,-38507810.01256878,,,,,,,
15.993702356338423,0.048441618132759025,6.387296659572818,5.6455688079494,0.0,80677.89477103493,46837.38808388269,21,16484,362000,0.0003,-4412667.0,45976.5859375,-0.2613915801048279,4324304879616.0,12736250.0,352001,40000.0,-38507810.01256878,,,,,,,
-13.761980552673311,-0.0128810217084268,1.9906494482786616,0.0864523060227409,0.0,44208.55852737949,-696.7110330191005,21,16559,364000,0.0003,2762324.5,44942.171875,1.7314518690109253,5106762252288.0,15881808.0,354001,40000.0,-38507810.01256878,,,,,,,
14.034835939407357,0.33575577160948494,0.7520158041817049,-0.5940688487424243,0.0,49022.01939258868,8308.100385962813,22,16634,366000,0.0003,-11664292.0,42742.27734375,0.49577105045318604,7975285555200.0,25536206.0,356001,40000.0,-38507810.01256878,,,,,,,
26.622267206192024,0.23398511244990597,0.9352386933295462,0.26963455343654336,0.0,62303.658318190595,11745.103381213681,22,16710,368000,0.0003,-613692.8125,42161.04296875,0.3069729208946228,4062386323456.0,6998555.5,358001,40000.0,-38507810.01256878,,,,,,,
54.856771892547606,0.43417828237390327,0.6088503689584539,1.096541592876485,0.0,68525.30412457835,22053.396608326824,22,16785,370000,0.0003,12491509.0,40951.5078125,0.42127183079719543,4599033364480.0,7214741.5,360001,40000.0,-38507810.01256878,,,,,,,
39.73170740127561,0.3716672984321431,1.2529154017003685,1.4326908629787918,0.0,88010.11696659178,21423.075927960064,22,16860,372000,0.0003,10635721.0,39020.34375,-0.5310801863670349,9484969705472.0,19663820.0,362001,40000.0,-38507810.01256878,,,,,,,
-9.346536354064941,0.06801437878917466,1.8742159225861412,0.2318007234184082,0.0,115212.89631992824,13706.320985097576,22,16935,374000,0.0003,16594815.0,36317.71875,-0.24417299032211304,6404025876480.0,11105298.0,364001,40000.0,-38507810.01256878,,,,,,,
-2.607618232727049,-0.07586130823439052,-0.35703049197450953,-0.7668184391004332,0.0,120663.53093223955,-6241.114312905788,22,17009,376000,0.0003,29623224.0,33519.88671875,-0.34847304224967957,9979534770176.0,14113272.0,366001,40000.0,-38507810.01256878,,,,,,,
-1.9352232704162602,-0.5116620951066242,0.05846736665593259,-0.6782439756190778,0.0,115326.63082643774,1232.8990057685824,22,17085,378000,0.0003,25064052.0,31375.53125,-1.1739284992218018,11506661982208.0,14693962.0,368001,40000.0,-38507810.01256878,,,,,,,
-2.9977402935028112,-0.06178062362925488,0.24598059228510077,-0.8771657669043086,0.0,121018.96386703169,4580.531402625973,22,17166,380000,0.0003,49948840.0,28669.603515625,2.975965976715088,8988774105088.0,13933379.0,370001,40000.0,-38507810.01256878,,,,,,,
-4.041265129089354,-0.11453459214826334,-0.3036972111044479,-0.8617831825356254,0.0,120365.3159557186,-5385.584578802035,22,17247,382000,0.0003,52522576.0,26876.076171875,1.451711893081665,6884143661056.0,11490469.0,372001,40000.0,-38507810.01256878,,,,,,,
-2.6738190765380905,-0.5252900578005039,-0.02042969208528825,-0.720490531561963,0.0,115202.90115307887,-319.54069749181895,22,17328,384000,0.0003,48092288.0,23676.17578125,0.3730350434780121,6548020527104.0,13356525.0,374001,40000.0,-38507810.01256878,,,,,,,
-3.4529027576446514,-0.0905447863587075,0.37161006201148233,-0.8824384242578911,0.0,120716.19413046047,6826.846492327583,22,17409,386000,0.0003,40534724.0,22398.458984375,0.5336385369300842,5000980856832.0,7935709.5,376001,40000.0,-38507810.01256878,,,,,,,
-0.0901806449890139,0.05824772606555627,-0.16945488620129479,-0.917093502928335,0.0,122539.94605906965,-2844.8926465633353,22,17490,388000,0.0003,45506560.0,21126.41796875,-0.14337335526943207,11965032300544.0,24281224.0,378001,40000.0,-38507810.01256878,,,,,,,
-1.4233155670166011,-0.17467656851775054,-0.01371324239476602,-0.9056143634020596,0.0,119694.26871199143,-159.25677965467108,22,17571,390000,0.0003,60946920.0,18821.7734375,-0.4924560785293579,7555885563904.0,9400362.0,380001,40000.0,-38507810.01256878,,,,,,,
0.7852261238098138,0.08566457772374553,0.3002396474292461,-0.9073857129475531,0.0,122870.77565322699,5343.2780081292485,22,17653,392000,0.0003,69452336.0,16892.240234375,0.647594690322876,9427063144448.0,21772722.0,382001,40000.0,-38507810.01256878,,,,,,,
3.022344320297241,0.23156764997343174,-0.17211821984953402,-0.9023486004257285,0.0,124617.58798421909,-2869.886484941301,22,17734,394000,0.0003,64474400.0,16015.458984375,1.7296007871627808,5065335111680.0,8293193.5,384001,40000.0,-38507810.01256878,,,,,,,
0.5233954639434832,-0.041374921757325475,-0.04883878980364929,-0.946706015142466,0.0,121389.86252214292,-712.3667792650342,22,17816,396000,0.0003,40320652.0,14946.6103515625,1.269153118133545,4286729682944.0,10700275.0,386001,40000.0,-38507810.01256878,,,,,,,
2.2427705249786367,0.15720706856362807,0.23550870411190558,-0.9245213514700252,0.0,123762.5506865477,4138.173831679322,22,17891,398000,0.0003,70016048.0,13972.8349609375,-1.4213920831680298,9247808028672.0,18530338.0,388001,40000.0,-38507810.01256878,,,,,,,
3.5835242824554436,0.24546080328720063,-0.1533230965647313,-0.9153819753527089,0.0,124808.25700610649,-2547.503528954388,,,400000,0.0003,68135992.0,14222.4404296875,0.7144782543182373,4093836787712.0,7329464.5,390000,,,0.0,0.0,40000.0,-535056.0921336433,21559.050690959735,0.0,0.0
,,,,,,,20,19117,400000,0.0003,56142136.0,14220.7041015625,0.7164593935012817,2996758380544.0,5915568.0,390001,40000.0,-39384094.7033203,,,,,,,
24.506535085678067,0.04943227045399754,7.798690870106097,9.116620355842546,0.0,188694.33968803548,158738.21269352082,20,19190,402000,0.0003,44780232.0,13492.3505859375,0.09592622518539429,3515472150528.0,7888171.5,392001,40000.0,-39384094.7033203,,,,,,,
-19.750123241424564,0.031829481988901426,3.386451204932174,1.4190529280546522,0.0,80712.06434794342,-76259.86306584938,20,19263,404000,0.0003,62998448.0,12309.681640625,-0.5319486260414124,1812716716032.0,6419624.0,394001,40000.0,-39384094.7033203,,,,,,,
9.01068026161193,0.4313128795430507,0.17156913273855723,-0.8067888885248372,0.0,82337.30079765288,2226.292017096089,20,19337,406000,0.0003,65080436.0,12822.59765625,-1.0334416627883911,3299603382272.0,8272493.0,396001,40000.0,-39384094.7033203,,,,,,,
4.542455972671487,0.021365041145279123,0.8698192679464174,-0.3277769499212673,0.0,89516.51923269044,13124.915058170434,21,19411,408000,0.0003,64272168.0,12134.080078125,-1.3774638175964355,3879243874304.0,9963384.0,398001,40000.0,-39384094.7033203,,,,,,,
19.45909596252443,0.19222282260544585,1.3673907880257024,0.23555985256645243,0.0,105855.03524574413,33447.44579389319,21,19486,410000,0.0003,60614528.0,11878.86328125,1.5575610399246216,4098990014464.0,10815390.0,400001,40000.0,-39384094.7033203,,,,,,,
-4.093022481918339,0.5780549919582029,0.5085662594329589,-0.5078468182550848,0.0,128803.30746223693,-1509.2748324674792,21,19560,412000,0.0003,45144680.0,12153.3857421875,-0.5011649131774902,4627754909696.0,16241774.0,402001,40000.0,-39384094.7033203,,,,,,,
10.720951934814435,0.4340985551938929,-0.08451576614348895,-0.8170289657879988,0.0,126926.93268050435,-1347.6182970045027,21,19635,414000,0.0003,43298168.0,12830.916015625,-1.2297985553741455,2375658242048.0,6023815.5,404001,40000.0,-39384094.7033203,,,,,,,
5.333654066085824,0.11327952165145586,0.8686139742360699,-0.4337058606075468,0.0,133765.31267577974,16253.92946937379,21,19710,416000,0.0003,47796752.0,12308.47265625,-0.22896414995193481,4154672545792.0,7220359.0,406001,40000.0,-39384094.7033203,,,,,,,
2.7322476844787587,0.23825178060843974,0.67082585727448,-0.728914172601999,0.0,150197.44210464548,12804.117198442253,21,19786,418000,0.0003,50660452.0,12740.708984375,0.8992342948913574,4845492764672.0,18209236.0,408001,40000.0,-39384094.7033203,,,,,,,
0.9156068820953399,0.8254051254690349,0.0009820628668786623,-0.6123267823085505,0.0,157832.26874187365,125.6082085992069,21,19861,420000,0.0003,47602028.0,13884.7392578125,0.7386292219161987,4679829291008.0,17607352.0,410001,40000.0,-39384094.7033203,,,,,,,
9.566737064361568,0.4804516034606642,-0.24525786485004775,-0.8362902937722595,0.0,153503.50446999626,-4457.987388555901,21,19937,422000,0.0003,46758364.0,14044.8984375,-0.020239010453224182,2504036712448.0,9676994.0,412001,40000.0,-39384094.7033203,,,,,,,
7.839120748519897,0.41266833753561605,0.12926477857509608,-0.8847001774373234,0.0,152658.2768806176,2374.205335346563,21,20013,424000,0.0003,32176512.0,13962.591796875,0.7702012062072754,1645670825984.0,4870782.0,414001,40000.0,-39384094.7033203,,,,,,,
7.035075128555294,0.582347101991583,0.005281276695420792,-0.8003822951932289,0.0,154787.32641770723,103.87995553616604,21,20089,426000,0.0003,46579528.0,13747.9833984375,-0.3791639804840088,3993199706112.0,13530818.0,416001,40000.0,-39384094.7033203,,,,,,,
9.244439287185672,0.4760252480228867,-0.03924536676858245,-0.860820340424397,0.0,153460.6315239657,-708.7904554403298,21,20165,428000,0.0003,43786280.0,13600.7529296875,-1.737579345703125,1992592326656.0,7178598.5,418001,40000.0,-39384094.7033203,,,,,,,
9.70278684043883,0.6228874113243916,0.20706634220263434,-0.7660602652872635,0.0,155295.13137374658,3799.121656372406,21,20241,430000,0.0003,28758100.0,13750.8544921875,0.38555359840393066,3066105692160.0,11434946.0,420001,40000.0,-39384094.7033203,,,,,,,
5.632185636520388,0.8671421346493973,0.06173647529824919,-0.6374860073906717,0.0,158415.23053049034,1177.0792872093984,21,20317,432000,0.0003,26452616.0,13176.369140625,0.21934378147125244,1336724291584.0,4272301.5,422001,40000.0,-39384094.7033203,,,,,,,
8.908251611709606,0.8216627719232082,-0.07926492031734851,-0.6651211031062421,0.0,157829.7252491862,-1486.0733050663075,21,20393,434000,0.0003,44892936.0,13075.4755859375,-0.16230204701423645,2427267842048.0,6871935.5,424001,40000.0,-39384094.7033203,,,,,,,
12.415856271743774,0.7871161051300213,0.08731719516474111,-0.6818392261811383,0.0,157385.2987242616,1623.003984437336,21,20470,436000,0.0003,31691378.0,13390.787109375,0.5214914083480835,1726577508352.0,6311305.5,426001,40000.0,-39384094.7033203,,,,,,,
-0.040487606048584465,-0.3108840646154489,0.6397866048449597,-0.5059424979074334,0.0,164658.10114395912,13484.575493396866,21,20546,438000,0.0003,26145960.0,13269.1171875,0.6489352583885193,3034950139904.0,12234558.0,428001,40000.0,-39384094.7033203,,,,,,,
4.589778055191038,0.29965554757168866,0.6459174324025041,-0.6116456061057096,0.0,178970.94600773003,13524.479378328408,21,20622,440000,0.0003,25214940.0,12688.375,-2.4469871520996094,1809205428224.0,6334757.0,430001,40000.0,-40116070.375459276,,,,,,,
29.77585298919673,0.07856545944916568,7.491097022684586,8.444271481534466,0.0,172505.39466306655,218749.88451215407,21,20699,442000,0.0003,33947312.0,12703.9580078125,-0.6889422535896301,3489538244608.0,12086792.0,432001,40000.0,-40116070.375459276,,,,,,,
-21.316278985977196,0.16944891119912828,3.899787718949807,2.427721778225792,0.0,96412.25387014507,-134402.38396147732,21,20775,444000,0.0003,29763038.0,13254.33203125,1.049653172492981,2327175495680.0,8319381.0,434001,40000.0,-40116070.375459276,,,,,,,
17.316889467239395,0.3311741999748087,1.080690207345784,-0.21487010461023354,0.0,88869.83676122362,16998.50082255778,21,20850,446000,0.0003,37077972.0,13692.595703125,0.3919428586959839,3055815491584.0,7309373.5,436001,40000.0,-40116070.375459276,,,,,,,
11.230623754501332,0.387112577443042,0.11919945966352696,-0.35033236422128633,0.0,102333.51417310312,1155.6791237312632,21,20926,448000,0.0003,16428422.0,13233.390625,-2.0672271251678467,1629822517248.0,8291272.5,438001,40000.0,-40116070.375459276,,,,,,,
2.011454504013079,0.08252143045658093,1.1698711409905216,-0.1788796349877586,0.0,113736.66482666768,20350.453211496373,21,21002,450000,0.0003,12663407.0,12938.7294921875,-0.19128377735614777,2736377298944.0,7923872.5,440001,40000.0,-40116070.375459276,,,,,,,
7.420929677963253,0.22989686756714411,0.31801803402213014,-0.6658667442282725,0.0,124196.99128112753,5665.939201312365,21,21078,452000,0.0003,21302332.0,13062.55078125,-0.11297482252120972,1210737885184.0,4458916.0,442001,40000.0,-40116070.375459276,,,,,,,
9.316522481918323,0.10647892474060411,2.5634893332458577,0.8091857523592502,0.0,154445.2287443442,50697.41871260212,21,21153,454000,0.0003,22734778.0,13358.7587890625,0.29551154375076294,829394386944.0,3577324.25,444001,40000.0,-40116070.375459276,,,,,,,
6.616431915283205,0.4658379001292318,0.06476550451936637,-0.5482147971297235,0.0,181203.61527366727,1416.235766426614,21,21229,456000,0.0003,13977213.0,12856.822265625,0.7279177904129028,1733485395968.0,6956282.5,446001,40000.0,-40116070.375459276,,,,,,,
13.487177225112926,0.23511756054443833,1.2630465724586557,-0.09019686085090271,0.0,188488.3901922249,28460.046822142744,21,21305,458000,0.0003,4895611.0,12338.0419921875,1.6953433752059937,3307886608384.0,10322468.0,448001,40000.0,-40116070.375459276,,,,,,,
-13.965959793090814,-0.14088817143683333,0.7700643197027816,-0.3370168160384896,0.0,220024.46021455785,18072.171859524336,21,21380,460000,0.0003,2350129.0,12366.408203125,1.4872474670410156,1313549320192.0,6361099.5,450001,40000.0,-40116070.375459276,,,,,,,
-3.2610902175903336,-0.37497831252476027,0.5665667810833981,-0.8260684119450449,0.0,231476.33981484192,14609.625944967867,21,21456,462000,0.0003,10832596.0,12298.0068359375,-0.7953410148620605,1260833472512.0,4293557.5,452001,40000.0,-40116070.375459276,,,,,,,
30.410606752395637,0.34768325498863906,1.909672070068085,0.6809474365221782,0.0,269444.63547716365,54645.778411318744,21,21531,464000,0.0003,7131144.0,11857.0302734375,1.08367919921875,1778882052096.0,5888065.5,454001,40000.0,-40116070.375459276,,,,,,,
21.569617689132702,0.10691234858099065,2.5781811673288044,1.999495279802929,0.0,337737.9217880838,73303.99239311124,21,21607,466000,0.0003,6803915.0,11895.5166015625,0.5107107162475586,1458553749504.0,6688283.5,456001,40000.0,-40116070.375459276,,,,,,,
32.54463735961914,0.28195937230949397,1.0740871826143992,1.323818922458825,0.0,374051.45079538395,29654.4717600701,21,21683,468000,0.0003,76865.1875,11533.291015625,2.2665836811065674,1244536242176.0,6305222.0,458001,40000.0,-40116070.375459276,,,,,,,
51.9469338684082,0.507864974381792,0.04125860584472923,0.9852599341218292,0.0,404107.94404856546,1794.1835858613845,21,21759,470000,0.0003,2475251.75,10801.4482421875,0.6054425835609436,2724650287104.0,14682461.0,460001,40000.0,-40116070.375459276,,,,,,,
55.6330643119812,0.4853737707650807,0.15063782116500654,0.76497837411701,0.0,403739.57105639874,5633.536789813596,21,21835,472000,0.0003,4335114.5,10490.791015625,0.6808780431747437,1470587207680.0,6320911.0,462001,40000.0,-40116070.375459276,,,,,,,
59.90479996299744,0.584721084677149,0.05832770058536713,1.1189751385374533,0.0,406501.32167192694,2467.3010276860427,21,21910,474000,0.0003,6011047.5,9408.521484375,0.8585042953491211,1078681075712.0,3578272.25,464001,40000.0,-40116070.375459276,,,,,,,
57.19233024215699,0.5176869968730196,-0.16206546838295807,1.0006127033544878,0.0,404305.2361318255,-6554.014690356045,21,21986,476000,0.0003,-3583610.5,9154.62109375,-0.18954743444919586,1020961095680.0,4186922.5,466001,40000.0,-40116070.375459276,,,,,,,
52.298146926879895,0.4111812725361386,-0.07435949684031434,1.0195068433166588,0.0,402265.59183295845,-1448.5175945710657,21,22062,478000,0.0003,277354.5,8727.7314453125,-1.7948065996170044,1274759872512.0,5052805.0,468001,40000.0,-40116070.375459276,,,,,,,
54.03241185379029,0.41594605234757287,0.16031437801005685,1.4992953202989974,0.0,403776.34300639614,9022.198727815705,21,22137,480000,0.0003,-7237236.0,8807.2890625,-0.6081110239028931,1045003173888.0,4091284.75,470001,40000.0,-40733273.26525434,,,,,,,
30.912089822769186,0.19719571909815728,2.411822907056559,0.9235292534020035,0.0,15578.584851664942,137740.8642355019,21,22213,482000,0.0003,-14386098.0,8911.9990234375,-0.26411205530166626,902855589888.0,3759399.0,472001,40000.0,-40733273.26525434,,,,,,,
-15.80287607002258,-0.004211938303301886,6.766708574066062,5.983164074542025,0.0,104742.72893431135,-81081.43540021026,21,22289,484000,0.0003,-12393941.0,9167.2451171875,-1.4428681135177612,1442146156544.0,6243931.0,474001,40000.0,-40733273.26525434,,,,,,,
-11.692481655120854,-0.2698359941098114,0.3403615376758536,-0.7726518605171971,0.0,57814.762835906215,3238.5625972592497,21,22365,486000,0.0003,-8749610.0,9417.83984375,0.553589940071106,973567295488.0,5293018.5,476001,40000.0,-40733273.26525434,,,,,,,
-7.683402519226067,-0.23688146112785793,-0.27595844830870764,-0.8119305618703654,0.0,58052.57695154339,-3635.500669620694,21,22441,488000,0.0003,-9836642.0,9223.201171875,-0.8008295297622681,898179006464.0,4471883.0,478001,40000.0,-40733273.26525434,,,,,,,
-2.046811973571779,-0.0812474892514889,-0.8692252278978437,-0.39549051425155946,0.0,51034.62337854753,-9294.915118442814,21,22517,490000,0.0003,-6255325.5,8431.2109375,-0.7345383167266846,979794329600.0,7083614.0,480001,40000.0,-40733273.26525434,,,,,,,
-2.5212844047546397,-0.15952705367391512,-0.4655657362800241,-0.906171752256936,0.0,43426.931125565614,-5074.540783513304,21,22593,492000,0.0003,-13227024.0,8520.9931640625,1.5222898721694946,855754342400.0,3590059.5,482001,40000.0,-40733273.26525434,,,,,,,
-11.832633176803578,-0.4648099675711775,-0.2130210077830589,-0.7686048398121873,0.0,41029.345708594,-2488.7043026223314,21,22668,494000,0.0003,-7657030.0,7886.7353515625,0.29421865940093994,1499651375104.0,7440723.5,484001,40000.0,-40733273.26525434,,,,,,,
-5.705322744369504,-0.02493826758306876,-1.212950143921939,-0.2803647657405602,0.0,32624.175571254542,-11292.729616275954,21,22744,496000,0.0003,-13982655.0,8056.404296875,0.11076508462429047,741485051904.0,5583738.0,486001,40000.0,-40733273.26525434,,,,,,,
5.726446527481078,0.005562971405541333,0.04245215949930894,0.6714263704815874,0.0,26299.541311762965,9996.876966373648,21,22819,498000,0.0003,-13656365.0,7472.73876953125,-0.29482054710388184,650912595968.0,3334081.0,488001,40000.0,-40733273.26525434,,,,,,,
-12.018306478500364,-0.11644407707908296,0.12609185318869134,-0.5683275388890764,0.0,30866.72527809706,-8138.667815083875,,,500000,0.0003,-11842819.0,7672.4091796875,-0.561522364616394,786950651904.0,3646508.75,490000,,,0.0,0.0,40000.0,-110910.5717899408,32698.27340894052,0.0,0.0
,,,,,,,20,24049,500000,0.0003,-15832271.0,7671.80908203125,0.6823755502700806,687425650688.0,3029076.75,490001,40000.0,-40733273.26525434,,,,,,,
-2.5401075382232654,-0.3603756115275769,-0.06342978818092132,-0.6333737831103718,0.0,28556.72901820672,-479.24790287334173,20,24121,502000,0.0003,-9251826.0,7559.830078125,0.31008729338645935,1198713470976.0,5171133.5,492001,40000.0,-40733273.26525434,,,,,,,
-7.883985906600964,-0.24918357238568373,0.21192903590620185,-0.7245581673536026,0.0,29403.250570221277,2128.5152817071794,20,24194,504000,0.0003,-19214462.0,7276.251953125,-2.633456230163574,926193811456.0,3556457.0,494001,40000.0,-40733273.26525434,,,,,,,
-2.0037248134613073,-0.07600919720958434,-0.04448900993150824,-0.7821807170828172,0.0,30510.706793278656,-262.1182816371194,20,24266,506000,0.0003,-13146519.0,7714.751953125,-1.471085786819458,1973359738880.0,9618538.0,496001,40000.0,-40733273.26525434,,,,,,,
-4.525156917572022,-0.41706438237085874,-0.2550741668086929,-0.7470978637018906,0.0,28451.31491822202,-2314.487103284914,20,24340,508000,0.0003,-12618470.0,7234.06640625,-0.4305841028690338,995181854720.0,4753010.0,498001,40000.0,-40733273.26525434,,,,,,,
-9.692823146820068,-0.42798674458886315,0.002793490937462527,-0.7924512117738881,0.0,28445.510682347947,49.92029942540158,20,24414,510000,0.0003,-11102140.0,7566.38623046875,0.6406741142272949,970810720256.0,3638323.0,500001,40000.0,-40733273.26525434,,,,,,,
-7.440980510711679,-0.4660088597306473,-0.07519591898952345,-0.7715428573442837,0.0,28219.009613789072,-616.3992803827308,20,24488,512000,0.0003,-15560046.0,7537.19677734375,0.011579722166061401,8444524363776.0,8363284.5,502001,40000.0,-40733273.26525434,,,,,,,
-10.031392253875726,-0.6583900379914115,0.008972070481539267,-0.7232365447174793,0.0,27005.911402260048,108.34416105747512,20,24562,514000,0.0003,-17070546.0,6916.78466796875,0.590366005897522,696720359424.0,3633022.5,504001,40000.0,-40733273.26525434,,,,,,,
-10.514967212677007,-0.7336384852039238,-0.13235028976824798,-0.6351525226187669,0.0,26466.658855597925,-1293.5336906005055,20,24636,516000,0.0003,-13470275.0,7059.6123046875,-1.1067484617233276,794401898496.0,3499001.25,506001,40000.0,-40733273.26525434,,,,,,,
-1.479861354827881,0.3847500349802278,-0.14930050204164277,-0.4883754043797421,0.0,24605.43158181629,-1421.4190203210233,20,24711,518000,0.0003,-16331202.0,6486.6474609375,0.4855037331581116,1852469673984.0,6033836.0,508001,40000.0,-40733273.26525434,,,,,,,
0.7386616554260165,0.15645324861194693,-0.6981000179782739,-0.6432526158938138,0.0,22886.858040146966,-4219.120837431792,20,24786,520000,0.0003,-15121277.0,6499.64501953125,-2.892578125,786723700736.0,5543439.0,510001,40000.0,-41098416.27668254,,,,,,,
5.000557392120361,0.2173705794757817,0.2975861772301671,-0.9278783310939738,0.0,1088.3529585282402,-175.29502475944594,20,24860,522000,0.0003,-14048524.0,6631.77197265625,1.0843586921691895,1173635989504.0,4756983.5,512001,40000.0,-41098416.27668254,,,,,,,
6.253896148681643,0.5624367924679874,0.10832559672669176,-0.7921271495498321,0.0,860.0048826990082,-97.88488265591444,21,24935,524000,0.0003,-15003672.0,6311.0009765625,-0.44349220395088196,1172387397632.0,6230684.5,514001,40000.0,-41098416.27668254,,,,,,,
16.554231525421123,0.4947710555808419,0.40263587240566484,-0.6147493576459745,0.0,805.276809510154,57.27417426886383,21,25009,526000,0.0003,-12639598.0,5981.65234375,-0.2517963647842407,685365264384.0,3226593.25,516001,40000.0,-41098416.27668254,,,,,,,
-6.230116666793825,-0.24075221768373675,2.6828532551879953,1.1403454555448311,0.0,15445.664226867306,7539.390928929595,21,25085,528000,0.0003,-13009600.0,6023.3720703125,1.1234756708145142,686303084544.0,2705635.5,518001,40000.0,-41098416.27668254,,,,,,,
-9.506722488403334,-0.6400434578386444,0.33525096448165914,-0.7226026115107886,0.0,9377.387088153675,2142.7234169932312,21,25161,530000,0.0003,-12630890.0,6177.84326171875,-0.0470573753118515,1244927754240.0,6251131.5,520001,40000.0,-41098416.27668254,,,,,,,
-6.974363849639889,-0.41031366217061754,0.020926557737837352,-0.8922270219401249,0.0,10392.985855951445,143.28548042388314,21,25236,532000,0.0003,-15340526.0,5748.71484375,-0.9991487860679626,1100281282560.0,6468563.5,522001,40000.0,-41098416.27668254,,,,,,,
-4.732835098266598,-0.29294159823481275,0.155287364929308,-0.9309232775607458,0.0,10892.613048160163,953.5900842171162,21,25311,534000,0.0003,-15362137.0,5809.90380859375,-1.9905725717544556,1132422496256.0,4759733.5,524001,40000.0,-41098416.27668254,,,,,,,
1.0238805294036883,0.07873252015527958,0.2843955647445069,-0.9692096205921157,0.0,12326.517715263,1527.9741176039056,21,25387,536000,0.0003,-12319247.0,6140.7548828125,1.4586745500564575,615509917696.0,3820898.0,526001,40000.0,-41098416.27668254,,,,,,,
2.360495431900026,0.1727786027135582,-0.1724174181044627,-0.9642154501663309,0.0,12654.934451128973,-791.9805493844041,21,25463,538000,0.0003,-11810869.0,6095.62353515625,0.272868812084198,717665861632.0,3021578.25,528001,40000.0,-41098416.27668254,,,,,,,
-1.29477876853943,-0.10565702573541302,-0.08837917211265915,-0.9828785326744232,0.0,11669.985855750916,-419.4584552751017,21,25539,540000,0.0003,-14014350.0,5698.44287109375,0.3059491217136383,720810606592.0,3847254.5,530001,40000.0,-41098416.27668254,,,,,,,
-0.13925058364868273,-0.0016365549163267245,0.16805341631322487,-0.9880990951891376,0.0,12057.835976596078,983.7284423763836,21,25614,542000,0.0003,-10852808.0,6229.83642578125,1.7444994449615479,728787582976.0,3076902.25,532001,40000.0,-41098416.27668254,,,,,,,
0.2759095630645741,0.060752473123005496,-0.08041610277821835,-0.9864552379149604,0.0,12296.471413932499,-229.36882109162354,21,25689,544000,0.0003,-14767614.0,5991.232421875,1.9144004583358765,1147327217664.0,7365260.0,534001,40000.0,-41098416.27668254,,,,,,,
-1.373283716201781,-0.13638686042432197,-0.10193801059787441,-0.9772274712306173,0.0,11570.655585007054,-574.0359187773656,21,25765,546000,0.0003,-13664036.0,5519.9345703125,2.0376205444335938,1023983353856.0,5390159.5,536001,40000.0,-41098416.27668254,,,,,,,
-1.9224271392822192,-0.0874799089959393,0.07012188462171369,-0.9856716341889921,0.0,11753.85490608947,473.1072132273997,21,25840,548000,0.0003,-13370720.0,5629.798828125,-1.5833654403686523,932953587712.0,5100488.5,538001,40000.0,-41098416.27668254,,,,,,,
-0.8178532752990721,-0.022083020065875796,-0.05244616905705023,-0.9893184787929369,0.0,12017.252053873215,-144.4744887730375,21,25915,550000,0.0003,-13427080.0,5415.369140625,2.081564426422119,504027676672.0,2911030.25,540001,40000.0,-41098416.27668254,,,,,,,
-3.6044359683990477,-0.2201953891993895,-0.10538626878627355,-0.9600185551957291,0.0,11231.036454349736,-601.6654532315669,21,25991,552000,0.0003,-14305886.0,4979.6787109375,-0.9645510911941528,876322881536.0,3474778.0,542001,40000.0,-41098416.27668254,,,,,,,
-5.76754506683349,-0.32410756177079686,-0.09999632215879382,-0.9329705852245427,0.0,10785.350063992753,-633.5401597838122,21,26073,554000,0.0003,-14249545.0,5052.9482421875,-0.42607012391090393,1755726741504.0,7615948.0,544001,40000.0,-41098416.27668254,,,,,,,
-10.761538311004635,-0.602517466095603,-0.2689928976696775,-0.7740863925254797,0.0,9556.170350019756,-1731.8597221028026,21,26149,556000,0.0003,-11801388.0,5154.8447265625,0.5538291335105896,732482371584.0,4436800.5,546001,40000.0,-41098416.27668254,,,,,,,
-2.7420700969695964,0.13385631968132866,-0.9315493200754169,-0.45988356733936586,0.0,6985.561674878524,-3350.7814625917244,21,26225,558000,0.0003,-14324525.0,5217.15576171875,-3.621272563934326,1447897858048.0,6592036.5,548001,40000.0,-41098416.27668254,,,,,,,
-16.132710817337063,-0.08934644921604258,-0.9595552841654726,0.7242711718061385,0.0,4740.2734911474645,-3335.532302288932,21,26300,560000,0.0003,-12197338.0,5043.4111328125,-0.7144598364830017,485006311424.0,2056281.625,550001,40000.0,-40970455.17872886,,,,,,,
-3.3370423202514647,-0.15726218548281581,-0.17615780165581965,-0.9693832993171574,0.0,1153.0619244606473,-20.010222741704954,21,26376,562000,0.0003,-13472209.0,5273.76806640625,-3.0315470695495605,992634798080.0,5568577.5,552001,40000.0,-40970455.17872886,,,,,,,
-5.0902312831878715,-0.3391794701550467,-0.07962663293970845,-0.9222051554143742,0.0,1060.090935776725,-60.02057698818153,21,26451,564000,0.0003,-14551563.0,5093.283203125,0.8565827012062073,615272153088.0,3483131.75,554001,40000.0,-40970455.17872886,,,,,,,
-6.453794584274295,-0.35741072421034803,0.03643128146293217,-0.9179190695367979,0.0,1051.1710119076522,46.81554206436456,21,26533,566000,0.0003,-12412891.0,5280.78369140625,-0.2639394998550415,703335366656.0,4178762.0,556001,40000.0,-40970455.17872886,,,,,,,
-5.9068696994781495,-0.3138871030246614,-0.02939377986140988,-0.9356419833033327,0.0,1083.09263034897,-10.309102858396221,21,26610,568000,0.0003,-12688853.0,5062.93310546875,-0.66008460521698,688014163968.0,2872297.25,558001,40000.0,-40970455.17872886,,,,,,,
-6.5871242694854795,-0.4152955169339254,-0.0431584475989432,-0.8973465293362056,0.0,1020.8037823992149,-37.92052686631508,21,26686,570000,0.0003,-12585379.0,5107.64697265625,-0.5246679186820984,749111869440.0,4143599.5,560001,40000.0,-40970455.17872886,,,,,,,
-7.726571569442748,-0.42744334990331956,-0.011120077297943317,-0.8926332072963197,0.0,1012.0354121848793,-8.388374980515227,21,26762,572000,0.0003,-12204402.0,5379.6357421875,0.6055718660354614,486199459840.0,2333730.5,562001,40000.0,-40970455.17872886,,,,,,,
-7.413302768707275,-0.4720299693691493,-0.03410145610963968,-0.8709319761994501,0.0,978.6841575812801,-34.08396708406672,21,26838,574000,0.0003,-11957510.0,5500.3916015625,1.7734684944152832,566845898752.0,2977635.25,564001,40000.0,-40970455.17872886,,,,,,,
-8.119129346847528,-0.48419167495249477,0.015540173940418806,-0.8656153273271803,0.0,970.8037147868994,20.789507115893624,21,26914,576000,0.0003,-9769015.0,5547.85791015625,0.037455737590789795,580472668160.0,3380424.25,566001,40000.0,-40970455.17872886,,,,,,,
-8.182211465835586,-0.4952273169016745,-0.043132349115729746,-0.8596096358173613,0.0,962.3821115892406,-47.19436230400487,21,26990,578000,0.0003,-10926076.0,5847.06787109375,0.06873878091573715,569789382656.0,4031308.5,568001,40000.0,-40970455.17872886,,,,,,,
-7.95113105964662,-0.5358954608700283,0.00885461330679577,-0.8384579549110813,0.0,931.1501192854498,12.77200842512378,21,27065,580000,0.0003,-11286296.0,5566.62451171875,0.42798227071762085,640467861504.0,3189430.5,570001,40000.0,-40970455.17872886,,,,,,,
-8.864572595596318,-0.49589966843955235,0.0072361289252732145,-0.8602238510385752,0.0,963.549183102188,10.314600975453356,21,27141,582000,0.0003,-11328528.0,6058.13330078125,1.4492294788360596,498323226624.0,2480562.0,572001,40000.0,-40970455.17872886,,,,,,,
-8.556436653137196,-0.5599595937236256,-0.06399685195673531,-0.8246221221827255,0.0,913.2936675924709,-70.54451347178745,21,27216,584000,0.0003,-9596188.0,6168.31787109375,0.8555992841720581,837046894592.0,4120255.0,574001,40000.0,-40970455.17872886,,,,,,,
-8.809421134948716,-0.5883343930682856,0.030627618940430156,-0.8097225504628021,0.0,892.5620027207935,36.19409330331673,21,27292,586000,0.0003,-9003844.0,6313.80615234375,0.10572117567062378,739688841216.0,3428847.75,576001,40000.0,-40970455.17872886,,,,,,,
-9.049328546524071,-0.5465215613839366,-0.009504990991414278,-0.8340181292640723,0.0,926.2919875023603,-9.182414711934934,21,27368,588000,0.0003,-5142115.5,6464.69287109375,-0.2396019995212555,739286581248.0,3146667.25,578001,40000.0,-40970455.17872886,,,,,,,
-8.72601293182373,-0.5975222308267275,-0.027454662420962107,-0.8052059694249462,0.0,886.8570986048092,-29.55685152422378,21,27444,590000,0.0003,-8673124.0,6898.2275390625,0.13714063167572021,626010882048.0,3843177.75,580001,40000.0,-40970455.17872886,,,,,,,
-9.114005943298332,-0.57901576889005,0.04123441515517057,-0.8161005470391163,0.0,901.8564622931592,48.093718886444876,21,27520,592000,0.0003,-4235290.0,6920.0634765625,-0.08168439567089081,901799608320.0,5113708.0,582001,40000.0,-40970455.17872886,,,,,,,
-8.963957229614273,-0.5585276656328856,-0.017965449233159837,-0.8282379753240791,0.0,918.1250058210063,-19.51955812239886,21,27596,594000,0.0003,-7017844.5,6856.8603515625,2.01611328125,468364394496.0,3327642.25,584001,40000.0,-40970455.17872886,,,,,,,
-8.723356451034538,-0.5924893163846151,-0.006167959571095691,-0.8088414626326481,0.0,891.7631148582872,-6.293926831504119,21,27673,596000,0.0003,-8949316.0,6850.02392578125,1.272633671760559,802931802112.0,4627761.0,586001,40000.0,-40970455.17872886,,,,,,,
-8.326655982971193,-0.5665372910767851,0.06843947299454925,-0.8214482876012841,0.0,913.1494891176247,83.53935974267667,21,27751,598000,0.0003,-8648504.0,6847.09130859375,-0.7477709054946899,566121201664.0,4705926.0,588001,40000.0,-40970455.17872886,,,,,,,
-9.455523349761972,-0.5399623862013616,-0.06657018297163993,-0.8373075448012037,0.0,933.5387281556152,-79.1407005978685,,,600000,0.0003,-4770279.5,7169.03466796875,-1.6500663757324219,1372884828160.0,4652347.5,590000,,,0.0,0.0,40000.0,-132275.39894864822,98685.76457062688,0.0,0.0
,,,,,,,20,28992,600000,0.0003,-3841700.75,7170.826171875,0.2905406355857849,1377457274880.0,4956146.5,590001,40000.0,-39666081.0447112,,,,,,,
-8.972370668411273,-0.39793164620339766,-0.4991224063587396,-0.8257166038780844,0.0,991.1997001003454,-453.9472094323375,20,29065,602000,0.0003,-8135792.5,8164.900390625,1.0881931781768799,1403031519232.0,6344258.5,592001,40000.0,-39666081.0447112,,,,,,,
6.451663404464717,-0.07641719918755192,-0.14220432214873358,-0.5052931139462908,0.0,659.328970168971,-174.1118994557251,20,29139,604000,0.0003,869681.875,7844.68310546875,-0.3613246977329254,927737380864.0,3121877.0,594001,40000.0,-39666081.0447112,,,,,,,
9.247393268585208,-0.6806597938107488,0.5111973718707726,-0.2836841842968847,0.0,399.58278560364,-98.27181352481833,20,29212,606000,0.0003,-2355153.5,7597.6884765625,-0.12644095718860626,501211529216.0,2571786.75,596001,40000.0,-39666081.0447112,,,,,,,
15.819624933242796,0.25404551390066127,0.41613938220227537,0.025988723928382914,0.0,222.70869154747737,154.62747863214582,20,29286,608000,0.0003,-4134948.5,7447.73779296875,0.8705300688743591,780490506240.0,3709319.25,598001,40000.0,-39666081.0447112,,,,,,,
-4.44333843803406,0.012270840995445995,2.153530377824781,0.7876400072183052,0.0,5971.8898575807725,4278.645861695491,20,29360,610000,0.0003,-7609323.5,7325.25439453125,0.09672939777374268,1049066995712.0,3738532.75,600001,40000.0,-39666081.0447112,,,,,,,
-20.817716342926033,-0.3017567015034603,-0.7959227274368941,-0.18482490709379082,0.0,4972.652243920986,1179.215689326666,20,29434,612000,0.0003,-2007329.375,6675.88623046875,0.9386914968490601,1138274336768.0,3825340.5,602001,40000.0,-39666081.0447112,,,,,,,
-6.8905965442657555,-0.1489076084258668,-1.908065895576957,0.2029951410611816,0.0,3602.1193165903915,-4953.819157601061,20,29508,614000,0.0003,754905.0625,6617.80322265625,-0.7298803925514221,1644766953472.0,6356899.5,604001,40000.0,-39666081.0447112,,,,,,,
3.2501133975982666,-0.2206986033157368,0.4214424217151966,-0.6244404831275949,0.0,647.8109841481338,-72.66043463428011,20,29583,616000,0.0003,-1220116.25,6524.1630859375,0.039960771799087524,1473244037120.0,6816521.5,606001,40000.0,-39666081.0447112,,,,,,,
6.501924718856816,0.3631639026082352,0.13217147898707196,-0.3458327271581047,0.0,286.4776751792911,-275.8664274920859,20,29657,618000,0.0003,1100479.25,6379.79296875,1.148026466369629,978415648768.0,5422632.0,608001,40000.0,-39666081.0447112,,,,,,,
-9.880956552505504,0.038451218340702156,-0.5831970965984355,-0.29085220535234546,0.0,280.20574333701654,26.365311802153382,20,29732,620000,0.0003,5401831.5,6455.1376953125,0.3762323260307312,1327884402688.0,4119597.75,610001,40000.0,-39666081.0447112,,,,,,,
-17.685515607833803,-0.20169995290752854,-0.9900137782101457,0.8240355252723743,0.0,2939.4624161592924,1113.4764658983406,20,29808,622000,0.0003,-868282.625,6594.1845703125,0.6625208854675293,697164693504.0,4059829.25,612001,40000.0,-39666081.0447112,,,,,,,
5.1580985813140785,-0.052376029535817416,-0.280098458220982,-0.38853386058024064,0.0,1601.1880281093445,557.4359741061918,20,29883,624000,0.0003,3958291.5,6948.17529296875,1.2552555799484253,1106758336512.0,3976887.25,614001,40000.0,-39666081.0447112,,,,,,,
11.148686141967758,0.18284257823502287,-0.007876148099960019,0.2768338434706,0.0,3285.5514330497267,5487.877012801735,20,29959,626000,0.0003,8918843.0,6710.59130859375,0.9470263123512268,851749765120.0,2468435.5,616001,40000.0,-39666081.0447112,,,,,,,
13.717071166992172,0.005023476653150011,-0.1526599628820563,1.0400650461735466,0.0,5696.227734826526,-1178.4594781010974,20,30035,628000,0.0003,3082042.5,6898.62890625,0.6862307786941528,1261718732800.0,2991762.75,618001,40000.0,-39666081.0447112,,,,,,,
3.688624824523918,-0.09670927539918094,-0.19659651917167606,1.1611793560677097,0.0,6530.518502288714,679.5615019454797,20,30111,630000,0.0003,9338994.0,6466.9990234375,-1.539196491241455,757278310400.0,2731047.25,620001,40000.0,-39666081.0447112,,,,,,,
-3.1958939609527546,-0.07408570084672006,0.9656342975844564,-0.03229606406041878,0.0,2829.844564687213,-5161.581668133703,20,30186,632000,0.0003,3276944.0,6521.556640625,-0.28574037551879883,849104076800.0,3910539.75,622001,40000.0,-39666081.0447112,,,,,,,
5.95278054046631,0.42341338707666554,-0.2765335590561791,-0.7464663613762842,0.0,1469.7901207417788,798.858169727256,20,30262,634000,0.0003,-3294767.25,6415.552734375,-0.04072105884552002,953456001024.0,6364820.0,624001,40000.0,-39666081.0447112,,,,,,,
7.2469557514190655,0.2260782709721982,0.1627925454449053,-0.8517889916913346,0.0,1855.4713598011012,-400.19264414556983,20,30337,636000,0.0003,9045749.0,6299.41357421875,1.218168020248413,1002727145472.0,5791664.5,626001,40000.0,-39666081.0447112,,,,,,,
6.519456352233887,0.4307547588018135,0.6592461280745021,-0.3320983259406328,0.0,828.0450410815453,-543.6685406402052,20,30413,638000,0.0003,3502016.0,6238.35009765625,0.6675536632537842,836105666560.0,4013296.25,628001,40000.0,-39666081.0447112,,,,,,,
-11.501037702560419,-0.4095327991211259,0.10395845696068699,-0.867305347569909,0.0,994.2130671974978,45.28407900472054,20,30489,640000,0.0003,7039868.0,6369.76220703125,-5.955256938934326,732080373760.0,2771842.0,630001,40000.0,-38701575.01984231,,,,,,,
-5.318018373489373,-0.30067782638635554,-0.2854789815972704,-0.9264968833224617,0.0,1117.2032823123084,-163.06996885084942,21,30565,642000,0.0003,7354506.0,5920.10546875,1.3802602291107178,544062308352.0,2677776.5,632001,40000.0,-38701575.01984231,,,,,,,
-6.818713790893557,-0.46768575997657796,-0.033159065837953826,-0.8698043816357708,0.0,976.6847094548363,-30.370715639348777,21,30640,644000,0.0003,3388573.5,5899.6240234375,0.6987024545669556,881821483008.0,4865591.5,634001,40000.0,-38701575.01984231,,,,,,,
-6.947755279541017,-0.37795552793908704,0.0967763558700503,-0.9109554092337747,0.0,1044.8078905763055,107.85485394028566,21,30716,646000,0.0003,2172725.0,6162.37939453125,0.025130532681941986,572508340224.0,4150830.25,636001,40000.0,-38701575.01984231,,,,,,,
-6.549254983901982,-0.35731518238243926,-0.062240808304948055,-0.921288534987301,0.0,1059.9221006540424,-54.17277408110678,21,30792,648000,0.0003,7908243.5,5881.10302734375,-1.0252212285995483,952359452672.0,6784272.5,638001,40000.0,-38701575.01984231,,,,,,,
-6.497845378875732,-0.4374706009280256,0.0032628595365491253,-0.8875636106959339,0.0,1005.0711310609971,8.115815917329686,21,30868,650000,0.0003,5762625.0,6244.79052734375,3.13763689994812,842343120896.0,3528318.0,640001,40000.0,-38701575.01984231,,,,,,,
-6.63607385635376,-0.35339022937996084,0.05458733343376711,-0.9244696836462084,0.0,1065.8770665115267,61.46597431766492,21,30944,652000,0.0003,8968978.0,5777.93896484375,2.044481039047241,553670279168.0,3436768.25,642001,40000.0,-38701575.01984231,,,,,,,
-6.420554086685177,-0.37039710960242006,-0.05236818513066655,-0.9179041671380084,0.0,1054.4993872486261,-46.14945707592241,21,31020,654000,0.0003,12700358.0,5632.4248046875,0.8691148161888123,424839479296.0,2451550.25,644001,40000.0,-38701575.01984231,,,,,,,
-6.5074749641418475,-0.40742592294797914,0.019015735335037934,-0.9027452506926862,0.0,1029.3258332783848,26.10248669870315,21,31097,656000,0.0003,10526542.0,5889.083984375,0.49318885803222656,772962779136.0,5278981.5,646001,40000.0,-38701575.01984231,,,,,,,
-6.487530933380124,-0.3408087103954338,0.029755354309187427,-0.9308583829855367,0.0,1076.5180403390825,36.84997046772767,21,31172,658000,0.0003,-1505707.0,5654.90625,-0.3011423349380493,580471226368.0,2841365.25,648001,40000.0,-38701575.01984231,,,,,,,
-6.160700721740723,-0.3665490616744899,-0.03959746130286334,-0.920889940952753,0.0,1059.6853334400641,-32.45653054642902,21,31249,660000,0.0003,7882637.0,5589.33935546875,-1.2431957721710205,659896926208.0,3819780.75,650001,40000.0,-38701575.01984231,,,,,,,
-6.230569812774657,-0.37485415024243085,0.037343835387520494,-0.917738137372543,0.0,1054.7050403191788,43.911872163459925,21,31331,662000,0.0003,10236925.0,5812.27001953125,-1.1978493928909302,547544170496.0,3520294.25,652001,40000.0,-38701575.01984231,,,,,,,
-6.090978338241575,-0.32861411027781695,0.0003016908568929171,-0.9364594251103455,0.0,1085.8923210222554,8.251729403466548,21,31407,664000,0.0003,6433163.0,5821.26806640625,1.123326301574707,433832656896.0,3844511.0,654001,40000.0,-38701575.01984231,,,,,,,
-6.071834867477421,-0.3610573398105081,-0.02258773827630221,-0.9239599535203147,0.0,1064.7564405373726,-14.719966493329906,21,31484,666000,0.0003,5370894.0,5732.01220703125,0.2668474018573761,275615383552.0,2180478.25,656001,40000.0,-38701575.01984231,,,,,,,
-6.135512847900389,-0.3490152627385038,0.034799010015413336,-0.9287099724776644,0.0,1073.100192332861,41.45784314085327,21,31560,668000,0.0003,6270306.0,5881.9892578125,-1.3456729650497437,673307164672.0,3690166.75,658001,40000.0,-38701575.01984231,,,,,,,
-5.592034690856933,-0.3124690452704231,0.0005630535124883358,-0.9427502458846853,0.0,1096.9608399221756,11.894719550174617,21,31636,670000,0.0003,6914244.0,5713.40185546875,-3.540346145629883,5422176534528.0,4061430.0,660001,40000.0,-38701575.01984231,,,,,,,
-5.4969219970703165,-0.3258661273063793,-0.0014982940334522961,-0.9380468796259416,0.0,1088.6572722289106,9.169504252929784,21,31712,672000,0.0003,1449390.25,5776.2255859375,1.112549066543579,889599623168.0,6867130.5,662001,40000.0,-38701575.01984231,,,,,,,
-5.470672519683838,-0.30262326807793577,0.02562200799760936,-0.9462133694523109,0.0,1103.0951132023463,35.093722276945584,21,31788,674000,0.0003,7451179.0,5614.97314453125,-0.07525651901960373,1042269798400.0,8275238.0,664001,40000.0,-38701575.01984231,,,,,,,
-5.079586990356434,-0.2814035621627585,-0.004715812696500307,-0.9535220174321363,0.0,1115.8088336544424,11.908869743318075,21,31864,676000,0.0003,8238476.0,5485.27880859375,-0.3507499694824219,878161297408.0,7934441.5,666001,40000.0,-38701575.01984231,,,,,,,
-5.191347852706908,-0.29681623472830376,2.2380268182637182e-05,-0.9485156130717981,0.0,1107.0529722103736,13.669574353291125,21,31940,678000,0.0003,2742895.0,5379.861328125,1.7776440382003784,707024257024.0,5029962.0,668001,40000.0,-38701575.01984231,,,,,,,
-4.9829601993560795,-0.2763900644624227,0.013804091807958928,-0.9552077839999662,0.0,1118.9595295904962,28.69063202048882,21,32017,680000,0.0003,-188093.53125,5524.04736328125,0.1847478449344635,279609573376.0,2226655.5,670001,40000.0,-37755292.19881318,,,,,,,
-3.5650297889709455,-0.1464624923750926,-0.2020955670256307,-0.949183976967393,0.0,1110.6231542766768,-33.353335090867176,21,32093,682000,0.0003,2560221.0,5139.2060546875,0.3766653835773468,580433477632.0,4946997.5,672001,40000.0,-37755292.19881318,,,,,,,
-5.031348276138309,-0.4358883607928661,-0.10104523607446267,-0.8596417512935428,0.0,960.8194230947993,-73.83341048609063,21,32168,684000,0.0003,2618235.75,4961.50439453125,-0.7460916042327881,449061912576.0,4682919.5,674001,40000.0,-37755292.19881318,,,,,,,
-4.8504974803924545,-0.2333718101428573,0.23416801407110777,-0.9396614018283913,0.0,1106.9069839777605,232.13297147283183,21,32244,686000,0.0003,3889612.75,4962.21435546875,0.9064116477966309,455038173184.0,2540274.75,676001,40000.0,-37755292.19881318,,,,,,,
-3.108722249984743,-0.13446649716980155,-0.10000391768301915,-0.9737819454649266,0.0,1152.4304948192244,26.405383741122535,21,32320,688000,0.0003,6166933.0,4608.296875,1.3216561079025269,1568173457408.0,12344512.0,678001,40000.0,-37755292.19881318,,,,,,,
-4.602585792541507,-0.33725529424582157,-0.045285500600607036,-0.9209388134265836,0.0,1061.579664000447,-28.12384620541981,21,32395,690000,0.0003,-250477.75,4713.7119140625,1.2290337085723877,404303839232.0,2826844.25,680001,40000.0,-37755292.19881318,,,,,,,
-3.4023518066406204,-0.16291295182360366,0.17792958440915158,-0.9692079721234065,0.0,1151.6469965155327,158.11515748512247,21,32471,692000,0.0003,1053987.25,4359.5126953125,-0.6103118658065796,661152071680.0,5063580.5,682001,40000.0,-37755292.19881318,,,,,,,
-1.625488481521607,-0.07033128111370004,-0.05597504759284356,-0.988588952009181,0.0,1178.490311416438,94.75958314064701,21,32546,694000,0.0003,1883428.625,4190.2080078125,0.9214863181114197,579461971968.0,4342043.5,684001,40000.0,-37755292.19881318,,,,,,,
-3.6090262222290015,-0.21508083818715912,-0.09609439674873524,-0.9651602634682966,0.0,1137.4828079244505,-13.809210092937994,21,32622,696000,0.0003,1391389.0,4164.99658203125,0.11825394630432129,448578912256.0,3895899.25,686001,40000.0,-37755292.19881318,,,,,,,
-17.633606884002713,-0.18717861836226765,-3.030108517641197,0.9189922353988048,0.0,10207.81860902316,7404.779733904524,21,32697,698000,0.0003,1077207.75,5309.35009765625,1.649242877960205,426006740992.0,4172316.5,688001,40000.0,-37755292.19881318,,,,,,,
-9.738432540893566,0.021594184814966923,-3.656842570694665,1.5452299216728886,0.0,28869.84077328161,35405.526975976536,,,700000,0.0003,-2783287.25,5070.42724609375,1.19907808303833,530544754688.0,3945273.75,690000,,,0.0003281250000000002,0.0,40000.0,-322463.8297699143,143123.49990935082,0.0003281250000000002,0.0
,,,,,,,20,33938,700000,0.0003,-1327191.5,5070.6015625,0.4648742377758026,1528611602432.0,8875914.0,690001,40000.0,-37755292.19881318,,,,,,,
15.834006052017214,-0.37978183877321786,-1.3661314870920294,0.8610855263642203,0.0,54136.19226871895,2375.355468644745,20,34012,702000,0.0003,5864217.0,5353.05419921875,-0.1371873915195465,512576126976.0,3163337.0,692001,40000.0,-37755292.19881318,,,,,,,
27.851141324996977,0.5413778299881853,0.5869954058719213,0.09701309821756891,0.0,40345.28439361729,-7526.119819621752,20,34086,704000,0.0003,864005.75,5477.02490234375,0.7480198740959167,443748581376.0,2639049.0,694001,40000.0,-37755292.19881318,,,,,,,
36.76463805580138,0.7924500140895414,-0.10625605791255595,0.24679165722065038,0.0,38225.10871086796,608.9591679951176,20,34160,706000,0.0003,-1603957.375,5514.4150390625,1.1010769605636597,393657188352.0,4639155.0,696001,40000.0,-37755292.19881318,,,,,,,
12.640734233856218,0.061636005945916034,2.0998931328306734,0.27207621912191693,0.0,33237.3867761544,-14375.365961491647,20,34235,708000,0.0003,-79096.5,5208.65478515625,-1.6326345205307007,755722092544.0,6374220.0,698001,40000.0,-37755292.19881318,,,,,,,
20.94063544082641,0.2378313545041505,0.5370919296242227,0.23162560583540195,0.0,19136.957729547055,-6698.780251155896,20,34309,710000,0.0003,-1747759.5,5251.7548828125,-0.47856563329696655,568332648448.0,3497978.75,700001,40000.0,-37755292.19881318,,,,,,,
5.714758033752442,0.12361283051402522,0.1072446440512868,0.8635528473692652,0.0,22716.135645422102,-397.8099159429043,20,34384,712000,0.0003,-850719.5,5251.208984375,0.04196447134017944,457817358336.0,4753730.0,702001,40000.0,-37755292.19881318,,,,,,,
19.202078313827506,0.3993336187240583,0.17362153879266098,0.7519548708842853,0.0,21015.9932265603,1608.2351862262153,20,34459,714000,0.0003,-319732.5,4900.8349609375,1.1178584098815918,1056022003712.0,6918730.0,704001,40000.0,-37755292.19881318,,,,,,,
3.4308341197967667,0.15528414383151032,0.25909099691756976,0.6889243874805854,0.0,21691.441538670544,-3783.5181531526264,20,34534,716000,0.0003,975131.125,4566.96533203125,0.16122782230377197,539441233920.0,2880764.75,706001,40000.0,-37755292.19881318,,,,,,,
-4.257136047363294,0.1592509959154719,1.0155634954129198,-0.49934541657571246,0.0,11126.543336019553,-6022.6965272217385,20,34616,718000,0.0003,-2352227.5,4391.861328125,-1.7419993877410889,1006772027392.0,7388377.0,708001,40000.0,-37755292.19881318,,,,,,,
4.119049613952646,0.2191075466995967,-0.21371646495044286,-0.5101367986174311,0.0,11671.821479217257,1590.7496537310167,20,34691,720000,0.0003,5768.5,4347.70458984375,-0.4680269956588745,612814028800.0,4636145.5,710001,40000.0,-37661996.508051336,,,,,,,
-8.270716112136832,-0.10878207793072693,-3.542126836313788,1.5561003872564252,0.0,15599.26907906324,7933.863639914556,20,34766,722000,0.0003,-901903.75,4302.25146484375,2.5855019092559814,401191305216.0,2778360.5,712001,40000.0,-37661996.508051336,,,,,,,
9.38288894081116,0.6043490191284684,-0.3110843312883109,-0.5730267895596399,0.0,9653.546794312111,2020.8106825385314,20,34841,724000,0.0003,-3645110.75,4459.11767578125,-0.9123506546020508,345423806464.0,2842005.25,714001,40000.0,-37661996.508051336,,,,,,,
9.238957265853882,0.4233687113408237,0.17597055061393096,-0.8570344039120885,0.0,10318.785822990987,-1123.080066948371,20,34915,726000,0.0003,-566409.0,4524.369140625,1.8920962810516357,769134886912.0,4863833.5,716001,40000.0,-37661996.508051336,,,,,,,
2.4357190475463755,-0.01484607495041785,0.712042306810574,-0.5033371157548729,0.0,7738.63391869357,-3067.72265309902,20,34991,728000,0.0003,5842955.0,4063.930908203125,0.6782673597335815,543800885248.0,3319422.75,718001,40000.0,-37661996.508051336,,,,,,,
-0.0026962165832568204,0.06034873189075494,0.4791574971551116,-0.7130363158496126,0.0,5403.2075790240815,-1602.1464456611002,20,35071,730000,0.0003,5578435.0,3898.36474609375,2.0756804943084717,612891230208.0,4046243.0,720001,40000.0,-37661996.508051336,,,,,,,
3.481997179031372,0.5603253862554978,-0.0204837461016657,-0.6747255947505328,0.0,4240.753894087545,411.15732688694834,20,35146,732000,0.0003,-1357112.25,4285.10693359375,-0.23317348957061768,718601519104.0,4845375.0,722001,40000.0,-37661996.508051336,,,,,,,
4.274377996444706,0.14703136382077464,-0.1553155821097667,-0.9453367165608899,0.0,5583.048985037263,754.477189712862,20,35221,734000,0.0003,4496925.0,4222.431640625,-0.5464597940444946,1012985757696.0,6973294.0,724001,40000.0,-37661996.508051336,,,,,,,
6.18830700683594,0.33410699478106304,0.31909095930619064,-0.8758036480872277,0.0,5029.184919774659,-1371.7017103136202,20,35296,736000,0.0003,619719.0,4776.326171875,0.2201426923274994,661468217344.0,4245531.0,726001,40000.0,-37661996.508051336,,,,,,,
5.832575403213508,0.5937737567337126,-0.09765028997508,-0.7727443763407659,0.0,4241.841194717425,484.9957086160762,20,35371,738000,0.0003,4100413.75,4266.0283203125,0.03684063255786896,578798354432.0,2891824.25,728001,40000.0,-37661996.508051336,,,,,,,
5.310487047195438,0.23146618753554105,-0.22644329333897734,-0.9432701893158077,0.0,5386.261752585927,1049.673778319632,20,35446,740000,0.0003,3720440.25,4119.22607421875,1.2307958602905273,470347874304.0,3327959.75,730001,40000.0,-37661996.508051336,,,,,,,
4.273004541397096,0.23438702991121602,0.1941626338673228,-0.9479741649566911,0.0,5382.606568774228,-763.8006553951566,20,35520,742000,0.0003,5576631.5,3927.984619140625,0.4629303812980652,754815270912.0,4554821.0,732001,40000.0,-37661996.508051336,,,,,,,
4.700960083007807,0.33735470335148354,-0.12074746434591815,-0.9175552935497737,0.0,5072.144636256822,552.9360499138187,20,35595,744000,0.0003,886050.75,4300.53662109375,2.681258201599121,805728485376.0,6046080.0,734001,40000.0,-37661996.508051336,,,,,,,
2.265452756881713,0.08712047163507303,-0.10770456785223408,-0.9797564841441694,0.0,5788.460654984394,560.5840985522015,20,35669,746000,0.0003,-4802.4375,4604.06640625,-1.1583765745162964,604456157184.0,3685389.0,736001,40000.0,-37661996.508051336,,,,,,,
3.8534543895721463,0.17919969040280023,0.21083911983674203,-0.9589431216521566,0.0,5536.331839489296,-765.0401044056458,20,35744,748000,0.0003,-1293867.25,4168.83544921875,1.4918911457061768,642654404608.0,4804558.0,738001,40000.0,-37661996.508051336,,,,,,,
5.292799657821661,0.42794866669563847,-0.015705111595812175,-0.8814367018718333,0.0,4799.10476201539,76.7925305581023,20,35818,750000,0.0003,-2750421.0,4830.58203125,-0.3735589385032654,1811812450304.0,12976085.0,740001,40000.0,-37661996.508051336,,,,,,,
2.5219300937652576,0.11075398246802774,-0.2610104585228429,-0.9710355802738945,0.0,5737.309491678573,1165.1013483139004,20,35893,752000,0.0003,4880657.5,3837.6552734375,0.24351191520690918,424888631296.0,3259907.0,742001,40000.0,-37661996.508051336,,,,,,,
0.3788522357940673,-0.002630180620697368,0.08594791824870865,-0.9916252372948927,0.0,6025.93554668451,-118.09594068036066,20,35968,754000,0.0003,-1664794.5,3461.353759765625,-1.4537911415100098,298980868096.0,3176784.25,744001,40000.0,-37661996.508051336,,,,,,,
1.3335675735473642,0.11265827203802335,-0.016354635069756915,-0.984960785266273,0.0,5733.357099342721,155.30130794023282,20,36043,756000,0.0003,441387.5,3261.370849609375,-0.3352412283420563,424712437760.0,3721403.5,746001,40000.0,-37661996.508051336,,,,,,,
-0.9411603565216069,-0.055273146586269056,-0.1633356458110507,-0.9861166525474967,0.0,6147.392844257797,685.0370822876882,20,36124,758000,0.0003,-2313823.25,3560.51318359375,-0.6583645343780518,531678429184.0,4383207.0,748001,40000.0,-37661996.508051336,,,,,,,
-2.5482873020172154,-0.17542922314220266,0.06771754856102066,-0.974286368473339,0.0,6414.388401698899,-130.4782794971425,20,36199,760000,0.0003,5470168.5,3895.677734375,-1.1082348823547363,1010786107392.0,6901709.5,750001,40000.0,-37769628.94169274,,,,,,,
-24.232089460372983,-0.09182025012314965,-6.078705550863088,5.102646213294181,0.0,71991.37969001057,79338.55744333629,21,36274,762000,0.0003,8483636.0,3798.784423828125,-0.2482198178768158,344813469696.0,2455657.5,752001,40000.0,-37769628.94169274,,,,,,,
5.9931980552673325,0.03671660016642132,-5.863078921030169,4.419863398314942,0.0,96373.47567188305,21926.78885746144,21,36349,764000,0.0003,779639.25,3604.0263671875,0.9760504961013794,319214911488.0,2447103.75,754001,40000.0,-37769628.94169274,,,,,,,
9.80240585517883,-0.22002789131205622,-3.4358562767520113,2.097865606420714,0.0,154034.625161488,53780.334722114545,21,36424,766000,0.0003,6763382.0,3487.11767578125,1.2068045139312744,628847542272.0,4346000.0,756001,40000.0,-37769628.94169274,,,,,,,
-1.1759989757537732,-0.15748389178208075,0.46863325208570383,-0.7180885044805783,0.0,149120.95057490122,-8836.762454731996,21,36499,768000,0.0003,2622356.75,3011.291015625,-0.41656601428985596,366746566656.0,4353199.5,758001,40000.0,-37769628.94169274,,,,,,,
21.122118638992305,0.13813666956761944,2.2931468961628805,0.7406164190288186,0.0,130956.54124316099,-22109.223033252445,21,36574,770000,0.0003,423402.0625,2567.19287109375,-0.013981282711029053,436180549632.0,4454286.0,760001,40000.0,-37769628.94169274,,,,,,,
-5.938859518051153,0.053103833054639414,1.460052287886615,0.8204707598892504,0.0,94745.35775329467,-41176.142972659494,21,36649,772000,0.0003,3127060.5,2493.149169921875,-0.6853024959564209,130763964416.0,1448955.625,762001,40000.0,-37769628.94169274,,,,,,,
-14.370558698654147,-0.03435967196373052,-4.466860557687575,3.103916084997807,0.0,134641.66917764742,118631.2942115678,21,36723,774000,0.0003,4113553.75,2622.51513671875,0.7422136068344116,942277918720.0,5826254.0,764001,40000.0,-37769628.94169274,,,,,,,
-2.1515896282196074,0.05040814710663214,-5.3418371073749835,3.9122138426190385,0.0,255948.54975820874,148155.98738671895,21,36798,776000,0.0003,-1895197.25,2745.9345703125,0.196035698056221,245568028672.0,2044642.75,766001,40000.0,-37769628.94169274,,,,,,,
18.04454495239258,0.08826062339863101,-3.6748775980089143,2.230523729122143,0.0,366713.15000624186,46549.04598788375,21,36873,778000,0.0003,2084900.875,2963.37158203125,-0.12827247381210327,586008887296.0,3885788.0,768001,40000.0,-37769628.94169274,,,,,,,
36.01168397712708,0.17595804188722222,3.529948713212494,2.4952180433121933,0.0,354337.7823510006,-79212.63393314986,21,36948,780000,0.0003,-1068533.0,2925.38720703125,-0.22699129581451416,327555842048.0,1839192.875,770001,40000.0,-37769628.94169274,,,,,,,
27.691279397964482,0.0003904076405492809,10.738939031030604,16.34248319223889,0.0,584265.5665309043,143312.62839249484,21,37022,782000,0.0003,7983688.0,2815.365234375,-1.0533533096313477,486034931712.0,2812500.0,772001,40000.0,-37769628.94169274,,,,,,,
-8.114044080734253,0.15087387128907864,6.195864416216123,9.547701067556853,0.0,195620.41606260106,-426156.86803244223,21,37097,784000,0.0003,11689621.0,3031.28173828125,-1.5003905296325684,681253208064.0,3504804.5,774001,40000.0,-37769628.94169274,,,,,,,
-16.459490011215202,-0.07690914819854468,-4.104879195563611,2.8863860809852437,0.0,43783.25001523208,65676.28917877455,21,37173,786000,0.0003,16266116.0,3273.11767578125,0.2788723111152649,652351504384.0,6103191.0,776001,40000.0,-37769628.94169274,,,,,,,
-11.90741666603088,-0.08586648118163892,-4.612256293398636,3.4207186516341808,0.0,98838.1562324031,77687.3600794596,21,37248,788000,0.0003,242136.25,3427.88916015625,0.1930919885635376,531754680320.0,5366146.5,778001,40000.0,-37769628.94169274,,,,,,,
16.083290386199955,0.03303359156753639,-5.154736954105737,4.336865787964526,0.0,199624.05049011417,45362.31000085568,21,37324,790000,0.0003,10112721.0,3698.49072265625,1.005707859992981,539066105856.0,4802637.0,780001,40000.0,-37769628.94169274,,,,,,,
-30.35402925682069,-0.3857886554895801,-1.9875553162549868,0.7797017540265043,0.0,243204.88602145994,57400.12875889919,21,37400,792000,0.0003,5382466.5,3753.771728515625,0.7310264110565186,364819513344.0,3071077.5,782001,40000.0,-37769628.94169274,,,,,,,
28.182173810958897,0.281435934097352,1.1840292812062587,1.4999665761740038,0.0,260280.14438580978,-38450.948928139216,21,37476,794000,0.0003,8456520.0,4388.15625,-1.7816604375839233,1251941023744.0,10687308.0,784001,40000.0,-37769628.94169274,,,,,,,
-6.34892703819276,-0.08193765417997687,-0.37746091415824173,0.493445041908953,0.0,226105.286271099,15931.957130857703,21,37551,796000,0.0003,15393427.0,3967.875,-1.7342556715011597,415959875584.0,2079608.875,786001,40000.0,-37769628.94169274,,,,,,,
18.497337415695206,0.22879662439572282,1.9522717805689986,1.5938644899971164,0.0,216307.75359013255,-39989.743932518184,21,37626,798000,0.0003,10167628.0,4434.5166015625,-1.521751880645752,1248098910208.0,9795272.0,788001,40000.0,-37769628.94169274,,,,,,,
-13.802045457839963,-0.043348248445140396,-1.8844522004373245,2.513887513307074,0.0,227317.5531508153,51915.63427392972,,,800000,0.0003,10321641.0,6229.69384765625,-1.161998987197876,503999299584.0,3520333.0,790000,,,0.0003281250000000002,0.0,40000.0,-39224.53380964878,344.92686848185474,0.0,0.0
,,,,,,,20,38873,800000,0.0003,16056437.0,6230.03857421875,-0.08865800499916077,770793799680.0,4784707.0,790001,40000.0,-38249566.96696375,,,,,,,
-1.7881500930786143,-0.1119606549870827,-0.039582519329840776,-0.964150789469996,0.0,1142.0952462906914,123.99446285269859,20,38947,802000,0.0003,11072664.0,5869.72314453125,5.103448867797852,661738356736.0,4432127.0,792001,40000.0,-38249566.96696375,,,,,,,
-2.782389961242673,-0.0940677747998967,-0.12405410199425823,-0.9665836742045693,0.0,1138.750665618645,68.11962590591908,20,39020,804000,0.0003,11654330.0,5951.26171875,0.15075960755348206,488060518400.0,2511162.75,794001,40000.0,-38249566.96696375,,,,,,,
-6.538817220687868,-0.4934040301021712,-0.31963243626546395,-0.8090522297181859,0.0,912.4252030426262,-315.30609235452744,20,39094,806000,0.0003,14053506.0,5612.47802734375,3.5695180892944336,1791250399232.0,12672533.0,796001,40000.0,-38249566.96696375,,,,,,,
-6.682629692077633,-0.5573290909037015,0.24239336873474115,-0.7877974516414069,0.0,872.5732827843467,259.4800158137229,20,39168,808000,0.0003,16370936.0,4620.7685546875,-2.930570363998413,1230378106880.0,5775777.5,798001,40000.0,-38249566.96696375,,,,,,,
-6.115410970687864,-0.26393208484858377,0.024452789990755907,-0.936076068376018,0.0,1085.0456695408254,56.39813286595442,20,39242,810000,0.0003,18779494.0,5012.59765625,-1.099785327911377,841390030848.0,3733089.75,800001,40000.0,-38249566.96696375,,,,,,,
-10.406384300231966,-0.5793260555645995,-0.4151767222297323,-0.7452118747189126,0.0,863.5350125601507,-351.7631654411367,20,39317,812000,0.0003,23088052.0,4851.7275390625,1.5084645748138428,731057750016.0,2940174.5,802001,40000.0,-38249566.96696375,,,,,,,
6.814882318496703,0.4238792909162451,-0.5630290408613295,-0.5697346542647334,0.0,1172.3093178434863,945.5751070411563,20,39392,814000,0.0003,19001394.0,4972.716796875,0.4723363220691681,1299958988800.0,6710885.0,804001,40000.0,-38249566.96696375,,,,,,,
-10.527886468887326,-0.1486579685582059,0.6818504866408955,-0.251681702708528,0.0,1097.9026066731428,-1244.2167410872387,20,39466,816000,0.0003,22236352.0,4974.39599609375,-3.653592109680176,2042265075712.0,8301650.0,806001,40000.0,-38249566.96696375,,,,,,,
2.3560267200470024,0.08811007811072388,-0.5182818188315742,-0.33038493428057614,0.0,2409.1060256996175,1738.429602936638,20,39541,818000,0.0003,19861116.0,4840.1552734375,-0.14476552605628967,3765423833088.0,12935505.0,808001,40000.0,-38249566.96696375,,,,,,,
-15.464897945404035,-0.2597557650647057,0.6990340471936262,0.0014102151006468667,0.0,1075.4998153614006,-1562.2415602293459,20,39616,820000,0.0003,19050662.0,4928.90673828125,-1.9856153726577759,949852372992.0,5522179.0,810001,40000.0,-38249566.96696375,,,,,,,
-39.4092776756286,-0.506055571395104,-0.05842326022964584,0.6489235905381499,0.0,1293.1091741588561,1257.6425919705653,20,39691,822000,0.0003,13851699.0,5075.84130859375,0.10767361521720886,784136667136.0,4524089.5,812001,40000.0,-38249566.96696375,,,,,,,
-11.43552752494811,-0.19028785064336393,0.1338841715404749,1.8530195287897384,0.0,8880.07796919526,8614.637946819394,20,39766,824000,0.0003,22508606.0,4834.76220703125,1.4128494262695312,3482629177344.0,2718132.5,814001,40000.0,-38249566.96696375,,,,,,,
-18.52375785636902,-0.02009375733980133,0.7965841097363331,1.910583562083032,0.0,10690.60325047756,-1909.83762810089,20,39840,826000,0.0003,21280086.0,5150.91845703125,-5.5104756355285645,981462810624.0,6726556.0,816001,40000.0,-38249566.96696375,,,,,,,
-20.058765012741066,-0.11317879017087382,-1.1436780657620678,2.511667210174569,0.0,14890.356823437363,12265.738101284662,20,39916,828000,0.0003,23316804.0,5187.01220703125,0.4625948965549469,1707878907904.0,8203192.5,818001,40000.0,-38249566.96696375,,,,,,,
-33.517949684143055,-0.1882639916913365,1.0023900607562117,2.5008872641937705,0.0,14429.025267399807,15441.885959120298,20,39992,830000,0.0003,22525212.0,5544.63134765625,2.5089755058288574,922590117888.0,4584117.0,820001,40000.0,-38249566.96696375,,,,,,,
-13.435543926239028,-0.0578433146777241,-6.430497150042117,7.783566559180521,0.0,106054.65329514255,62869.22922290789,20,40067,832000,0.0003,23156644.0,5454.6005859375,-4.661109924316406,1164662800384.0,4149240.5,822001,40000.0,-38249566.96696375,,,,,,,
-27.252122217178353,-0.30169786630564205,-1.7118905138685765,2.5430862320876777,0.0,47928.9970968669,-37611.26120192854,20,40142,834000,0.0003,23709888.0,5392.8984375,-1.4673795700073242,676397842432.0,3816736.0,824001,40000.0,-38249566.96696375,,,,,,,
-23.912648786544807,-0.203514048336579,-2.697082161297609,1.814297715451495,0.0,65288.84154658425,78727.69442558615,20,40217,836000,0.0003,34795764.0,5383.3408203125,0.2750537097454071,934275579904.0,4933709.0,826001,40000.0,-38249566.96696375,,,,,,,
-14.647174680709801,-0.028095899671130582,-6.579268436480433,6.626905250275721,0.0,213429.5172692373,217297.24138978025,20,40293,838000,0.0003,38064576.0,5236.37646484375,0.3436325192451477,2512857333760.0,8441755.0,828001,40000.0,-38249566.96696375,,,,,,,
0.015195116043083658,0.0050717450308381045,-8.00290090707112,9.694866892208092,0.0,444935.7530509191,86585.66604013796,20,40369,840000,0.0003,34183288.0,4867.60986328125,0.81621253490448,689003233280.0,4295785.5,830001,40000.0,-37932880.66703148,,,,,,,
-11.603004510879508,-0.4395564275818224,-0.5416751794980671,-0.7716436818653748,0.0,979.1150309557127,-437.33532013186016,20,40445,842000,0.0003,26514770.0,5146.51904296875,0.05838035047054291,1071477620736.0,3917191.0,832001,40000.0,-37932880.66703148,,,,,,,
6.642368814468388,0.24470744518701312,-0.7052358467301882,-0.5011416569073035,0.0,1410.3305128117365,1126.2986256148997,20,40520,844000,0.0003,26745968.0,4941.572265625,-0.19587299227714539,774938886144.0,3019017.75,834001,40000.0,-37932880.66703148,,,,,,,
0.21011425018310617,0.05851310368819601,-0.07038410697492245,-0.7800489647108904,0.0,2154.872577567418,1811.858098554906,20,40595,846000,0.0003,21468810.0,4874.16455078125,-2.5369882583618164,1498600439808.0,7015431.5,836001,40000.0,-37932880.66703148,,,,,,,
-1.5589118957519577,-0.12819579521277039,-0.0411612520298501,-0.810966947234423,0.0,2327.252446314723,-1332.152978607077,20,40671,848000,0.0003,28339084.0,5488.95751953125,0.4560527205467224,832145195008.0,3629142.25,838001,40000.0,-37932880.66703148,,,,,,,
-2.2820359363555918,-0.030391361729942987,-0.2519007661828322,-0.8462780813066685,0.0,2177.7040244394184,498.0556039244056,20,40746,850000,0.0003,29433774.0,5520.50830078125,-1.1501126289367676,861948477440.0,7503000.0,840001,40000.0,-37932880.66703148,,,,,,,
-1.963109310150158,-0.3566826027507429,-0.5262104330959987,-0.5873635956298602,0.0,2887.533711939896,890.3492542333278,20,40822,852000,0.0003,33875112.0,5475.755859375,0.3833276033401489,1195990581248.0,6726872.0,842001,40000.0,-37932880.66703148,,,,,,,
-4.945335275650025,0.2651563446594879,-1.0377245609615848,-0.5966591040826055,0.0,5192.78335491393,4136.975582614803,20,40897,854000,0.0003,25633244.0,5384.4501953125,0.458209753036499,856021270528.0,4573110.0,844001,40000.0,-37932880.66703148,,,,,,,
-24.675817483901994,-0.1842845476087585,-2.9401752289815284,1.1928891327123157,0.0,20196.294941538363,26600.929146325154,20,40973,856000,0.0003,34403528.0,6142.54736328125,0.5515497922897339,1322709155840.0,5769568.0,846001,40000.0,-37932880.66703148,,,,,,,
-14.77159199142455,-0.04098880587515759,-3.7518218721864973,2.4091375677032936,0.0,56289.970352369,31393.693920108653,20,41049,858000,0.0003,34103108.0,5530.51025390625,-0.5428566336631775,1401774669824.0,7250701.5,848001,40000.0,-37932880.66703148,,,,,,,
-16.31004899215701,-0.13045744377414784,-2.897862621790483,0.8562966741869971,0.0,85715.99122160612,48528.26916080802,20,41125,860000,0.0003,28817722.0,5441.4765625,0.7451053261756897,1122244755456.0,6440496.5,850001,40000.0,-37932880.66703148,,,,,,,
-33.25576115036005,-0.09782857040845502,-4.519961564699051,5.210447461585913,0.0,191277.01029507606,184942.90256067723,20,41201,862000,0.0003,36846368.0,7705.00927734375,1.1523282527923584,1017993232384.0,6254722.0,852001,40000.0,-37932880.66703148,,,,,,,
7.151431772232059,-0.16443390765031002,-3.6772614079245343,2.397407438270352,0.0,265668.89145939593,-13863.88370229861,20,41276,864000,0.0003,33685704.0,6470.3984375,1.6456644535064697,658200264704.0,4624699.0,854001,40000.0,-37932880.66703148,,,,,,,
7.809160068511978,-0.3941722366059922,0.5062616625784476,-0.4624680674195853,0.0,279470.21296274115,-13407.21395453544,20,41352,866000,0.0003,35759488.0,6044.31201171875,1.2153496742248535,845275463680.0,3518091.75,856001,40000.0,-37932880.66703148,,,,,,,
-5.015025213241573,0.29028167557761325,-3.4619805708933096,4.902289056535361,0.0,360282.4381320718,390798.66640069353,20,41428,868000,0.0003,30735578.0,5441.1806640625,-0.12156316637992859,538184712192.0,3293968.75,858001,40000.0,-37932880.66703148,,,,,,,
-9.641866386413604,0.020204820880129877,-11.46186643388461,18.613662795753275,0.0,1046576.9009368152,622775.2259910274,20,41503,870000,0.0003,29920478.0,5752.3837890625,-0.49036675691604614,750114701312.0,3873938.25,860001,40000.0,-37932880.66703148,,,,,,,
-22.992775114059455,-0.01876243053142039,-14.507025656775793,28.3487365754282,0.0,2260689.877186149,2070205.1360284192,20,41579,872000,0.0003,31790800.0,6372.26513671875,0.9528475999832153,662748266496.0,3583777.75,862001,40000.0,-37932880.66703148,,,,,,,
-22.061630128860482,-0.003802928831301049,-19.221872073949278,49.56586848804737,0.0,5404734.099563303,3643521.669696265,20,41654,874000,0.0003,38731452.0,5524.0263671875,0.5446350574493408,833742045184.0,5557201.5,864001,40000.0,-37932880.66703148,,,,,,,
-18.518074138641353,0.008256059850109503,-21.547510592313742,61.67489184054068,0.0,8889642.679681705,4459048.200862062,20,41730,876000,0.0003,28264028.0,5382.7353515625,-1.1494301557540894,820423688192.0,3544186.0,866001,40000.0,-37932880.66703148,,,,,,,
-19.501617805480937,-0.005476889624055193,-24.14918204220287,78.52136377748671,0.0,14465081.96623767,6261023.942336645,21,41805,878000,0.0003,35221136.0,5460.7890625,0.9554292559623718,989925408768.0,4643915.5,868001,40000.0,-37932880.66703148,,,,,,,
-19.941301273345953,-0.005336506097909704,-27.223377367278076,97.96113757591881,0.0,22493922.33960675,9424417.764078228,21,41881,880000,0.0003,30800246.0,5814.28271484375,0.6210964322090149,1159047675904.0,5666250.0,870001,40000.0,-38095723.38381168,,,,,,,
-4.308793258666989,-0.5841086788879114,-0.36001197923155065,-0.6817645309758799,0.0,1052.087995989221,-242.1158823741179,21,41958,882000,0.0003,33809608.0,5459.7529296875,-0.5634626746177673,870505512960.0,4836594.5,872001,40000.0,-38095723.38381168,,,,,,,
-6.445649503707886,-0.3899092816076494,0.18983977816031566,-0.890481733626748,0.0,1014.645057159599,184.40393794612484,21,42034,884000,0.0003,32808426.0,5808.5078125,0.5691542625427246,1006711865344.0,4923542.5,874001,40000.0,-38095723.38381168,,,,,,,
-2.3427449283599864,-0.09036306951900923,0.1757493915870223,-0.9775735231524612,0.0,1166.4671615137759,137.28829005249278,21,42109,886000,0.0003,26853610.0,6236.2802734375,0.043368056416511536,881998692352.0,4873156.0,876001,40000.0,-38095723.38381168,,,,,,,
35.32121568489075,0.049112969236967036,5.631348438636401,5.899850430266236,0.0,122331.25908080574,485964.88930197357,21,42184,888000,0.0003,36787900.0,6301.8173828125,-1.5043227672576904,981581103104.0,6432252.0,878001,40000.0,-38095723.38381168,,,,,,,
-19.591880428314223,-0.004750018948774167,7.754662351452806,8.73477662299641,0.0,233529.27853739116,-360413.6499413059,21,42260,890000,0.0003,25148602.0,6394.14404296875,-1.216068983078003,1420012945408.0,6403857.5,880001,40000.0,-38095723.38381168,,,,,,,
11.33126136779786,0.02650972375762242,4.316010406250096,2.0889104734328074,0.0,170889.6044237983,129324.57071945739,21,42335,892000,0.0003,31800550.0,7063.61279296875,2.5538594722747803,1696092127232.0,6179713.0,882001,40000.0,-38095723.38381168,,,,,,,
1.7457122993469323,0.05861535991989226,5.074028891202908,2.968955472467714,0.0,287199.3283624274,92674.62670256851,21,42410,894000,0.0003,25750304.0,7418.482421875,-0.38356128334999084,1574520487936.0,4875317.0,884001,40000.0,-38095723.38381168,,,,,,,
8.958245080947881,0.04641223303393653,5.297594956961334,3.3931980255578638,0.0,442752.9205830947,191631.00731915748,21,42485,896000,0.0003,28949608.0,9551.5634765625,-1.2675164937973022,1629883203584.0,6564684.5,886001,40000.0,-38095723.38381168,,,,,,,
-5.834746913909915,0.02287727550776606,5.3889284148526455,3.4526901418091245,0.0,645287.1392213475,185069.84832340438,21,42561,898000,0.0003,26063886.0,10407.2451171875,0.7918179035186768,3410092883968.0,9713494.0,888001,40000.0,-38095723.38381168,,,,,,,
-3.9161923770904616,-0.2836382317063737,1.6013488406830203,0.020660888314440566,0.0,747178.6405016569,76767.6647354637,,,900000,0.0003,21985120.0,12135.919921875,1.1885788440704346,7152762617856.0,20340890.0,890000,,,0.0003281250000000002,0.0,40000.0,-4379127.575674423,148058.31127068243,0.0,0.0
,,,,,,,20,43792,900000,0.0003,19746290.0,12135.5615234375,-0.1147068440914154,3297593786368.0,13189482.0,890001,40000.0,-38095723.38381168,,,,,,,
23.986270763397226,0.014623080282955054,4.427560065878854,3.4450009537483433,0.0,919263.6905842748,270930.9206229193,20,43872,902000,0.0003,29333268.0,10141.7109375,0.1747194230556488,4085263368192.0,13304585.0,892001,40000.0,-38095723.38381168,,,,,,,
19.77907264137269,0.05508840882869649,6.153162798598921,6.819352699496569,0.0,1234779.9646821371,344017.63555930066,20,43946,904000,0.0003,22621972.0,9248.7099609375,1.9478293657302856,910042857472.0,3883868.75,894001,40000.0,-38095723.38381168,,,,,,,
22.342095127105736,0.01870349486213167,7.574210217300739,9.345459625588017,0.0,1699072.329694154,627087.2630143804,20,44021,906000,0.0003,31715676.0,8528.26171875,-0.811205267906189,1196009193472.0,6055645.0,896001,40000.0,-38095723.38381168,,,,,,,
23.148088747024534,0.020793674817759535,9.61709313324441,13.350272021492366,0.0,2420995.2931108237,967813.9286994021,20,44095,908000,0.0003,27123012.0,8000.58056640625,1.524891972541809,1225639854080.0,6984551.0,898001,40000.0,-38095723.38381168,,,,,,,
13.555608266830452,0.012627814349614797,11.509134982753576,18.144543571884267,0.0,3479894.2853881363,1145484.7714057534,20,44170,910000,0.0003,36867968.0,7506.56640625,-0.044520631432533264,1299575209984.0,6277687.0,900001,40000.0,-38095723.38381168,,,,,,,
26.576338577270523,0.005862675269323648,14.557230559308147,29.761049012838832,0.0,5438381.385388991,2762689.372151197,20,44244,912000,0.0003,24395220.0,7597.18115234375,-0.6410067677497864,1100228591616.0,4806135.5,902001,40000.0,-38095723.38381168,,,,,,,
24.4100992012024,0.006480596006330563,17.825941556802235,42.98940744455524,0.0,8531432.475969898,4587354.079975308,20,44318,914000,0.0003,21529814.0,7507.84814453125,-1.8411146402359009,774202458112.0,3853960.75,904001,40000.0,-38095723.38381168,,,,,,,
24.508913925170898,0.013908295736036453,22.65228784349156,67.92870955524998,0.0,14760131.004867282,6716309.061649274,20,44393,916000,0.0003,20162796.0,7455.33447265625,0.09036344289779663,507355824128.0,2350090.5,906001,40000.0,-38095723.38381168,,,,,,,
19.50371846580501,0.006819271859912648,26.125282412844918,90.93498982648528,0.0,23300997.6560375,8379713.700955089,20,44468,918000,0.0003,32335966.0,7163.6083984375,0.9767798185348511,888389304320.0,3040370.0,908001,40000.0,-38095723.38381168,,,,,,,
15.874083862304708,-0.009662116648166982,28.461527266054,106.86599573790647,0.0,32617364.072092045,9624049.59734204,20,44544,920000,0.0003,38478372.0,6913.91552734375,0.2034624069929123,927858556928.0,3274758.25,910001,40000.0,-38337499.27576574,,,,,,,
22.420058696746764,0.06894348860372987,7.430916270050555,7.706583342172973,0.0,134049.00804610192,105586.21120728964,20,44619,922000,0.0003,16490664.0,7100.10986328125,0.5207316875457764,4930855239680.0,7469061.0,912001,40000.0,-38337499.27576574,,,,,,,
-12.29487589454652,0.12622890682791202,4.155123082058441,2.3566261339667256,0.0,86873.97183170394,-16109.397177892675,20,44694,924000,0.0003,25163728.0,7170.23779296875,-1.2377595901489258,659520225280.0,2734941.75,914001,40000.0,-38337499.27576574,,,,,,,
5.475860378265382,0.05466977429735741,2.6669245977934044,0.5994004063951831,0.0,111736.697192972,44391.541683503325,20,44770,926000,0.0003,21492072.0,6907.67431640625,0.506480872631073,725342617600.0,3626311.25,916001,40000.0,-38337499.27576574,,,,,,,
4.5955513420104825,0.09866188415361211,2.7825438020893163,0.6754141478731058,0.0,161559.22870637794,55873.24956513439,20,44845,928000,0.0003,28815838.0,6889.91064453125,-0.37069231271743774,493217841152.0,2314871.0,918001,40000.0,-38337499.27576574,,,,,,,
2.362109203338619,-0.13866366299834448,2.2157879267443223,0.4081441935726078,0.0,209285.07145598563,60463.4885655217,20,44920,930000,0.0003,21524868.0,6637.5361328125,-2.8375511169433594,965659066368.0,6262639.0,920001,40000.0,-38337499.27576574,,,,,,,
4.409187030792236,0.0440636512235809,2.1263733815576735,0.45361067414334355,0.0,268560.75892634905,50699.9299829329,20,44996,932000,0.0003,31195388.0,6762.919921875,-1.3867309093475342,553744072704.0,2913920.0,922001,40000.0,-38337499.27576574,,,,,,,
7.985129467010498,0.03635704400517868,3.1162216936698885,0.9291973625270623,0.0,344924.5442737691,101963.80981456101,20,45071,934000,0.0003,28097478.0,6735.27587890625,-1.256101369857788,705542356992.0,4182547.75,924001,40000.0,-38337499.27576574,,,,,,,
12.95763962364195,0.09120964981558384,4.722386666916298,2.4321759112439714,0.0,477164.1274269929,160773.29895464482,20,45147,936000,0.0003,25329588.0,6894.998046875,-1.434247374534607,706506522624.0,2961202.0,926001,40000.0,-38337499.27576574,,,,,,,
15.295698072433476,0.021304501140851383,6.0430584114110735,4.673045546103436,0.0,712653.0943685353,303197.06849596294,20,45222,938000,0.0003,29293004.0,6880.291015625,1.0308239459991455,744505540608.0,2626242.0,928001,40000.0,-38337499.27576574,,,,,,,
17.178165679931602,0.0402910007368384,7.8153705794550445,7.445202244578446,0.0,1076439.3370537532,520610.91152901045,20,45298,940000,0.0003,28234766.0,6713.67041015625,-0.49927815794944763,402154455040.0,2141335.75,930001,40000.0,-38337499.27576574,,,,,,,
15.269085008621209,-0.0058077801764963915,9.970417264781057,12.98857571593586,0.0,1731665.112517361,789134.0152503662,20,45374,942000,0.0003,27418580.0,6603.75634765625,-0.06798523664474487,453342789632.0,2371302.0,932001,40000.0,-38337499.27576574,,,,,,,
19.071303348541267,-0.0014752598661029058,12.758440573680696,20.687150899229348,0.0,2856516.798208473,1627593.4953963545,20,45450,944000,0.0003,20148064.0,6462.06103515625,0.7887868285179138,593103355904.0,2877740.25,934001,40000.0,-38337499.27576574,,,,,,,
16.908611757278408,0.007165573627016613,14.846482781683237,28.84650326498357,0.0,4548736.740003622,1708787.7316337153,20,45525,946000,0.0003,27859300.0,6512.4638671875,-1.3260810375213623,687505408000.0,3830903.5,936001,40000.0,-38337499.27576574,,,,,,,
15.192738685607912,0.02324708349019003,15.919958065401921,32.41337472839605,0.0,6424899.126143357,2148434.516956928,20,45601,948000,0.0003,26497694.0,6519.28076171875,0.18406063318252563,535017848832.0,3150049.75,938001,40000.0,-38337499.27576574,,,,,,,
18.289402259826637,-0.004982295737346847,18.092611239703185,42.994360146421016,0.0,9539361.270752644,3466987.8287555957,20,45675,950000,0.0003,27138416.0,6364.10888671875,0.5294791460037231,824016764928.0,4144916.0,940001,40000.0,-38337499.27576574,,,,,,,
14.030306695938116,0.006645073309445346,19.08900383905223,47.214348381435286,0.0,12770614.831915665,3699917.95618023,20,45749,952000,0.0003,17867448.0,6457.052734375,1.2406405210494995,585009070080.0,3363828.0,942001,40000.0,-38337499.27576574,,,,,,,
-2.180664733886726,-0.01213099942096315,18.51277182901073,44.13014608829019,0.0,15727144.193878477,1953553.0902953765,20,45824,954000,0.0003,24726088.0,6152.9189453125,0.23776058852672577,393240772608.0,1829475.125,944001,40000.0,-38337499.27576574,,,,,,,
10.022427206039433,0.016117678495434638,17.144005781794043,38.62200569044124,0.0,18560570.643965904,4049642.765595037,20,45898,956000,0.0003,21274620.0,6203.755859375,0.15579482913017273,501014659072.0,2958003.25,946001,40000.0,-38337499.27576574,,,,,,,
5.668289478302006,-0.010383700576041658,18.5564490026525,44.08180886589303,0.0,23024169.89934132,4522230.890531964,20,45972,958000,0.0003,25025812.0,6252.060546875,0.8923141956329346,478907891712.0,2592087.25,948001,40000.0,-38337499.27576574,,,,,,,
1.8561827373504638,0.0015163280458328566,17.92630270647224,41.6826720484073,0.0,27205900.001053784,4058057.2948882063,20,46047,960000,0.0003,25611428.0,6313.40283203125,-0.5194153785705566,414719901696.0,2730301.75,950001,40000.0,-38728920.52713784,,,,,,,
19.029967475891137,0.05186318586816311,5.266901696285408,4.198467839913188,0.0,55035.582785235325,65550.73057968156,20,46122,962000,0.0003,19017320.0,6275.919921875,-0.9597793817520142,612336533504.0,4212553.0,952001,40000.0,-38728920.52713784,,,,,,,
-13.925870895385744,-0.02677361746199798,2.505106151760685,1.8279645325506115,0.0,49869.0245224504,-24395.512456962148,20,46197,964000,0.0003,22455660.0,6284.61669921875,-0.2535202205181122,570564673536.0,2966188.75,954001,40000.0,-38728920.52713784,,,,,,,
-6.542163255691526,-0.09167997515302526,-1.4004119197640452,0.5042793612737412,0.0,32978.42793108064,-14156.876174626077,20,46271,966000,0.0003,24298968.0,6406.75439453125,1.291651964187622,472231444480.0,2945657.5,956001,40000.0,-38728920.52713784,,,,,,,
-44.65516832923889,-0.6649326961956509,0.09957107717323875,0.5964637415804562,0.0,26956.714442174187,239.48061822360145,20,46346,968000,0.0003,16291866.0,6421.49658203125,-1.481101632118225,374859300864.0,2652016.25,958001,40000.0,-38728920.52713784,,,,,,,
-1.461879154205324,-0.011060345559630418,2.1473072825909845,0.028661328814528465,0.0,37889.72067597792,21876.630866074964,20,46421,970000,0.0003,23189974.0,6387.18359375,1.4782357215881348,572681879552.0,3981259.25,960001,40000.0,-38728920.52713784,,,,,,,
-3.7101955623626637,0.4256912758389982,-0.4663408668983212,-0.5020615039323073,0.0,47311.26537499452,-5766.347773702148,20,46495,972000,0.0003,19919834.0,6287.56005859375,0.9318497180938721,522897653760.0,2258300.0,962001,40000.0,-38728920.52713784,,,,,,,
19.03054492568969,0.008233792917892554,3.4893141366941562,2.704611293977334,0.0,83249.95018747497,89944.61212419301,20,46570,974000,0.0003,16785342.0,5954.8330078125,1.5130412578582764,364090228736.0,3772311.25,964001,40000.0,-38728920.52713784,,,,,,,
15.154413358688364,0.1633901980470212,1.784050486122441,2.8956568860256877,0.0,134751.9796067398,-13270.101990430756,20,46644,976000,0.0003,19624664.0,6220.1123046875,0.4344477951526642,413882449920.0,1948269.75,966001,40000.0,-38728920.52713784,,,,,,,
5.985352888107312,-0.2667671208345766,3.346261547461574,3.3835833288028843,0.0,161306.5517052618,133166.8533040064,20,46719,978000,0.0003,19890298.0,6105.560546875,-1.573804497718811,1231567716352.0,5069663.5,968001,40000.0,-38728920.52713784,,,,,,,
-13.260347267150873,0.04975649689272887,1.7218459067705112,4.605373554388156,0.0,240024.4302317739,-6314.541108709518,20,46794,980000,0.0003,17358240.0,6057.22607421875,0.9093981981277466,630265085952.0,5317897.0,970001,40000.0,-38728920.52713784,,,,,,,
3.475898874282823,0.20608234370526082,1.2322581538367279,2.095849983414765,0.0,253548.5844629004,12657.526991001943,20,46869,982000,0.0003,16947106.0,6024.19921875,-0.7584813833236694,333376520192.0,2142736.5,972001,40000.0,-38728920.52713784,,,,,,,
-0.7617294292449805,0.06549152368063263,-0.6879199526275114,2.7819082179686103,0.0,255625.10032717322,-23352.2004759716,20,46944,984000,0.0003,15292383.0,6153.36474609375,0.42408373951911926,293299585024.0,2197366.5,974001,40000.0,-38728920.52713784,,,,,,,
-14.926039037704463,0.10171417025860063,0.5272351277238676,3.0563180864995245,0.0,257178.6368846039,21003.25956508006,20,47018,986000,0.0003,21196962.0,5956.0087890625,-0.23710602521896362,474161020928.0,3426941.75,976001,40000.0,-38728920.52713784,,,,,,,
2.6156612854003964,-0.053510772331739426,0.08733596510008919,2.690563577544671,0.0,253950.39803135875,31345.855054044758,20,47093,988000,0.0003,15029278.0,5900.32177734375,-2.7855570316314697,1179744600064.0,3389444.25,978001,40000.0,-38728920.52713784,,,,,,,
-35.4370011672973,-0.09423222367757374,1.4902476555808373,3.1981863680507385,0.0,286341.38413933304,31260.27485402298,20,47168,990000,0.0003,16571543.0,5888.30908203125,1.422950029373169,598880944128.0,3407311.0,980001,40000.0,-38728920.52713784,,,,,,,
-2.3562015590667773,-0.011941754498016844,-2.1315061742105605,2.1606684467935233,0.0,280390.3028925314,-67357.57816071957,20,47242,992000,0.0003,18648002.0,5825.427734375,0.4266083240509033,1214895226880.0,7949325.0,982001,40000.0,-38728920.52713784,,,,,,,
2.0762888374328585,0.17090558634237835,-2.413086147253833,1.029477437593296,0.0,204878.61413644205,-59492.16353584917,21,47317,994000,0.0003,18046488.0,5194.59619140625,-1.8003078699111938,1400826232832.0,4061396.75,984001,40000.0,-38728920.52713784,,,,,,,
-10.704142520904536,-0.31733911367926776,-2.0857636401673156,0.3099356552413811,0.0,164386.28779879538,-45442.35875019985,21,47392,996000,0.0003,19144578.0,5134.29736328125,-1.2741633653640747,515397386240.0,3440249.0,986001,40000.0,-38728920.52713784,,,,,,,
12.355396587371828,0.26521130239371965,-1.8984850764531218,0.5976454253839447,0.0,119510.52794851798,-39626.71050820953,21,47465,998000,0.0003,18430054.0,5173.22900390625,-0.38268494606018066,695631085568.0,5339627.5,988001,40000.0,-38728920.52713784,,,,,,,
8.237159784317024,0.08614038556460103,-0.8507764642368447,0.3927199082073921,0.0,90906.47956830332,-12581.980875764164,,,1000000,0.0003,19182436.0,5215.6982421875,-0.9214062094688416,542224220160.0,3552991.0,990000,,,0.0003281250000000002,0.0,40000.0,-48197.749110887176,2071.706989901406,0.0,0.0
,,,,,,,20,48679,1000000,0.0003,21438314.0,5215.94677734375,-1.0496294498443604,688798695424.0,4798154.5,990001,40000.0,-39062327.22072229,,,,,,,
