rollout/acrobot_xk_applied_torque,rollout/acrobot_xk_elbow_norm,rollout/acrobot_xk_elbow_rate_norm,rollout/acrobot_xk_energy_error_norm,rollout/acrobot_xk_homoclinic_capture,rollout/acrobot_xk_lyapunov,rollout/acrobot_xk_lyapunov_rate,time/fps,time/time_elapsed,time/total_timesteps,train/learning_rate,train/actor_loss,train/alpha,train/alpha_loss,train/critic_loss,train/fraction,train/n_updates,rollout/ep_len_mean,rollout/ep_rew_mean,eval/best_strict_capture_mean_max_duration,eval/best_strict_capture_success_rate,eval/mean_ep_length,eval/mean_reward,eval/std_reward,eval/strict_capture_mean_max_duration,eval/strict_capture_success_rate
-1.0356582898586058,-0.046711382397421036,0.1252043890169703,-0.9696314310839236,0.0,1242.9731728031388,185.10799771566207,2112,0,2000,0.0003,,,,,,,,,,,,,,,
-0.6244938695766041,-0.10532085213655491,-0.18519963501753056,-0.9685055912964582,0.0,1222.6460446798558,437.4273961993897,2125,1,4000,0.0003,,,,,,,,,,,,,,,
-0.5689981339462115,-0.004886327046163216,0.059342451028793874,-0.9875670608929097,0.0,1242.8551843431774,174.08120582133725,2132,2,6000,0.0003,,,,,,,,,,,,,,,
1.4547116296328615,0.1521004156005187,-0.10540833974510207,-0.9607553995430158,0.0,1252.2154456343071,199.7175864835321,2136,3,8000,0.0003,,,,,,,,,,,,,,,
-0.21945047794911102,-0.014238784094636364,0.33160983496207636,-0.9412586859510829,0.0,1246.4754455371922,-85.9300096867478,1211,8,10000,0.0003,-0.0696895495057106,1.0,-0.0,6584992.0,81.5118408203125,1,,,,,,,,,
6.383988788604734,0.3415311379226192,0.04310381641247401,-0.9250384137652361,0.0,1068.190611703335,-47.48401142196813,154,77,12000,0.0003,21769.859375,1.6241916418075562,-0.46349719166755676,1163282.5,2554.591552734375,2001,,,,,,,,,
3.689053520202638,0.281321260342118,-0.2939310494179249,-0.9319489717873618,0.0,1134.3251882045695,387.68453831057326,94,148,14000,0.0003,71450.796875,2.784264087677002,-2.715428113937378,640375.625,3747.145751953125,4001,,,,,,,,,
-5.433064212799074,-0.40600477594488654,-0.3665984417854077,-0.8668804357515414,0.0,1035.7398623258275,-533.3500040942904,73,218,16000,0.0003,84681.40625,5.44677734375,-3.281873941421509,304087.125,4260.4638671875,6001,,,,,,,,,
-8.232116048812866,-0.5635576993111842,0.0285508142888686,-0.8126090660423178,0.0,889.6361678370383,35.310489250204604,62,288,18000,0.0003,110013.7421875,8.075072288513184,-2.024526596069336,348418.5,3675.921142578125,8001,,,,,,,,,
-10.083317239761351,-0.5545825085627535,-0.06414498028857987,-0.8163489501661649,0.0,896.2509240544625,-79.77549903411857,55,358,20000,0.0003,133684.15625,11.44730281829834,-1.2699413299560547,336961.34375,4299.23583984375,10001,,,,,,,,,
-7.363766250610352,-0.6553636864446728,0.004292598545913047,-0.7516693508031442,0.0,810.8522254934611,-6.125472446072584,51,429,22000,0.0003,149977.59375,13.457330703735352,-0.2555786669254303,330195.40625,5367.5751953125,12001,,,,,,,,,
-10.583295032501232,-0.5568366622492616,0.05106592954211497,-0.807901109617386,0.0,881.3279889073482,66.17710350207678,48,499,24000,0.0003,159137.421875,11.913603782653809,-0.8614497184753418,487798.0625,5238.81591796875,14001,,,,,,,,,
-11.628816078186043,-0.6760805759498006,-0.3352299573353596,-0.6474041916560592,0.0,739.4594756972872,-194.52965722837376,45,569,26000,0.0003,165961.53125,19.596338272094727,-0.023202670738101006,431440.375,4411.14208984375,16001,,,,,,,,,
6.681546554565426,0.448205902357978,-0.683004606537835,-0.707296491188603,0.0,1576.096108610276,1625.1237572434036,43,640,28000,0.0003,168995.109375,21.45235252380371,-0.6585088968276978,1324856.5,5107.75,18001,,,,,,,,,
3.7432705211639417,0.07022277979888743,0.30338524619851565,-0.8955407068088995,0.0,2164.2101428969595,-700.019213368899,42,710,30000,0.0003,172751.59375,40.0316276550293,-0.4331962764263153,2882516.25,8419.623046875,20001,,,,,,,,,
1.2549371318817326,0.1140880284119832,0.662834419179644,-0.4011668100205722,0.0,808.6159316901192,-936.5591165231209,40,780,32000,0.0003,171742.09375,37.42365646362305,0.15809504687786102,3805758.0,8680.3916015625,22001,,,,,,,,,
-12.156123991012576,-0.6381095489524227,-0.02587228126317846,-0.6445648023815074,0.0,631.1307140935777,-54.453864925129956,39,851,34000,0.0003,161973.34375,44.159358978271484,1.0898902416229248,10104570.0,32223.419921875,24001,,,,,,,,,
-6.184440572738641,-0.6088604506206895,0.097692983303166,-0.6518213803708054,0.0,635.9849881321522,119.21369612381537,39,921,36000,0.0003,162338.953125,27.617416381835938,0.12043024599552155,1696255.5,5614.3330078125,26001,,,,,,,,,
-7.583318782806415,-0.30604358585113434,0.2640104057160733,-0.8362954137597686,0.0,908.8251792248908,292.5641100852087,38,991,38000,0.0003,161977.5625,32.17876434326172,-0.07025666534900665,1667473.25,5306.6640625,28001,,,,,,,,,
-2.197210289001467,-0.1157378450414825,-0.048010205445984104,-0.9151075498321377,0.0,1022.2998503803396,25.05052289353432,37,1062,40000,0.0003,165637.328125,22.375757217407227,0.2730850875377655,1228228.0,5149.70263671875,30001,40000.0,-43002067.615479,,,,,,,
-0.7030403957366939,-0.021278943193094948,-0.044331515399518615,-0.9808883758464145,0.0,1156.9674454910923,30.46953355747896,37,1132,42000,0.0003,167242.109375,33.5637092590332,0.26504606008529663,1882123.25,6390.07080078125,32001,40000.0,-43002067.615479,,,,,,,
-4.033856691360476,-0.2224562456335588,-0.3616074639069423,-0.9197955404896673,0.0,1130.519044272231,-264.8253459233086,36,1203,44000,0.0003,167113.046875,38.472808837890625,-0.5619753003120422,6757688.0,22764.0625,34001,40000.0,-43002067.615479,,,,,,,
-9.162084581375131,-0.6009174478595738,0.0537509098799154,-0.7694652580100126,0.0,858.6374407735475,74.26626129052264,36,1274,46000,0.0003,155965.9375,47.696006774902344,0.1332336962223053,1912714.375,5135.31982421875,36001,40000.0,-43002067.615479,,,,,,,
-7.8580675868988035,-0.6205127325851895,-0.15673561515712262,-0.7762374654842575,0.0,858.7851056612117,-163.2934790135909,35,1345,48000,0.0003,152694.3125,40.44166564941406,-0.34630587697029114,1947339.625,9167.8603515625,38001,40000.0,-43002067.615479,,,,,,,
-8.878556367874141,-0.7282152410859964,0.19920694138816478,-0.6770092776086442,0.0,796.0223594415186,182.2889427600673,35,1415,50000,0.0003,146317.0,36.66862869262695,0.41819924116134644,3294225.5,7260.080078125,40001,40000.0,-43002067.615479,,,,,,,
-9.915258659362815,-0.7512480138817829,-0.3493319104058151,-0.6502990033523204,0.0,752.3347224232714,-352.0430566029918,34,1486,52000,0.0003,145396.8125,39.81207275390625,-0.2724056839942932,2973631.75,8514.8359375,42001,40000.0,-43002067.615479,,,,,,,
6.1096510505676305,0.4397343148713575,-0.11966433234086025,-0.45437466863273007,0.0,669.6290159136717,-52.12011106274022,34,1556,54000,0.0003,140036.3125,44.175437927246094,0.09313034266233444,2701956.0,7830.5498046875,44001,40000.0,-43002067.615479,,,,,,,
-2.4101106910705545,0.9068969509126558,0.03389994632390487,-0.35366581046818385,0.0,513.3401632669221,-47.28544978591494,34,1627,56000,0.0003,127779.6875,53.756004333496094,-0.16956797242164612,3154593.0,6505.29052734375,46001,40000.0,-43002067.615479,,,,,,,
16.358890008926426,0.7589764443059647,-0.10583104321436027,-0.3322754403748221,0.0,623.2396496695966,88.2807088036717,34,1698,58000,0.0003,122690.796875,44.478492736816406,0.09116584062576294,3000856.5,8239.4462890625,48001,40000.0,-43002067.615479,,,,,,,
-2.285408811569208,0.8421470550843171,-0.004711950288338408,-0.2933323750735222,0.0,531.1736807740176,7.533311575366152,33,1769,60000,0.0003,122409.75,46.10966110229492,-0.3120102286338806,2926025.5,9349.73828125,50001,40000.0,-43002067.615479,,,,,,,
12.017374925613368,0.8133353189896296,0.01787017609326724,-0.2260892618304881,0.0,535.308840042043,61.72976229339526,33,1840,62000,0.0003,119049.5,44.276302337646484,0.12611669301986694,8459786.0,21007.78515625,52001,40000.0,-43002067.615479,,,,,,,
20.981462259292606,0.5749296843245895,-0.22395061522804832,-0.26053149701831696,0.0,742.2347732067593,300.5350285564475,33,1912,64000,0.0003,123821.078125,38.727455139160156,0.16568151116371155,3085155.0,10572.6806640625,54001,40000.0,-43002067.615479,,,,,,,
18.010185558319098,0.5774309352959668,0.398980729821689,-0.24491801220283724,0.0,844.6006520857786,259.3730950808078,33,1983,66000,0.0003,122433.9375,42.11362075805664,-0.18274956941604614,5297319.0,11181.4521484375,56001,40000.0,-43002067.615479,,,,,,,
-18.497602254867576,-0.6364028087559472,0.3129918187210571,-0.23281485952178538,0.0,554.6546930295425,-938.4066375604347,33,2055,68000,0.0003,101674.109375,93.50035858154297,-1.8436182737350464,7890667.0,17042.013671875,58001,40000.0,-43002067.615479,,,,,,,
-5.15865763473511,-0.30517784501488576,0.4341052158809469,-0.44618293529041836,0.0,396.98594516784016,278.949954786658,32,2127,70000,0.0003,75721.765625,108.68254852294922,-0.18013980984687805,5436719.0,7826.48486328125,60001,40000.0,-43002067.615479,,,,,,,
1.2579816741943333,0.4745473553993403,0.35858918500652387,-0.4159055260129981,0.0,391.6265443428162,-79.92427376626027,32,2200,72000,0.0003,73492.7109375,70.23487091064453,0.5441536903381348,4947620.0,9412.7470703125,62001,40000.0,-43002067.615479,,,,,,,
4.751737451553335,0.21294133459624578,-0.6807929683767009,-0.5634843892163628,0.0,627.628673350847,203.49739758833203,32,2273,74000,0.0003,92506.0390625,34.803836822509766,0.8844068646430969,2969486.5,8434.94921875,64001,40000.0,-43002067.615479,,,,,,,
-4.0641118469238275,-0.24458273831775823,0.17607022057598504,-0.6383144155559571,0.0,528.2099364388815,90.333169127729,32,2346,76000,0.0003,103065.53125,34.513607025146484,-0.0653078705072403,2732649.5,7196.45166015625,66001,40000.0,-43002067.615479,,,,,,,
-2.1264833030700703,-0.08111527040141567,0.2006334222413953,-0.621466776830641,0.0,592.9924035579821,-108.48988346963408,32,2420,78000,0.0003,107008.203125,38.33517074584961,-0.5934802293777466,97201720.0,9661.5546875,68001,40000.0,-43002067.615479,,,,,,,
-20.115890296936005,-0.365742427445467,-0.701126484111094,-0.08125860915704586,0.0,680.6002515374342,240.76296493858212,32,2494,80000,0.0003,78767.4921875,90.15670013427734,-2.6921191215515137,3811409.25,6739.59912109375,70001,40000.0,-35267688.337504,,,,,,,
-6.277874698638927,-0.5960817522813305,-0.39286260288878505,-0.6061657630585386,0.0,868.3780661030603,-458.49390870346093,31,2569,82000,0.0003,67796.234375,83.7564926147461,0.19344325363636017,9402257.0,22989.810546875,72001,40000.0,-35267688.337504,,,,,,,
-9.052499069213832,-0.31616714198068996,-0.4889123667287522,-0.40789851470976024,0.0,608.9751907052641,-22.75005694691454,31,2645,84000,0.0003,71772.078125,55.7056999206543,0.4811973571777344,4241712.5,7690.16015625,74001,40000.0,-35267688.337504,,,,,,,
18.40159598159793,0.8222486472261856,0.10567963185851353,-0.10025639450100998,0.0,460.9595894464734,-169.83139598388033,31,2721,86000,0.0003,82396.65625,39.393558502197266,0.16066277027130127,2717280.0,6447.3017578125,76001,40000.0,-35267688.337504,,,,,,,
7.647978263854981,0.7772963903854951,-0.2422041675841975,-0.1294845378879945,0.0,554.9609247038891,326.39142440021755,31,2797,88000,0.0003,92169.0078125,38.49773025512695,-0.9436722993850708,3493857.5,10823.912109375,78001,40000.0,-35267688.337504,,,,,,,
-2.347139160156252,0.38935342247066784,-0.16434454393316847,-0.16328991025033154,0.0,830.5472631929266,214.64379815797818,31,2874,90000,0.0003,96428.328125,47.17534255981445,0.3670220673084259,5026419.0,10031.818359375,80001,40000.0,-35267688.337504,,,,,,,
23.97996137619018,0.4044392954495138,-0.11221030186748146,0.4152361172021007,0.0,1289.8828859374958,448.80680629901246,31,2951,92000,0.0003,104857.75,34.890533447265625,0.36934417486190796,5757579.5,12047.083984375,82001,40000.0,-35267688.337504,,,,,,,
3.2119643726348888,0.05844133581385889,0.03504948676343851,0.436159269888642,0.0,1412.2465486888846,32.51057664206333,31,3029,94000,0.0003,119104.875,28.747705459594727,0.16577190160751343,2349042.75,6092.40771484375,84001,40000.0,-35267688.337504,,,,,,,
7.6036229038238545,0.1543562457303013,-0.01956776449716001,0.47954118011594254,0.0,1319.57582404938,351.7813177485649,30,3108,96000,0.0003,127513.796875,29.75168228149414,-0.05560764670372009,2337683.75,5407.65673828125,86001,40000.0,-35267688.337504,,,,,,,
21.412601459503197,0.2969556091872349,0.10208592192382411,0.741320969337121,0.0,1619.3017508623277,553.3204829966639,30,3186,98000,0.0003,129832.15625,39.120269775390625,-0.018766965717077255,3399641.5,7354.81982421875,88001,40000.0,-35267688.337504,,,,,,,
11.492917892456001,0.12621354590304817,-0.36594821341104394,0.9457875774100548,0.0,2355.1397473766438,951.1523666802988,,,100000,0.0003,134381.34375,30.906702041625977,0.30916789174079895,3548390.0,8980.62109375,90000,,,0.0,0.0,40000.0,-26245.067212788803,7390.330948669627,0.0,0.0
,,,,,,,22,4436,100000,0.0003,139867.390625,30.902414321899414,0.5462081432342529,4063729.5,7601.39404296875,90001,40000.0,-35267688.337504,,,,,,,
1.8919519481658926,0.09632366106282984,0.2598679081915966,1.0522931499497465,0.0,2845.9029731854735,-1080.487225221253,22,4514,102000,0.0003,139504.328125,33.07432556152344,0.1772843897342682,3531092.0,5524.126953125,92001,40000.0,-35267688.337504,,,,,,,
-10.778134462356572,-0.1478302917110199,-0.046531721072391556,0.9150436358502964,0.0,2572.161148180302,351.2171952420168,22,4593,104000,0.0003,150349.625,30.684511184692383,0.21144916117191315,3743293.0,13179.7373046875,94001,40000.0,-35267688.337504,,,,,,,
4.8844164485931305,0.052141681132066936,0.07860467698639657,0.8670563621292136,0.0,2094.2182715253502,-15.736822732006326,22,4672,106000,0.0003,159069.171875,32.50380325317383,-0.1399679183959961,4008803.0,7424.49609375,96001,40000.0,-35267688.337504,,,,,,,
19.043752763748152,0.20167166057095468,0.0004094211897298058,0.8334220624291078,0.0,1855.297330227805,-321.15979068758287,22,4752,108000,0.0003,155384.59375,36.50218963623047,-0.05217459052801132,3417606.75,8909.99609375,98001,40000.0,-35267688.337504,,,,,,,
25.58377670288086,0.29115241086015886,0.04898354856524832,0.7649190427914586,0.0,1628.3977952043126,-317.38909456248706,22,4831,110000,0.0003,165349.84375,36.93095397949219,-0.27276191115379333,6299332.0,9404.822265625,100001,40000.0,-35267688.337504,,,,,,,
25.81798411178588,0.3346401042795627,0.02664115597374075,0.6304729318118403,0.0,1360.464354355225,-286.512498794958,22,4910,112000,0.0003,167559.328125,38.12296676635742,-0.38601189851760864,4277859.5,8477.8603515625,102001,40000.0,-35267688.337504,,,,,,,
17.788943897247286,0.36125589863671953,0.10398308213879426,0.44107837621682067,0.0,1070.2906114368966,-110.2770316105931,22,4995,114000,0.0003,165312.71875,46.30487823486328,0.40473422408103943,5722151.0,8430.87890625,104001,40000.0,-35267688.337504,,,,,,,
17.594038969039897,0.387874296738164,0.0546049067514572,0.2352704033705971,0.0,877.4487930600146,-155.68512446239973,22,5080,116000,0.0003,157416.6875,47.89186096191406,0.5522069334983826,6733331.0,12604.4208984375,106001,40000.0,-35267688.337504,,,,,,,
25.389648860931388,0.4839721279931771,-0.037323210257248024,0.09110755703069542,0.0,741.9221346511861,-46.67458092087469,22,5165,118000,0.0003,163932.171875,47.96672058105469,-0.5072919726371765,6309683.0,9807.8857421875,108001,40000.0,-35267688.337504,,,,,,,
9.680302078247074,0.6112384555161297,0.0819823421366729,-0.07417128113265709,0.0,633.34109837748,-32.3017472537486,22,5244,120000,0.0003,149418.578125,51.64237976074219,0.5375609993934631,6245835.0,7904.65283203125,110001,40000.0,-41525568.73853534,,,,,,,
-3.667756053924553,-0.22925879000221558,-0.5765847957599952,-0.5320489852549242,0.0,1031.5694109895844,-469.45647329444176,22,5322,122000,0.0003,154744.15625,35.36032485961914,-0.4960225522518158,4565428.0,6117.10888671875,112001,40000.0,-41525568.73853534,,,,,,,
-10.863739212036137,-0.7143241586094341,-0.03914967468741748,-0.631925081281565,0.0,715.0485463967731,-135.68984836709714,22,5401,124000,0.0003,156266.578125,42.19893264770508,-0.027237024158239365,6130135.0,9628.099609375,114001,40000.0,-41525568.73853534,,,,,,,
-11.313368303298937,-0.7549933388628196,0.1395152190804377,-0.5874081529817502,0.0,614.9704840674642,92.93117358274814,22,5479,126000,0.0003,155059.09375,41.35531997680664,-0.7987721562385559,5231586.5,9184.849609375,116001,40000.0,-41525568.73853534,,,,,,,
-7.728162263870235,-0.5729302255980095,0.11083261319592369,-0.677529678961565,0.0,664.3619333520501,18.29197187964338,23,5557,128000,0.0003,161707.625,37.47914123535156,-0.4826202988624573,5917328.0,9059.1982421875,118001,40000.0,-41525568.73853534,,,,,,,
-11.281273645400997,-0.6539393334204662,-0.09281276696815292,-0.4776051179709635,0.0,454.0468634135925,-248.5285288067323,23,5635,130000,0.0003,157155.53125,42.41286849975586,-0.03401876986026764,5474392.0,7030.28076171875,120001,40000.0,-41525568.73853534,,,,,,,
6.96526921653747,0.21039492708153532,-0.46270124053835665,-0.210904763576311,0.0,618.829786153476,390.48933678527095,23,5714,132000,0.0003,154905.0625,43.133628845214844,-0.16649581491947174,8209587.0,13288.234375,122001,40000.0,-41525568.73853534,,,,,,,
18.15170507621766,0.7260963781582476,0.26276812640109637,-0.34449079456231435,0.0,671.1282177705034,-47.54654260679874,23,5792,134000,0.0003,151729.015625,46.527034759521484,-0.1590038537979126,5540952.5,10149.9482421875,124001,40000.0,-41525568.73853534,,,,,,,
-19.810659229278556,-0.7103369189844565,0.16984748955120785,-0.451122930646452,0.0,561.1826350177247,-250.9374767801691,23,5870,136000,0.0003,143404.734375,54.10486602783203,0.12181445211172104,11921676.0,18243.533203125,126001,40000.0,-41525568.73853534,,,,,,,
-9.095866182327265,-0.6388999318860616,0.17591635081166457,-0.5787516005676331,0.0,567.0823833128046,156.74595248974603,23,5948,138000,0.0003,135231.9375,54.55717468261719,0.1021600216627121,10351576.0,13235.5830078125,128001,40000.0,-41525568.73853534,,,,,,,
-11.459838083267215,-0.5613343270229011,-0.08772282451052608,-0.48776848841421006,0.0,500.34329834601675,-313.9099396989806,23,6026,140000,0.0003,127617.1875,50.34716033935547,-0.15515276789665222,9521124.0,8870.80859375,130001,40000.0,-41525568.73853534,,,,,,,
-9.423581367492664,-0.48444440950780604,0.20391872297539418,-0.43797706803952163,0.0,346.8658160404574,396.6322302716712,23,6105,142000,0.0003,128957.203125,52.38240432739258,-0.010288514196872711,9012926.0,12467.548828125,132001,40000.0,-41525568.73853534,,,,,,,
-1.8619929122924834,-0.09721443325420205,0.050353874856923296,-0.7025490019689554,0.0,658.7863092215559,40.693688737168344,23,6183,144000,0.0003,126303.421875,54.76557159423828,-0.11566086113452911,6192001.5,8609.1025390625,134001,40000.0,-41525568.73853534,,,,,,,
-9.813726104736332,-0.5142976177237017,-0.15518623962717587,-0.32878415168894676,0.0,346.4577745560708,-560.7406740866946,23,6262,146000,0.0003,121113.2421875,54.40106201171875,0.17495691776275635,11066538.0,19489.529296875,136001,40000.0,-41525568.73853534,,,,,,,
-7.325085727691646,-0.35009366917337814,0.2345993621511255,-0.3115394040647619,0.0,206.73969270507828,270.0212100371886,23,6341,148000,0.0003,120019.984375,51.22289276123047,0.33037978410720825,7672466.0,11887.3779296875,138001,40000.0,-41525568.73853534,,,,,,,
1.622317684173585,0.045998635078646044,0.12338899224686535,-0.5077380657354311,0.0,332.3384971600346,-61.25383561009167,23,6420,150000,0.0003,119442.328125,49.305519104003906,-0.08669884502887726,6699910.0,10602.484375,140001,40000.0,-41525568.73853534,,,,,,,
-13.496109886169423,-0.3349493819111731,-0.43467394870632337,-0.21191238195988943,0.0,299.11836227774126,-215.88170713721695,23,6498,152000,0.0003,121289.5859375,49.25224685668945,-0.16734328866004944,6157997.5,8990.8740234375,142001,40000.0,-41525568.73853534,,,,,,,
0.9080212306976366,-0.3375650490879956,0.22223765636055348,0.054880094429046504,0.0,76.25260867908227,-7.326789579823678,23,6577,154000,0.0003,121531.7109375,43.74293518066406,-0.36750441789627075,95701552.0,12890.28125,144001,40000.0,-41525568.73853534,,,,,,,
-22.933304092407237,-0.3795821570175172,-0.05948881018841224,0.3884029875996163,0.0,326.840220262239,125.92072989737098,23,6655,156000,0.0003,128029.90625,45.62752151489258,0.24346160888671875,6653207.5,9014.544921875,146001,40000.0,-41525568.73853534,,,,,,,
-22.497292306900032,-0.30879978608002506,-0.011184733276529966,0.45416969892206716,0.0,318.8401115289719,173.55882076003056,23,6734,158000,0.0003,129935.34375,44.03392028808594,-0.30366408824920654,7163916.0,9951.03125,148001,40000.0,-41525568.73853534,,,,,,,
-15.59969584274292,-0.26727654315876276,-0.030036519968646425,0.5482539862379706,0.0,432.71712673093054,561.7808762736586,23,6812,160000,0.0003,131326.265625,41.806846618652344,-0.1686811000108719,7627631.0,13534.462890625,150001,40000.0,-36011726.30162975,,,,,,,
3.670591047286988,0.2312259989818137,0.23394675939221407,-0.9418029296829686,0.0,1218.9885724898718,-72.43674947511872,23,6891,162000,0.0003,131213.78125,43.691673278808594,-0.03536682575941086,9271366.0,11590.8193359375,152001,40000.0,-36011726.30162975,,,,,,,
-5.367611213684077,-0.41809836787640847,-0.8404055193299826,-0.6897094549687541,0.0,1119.887013456232,-459.57334847022213,23,6971,164000,0.0003,133893.1875,44.3858642578125,0.5221766233444214,12300246.0,21580.755859375,154001,40000.0,-36011726.30162975,,,,,,,
3.724151760101304,-0.8238467904533554,0.21052987906474116,-0.48934270225134513,0.0,542.1023626301939,-245.38467641615895,23,7050,166000,0.0003,129480.59375,68.52875518798828,-0.17149123549461365,9920078.0,16989.953125,156001,40000.0,-36011726.30162975,,,,,,,
-18.081939897537218,-0.6005877014859845,-0.04232756306827974,-0.33129228496797664,0.0,277.1785291373508,-156.72800943293834,23,7129,168000,0.0003,124879.828125,45.55546569824219,0.09940318763256073,8866013.0,17566.89453125,158001,40000.0,-36011726.30162975,,,,,,,
-2.9430655956268312,-0.5803429395612891,0.047879918575109225,-0.26602532062017686,0.0,190.96035974366984,-29.78848446580715,23,7208,170000,0.0003,122030.546875,56.45075225830078,-0.25504085421562195,10894308.0,14667.3466796875,160001,40000.0,-36011726.30162975,,,,,,,
-10.376162502288834,-0.4408253026705835,0.1420161540201559,-0.4452846680424768,0.0,316.71325011897653,155.28662478055097,23,7287,172000,0.0003,121725.2109375,58.3752326965332,0.20422549545764923,11515796.0,10718.7470703125,162001,40000.0,-36011726.30162975,,,,,,,
-15.820394428253143,-0.533359563932511,-0.14486761530079736,-0.27815060986459184,0.0,284.7578116889085,-151.63450577441364,23,7366,174000,0.0003,116040.703125,53.64487075805664,0.28688958287239075,12114372.0,19271.05078125,164001,40000.0,-36011726.30162975,,,,,,,
-1.0476352787017824,-0.49849163634610055,0.08857347138096898,-0.2397012104566559,0.0,151.49784778906582,-2.4718494559355286,23,7445,176000,0.0003,114112.9609375,54.20341873168945,-0.4364745616912842,6975592.5,7846.96484375,166001,40000.0,-36011726.30162975,,,,,,,
-7.200272325515779,-0.2173592882831101,0.12656868764641344,-0.47698540716016274,0.0,356.27242745544055,218.78966257149085,23,7524,178000,0.0003,109457.890625,57.918853759765625,0.5450430512428284,16241458.0,14453.0146484375,168001,40000.0,-36011726.30162975,,,,,,,
-10.831448844909675,-0.4857964271125654,-0.2919353467608184,-0.367688070381502,0.0,361.16360194143033,-143.22579197861077,23,7603,180000,0.0003,98407.78125,53.53071594238281,0.22727641463279724,8374903.0,8892.7734375,170001,40000.0,-36011726.30162975,,,,,,,
-2.232115869522098,-0.5845538139113732,0.08303278904660016,-0.24280779611381265,0.0,182.92651456205445,-49.99001847504446,23,7682,182000,0.0003,112844.6796875,54.763771057128906,-0.5384384393692017,8780362.0,11302.2998046875,172001,40000.0,-36011726.30162975,,,,,,,
-10.664350015640263,-0.35768341061155845,0.1841172197670459,-0.42193940570866056,0.0,311.8982206682283,189.23134338465388,23,7760,184000,0.0003,102216.03125,58.8648681640625,-0.6280306577682495,7411972.0,10941.884765625,174001,40000.0,-36011726.30162975,,,,,,,
-3.928436534881592,-0.3943918323391748,-0.21842736460548584,-0.46572200751429427,0.0,358.55307413342007,-97.6009157248096,23,7839,186000,0.0003,108241.953125,55.861732482910156,0.3195500075817108,14644516.0,27733.11328125,176001,40000.0,-36011726.30162975,,,,,,,
-9.658690158844003,-0.5774815471998764,0.18751569054770292,-0.11651568000083926,0.0,168.53134179028933,-108.4870543601252,23,7918,188000,0.0003,99552.9921875,63.258026123046875,0.21126867830753326,9275996.0,13158.73828125,178001,40000.0,-36011726.30162975,,,,,,,
-0.683723714828491,-0.11234969313093378,0.18557082564865637,-0.04724915275648571,0.0,50.982571509684625,-59.807260710577566,23,7997,190000,0.0003,106920.9296875,55.47804641723633,-0.28770485520362854,12853785.0,12411.033203125,180001,40000.0,-36011726.30162975,,,,,,,
10.395051065444962,0.16500160598553523,0.12071844391609164,0.07700607038566852,0.0,152.9798697929936,29.680669159570815,23,8075,192000,0.0003,110188.421875,57.31648635864258,0.024477586150169373,8791065.0,11861.5126953125,182001,40000.0,-36011726.30162975,,,,,,,
0.5306768569946296,0.019727833426462053,-0.11546075579967405,0.027947809148440715,0.0,7.200046169414353,63.512957227500394,23,8153,194000,0.0003,104264.875,57.17860412597656,0.18249550461769104,12012068.0,14895.0537109375,184001,40000.0,-36011726.30162975,,,,,,,
3.2022678394317623,0.03224074058210067,0.2917467502947295,0.05122185667866869,0.0,90.56394783820346,207.38422705804572,23,8231,196000,0.0003,102268.109375,58.98726272583008,-0.2402268648147583,12926734.0,15040.2900390625,186001,40000.0,-36011726.30162975,,,,,,,
12.743627017974845,0.22413059109631886,-0.2399770678570066,0.11009506760110678,0.0,79.14936163872484,-102.7524494952741,23,8309,198000,0.0003,100421.984375,58.046199798583984,0.22538530826568604,9755919.0,9973.9140625,188001,40000.0,-36011726.30162975,,,,,,,
1.1678627624511726,-0.07778541911023783,-0.07820007021045021,0.02497047803197957,0.0,8.165476224843339,47.084542195828575,,,200000,0.0003,93982.5390625,63.011077880859375,-0.536628246307373,11762338.0,9847.6396484375,190000,,,0.0,0.0,40000.0,-24409.100735823944,2803.9460346311535,0.0,0.0
,,,,,,,20,9729,200000,0.0003,102486.0625,63.025230407714844,-0.6196874976158142,9420374.0,10315.3515625,190001,40000.0,-31270813.478101004,,,,,,,
-5.67573920059203,-0.24441557281348114,-0.7539043905500307,-0.6854618003890915,0.0,1019.4202410767382,-570.0477783012528,20,9805,202000,0.0003,99252.5859375,59.10114669799805,-0.5320042967796326,10592087.0,10594.5673828125,192001,40000.0,-31270813.478101004,,,,,,,
-6.013517362594608,-0.30146506301171433,0.35277834463346786,-0.5375838469287443,0.0,639.1823111971515,99.37592633294159,20,9882,204000,0.0003,95767.3984375,61.71241760253906,0.547215461730957,10406399.0,11016.287109375,194001,40000.0,-31270813.478101004,,,,,,,
-8.09194729804993,-0.7624844687767307,-0.08124716891304352,-0.3885020860361812,0.0,506.1938805473993,-317.3763157643224,20,9965,206000,0.0003,103459.9296875,64.62122344970703,-0.060475707054138184,10918588.0,10670.615234375,196001,40000.0,-31270813.478101004,,,,,,,
-10.87568835067749,-0.5247613783487342,0.279458959631187,-0.46176888685478323,0.0,392.0897202694028,222.95554948935978,20,10048,208000,0.0003,103373.234375,60.340309143066406,-0.22607728838920593,7978606.0,6869.185546875,198001,40000.0,-31270813.478101004,,,,,,,
-4.672054746627812,-0.3122886314367562,-0.06860132979085137,-0.6555507668958953,0.0,560.3969951424369,147.48164068721144,20,10131,210000,0.0003,103850.546875,60.80857849121094,0.4092896580696106,10638712.0,11282.7578125,200001,40000.0,-31270813.478101004,,,,,,,
-8.845277610778824,-0.6478328680762694,-0.16682208604863955,-0.28988050777356195,0.0,321.9193556207282,-468.7750504748913,20,10208,212000,0.0003,96258.609375,60.7974739074707,0.14303752779960632,9134334.0,9298.07421875,202001,40000.0,-31270813.478101004,,,,,,,
-7.545339956283571,-0.5780165042181208,0.1410450564742263,-0.29494562698360155,0.0,226.0363691738326,153.68830380405802,20,10285,214000,0.0003,95080.8359375,62.934566497802734,-0.5316942930221558,8439324.0,8141.03271484375,204001,40000.0,-31270813.478101004,,,,,,,
-5.375659826278692,-0.431517668960068,-0.03744281367129266,-0.5514501373474298,0.0,451.16367444833287,49.550177591549186,20,10362,216000,0.0003,100768.125,63.27477264404297,0.1947660595178604,20524986.0,18557.4140625,206001,40000.0,-31270813.478101004,,,,,,,
-17.13892371940613,-0.5389813293830863,-0.10859068569062844,-0.4446729699276335,0.0,371.9235385268437,-15.755058571809148,20,10438,218000,0.0003,95576.78125,57.45176696777344,0.16590391099452972,14813119.0,14450.6689453125,208001,40000.0,-31270813.478101004,,,,,,,
3.439172819137573,-0.6451942805529457,0.1175535006282628,-0.3063652601696107,0.0,273.9477355707732,-62.55130995572203,20,10514,220000,0.0003,93363.7109375,60.86276626586914,-0.025468550622463226,10413386.0,11246.1748046875,210001,40000.0,-31270813.478101004,,,,,,,
-6.0315611248016365,-0.17279870311332196,0.48796729814854156,-0.568510484981917,0.0,534.3006670893228,421.238664223605,20,10591,222000,0.0003,95429.75,60.774925231933594,0.005088344216346741,14222924.0,12571.3203125,212001,40000.0,-31270813.478101004,,,,,,,
-0.13147648429869957,-0.02418397521794922,2.2908101600938577,0.8934139746000986,0.0,6765.712461381974,4647.943004197691,20,10667,224000,0.0003,96747.9921875,67.22521209716797,-0.27680346369743347,20592668.0,16630.7734375,214001,40000.0,-31270813.478101004,,,,,,,
3.327575428009039,-0.3001561368492624,-1.7668709046342446,-0.13132112057124684,0.0,3445.6280465784025,-4706.345078593617,21,10744,226000,0.0003,93225.640625,63.218284606933594,0.20268136262893677,17438624.0,21751.826171875,216001,40000.0,-31270813.478101004,,,,,,,
-0.7103384342193598,0.03694531181285044,-0.5196275118006415,-0.5068635865286657,0.0,812.0818188708693,495.6690355327084,21,10820,228000,0.0003,98152.7265625,67.51510620117188,-0.0858561098575592,14964144.0,11724.5625,218001,40000.0,-31270813.478101004,,,,,,,
-3.6568525810241708,-0.20943400112163119,-0.5546351681818978,-0.7926762328656779,0.0,911.9228347797172,-348.6553676703093,21,10897,230000,0.0003,98706.25,87.1114501953125,-0.15503522753715515,28989864.0,22578.521484375,220001,40000.0,-31270813.478101004,,,,,,,
-5.192837902069098,-0.760004612311238,-0.249522178196451,-0.60185452074842,0.0,657.4567937774877,-141.35947459590406,21,10974,232000,0.0003,95050.7578125,87.9815444946289,-0.1999860405921936,31147272.0,26348.84375,222001,40000.0,-31270813.478101004,,,,,,,
-14.001233787536622,-0.7890695609167389,0.16316506422649857,-0.5937541885306925,0.0,638.2622221681105,149.05332142734343,21,11051,234000,0.0003,87840.1328125,74.0885238647461,-0.4182855188846588,33363360.0,19983.23828125,224001,40000.0,-31270813.478101004,,,,,,,
-1.8468881874084522,-0.6852247698088357,0.18707684163134142,-0.6080552025712247,0.0,645.1674128476782,-65.60900109907506,21,11128,236000,0.0003,83520.15625,71.60711669921875,0.31877511739730835,20685260.0,23316.455078125,226001,40000.0,-31270813.478101004,,,,,,,
-13.600993663787841,-0.49700964324321706,-0.21426264672777504,-0.5511006579816021,0.0,511.05352813304086,-294.4968865922936,21,11204,238000,0.0003,82450.28125,68.52499389648438,0.4586271345615387,25731856.0,18640.4296875,228001,40000.0,-31270813.478101004,,,,,,,
-2.4241445503234917,-0.7965130701342306,-0.08159380233368711,-0.3297414359357795,0.0,348.64080558703716,53.897494666473506,21,11281,240000,0.0003,90461.71875,68.66950988769531,-0.14038509130477905,20994506.0,14760.8115234375,230001,40000.0,-32718174.095891003,,,,,,,
0.06332201957702865,0.01135584591751144,-0.049762087458447644,-0.9479065880149853,0.0,1087.7614843272381,141.35533013874735,21,11358,242000,0.0003,84744.7890625,78.40756225585938,0.015801064670085907,26737436.0,19321.703125,232001,40000.0,-32718174.095891003,,,,,,,
-3.79541417884827,-0.3538498429112731,-0.004993171773786076,-0.8124502899356933,0.0,1026.804404071073,115.65336501672932,21,11436,244000,0.0003,83775.21875,78.44746398925781,-0.16234974563121796,30895884.0,23151.306640625,234001,40000.0,-32718174.095891003,,,,,,,
1.3215099735260019,0.4561769055530739,0.28636115905493537,-0.6907778159680907,0.0,1000.0671216025091,43.856008865706485,21,11514,246000,0.0003,83468.390625,74.38729858398438,0.11989661306142807,17223680.0,11040.90625,236001,40000.0,-32718174.095891003,,,,,,,
1.2293941841125466,0.048595847087218834,-0.43923523620000327,-0.9338035089129182,0.0,1183.4158179726596,-72.1405809586181,21,11590,248000,0.0003,82548.71875,68.02620697021484,-0.05862417072057724,25350462.0,17343.12890625,238001,40000.0,-32718174.095891003,,,,,,,
5.522111953735349,0.0603208131323708,0.6652398812737714,-0.8285978672018871,0.0,1127.8085865335836,-431.76141619898914,21,11667,250000,0.0003,95684.4375,62.26875305175781,-0.1221761479973793,26832730.0,20733.572265625,240001,40000.0,-32718174.095891003,,,,,,,
-5.306543910980232,0.20107041113380014,-0.8186074459891084,-0.7106813778167825,0.0,1149.6096738602323,181.61802446455386,21,11744,252000,0.0003,92439.0703125,65.44384002685547,-0.17132195830345154,20285628.0,19549.072265625,242001,40000.0,-32718174.095891003,,,,,,,
-10.199414823532097,-0.6502800928742319,-0.07594161161593,-0.6925476174516964,0.0,756.8132388635858,-128.82229526954782,21,11821,254000,0.0003,91097.8125,69.66656494140625,0.26163607835769653,23095876.0,20282.54296875,244001,40000.0,-32718174.095891003,,,,,,,
3.2148443393707313,-0.8687815864776334,-0.11901234748011291,-0.5409238197496555,0.0,644.02322709504,-272.5572855062269,21,11898,256000,0.0003,94702.25,67.06272888183594,0.3997223973274231,28732478.0,20010.24609375,246001,40000.0,-32718174.095891003,,,,,,,
-13.540706804275512,-0.6389194222474298,0.022597055046107605,-0.32311174316564734,0.0,417.2469018539577,-222.6537730278593,21,11975,258000,0.0003,91050.296875,69.74547576904297,-0.049330901354551315,20441664.0,15167.703125,248001,40000.0,-32718174.095891003,,,,,,,
-0.8395646419525145,-0.3649422183971697,0.6182346680162273,0.0773219942103192,0.0,241.83797904345556,221.98597862691804,21,12052,260000,0.0003,93426.125,71.25883483886719,0.1224566325545311,31769362.0,37077.859375,250001,40000.0,-32718174.095891003,,,,,,,
-6.9610524215698275,-0.08327985065625419,-0.3802397683136697,0.262033341447591,0.0,399.2471394352924,-90.88612027496862,21,12129,262000,0.0003,91324.75,77.24281311035156,0.12964585423469543,37470712.0,31734.708984375,252001,40000.0,-32718174.095891003,,,,,,,
-6.270968671798706,-0.1293815127133977,0.019026819059195545,0.5211885692109213,0.0,669.8831545814965,1422.121961221657,21,12206,264000,0.0003,83721.671875,77.00689697265625,0.26951661705970764,19661100.0,18761.51171875,254001,40000.0,-32718174.095891003,,,,,,,
-19.902536439895606,-0.240387693537959,0.09724609596278404,0.970934341174927,0.0,1321.935906898479,261.752899331565,21,12283,266000,0.0003,79202.453125,86.48368072509766,-0.1348266750574112,38631988.0,23641.888671875,256001,40000.0,-32718174.095891003,,,,,,,
-37.2872754039764,-0.32393453481072454,0.10615405440811344,1.226509886065763,0.0,2015.7603606846867,-1298.9936888245832,21,12359,268000,0.0003,57741.27734375,118.8768539428711,-0.07862523943185806,65937664.0,56672.83984375,258001,40000.0,-32718174.095891003,,,,,,,
-11.109691106796268,-0.1385989996245084,-0.12560922331226454,0.6946739256906779,0.0,655.2524007119953,204.08038445293116,21,12438,270000,0.0003,42764.17578125,109.71540832519531,-0.2427864968776703,31475692.0,19831.298828125,260001,40000.0,-32718174.095891003,,,,,,,
-7.944884002685548,-0.03022208855009036,0.18202781746213004,0.4349497788521139,0.0,291.6708071258355,-333.4921070495755,21,12515,272000,0.0003,31184.8046875,100.58939361572266,0.047689661383628845,38141688.0,23294.509765625,262001,40000.0,-32718174.095891003,,,,,,,
-13.219098430633554,-0.17350860290950107,0.039347637743554195,0.3716545817398898,0.0,269.21422903344376,30.424698950541256,21,12593,274000,0.0003,31256.0078125,78.29865264892578,0.38812482357025146,40325336.0,25104.6875,264001,40000.0,-32718174.095891003,,,,,,,
-0.6644334239959742,0.07635630853535046,-0.05431737723457684,0.19244855252654422,0.0,69.16422772008343,-121.18278130952929,21,12671,276000,0.0003,51873.4375,73.17524719238281,0.25659701228141785,35622704.0,25076.560546875,266001,40000.0,-32718174.095891003,,,,,,,
-15.839660411834712,-0.2018555471385476,-0.002037223987886543,0.4077054012635154,0.0,362.5169977059239,120.71531426648788,21,12748,278000,0.0003,65678.4375,76.26671600341797,-0.07527199387550354,40517792.0,27283.26171875,268001,40000.0,-32718174.095891003,,,,,,,
-16.253007238388072,-0.2213868625738833,-0.15478948781702787,0.4461899024792581,0.0,326.4608831862038,245.86153771408843,21,12826,280000,0.0003,75781.390625,66.28514862060547,0.06370413303375244,20234756.0,9893.2451171875,270001,40000.0,-32335060.107269432,,,,,,,
2.6057696609497114,0.15913431254314286,0.01995278421826229,-0.9520106973758194,0.0,1163.394495140143,45.71202741969877,21,12903,282000,0.0003,82761.328125,70.15624237060547,0.07577704638242722,19592314.0,17418.001953125,272001,40000.0,-32335060.107269432,,,,,,,
-1.9229567756652841,-0.07298205525935357,-0.14492767598304998,-0.966289450762544,0.0,1135.7676579883337,-34.01804456378033,21,12980,284000,0.0003,82101.84375,74.29413604736328,-0.17444613575935364,23426734.0,17894.044921875,274001,40000.0,-32335060.107269432,,,,,,,
-2.757686012268072,-0.12810684360509486,-0.6310939041981117,-0.6313761418758677,0.0,906.8322299483357,-426.63053570047566,21,13058,286000,0.0003,93889.2578125,84.6017837524414,-0.15913358330726624,31872244.0,27298.330078125,276001,40000.0,-32335060.107269432,,,,,,,
12.273030870437621,0.2388913177501434,0.18309094635530612,-0.4349388460224537,0.0,573.3319631307563,-311.9461875897502,21,13135,288000,0.0003,78331.6484375,88.90660858154297,-0.33617669343948364,28396292.0,18537.35546875,278001,40000.0,-32335060.107269432,,,,,,,
-2.596115736007685,-0.7367996628626186,0.160096099958,-0.31182762829949306,0.0,299.6873193763198,20.745807830516004,21,13212,290000,0.0003,83242.3046875,74.70561218261719,0.3378424644470215,32612588.0,30737.501953125,280001,40000.0,-32335060.107269432,,,,,,,
-9.099582418441775,-0.5789739991963444,-0.03511273672446992,-0.5250400432910288,0.0,448.5713394674024,90.55262305224596,21,13296,292000,0.0003,94441.3125,77.96944427490234,-0.11197793483734131,24458204.0,21149.0859375,282001,40000.0,-32335060.107269432,,,,,,,
-9.312871961593618,-0.45857896249237134,0.039653591276308874,-0.43173727651332183,0.0,426.8686313214841,-294.2457504786952,21,13372,294000,0.0003,82505.03125,79.58592224121094,0.48890307545661926,23619944.0,18520.6328125,284001,40000.0,-32335060.107269432,,,,,,,
-3.781221982955934,-0.387505278878379,0.3266327048111732,-0.19854399486006288,0.0,182.5612412975729,-95.7642783126204,22,13447,296000,0.0003,92464.5703125,73.10162353515625,-0.5477030277252197,23092276.0,16672.62890625,286001,40000.0,-32335060.107269432,,,,,,,
-3.5338627433776892,-0.0702386104186308,0.12379985475639857,-0.21153966118453596,0.0,94.10203721676632,65.95845379645311,22,13523,298000,0.0003,90446.578125,67.03756713867188,-0.19923770427703857,24208584.0,21112.216796875,288001,40000.0,-32335060.107269432,,,,,,,
-2.421678697586058,0.26461253277373126,0.34764277450564923,-0.1954464278249828,0.0,313.0403900690984,244.57326604146408,,,300000,0.0003,99574.96875,68.95915222167969,-0.23079383373260498,20573724.0,24298.654296875,290000,,,0.0,0.0,40000.0,-17178.61661803072,1162.2022227700077,0.0,0.0
,,,,,,,20,14767,300000,0.0003,97699.7109375,68.95684814453125,-0.12263864278793335,20778964.0,18456.541015625,290001,40000.0,-32335060.107269432,,,,,,,
1.26347856712341,0.023210280732235335,-0.7009182903885328,-0.43225545513586666,0.0,487.5458726705139,-80.36785669237051,20,14845,302000,0.0003,98566.2578125,68.85039520263672,0.8935989737510681,30405974.0,19631.8671875,292001,40000.0,-32335060.107269432,,,,,,,
-0.5424510536193844,-0.478959806877496,0.12612296679536777,-0.28886836736543703,0.0,219.71511974976957,-26.968888170376424,20,14922,304000,0.0003,104805.90625,62.97794723510742,-0.057779036462306976,16795152.0,13252.58984375,294001,40000.0,-32335060.107269432,,,,,,,
-8.851076221466066,-0.20053195642770522,0.12835440687476704,-0.34346526300600544,0.0,193.38894879675934,49.30525309759409,20,15000,306000,0.0003,96595.734375,77.86434173583984,-0.01176956295967102,15567643.0,13371.4189453125,296001,40000.0,-32335060.107269432,,,,,,,
-3.4683962745666523,-0.16866684138576576,-0.25674483341917603,-0.36027413183726303,0.0,227.83868078800205,6.256071760516197,20,15078,308000,0.0003,92992.21875,69.01375579833984,0.32726573944091797,18705082.0,15558.2431640625,298001,40000.0,-32335060.107269432,,,,,,,
-11.378736528396628,-0.30044853602878635,0.41030052253687777,-0.019981667549437268,0.0,180.80556486943934,-63.46165969282912,20,15155,310000,0.0003,91539.203125,65.50337982177734,-0.32879453897476196,16675630.0,15964.4345703125,300001,40000.0,-32335060.107269432,,,,,,,
-0.7017516727447581,0.1653071647644461,0.0020170698922199583,-0.1280009798905054,0.0,43.40968833027529,70.01690085354284,20,15233,312000,0.0003,94924.1015625,81.27806854248047,0.3370586633682251,24692512.0,12024.619140625,302001,40000.0,-32335060.107269432,,,,,,,
10.01110340309141,0.15976026308373434,-0.16586582918014864,0.02672358724335762,0.0,104.26454539210836,-77.83153977370753,20,15311,314000,0.0003,86207.34375,73.5955810546875,0.47770750522613525,23888972.0,18486.9609375,304001,40000.0,-32335060.107269432,,,,,,,
3.2607865142822257,-0.15926108783776355,-0.09999643443669465,-0.048808601355825626,0.0,15.780696854560778,55.52541674163752,20,15389,316000,0.0003,83136.3984375,66.856689453125,-0.10999922454357147,20707752.0,17665.80859375,306001,40000.0,-32335060.107269432,,,,,,,
-16.383338544845568,-0.34572799741698934,-0.11776997758034415,0.050211542229742265,0.0,95.03836103966805,179.00825761918915,20,15467,318000,0.0003,85951.953125,77.97769927978516,-0.10414718836545944,20383272.0,14959.93359375,308001,40000.0,-32335060.107269432,,,,,,,
-4.263938638687148,-0.005830205626436722,0.4399911547852284,0.08215291233090641,0.0,120.69011328977507,-143.07852765324031,20,15546,320000,0.0003,79520.8046875,66.42459106445312,-0.09770764410495758,25416788.0,19136.4453125,310001,40000.0,-30083169.838284627,,,,,,,
-8.709627056121823,-0.4827291303849873,-0.4033907824985397,-0.757260509781087,0.0,943.3485097885733,-336.4535353998125,20,15625,322000,0.0003,77908.625,73.40792846679688,0.010519741103053093,17173488.0,16665.93359375,312001,40000.0,-30083169.838284627,,,,,,,
-5.838195779800415,-0.5807714594495808,0.07527881457809538,-0.7082749921556641,0.0,809.7709866873464,80.617542634282,20,15704,324000,0.0003,81414.9375,75.6417465209961,0.0634237676858902,16709846.0,19349.0625,314001,40000.0,-30083169.838284627,,,,,,,
-6.682754724502561,-0.7514536688290041,-0.18663422597919185,-0.45750970213554604,0.0,494.8653164749057,-465.59915434857305,20,15783,326000,0.0003,84764.09375,71.67259979248047,0.17655476927757263,26536596.0,16492.69921875,316001,40000.0,-30083169.838284627,,,,,,,
-14.760589063644417,-0.6647691346378621,0.05881859593022572,-0.5101267006388324,0.0,472.0716737057006,174.63586474426825,20,15862,328000,0.0003,84356.796875,69.96511840820312,-0.11649023741483688,31381216.0,33060.80859375,318001,40000.0,-30083169.838284627,,,,,,,
-5.769782367706299,-0.6128276915393128,-0.031443345829188736,-0.5217421589510906,0.0,542.5968180472534,-303.5868459605211,20,15940,330000,0.0003,83308.96875,74.65576171875,0.9348066449165344,21967394.0,17277.142578125,320001,40000.0,-30083169.838284627,,,,,,,
-7.4635572929382255,-0.45552766023109015,0.3557301275381246,-0.4113516195603369,0.0,358.23277019071236,115.20990345856072,20,16019,332000,0.0003,84034.09375,72.6456527709961,-0.2509218454360962,35219388.0,28149.83203125,322001,40000.0,-30083169.838284627,,,,,,,
-6.655873273849467,-0.2562670300893866,-0.00025540236647779,-0.47144577911710356,0.0,305.14506065496005,-0.07237863118482755,20,16097,334000,0.0003,86376.0078125,68.12310028076172,0.41909313201904297,27707740.0,20495.00390625,324001,40000.0,-30083169.838284627,,,,,,,
-7.141210523605349,-0.20351188329927858,-0.2123712088053264,-0.37660988342041246,0.0,285.8962540329006,-193.14611820618464,20,16175,336000,0.0003,85016.890625,73.3057861328125,0.03900951147079468,23083924.0,18230.791015625,326001,40000.0,-30083169.838284627,,,,,,,
-6.477486625671397,-0.27434501596699534,0.28286429579372474,-0.11862686719843296,0.0,106.04305871633193,-67.80813187363796,20,16253,338000,0.0003,82502.90625,74.86073303222656,-0.5474616289138794,26314636.0,19002.77734375,328001,40000.0,-30083169.838284627,,,,,,,
-5.732940462112426,-0.12541612743805594,0.0815638115547347,-0.15465020591755543,0.0,77.09653340114075,126.4398595873238,20,16331,340000,0.0003,81531.796875,67.42877960205078,-0.4542829096317291,18525576.0,13426.982421875,330001,40000.0,-30083169.838284627,,,,,,,
2.8993373699188263,0.00518977310270321,-0.08006921168837244,-0.18360187139477746,0.0,66.31332485513673,-37.7022466888588,20,16409,342000,0.0003,83485.3515625,60.343936920166016,0.1935766041278839,18166640.0,18823.6171875,332001,40000.0,-30083169.838284627,,,,,,,
-12.575310182571412,-0.2438840848782573,-0.2147080057163686,-0.051985970740852115,0.0,118.83171492073188,117.42550782873806,20,16488,344000,0.0003,87356.96875,67.52572631835938,-0.5269086360931396,24294150.0,22344.962890625,334001,40000.0,-30083169.838284627,,,,,,,
-4.268809064865114,-0.0559276092922381,0.3671960150270149,0.024221711239561787,0.0,79.74947470772166,-104.94021912284433,20,16572,346000,0.0003,96228.90625,73.4507827758789,0.04233196750283241,23910348.0,19312.94921875,336001,40000.0,-30083169.838284627,,,,,,,
-1.8624124221801763,0.09360296816490543,-0.02245189982430409,-0.003425809768215571,0.0,7.724598040014928,48.420746927423906,20,16656,348000,0.0003,86408.9375,63.198604583740234,-0.04948340356349945,23706876.0,18696.7890625,338001,40000.0,-30083169.838284627,,,,,,,
-0.9235344429016114,0.12752425594246986,0.03585188627274468,-0.006683133898129792,0.0,6.782217842761711,23.94945452548272,20,16734,350000,0.0003,84205.2109375,73.18403625488281,-0.7305461168289185,21402276.0,16955.091796875,340001,40000.0,-30083169.838284627,,,,,,,
-6.68663883590698,-0.07912350789571364,-0.2913960579235062,0.03304771352450103,0.0,66.97621189683271,86.17157856703903,20,16812,352000,0.0003,88634.3046875,73.57877349853516,-0.2223834991455078,21694068.0,15851.1455078125,342001,40000.0,-30083169.838284627,,,,,,,
-2.787745628356936,-0.020337679197931693,0.27875796174355744,0.0867032803208801,0.0,52.20136943045506,-12.440701452846794,20,16891,354000,0.0003,85926.90625,69.30029296875,0.0031288303434848785,19702948.0,18048.03515625,344001,40000.0,-30083169.838284627,,,,,,,
-1.8215937061309824,0.03205087568843694,-0.2370994585048918,0.06459958596047209,0.0,43.513111298574266,162.21599676679884,20,16969,356000,0.0003,89081.0234375,71.09931182861328,-0.3363438844680786,14839059.0,17798.94140625,346001,40000.0,-30083169.838284627,,,,,,,
-6.867704729080208,-0.11521027199103301,0.153407984803355,0.17756031423238372,0.0,86.11716582540195,-69.53254915448527,21,17047,358000,0.0003,90036.65625,73.39630889892578,-0.6224711537361145,21900764.0,16586.82421875,348001,40000.0,-30083169.838284627,,,,,,,
-3.2691971492767324,-0.04993034559450027,-0.18147066930642788,0.1641364950291614,0.0,74.00554587028304,203.62307786974074,21,17125,360000,0.0003,77961.765625,72.9171142578125,0.17552541196346283,21340700.0,16088.365234375,350001,40000.0,-27841045.296607446,,,,,,,
1.0212804641723743,0.33272409419086174,0.4711289963746004,-0.7930148449144895,0.0,1055.6499989710592,-402.4698516802994,21,17203,362000,0.0003,81627.875,72.72928619384766,-0.12664586305618286,16585220.0,12027.5712890625,352001,40000.0,-27841045.296607446,,,,,,,
4.817333759307869,0.6991452308777341,-0.1548391581103051,-0.5603079408152312,0.0,694.7378407107324,-99.6749292446609,21,17281,364000,0.0003,78056.46875,71.3859634399414,0.21942541003227234,19981628.0,11977.263671875,354001,40000.0,-27841045.296607446,,,,,,,
10.691024534225464,0.4348272497628866,-0.07916807953644409,-0.6572389785959385,0.0,591.9850578406192,34.77914712441524,21,17359,366000,0.0003,77907.0390625,69.37699890136719,0.2658853828907013,21593024.0,23620.234375,356001,40000.0,-27841045.296607446,,,,,,,
2.672688533782962,0.1546932188635145,-0.47831996912358005,-0.7178363688127692,0.0,795.2452506471448,128.3445950915899,21,17437,368000,0.0003,79279.9140625,70.72405242919922,0.39448773860931396,33671632.0,27315.896484375,358001,40000.0,-27841045.296607446,,,,,,,
-3.8533987426757785,-0.3991050958478109,0.14764992304060953,-0.5624877903899441,0.0,565.6245485827208,-154.40726854986005,21,17515,370000,0.0003,87245.0390625,71.2270736694336,-0.14726370573043823,28337664.0,24638.607421875,360001,40000.0,-27841045.296607446,,,,,,,
-4.013446935653695,-0.20873016201169917,-0.01738469194948711,-0.631746061985292,0.0,503.8024553351286,-38.4120540928918,21,17593,372000,0.0003,82998.3828125,74.7888412475586,0.3719669580459595,22457620.0,13447.296875,362001,40000.0,-27841045.296607446,,,,,,,
-8.153445573806765,-0.2585814521296244,-0.2576813787130671,-0.5167823458408991,0.0,431.7577676503835,-339.934552836277,21,17671,374000,0.0003,77719.0546875,74.84906005859375,-0.1436520367860794,19988006.0,15377.779296875,364001,40000.0,-27841045.296607446,,,,,,,
-4.103069820404045,-0.3673756513629393,0.22237908284510371,-0.2559351167305933,0.0,155.2055768791591,-31.949109177651106,21,17748,376000,0.0003,66739.5703125,76.90843963623047,-0.4186379015445709,21140028.0,14636.826171875,366001,40000.0,-27841045.296607446,,,,,,,
-7.958087642669662,-0.18005989021609,0.1284234148475195,-0.2858204757246102,0.0,151.28417731480226,74.7392186640976,21,17825,378000,0.0003,71803.9296875,69.48757934570312,-0.08262422680854797,24428248.0,19456.58203125,368001,40000.0,-27841045.296607446,,,,,,,
1.2619541263580278,-0.02894668748445582,-0.10301990060713033,-0.34858314318527545,0.0,188.22959098080887,209.2386994501366,21,17903,380000,0.0003,81071.921875,63.65717315673828,0.5035895109176636,24355144.0,27226.53515625,370001,40000.0,-27841045.296607446,,,,,,,
-11.580145685195905,-0.34293285729350104,0.06518907224252918,-0.0088699588278668,0.0,164.47235483699768,-16.178176156748247,21,17980,382000,0.0003,80830.515625,76.1310043334961,-0.24859683215618134,29149452.0,20739.357421875,372001,40000.0,-27841045.296607446,,,,,,,
-2.0912415904998762,0.03809096732481838,0.06403544986593283,-0.010053015893089774,0.016499999999999997,24.80284615850475,-212.4697244317948,21,18058,384000,0.0003,67016.953125,85.11141204833984,0.648230254650116,37199116.0,17330.01953125,374001,40000.0,-27841045.296607446,,,,,,,
-1.5770795097351071,-0.01036758580798423,-0.014199163520053779,-0.009108892434155224,0.26450000000000035,4.804162025306631,75.34724709996215,21,18135,386000,0.0003,63237.1640625,73.82991790771484,0.5874656438827515,28756894.0,17617.017578125,376001,40000.0,-27841045.296607446,,,,,,,
5.648217929840088,0.04127151498301824,-0.06493133962021837,-0.0033393114785936068,0.007,53.26348382095709,55.591184845746426,21,18212,388000,0.0003,73299.234375,62.89919662475586,0.7089258432388306,26172124.0,17445.4453125,378001,40000.0,-27841045.296607446,,,,,,,
2.2606360950469973,-0.0613058117323479,0.18129473917605446,-0.0356591266623034,0.0,63.51293926179711,65.00342318830283,21,18291,390000,0.0003,73319.046875,67.50743865966797,-0.5374013185501099,27415952.0,20707.93359375,380001,40000.0,-27841045.296607446,,,,,,,
-6.392662399291992,-0.003981651068958273,-0.3764850580238075,0.005308469790017476,0.0,114.51654325035159,186.16269519828427,21,18367,392000,0.0003,80230.6640625,69.68846130371094,-0.13276048004627228,17046716.0,11096.9130859375,382001,40000.0,-27841045.296607446,,,,,,,
-8.168304737091061,-0.25313993393689244,0.20640090180772575,0.26027831117990263,0.0,137.21985164878214,-79.90048748673435,21,18443,394000,0.0003,80854.6171875,68.63284301757812,0.2218899130821228,21683960.0,16226.994140625,384001,40000.0,-27841045.296607446,,,,,,,
-18.26016619873047,-0.250353012135005,-0.08766913799195325,0.3780267429334546,0.0,256.3654512565794,128.1504463247366,21,18519,396000,0.0003,79241.8515625,63.312889099121094,0.4190689027309418,21534268.0,16944.47265625,386001,40000.0,-27841045.296607446,,,,,,,
-6.36363613510132,-0.13699872591655096,-0.07225357402498335,0.3595742081915922,0.0,212.78949798404102,330.57516140118196,21,18596,398000,0.0003,85962.125,61.96849060058594,0.4220419228076935,20508372.0,12446.521484375,388001,40000.0,-27841045.296607446,,,,,,,
-11.824746852874773,-0.17929217486650753,0.16921748623119118,0.42068924599846236,0.0,251.2312745784704,-234.13772107307207,,,400000,0.0003,86672.3359375,67.77796173095703,0.10865867882966995,20449800.0,20351.095703125,390000,,,0.0,0.0,40000.0,-42031.82122884273,1188.5191802864572,0.0,0.0
,,,,,,,20,19863,400000,0.0003,89428.609375,67.7744369506836,-0.2786235511302948,21101760.0,15405.568359375,390001,40000.0,-26333808.8597668,,,,,,,
6.057038825988776,0.40406991499546324,0.30248884865952824,-0.8515718920616301,0.0,1058.0323604239568,-214.55986685852687,20,19941,402000,0.0003,75359.09375,73.68473052978516,0.6390590071678162,22963574.0,16351.400390625,392001,40000.0,-26333808.8597668,,,,,,,
6.42700847053528,0.4056860668766186,-0.042176026099034446,-0.8762439348608558,0.0,973.5333263144114,39.44081434752426,20,20019,404000,0.0003,79998.4375,67.1823959350586,0.11993688344955444,29584236.0,26318.15234375,394001,40000.0,-26333808.8597668,,,,,,,
7.814754894256595,0.4328676495749502,0.03923419610158608,-0.8606400216984896,0.0,949.8706502411424,-39.5616499979453,20,20097,406000,0.0003,76069.265625,62.03784942626953,0.2608216106891632,27099552.0,31128.537109375,396001,40000.0,-26333808.8597668,,,,,,,
4.779683275222778,0.22386710395282272,-0.01873062078515312,-0.9073019402385034,0.0,1163.7581724283737,205.94478517138057,20,20174,408000,0.0003,75962.0234375,65.64117431640625,-0.3713281750679016,22986848.0,16683.22265625,398001,40000.0,-26333808.8597668,,,,,,,
6.217244325637814,0.4623657885377389,0.08308838358190558,-0.8580296381075954,0.0,956.8680020177458,-226.06120382583364,20,20252,410000,0.0003,85889.453125,64.89019775390625,0.18856191635131836,21740588.0,21973.279296875,400001,40000.0,-26333808.8597668,,,,,,,
-0.8197522010803213,0.13746866025603138,-0.8038028996934893,-0.7934227584314663,0.0,1183.6949786656362,-69.47550569508505,20,20332,412000,0.0003,79808.296875,68.62885284423828,-0.014190517365932465,17994460.0,13148.1572265625,402001,40000.0,-26333808.8597668,,,,,,,
8.37256035041809,0.323945144912427,-0.5613467954847895,-0.14281110962084037,0.0,891.9766300468652,-59.86702404059267,20,20410,414000,0.0003,80710.84375,67.9777603149414,0.5034500360488892,21929708.0,15414.8896484375,404001,40000.0,-26333808.8597668,,,,,,,
9.754332689285285,0.5479650318402992,0.3559084300536758,-0.2584959152833059,0.0,718.3008975258737,-180.02016831836121,20,20487,416000,0.0003,76296.421875,70.49829864501953,0.37914642691612244,19817038.0,12038.3359375,406001,40000.0,-26333808.8597668,,,,,,,
-10.687227254867544,-0.697819404856443,0.2881134625531574,-0.6176858274813134,0.0,672.7881840717514,138.77999705295147,20,20563,418000,0.0003,80957.40625,71.4586410522461,-0.18547452986240387,25331592.0,24001.9296875,408001,40000.0,-26333808.8597668,,,,,,,
-13.660096845626832,-0.5462890656279662,-0.18765494700745558,-0.6381374103016765,0.0,645.5179525029585,-245.7174756495259,20,20640,420000,0.0003,76720.2734375,61.229305267333984,0.15007075667381287,24420812.0,18025.640625,410001,40000.0,-26333808.8597668,,,,,,,
-1.5575469398498554,-0.8023412874805091,0.18627017106631089,-0.4203862583990562,0.0,475.91480071563063,151.2470364985347,20,20716,422000,0.0003,77106.859375,63.27781677246094,0.06632927060127258,23761110.0,15125.755859375,412001,40000.0,-26333808.8597668,,,,,,,
-9.588309762954706,-0.5168442730836718,-0.002796030588108233,-0.6187468693511022,0.0,575.5273217799469,-97.63050011984855,20,20793,424000,0.0003,81388.71875,61.46417236328125,-0.27438896894454956,16851240.0,13078.548828125,414001,40000.0,-26333808.8597668,,,,,,,
-13.86678785896301,-0.528525010961309,-0.0730113065807211,-0.3969492925224124,0.0,391.84669527910063,-307.23981519018724,20,20869,426000,0.0003,77264.65625,61.425174713134766,-0.027563780546188354,19941896.0,17034.158203125,416001,40000.0,-26333808.8597668,,,,,,,
-1.901844417572022,-0.3784792593534888,0.25786320432297744,-0.18831018261038435,0.0,147.79521617647862,-109.71954323543561,20,20945,428000,0.0003,84676.3671875,67.63526153564453,0.7714611291885376,21677198.0,17322.32421875,418001,40000.0,-26333808.8597668,,,,,,,
-15.60843015480039,-0.35002710571785756,-0.04839920011665972,-0.08387460794446422,0.0,60.144240896912606,1.7123201358604425,20,21022,430000,0.0003,86789.203125,61.80093765258789,0.477676659822464,18775220.0,11770.212890625,420001,40000.0,-26333808.8597668,,,,,,,
3.697481891632081,-0.23641052283954062,0.09190932002054832,-0.050493130431126465,0.0,25.284324854208418,-34.823124860492015,20,21099,432000,0.0003,81073.359375,63.278995513916016,-0.1821722388267517,16470710.0,14558.7412109375,422001,40000.0,-26333808.8597668,,,,,,,
1.2438432178497294,-0.12147049011147444,-0.000651485236356234,-0.020164374794584862,0.0,25.321050189129412,158.19233595772658,20,21175,434000,0.0003,90287.8515625,61.88359451293945,-0.43538159132003784,18886752.0,16117.6982421875,424001,40000.0,-26333808.8597668,,,,,,,
-18.070075960159308,-0.3351305586094379,0.02000418544573806,0.2679004592488772,0.0,190.2265511302808,86.2557690445017,20,21252,436000,0.0003,86173.1875,59.77235412597656,0.09089382737874985,16055928.0,15114.6279296875,426001,40000.0,-26333808.8597668,,,,,,,
-11.908150396347033,-0.1745585449266297,-0.11008686490485338,0.323415000803742,0.0,193.92879931262132,193.0024298640837,20,21328,438000,0.0003,82582.828125,63.44078063964844,-0.29180264472961426,16509446.0,14225.076171875,428001,40000.0,-26333808.8597668,,,,,,,
-8.155656854629505,-0.19430923667504832,0.11694231313103463,0.44856845056338457,0.0,295.0124893636513,-11.512101285453728,20,21404,440000,0.0003,84966.4765625,60.540523529052734,0.01776718720793724,25014512.0,15561.201171875,430001,40000.0,-26036768.307940003,,,,,,,
-2.373922992706298,-0.11206393575686485,-0.22281884556706855,-0.9714190564702613,0.0,1169.8906361413328,-63.609029375553874,20,21480,442000,0.0003,84451.625,59.625267028808594,-0.006678640842437744,20828094.0,21597.484375,432001,40000.0,-26036768.307940003,,,,,,,
-6.174481025695787,-0.7750415394570443,-0.4196331359689024,-0.574199989274771,0.0,754.9571117952431,-473.2523251993935,20,21557,444000,0.0003,85652.609375,63.76860809326172,-0.11554165929555893,23156330.0,19162.09765625,434001,40000.0,-26036768.307940003,,,,,,,
-3.016912315368654,-0.6818785877726925,0.1707460875985495,-0.3813468693973753,0.0,406.0180862147616,-402.3331109068521,20,21634,446000,0.0003,81352.4453125,57.948631286621094,0.6759006381034851,19986024.0,14386.1806640625,436001,40000.0,-26036768.307940003,,,,,,,
-10.715291601181024,-0.5610020908190035,0.2689548385596704,-0.18926403458598737,0.0,189.78248839871054,-98.62982659046153,20,21711,448000,0.0003,86519.8515625,63.14676284790039,0.35270413756370544,14242386.0,11726.1259765625,438001,40000.0,-26036768.307940003,,,,,,,
3.437165998458863,-0.04858942371253807,0.44623982898043835,-0.21936494928435357,0.0,192.4644530400915,15.643222927339174,20,21787,450000,0.0003,81699.515625,59.51931381225586,-0.13818767666816711,16091484.0,14615.994140625,440001,40000.0,-26036768.307940003,,,,,,,
4.330150409698492,0.1827671813573866,-0.15987048578817395,-0.1298125386434993,0.0,64.99161108108709,-23.776922676029937,20,21865,452000,0.0003,83506.796875,58.14603805541992,-0.11836710572242737,22232952.0,16507.189453125,442001,40000.0,-26036768.307940003,,,,,,,
-10.132133705139161,-0.11476035740277525,-0.38092762390663515,-0.07756778230430648,0.0,114.89417478851053,134.29628850796675,20,21942,454000,0.0003,84951.8125,64.34495544433594,0.03155221790075302,16130880.0,16955.404296875,444001,40000.0,-26036768.307940003,,,,,,,
-4.032728914260865,-0.25849232727806587,0.21219197384902921,0.19237388485476867,0.0,124.739812386512,28.45990279693773,20,22019,456000,0.0003,76566.78125,58.803428649902344,0.050888851284980774,13018010.0,10926.3310546875,446001,40000.0,-26036768.307940003,,,,,,,
-15.817049213409454,-0.219402900401711,-0.09249569963211991,0.32033210101051496,0.0,202.4748194089019,131.36053617956227,20,22095,458000,0.0003,77919.1640625,62.05057144165039,-0.0713772177696228,21635464.0,23913.716796875,448001,40000.0,-26036768.307940003,,,,,,,
-5.799071712493895,-0.13136682243010075,-0.004916871508827522,0.39185493198739535,0.0,249.42339431382447,254.59314285752438,20,22172,460000,0.0003,77600.546875,61.69493865966797,0.26176267862319946,16452301.0,16523.337890625,450001,40000.0,-26036768.307940003,,,,,,,
-11.17619838714598,-0.1867015044019401,0.0693361327708101,0.5038789606883012,0.0,358.9389145775842,-71.30630832631645,20,22248,462000,0.0003,81004.3828125,59.01216125488281,0.0747072845697403,15399530.0,12543.7626953125,452001,40000.0,-26036768.307940003,,,,,,,
-19.571635478973377,-0.2347147201020939,0.029325450998215173,0.5819407500573973,0.0,472.5092503681857,118.1866030110699,20,22324,464000,0.0003,80699.234375,58.13508987426758,-0.5973122119903564,15223903.0,12514.4677734375,454001,40000.0,-26036768.307940003,,,,,,,
-17.597636257171647,-0.20534274595174343,-0.09954346691785902,0.5970172129923981,0.0,506.1102518441553,113.47025262452708,20,22400,466000,0.0003,79463.171875,58.37384033203125,0.0931420624256134,16932668.0,13322.1103515625,456001,40000.0,-26036768.307940003,,,,,,,
-10.0827589931488,-0.16004263307015615,-0.03851343448073566,0.5584110217001524,0.0,443.6496126652173,350.0670466575192,20,22476,468000,0.0003,83899.9765625,56.21565628051758,-0.30778968334198,15815621.0,12846.052734375,458001,40000.0,-26036768.307940003,,,,,,,
-12.994074449539179,-0.15626072291216592,0.15864608697377303,0.5457363843653283,0.0,421.0500988600088,-450.51749101913634,20,22551,470000,0.0003,81262.625,57.32646179199219,0.12085926532745361,16625678.0,13311.2158203125,460001,40000.0,-26036768.307940003,,,,,,,
-17.315964080810538,-0.2141666307428551,-0.02662314890322059,0.554979456899084,0.0,424.4266518787972,101.88650475833305,20,22627,472000,0.0003,84349.734375,58.406803131103516,0.07272602617740631,21271472.0,16554.12890625,462001,40000.0,-26036768.307940003,,,,,,,
-13.730365459442138,-0.1660347151336348,-0.06478846979148828,0.5342638540917185,0.0,402.7833778379121,-6.518359608473014,20,22702,474000,0.0003,84185.625,57.256717681884766,-0.29476985335350037,21094660.0,23241.51171875,464001,40000.0,-26036768.307940003,,,,,,,
-5.925308301925665,-0.12165230695381775,0.06455064533167454,0.4591324203669323,0.0,290.7148192141644,55.468599382209995,20,22778,476000,0.0003,87585.640625,56.80363845825195,-0.30320775508880615,15973020.0,12631.8583984375,466001,40000.0,-26036768.307940003,,,,,,,
-15.218996017456064,-0.18745550034009087,0.050473501023958624,0.5172678994823149,0.0,375.7151889658371,24.070675464263612,20,22853,478000,0.0003,85013.359375,58.052677154541016,-0.2581025958061218,16901972.0,11166.6787109375,468001,40000.0,-26036768.307940003,,,,,,,
-12.130300413131721,-0.16296436193582664,-0.11858774806465476,0.5098115828106787,0.0,350.4148842581869,141.4726710297632,20,22929,480000,0.0003,82572.109375,60.162986755371094,0.4573579728603363,21509708.0,17845.423828125,470001,40000.0,-25117679.75649308,,,,,,,
-5.14758696746826,-0.2422431096245167,-0.3200079912171543,-0.9398996120635439,0.0,1125.6327953070963,-196.3526090045035,20,23005,482000,0.0003,82734.1484375,60.84010314941406,0.1739053875207901,20161218.0,20230.8359375,472001,40000.0,-25117679.75649308,,,,,,,
-8.666245817184459,-0.5070437946635893,-0.40623851291510654,-0.6545720329325676,0.0,799.5186046887573,-266.21229914072956,20,23080,484000,0.0003,86625.25,57.26247787475586,-0.6032478213310242,22534682.0,25278.388671875,474001,40000.0,-25117679.75649308,,,,,,,
14.199576797485348,0.8361998264897432,-0.03606188459435,-0.5120603140785978,0.0,751.1887200276813,-49.521317323773225,20,23156,486000,0.0003,86254.734375,58.52570724487305,0.4157486855983734,18946972.0,14223.4150390625,476001,40000.0,-25117679.75649308,,,,,,,
8.661750513076784,-0.22457659198172386,0.4286722435031738,-0.2679606648821045,0.0,415.6411040176163,-543.3165078378154,21,23233,488000,0.0003,83518.4375,59.166988372802734,0.19767415523529053,21125904.0,18809.99609375,478001,40000.0,-25117679.75649308,,,,,,,
2.5312615051269503,-0.33003431970019287,0.17107865954742446,-0.06048188528679673,0.0,60.978080453897185,-23.11230052957777,21,23307,490000,0.0003,81660.859375,58.464595794677734,0.15249738097190857,18316114.0,15693.0087890625,480001,40000.0,-25117679.75649308,,,,,,,
-18.983210527420038,-0.3744093036907526,0.004085102215516294,0.20044230870317667,0.0,147.1067605584007,180.24275986978265,21,23382,492000,0.0003,83187.9453125,56.65324020385742,0.009512346237897873,19105958.0,19955.95703125,482001,40000.0,-25117679.75649308,,,,,,,
-7.0668925895690915,-0.16634615828100568,-0.04760204048832772,0.23661869982950373,0.0,128.20912776415307,59.55942857400184,21,23457,494000,0.0003,81528.09375,57.10478973388672,-0.04698161035776138,15825521.0,11840.833984375,484001,40000.0,-25117679.75649308,,,,,,,
-11.517246818542448,-0.24671831622671106,0.12861159248451112,0.44546952081858004,0.0,284.24307019892666,29.433072074958613,21,23531,496000,0.0003,81808.390625,57.2620964050293,-0.7904765605926514,24030848.0,19141.134765625,486001,40000.0,-25117679.75649308,,,,,,,
-16.3971154136658,-0.2014400376315587,0.010911169840079392,0.5288738757675561,0.0,399.88304680778435,111.89893890553664,21,23605,498000,0.0003,80849.8125,58.735836029052734,-0.22901493310928345,15421748.0,18063.04296875,488001,40000.0,-25117679.75649308,,,,,,,
-17.246327325820907,-0.21550654238390232,-0.10762755509673833,0.568802426919102,0.0,420.44893290461096,131.95569583934932,,,500000,0.0003,76067.59375,55.66695785522461,-0.2893863022327423,20751376.0,20257.490234375,490000,,,0.0,0.0,40000.0,-24132.907500915244,4798.916772838138,0.0,0.0
,,,,,,,20,24852,500000,0.0003,81620.140625,55.664703369140625,0.12693224847316742,18727272.0,16372.5888671875,490001,40000.0,-25117679.75649308,,,,,,,
-9.563650909423817,-0.18616110498158475,-0.0069809033477031,0.5348114668211718,0.0,387.86905622936445,141.87540088108148,20,24927,502000,0.0003,80553.578125,54.8334846496582,-0.16593725979328156,15458704.0,14760.2919921875,492001,40000.0,-25117679.75649308,,,,,,,
-13.377421255111702,-0.19010219906019568,0.03455322494615855,0.5638553809898958,0.0,429.027465093993,-56.04545453903555,20,25003,504000,0.0003,85160.578125,53.621009826660156,0.05057387799024582,14989412.0,12520.0,494001,40000.0,-25117679.75649308,,,,,,,
-18.10207551002504,-0.2255532117416549,0.09519115016551445,0.5786149384858353,0.0,451.32328810015815,-35.87765115421752,20,25079,506000,0.0003,75227.71875,62.26860427856445,0.17549295723438263,19262840.0,13059.2021484375,496001,40000.0,-25117679.75649308,,,,,,,
-16.291312364578275,-0.193959874515392,-0.0984803327261555,0.567671132676247,0.0,423.48721905982546,62.444664330081864,20,25154,508000,0.0003,78924.8671875,57.27684020996094,0.23494011163711548,19308288.0,13967.083984375,498001,40000.0,-25117679.75649308,,,,,,,
-1.590161720275883,0.005100016087904676,0.0678557790825552,0.4686389936583651,0.0,367.94688467599616,34.25736566093019,20,25230,510000,0.0003,77406.4296875,57.47050857543945,-0.04929119721055031,16485852.0,18889.388671875,500001,40000.0,-25117679.75649308,,,,,,,
-11.855084587097146,-0.09305324247517006,0.17326399890257224,0.5446368442128782,0.0,480.60678816893005,69.2762814300501,20,25306,512000,0.0003,70559.296875,57.52652359008789,-0.39183318614959717,17610320.0,15976.8193359375,502001,40000.0,-25117679.75649308,,,,,,,
-10.221572658538822,-0.12304342601905881,-0.17447476668283646,0.5446373155871514,0.0,445.4516959877951,827.8241993892524,20,25382,514000,0.0003,79106.3125,58.22949981689453,0.597925066947937,21088790.0,25870.025390625,504001,40000.0,-25117679.75649308,,,,,,,
-3.381420425415039,0.034696468792176825,-0.042402982238053125,0.5161721160554841,0.0,474.5924808676108,-668.6637398766004,20,25458,516000,0.0003,72249.1796875,56.88584899902344,0.22983825206756592,17053644.0,12821.0244140625,506001,40000.0,-25117679.75649308,,,,,,,
-4.772452180862419,0.007646318893994693,0.1526853905678289,0.5564835226419695,0.0,522.9023524724232,-55.411197764039414,20,25534,518000,0.0003,74918.078125,60.69562911987305,0.15420840680599213,15094060.0,9477.751953125,508001,40000.0,-25117679.75649308,,,,,,,
-10.225031923294075,-0.10601020025860733,0.07737952524361738,0.5496147313047739,0.0,492.0743960845694,118.34399356929545,20,25610,520000,0.0003,77385.09375,57.1225471496582,-0.46914270520210266,16728576.0,13983.9794921875,510001,40000.0,-24569456.966271304,,,,,,,
-2.144604133605958,-0.09098914824958944,-0.23326299000236272,-0.9245950808547234,0.0,1076.6190947395964,-57.31421304549751,20,25687,522000,0.0003,77146.5546875,57.70644760131836,0.029754560440778732,12451968.0,15101.9248046875,512001,40000.0,-24569456.966271304,,,,,,,
-10.55215315055849,-0.6368997718489924,-0.30913201563776865,-0.6318915139695634,0.0,765.695378155502,-348.90814672776577,20,25758,524000,0.0003,74748.046875,63.58648681640625,-0.17164716124534607,21973224.0,17256.525390625,514001,40000.0,-24569456.966271304,,,,,,,
6.103676124572757,-0.8300518510878137,0.13045914994442182,-0.4417410812488378,0.0,499.6310883241383,-315.58794631116467,20,25952,526000,0.0003,78359.234375,57.89861297607422,0.4674319922924042,18709980.0,16841.748046875,516001,40000.0,-24569456.966271304,,,,,,,
-19.912544448852582,-0.5957916582405491,-0.0022005297472507948,-0.19971008177980112,0.0,192.95130513349758,-137.3512822985284,20,26030,528000,0.0003,81987.953125,59.219825744628906,0.17434319853782654,20975264.0,16968.7421875,518001,40000.0,-24569456.966271304,,,,,,,
0.9987760124206536,-0.3113952373256461,0.33702038813941443,-0.10944330847091231,0.0,116.31346725894151,-95.4835200754041,20,26108,530000,0.0003,83639.6640625,66.44727325439453,-0.46778711676597595,20979028.0,21623.396484375,520001,40000.0,-24569456.966271304,,,,,,,
12.540436033248902,0.20238826723386713,0.2541346331377605,-0.0023616051442322972,0.0,121.4718359319936,77.19233021390261,20,26185,532000,0.0003,72826.7265625,62.347930908203125,0.7625094056129456,23679870.0,19035.08203125,522001,40000.0,-24569456.966271304,,,,,,,
2.2716382656097394,0.08113194213981596,-0.1593058283804167,-0.04381374666018983,0.0,24.129346932468202,-11.343058816077097,20,26263,534000,0.0003,69981.4140625,65.61876678466797,-0.5558379292488098,15889416.0,17226.294921875,524001,40000.0,-24569456.966271304,,,,,,,
-4.9070003814697305,-0.0846523893254523,-0.27282236422466183,-0.026032993960374288,0.0,63.3981052637061,185.4736882183404,20,26342,536000,0.0003,68396.5859375,60.9254264831543,-0.11202338337898254,23912942.0,22517.951171875,526001,40000.0,-24569456.966271304,,,,,,,
-12.754903217315663,-0.30136194032098723,0.16179604311373322,0.21864878714572303,0.0,123.88710539938829,-61.048055199589776,20,26420,538000,0.0003,73405.0625,64.48501586914062,0.29222697019577026,21430908.0,15862.7724609375,528001,40000.0,-24569456.966271304,,,,,,,
-15.518237682342527,-0.2638142658777189,-0.14736665753854136,0.2518780971808086,0.0,133.4611533369474,246.39825696748537,20,26498,540000,0.0003,73468.109375,67.04088592529297,0.3792364001274109,21084610.0,23580.23828125,530001,40000.0,-24569456.966271304,,,,,,,
-4.55380096817017,-0.17516797401890005,0.06229688463048279,0.28391626606997095,0.0,167.24474846625822,-91.22728631571198,20,26575,542000,0.0003,73245.53125,62.697967529296875,0.8629366159439087,25892428.0,17994.802734375,532001,40000.0,-24569456.966271304,,,,,,,
-17.791972526550285,-0.26064554494032705,0.13136439860139523,0.3485971315098019,0.0,213.67491854128497,133.22168386444696,20,26653,544000,0.0003,75541.453125,62.72488021850586,0.10462996363639832,22984688.0,26112.111328125,534001,40000.0,-24569456.966271304,,,,,,,
-12.839388917922966,-0.2084379654884116,-0.17588905486423018,0.33889048834067204,0.0,190.40473512645625,108.24557165834543,20,26732,546000,0.0003,70552.046875,61.98613357543945,0.172091543674469,28733816.0,22216.57421875,536001,40000.0,-24569456.966271304,,,,,,,
-8.728227054595953,-0.2076902001500624,0.047906692504908664,0.3767637393010783,0.0,223.67587952342106,-6.437206078499055,20,26810,548000,0.0003,69163.6796875,61.305877685546875,0.45561423897743225,16395882.0,14822.5234375,538001,40000.0,-24569456.966271304,,,,,,,
-19.73013345527649,-0.26792054715326735,0.15236138259920265,0.415699896249895,0.0,282.33536183120447,42.238698497443636,20,26888,550000,0.0003,77641.171875,61.862674713134766,0.8675146102905273,25739656.0,23895.69921875,540001,40000.0,-24569456.966271304,,,,,,,
-11.458949203491207,-0.1632863912497081,-0.17306815213612634,0.3509189127283948,0.0,204.60663698758987,64.38881471039404,20,26968,552000,0.0003,79619.8046875,63.599281311035156,0.15034472942352295,20552876.0,17172.76953125,542001,40000.0,-24569456.966271304,,,,,,,
-7.1374961547851665,-0.13672113291947663,0.060955298249054386,0.34677473690294786,0.0,229.68944314294922,26.962827858070426,20,27047,554000,0.0003,74101.6640625,59.298152923583984,-0.7299172282218933,13141997.0,16913.46875,544001,40000.0,-24569456.966271304,,,,,,,
-18.155896022796604,-0.26116708176274567,0.08056911310777666,0.3863866479714811,0.0,255.51663659268843,76.02867885139459,20,27125,556000,0.0003,75462.1953125,58.16400909423828,-0.21957357227802277,20094140.0,23251.439453125,546001,40000.0,-24569456.966271304,,,,,,,
-11.967951440811158,-0.18639733835317493,-0.190040138911336,0.35107614971185563,0.0,218.96228392072481,162.9473156334907,20,27203,558000,0.0003,75075.546875,60.19957733154297,-0.34602832794189453,16727246.0,16361.8388671875,548001,40000.0,-24569456.966271304,,,,,,,
-12.974275012969967,-0.26473393668575573,0.06692077113472403,0.4300165019077867,0.0,270.14252945341514,-22.089417763934833,20,27282,560000,0.0003,74458.4609375,61.2378044128418,-0.013031214475631714,12785904.0,13193.8857421875,550001,40000.0,-23581844.58688714,,,,,,,
-6.592975776672362,-0.5961790164723736,-0.5308871129946284,-0.7069072428444308,0.0,967.0207273687363,-449.3530361321449,20,27360,562000,0.0003,74143.8203125,61.278785705566406,-0.4977545738220215,18692532.0,19053.470703125,552001,40000.0,-23581844.58688714,,,,,,,
-7.521405273437504,-0.5209054054460672,0.17847430583696933,-0.7344270503854297,0.0,819.2020160549118,18.82405398207464,20,27439,564000,0.0003,71194.2109375,54.03633499145508,0.1399534046649933,12878192.0,10890.0419921875,554001,40000.0,-23581844.58688714,,,,,,,
-4.010511417388909,-0.7075351728159868,-0.011531643512915565,-0.38281519009393705,0.0,434.7983856182226,-441.78057847090804,20,27517,566000,0.0003,81057.9921875,58.63998794555664,-0.020989947021007538,16589202.0,15871.21484375,556001,40000.0,-23581844.58688714,,,,,,,
-8.911603683471661,-0.29135742373332335,0.10369339554838267,-0.4704193232532903,0.0,411.63916920908724,-35.69250503839943,20,27595,568000,0.0003,76747.8828125,55.494346618652344,-0.04926285147666931,16981564.0,12720.9697265625,558001,40000.0,-23581844.58688714,,,,,,,
-2.430549072265627,-0.3967405666624878,-0.1254255817338501,-0.3873082735196009,0.0,263.2848940879467,54.01781038377645,20,27672,570000,0.0003,77300.796875,58.96833419799805,-0.11315849423408508,22326402.0,21891.43359375,560001,40000.0,-23581844.58688714,,,,,,,
-14.325898349761962,-0.5418206475851239,0.19005894653920424,-0.14466919868895126,0.0,186.87758631739976,-220.58490659018554,20,27750,572000,0.0003,71635.0859375,60.69325637817383,0.2355620115995407,21227132.0,14333.4169921875,562001,40000.0,-23581844.58688714,,,,,,,
-16.524619256973274,-0.34915213537556333,-0.17346162661494766,-0.06032796734382825,0.0,115.83015453416442,110.15110738734106,20,27828,574000,0.0003,73172.625,55.173736572265625,-0.09604863822460175,11170341.0,11241.4072265625,564001,40000.0,-23581844.58688714,,,,,,,
-20.684731386184716,-0.47970075545123975,0.06603676424135019,0.28057207900378045,0.0,196.76021668212948,124.20396744993857,20,27906,576000,0.0003,79297.453125,56.087562561035156,0.2448156177997589,16118344.0,17384.544921875,566001,40000.0,-23581844.58688714,,,,,,,
-27.007864374160764,-0.4587307285392468,-0.05891337193523398,0.4341596153581456,0.0,312.3478411552759,281.06641537457875,20,27984,578000,0.0003,76885.125,52.34159469604492,0.2993772029876709,14767632.0,15276.513671875,568001,40000.0,-23581844.58688714,,,,,,,
-26.19826012420657,-0.4467816679443531,0.11505666194580928,0.35422815789487944,0.0,249.31323315329576,-445.9972460940009,20,28061,580000,0.0003,77216.28125,56.865482330322266,0.14322608709335327,22007362.0,20867.953125,570001,40000.0,-23581844.58688714,,,,,,,
-26.605496948242173,-0.43875811047016977,-0.020053803964117538,0.29491470635498884,0.0,193.603470163642,-15.291486516090758,20,28138,582000,0.0003,76000.25,57.832088470458984,0.6561903357505798,16404330.0,14048.88671875,572001,40000.0,-23581844.58688714,,,,,,,
-6.615564708709722,-0.3322218766193924,-0.003242490658483193,0.1642380056246061,0.0,76.9397946457818,112.53928637257805,20,28215,584000,0.0003,86299.0625,53.27980422973633,0.2468271106481552,18707776.0,18008.80078125,574001,40000.0,-23581844.58688714,,,,,,,
-18.786409141540567,-0.36837026184568256,0.06650307913115051,0.2871514906029835,0.0,158.8174058580274,-94.42863724638383,20,28292,586000,0.0003,79440.609375,60.62146759033203,-0.22922037541866302,25222432.0,34014.01953125,576001,40000.0,-23581844.58688714,,,,,,,
-23.394836162567128,-0.3652846010970099,-0.014504588792105316,0.3081769255875241,0.0,178.91094212788178,33.48147155377203,20,28370,588000,0.0003,80435.6953125,57.73653030395508,0.20005403459072113,18814500.0,15745.3642578125,578001,40000.0,-23581844.58688714,,,,,,,
-4.873992656707763,-0.25837826930641966,0.019914245517661532,0.2126210279318264,0.0,83.23492098636095,66.26510587025517,20,28448,590000,0.0003,77143.4296875,55.24750518798828,-0.11382780969142914,18773496.0,19593.884765625,580001,40000.0,-23581844.58688714,,,,,,,
-17.074625976562498,-0.27623142944694684,0.07410246253962914,0.307331997156938,0.0,180.56143861604852,-74.77565952942605,20,28525,592000,0.0003,77003.8671875,61.46308898925781,0.05335453152656555,16697176.0,13857.609375,582001,40000.0,-23581844.58688714,,,,,,,
-12.579096109390246,-0.22344899267339777,-0.0930089759234827,0.2668653620413116,0.0,115.82144253680175,180.35313989140798,20,28601,594000,0.0003,73939.796875,55.72124099731445,-0.7376509308815002,16990300.0,14021.68359375,584001,40000.0,-23581844.58688714,,,,,,,
-2.499738233566284,-0.10912519299808669,0.13406734055034508,0.2339355374763443,0.0,147.60508633383287,-113.58912290643974,20,28679,596000,0.0003,78117.4375,60.25638198852539,-0.15904371440410614,18057412.0,12702.755859375,586001,40000.0,-23581844.58688714,,,,,,,
-7.229728797912593,-0.10133554455522463,0.10397309868433188,0.240110611839992,0.0,152.58651677701224,266.88153376295134,20,28756,598000,0.0003,75620.734375,57.78092575073242,-0.351509153842926,23027452.0,17471.19140625,588001,40000.0,-23581844.58688714,,,,,,,
0.4737335681915277,2.7514824054241573e-05,-0.04734678140867884,0.26168475578170236,0.0,113.79802302740775,-76.71814851408911,,,600000,0.0003,78753.390625,60.42677688598633,-0.4645390510559082,14321446.0,10216.234375,590000,,,0.0059531250000000036,0.0,40000.0,-18044.074099720183,1828.506704187535,0.0059531250000000036,0.0
,,,,,,,19,30013,600000,0.0003,75889.2734375,60.42608642578125,-0.13253653049468994,22656740.0,22653.689453125,590001,40000.0,-22714643.017328396,,,,,,,
-8.772648801803589,-0.5090779564052604,-0.5782799210784535,-0.6989655651879879,0.0,882.5122475346242,-601.4119501531815,20,30090,602000,0.0003,79780.5390625,57.67129135131836,0.0701434314250946,18842552.0,24175.1484375,592001,40000.0,-22714643.017328396,,,,,,,
-1.6575390815734852,-0.7151554705694353,0.08338121114595819,-0.4108002783263879,0.0,395.17396452133875,-203.257149071073,20,30167,604000,0.0003,75236.359375,57.05329513549805,0.00705932080745697,21526252.0,14222.6533203125,594001,40000.0,-22714643.017328396,,,,,,,
-9.541750144958494,-0.5653250467318353,0.4100983645904058,-0.19445343410812999,0.0,298.10365092780427,-18.233338693489518,20,30247,606000,0.0003,79373.546875,58.11820983886719,-0.006399750709533691,20215432.0,15787.7919921875,596001,40000.0,-22714643.017328396,,,,,,,
12.94611518478394,0.28199293864612723,0.2909411018174834,-0.16006587198007866,0.0,213.87727747912314,-133.71071519505043,20,30324,608000,0.0003,75115.6484375,53.01774215698242,0.05173524469137192,15680416.0,13971.65625,598001,40000.0,-22714643.017328396,,,,,,,
1.9103078842163088,0.20860686792611072,-0.1577160157455058,-0.22573314437471803,0.0,103.55826091420575,53.240402746032366,20,30401,610000,0.0003,72644.3203125,59.04582595825195,-0.13482658565044403,25289084.0,18098.88671875,600001,40000.0,-22714643.017328396,,,,,,,
-9.603053211212174,-0.21633388745458149,-0.14881006552683387,-0.08495548785346574,0.0,170.22733807444095,-26.936440138952815,20,30478,612000,0.0003,76887.234375,61.20633316040039,0.7366417050361633,26793812.0,21126.6875,602001,40000.0,-22714643.017328396,,,,,,,
-0.8032213020324712,-0.08384180738336765,0.052379039813440637,-0.06096199309355337,0.0,14.866188241939936,-19.056478934680147,20,30556,614000,0.0003,79398.53125,53.73994827270508,0.1627826690673828,21644408.0,23633.58203125,604001,40000.0,-22714643.017328396,,,,,,,
-10.147079690933225,-0.12811890050044283,-0.15745185632814326,0.028995174593345642,0.0,87.1479760435109,185.8036441147586,20,30633,616000,0.0003,77876.1953125,64.7680892944336,-0.1303609162569046,19284900.0,14858.158203125,606001,40000.0,-22714643.017328396,,,,,,,
-2.5162734298706053,-0.23159176788667338,0.02951844854202228,0.1535994779379883,0.0,51.92410452340383,-70.50843599574185,20,30710,618000,0.0003,72064.7734375,51.239295959472656,-0.4558757543563843,21872108.0,16310.5888671875,608001,40000.0,-22714643.017328396,,,,,,,
-19.576139949798584,-0.2910403881055285,0.05149633383578514,0.2665575943052145,0.0,183.2760374439497,36.32867392177961,20,30788,620000,0.0003,81798.1328125,54.052310943603516,-0.022077485918998718,19515892.0,20702.9296875,610001,40000.0,-22714643.017328396,,,,,,,
-3.3525885677337635,-0.20364427621997364,-0.007644938795805931,0.20491948181404251,0.0,73.38658534590157,87.51530221948423,20,30865,622000,0.0003,72989.3828125,57.979007720947266,1.1323713064193726,24865220.0,14686.970703125,612001,40000.0,-22714643.017328396,,,,,,,
-13.208381832122795,-0.18981410671675994,0.06473851634481209,0.3147943282065619,0.0,218.1436898098837,-3.4423890569009155,20,30943,624000,0.0003,73455.453125,54.35112380981445,-0.9788947105407715,24374908.0,17989.37890625,614001,40000.0,-22714643.017328396,,,,,,,
-0.013264854431151236,-0.08192502640403777,0.20255385659815353,0.2235658169705894,0.0,130.2422395596056,82.58811340084141,20,31020,626000,0.0003,72621.296875,67.33737182617188,-0.3944414258003235,21211892.0,18152.544921875,616001,40000.0,-22714643.017328396,,,,,,,
4.908143634796143,-0.004335161767869424,-0.25011631429888054,0.19299216448710102,0.0,88.21053786802372,-22.533229742932743,20,31098,628000,0.0003,66448.578125,55.651432037353516,-0.010117851197719574,18860644.0,12831.91796875,618001,40000.0,-22714643.017328396,,,,,,,
7.449627977371216,0.022879688447040337,0.3219744262857866,0.2034239793998758,0.0,185.29807883461345,236.87565344002792,20,31177,630000,0.0003,72923.078125,53.786861419677734,0.19159187376499176,24183884.0,24338.193359375,620001,40000.0,-22714643.017328396,,,,,,,
5.0493559303283675,0.04553498898609612,-0.29174657666894843,0.17656243430746282,0.0,84.26275508123777,-166.61391808270199,20,31255,632000,0.0003,71124.9140625,56.761695861816406,0.28848937153816223,27690650.0,21152.044921875,622001,40000.0,-22714643.017328396,,,,,,,
15.332975770950306,0.1619976527371417,0.27495860640657,0.2766230670676834,0.0,265.9848605745875,183.18120373231562,20,31333,634000,0.0003,70311.734375,56.0440673828125,0.4743037223815918,21203648.0,16565.658203125,624001,40000.0,-22714643.017328396,,,,,,,
2.8936967658996577,0.05164034701279547,-0.17713918697164344,0.2094312736047105,0.0,111.28499641317043,344.29161681041575,20,31410,636000,0.0003,72239.9921875,65.27803802490234,-0.3295828700065613,23262624.0,15244.9296875,626001,40000.0,-22714643.017328396,,,,,,,
17.43596185684204,0.2526292665344681,0.0671442512102116,0.3158005833090364,0.0,245.75464653863378,-309.90452979535667,20,31486,638000,0.0003,72055.1875,50.210166931152344,0.15823552012443542,24609820.0,19812.134765625,628001,40000.0,-22714643.017328396,,,,,,,
0.8550840759277337,-0.009757145980851676,0.027734892373748724,0.19247144743929828,0.0,104.79123134370495,58.975081361059715,20,31563,640000,0.0003,70497.8125,58.2767219543457,0.3222363293170929,24988576.0,21062.423828125,630001,40000.0,-21779646.051090688,,,,,,,
-8.315401660919196,-0.5924327573534985,-0.6154890427419908,-0.7016968611332387,0.0,968.8035087688572,-535.6674944457048,20,31639,642000,0.0003,66591.9140625,61.51654052734375,-0.5511816143989563,22891378.0,13816.9228515625,632001,40000.0,-21779646.051090688,,,,,,,
9.782146472930899,-0.18053866121725665,0.0743320259330456,-0.4794316864044201,0.0,593.6901209681564,-257.2326366138586,20,31716,644000,0.0003,70864.5,52.46564483642578,-0.6011703014373779,19683310.0,15421.3583984375,634001,40000.0,-21779646.051090688,,,,,,,
-13.16359158706664,-0.7162203747012209,0.026135610446678784,-0.22876354109109764,0.0,258.31737801879217,-142.2634389903026,20,31792,646000,0.0003,69605.8203125,53.02660369873047,0.6872716546058655,20662732.0,16339.9306640625,636001,40000.0,-21779646.051090688,,,,,,,
-7.806523563385021,-0.747996513895369,0.025267856873271533,-0.14892256949609206,0.0,240.41722916658208,-57.45119034473174,20,31868,648000,0.0003,72037.5703125,51.65076446533203,-0.19460448622703552,18035152.0,13957.13671875,638001,40000.0,-21779646.051090688,,,,,,,
-14.6985402107239,-0.6774969603982118,0.17756630007322274,-0.06261578641952374,0.0,192.43677778821228,-16.23587878803117,20,31945,650000,0.0003,73621.1796875,54.25225067138672,-0.04042451083660126,13261964.0,11680.1181640625,640001,40000.0,-21779646.051090688,,,,,,,
-10.858467576980594,-0.3173366586312315,0.015237858995437815,0.06919227244160628,0.0,97.94622520457106,45.81924195287734,20,32022,652000,0.0003,75179.40625,51.7983283996582,-0.6272012591362,22349562.0,18449.193359375,642001,40000.0,-21779646.051090688,,,,,,,
-8.690153589248643,-0.1724945165129438,0.2347725525705698,0.1344516666347926,0.0,115.18414462739868,-126.24071280550939,20,32098,654000,0.0003,73545.1796875,55.551612854003906,-0.02802582085132599,16236808.0,14009.6455078125,644001,40000.0,-21779646.051090688,,,,,,,
-2.7448262500762937,-0.1460467165108691,-0.11088337871474303,0.07357507192553887,0.0,27.610113855111496,164.5020092821588,20,32177,656000,0.0003,76187.7734375,48.535308837890625,-0.3328995406627655,10811346.0,12929.6904296875,646001,40000.0,-21779646.051090688,,,,,,,
-12.695771883010867,-0.2284986875624861,0.04537225485728282,0.24112898731509316,0.0,162.62161831613895,-40.48312954293152,20,32253,658000,0.0003,69048.734375,50.86797332763672,-0.02408786118030548,18677098.0,19286.962890625,648001,40000.0,-21779646.051090688,,,,,,,
-6.823700372695924,-0.1691117713144583,-0.07146241076057044,0.208342981924983,0.0,97.6010876432327,198.25663954774566,20,32329,660000,0.0003,73508.3125,49.73466873168945,0.08610372245311737,20051248.0,17059.9140625,650001,40000.0,-21779646.051090688,,,,,,,
-5.756409126281746,-0.17536903849877108,0.09087397395839374,0.29040554671811913,0.0,152.20797985033278,-49.3947358729112,20,32405,662000,0.0003,77276.9765625,48.19915008544922,0.1321512758731842,16433662.0,19405.029296875,652001,40000.0,-21779646.051090688,,,,,,,
-15.333280195236217,-0.22457409892729893,0.0047077346238415824,0.3276318943079627,0.0,188.3843538105896,135.34053828990085,20,32480,664000,0.0003,76098.5,46.4283561706543,0.3772270977497101,27169482.0,22686.75390625,654001,40000.0,-21779646.051090688,,,,,,,
-4.3244980087280185,-0.14872641183232319,-0.03541764510710652,0.30172804579764145,0.0,150.5990795972682,-25.047100550512653,20,32556,666000,0.0003,78021.7734375,48.22181701660156,-0.17068833112716675,15946696.0,12672.216796875,656001,40000.0,-21779646.051090688,,,,,,,
-12.931127475738501,-0.1860682950527816,0.03598883423924805,0.36729942803011534,0.0,221.93644523170857,53.954981555372896,20,32631,668000,0.0003,76575.609375,50.710594177246094,0.49609389901161194,19854872.0,17697.841796875,658001,40000.0,-21779646.051090688,,,,,,,
-15.818882469177256,-0.2263455035737256,-0.010264880740996388,0.39616369924616696,0.0,265.08181200788357,67.9118321419119,20,32706,670000,0.0003,74633.1640625,53.27835464477539,-0.10578577220439911,18507400.0,23276.453125,660001,40000.0,-21779646.051090688,,,,,,,
-3.9145610809326095,-0.1604611559356315,-0.08595024252706092,0.3031676059652635,0.0,153.06485165442535,58.10345432965097,20,32782,672000,0.0003,69672.4140625,55.19984436035156,0.07542910426855087,19760322.0,20794.85546875,662001,40000.0,-21779646.051090688,,,,,,,
-11.594141635894752,-0.14930417356048475,0.20755865750895008,0.19559160428872854,0.0,89.37654499101022,-85.43522541353423,20,32857,674000,0.0003,64707.984375,49.738155364990234,0.271124929189682,15283554.0,13864.37109375,664001,40000.0,-21779646.051090688,,,,,,,
-2.334675422668457,-0.1485936645196686,-0.1926355506930569,0.14596422199438933,0.0,67.02732636499584,125.28093669781461,20,32933,676000,0.0003,72837.625,46.07939529418945,0.06455540657043457,13670265.0,9719.9345703125,666001,40000.0,-21779646.051090688,,,,,,,
-16.855374828338636,-0.2925071928269103,0.09975684268135594,0.3457994345022407,0.0,203.26191889101335,56.70059073383338,20,33008,678000,0.0003,69918.828125,46.893829345703125,0.03805594518780708,21721154.0,12979.783203125,668001,40000.0,-21779646.051090688,,,,,,,
-14.949557495117174,-0.19930402602542202,-0.05229801573366088,0.4183474374906158,0.0,281.4456032030162,192.0748063936839,20,33084,680000,0.0003,72584.875,48.36766052246094,-0.20545709133148193,17481166.0,18979.640625,670001,40000.0,-21028286.103228297,,,,,,,
5.500886819839481,0.27177857204885286,0.3057655473943741,-0.940374087979093,0.0,1133.9418827592638,-168.9531844135828,20,33160,682000,0.0003,78498.15625,47.44934844970703,-0.22682206332683563,21617912.0,16602.359375,672001,40000.0,-21028286.103228297,,,,,,,
7.570098979949951,0.5289290319724962,0.03876035159152747,-0.8281314522619041,0.0,934.3126735855175,-62.63754959227674,20,33235,684000,0.0003,77567.5234375,47.982242584228516,-0.16274672746658325,19589320.0,17543.2265625,674001,40000.0,-21028286.103228297,,,,,,,
6.968344158172602,0.6638569097121676,-0.017737006708674306,-0.6955682939961717,0.0,844.8227477347298,44.89114392385657,20,33312,686000,0.0003,80126.8671875,57.00910568237305,0.44282639026641846,34279880.0,22608.12109375,676001,40000.0,-21028286.103228297,,,,,,,
7.550413297653211,0.3795784112761591,-0.07400428232072116,-0.9116130530715792,0.0,1048.6843757272077,65.76008177893235,20,33392,688000,0.0003,69729.8984375,55.34152603149414,0.2326383739709854,18364808.0,13569.482421875,678001,40000.0,-21028286.103228297,,,,,,,
6.016292263031009,0.6056227850432306,0.09346168092705046,-0.7036510631013222,0.0,894.1919484248222,-83.57768808432581,20,33468,690000,0.0003,66686.828125,47.433589935302734,0.24717874825000763,15977614.0,16516.609375,680001,40000.0,-21028286.103228297,,,,,,,
11.63705630683899,0.45296198924400044,0.132625510791658,-0.8467094590806226,0.0,989.6784038615378,-153.45812927126187,20,33545,692000,0.0003,69112.375,49.35459899902344,0.6799123287200928,29467666.0,34232.5546875,682001,40000.0,-21028286.103228297,,,,,,,
4.015857532501212,0.5776442049577051,-0.25554239207295104,-0.7060267393931196,0.0,910.5349556612896,264.00057590882955,20,33621,694000,0.0003,70166.7578125,46.89787673950195,-0.06807456910610199,22391280.0,18290.423828125,684001,40000.0,-21028286.103228297,,,,,,,
9.170349857330315,0.43248315157798256,0.2617823149212325,-0.8648646485868589,0.0,1007.9152721274476,-260.9915529999448,20,33698,696000,0.0003,68011.5234375,50.68661117553711,0.3666296601295471,22230496.0,15148.16796875,686001,40000.0,-21028286.103228297,,,,,,,
3.8975788536071736,0.6025376730896728,-0.26234245285233,-0.6933069769650205,0.0,912.2172247092244,269.15960334666045,20,33773,698000,0.0003,71802.953125,45.3267822265625,-0.7636191844940186,15711124.0,17337.64453125,688001,40000.0,-21028286.103228297,,,,,,,
8.812756553649905,0.5120970553705169,0.40610161458210503,-0.7668118569115014,0.0,938.0315480481607,-452.10536716201324,,,700000,0.0003,80373.734375,46.01960372924805,-1.0138813257217407,18357948.0,20342.916015625,690000,,,0.0059531250000000036,0.0,40000.0,-16464.68357199677,1319.9302604265288,0.0,0.0
,,,,,,,19,35001,700000,0.0003,72465.09375,46.037899017333984,0.06725926697254181,17464948.0,19915.544921875,690001,40000.0,-21028286.103228297,,,,,,,
-3.718895574569702,0.2737944298412587,-1.070131554602523,-0.6811207370372183,0.0,1187.562572588606,568.9898705217166,20,35077,702000,0.0003,64921.08984375,52.773284912109375,0.21308839321136475,18858200.0,15488.5048828125,692001,40000.0,-21028286.103228297,,,,,,,
2.2471406803131186,-0.2823639559711253,-0.2623659051113237,-0.508821838576554,0.0,651.6070808739976,-524.7234832229921,20,35153,704000,0.0003,68298.8359375,48.96455001831055,0.4047728180885315,21265822.0,28872.501953125,694001,40000.0,-21028286.103228297,,,,,,,
10.622462953567501,-0.714290972536061,0.25247659650661297,-0.3920909324618174,0.0,467.8177268373006,-398.24526266837984,20,35229,706000,0.0003,67032.4609375,56.70488739013672,-0.850653350353241,27166276.0,18896.126953125,696001,40000.0,-21028286.103228297,,,,,,,
-18.51184952735903,-0.6369114016004542,0.060367256332207894,-0.26172883558749815,0.0,222.1606995955728,-11.224353024986232,20,35305,708000,0.0003,65112.99609375,51.49950408935547,0.1981804519891739,15726688.0,14638.1162109375,698001,40000.0,-21028286.103228297,,,,,,,
-7.689283042907715,-0.4636351076356258,0.07656000162962835,-0.2778390632789863,0.0,189.67067726957202,-46.50215954551448,20,35381,710000,0.0003,72035.984375,43.71440887451172,-0.8881233930587769,19115828.0,16316.9599609375,700001,40000.0,-21028286.103228297,,,,,,,
-9.45644544601438,-0.4466022649020312,0.03433395680789834,-0.2066198861883672,0.0,132.68022811415594,-25.71146765531745,20,35456,712000,0.0003,66885.1875,52.382354736328125,0.5835438966751099,17650156.0,13213.404296875,702001,40000.0,-21028286.103228297,,,,,,,
-13.286806602478027,-0.5737886189096649,-0.1814952677904828,-0.1809015693624829,0.0,169.28675862066797,25.132722773882872,20,35532,714000,0.0003,69140.7421875,46.421451568603516,0.5421018600463867,13946176.0,13192.556640625,704001,40000.0,-21028286.103228297,,,,,,,
-3.2499962749481255,-0.39956561509209987,0.2722096385551158,-0.15126053699597994,0.0,146.4556165550999,-83.7920064988471,20,35608,716000,0.0003,71288.4375,53.720130920410156,-0.2922857999801636,16090966.0,16651.095703125,706001,40000.0,-21028286.103228297,,,,,,,
-12.83416247940063,-0.2820177559087132,0.0017630729900803448,-0.10643637757562577,0.0,95.13034578115195,86.05255263408958,20,35685,718000,0.0003,66690.609375,51.065799713134766,0.394104927778244,19425548.0,22067.7421875,708001,40000.0,-21028286.103228297,,,,,,,
1.906730436325072,-0.18806579797634626,0.08983491124178779,-0.04100379205756039,0.0,19.770984797625808,-91.9604525904746,20,35761,720000,0.0003,66680.1328125,48.82837677001953,-0.023493412882089615,28923588.0,28084.650390625,710001,40000.0,-21281435.110058777,,,,,,,
-11.564275770187374,-0.46142958008123963,-0.5519983307307919,-0.7552296699784486,0.0,944.0207187675109,-479.9909460909363,20,35837,722000,0.0003,65461.6015625,49.55491256713867,-0.29346805810928345,20530812.0,18625.65625,712001,40000.0,-21281435.110058777,,,,,,,
5.029565059661874,-0.7767438591776757,0.12855037049178925,-0.4859083362713532,0.0,490.8386627500266,-222.58453805372753,20,35913,724000,0.0003,65307.5390625,48.66911315917969,0.4994117021560669,17605036.0,15769.5185546875,714001,40000.0,-21281435.110058777,,,,,,,
-12.789439243316652,-0.6713673845042925,0.09853404181465937,-0.259626430372705,0.0,293.3297807440792,-97.83707035744166,20,35989,726000,0.0003,71488.21875,50.269737243652344,-0.5259649157524109,16137868.0,16792.033203125,716001,40000.0,-21281435.110058777,,,,,,,
-11.068584068298334,-0.35679376741157315,0.06514115753997154,-0.19775749315271435,0.0,113.44850307865951,-167.72450906584282,20,36065,728000,0.0003,65403.765625,52.523529052734375,0.5785608887672424,17227132.0,13696.1923828125,718001,40000.0,-21281435.110058777,,,,,,,
-5.957144342422466,-0.34772646300156645,0.032489652715831985,-0.08288737514382884,0.0,79.89345463281587,-42.12889081824825,20,36141,730000,0.0003,62502.5078125,51.5767822265625,0.34263935685157776,23042406.0,18921.25,720001,40000.0,-21281435.110058777,,,,,,,
-6.490454231262212,-0.5181258498768053,-0.24098689360365333,-0.15745951091795746,0.0,144.41134126305792,107.65324915211256,20,36217,732000,0.0003,66874.1875,47.86908721923828,0.02592162787914276,18787850.0,16933.908203125,722001,40000.0,-21281435.110058777,,,,,,,
-8.99012166404724,-0.5146658397589015,0.2521889301403217,-0.16959378971717243,0.0,157.4764563269259,-73.45831745266052,20,36293,734000,0.0003,65593.5625,48.47599411010742,0.0390070304274559,20963928.0,19198.470703125,724001,40000.0,-21281435.110058777,,,,,,,
-18.299381162643396,-0.41911483662470245,-0.09215360772061469,-0.07517392550629948,0.0,127.32363065043613,186.6412994923114,20,36368,736000,0.0003,67339.890625,47.2606315612793,-0.13705974817276,15675920.0,10614.3046875,726001,40000.0,-21281435.110058777,,,,,,,
0.5085705623626697,-0.2634003664573927,0.19399014827977856,-0.0014094477687021198,0.0,48.767616483499886,-234.87460606765498,20,36444,738000,0.0003,67827.359375,46.73211669921875,0.33981481194496155,17280472.0,12930.3935546875,728001,40000.0,-21281435.110058777,,,,,,,
-1.3871770725250239,-0.07921124528138834,0.07620676489032265,0.014859841187683633,0.006,34.705885233929855,147.79723407391293,20,36520,740000,0.0003,73618.5625,47.09415054321289,-0.011396437883377075,15720250.0,13564.02734375,730001,40000.0,-21281435.110058777,,,,,,,
-7.918178182601944,-0.16899531487255334,-0.04717302074522807,0.1406182105636704,0.0,76.50390907193237,-26.047507207059528,20,36595,742000,0.0003,71820.53125,47.90437698364258,-0.06280094385147095,12293084.0,12606.375,732001,40000.0,-21281435.110058777,,,,,,,
-1.527778768539429,-0.0894029163256865,0.03836728751057133,0.13762102424838693,0.0,60.26432880132166,121.68814920673044,20,36671,744000,0.0003,67118.34375,49.908226013183594,0.5028504133224487,18736870.0,13771.099609375,734001,40000.0,-21281435.110058777,,,,,,,
-7.7704112224579,-0.15907708291568287,-0.03356823743209396,0.24947742895810637,0.0,122.23707527499077,37.091968762211664,20,36747,746000,0.0003,68869.46875,46.00413513183594,-0.41001516580581665,16218408.0,13700.1005859375,736001,40000.0,-21281435.110058777,,,,,,,
-0.3664793949127163,-0.04614404248747137,0.11625493223522279,0.2288213822606612,0.0,113.58503369663617,136.0359227638926,20,36823,748000,0.0003,62046.4453125,44.24378967285156,0.2105778455734253,14384214.0,14179.4658203125,738001,40000.0,-21281435.110058777,,,,,,,
-1.2196585464477545,-0.15211091555524442,-0.16242111278651308,0.2240559255466226,0.0,126.69100180775492,-3.9757934914752395,20,36902,750000,0.0003,71441.6796875,48.40715789794922,0.30396950244903564,18020756.0,15982.5615234375,740001,40000.0,-21281435.110058777,,,,,,,
-10.232353334426882,-0.17291354885024302,0.008053413281418993,0.26103738808117855,0.0,170.53780915431378,242.20712675640522,20,36978,752000,0.0003,70010.6015625,42.43349075317383,-0.20798078179359436,20240432.0,18436.841796875,742001,40000.0,-21281435.110058777,,,,,,,
-4.549388147354126,-0.21329910902488683,-0.016339274422652494,0.3025700996395008,0.0,183.86598123697374,-113.29189537592664,20,37054,754000,0.0003,71331.46875,44.51011657714844,-0.17560334503650665,14715015.0,11311.171875,744001,40000.0,-21281435.110058777,,,,,,,
-14.488742832183819,-0.26178347883615677,-0.06931869855886569,0.30006708059292736,0.0,190.6695434268727,49.744420985407295,20,37130,756000,0.0003,76005.5546875,48.76836395263672,0.007455587387084961,14521564.0,12247.037109375,746001,40000.0,-21281435.110058777,,,,,,,
-19.90133423805237,-0.3469962928666497,-0.024394953142216683,0.28815550651854915,0.0,171.22538305546541,-14.513336931421053,20,37206,758000,0.0003,74540.9375,53.90797805786133,0.25540268421173096,20155194.0,15347.2548828125,748001,40000.0,-21281435.110058777,,,,,,,
-3.70000530433655,-0.29585355417984416,0.10219858991153774,0.23093058577790826,0.0,131.6107860568466,300.30730501420754,20,37281,760000,0.0003,66105.5078125,48.561038970947266,0.4289867877960205,14623877.0,10509.7548828125,750001,40000.0,-20557852.296691842,,,,,,,
-8.667298322677594,-0.5626938809296744,-0.5623759472398648,-0.7286690612482225,0.0,956.2803386876425,-508.25312537076405,20,37356,762000,0.0003,69577.984375,44.06132888793945,-0.028157580643892288,16348336.0,14310.591796875,752001,40000.0,-20557852.296691842,,,,,,,
-2.123672538757325,-0.846586473768735,0.03803019266740899,-0.5584865101394707,0.0,612.9360501401021,-82.80192768179897,20,37432,764000,0.0003,71082.109375,45.812591552734375,0.09634960442781448,18056130.0,14295.271484375,754001,40000.0,-20557852.296691842,,,,,,,
-0.2618291549682642,-0.15050134814678034,-0.12662709057642946,-0.30114928630331106,0.0,486.1600681697851,-216.61328203650504,20,37507,766000,0.0003,65121.98828125,46.135887145996094,-0.1676899641752243,16037242.0,17014.654296875,756001,40000.0,-20557852.296691842,,,,,,,
-15.37082587623597,-0.8341482071338374,0.059343039447140575,-0.2720215538836178,0.0,346.7076590936078,9.511474787552133,20,37582,768000,0.0003,71282.25,48.52584457397461,-0.02982787787914276,16259800.0,15519.458984375,758001,40000.0,-20557852.296691842,,,,,,,
1.5336430931091234,-0.5219037638377997,0.3454932304711538,-0.20080182947712927,0.0,233.78963452068436,-255.02765909835352,20,37658,770000,0.0003,67676.2109375,47.135047912597656,-0.3796142339706421,17862696.0,10474.2666015625,760001,40000.0,-20557852.296691842,,,,,,,
-14.86403297805786,-0.34502604188508684,0.11820967595252012,-0.15212093985941907,0.0,106.52876770036866,2.5755989220681155,20,37733,772000,0.0003,72863.078125,44.609779357910156,-0.8140459060668945,12869986.0,20897.412109375,762001,40000.0,-20557852.296691842,,,,,,,
-4.5791985759735105,-0.31539027736721637,-0.23610760714408646,-0.22710141864310857,0.0,123.39532292308976,81.35866003706543,20,37808,774000,0.0003,70461.1328125,47.891075134277344,0.3936541676521301,21236286.0,12565.595703125,764001,40000.0,-20557852.296691842,,,,,,,
-12.449562494277973,-0.41511984354361664,0.19356485358306205,-0.07566285649570435,0.0,106.96963830121908,-95.57145984463088,20,37883,776000,0.0003,68059.3046875,44.81292724609375,0.0526077002286911,14377500.0,9849.705078125,766001,40000.0,-20557852.296691842,,,,,,,
-1.8739383144378654,-0.14307135793132525,0.21445863831277717,-0.14291983987314757,0.0,78.65408088895384,194.0736030731603,20,37958,778000,0.0003,74221.9453125,44.629459381103516,-0.02716430276632309,15760974.0,16748.1015625,768001,40000.0,-20557852.296691842,,,,,,,
4.832998735427859,0.020613580659248863,-0.08044051303441357,-0.17719918580530974,0.0,85.04939067402992,-63.679688549696685,20,38034,780000,0.0003,76363.65625,47.55244064331055,0.1525631695985794,18046584.0,15078.12109375,770001,40000.0,-20557852.296691842,,,,,,,
-5.9407196331024155,-0.1527580703516049,-0.23467021231137733,-0.14921280802811449,0.0,98.03022968891865,10.301396408343887,20,38109,782000,0.0003,67047.59375,57.645694732666016,-0.45226287841796875,27229360.0,24888.978515625,772001,40000.0,-20557852.296691842,,,,,,,
-8.836225519180305,-0.25063933730390486,0.16486521539126026,-0.05676118620014172,0.0,57.14082075712067,0.6184216399545847,20,38184,784000,0.0003,57315.03125,48.427547454833984,0.17841720581054688,16123643.0,12722.796875,774001,40000.0,-20557852.296691842,,,,,,,
0.11911842155456524,-0.07204678678010104,0.20897950984259997,-0.10229082645168161,0.0,53.412824731501196,265.1053449046554,20,38260,786000,0.0003,70049.1328125,43.82173538208008,-0.14963486790657043,19361880.0,16408.384765625,776001,40000.0,-20557852.296691842,,,,,,,
6.359744785308831,0.09112209245994136,-0.021708701592952847,-0.11522855348234771,0.0,81.89299265243056,-97.29389271360579,20,38336,788000,0.0003,69444.5078125,49.134891510009766,-0.3193584978580475,17887172.0,11517.0595703125,778001,40000.0,-20557852.296691842,,,,,,,
0.0601425304412855,0.11732214457205331,-0.15115086641399994,-0.15366637378570328,0.0,73.28395976567155,233.98289335290332,20,38413,790000,0.0003,62155.76171875,44.119041442871094,-0.31263816356658936,15779238.0,13644.3671875,780001,40000.0,-20557852.296691842,,,,,,,
-12.65404208374021,-0.25144357612077445,0.05380536117444567,0.06960387678663026,0.007999999999999997,140.1363181392737,-244.8744678772136,20,38489,792000,0.0003,67466.890625,50.388301849365234,-0.35936591029167175,19687264.0,20694.17578125,782001,40000.0,-20557852.296691842,,,,,,,
0.44243238449096634,-0.03695045476557312,-0.04642798003976192,0.029295059408637077,0.07849999999999997,5.160777364909539,104.97999194818215,20,38566,794000,0.0003,56775.9765625,63.292694091796875,0.505134105682373,25230170.0,22658.73046875,784001,40000.0,-20557852.296691842,,,,,,,
-11.628725460052483,-0.24743135885461195,-0.15056118456871612,0.044332526078030864,0.0,44.08943887044241,68.13404154654265,20,38642,796000,0.0003,57054.375,42.65582275390625,-0.21429753303527832,16245380.0,18529.20703125,786001,40000.0,-20557852.296691842,,,,,,,
-3.608191194534304,-0.10043827631701475,0.16024834463894358,-0.018865990182284353,0.0,37.11406151069133,-11.867623970326118,20,38719,798000,0.0003,64481.48046875,43.457733154296875,-0.2302677482366562,14284379.0,15919.2880859375,788001,40000.0,-20557852.296691842,,,,,,,
-0.5802161388397211,-0.014004545791079992,0.1175611702511155,-0.04077110799353199,0.09249999999999993,13.366609471326935,54.146531472873185,,,800000,0.0003,63335.62109375,43.95758819580078,0.33857908844947815,21249618.0,17536.69921875,790000,,,0.21698437500000015,0.0,40000.0,-14173.97546046949,1415.9827242948018,0.21698437500000015,0.0
,,,,,,,20,39976,800000,0.0003,63662.734375,43.95011901855469,0.15621435642242432,21656636.0,19036.17578125,790001,40000.0,-19898457.62857195,,,,,,,
-2.828751165390015,-0.08681214402812064,-0.20700713541763058,-0.9357378071035665,0.0,1081.7635997119937,-30.44514330453198,20,40053,802000,0.0003,72886.109375,41.32448959350586,-0.12127205729484558,14223342.0,18887.626953125,792001,40000.0,-19898457.62857195,,,,,,,
-7.11028193092346,-0.41609988683266846,-0.16773169711364425,-0.8209800920812775,0.0,921.47981765268,-150.71288207756288,20,40130,804000,0.0003,67023.9296875,51.62291717529297,0.04395993798971176,14821088.0,11398.7919921875,794001,40000.0,-19898457.62857195,,,,,,,
-0.5618154582977349,-0.8509985529822182,-0.13515683113597773,-0.38289654908728216,0.0,509.18829317000495,-474.10744087030866,20,40207,806000,0.0003,60433.4453125,54.87952423095703,0.5234426259994507,18633938.0,18305.36328125,796001,40000.0,-19898457.62857195,,,,,,,
-9.816768060684202,-0.38691242906761003,0.25378244351481233,-0.29429551977935386,0.0,263.5183835781057,-231.54538985027682,20,40283,808000,0.0003,60543.2578125,40.43875503540039,0.25756481289863586,21632328.0,14513.388671875,798001,40000.0,-19898457.62857195,,,,,,,
-2.780866155624389,-0.1350763610548312,0.28085651066929956,-0.27943906535689833,0.0,160.70897187444427,3.9686725121282453,20,40360,810000,0.0003,68207.6640625,43.2601203918457,0.03755611926317215,18943938.0,13529.7275390625,800001,40000.0,-19898457.62857195,,,,,,,
-11.180289369583127,-0.21332160894298208,-0.3249319214476147,-0.15999482786006758,0.0,145.59142885281196,-8.016115691349722,20,40438,812000,0.0003,66082.4296875,45.92056655883789,0.012517094612121582,22443636.0,22143.486328125,802001,40000.0,-19898457.62857195,,,,,,,
-1.6339256782531728,-0.16516364049247065,0.28802214134933113,0.029804706353495185,0.0135,59.14362689123113,-42.165420955043324,20,40515,814000,0.0003,71196.1015625,45.551937103271484,-0.16320806741714478,17647122.0,16395.798828125,804001,40000.0,-19898457.62857195,,,,,,,
0.9369837856292741,-0.06059729516684278,-0.09211591750586029,0.013738586077658837,0.336,8.692929596796082,78.64499859707641,20,40593,816000,0.0003,64144.6171875,50.429691314697266,0.03153729811310768,16392952.0,15633.740234375,806001,40000.0,-19898457.62857195,,,,,,,
-14.401578350067142,-0.25184532898496836,0.023404787458474977,0.09479663608458941,0.0,76.32250658440363,83.28043899186383,20,40671,818000,0.0003,71272.5078125,45.93824005126953,-0.46593740582466125,18858516.0,15973.771484375,808001,40000.0,-19898457.62857195,,,,,,,
-1.2599145412445054,-0.001122891922082906,0.0790068783002516,0.04030707978756443,0.14249999999999996,14.226154138184828,-23.101990843707515,20,40748,820000,0.0003,70494.921875,44.32927322387695,0.2825271487236023,20268316.0,12627.83203125,810001,40000.0,-19898457.62857195,,,,,,,
-5.748061891555788,-0.1458933072346236,-0.23359141157334654,0.06485296570603233,0.0,51.640559618498784,140.33953667353813,20,40825,822000,0.0003,66448.921875,45.368873596191406,0.1845274567604065,16044796.0,10870.109375,812001,40000.0,-19898457.62857195,,,,,,,
-9.460405216217035,-0.17488469801688303,0.2091934654354639,0.16680698455318302,0.0,91.02747544979066,-56.320870936990104,20,40903,824000,0.0003,61197.390625,46.94986343383789,0.3378949761390686,19245856.0,11990.2373046875,814001,40000.0,-19898457.62857195,,,,,,,
-13.27201775932311,-0.2651966646178645,-0.25544538424755175,0.14610970140540272,0.0,99.6902300856188,117.30351573538373,20,40980,826000,0.0003,63953.453125,40.98383331298828,0.11268667876720428,21043470.0,18879.357421875,816001,40000.0,-19898457.62857195,,,,,,,
-7.9860245018005465,-0.17539361237406795,0.30176705537452964,0.12294606749803519,0.0,102.0118298521932,-60.01599492447931,20,41060,828000,0.0003,67613.6484375,41.48066329956055,-0.20359696447849274,10689489.0,11951.8916015625,818001,40000.0,-19898457.62857195,,,,,,,
0.2664577713012729,0.05381865968020509,-0.12127084228135823,0.07386833173203856,0.0,75.32424691324351,234.29491277531983,20,41137,830000,0.0003,65875.046875,42.60078048706055,0.30601319670677185,21102032.0,17934.22265625,820001,40000.0,-19898457.62857195,,,,,,,
-9.861620605468728,-0.15450678476838747,0.13247362075746064,0.18570938439012455,0.0,102.40344683524157,-95.98292816449748,20,41215,832000,0.0003,72429.9453125,45.96532440185547,0.40308454632759094,19191732.0,23039.212890625,822001,40000.0,-19898457.62857195,,,,,,,
0.050252244949340365,0.05969686167446583,-0.13262276594601807,0.13568840391458017,0.0,66.57345989522992,199.71454706858455,20,41292,834000,0.0003,63849.796875,52.04942321777344,0.06977945566177368,19291548.0,20302.423828125,824001,40000.0,-19898457.62857195,,,,,,,
-7.562862417221068,-0.09534360016895774,0.10401023981906932,0.16496864325315835,0.0,68.9266577187519,-99.70702726687325,20,41370,836000,0.0003,65316.921875,44.74869918823242,0.016665257513523102,29456344.0,21761.068359375,826001,40000.0,-19898457.62857195,,,,,,,
-0.7778593654632568,0.009202194232400259,-0.12821285580693093,0.12664558754295627,0.0,63.90846432883969,176.74970564994732,20,41447,838000,0.0003,70272.640625,44.35977554321289,0.08357997238636017,18575844.0,14718.888671875,828001,40000.0,-19898457.62857195,,,,,,,
-10.824516256332426,-0.1518276638897282,0.16029868850674805,0.23847580842513372,0.0,124.86093490758876,9.018483340609185,20,41525,840000,0.0003,64575.52734375,49.43547821044922,0.05722925439476967,18337002.0,14660.4775390625,830001,40000.0,-19337971.30133533,,,,,,,
-1.5368514442443832,-0.38154423860498,-0.4210603394561268,-0.4529840794488245,0.0,1052.5933849858131,-446.6455275322258,20,41603,842000,0.0003,56184.60546875,52.01093292236328,-0.17998871207237244,15643536.0,11639.28125,832001,40000.0,-19337971.30133533,,,,,,,
-13.159485078811649,-0.616817193819222,-0.1398845271413326,-0.5684045017751242,0.0,610.707677078187,-386.4627949508402,20,41681,844000,0.0003,55936.66796875,50.07501983642578,0.15785987675189972,22884184.0,20727.396484375,834001,40000.0,-19337971.30133533,,,,,,,
-0.19934100532532295,-0.6342057319124675,0.27120319453413566,-0.2820112367202082,0.0,264.03590315909923,-162.7256803619495,20,41759,846000,0.0003,56386.046875,51.059593200683594,-0.03614383190870285,23631186.0,22743.11328125,836001,40000.0,-19337971.30133533,,,,,,,
-13.794396591186526,-0.4184912803962708,0.011155944336279382,-0.32040378306871325,0.0,203.51193251394363,14.284611561824939,20,41835,848000,0.0003,57612.42578125,49.95386505126953,0.2061547040939331,19463908.0,18399.744140625,838001,40000.0,-19337971.30133533,,,,,,,
-7.817732351303105,-0.5002377001275045,-0.20639327198336427,-0.28371789817666454,0.0,210.27809770550687,-3.9639262843666687,20,41912,850000,0.0003,57295.16015625,44.002174377441406,0.08776850998401642,20173478.0,18778.748046875,840001,40000.0,-19337971.30133533,,,,,,,
-6.851680450439443,-0.508409167182022,0.32898986701903954,-0.1533643660998763,0.0,178.79179354022045,-100.77357660572203,20,41988,852000,0.0003,70259.8828125,45.294212341308594,-0.29831463098526,12644948.0,10927.7666015625,842001,40000.0,-19337971.30133533,,,,,,,
-18.224022356033302,-0.37922846743672894,-0.19448430377926978,-0.024819216725316475,0.0,145.79681673276926,169.69366068032517,20,42064,854000,0.0003,68233.3125,49.58293533325195,0.2516902685165405,21084956.0,16483.470703125,844001,40000.0,-19337971.30133533,,,,,,,
-3.150901304244998,-0.31298198986276266,0.18415182625148868,0.10331001588045975,0.0,67.09763012502845,-167.32040526962066,20,42140,856000,0.0003,67582.6796875,54.412750244140625,0.32892516255378723,23664174.0,20975.578125,846001,40000.0,-19337971.30133533,,,,,,,
-19.388961574554425,-0.32580307721678897,0.03465468117418526,0.19643138910101232,0.0,165.802869110246,13.349786174131303,20,42216,858000,0.0003,54525.734375,50.93489074707031,-0.07813003659248352,18635816.0,14014.140625,848001,40000.0,-19337971.30133533,,,,,,,
-0.3552269363403324,-0.15975808135249775,0.019248784662201267,0.1121497056317073,0.0,25.730042365427398,80.6932630913057,20,42292,860000,0.0003,55938.68359375,48.281272888183594,0.25336289405822754,21793994.0,20909.80078125,850001,40000.0,-19337971.30133533,,,,,,,
-16.53064636802674,-0.24946820147740661,0.04277621891252218,0.2576478619969296,0.0,191.94977904109763,5.995977193124868,20,42367,862000,0.0003,62595.9765625,46.790557861328125,0.18582400679588318,21601900.0,22402.505859375,852001,40000.0,-19337971.30133533,,,,,,,
-3.9603265800476075,-0.12051470287636082,-0.13923727359445226,0.2132720284136412,0.0,97.43951129356766,180.5747054188215,20,42443,864000,0.0003,60301.390625,42.44364929199219,0.579756498336792,22142424.0,14581.4443359375,854001,40000.0,-19337971.30133533,,,,,,,
-12.053002531051614,-0.18468749922368602,0.1808792271652081,0.26254559404232075,0.0,126.9834636339262,-74.84589048693375,20,42518,866000,0.0003,61357.40625,45.925811767578125,-0.129426509141922,28182520.0,35223.59765625,856001,40000.0,-19337971.30133533,,,,,,,
-13.046938491821292,-0.18032319092188392,-0.17922324921940758,0.27943814131064276,0.0,143.55474528251395,156.00867154492235,20,42593,868000,0.0003,64587.65625,55.15219497680664,-0.27039197087287903,18714758.0,15418.3544921875,858001,40000.0,-19337971.30133533,,,,,,,
-2.704221204757686,-0.08279491096415001,0.17181717220466908,0.2053390279336022,0.0,96.29620625481387,-57.97024128644154,20,42669,870000,0.0003,57031.77734375,56.490333557128906,-0.48792433738708496,24675900.0,23266.525390625,860001,40000.0,-19337971.30133533,,,,,,,
-13.22098430633545,-0.19561234844860462,-0.027376547403910927,0.24417822950957824,0.0,170.11386162042479,58.09553613486172,20,42745,872000,0.0003,52750.0390625,44.41745376586914,-0.20132316648960114,17322296.0,16629.25,862001,40000.0,-19337971.30133533,,,,,,,
0.20150651359558072,-0.013005082957365867,0.05361287116120647,0.14503650055521924,0.0,37.37815792378854,44.796679544101785,20,42820,874000,0.0003,55312.5859375,50.041099548339844,0.2457117736339569,16640038.0,12868.185546875,864001,40000.0,-19337971.30133533,,,,,,,
-15.617763996124228,-0.21731442933481282,-0.03364590847639387,0.23842233052925266,0.0,232.08828625782166,62.93161667251104,20,42896,876000,0.0003,58974.66796875,47.793914794921875,-0.8422029614448547,17784660.0,13267.1953125,866001,40000.0,-19337971.30133533,,,,,,,
0.29466478729247825,0.0049037205594780475,0.05484514680489563,0.06486168170518743,0.0,11.10445560081085,32.05235564860344,20,42972,878000,0.0003,57786.93359375,48.15045166015625,0.1951770931482315,18125980.0,14329.6708984375,868001,40000.0,-19337971.30133533,,,,,,,
-13.456592454910284,-0.20557479451023358,-0.22903830499751096,0.16277690778645465,0.0,134.57360912309267,363.4955080338181,20,43048,880000,0.0003,52733.26171875,47.493804931640625,0.43615153431892395,20940996.0,23377.705078125,870001,40000.0,-18835695.75638736,,,,,,,
-3.809330320358277,-0.467250207025607,-0.6282964526079307,-0.6229482809643063,0.0,926.9685574696524,-584.5535556112279,20,43124,882000,0.0003,50531.8984375,60.699363708496094,-0.009962096810340881,22165728.0,11827.197265625,872001,40000.0,-18835695.75638736,,,,,,,
-7.919568441390991,-0.5653286696391079,0.3318522280805033,-0.4444855803781115,0.0,470.8769021281892,-81.81348889384616,20,43202,884000,0.0003,38071.03125,54.14133071899414,-0.011765152215957642,28693770.0,36007.796875,874001,40000.0,-18835695.75638736,,,,,,,
-5.28258522987365,-0.46509242567693815,0.051199244426047154,-0.3483234506186979,0.0,248.19387933701674,-207.05800426298788,20,43277,886000,0.0003,48959.20703125,39.97361373901367,-0.5550597906112671,16023382.0,15171.6123046875,876001,40000.0,-18835695.75638736,,,,,,,
-16.953758781433113,-0.4990559857409546,-0.13294525149573536,-0.24795516261875086,0.0,187.9282867834027,-0.8736221574560883,20,43353,888000,0.0003,48329.9765625,41.93541717529297,-0.015462026000022888,11700076.0,10668.80859375,878001,40000.0,-18835695.75638736,,,,,,,
-0.33281877136230625,-0.3182103715175826,0.21998330709841946,-0.15564973671286456,0.0,157.40071591659478,-43.595744285344175,20,43429,890000,0.0003,55631.0625,41.66832733154297,-0.18058300018310547,17770000.0,16442.744140625,880001,40000.0,-18835695.75638736,,,,,,,
-10.815082715988167,-0.2380146243002542,0.05751910513369049,-0.12364198858278583,0.0,104.80694886116527,-22.72027416373569,20,43504,892000,0.0003,62276.921875,38.10031509399414,-0.3370421528816223,14506874.0,12090.0224609375,882001,40000.0,-18835695.75638736,,,,,,,
0.11270818519592339,0.08651411439241015,0.1872173080302374,-0.12743648225576662,0.0,84.89283544090938,60.85369087135284,20,43580,894000,0.0003,66633.671875,41.75455856323242,-0.09770471602678299,13899936.0,12203.736328125,884001,40000.0,-18835695.75638736,,,,,,,
-9.797760536193834,-0.16862148255487208,-0.2527352396664195,-0.04034256538368555,0.0,106.50652177676656,68.15988737283256,20,43654,896000,0.0003,57672.921875,45.13487243652344,-0.31639352440834045,21722924.0,15600.75390625,886001,40000.0,-18835695.75638736,,,,,,,
-2.8693248176574713,0.0302856045297367,0.31360770315965786,-0.03775658829901006,0.0,55.031274406482474,31.889637958514438,20,43729,898000,0.0003,58045.78515625,43.92070388793945,0.12410436570644379,13990740.0,13291.3603515625,888001,40000.0,-18835695.75638736,,,,,,,
-3.0858014144897434,0.15792798247071568,-0.23635351309395644,-0.07280166262091282,0.0,85.88823289022694,160.47453615728116,,,900000,0.0003,64225.26171875,40.93171691894531,-0.3497092127799988,12273764.0,10195.494140625,890000,,,0.21698437500000015,0.0,40000.0,-39886.70406069112,267.0834124881156,0.0,0.0
,,,,,,,20,44957,900000,0.0003,63262.46484375,40.936370849609375,0.11347585171461105,16161491.0,13611.87890625,890001,40000.0,-18835695.75638736,,,,,,,
-3.2789967975616414,-0.06105747017200885,0.13264295985824248,0.02109037450997922,0.0,81.82374058097119,-144.38159139718164,20,45033,902000,0.0003,66684.6796875,48.55844497680664,-0.3364202082157135,19917788.0,17865.65625,892001,40000.0,-18835695.75638736,,,,,,,
-0.9830461826324458,0.07355768289015366,-0.0010227160846724473,-0.0005770101901562814,0.0,2.4103667274091594,54.02431996859943,20,45110,904000,0.0003,61901.84765625,45.04824447631836,-0.19321094453334808,17123240.0,12942.576171875,894001,40000.0,-18835695.75638736,,,,,,,
-3.2363403663635255,0.15054025465162915,0.1057091525149266,-0.012595607616765056,0.0,29.31948235842223,74.71613478503679,20,45187,906000,0.0003,57165.234375,47.48767852783203,-0.3325931429862976,17450132.0,14875.654296875,896001,40000.0,-18835695.75638736,,,,,,,
15.995624477386489,0.2950297361805877,0.12786054890437382,0.059966413976384116,0.0,62.12209834641563,73.13973915341636,20,45263,908000,0.0003,59225.75390625,52.14374923706055,0.46735820174217224,33153642.0,20903.041015625,898001,40000.0,-18835695.75638736,,,,,,,
3.0495977249145487,0.11837343339522925,-0.3112824209163184,0.10613299838682352,0.0,84.88188847163768,-24.853224362054664,20,45340,910000,0.0003,46997.15234375,60.80492401123047,-0.5561190843582153,20482552.0,16248.609375,900001,40000.0,-18835695.75638736,,,,,,,
6.911804685592652,0.0972146891000174,0.19172191662918175,0.10636987272450821,0.0,82.51244616366336,180.02717578606962,20,45417,912000,0.0003,46718.0703125,62.92610549926758,0.310283362865448,16182766.0,10152.17578125,902001,40000.0,-18835695.75638736,,,,,,,
3.719804698944083,-0.012509259396118659,-0.19607188860153574,-0.04073768209907545,0.0,61.420674379761955,-49.39118879279917,20,45494,914000,0.0003,38996.6953125,55.030174255371094,0.2035868614912033,21701568.0,17105.33984375,904001,40000.0,-18835695.75638736,,,,,,,
1.9580527572631834,-0.10792741468668113,-0.03623975408321505,-0.06736258319182661,0.0,17.23748690762929,74.68552481253306,20,45570,916000,0.0003,45999.74609375,45.84270477294922,0.07571515440940857,25505036.0,27059.84765625,906001,40000.0,-18835695.75638736,,,,,,,
-12.541877819061273,-0.19336308903556818,0.057821872940246266,0.06348563083199386,0.0,136.49748942743219,8.598580270788576,20,45647,918000,0.0003,56381.29296875,44.45490646362305,-0.489973783493042,15916272.0,13278.228515625,908001,40000.0,-18835695.75638736,,,,,,,
-1.648887739181519,0.0680068318590361,0.1869128967583358,-0.016706647834274304,0.06849999999999998,22.158304520588448,144.88152322870246,20,45723,920000,0.0003,54910.25,49.37825393676758,-0.2767103314399719,24876732.0,21466.236328125,910001,40000.0,-18276413.25728687,,,,,,,
-7.668660131454461,-0.5245508887544202,-0.6324165467687991,-0.5673146351247254,0.0,889.0388240295143,-603.8762235456566,20,45800,922000,0.0003,48548.9453125,75.76480102539062,-0.15036818385124207,35549644.0,22346.46875,912001,40000.0,-18276413.25728687,,,,,,,
11.11269118118286,-0.819998943370428,0.06236634061726452,-0.31967202510519743,0.0,362.485925582945,-114.20664381138397,20,45877,924000,0.0003,29795.609375,51.06508255004883,0.4739926755428314,30928432.0,28620.189453125,914001,40000.0,-18276413.25728687,,,,,,,
3.36823273658752,-0.7061012271973559,0.1625171560353595,-0.27633393620884017,0.0,276.9461631368972,-185.95747164397002,20,45954,926000,0.0003,44152.58984375,38.477943420410156,-0.10036200284957886,20233304.0,16671.947265625,916001,40000.0,-18276413.25728687,,,,,,,
-16.438062005996688,-0.5362630169234203,0.1865778375102696,-0.11166414110025553,0.0,186.3038069553845,-88.16731701423734,20,46030,928000,0.0003,51634.7265625,42.859127044677734,0.2519646883010864,16960402.0,14731.8388671875,918001,40000.0,-18276413.25728687,,,,,,,
-12.305973299026496,-0.33118786934687694,-0.11725625630666955,-0.09132054376224603,0.0,98.20826579583704,53.14011360443089,20,46106,930000,0.0003,55309.9453125,45.249935150146484,-0.30208009481430054,20322880.0,12807.41015625,920001,40000.0,-18276413.25728687,,,,,,,
-3.5632011280059954,-0.24200787858234027,0.3436923477800208,-0.044895119331057776,0.0,98.49245892913505,184.20105068161715,20,46182,932000,0.0003,54981.1171875,47.3570556640625,0.09098224341869354,22623228.0,18622.24609375,922001,40000.0,-18276413.25728687,,,,,,,
0.09216768074035804,0.14457286027521118,0.024378739938087375,-0.059433080621183576,0.0,50.80968371583176,-70.48393546897205,20,46258,934000,0.0003,57627.34375,56.14967346191406,-0.25708645582199097,23039848.0,21305.05859375,924001,40000.0,-18276413.25728687,,,,,,,
-7.091712324142438,-0.07845494444450327,0.09543322135979303,-0.06515667191105123,0.0,131.1849427440806,5.527814539231756,20,46335,936000,0.0003,50927.6875,43.51372146606445,0.8588075637817383,18304380.0,13221.322265625,926001,40000.0,-18276413.25728687,,,,,,,
-5.108708063125615,0.29228044730185176,-0.005612111411471115,-0.17226267339863735,0.0,102.26369796822436,-34.22772962651798,20,46411,938000,0.0003,53519.1171875,37.882572174072266,0.15074123442173004,20931904.0,17034.986328125,928001,40000.0,-18276413.25728687,,,,,,,
-6.254247705459593,-0.11634077723993141,-0.22537142695359974,-0.06693177012067275,0.0,117.73111861805019,-0.154479222746822,20,46487,940000,0.0003,63018.265625,44.04737091064453,0.3232436776161194,17358088.0,14630.9091796875,930001,40000.0,-18276413.25728687,,,,,,,
2.9820151538848876,-0.14701032350232823,-0.03598999638442415,-0.04528446353304603,0.0,16.75951200089635,36.64132863346019,20,46563,942000,0.0003,56445.8984375,43.95162582397461,0.011668846011161804,17769244.0,19625.453125,932001,40000.0,-18276413.25728687,,,,,,,
-12.28955018424988,-0.42252145459598656,-0.23609145985942945,-0.07569707111036382,0.0,118.80993411635896,92.83166649419559,20,46640,944000,0.0003,57777.66015625,54.28542709350586,-1.1453471183776855,23207016.0,16225.2353515625,934001,40000.0,-18276413.25728687,,,,,,,
-6.150513895034791,-0.3367867420540007,0.2821072824589227,-0.15224031941821145,0.0,112.48734287047509,-27.59504186070219,20,46715,946000,0.0003,43869.109375,56.144775390625,0.29792147874832153,14008554.0,13247.6875,936001,40000.0,-18276413.25728687,,,,,,,
9.514384441375734,0.15722607506594308,0.23743596283567364,-0.1538230176194946,0.0,143.06952882687904,62.770243639058705,20,46791,948000,0.0003,48125.43359375,48.0333366394043,-0.11791595816612244,24669888.0,15913.0732421875,938001,40000.0,-18276413.25728687,,,,,,,
2.5398802700042777,0.13648519117022173,-0.08933792107370121,-0.22554186645607927,0.0,84.19068575016725,33.71466587303156,20,46867,950000,0.0003,45875.1953125,43.34885025024414,-0.3266552686691284,17147800.0,12722.1962890625,940001,40000.0,-18276413.25728687,,,,,,,
-5.655550363540652,-0.10717463483546791,-0.13439079513217658,-0.18524459802375956,0.0,129.1255960257746,100.40032911068218,20,46942,952000,0.0003,50175.75390625,41.27236557006836,0.247918963432312,18255042.0,16296.224609375,942001,40000.0,-18276413.25728687,,,,,,,
-1.7004707736969005,-0.24679030914034497,-0.2089457108029493,-0.1954849732029419,0.0,146.10686930439905,17.97953207191673,20,47017,954000,0.0003,51462.90234375,55.01041793823242,-0.4348324239253998,16800248.0,11197.1640625,944001,40000.0,-18276413.25728687,,,,,,,
-14.267824855804445,-0.3566235329739102,0.19421023336236223,-0.22685680066647462,0.0,157.92148937113708,56.40476322479356,20,47092,956000,0.0003,46658.60546875,49.87485885620117,-0.0577722042798996,29542130.0,20542.939453125,946001,40000.0,-18276413.25728687,,,,,,,
-4.713554626464847,-0.2348171385232944,-0.14687853624441347,-0.3431824850960104,0.0,181.3024999606407,71.58922569946021,20,47167,958000,0.0003,43140.5390625,40.75960159301758,-0.6468667984008789,13048422.0,15178.373046875,948001,40000.0,-18276413.25728687,,,,,,,
-8.179604433059687,-0.36889669479790854,0.0671255580214686,-0.09344691983877865,0.0,131.26794755571203,-123.5730470257174,20,47242,960000,0.0003,50613.9140625,41.06433868408203,0.035555530339479446,21708080.0,21761.63671875,950001,40000.0,-17804996.21970771,,,,,,,
-0.05310854148864783,0.04605977992868385,-0.1294605775955809,-0.9445335792311803,0.0,1156.586488683493,428.5646401681058,20,47317,962000,0.0003,57010.16015625,41.88924789428711,-0.5745541453361511,19789608.0,14174.208984375,952001,40000.0,-17804996.21970771,,,,,,,
-5.793856163024914,-0.5323359532125359,-0.5425773250339457,-0.5428152884420445,0.0,731.5058668684258,-981.1239068507036,20,47393,964000,0.0003,58187.9375,52.24398422241211,-0.11754776537418365,24909076.0,23783.52734375,954001,40000.0,-17804996.21970771,,,,,,,
8.222351200103772,-0.806381101379411,0.29214369150158,-0.2942077549007127,0.0,359.83355331783036,-371.2622618192531,20,47468,966000,0.0003,55670.2734375,51.741355895996094,0.10160820186138153,20321868.0,14885.869140625,956001,40000.0,-17804996.21970771,,,,,,,
-11.38853456497193,-0.5239958087488644,0.07505108356820377,-0.2303907068998446,0.0,178.58828536435183,92.08579531454286,20,47542,968000,0.0003,51087.140625,41.62761688232422,-0.041534412652254105,20732900.0,19862.46875,958001,40000.0,-17804996.21970771,,,,,,,
-2.1004402503967343,-0.22184383504670221,0.23630061547367753,-0.4231078186553235,0.0,274.6251100722051,33.720815950223454,20,47617,970000,0.0003,50575.27734375,40.67041015625,-0.022513875737786293,20866786.0,13734.4951171875,960001,40000.0,-17804996.21970771,,,,,,,
-10.151065073013317,-0.25932020269930267,-0.05994095696729286,-0.3016353769085089,0.0,214.93988723165768,-56.795451667699126,20,47692,972000,0.0003,55991.6875,34.85575485229492,-0.03753355145454407,12235636.0,11664.8203125,962001,40000.0,-17804996.21970771,,,,,,,
-4.667538280487059,-0.058699047685409546,-0.013235666118925045,-0.316999804376566,0.0,177.9820220916126,152.02692174859445,20,47767,974000,0.0003,65196.125,40.48878479003906,0.049122169613838196,14294950.0,18032.99609375,964001,40000.0,-17804996.21970771,,,,,,,
-9.626196935653702,-0.3367883158749036,-0.0664339056202946,0.007536609578407653,0.0,86.09666855438165,-219.09015086350706,20,47842,976000,0.0003,57205.515625,55.02022933959961,0.45844602584838867,25865436.0,15660.0048828125,966001,40000.0,-17804996.21970771,,,,,,,
1.5694909591674786,-0.21364347821340332,0.22269864946382148,0.010346687481054268,0.0009999999999999996,65.82009639777513,104.22709918144993,20,47917,978000,0.0003,56977.4921875,41.4803466796875,-0.020849861204624176,14786163.0,13552.91015625,968001,40000.0,-17804996.21970771,,,,,,,
-11.985362327575698,-0.18191312320118647,-0.06120998596337189,0.16912110626681712,0.0,164.56793410954484,-22.587455148973305,20,47991,980000,0.0003,55940.09375,42.67387771606445,0.36882877349853516,25903142.0,24846.298828125,970001,40000.0,-17804996.21970771,,,,,,,
-2.6763006572723387,0.10066736461902598,-0.02433831127961726,0.1510095752144535,0.0,217.1124567157516,220.29909068638003,20,48065,982000,0.0003,52950.92578125,57.264007568359375,-0.21908679604530334,22274948.0,16025.126953125,972001,40000.0,-17804996.21970771,,,,,,,
-14.239424701690641,-0.21921166108958937,-0.11622728065713817,0.33853439596456153,0.0,236.79872754486917,276.25382280157214,20,48139,984000,0.0003,39646.6953125,62.96089172363281,0.5649029016494751,30302688.0,16401.154296875,974001,40000.0,-17804996.21970771,,,,,,,
-20.111860025405893,-0.37442108310882394,-0.015291416922893633,0.3281510686393762,0.0,206.94915687075414,-151.98403321314362,20,48214,986000,0.0003,38281.5703125,53.30794906616211,0.4848683476448059,22086728.0,21101.5078125,976001,40000.0,-17804996.21970771,,,,,,,
-1.3693688411712615,-0.20084672171291876,0.10128177344633128,0.15916170973862676,0.0,67.55393600445058,-110.24960417952384,20,48288,988000,0.0003,40388.73046875,47.51225280761719,0.0033034086227416992,16920940.0,12541.712890625,978001,40000.0,-17804996.21970771,,,,,,,
1.9258495407104506,0.015720362628552895,0.07341762693965202,0.11017425346625848,0.0,188.01780620652877,-35.86516276469618,20,48361,990000,0.0003,50900.421875,44.19133377075195,0.21969962120056152,19180880.0,21203.232421875,980001,40000.0,-17804996.21970771,,,,,,,
1.0487054653167713,-0.03883372793648001,0.025011771869868547,0.04343667098085963,0.072,5.398983976898744,63.94843928511959,20,48434,992000,0.0003,49629.88671875,58.84754943847656,0.098783940076828,24366864.0,15543.61328125,982001,40000.0,-17804996.21970771,,,,,,,
-5.825415567398073,-0.11009356560006743,-0.1446638129665199,0.06312217257752523,0.004999999999999996,62.05191478462564,268.88976797162906,20,48505,994000,0.0003,40060.11328125,56.73171615600586,-0.8461027145385742,22128208.0,23377.310546875,984001,40000.0,-17804996.21970771,,,,,,,
-10.849276416778567,-0.3323793905990397,-0.08605442771184178,0.2738796275685761,0.0,148.83695219031839,4.105312131987585,20,48577,996000,0.0003,36734.83984375,61.19804382324219,0.41586580872535706,25302368.0,15754.119140625,986001,40000.0,-17804996.21970771,,,,,,,
-13.435814115524284,-0.21184101875737205,0.1552976113978729,0.2582830098642502,0.0,183.0058646698006,31.46020731101626,20,48648,998000,0.0003,34509.875,46.137550354003906,0.41567549109458923,19592302.0,20700.3203125,988001,40000.0,-17804996.21970771,,,,,,,
-0.08340388107299741,0.138837275047828,0.06972732414189695,0.267264711824381,0.0,322.1644930249267,43.58544070221259,,,1000000,0.0003,39029.22265625,41.787353515625,0.25268566608428955,22999656.0,16357.494140625,990000,,,0.21698437500000015,0.0,40000.0,-39655.32589521592,231.4031498662703,0.0,0.0
,,,,,,,20,49819,1000000,0.0003,42173.171875,41.785152435302734,0.2690708041191101,19731100.0,13411.3486328125,990001,40000.0,-17494832.94190776,,,,,,,
