rollout/acrobot_xk_applied_torque,rollout/acrobot_xk_elbow_norm,rollout/acrobot_xk_elbow_rate_norm,rollout/acrobot_xk_energy_error_norm,rollout/acrobot_xk_homoclinic_capture,rollout/acrobot_xk_lyapunov,rollout/acrobot_xk_lyapunov_rate,time/fps,time/time_elapsed,time/total_timesteps,train/learning_rate,train/actor_loss,train/alpha,train/alpha_loss,train/critic_loss,train/fraction,train/n_updates,rollout/ep_len_mean,rollout/ep_rew_mean,eval/best_strict_capture_mean_max_duration,eval/best_strict_capture_success_rate,eval/mean_ep_length,eval/mean_reward,eval/std_reward,eval/strict_capture_mean_max_duration,eval/strict_capture_success_rate
-0.6951487488094719,-0.0032285599428959364,0.02954946121638021,-0.9799226984556386,0.0,1231.6224730031743,442.92044908326034,2112,0,2000,0.0003,,,,,,,,,,,,,,,
-0.015724475480616264,-0.12994166418517333,0.17139721566979668,-0.9401983068674495,0.0,1289.7037279149447,29.32698687666009,2126,1,4000,0.0003,,,,,,,,,,,,,,,
-0.031666731845587034,0.05673706508306734,-0.4692272684998022,-0.8785570482202193,0.0,1181.0504780755675,-143.19027994434703,2136,2,6000,0.0003,,,,,,,,,,,,,,,
-0.7544393557084824,0.031263798487341114,0.22403886521647057,-0.9046106315876593,0.0,1252.510932968651,839.8712852438547,2144,3,8000,0.0003,,,,,,,,,,,,,,,
0.002026943632809761,-0.17882690585130592,0.2801826163883169,-0.9027538958340722,0.0,1291.7209600226288,-439.62827770233673,1211,8,10000,0.0003,-0.008003875613212585,1.0,-0.0,496.189208984375,97.69634246826172,1,,,,,,,,,
4.868909406661989,0.43411905612993373,-0.015051324651027025,-0.8653735773061507,0.0,988.3154742157715,-74.3862665997289,157,76,12000,0.0003,29.811758041381836,0.5433617234230042,-0.7136505246162415,50.87998580932617,43.53158950805664,2001,,,,,,,,,
4.8833624687194845,0.25803337467680515,-0.07553506669268287,-0.9274810613830141,0.0,1059.6185013536335,102.14779871322375,95,146,14000,0.0003,66.05149841308594,0.3005155920982361,-1.2811113595962524,22.952407836914062,32.147708892822266,4001,,,,,,,,,
3.3523399066925035,0.14663885609498534,-0.07287716828391204,-0.9581069778479813,0.0,1113.2667262742577,172.6500744040269,73,217,16000,0.0003,95.82523345947266,0.17183175683021545,-1.602642297744751,17.876007080078125,15.238986015319824,6001,,,,,,,,,
0.7098924922943104,0.06470924544698642,-0.017991062581751895,-0.9682841640544759,0.0,1133.145433942749,208.851558530759,62,287,18000,0.0003,122.39702606201172,0.10168824344873428,-1.8920741081237793,9.456650733947754,14.346587181091309,8001,,,,,,,,,
3.104494146347045,0.16696563174240958,0.16912678153914643,-0.9469367829046661,0.0,1104.5650369523255,-17.99503665952261,55,358,20000,0.0003,137.5614776611328,0.06316567957401276,-1.3268674612045288,9.897636413574219,13.46213436126709,10001,,,,,,,,,
2.818031923294069,0.15289627126567484,-0.22617171820584975,-0.9424526154099491,0.0,1106.7740626249688,209.8929643087692,51,428,22000,0.0003,149.3324432373047,0.04478612542152405,-0.47463610768318176,5.256056308746338,6.844061374664307,12001,,,,,,,,,
1.348870262145997,0.09256591662592581,0.12879911933816496,-0.9646015776476531,0.0,1130.3215526958618,80.70008307976562,48,499,24000,0.0003,154.92596435546875,0.04182714223861694,0.2697656750679016,6.4745330810546875,11.864377975463867,14001,,,,,,,,,
2.548039764404297,0.11509623990995567,-0.09259592335470941,-0.9670631616515513,0.0,1139.909303770869,150.28395243503914,45,569,26000,0.0003,161.51625061035156,0.045346375554800034,0.17669092118740082,6.739321231842041,10.7813720703125,16001,,,,,,,,,
1.1663534927368164,0.07571595341430294,0.08223523025386299,-0.9761706669628398,0.0,1153.44362555832,139.20362937671086,43,640,28000,0.0003,167.02877807617188,0.04709974676370621,-0.33487820625305176,6.595293998718262,10.057881355285645,18001,,,,,,,,,
2.764160770416258,0.165623258028094,-0.007935903006078073,-0.9690086453322458,0.0,1136.6404549571475,93.59789045829588,42,710,30000,0.0003,171.79051208496094,0.038265831768512726,0.7786042094230652,4.45640754699707,7.5139031410217285,20001,,,,,,,,,
2.859144527435305,0.12192854700126364,-0.026124475262132206,-0.9775165263747437,0.0,1153.3557854631188,145.27141438563208,41,780,32000,0.0003,176.427001953125,0.031227000057697296,-0.28711146116256714,5.218313217163086,7.790466785430908,22001,,,,,,,,,
1.711838006973267,0.12316145780533033,-0.005183931359036282,-0.9777925457558411,0.0,1152.7485934208971,120.24073501369868,39,850,34000,0.0003,180.11766052246094,0.025676723569631577,-0.25745663046836853,4.423429012298584,6.255570888519287,24001,,,,,,,,,
2.4826883125305184,0.11903034848128699,0.006505455009835391,-0.9779054694502264,0.0,1154.3851076785174,100.99149839996379,39,922,36000,0.0003,182.75131225585938,0.02391599677503109,-0.5893970727920532,3.516383171081543,5.917861461639404,26001,,,,,,,,,
2.3745279846191423,0.11983249476780186,0.0033353996832400793,-0.9780349987993238,0.0,1153.4186111765548,85.6472269832557,38,994,38000,0.0003,186.1166534423828,0.0232539102435112,-0.32014042139053345,2.8488640785217285,5.368243217468262,28001,,,,,,,,,
2.284434740066529,0.14900825271531934,0.03337873341298362,-0.9742032204739555,0.0,1147.1159835625588,113.99173445094397,37,1065,40000,0.0003,187.829345703125,0.02513749711215496,0.6627978086471558,2.702709197998047,5.955350875854492,30001,40000.0,-43952.300078,,,,,,,
1.3550286102294917,0.07369506476588543,0.11488338836651327,-0.9464254822799105,0.0,1083.6756857869527,144.17557228096192,36,1137,42000,0.0003,189.08807373046875,0.0188289862126112,-0.9083536267280579,4.6184797286987305,7.936791896820068,32001,40000.0,-43952.300078,,,,,,,
3.717616628646851,0.18062417634420969,-0.060456635960154236,-0.9268345205264146,0.0,1056.727489947829,94.58490802722149,36,1209,44000,0.0003,189.9677734375,0.02020179107785225,0.11414896696805954,4.651650428771973,9.382773399353027,34001,40000.0,-43952.300078,,,,,,,
-0.7753249721527105,-0.007021977256855646,-0.09203210456638643,-0.9483278343173169,0.0,1087.2054978206952,124.8785336338858,35,1281,46000,0.0003,189.20909118652344,0.022682849317789078,0.5535454154014587,3.3434901237487793,6.374667167663574,36001,40000.0,-43952.300078,,,,,,,
1.6348321437835711,0.07658491579033933,0.16155106230805172,-0.9372082889341888,0.0,1075.957592387428,79.0086700091085,35,1354,48000,0.0003,187.8387451171875,0.029680335894227028,-0.6466538310050964,4.391329288482666,7.0360307693481445,38001,40000.0,-43952.300078,,,,,,,
1.702617069244381,0.08449374957622059,-0.15364256037965215,-0.9400629500163218,0.0,1077.1159445032008,217.23319145231378,35,1426,50000,0.0003,185.9796600341797,0.03117152489721775,-0.11695539951324463,5.038175582885742,14.73189926147461,40001,40000.0,-43952.300078,,,,,,,
-1.7936041622161858,-0.08378846724306892,0.05678136214564264,-0.9358438817404612,0.0,1072.3508727155436,119.34657348273795,34,1498,52000,0.0003,186.52120971679688,0.025407535955309868,-0.27526986598968506,4.722930908203125,7.220370292663574,42001,40000.0,-43952.300078,,,,,,,
3.061319620132449,0.1486673799603286,0.028353334390232802,-0.924924396673982,0.0,1056.9050814556215,74.9721431570834,34,1570,54000,0.0003,185.53848266601562,0.03404722362756729,-0.052441567182540894,8.200224876403809,14.20879077911377,44001,40000.0,-43952.300078,,,,,,,
-0.4956177425384515,-0.0261985428029482,-0.133381314151843,-0.9409972483759945,0.0,1074.4923067381521,114.40552585451947,34,1641,56000,0.0003,185.17562866210938,0.026659691706299782,0.35328564047813416,5.188686370849609,9.715417861938477,46001,40000.0,-43952.300078,,,,,,,
-0.7212150840759268,-0.030430909979230966,0.14465239940401317,-0.9419365271110128,0.0,1076.0931779397768,135.66667289812574,33,1713,58000,0.0003,184.8604278564453,0.028690041974186897,-0.674364447593689,4.15969181060791,6.799807548522949,48001,40000.0,-43952.300078,,,,,,,
2.1665910472869885,0.10466027732510538,-0.0712312366049912,-0.9300200421128811,0.0,1066.9093984556173,86.80716242668078,33,1785,60000,0.0003,184.47634887695312,0.030395986512303352,-0.14304561913013458,5.552304267883301,6.602344512939453,50001,40000.0,-43952.300078,,,,,,,
-1.8627479553222657,-0.07286189322760094,-0.030446585290711165,-0.9407384639902561,0.0,1069.5335180575687,176.80558308651172,33,1858,62000,0.0003,182.9910125732422,0.028764944523572922,-0.17185547947883606,4.441237449645996,7.741677761077881,52001,40000.0,-43952.300078,,,,,,,
1.6346784019470202,0.06489001226705544,0.23571620095288331,-0.9329114944783106,0.0,1086.9568120645456,23.400518811850443,33,1930,64000,0.0003,180.8966064453125,0.02504296414554119,0.08680625259876251,4.087548732757568,6.0233845710754395,54001,40000.0,-43952.300078,,,,,,,
7.88433275604247,0.49186772764500325,0.13791618053652682,-0.7409854034233617,0.0,812.1031766503202,-217.28172123317023,32,2002,66000,0.0003,173.2672119140625,0.03709040954709053,-0.15392367541790009,6.461338043212891,11.430092811584473,56001,40000.0,-43952.300078,,,,,,,
16.989065902709974,0.5301457627603181,0.24948115744223381,-0.6642115883560333,0.0,761.7500521407849,625.7177726593421,32,2075,68000,0.0003,164.16566467285156,0.04752874746918678,1.502050518989563,12.611061096191406,29.06197738647461,58001,40000.0,-43952.300078,,,,,,,
-19.603118225097663,-0.4449640165638851,0.5776207718692988,-0.1863697918236997,0.0,1136.9869622803333,-98.30370151813044,32,2147,70000,0.0003,147.03799438476562,0.061401817947626114,-0.046294569969177246,8.242465019226074,19.5535831451416,60001,40000.0,-43952.300078,,,,,,,
-2.9768784809112567,-0.4934149561477415,-0.25811342112346775,-0.5306395065626216,0.0,1054.702001593945,-397.26936995475194,32,2221,72000,0.0003,135.5399169921875,0.06355924159288406,-0.618488073348999,7.145836353302002,9.226104736328125,62001,40000.0,-43952.300078,,,,,,,
-1.801832172393798,0.010909014434828014,-0.5945349398808538,-0.29758345404525816,0.0,668.966085149655,-110.10542408736687,32,2294,74000,0.0003,133.22393798828125,0.050377823412418365,-0.8253656029701233,11.386999130249023,14.934042930603027,64001,40000.0,-43952.300078,,,,,,,
6.177033824920653,0.4402163795675713,0.014626033942965107,-0.7440321009977366,0.0,731.6979557620419,2.7787244421542363,32,2369,76000,0.0003,127.6348876953125,0.06029762327671051,1.1806154251098633,10.174537658691406,15.706103324890137,66001,40000.0,-43952.300078,,,,,,,
9.283983161926267,0.7186629125111004,0.29161370207215487,-0.5277409305164288,0.0,561.5866565330208,-240.05429139110177,31,2444,78000,0.0003,117.55691528320312,0.06928249448537827,-0.49607446789741516,11.794775009155273,19.69114112854004,68001,40000.0,-43952.300078,,,,,,,
7.179804794311507,0.9014992147551502,-0.018480670511552798,-0.4461836412810499,0.0,489.30450385975126,22.337044987839914,31,2520,80000,0.0003,123.50098419189453,0.05747970938682556,1.0830719470977783,19.50933837890625,33.20197677612305,70001,40000.0,-40966.077564,,,,,,,
7.138360967636109,0.47000513334938876,0.4996369621492671,-0.7966442049956872,0.0,988.8692913043104,-438.2013476480647,31,2597,82000,0.0003,134.12156677246094,0.047845304012298584,-0.2080501914024353,10.143397331237793,15.256377220153809,72001,40000.0,-40966.077564,,,,,,,
5.147421232223519,0.8203331463256198,0.05202668198640915,-0.6427184969771184,0.0,715.2440358907247,3.8897901865671893,31,2675,84000,0.0003,139.22230529785156,0.05127084255218506,0.4235941767692566,10.206563949584961,23.404033660888672,74001,40000.0,-40966.077564,,,,,,,
17.060194326400765,0.7121377203038863,0.18654536679482844,-0.6135884189898995,0.0,725.1404937354815,76.70378707478305,31,2755,86000,0.0003,124.7354507446289,0.07913640886545181,0.34140774607658386,10.514200210571289,21.879308700561523,76001,40000.0,-40966.077564,,,,,,,
-10.998678237915039,-0.5364175286002151,0.18725215040961327,-0.036542777400034726,0.0,885.7642985383084,-145.47676205603085,31,2834,88000,0.0003,120.18980407714844,0.08052165061235428,0.31979304552078247,7.918851852416992,12.367226600646973,78001,40000.0,-40966.077564,,,,,,,
-22.135070993423483,-0.5925593757384218,0.07009611949936484,0.21300943774754963,0.0,684.4203449043342,55.71999587098283,30,2914,90000,0.0003,130.36483764648438,0.05684715136885643,-0.6949905157089233,21.339052200317383,36.11001205444336,80001,40000.0,-40966.077564,,,,,,,
-19.97717974090576,-0.4876828799142242,-0.04815837779648587,-0.03397183462030085,0.0,725.7053714620716,-23.11117434541245,30,2994,92000,0.0003,135.40206909179688,0.044649381190538406,0.17857088148593903,13.578975677490234,22.133277893066406,82001,40000.0,-40966.077564,,,,,,,
-14.059853963851925,-0.6282966163934496,0.17573672186628694,-0.13364768213393635,0.0,666.4680564255007,787.0770608091016,30,3074,94000,0.0003,138.51177978515625,0.03747103363275528,-0.571413516998291,6.505877494812012,9.963793754577637,84001,40000.0,-40966.077564,,,,,,,
-9.035524810791014,-0.3369917344597116,0.02033393756443754,-0.5631090191633787,0.0,1246.9459881619293,-122.63349989854008,30,3153,96000,0.0003,137.1865997314453,0.049370598047971725,1.2451032400131226,7.882843017578125,12.328988075256348,86001,40000.0,-40966.077564,,,,,,,
-3.702670154571525,-0.21457341169775676,0.06192235175508416,-0.662304126014448,0.0,1506.4660397326875,278.3312295659863,30,3232,98000,0.0003,111.440185546875,0.08246704190969467,0.028859853744506836,139.9554443359375,9.583051681518555,88001,40000.0,-40966.077564,,,,,,,
-3.5476770153045614,-0.15994928828574267,0.15836670205859316,-0.7110338556561794,0.0,1648.3868637499677,525.9777444846878,,,100000,0.0003,97.06049346923828,0.08569660782814026,0.9749416708946228,11.750860214233398,19.816354751586914,90000,,,0.0,0.0,40000.0,-101512.86911811946,94037.06171386677,0.0,0.0
,,,,,,,22,4484,100000,0.0003,94.67108917236328,0.08570955693721771,0.7764747142791748,8.555161476135254,9.741829872131348,90001,40000.0,-40966.077564,,,,,,,
-4.850395725250233,-0.16490182987855323,-0.11747539965392356,-0.707455683221863,0.0,1732.7001281547184,-135.83766735122703,22,4563,102000,0.0003,96.92058563232422,0.06310601532459259,-0.3857190012931824,6.776493072509766,13.782362937927246,92001,40000.0,-40966.077564,,,,,,,
-2.3306703147888137,-0.21197839617784844,-0.06289962140421616,-0.7444938589834763,0.0,1635.6869874619695,-33.46900380875038,22,4643,104000,0.0003,106.86129760742188,0.051492929458618164,-0.28940045833587646,13.170631408691406,20.204116821289062,94001,40000.0,-40966.077564,,,,,,,
-10.821051574707031,-0.5258936296377568,-0.26701303279910227,-0.5249552822926981,0.0,1048.566665236261,-827.337997532739,22,4722,106000,0.0003,114.00757598876953,0.0455617718398571,-0.06906946748495102,6.6344709396362305,10.434043884277344,96001,40000.0,-40966.077564,,,,,,,
-13.023575525283814,-0.6548794654378891,0.040501047954549625,-0.40473869119256456,0.0,750.0850996954698,153.8176876352319,22,4802,108000,0.0003,121.88483428955078,0.04459407925605774,0.8237993121147156,7.545615196228027,11.365493774414062,98001,40000.0,-40966.077564,,,,,,,
-1.8256763191223153,-0.4194697419706591,0.29236975418904876,-0.5012797607877357,0.0,1097.9310775238396,473.3485014664729,22,4881,110000,0.0003,120.06768798828125,0.05500701442360878,-0.2144675850868225,8.656678199768066,11.706104278564453,100001,40000.0,-40966.077564,,,,,,,
-10.250021226882934,-0.33778111973723113,-0.27744186337722526,-0.269845736205701,0.0,1110.8332284995874,-641.2884984029354,22,4961,112000,0.0003,122.7530746459961,0.05033833160996437,0.28771471977233887,8.411966323852539,17.942590713500977,102001,40000.0,-40966.077564,,,,,,,
-11.651992034912116,-0.5358434770451217,0.007369627356267961,0.019553125773427923,0.0,656.9578267442437,28.88298522032055,22,5041,114000,0.0003,120.099853515625,0.04958736151456833,0.6306334733963013,4.794227600097656,8.143662452697754,104001,40000.0,-40966.077564,,,,,,,
-13.688383649826049,-0.5128821919393105,0.18080165440843568,0.12362754638848905,0.0,714.6633436103092,370.88671403867215,22,5121,116000,0.0003,119.108154296875,0.04477186128497124,0.27017322182655334,7.164058685302734,10.352790832519531,106001,40000.0,-40966.077564,,,,,,,
-19.513860723495476,-0.2984141769334773,-0.09039078557318303,0.2816201515784473,0.0,1085.567040551336,231.067420236254,22,5201,118000,0.0003,119.54814147949219,0.042402904480695724,0.08600715547800064,4.128079414367676,6.102877616882324,108001,40000.0,-40966.077564,,,,,,,
-29.0741431789398,-0.37753264203378795,0.010757285824811703,0.6114866710216057,0.0,1275.633181925166,337.7350374659363,22,5281,120000,0.0003,117.88233184814453,0.047264546155929565,-0.11390510201454163,5.073890209197998,8.240303039550781,110001,40000.0,-35962.65872666667,,,,,,,
10.674269317626967,0.4439231336731869,0.5789440769141598,-0.8099723638766524,0.0,1017.1309357581141,-453.09202800821225,22,5361,122000,0.0003,119.43629455566406,0.03848956525325775,-0.23224282264709473,6.357032775878906,12.247783660888672,112001,40000.0,-35962.65872666667,,,,,,,
-8.121907546997065,0.9208590845894888,0.004712099133916973,-0.46294740080784674,0.0,550.172408030481,-256.470483121141,22,5441,124000,0.0003,123.16569519042969,0.03602610155940056,0.2171701043844223,2.5615453720092773,5.0693359375,114001,40000.0,-35962.65872666667,,,,,,,
6.254793571472168,0.2995702500622069,0.14613518820322408,-0.39692320124129365,0.0,475.5292443419511,38.21557587432453,22,5522,126000,0.0003,127.07106018066406,0.03224058076739311,-0.950920581817627,5.698418140411377,8.281518936157227,116001,40000.0,-35962.65872666667,,,,,,,
-11.165094007492069,-0.7540160208178676,0.266919873565601,-0.4729776979463454,0.0,799.8796299509678,744.1103811440307,22,5602,128000,0.0003,130.9004364013672,0.029698314145207405,-0.368677020072937,12.806255340576172,14.83536148071289,118001,40000.0,-35962.65872666667,,,,,,,
-1.1091459712982181,-0.24229153529111228,0.3591336299185212,-0.7162478714578431,0.0,1628.5445331693068,682.158544525558,22,5682,130000,0.0003,129.46017456054688,0.03266876935958862,0.9128017425537109,6.845964431762695,17.454139709472656,120001,40000.0,-35962.65872666667,,,,,,,
-1.68137641716003,-0.02467667681335255,0.17639104558454044,-0.732920870451563,0.0,1877.5425646506571,569.0407157832666,22,5763,132000,0.0003,131.10797119140625,0.03987119346857071,0.6685753464698792,8.00657844543457,20.32274055480957,122001,40000.0,-35962.65872666667,,,,,,,
7.567225959777834,0.3607535875601501,0.05591861067561328,-0.720813844294349,0.0,2330.6337427704207,31.98999265043381,22,5844,134000,0.0003,129.79928588867188,0.03295692056417465,0.0012825317680835724,4.740569114685059,10.069311141967773,124001,40000.0,-35962.65872666667,,,,,,,
8.900060884475714,0.3869935972439876,-0.021178723154844457,-0.7201735993728663,0.0,2373.086380026201,47.35214406245116,22,5925,136000,0.0003,124.76726531982422,0.039839282631874084,-0.11418548971414566,5.709277629852295,7.240971088409424,126001,40000.0,-35962.65872666667,,,,,,,
6.620654836654663,0.4899757689266676,0.2724709920096588,-0.727216987199495,0.0,2558.875260586029,382.99590993172,22,6006,138000,0.0003,127.92570495605469,0.03428005427122116,0.34849193692207336,5.924508094787598,7.2995405197143555,128001,40000.0,-35962.65872666667,,,,,,,
10.27030817222595,0.7094584817046682,-0.17040752998839132,-0.6019632974323487,0.0,2742.308307690482,-61.934257330818326,23,6086,140000,0.0003,129.51589965820312,0.032594650983810425,0.6550753712654114,4.108891487121582,8.830322265625,130001,40000.0,-35962.65872666667,,,,,,,
10.387495220184324,0.7182530581023786,0.3618357470998154,-0.6233969802176162,0.0,2770.780032345151,456.12928024433586,23,6167,142000,0.0003,127.96662902832031,0.04214875400066376,-0.32066410779953003,8.049832344055176,8.297861099243164,132001,40000.0,-35962.65872666667,,,,,,,
-15.226738683700551,-0.5666052472383993,0.16974613049434104,-0.554096190791832,0.0,4070.132631795279,668.8159851089606,23,6248,144000,0.0003,132.65823364257812,0.0368584506213665,0.09979689866304398,7.408190727233887,10.86948299407959,134001,40000.0,-35962.65872666667,,,,,,,
10.904309999465937,0.3896799201282124,-0.7260907802261058,-0.16518118092649328,0.0,2577.4713218102056,-1985.7380219356173,23,6329,146000,0.0003,134.92160034179688,0.037617895752191544,0.6607029438018799,13.61121654510498,20.13220977783203,136001,40000.0,-35962.65872666667,,,,,,,
-0.3807460708618164,0.048042242897097624,-0.19074190699617175,-0.4763833287529687,0.0,1566.9646847359804,-190.82487446264219,23,6410,148000,0.0003,124.92648315429688,0.043184682726860046,-0.2375715672969818,8.059191703796387,15.648256301879883,138001,40000.0,-35962.65872666667,,,,,,,
2.2625194625854492,-0.31012892474406906,-0.05164131122422077,-0.43353556713620917,0.0,1144.6173573701017,-100.15686135825815,23,6491,150000,0.0003,129.7657012939453,0.039668526500463486,0.07315783947706223,8.828012466430664,9.685188293457031,140001,40000.0,-35962.65872666667,,,,,,,
-7.756819946289063,-0.19530356930274578,-0.1267569667366136,-0.3960192758050277,0.0,1218.804976449834,-240.1576500413628,23,6572,152000,0.0003,132.4646453857422,0.03301965817809105,0.6657450199127197,5.182966232299805,9.439959526062012,142001,40000.0,-35962.65872666667,,,,,,,
4.450282789230348,-0.6224664459142586,-0.2656514320757458,-0.24966347069203776,0.0,685.4626129320013,-340.21858411745274,23,6654,154000,0.0003,131.2408447265625,0.03553595021367073,-0.36295366287231445,5.678056716918945,8.84349536895752,144001,40000.0,-35962.65872666667,,,,,,,
-4.015743598937989,-0.5716460015862019,0.3262173383886704,-0.3304014899299959,0.0,807.8803684084128,647.267629898222,23,6735,156000,0.0003,129.59536743164062,0.03325127437710762,0.6480014324188232,5.666805744171143,8.79343318939209,146001,40000.0,-35962.65872666667,,,,,,,
-3.460554708480833,-0.2974982215422083,-0.14600865637208918,-0.566418708179226,0.0,1347.038389191358,-61.72883830708503,23,6816,158000,0.0003,120.84213256835938,0.045150917023420334,-0.23704445362091064,10.500484466552734,15.885951042175293,148001,40000.0,-35962.65872666667,,,,,,,
-9.005831445693948,-0.45994959793559115,0.08654201514771859,-0.629610908979515,0.0,1200.3259197055224,283.1804935255819,23,6897,160000,0.0003,126.42221069335938,0.03156106546521187,-0.06455039978027344,8.384637832641602,13.72060775756836,150001,40000.0,-35265.37359925,,,,,,,
3.891607891082762,0.21480267232935316,0.21644521951645987,-0.959872916613177,0.0,1149.5497534224182,-65.00619689369503,23,6979,162000,0.0003,126.748291015625,0.028566984459757805,0.09171994030475616,6.834634780883789,9.44442081451416,152001,40000.0,-35265.37359925,,,,,,,
6.135341308593752,0.3437833996110586,0.032654080254483714,-0.9263804093010046,0.0,1068.165331717085,-7.256000835088285,23,7061,164000,0.0003,132.2086639404297,0.02947118505835533,0.5457119345664978,5.159765243530273,7.859234809875488,154001,40000.0,-35265.37359925,,,,,,,
8.929037483215328,0.6518735846304177,0.3930128820078798,-0.7149262586456506,0.0,840.3648137992259,-438.3582900599659,23,7143,166000,0.0003,132.0267791748047,0.031794264912605286,0.3160063624382019,5.692632675170898,11.037863731384277,156001,40000.0,-35265.37359925,,,,,,,
-0.19290888786315344,0.6656492557602752,0.07586113659053531,-0.5174204361349619,0.0,620.3310187452684,128.62544131648212,23,7225,168000,0.0003,134.83743286132812,0.034733135253190994,-0.18638643622398376,8.543554306030273,15.114617347717285,158001,40000.0,-35265.37359925,,,,,,,
-8.81702067947388,-0.6852643625012665,0.28450571827916254,-0.6829593328166925,0.0,1173.9839821262906,707.6569968981198,23,7308,170000,0.0003,134.07232666015625,0.026697231456637383,0.03675421327352524,7.2295942306518555,14.767302513122559,160001,40000.0,-35265.37359925,,,,,,,
-5.87689628791809,-0.30039372345912496,0.3732526820881206,-0.896947015723271,0.0,1960.0259820245844,1014.080436407881,23,7390,172000,0.0003,140.0037841796875,0.031112318858504295,-0.03459828346967697,6.904644012451172,9.56921672821045,162001,40000.0,-35265.37359925,,,,,,,
1.5450357780456543,0.10744034858087921,-0.037940639369029,-0.9792133745842263,0.0,2549.8976995151565,111.05137212231897,23,7472,174000,0.0003,134.19091796875,0.04920494183897972,0.8250179290771484,8.32889461517334,12.498453140258789,164001,40000.0,-35265.37359925,,,,,,,
-7.3880215320587155,-0.43271986021349024,-0.4924981311890174,-0.8350237589617435,0.0,1709.1012603642275,-1353.1511117915638,23,7554,176000,0.0003,118.05453491210938,0.06238444522023201,-0.25136610865592957,12.600326538085938,16.987781524658203,166001,40000.0,-35265.37359925,,,,,,,
1.475344858169556,-0.9160835763744493,-0.08259719766892044,-0.545633368435267,0.0,739.1290353608275,-321.5438576078679,23,7636,178000,0.0003,125.23363494873047,0.04018297791481018,-0.2853182554244995,11.813529968261719,11.694931030273438,168001,40000.0,-35265.37359925,,,,,,,
-4.070497316360466,-0.5688901043164721,0.36415196921106585,-0.3839205992707013,0.0,863.9339469713091,467.25109470985615,23,7717,180000,0.0003,131.9489288330078,0.03503173962235451,-0.13697659969329834,9.785591125488281,12.599787712097168,170001,40000.0,-35265.37359925,,,,,,,
-7.565297107696523,-0.20582256722738929,0.18239424390569645,-0.5977125618922935,0.0,1419.5824301751388,515.9730374293036,23,7799,182000,0.0003,136.1166534423828,0.03982270136475563,0.6922058463096619,5.959343433380127,10.812516212463379,172001,40000.0,-35265.37359925,,,,,,,
-3.204359155654908,-0.09920349524203531,-0.06878063993823805,-0.6357197359642357,0.0,1583.7859774195058,24.29126335981562,23,7881,184000,0.0003,130.2794189453125,0.04059828072786331,0.7236919403076172,9.02787971496582,13.013585090637207,174001,40000.0,-35265.37359925,,,,,,,
-1.7777034168243413,-0.2370829339506199,-0.06697379438906323,-0.6234470276546095,0.0,1420.354091543896,-108.1554924820458,23,7963,186000,0.0003,133.79542541503906,0.040065452456474304,-0.5619968175888062,8.875986099243164,8.96182918548584,176001,40000.0,-35265.37359925,,,,,,,
-7.276062608718847,-0.5124870063445892,-0.16835851341106306,-0.3112151446919354,0.0,836.3273373131245,-562.3348185077972,23,8044,188000,0.0003,129.29470825195312,0.053488876670598984,0.633933961391449,13.86492919921875,21.57831573486328,178001,40000.0,-35265.37359925,,,,,,,
-16.591344350814826,-0.5094038513824789,-0.05127133228953083,-0.03724923167085989,0.0,838.1212140897272,-56.832147961298354,23,8125,190000,0.0003,126.39803314208984,0.04333123937249184,0.04338296502828598,25.389991760253906,24.773176193237305,180001,40000.0,-35265.37359925,,,,,,,
-2.014676351547238,-0.5819360107648015,-0.0742342362088191,-0.10541136150357622,0.0,655.199980840435,-112.71754523507938,23,8207,192000,0.0003,119.24836730957031,0.055355194956064224,0.09240070730447769,16.94235610961914,18.376026153564453,182001,40000.0,-35265.37359925,,,,,,,
-20.744788211822502,-0.6542349590711709,0.039113925234017445,-0.16869549497383196,0.0,594.6810298491843,34.298405572765994,23,8287,194000,0.0003,122.18340301513672,0.045725878328084946,-0.6450543999671936,14.055068969726562,15.16610336303711,184001,40000.0,-35265.37359925,,,,,,,
-0.5394808712005631,-0.6184069789142765,0.11562830177283014,-0.12077337657643739,0.0,607.3004293992213,172.35546721589293,23,8366,196000,0.0003,126.6612777709961,0.040256716310977936,0.2348090261220932,9.034820556640625,15.030243873596191,186001,40000.0,-35265.37359925,,,,,,,
-12.71580385780333,-0.31373397353331184,0.057075501698499426,-0.3414681626079725,0.0,1054.235043836462,348.174414131898,23,8444,198000,0.0003,118.84468078613281,0.04885270819067955,0.7081876993179321,15.484040260314941,22.12885093688965,188001,40000.0,-35265.37359925,,,,,,,
0.7378753662109444,-0.48309457585048676,-0.023382040118342974,-0.3951149072583798,0.0,897.8378661515571,-77.35246739237576,,,200000,0.0003,126.39672088623047,0.03716369345784187,0.27293968200683594,8.326644897460938,11.2311429977417,190000,,,0.0,0.0,40000.0,-2671096368.933878,3268956458.1515203,0.0,0.0
,,,,,,,20,9698,200000,0.0003,122.72370910644531,0.03716449812054634,-0.12542586028575897,8.058865547180176,10.915417671203613,190001,40000.0,-34442.8734536,,,,,,,
-2.0247411212921156,-0.09099838669758485,-0.18664495176608903,-0.9593214934377604,0.0,1128.9793275461248,55.071286418443904,20,9780,202000,0.0003,128.87437438964844,0.03788692504167557,-0.37865927815437317,8.061777114868164,10.276638984680176,192001,40000.0,-34442.8734536,,,,,,,
-9.07949339294435,-0.45209897737700705,-0.2775714277527187,-0.8174928384729436,0.0,916.4676167321107,-373.5558900836161,20,9862,204000,0.0003,125.38870239257812,0.04689892381429672,0.0621078759431839,16.774675369262695,20.330835342407227,194001,40000.0,-34442.8734536,,,,,,,
-3.199502210617069,-0.6427046905766743,0.1281537366572634,-0.6438871378021114,0.0,650.0173859176984,23.050731718189013,20,9943,206000,0.0003,111.94635772705078,0.06281385570764542,0.24594412744045258,12.097478866577148,18.144269943237305,196001,40000.0,-34442.8734536,,,,,,,
-4.450967603683468,-0.14204065277810501,0.2992985550651194,-0.8386946689983793,0.0,939.3603548917393,346.59935337980613,20,10024,208000,0.0003,115.73823547363281,0.04759809002280235,0.6147869825363159,12.634414672851562,14.040607452392578,198001,40000.0,-34442.8734536,,,,,,,
-5.335263637542722,-0.2034857831747339,-0.18707672989008792,-0.8295996804247022,0.0,880.1377430319319,-87.37540823760537,20,10105,210000,0.0003,122.38079833984375,0.04612463340163231,0.7851386070251465,14.503217697143555,14.33312702178955,200001,40000.0,-34442.8734536,,,,,,,
-2.2934275531768806,-0.2577685877263353,0.11335676041008315,-0.7970209676359417,0.0,798.2167050855504,96.59095105685586,20,10187,212000,0.0003,122.8714599609375,0.037822917103767395,0.6973398327827454,9.240814208984375,13.564271926879883,202001,40000.0,-34442.8734536,,,,,,,
-1.6165591907501224,-0.0030805974782010023,0.13347575644241136,-0.8294264715939723,0.0,851.5994236730761,172.168887907257,20,10268,214000,0.0003,123.65090942382812,0.04380645975470543,0.14016777276992798,9.847367286682129,12.033279418945312,204001,40000.0,-34442.8734536,,,,,,,
6.819581300735474,0.2227491162530547,0.30521504980773717,-0.7815965705114895,0.0,804.3896070936478,-91.74497706345018,20,10350,216000,0.0003,128.381591796875,0.041943710297346115,-0.7718766331672668,10.64068603515625,14.248080253601074,206001,40000.0,-34442.8734536,,,,,,,
9.456805021286007,0.10657145516611664,0.5080732106913037,-0.3882596458552267,0.0,547.6286915538028,41.11904240928323,20,10430,218000,0.0003,121.67168426513672,0.049334026873111725,-0.9119454622268677,12.859334945678711,14.883813858032227,208001,40000.0,-34442.8734536,,,,,,,
-6.27416809654236,-0.4267829400090674,0.33067176221894157,-0.1433906433609913,0.0,862.3360505375682,231.16405490967566,20,10510,220000,0.0003,125.3253402709961,0.03969353064894676,-0.46773359179496765,12.368734359741211,13.940263748168945,210001,40000.0,-34442.8734536,,,,,,,
-10.101323253631596,-0.4348933386537182,-0.1594626439052585,-0.018825937451881335,0.0,772.1009545805194,-227.43061646190344,20,10590,222000,0.0003,125.73858642578125,0.050587981939315796,1.0791248083114624,9.05604362487793,10.226104736328125,212001,40000.0,-34442.8734536,,,,,,,
-15.920376047134413,-0.40189679478396206,0.08404975956341765,-0.021859750067999013,0.0,798.4572233839834,133.37826450139312,20,10670,224000,0.0003,119.14805603027344,0.05593243986368179,-0.21769779920578003,12.632842063903809,16.41387176513672,214001,40000.0,-34442.8734536,,,,,,,
-2.0595177783966063,-0.39195116018480164,0.07993534174872897,0.04095869286191709,0.0,796.8887451384678,167.53322204389798,21,10749,226000,0.0003,121.31700134277344,0.045177288353443146,0.4698822498321533,8.4325590133667,12.508394241333008,216001,40000.0,-34442.8734536,,,,,,,
-13.715543540954593,-0.2602197805982204,-0.04017518373600759,0.10297252638876098,0.0,950.1038313579007,68.46443668429654,21,10829,228000,0.0003,125.7451400756836,0.03501299396157265,-0.4026368260383606,6.63625431060791,6.5563483238220215,218001,40000.0,-34442.8734536,,,,,,,
-2.767291368484497,-0.224041596764869,0.1514103914618497,0.23215515407254766,0.0,1040.6174327245346,318.55002289297107,21,10909,230000,0.0003,129.2044219970703,0.03691224381327629,0.14562374353408813,13.427655220031738,14.03759479522705,220001,40000.0,-34442.8734536,,,,,,,
-11.425682834625254,-0.2083072188568345,-0.11461712172410543,0.3332583757886317,0.0,1150.6320152815283,166.22507044457254,21,10989,232000,0.0003,134.1607666015625,0.039428744465112686,-0.6086331009864807,12.328194618225098,10.55282211303711,222001,40000.0,-34442.8734536,,,,,,,
-10.320621856689456,-0.17966451121595461,0.07917613940785012,0.4304430436984269,0.0,1235.7551542005472,234.70193245634636,21,11069,234000,0.0003,128.32537841796875,0.041915930807590485,-0.2036239504814148,10.160530090332031,17.31763458251953,224001,40000.0,-34442.8734536,,,,,,,
-8.336170787811279,-0.21819981365522229,-0.0003278468685785215,0.4876866165651578,0.0,1249.1465057464393,71.91967101535029,21,11149,236000,0.0003,119.7478256225586,0.04041771590709686,0.23001250624656677,7.7692461013793945,9.739997863769531,226001,40000.0,-34442.8734536,,,,,,,
-12.303055984497034,-0.18909471596260646,0.05434144717782931,0.5194130244954274,0.0,1338.6157255799455,341.51053092188965,21,11229,238000,0.0003,118.76185607910156,0.03707224130630493,0.4793601930141449,6.374362945556641,8.722249031066895,228001,40000.0,-34442.8734536,,,,,,,
-2.562229360580447,-0.04350610595343663,-0.020166623227932855,0.5360420617873909,0.0,1529.3764766586307,205.57454211884107,21,11309,240000,0.0003,124.41019439697266,0.036705974489450455,-0.5628612041473389,10.16678524017334,14.443965911865234,230001,40000.0,-32384.014669,,,,,,,
0.9223868560791012,0.06228731517235686,0.20619371059353037,-0.9467260913478854,0.0,1155.1066053006186,45.064430872508346,21,11389,242000,0.0003,115.49129486083984,0.05252226069569588,0.14279954135417938,11.568716049194336,10.328200340270996,232001,40000.0,-32384.014669,,,,,,,
12.319142532348625,0.40946659536987073,0.2611702928825328,-0.8253936753128525,0.0,946.4023902115779,-161.94974409694439,21,11469,244000,0.0003,113.20549774169922,0.04890512675046921,-0.04958667233586311,87.08537292480469,17.174346923828125,234001,40000.0,-32384.014669,,,,,,,
-7.622408550262456,0.9038130833972101,0.12358081226275608,-0.3173578304634873,0.0,455.3376787022934,-498.00277011237193,21,11549,246000,0.0003,121.39542388916016,0.02882217802107334,-0.4886471927165985,12.086881637573242,11.321218490600586,236001,40000.0,-32384.014669,,,,,,,
-3.1276922340392965,-0.10448521896549612,0.3816233243646055,-0.2059666878088427,0.0,530.8525509330848,447.8441269969257,21,11630,248000,0.0003,132.64707946777344,0.026820309460163116,-0.05543050915002823,9.860522270202637,12.100302696228027,238001,40000.0,-32384.014669,,,,,,,
-10.581276615142786,-0.6576685864086971,-0.05914668922391327,-0.24030295958083142,0.0,623.401788197492,-168.71774026430148,21,11710,250000,0.0003,122.07878875732422,0.041464295238256454,-0.09467409551143646,9.91845703125,19.947425842285156,240001,40000.0,-32384.014669,,,,,,,
7.92210778236389,-0.572684442815106,0.10911531296147411,-0.1680839309002192,0.0,656.5800906122868,101.94009186900388,21,11791,252000,0.0003,119.8244400024414,0.044062357395887375,-0.000890316441655159,11.784599304199219,11.25890064239502,242001,40000.0,-32384.014669,,,,,,,
-9.387110839843753,-0.4190782603574051,0.03689740208085175,-0.10739003922823256,0.0,787.0726569704525,61.28210052045418,21,11872,254000,0.0003,122.423583984375,0.04213118180632591,-0.2878302037715912,11.240060806274414,10.894654273986816,244001,40000.0,-32384.014669,,,,,,,
-8.726460884094237,-0.470157655840318,0.031235128390241885,0.07030825771187116,0.0,725.6566575923948,108.54888308060676,21,11952,256000,0.0003,125.53765869140625,0.03833070769906044,0.36041131615638733,8.74595832824707,10.322745323181152,246001,40000.0,-32384.014669,,,,,,,
-19.019262432098397,-0.34629613197131576,0.03311552755092992,0.1002231942184722,0.0,856.2156972717506,52.6188529174445,21,12033,258000,0.0003,126.46598815917969,0.03599411994218826,-0.11315196752548218,7.508434295654297,9.083662033081055,248001,40000.0,-32384.014669,,,,,,,
-5.0488423900604245,-0.35833403783614715,0.03588802942014404,0.1560334695277369,0.0,856.8912787678264,85.23127598460204,21,12117,260000,0.0003,125.97880554199219,0.033384907990694046,-0.3259999752044678,6.204358100891113,12.373126983642578,250001,40000.0,-32384.014669,,,,,,,
-16.879063764572123,-0.33683595401454747,-0.032673793179523763,0.19563171673087154,0.0,887.119252363986,25.35638506754059,21,12201,262000,0.0003,122.81982421875,0.03533083200454712,-0.8524324297904968,10.521760940551758,10.215570449829102,252001,40000.0,-32384.014669,,,,,,,
-14.51250508499144,-0.2966455221071021,0.021399513944441725,0.2276303142794835,0.0,947.9904752584878,113.46431865187023,21,12283,264000,0.0003,119.01499938964844,0.03588363528251648,-0.6448608636856079,9.03664779663086,9.013280868530273,254001,40000.0,-32384.014669,,,,,,,
-9.079319486618028,-0.33817128928532875,0.0102952222447218,0.28912482664315947,0.0,940.790015653375,51.579832017327874,21,12365,266000,0.0003,122.7585678100586,0.04026637226343155,0.6469471454620361,8.529210090637207,14.799538612365723,256001,40000.0,-32384.014669,,,,,,,
-18.869233282089233,-0.3170817957927578,-0.020548290411880398,0.2948730814205702,0.0,966.4751870888597,44.13811074095684,21,12445,268000,0.0003,119.18584442138672,0.034428954124450684,0.4245675504207611,8.670223236083984,11.715044975280762,258001,40000.0,-32384.014669,,,,,,,
-18.999940906524643,-0.31737695184313874,0.010971524196979254,0.33460480500991396,0.0,992.9282105829208,87.01081265555673,21,12527,270000,0.0003,114.07733917236328,0.042358677834272385,-0.5412715673446655,11.715877532958984,16.51913833618164,260001,40000.0,-32384.014669,,,,,,,
-7.611469505310062,-0.2765459555741253,0.0633321357939269,0.33340711638310294,0.0,1040.4711257330146,132.02652306428985,21,12609,272000,0.0003,116.4979476928711,0.03291526809334755,0.2671893835067749,5.495068550109863,7.1919145584106445,262001,40000.0,-32384.014669,,,,,,,
-15.803936861038272,-0.27422530976432796,-0.04488742725280889,0.40996581724471637,0.0,1115.636959747832,101.76312536132708,21,12692,274000,0.0003,110.1070785522461,0.03820577636361122,0.43006783723831177,8.433427810668945,11.406289100646973,264001,40000.0,-32384.014669,,,,,,,
-21.75633161544797,-0.3047598733118244,0.01235264674455578,0.42775315918023066,0.0,1095.3711397927682,13.390653235121368,21,12774,276000,0.0003,111.81194305419922,0.040175944566726685,-0.5751774907112122,7.951136589050293,10.085188865661621,266001,40000.0,-32384.014669,,,,,,,
-8.506241540908814,-0.21935946399192843,0.07621622223847346,0.3795105591179724,0.0,1137.1036564598303,158.76106630202494,21,12855,278000,0.0003,110.55361938476562,0.034927159547805786,-0.8564879894256592,10.410831451416016,18.325098037719727,268001,40000.0,-32384.014669,,,,,,,
-11.128343973159811,-0.2472392911681599,-0.03423590350381345,0.45284644482399644,0.0,1189.0404651487563,146.14761456709897,21,12937,280000,0.0003,110.90089416503906,0.04005451872944832,0.6043764352798462,12.102778434753418,19.470529556274414,270001,40000.0,-30103.952476000002,,,,,,,
11.823396717071534,0.42362078407677684,0.6039654247305143,-0.8101379032891269,0.0,1075.7966650603644,-298.6428475962812,21,13019,282000,0.0003,108.28443908691406,0.031763046979904175,-0.5748413801193237,7.023083686828613,11.7919282913208,272001,40000.0,-30103.952476000002,,,,,,,
-12.871953851699836,-0.504354085002056,0.3990970542866531,-0.3430853875442322,0.0,844.0532326082372,-43.144715479088575,21,13102,284000,0.0003,112.530029296875,0.03309820964932442,0.6117229461669922,8.168503761291504,16.6556453704834,274001,40000.0,-30103.952476000002,,,,,,,
-5.480042610168459,-0.6084361612189296,-0.01815105621656371,-0.1841463745132209,0.0,636.8909835843243,-149.1906878080911,21,13184,286000,0.0003,113.07829284667969,0.031187528744339943,0.029104404151439667,5.548415184020996,9.093064308166504,276001,40000.0,-30103.952476000002,,,,,,,
2.933802124023437,-0.4799879112913088,0.12054538288712505,-0.11273245175985645,0.0,738.0377812314024,160.5982249324266,21,13267,288000,0.0003,109.3552017211914,0.03119923546910286,0.15144166350364685,6.551678657531738,10.779233932495117,278001,40000.0,-30103.952476000002,,,,,,,
-17.9217446079254,-0.40896496098808716,-0.05943091166927923,-0.03337688865846283,0.0,782.3673077157594,-71.7977205381754,21,13347,290000,0.0003,114.2593002319336,0.03323070704936981,0.1562727391719818,6.199637413024902,9.56656265258789,280001,40000.0,-30103.952476000002,,,,,,,
-5.208744476318356,-0.42413311396068704,0.06719395055334453,0.028758369417551808,0.0,755.4204441178402,112.02651718440804,21,13428,292000,0.0003,111.69457244873047,0.030866948887705803,-0.1023801863193512,4.873992919921875,7.409463882446289,282001,40000.0,-30103.952476000002,,,,,,,
-14.522011922836306,-0.4268517908004834,-0.04567650629600887,0.0821249808326068,0.0,762.7985329522664,-10.995191126578684,21,13508,294000,0.0003,116.5886001586914,0.030492465943098068,0.36043867468833923,4.998134613037109,10.6704740524292,284001,40000.0,-30103.952476000002,,,,,,,
-10.854725353240967,-0.28274913013550484,0.1202079791106886,0.06261196570694823,0.0,922.8563258451023,256.0062272606759,21,13587,296000,0.0003,112.03535461425781,0.034688256680965424,-0.36745381355285645,7.386237621307373,7.402746200561523,286001,40000.0,-30103.952476000002,,,,,,,
-5.255790748596195,-0.3589332009998169,-0.02627496972162473,0.17302029918215717,0.0,865.9567775299882,39.504680328776026,21,13667,298000,0.0003,112.87228393554688,0.028122102841734886,-0.5290422439575195,7.146181106567383,10.348699569702148,288001,40000.0,-30103.952476000002,,,,,,,
-17.635558668136586,-0.28684596765715925,-0.04559493500451795,0.1863267126710245,0.0,947.5894553460876,7.411109917599389,,,300000,0.0003,115.72671508789062,0.029643625020980835,0.7188061475753784,5.587139129638672,10.356223106384277,290000,,,0.0,0.0,40000.0,-19596.61916884219,10472.045107799422,0.0,0.0
,,,,,,,20,14914,300000,0.0003,115.00791931152344,0.029661087319254875,0.5273846387863159,5.215263366699219,9.450603485107422,290001,40000.0,-30103.952476000002,,,,,,,
-14.557873657226573,-0.34849324704812773,0.049665177083416286,0.26938613259501487,0.0,916.8199826240168,41.954526454289905,20,14996,302000,0.0003,104.20564270019531,0.03782757744193077,-0.6644563674926758,8.610788345336914,16.287385940551758,292001,40000.0,-30103.952476000002,,,,,,,
-8.135445159912157,-0.31375021441796147,0.08726157964108149,0.25836063905092815,0.0,961.2157934788569,276.7442889747813,20,15078,304000,0.0003,110.36206817626953,0.027835600078105927,0.6915257573127747,12.561171531677246,23.590394973754883,294001,40000.0,-30103.952476000002,,,,,,,
-9.126796075820938,-0.14321241263338028,-0.03965570341337854,0.25957439658451215,0.0,1137.369003994797,58.80698086072639,20,15165,306000,0.0003,107.58547973632812,0.034544236958026886,0.7602545619010925,9.106344223022461,12.998165130615234,296001,40000.0,-30103.952476000002,,,,,,,
-10.395988084793089,-0.26887198394883494,-0.021937808396460635,0.33831133275477426,0.0,1047.7963252139655,28.603183785211325,20,15248,308000,0.0003,105.3370361328125,0.03980270400643349,-0.8469484448432922,8.277753829956055,7.932798385620117,298001,40000.0,-30103.952476000002,,,,,,,
-9.211605360031118,-0.2484226069667183,0.034112785734413925,0.30791922159962204,0.0,1046.8176940011638,111.59161132237057,20,15330,310000,0.0003,107.70501708984375,0.031511757522821426,-0.6309801340103149,9.064067840576172,10.027833938598633,300001,40000.0,-30103.952476000002,,,,,,,
-10.277760128021248,-0.16591545033315758,-0.025464238716115414,0.3050625720668054,0.0,1147.5625383202469,137.0562397937106,20,15413,312000,0.0003,107.63678741455078,0.02989427000284195,-0.3021783232688904,6.589404106140137,13.81541633605957,302001,40000.0,-30103.952476000002,,,,,,,
-13.173921510696411,-0.28572782338050456,-0.012180340767859808,0.3922554166774975,0.0,1077.2612735676191,-1.1024446749722754,20,15496,314000,0.0003,107.4808120727539,0.027540843933820724,0.09763170033693314,6.526985168457031,10.493006706237793,304001,40000.0,-30103.952476000002,,,,,,,
-10.465201301574703,-0.2735583568888895,0.017121538965629325,0.3588526940755846,0.0,1060.8764992947085,86.94086005877786,20,15578,316000,0.0003,109.1096420288086,0.027162494137883186,0.652344822883606,4.429766654968262,6.28305196762085,306001,40000.0,-30103.952476000002,,,,,,,
-13.058664413452142,-0.19918217777782748,-0.0026272372198136453,0.3220937569155562,0.0,1119.8185139626112,89.76857266424962,20,15661,318000,0.0003,108.3251953125,0.030476462095975876,-0.3348718285560608,6.07600736618042,13.761218070983887,308001,40000.0,-30103.952476000002,,,,,,,
-6.862816837310796,-0.2026944949376822,0.09645754780413215,0.3535221067031551,0.0,1134.6723387945626,180.63760464701366,20,15743,320000,0.0003,106.39397430419922,0.025116505101323128,0.14919830858707428,12.887674331665039,16.230701446533203,310001,40000.0,-27865.879965250002,,,,,,,
2.2836439552307133,0.12305707292569792,0.17250772114182988,-0.9695921443012604,0.0,1174.8982575092577,19.687923378607117,20,15827,322000,0.0003,103.01783752441406,0.035190701484680176,-0.103221595287323,7.235432147979736,12.465216636657715,312001,40000.0,-27865.879965250002,,,,,,,
2.966122724533081,0.19420351175258016,-0.05143704681655969,-0.9628832011385181,0.0,1129.451707509093,90.93647569963314,20,15910,324000,0.0003,99.98907470703125,0.035363972187042236,-0.016531020402908325,10.3429594039917,14.964271545410156,314001,40000.0,-27865.879965250002,,,,,,,
10.770342840194699,0.44532332091676263,0.4647344765799828,-0.8039147036941447,0.0,976.8196039026681,-435.67494908979353,20,15993,326000,0.0003,95.89380645751953,0.03813359886407852,-1.1245532035827637,14.454753875732422,21.742589950561523,316001,40000.0,-27865.879965250002,,,,,,,
-11.342282554626461,-0.39681408815843516,0.3658441863486357,-0.4373790154481766,0.0,834.8489049338796,226.4012920745739,20,16076,328000,0.0003,105.09716796875,0.032796695828437805,0.469951331615448,9.466197967529297,16.975215911865234,318001,40000.0,-27865.879965250002,,,,,,,
-1.519156242370602,-0.6733626887802794,0.09952547341979465,-0.32045358235864696,0.0,711.9414689010645,69.58737870439367,20,16159,330000,0.0003,102.61160278320312,0.03768506273627281,0.624625027179718,8.59881591796875,12.07364273071289,320001,40000.0,-27865.879965250002,,,,,,,
-20.828111930847193,-0.4714547293729632,-0.030789953679618343,-0.1990503742738797,0.0,789.6857065519689,-255.77345347066017,20,16242,332000,0.0003,103.03079223632812,0.030331457033753395,-0.1351575255393982,8.459136009216309,18.568078994750977,322001,40000.0,-27865.879965250002,,,,,,,
4.99472416496277,-0.4454062836616554,0.2330803716221677,-0.08545493713757346,0.0,790.5498753090703,506.30746387490154,20,16324,334000,0.0003,102.970703125,0.037859607487916946,-0.7387877702713013,9.942234992980957,10.667274475097656,324001,40000.0,-27865.879965250002,,,,,,,
-0.2966352729797327,0.10066162803841047,0.17091612085723945,-0.015736227904723676,0.0,1397.0991598994758,329.93526428396956,20,16407,336000,0.0003,103.83283996582031,0.033766597509384155,0.11635226011276245,11.333192825317383,18.241369247436523,326001,40000.0,-27865.879965250002,,,,,,,
1.1141635913848877,-0.06407439455379448,-0.09759130197424035,-0.05955626225327491,0.0,1154.3980475579153,-32.08498052286587,20,16490,338000,0.0003,106.33572387695312,0.030886735767126083,0.9824174642562866,9.63479232788086,15.114734649658203,328001,40000.0,-27865.879965250002,,,,,,,
-3.0413936424255383,0.2805649284845523,0.4056680260309411,-0.07282297283270504,0.0,1660.3505720234475,894.8824576340611,20,16573,340000,0.0003,101.90766906738281,0.0300556980073452,-0.305244117975235,9.652522087097168,12.476340293884277,330001,40000.0,-27865.879965250002,,,,,,,
21.591894161224364,0.5574352636833285,0.0889416822780926,-0.06678821496987389,0.0,2006.0855651323268,222.12743420841983,20,16656,342000,0.0003,104.8918685913086,0.02783842757344246,-0.3878568410873413,8.503273010253906,10.09310245513916,332001,40000.0,-27865.879965250002,,,,,,,
40.78381774330137,0.7433326769546444,0.12222679074569362,0.28997466376352027,0.0,2424.373182596595,507.51482249825074,20,16739,344000,0.0003,107.37129211425781,0.03080957755446434,-0.10532920062541962,12.998291015625,19.703332901000977,334001,40000.0,-27865.879965250002,,,,,,,
32.89381831550603,0.8926356302244668,0.06938455115610537,0.38199581270118316,0.0,2717.944012336046,147.73501144124134,20,16823,346000,0.0003,119.14403533935547,0.027628663927316666,-0.4512518644332886,8.54751205444336,15.65404224395752,336001,40000.0,-27865.879965250002,,,,,,,
-26.43798998069764,-0.5922388400283758,0.21067505200449535,0.22251563813100944,0.0,3096.7111133706035,402.8193505467401,20,16905,348000,0.0003,115.44420623779297,0.024170322343707085,-0.15622559189796448,6.423100471496582,9.584745407104492,338001,40000.0,-27865.879965250002,,,,,,,
-20.76486928176879,-0.8513919728914487,-0.018017748128612114,0.0233067545103911,0.0,3065.8966662434113,-57.80037103325586,20,16988,350000,0.0003,122.6170883178711,0.02922915853559971,0.8479253649711609,6.9000654220581055,8.336181640625,340001,40000.0,-27865.879965250002,,,,,,,
-1.138004486083985,-0.02104209224191144,1.004339641241198,-0.035642046578616984,0.0,5338.7761830110985,3620.2928460275957,20,17071,352000,0.0003,113.04993438720703,0.04455973207950592,0.2116844207048416,8.372117042541504,14.421208381652832,342001,40000.0,-27865.879965250002,,,,,,,
16.92438276863096,0.7066368992503812,0.011154668203943946,-0.2100468450445904,0.0,6784.957829535649,31.871914449588783,20,17154,354000,0.0003,102.55026245117188,0.043025750666856766,-0.25272881984710693,11.793496131896973,11.015875816345215,344001,40000.0,-27865.879965250002,,,,,,,
-0.46002040672302136,0.4335528384888746,-0.4000020338637993,-0.04374354499894609,0.0,6010.735337608796,-1480.636795704761,20,17244,356000,0.0003,114.33482360839844,0.04386302828788757,0.3292786180973053,7.250552177429199,9.150045394897461,346001,40000.0,-27865.879965250002,,,,,,,
-20.895728876113886,-0.30731588811266014,-0.5413682757555787,0.2985637008621965,0.0,4525.204600374302,-754.3779683406917,20,17327,358000,0.0003,101.75518798828125,0.0379803292453289,0.1592681109905243,14.51608657836914,17.796255111694336,348001,40000.0,-27865.879965250002,,,,,,,
-35.1625696105957,-0.36926378374313235,-0.4457796741050382,0.8428838314095104,0.0,4534.430907771309,-1259.7822276464601,20,17411,360000,0.0003,101.97305297851562,0.05131334066390991,-0.5600637793540955,10.671148300170898,13.081981658935547,350001,40000.0,-28214.837778333334,,,,,,,
9.156068014144898,0.3040278679575542,0.480825981986118,-0.8885540570315432,0.0,1137.1043964313765,-222.249894980411,20,17493,362000,0.0003,107.09750366210938,0.03965534642338753,-0.04661175608634949,12.99173641204834,15.452644348144531,352001,40000.0,-28214.837778333334,,,,,,,
0.15192414855957026,-0.365642433077403,0.6202257358383396,-0.16862416179275544,0.0,838.0239596835866,-39.66325802133188,20,17576,364000,0.0003,97.58953857421875,0.054470907896757126,0.3669545650482178,23.481430053710938,20.08842658996582,354001,40000.0,-28214.837778333334,,,,,,,
-18.620869998931877,-0.4821184075157303,-0.10467450879030704,-0.09614045545605047,0.0,731.8007702914981,-200.5305285757859,20,17659,366000,0.0003,103.4773178100586,0.0449691005051136,0.1497107744216919,19.044357299804688,16.907655715942383,356001,40000.0,-28214.837778333334,,,,,,,
-7.863614645004271,-0.4261504226156521,0.14055475255498126,0.018304936058912348,0.0,761.6306129150134,212.1667644827987,20,17742,368000,0.0003,92.94100952148438,0.04200517758727074,-0.7404978275299072,13.289775848388672,11.86931037902832,358001,40000.0,-28214.837778333334,,,,,,,
-10.627066427230826,-0.25310814885723587,0.22221150095382258,0.01634851489614119,0.0,982.8909156324526,469.3760633314206,20,17824,370000,0.0003,99.36194610595703,0.04543566703796387,-0.33231624960899353,21.877622604370117,27.21942138671875,360001,40000.0,-28214.837778333334,,,,,,,
-4.152416858673098,0.17502307116623764,0.20248770642254937,-0.04616835522963788,0.0,1456.802847627392,487.6450499862811,20,17906,372000,0.0003,96.12208557128906,0.0462627075612545,0.7453720569610596,16.349945068359375,17.961807250976562,362001,40000.0,-28214.837778333334,,,,,,,
-4.788902645111083,0.04450485460841968,-0.4040833089200375,-0.029900845191238434,0.0,1386.2986695079212,-588.3326065974275,20,17994,374000,0.0003,85.50508117675781,0.052763767540454865,-0.399795800447464,15.612981796264648,15.802821159362793,364001,40000.0,-28214.837778333334,,,,,,,
-2.4654912891387952,-0.12003867074843891,0.2930503228848208,0.16266135873693469,0.0,1177.2598096814681,643.7220759975277,20,18077,376000,0.0003,92.85104370117188,0.04315058887004852,-0.08173851668834686,17.498130798339844,16.410377502441406,366001,40000.0,-28214.837778333334,,,,,,,
-12.688380828857419,-0.10939648058385278,-0.2683150352754447,0.30853636494819686,0.0,1311.4999643207902,-100.9029992057456,20,18159,378000,0.0003,93.27314758300781,0.04304710030555725,-0.6740508675575256,19.111509323120117,27.453657150268555,368001,40000.0,-28214.837778333334,,,,,,,
-3.0346358222961434,-0.051222457757662744,0.09897909495989886,0.4363102505620088,0.0,1456.075887392048,638.4110102767778,20,18241,380000,0.0003,98.15959930419922,0.03967324644327164,0.6726593971252441,11.347219467163086,13.086104393005371,370001,40000.0,-28214.837778333334,,,,,,,
-6.098603475570691,-0.055585996742964126,0.2221532522689147,0.578249584043471,0.0,1615.9597992172637,351.18154137989364,20,18324,382000,0.0003,103.20940399169922,0.04050402715802193,0.016333186998963356,10.498096466064453,11.464272499084473,372001,40000.0,-28214.837778333334,,,,,,,
0.508447431564334,0.01217486554074554,-0.06726298585104189,0.5340812151906897,0.0,1630.8969971412546,130.54864270967914,20,18405,384000,0.0003,101.29994201660156,0.04592554643750191,-0.6341023445129395,15.158491134643555,13.832210540771484,374001,40000.0,-28214.837778333334,,,,,,,
-2.958951959609985,0.045022086081963196,-0.15034180447909884,0.5628966845802928,0.0,1712.326493489928,-125.13467781804405,20,18486,386000,0.0003,104.88578033447266,0.044898126274347305,0.06962047517299652,16.441699981689453,18.129215240478516,376001,40000.0,-28214.837778333334,,,,,,,
0.8502223529815681,0.07624384126212659,0.027081889393207433,0.6031703561908753,0.0,1876.2443468072847,296.8166302821344,20,18567,388000,0.0003,100.27611541748047,0.04735928773880005,-0.08614473044872284,17.504932403564453,19.132274627685547,378001,40000.0,-28214.837778333334,,,,,,,
-6.406669717788698,-0.043206080126661314,0.1710115689973765,0.6715082623192048,0.0,1761.751923674755,650.0678628338701,20,18648,390000,0.0003,101.9247817993164,0.04091746732592583,-0.6151800751686096,50.99713897705078,12.310989379882812,380001,40000.0,-28214.837778333334,,,,,,,
-2.2112147846221983,-0.014054050592731699,0.0023656493924185586,0.6882422122091909,0.0,1837.2099714738354,301.22109179463536,20,18728,392000,0.0003,112.17786407470703,0.03392285481095314,0.17195630073547363,10.245119094848633,14.83373737335205,382001,40000.0,-28214.837778333334,,,,,,,
2.7614322814941414,0.08452742895300105,-0.05007331280242003,0.7072080187745379,0.0,2017.0098862897364,-34.445021816695004,20,18809,394000,0.0003,110.90306091308594,0.03920257091522217,0.4716376066207886,12.725273132324219,11.018206596374512,384001,40000.0,-28214.837778333334,,,,,,,
10.481868341445914,0.17542879172536993,0.02124950994774259,0.7240627238588686,0.0,2116.519759448563,115.49844170089773,20,18891,396000,0.0003,113.23345947265625,0.04194321110844612,-0.026774369180202484,14.236349105834961,19.892108917236328,386001,40000.0,-28214.837778333334,,,,,,,
24.581454990386945,0.2836183516471575,0.0754260629362773,0.9067708333833125,0.0,2653.5064904400197,526.8579242075363,20,18972,398000,0.0003,108.37374114990234,0.039262283593416214,-0.014107108116149902,16.044612884521484,15.903081893920898,388001,40000.0,-28214.837778333334,,,,,,,
34.40286236953743,0.31898895541097944,0.005147338232848134,1.1346144990067322,0.0,3283.1350257301206,407.13402410627583,,,400000,0.0003,110.39202117919922,0.03684951364994049,-0.08790707588195801,14.36431884765625,13.00020694732666,390000,,,0.026156250000000016,0.0,40000.0,-14855.41309167191,6131.626289787887,0.026156250000000016,0.0
,,,,,,,19,20240,400000,0.0003,108.86177062988281,0.03685323894023895,0.074515201151371,12.512094497680664,16.71110725402832,390001,40000.0,-27858.1059565,,,,,,,
6.589455080032349,0.37933505552563646,0.37137894373978825,-0.8496710351114484,0.0,1009.6410066728329,-282.94064980649176,19,20324,402000,0.0003,112.26202392578125,0.03808581456542015,0.3723691701889038,13.244142532348633,17.634653091430664,392001,40000.0,-27858.1059565,,,,,,,
11.383145727157602,0.6420530570284009,0.261172399096396,-0.6997687878657247,0.0,784.7303336318433,-216.41221762499646,19,20407,404000,0.0003,108.63800811767578,0.0429304763674736,-0.35390400886535645,17.127582550048828,15.630531311035156,394001,40000.0,-27858.1059565,,,,,,,
7.6120536937713466,-0.4584794532666275,0.6367594149370798,-0.17726748493076844,0.0,804.1464616242532,627.8810851093526,19,20496,406000,0.0003,108.70352172851562,0.04219551756978035,-1.1106754541397095,19.966320037841797,17.353853225708008,396001,40000.0,-27858.1059565,,,,,,,
-3.1812691917419436,-0.2811965936369084,-0.08341344126546875,-0.037840810646128216,0.0,1018.568198404637,-169.66258278622414,19,20586,408000,0.0003,101.14234161376953,0.049308840185403824,-0.11533656716346741,12.431730270385742,12.262848854064941,398001,40000.0,-27858.1059565,,,,,,,
-9.272841308593764,-0.3120716476527986,-0.002092258046593994,-0.04797751935113662,0.0,910.8312493157605,38.133919301994865,19,20669,410000,0.0003,111.95771026611328,0.04085450619459152,0.7002002596855164,14.16321849822998,12.958930015563965,400001,40000.0,-27858.1059565,,,,,,,
-0.9382292308807373,-0.05903912055055703,0.13785860394981114,0.06862184085351707,0.0,1198.7805666710617,382.792751640829,19,20752,412000,0.0003,113.90538024902344,0.04021330177783966,-0.2740323543548584,20.945329666137695,22.075109481811523,402001,40000.0,-27858.1059565,,,,,,,
2.163875745773313,0.026815886551959094,0.12081331250537851,0.056191696968873925,0.0375,1268.8361083506547,439.8582939222979,19,20835,414000,0.0003,109.01006317138672,0.03976611793041229,-0.1396988183259964,21.857757568359375,22.54991912841797,404001,40000.0,-27858.1059565,,,,,,,
-1.497291175842284,0.15295425469627466,0.002007345945181143,0.07539565357120699,0.0,1417.1430781617773,120.0372582759784,19,20918,416000,0.0003,107.21133422851562,0.046561986207962036,-0.06435353308916092,22.039710998535156,25.79961395263672,406001,40000.0,-27858.1059565,,,,,,,
8.090767658233647,0.13548997174000532,0.01468197383514101,0.10213081625261475,0.0,1414.3938009854132,176.8617751105499,19,21001,418000,0.0003,111.35581970214844,0.04357239231467247,0.2792060971260071,17.16293716430664,11.891423225402832,408001,40000.0,-27858.1059565,,,,,,,
0.42915703964233454,0.11991692593270865,-0.03517135365656371,0.07449552295238747,0.0,1367.3456770498192,95.21653226500018,19,21085,420000,0.0003,107.5267333984375,0.05195949226617813,-0.1535765528678894,14.525607109069824,13.068138122558594,410001,40000.0,-27858.1059565,,,,,,,
0.9835388355255136,0.08298404318357676,-0.08646384301750311,0.07138412103035403,0.0,1339.8884363903444,91.02924318254466,19,21168,422000,0.0003,105.17654418945312,0.05371086299419403,0.10778515785932541,24.86227035522461,24.117856979370117,412001,40000.0,-27858.1059565,,,,,,,
0.10309175109863312,-0.12152557582250444,-0.06550814615059743,0.06955280693844787,0.0,1080.366805168723,0.023261570824533465,19,21251,424000,0.0003,104.73895263671875,0.04851191118359566,0.06861045211553574,20.8355712890625,24.86551856994629,414001,40000.0,-27858.1059565,,,,,,,
-2.855426502227785,-0.14956116424187982,0.07220072824304738,0.05904819890947714,0.0,1056.7179267412312,349.9309564511582,19,21334,426000,0.0003,107.65803527832031,0.04062842205166817,0.6782357692718506,13.350746154785156,11.599387168884277,416001,40000.0,-27858.1059565,,,,,,,
-3.9165126514434854,-0.15444257484068,-0.09961710547959761,0.07258004855585135,0.0,1057.98652946555,-108.58066989348468,19,21415,428000,0.0003,110.57319641113281,0.045300502330064774,0.3658317029476166,16.770099639892578,17.646560668945312,418001,40000.0,-27858.1059565,,,,,,,
-1.1023893985748292,-0.20377853726569942,0.020890729224843183,0.0793659138047266,0.0,990.6512824805862,210.12720760261365,20,21498,430000,0.0003,99.83885192871094,0.06092437729239464,-0.6369372606277466,26.85895538330078,24.230287551879883,420001,40000.0,-27858.1059565,,,,,,,
-0.5895962238311753,-0.016819321390959693,0.11722480533457966,-0.009149636383600578,0.0,1241.5735477316887,345.93180212133,20,21580,432000,0.0003,102.54405212402344,0.04956197366118431,-0.07724504172801971,18.272062301635742,14.54289722442627,422001,40000.0,-27858.1059565,,,,,,,
-1.3971337928771983,0.1255908234165891,0.07997124031084327,-0.008703482686009019,0.0035,1387.8625468494479,292.9824996635998,20,21663,434000,0.0003,101.92125701904297,0.04390477389097214,-0.8457108736038208,21.356348037719727,23.566558837890625,424001,40000.0,-27858.1059565,,,,,,,
-2.1860211887359653,0.11297213825466376,-0.03225858983606942,-0.005346184497347536,0.0,1351.7420470361349,89.59637120871663,20,21745,436000,0.0003,106.47248077392578,0.04471303150057793,-0.26901862025260925,28.801700592041016,25.91297149658203,426001,40000.0,-27858.1059565,,,,,,,
-1.3209723548889163,0.13707240243733446,-0.035075380783326324,-0.012244236449834179,0.0,1415.9142218678523,158.60990247211333,20,21829,438000,0.0003,104.53976440429688,0.04414438456296921,0.7575438022613525,13.733287811279297,11.42534065246582,428001,40000.0,-27858.1059565,,,,,,,
-1.7430848312377916,-0.07792564267575776,-0.058141141140877164,-0.013299360533605266,0.01150000000000001,1134.231172761151,0.8326310155592208,20,21911,440000,0.0003,107.484375,0.042009204626083374,-0.24577239155769348,16.303333282470703,16.366867065429688,430001,40000.0,-26223.67701281818,,,,,,,
1.602476764678956,0.08896812425854032,0.153970286396261,-0.9707471963556515,0.0,1151.9536051961245,77.74392113167771,20,21993,442000,0.0003,107.84024047851562,0.044433463364839554,-0.32532018423080444,21.318824768066406,25.419231414794922,432001,40000.0,-26223.67701281818,,,,,,,
6.648131214141844,0.3601514157215077,0.19277478487156172,-0.8876160106557065,0.0,1006.3154873316332,-202.56438430980887,20,22075,444000,0.0003,104.47132110595703,0.04689239338040352,0.3887838125228882,10.659646987915039,14.790802955627441,434001,40000.0,-26223.67701281818,,,,,,,
3.952362852096556,0.28433259606676636,-0.1965435822829874,-0.8802448660027696,0.0,1004.7385878064014,177.65133651186053,20,22158,446000,0.0003,96.62345123291016,0.04007194936275482,0.20589905977249146,17.846118927001953,13.629844665527344,436001,40000.0,-26223.67701281818,,,,,,,
6.666788673400882,0.3016652595797976,0.12367146819570964,-0.8750047228690688,0.0,958.119725746119,-96.38242398088644,20,22240,448000,0.0003,103.75300598144531,0.0410737544298172,0.1203845739364624,16.448362350463867,17.227502822875977,438001,40000.0,-26223.67701281818,,,,,,,
6.387230373382568,0.4043053583425425,-0.039261317411996996,-0.8261119825936207,0.0,888.9287418006874,40.39304767147011,20,22322,450000,0.0003,97.84285736083984,0.043551910668611526,0.9373452663421631,11.619551658630371,15.244950294494629,440001,40000.0,-26223.67701281818,,,,,,,
7.339445075988771,0.3654316679339524,0.07431336056343586,-0.8499824701627465,0.0,917.7689895634497,-64.14794129587513,20,22404,452000,0.0003,100.3868408203125,0.04222535714507103,0.03417733311653137,13.346860885620117,17.942886352539062,442001,40000.0,-26223.67701281818,,,,,,,
8.969078622818033,0.009875102905872549,0.5964901614797481,-0.43491389633030575,0.0,691.7467658726589,-192.58831289773903,20,22486,454000,0.0003,101.77251434326172,0.03907317668199539,0.7267562747001648,11.828836441040039,16.52335548400879,444001,40000.0,-26223.67701281818,,,,,,,
-17.926148828506456,-0.5780402104325704,0.1756942749694237,-0.32254477900035433,0.0,764.5584430178286,370.22835259102806,20,22569,456000,0.0003,104.0601577758789,0.03679560869932175,0.19355757534503937,10.24946403503418,9.108699798583984,446001,40000.0,-26223.67701281818,,,,,,,
-8.4512192440033,-0.3495140304750367,0.010928182492705786,-0.4430575414567928,0.0,1116.4620141953312,-66.00733956525612,20,22651,458000,0.0003,98.59146881103516,0.042367544025182724,0.7895915508270264,10.365257263183594,13.341829299926758,448001,40000.0,-26223.67701281818,,,,,,,
-6.4143572044372545,-0.4583948036484206,0.016656015192335363,-0.13845384790874365,0.0,764.877745687261,-90.85890185275954,20,22733,460000,0.0003,105.28594970703125,0.04202501103281975,0.1023794487118721,13.122082710266113,13.065875053405762,450001,40000.0,-26223.67701281818,,,,,,,
6.514147125244138,-0.3102017776001385,0.17344732040379335,-0.08039647833410711,0.0,894.5171898062571,365.2046741223575,20,22815,462000,0.0003,99.1617431640625,0.03893702104687691,1.095690131187439,17.59951400756836,27.691696166992188,452001,40000.0,-26223.67701281818,,,,,,,
-0.010721134185791343,-0.019158196988377528,0.02561247084846913,-0.016379350173228713,0.0,1207.2964739900115,178.8794747211262,20,22896,464000,0.0003,100.99095153808594,0.04930583015084267,0.10686695575714111,23.881839752197266,17.06894874572754,454001,40000.0,-26223.67701281818,,,,,,,
-2.170814683914186,0.023739676985080213,0.10073167520342464,-0.012716505798671117,0.015000000000000003,1262.5814860960509,417.1128858642725,20,22978,466000,0.0003,92.73193359375,0.04685303568840027,0.25285714864730835,15.712090492248535,14.427172660827637,456001,40000.0,-26223.67701281818,,,,,,,
-1.5864066696166992,0.030241738550434986,0.0016510504611922916,-0.01758445659606942,0.1795000000000001,1253.4722840773243,193.56073323728964,20,23060,468000,0.0003,97.13436126708984,0.0395614393055439,0.4159890413284302,10.124811172485352,12.927096366882324,458001,40000.0,-26223.67701281818,,,,,,,
-2.627854320526123,-0.022562215417768428,-0.13303703657627652,-0.005042441934611549,0.0,1205.592906138005,-35.80083361854402,20,23142,470000,0.0003,103.5846176147461,0.03850671276450157,1.0321353673934937,14.932393074035645,21.631309509277344,460001,40000.0,-26223.67701281818,,,,,,,
2.0636551856994645,-0.15899053234313199,-0.007834136371674195,0.018063264745282335,0.0,1034.7542208724356,91.28160734292699,20,23225,472000,0.0003,99.06716918945312,0.039256565272808075,-0.5338006019592285,11.705377578735352,17.007171630859375,462001,40000.0,-26223.67701281818,,,,,,,
-0.6052057170867913,-0.042405203176065186,0.10892138386855008,0.02316652726876299,0.17099999999999985,1172.4036747846703,396.05413754743665,20,23307,474000,0.0003,104.25618743896484,0.03512362763285637,-0.1696307361125946,10.417116165161133,14.356332778930664,464001,40000.0,-26223.67701281818,,,,,,,
-5.476201078414928,-0.12810428868313026,-0.11264189165449733,0.09128743508342058,0.02549999999999999,1096.5314072414646,-56.49007653953864,20,23389,476000,0.0003,99.45772552490234,0.03881988301873207,0.410940945148468,8.336946487426758,9.433279991149902,466001,40000.0,-26223.67701281818,,,,,,,
-0.33498310470581083,-0.020098527389229716,0.13394408720921208,0.12046850923620217,0.0,1223.3115449321472,477.9561150219735,20,23471,478000,0.0003,100.65080261230469,0.03477461263537407,-1.3360493183135986,10.31080436706543,8.700455665588379,468001,40000.0,-26223.67701281818,,,,,,,
3.6599781913757328,0.045326855702002185,-0.008446510721459735,0.10062047946817457,0.0,1309.1900998808298,116.45179143706326,20,23552,480000,0.0003,99.9095687866211,0.03580738604068756,0.2987379729747772,13.692628860473633,12.057477951049805,470001,40000.0,-25515.433388250003,,,,,,,
0.46355677795410166,0.004149655002404433,0.06739392164899309,-0.9898822994063028,0.0,1187.53381772186,164.70096456028904,20,23634,482000,0.0003,102.25848388671875,0.03530649095773697,-0.36897754669189453,14.561656951904297,27.64892578125,472001,40000.0,-25515.433388250003,,,,,,,
3.1745239181518525,0.16816687427017105,0.13725912228989054,-0.9736110510407832,0.0,1160.0364534304674,20.52781127957635,20,23716,484000,0.0003,99.04730987548828,0.04025273397564888,0.11497277021408081,12.514969825744629,14.26318073272705,474001,40000.0,-25515.433388250003,,,,,,,
8.74088779449462,0.011961056525223472,0.7697880919955085,-0.43705720781122825,0.0,860.9426070396806,-441.28142944092565,20,23798,486000,0.0003,99.39389038085938,0.04769539833068848,0.8620997071266174,27.27126693725586,31.373376846313477,476001,40000.0,-25515.433388250003,,,,,,,
-15.901996833801272,-0.4861511880926538,0.009716951721642149,-0.14166036145101046,0.0,742.4022775686241,-41.294763782161844,20,23879,488000,0.0003,94.2027359008789,0.046349648386240005,-0.4785464406013489,15.738279342651367,15.36396598815918,478001,40000.0,-25515.433388250003,,,,,,,
-3.694154495239251,-0.45332348984252563,0.1993286907142496,0.047365485151723376,0.0,748.4274768681609,321.9352696154402,20,23960,490000,0.0003,101.24594116210938,0.04346306622028351,-0.38484567403793335,17.914451599121094,15.910836219787598,480001,40000.0,-25515.433388250003,,,,,,,
-12.400836046218874,-0.22771638633923305,-0.01376975517238789,0.08734199552356416,0.0,969.9013292611742,52.927845563316986,20,24041,492000,0.0003,104.91007995605469,0.03897876292467117,0.222357839345932,20.036808013916016,18.502166748046875,482001,40000.0,-25515.433388250003,,,,,,,
-1.4207332572937008,-0.23009784167780575,0.07384385952362248,0.16165699974204709,0.0,982.6780216603668,187.04384568387397,20,24122,494000,0.0003,109.33256530761719,0.03942541778087616,-0.7463876008987427,16.576244354248047,25.09831428527832,484001,40000.0,-25515.433388250003,,,,,,,
-12.767108068466197,-0.20991849722910552,-0.04765077040054387,0.18922390435510617,0.0,1014.9186074941788,41.11587455175811,20,24202,496000,0.0003,100.64569854736328,0.04284710809588432,-0.24232254922389984,14.342052459716797,16.307783126831055,486001,40000.0,-25515.433388250003,,,,,,,
-4.408952692031863,-0.24800795232993064,0.04292785104887203,0.2266409003843011,0.0,999.2954708210567,126.89242346672437,20,24284,498000,0.0003,106.06394958496094,0.035326454788446426,0.6344576478004456,12.660932540893555,22.249074935913086,488001,40000.0,-25515.433388250003,,,,,,,
-11.476092599868792,-0.2627943429023997,-0.10287968276567398,0.2865922894118373,0.0,1021.360561953955,-17.020128245967275,,,500000,0.0003,106.66107940673828,0.038897328078746796,0.5731306076049805,10.93624496459961,10.825088500976562,490000,,,0.026156250000000016,0.0,40000.0,-38384.28219557222,1157.2772706642684,0.0,0.0
,,,,,,,19,25539,500000,0.0003,105.10884857177734,0.03890354931354523,1.5440599918365479,15.35682487487793,22.237857818603516,490001,40000.0,-25515.433388250003,,,,,,,
-17.74975790977478,-0.286405054129815,0.027499196872629594,0.2906391228560692,0.0,994.8775820188811,79.21050931738056,19,25621,502000,0.0003,99.4412841796875,0.0417461134493351,-0.34435731172561646,18.137653350830078,13.069663047790527,492001,40000.0,-25515.433388250003,,,,,,,
-5.807960876464848,-0.25080852557125094,0.05320090662164303,0.29109109093578384,0.0,1032.340120459712,120.55755261150239,19,25703,504000,0.0003,97.16818237304688,0.03241390734910965,-0.3096246123313904,7.22051477432251,10.515264511108398,494001,40000.0,-25515.433388250003,,,,,,,
-12.731899450302112,-0.2423707078384246,-0.046975677833119005,0.30939877625273804,0.0,1056.6291924765792,26.62970276221253,19,25958,506000,0.0003,100.41787719726562,0.03924736753106117,0.26158368587493896,13.196432113647461,18.228099822998047,496001,40000.0,-25515.433388250003,,,,,,,
-13.788017616271961,-0.23637697031881505,0.039934617438931785,0.3012072152279927,0.0,1053.7248136291705,121.09081673806863,19,26040,508000,0.0003,102.99585723876953,0.039358802139759064,-0.050723522901535034,13.540111541748047,15.638932228088379,498001,40000.0,-25515.433388250003,,,,,,,
-3.2203547973632785,-0.18201571440853526,0.06685619829257602,0.28916090727920996,0.0,1113.7421471352,223.82743167671697,19,26123,510000,0.0003,98.37909698486328,0.033508457243442535,-0.06147439777851105,13.56260871887207,16.84676742553711,500001,40000.0,-25515.433388250003,,,,,,,
-10.505177452087405,-0.15704549078316288,-0.011996997530849249,0.2992225900127842,0.0,1141.633681258775,95.18004162490028,19,26205,512000,0.0003,99.34431457519531,0.03255663067102432,-0.37957674264907837,36.3671875,15.796942710876465,502001,40000.0,-25515.433388250003,,,,,,,
-5.0243307342529295,-0.15522460399117147,0.014985628191720496,0.29892497821600017,0.0,1143.5395120620553,113.29045315638751,19,26287,514000,0.0003,99.60565948486328,0.03181181848049164,0.43244752287864685,9.582082748413086,15.319844245910645,504001,40000.0,-25515.433388250003,,,,,,,
-4.826796346664428,-0.09671087345780795,0.01871052580158812,0.2947783126269309,0.0,1225.6214946982204,190.23121718690314,19,26370,516000,0.0003,96.71397399902344,0.0329616442322731,-0.07532582432031631,17.13266372680664,19.124881744384766,506001,40000.0,-25515.433388250003,,,,,,,
-7.367178657531742,-0.1154163601506553,-0.033027263378567935,0.30674392170075115,0.0,1195.488500299767,161.28235852741193,19,26452,518000,0.0003,95.72760772705078,0.032965682446956635,0.0036479681730270386,9.547447204589844,13.649157524108887,508001,40000.0,-25515.433388250003,,,,,,,
1.6959489517211919,0.11148802896690456,0.2040538473804026,0.30614924807299215,0.0,1535.8294483387765,438.78963228062486,19,26535,520000,0.0003,92.89146423339844,0.03143161162734032,-0.5476064682006836,10.720111846923828,12.032912254333496,510001,40000.0,-24527.96815469231,,,,,,,
1.380453985214234,0.07510230072618738,0.09606276093354195,-0.98485612988911,0.0,1174.1045204610757,111.27096128524552,19,26618,522000,0.0003,94.90743255615234,0.029330311343073845,-0.2656857371330261,12.478778839111328,25.92213249206543,512001,40000.0,-24527.96815469231,,,,,,,
3.922041608810423,0.19189436564824036,0.05268618828862612,-0.962402544372305,0.0,1143.9704280368333,38.02978511155494,19,26701,524000,0.0003,97.18450927734375,0.03647059202194214,-0.35630741715431213,10.41750717163086,13.218317985534668,514001,40000.0,-24527.96815469231,,,,,,,
9.273407487869255,0.3551844321298306,0.24354578888044554,-0.8995334165315937,0.0,1055.0299973566025,-60.36040861897614,19,26783,526000,0.0003,99.69776153564453,0.03158983588218689,0.4444761574268341,9.975181579589844,13.48656177520752,516001,40000.0,-24527.96815469231,,,,,,,
4.997150228500362,-0.23113626093623268,0.7128222056183914,-0.29072001842847756,0.0,775.5375559622371,-170.53583004525836,19,26866,528000,0.0003,91.4360122680664,0.034301187843084335,0.09135054051876068,11.568578720092773,16.87847328186035,518001,40000.0,-24527.96815469231,,,,,,,
-20.098673957824722,-0.4102653292655597,-0.09184744686503105,-0.09827993274438332,0.0,798.5651921479146,-154.09298292465365,19,26950,530000,0.0003,92.3377685546875,0.031962960958480835,0.5639051198959351,9.157236099243164,10.55343246459961,520001,40000.0,-24527.96815469231,,,,,,,
-0.6800587291717531,-0.3877902973883017,0.17559413469149474,0.07703799411149345,0.0,814.7672891250207,248.94650099856258,19,27035,532000,0.0003,90.4309310913086,0.029406780377030373,-0.700727105140686,7.112264633178711,9.070016860961914,522001,40000.0,-24527.96815469231,,,,,,,
-13.486007854461674,-0.2518843842391765,0.05013760479778545,0.07715830157388368,0.0,939.2297504663867,153.64125197985013,19,27119,534000,0.0003,94.86103820800781,0.029564227908849716,0.6612339019775391,6.8724212646484375,9.862162590026855,524001,40000.0,-24527.96815469231,,,,,,,
1.2846277580261236,-0.19357740464298864,0.017643573360288847,0.07252830487648268,0.0,996.6163028650585,90.58323191709447,19,27203,536000,0.0003,97.78225708007812,0.028700461611151695,0.7481006383895874,7.604832172393799,12.180150032043457,526001,40000.0,-24527.96815469231,,,,,,,
-12.655796333312985,-0.20791484008655814,0.01574452032680715,0.10039799740549743,0.0,991.8575393126175,96.71683297196488,19,27287,538000,0.0003,91.84864807128906,0.029821112751960754,-0.8986800909042358,8.901479721069336,10.299787521362305,528001,40000.0,-24527.96815469231,,,,,,,
1.3526900730133051,-0.17244873877572303,0.01766642953493216,0.07430227737949827,0.0,1030.648943789068,127.95943772310913,19,27371,540000,0.0003,99.85000610351562,0.03173106908798218,0.055094748735427856,9.282817840576172,14.210683822631836,530001,40000.0,-24527.96815469231,,,,,,,
-7.98224872970581,-0.13352282444925917,-0.05771467208391315,0.10893402186517338,0.0,1074.842363287181,60.399381932979516,19,27454,542000,0.0003,93.4576416015625,0.029841303825378418,-0.07854227721691132,9.013532638549805,11.005799293518066,532001,40000.0,-24527.96815469231,,,,,,,
-0.921643791198729,-0.22122504184226044,0.0654638402500586,0.17994591412131747,0.0,1008.8508544993902,185.60344815662927,19,27537,544000,0.0003,92.4560775756836,0.033396389335393906,-0.136922225356102,9.109905242919922,8.840999603271484,534001,40000.0,-24527.96815469231,,,,,,,
-9.925772680282579,-0.15273356215642725,-0.05584756161247824,0.2092704883943852,0.0,1087.1371579898216,65.29599847040801,19,27620,546000,0.0003,88.8091049194336,0.036348775029182434,-0.06762421131134033,11.110138893127441,15.726027488708496,536001,40000.0,-24527.96815469231,,,,,,,
1.0961244144439697,-0.09080099831062798,0.12714133296388688,0.23629046437896245,0.0,1182.9217553983492,384.4286052430985,19,27704,548000,0.0003,85.4410400390625,0.033011581748723984,-0.5722616910934448,12.310312271118164,20.833660125732422,538001,40000.0,-24527.96815469231,,,,,,,
-3.75478950119019,-0.10332390793498784,-0.10221131614063642,0.2718402445023895,0.0,1189.7237971797292,48.76932679816645,19,27787,550000,0.0003,93.01513671875,0.0295706856995821,-0.19462978839874268,5.981612682342529,7.884807586669922,540001,40000.0,-24527.96815469231,,,,,,,
0.9879603118896494,-0.021282997646454742,0.08886244238652395,0.3056659559095199,0.0,1309.905975655243,329.2457146011702,19,27870,552000,0.0003,97.11730194091797,0.032771456986665726,0.21268808841705322,10.016779899597168,8.613153457641602,542001,40000.0,-24527.96815469231,,,,,,,
-1.325042001724246,-0.05220716043631251,-0.023954643201834942,0.3135770824550431,0.0,1269.2519635593403,159.25832030219175,19,27953,554000,0.0003,94.08486938476562,0.028873369097709656,-0.3117503821849823,7.953115463256836,12.25068473815918,544001,40000.0,-24527.96815469231,,,,,,,
-4.615597080230717,-0.07005834125968508,-0.01948155610055489,0.3244001213500148,0.0,1256.8487410075593,163.0961011859564,19,28036,556000,0.0003,92.45201873779297,0.0293178241699934,-0.10357928276062012,10.467705726623535,15.560511589050293,546001,40000.0,-24527.96815469231,,,,,,,
-3.4813923053741456,-0.12216997749046411,-0.04068280038432943,0.34316102365543155,0.0,1216.6593168581633,73.34909663574119,19,28120,558000,0.0003,91.08307647705078,0.03175511956214905,0.11339583992958069,7.555609703063965,11.206562042236328,548001,40000.0,-24527.96815469231,,,,,,,
-8.065203868865966,-0.17973014555796912,-0.03013698429360707,0.37857669616368056,0.0,1179.6597703389782,100.30779814176043,19,28203,560000,0.0003,91.70685577392578,0.030076047405600548,-0.016428522765636444,6.793427467346191,8.742708206176758,550001,40000.0,-23661.70811621429,,,,,,,
6.482493129730219,0.2726988608229077,0.5130954961138346,-0.8096612652602111,0.0,994.5656183648927,-386.89001391580575,19,28285,562000,0.0003,91.04214477539062,0.033133748918771744,0.44025957584381104,5.302183151245117,8.434043884277344,552001,40000.0,-23661.70811621429,,,,,,,
0.24356092262268306,-0.2851447655752117,0.5522581487397789,-0.28227371163420456,0.0,722.5692618984017,260.5756599382593,19,28370,564000,0.0003,91.7929458618164,0.029959993436932564,-0.25443485379219055,7.704419136047363,15.778498649597168,554001,40000.0,-23661.70811621429,,,,,,,
-12.897739328384423,-0.4161508334275799,0.02750157524436357,-0.3336681783621665,0.0,911.7316471357805,51.041730541401165,19,28452,566000,0.0003,88.36615753173828,0.02948441170156002,0.2470037341117859,10.499299049377441,12.90969181060791,556001,40000.0,-23661.70811621429,,,,,,,
1.2660327014923094,-0.2491735286705254,0.14685891601346712,-0.241046773638532,0.0,1015.1745344352795,225.23280713062874,19,28534,568000,0.0003,91.76502990722656,0.027401944622397423,-0.018666967749595642,13.562874794006348,16.574270248413086,558001,40000.0,-23661.70811621429,,,,,,,
-11.02901668930053,-0.3163618253738386,-0.13315369191136503,-0.08600405632222553,0.0,899.2619490858544,-223.55223652388824,19,28617,570000,0.0003,94.95093536376953,0.024924153462052345,-0.17328080534934998,7.025688171386719,9.99248218536377,560001,40000.0,-23661.70811621429,,,,,,,
2.6745949001312255,-0.2928669013618699,0.09943544019618983,0.017335064269009447,0.0,887.0101922316435,189.11808408105014,19,28700,572000,0.0003,88.49842071533203,0.028604775667190552,-0.011573145166039467,5.745023727416992,8.842822074890137,562001,40000.0,-23661.70811621429,,,,,,,
-14.238530702590937,-0.28093007344033094,-0.05623924854213895,0.08231370575971343,0.0,922.3969639502144,111.0349719512331,19,28782,574000,0.0003,94.50199127197266,0.026567058637738228,0.9538867473602295,6.73151969909668,9.747249603271484,564001,40000.0,-23661.70811621429,,,,,,,
-2.5711361389160183,-0.2566051651313566,0.10515312185216368,0.1623967505959772,0.0,962.9635806209106,103.85117036362725,19,28865,576000,0.0003,90.99372100830078,0.0288273673504591,-0.3582518994808197,7.852153778076172,14.687630653381348,566001,40000.0,-23661.70811621429,,,,,,,
-10.082074108123779,-0.1451980564955576,0.04360270551910657,0.15425910310244964,0.0,1083.7063777381586,212.4920300941751,19,28947,578000,0.0003,91.20053100585938,0.026191674172878265,0.12867385149002075,10.33358383178711,18.326141357421875,568001,40000.0,-23661.70811621429,,,,,,,
2.4995381927490308,-0.07667102909049402,0.12408680686458055,0.1398128372680419,0.0,1165.3924227482503,341.54922866374534,19,29030,580000,0.0003,92.723388671875,0.03209579735994339,0.26877230405807495,13.072341918945312,25.840757369995117,570001,40000.0,-23661.70811621429,,,,,,,
2.276494033813481,0.08507920685558655,0.04197458040558556,0.16048160049495783,0.0,1350.9340759521806,279.81249826898284,19,29112,582000,0.0003,87.50953674316406,0.029638338834047318,-0.2073313593864441,7.820623397827148,8.800456047058105,572001,40000.0,-23661.70811621429,,,,,,,
1.2288417587280274,0.02662463592762932,-0.11316058645695808,0.16086525602251517,0.0,1287.317002322107,-11.301096039127753,20,29194,584000,0.0003,89.64730834960938,0.02958192490041256,-0.3214285671710968,10.458311080932617,14.479233741760254,574001,40000.0,-23661.70811621429,,,,,,,
-7.24812336540221,-0.16884172608532264,-0.12088319990321907,0.24122806279754044,0.0,1100.650652672714,-58.415743592437295,20,29276,586000,0.0003,90.30499267578125,0.02824547328054905,-0.18028542399406433,9.434194564819336,9.764730453491211,576001,40000.0,-23661.70811621429,,,,,,,
-5.118598743438719,-0.13569803789101959,0.07030366533358456,0.26765756059617096,0.0,1144.318698155463,224.11275488788112,20,29358,588000,0.0003,94.45169067382812,0.02800128050148487,-0.05441378057003021,7.7778167724609375,10.622135162353516,578001,40000.0,-23661.70811621429,,,,,,,
-3.0632916507721006,-0.1353605158393998,-0.021988375045609666,0.2769084143562366,0.0,1146.053838010785,121.1653713368152,20,29440,590000,0.0003,89.84711456298828,0.03120892122387886,-0.2577258348464966,12.06824016571045,22.14161491394043,580001,40000.0,-23661.70811621429,,,,,,,
-10.474080627441404,-0.15387859683528926,-0.014257376073828336,0.3074274534200506,0.0,1149.624708502878,136.38444918640045,20,29523,592000,0.0003,88.25067138671875,0.0338621623814106,0.3543577194213867,11.072221755981445,15.520606994628906,582001,40000.0,-23661.70811621429,,,,,,,
-2.868634256362916,-0.12491073447700395,0.0042921044813075925,0.319087601947512,0.0,1192.4398117099881,169.47814055180274,20,29606,594000,0.0003,88.95186614990234,0.028204310685396194,-0.8281084895133972,10.04283332824707,12.133292198181152,584001,40000.0,-23661.70811621429,,,,,,,
-9.616489862442027,-0.16791646700142146,-0.0064530340620977825,0.38326026499761634,0.0,1195.7508062010022,122.03236272931744,20,29689,596000,0.0003,98.72696685791016,0.035240910947322845,0.3315011262893677,8.60177993774414,11.390073776245117,586001,40000.0,-23661.70811621429,,,,,,,
-12.71523394584654,-0.18623014622096998,-0.016431305778916303,0.3846889784013311,0.0,1173.1393715369459,62.2293819367843,20,29778,598000,0.0003,94.16476440429688,0.030903758481144905,-0.13735714554786682,12.189762115478516,12.487325668334961,588001,40000.0,-23661.70811621429,,,,,,,
-4.281216665267944,-0.16131705284955444,0.019655591619788415,0.37769046427070585,0.0,1195.6737318383362,153.09125816077307,,,600000,0.0003,92.22367095947266,0.03294060379266739,-0.4369049072265625,12.378639221191406,12.274500846862793,590000,,,0.026156250000000016,0.0,40000.0,-10631.240444705716,4384.032383303394,0.014234375000000011,0.0
,,,,,,,19,31059,600000,0.0003,91.79999542236328,0.032936692237854004,-0.15031766891479492,10.717214584350586,15.721024513244629,590001,40000.0,-22710.86923926667,,,,,,,
6.947152395248409,0.3067097854429141,0.44228364483055843,-0.8586119497375433,0.0,1010.1682973919623,-290.9732780783837,19,31143,602000,0.0003,91.26376342773438,0.034416332840919495,0.42654579877853394,6.778902530670166,10.824286460876465,592001,40000.0,-22710.86923926667,,,,,,,
8.515391990661634,-0.24583761478512575,0.7167498442532164,-0.18799992728993778,0.0,773.4898320816192,236.54191252269197,19,31227,604000,0.0003,89.30978393554688,0.02931026928126812,-0.10070312768220901,6.189052581787109,12.143115043640137,594001,40000.0,-22710.86923926667,,,,,,,
1.176235395431518,-0.11760593438214594,0.2315406656049215,-0.01289886846721463,0.0,1095.5282071391234,420.5385390800283,19,31312,606000,0.0003,89.69873046875,0.027562055736780167,0.0013733357191085815,12.722490310668945,12.310073852539062,596001,40000.0,-22710.86923926667,,,,,,,
-0.27862734603881883,0.08493390742346159,0.055893447080930386,-0.013391921650391228,0.0,1318.446186378832,249.77552087813314,19,31396,608000,0.0003,85.4537124633789,0.027051055803894997,0.17617961764335632,7.131103515625,9.17350959777832,598001,40000.0,-22710.86923926667,,,,,,,
3.1280778903961144,0.00531190054587898,-0.13312246230129735,-0.05044917653883195,0.0,1230.838756803133,-48.87011009705194,19,31480,610000,0.0003,91.47439575195312,0.02932187169790268,-1.0042167901992798,8.5590181350708,11.931905746459961,600001,40000.0,-22710.86923926667,,,,,,,
0.929684377670288,0.0385450972455745,0.11065863232851852,-0.055907874296683036,0.0,1280.145758665947,353.5791483691109,19,31564,612000,0.0003,84.43084716796875,0.02829303778707981,0.18925508856773376,9.433761596679688,11.08350944519043,602001,40000.0,-22710.86923926667,,,,,,,
1.7799464817047124,0.030227752627743604,-0.057873377971258945,-0.06706712350629347,0.0,1254.609277981446,68.28630558450512,19,31648,614000,0.0003,89.56314849853516,0.03061530739068985,0.9906827211380005,8.455170631408691,11.941274642944336,604001,40000.0,-22710.86923926667,,,,,,,
-2.131167100906373,0.04450152224207707,0.04519927359391743,-0.07977369897204292,0.0,1273.5485732298964,259.8884558849857,19,31732,616000,0.0003,84.4708023071289,0.029276905581355095,0.8775619864463806,8.44588851928711,9.96654987335205,606001,40000.0,-22710.86923926667,,,,,,,
0.012174592971799143,0.08064538213303368,-0.03913440210032117,-0.08639479606089148,0.0,1331.0399646584312,146.17960944369483,19,31816,618000,0.0003,90.0908432006836,0.02725166641175747,0.43578317761421204,9.189680099487305,9.019845008850098,608001,40000.0,-22710.86923926667,,,,,,,
0.20727125549316616,-0.12331532604763895,-0.07655394971928227,-0.08111960015269735,0.0,1101.0664796118515,-70.85882641271235,19,31900,620000,0.0003,90.48426055908203,0.030309466645121574,1.1375854015350342,8.230907440185547,11.597175598144531,610001,40000.0,-22710.86923926667,,,,,,,
2.6724134178161623,-0.08034880685681743,0.08182332944489346,-0.06927827127495478,0.0,1127.9379274915123,300.67068918010847,19,31984,622000,0.0003,90.04193115234375,0.03066643700003624,0.21288764476776123,8.114469528198242,13.870073318481445,612001,40000.0,-22710.86923926667,,,,,,,
-1.655657306671144,-0.025096549734092078,-0.015419446397638602,-0.055678720648342915,0.0,1185.7481663023425,168.15101155973466,19,32069,624000,0.0003,81.58671569824219,0.03395316004753113,-0.05624663829803467,12.910086631774902,18.66630744934082,614001,40000.0,-22710.86923926667,,,,,,,
-1.0747073974609342,-0.026208630734484248,0.0003024667674601052,-0.05665240535755955,0.0,1182.7356556752818,188.3804521675266,19,32155,626000,0.0003,90.31879425048828,0.028991946950554848,-0.01456594467163086,9.582769393920898,10.94137191772461,616001,40000.0,-22710.86923926667,,,,,,,
0.2815245933532708,0.04217845663175548,-0.012346938160029908,-0.06575605940673922,0.0,1281.0013250198306,163.72535995053468,19,32240,628000,0.0003,87.27024841308594,0.030982062220573425,0.12802715599536896,6.477205276489258,8.509998321533203,618001,40000.0,-22710.86923926667,,,,,,,
1.3804607238769526,-0.03538992491281128,-0.030556685064131832,-0.08175212108837189,0.0,1179.5413726813122,141.41587293271505,19,32323,630000,0.0003,84.90544128417969,0.03706171363592148,0.3315363824367523,9.946136474609375,19.24304962158203,620001,40000.0,-22710.86923926667,,,,,,,
4.1920242805480985,0.021124928552321457,0.15968023123841502,-0.06967093736925106,0.0,1265.8847239107592,425.66768444362447,19,32405,632000,0.0003,85.60507202148438,0.03488118201494217,-0.31851643323898315,11.977825164794922,12.924687385559082,622001,40000.0,-22710.86923926667,,,,,,,
3.6082087135315053,0.11030032427673837,-0.029048282100548738,-0.07690701408078734,0.0,1355.1429237744267,77.29059901287177,19,32487,634000,0.0003,89.05912017822266,0.02864697389304638,0.519711434841156,7.1289472579956055,12.319005012512207,624001,40000.0,-22710.86923926667,,,,,,,
-3.2356028308868408,0.17728837939059452,0.0768083299617565,-0.10012278794967944,0.0,1448.6049159451559,230.51433910864102,19,32570,636000,0.0003,89.5611801147461,0.027682585641741753,0.002949453890323639,7.271018981933594,9.001293182373047,626001,40000.0,-22710.86923926667,,,,,,,
1.5858339519500737,0.03951551573655108,-0.25707582596156653,-0.1407045552570432,0.0,1317.112361443669,-335.1833935904367,19,32652,638000,0.0003,86.47370147705078,0.037055619060993195,0.24198494851589203,17.234331130981445,22.477582931518555,628001,40000.0,-22710.86923926667,,,,,,,
2.495660924911497,-0.09260872880948964,0.1420023420177851,-0.13663036440847803,0.0,1137.286932271103,394.94481510211756,19,32734,640000,0.0003,87.48493194580078,0.02970295213162899,0.16685278713703156,9.471866607666016,13.210988998413086,630001,40000.0,-21672.2879206875,,,,,,,
-1.2182049312591556,-0.10249103299863517,0.03399212136813298,-0.9796735844871544,0.0,1196.0786381107612,228.9843811363736,19,32817,642000,0.0003,84.46894073486328,0.041934430599212646,0.28825411200523376,17.83824920654297,22.499095916748047,632001,40000.0,-21672.2879206875,,,,,,,
6.232723323822022,0.31124152423488455,0.3366136720130093,-0.9232257476431263,0.0,1107.6866105632507,-296.040921447897,19,32899,644000,0.0003,86.43087005615234,0.03008965402841568,0.017392396926879883,9.362504959106445,8.358013153076172,634001,40000.0,-21672.2879206875,,,,,,,
5.7206643104553265,-0.12345696691950049,0.7034863430623092,-0.3445829443161603,0.0,818.3440596928837,-94.1770063394073,19,32982,646000,0.0003,86.74455261230469,0.032421573996543884,1.022160530090332,9.511667251586914,9.296630859375,636001,40000.0,-21672.2879206875,,,,,,,
-17.690445655822757,-0.4664449968030016,-0.0075442032994117725,-0.17898754346213225,0.0,777.0498892577867,-35.093167795266766,19,33064,648000,0.0003,85.69975280761719,0.031747203320264816,-0.21675679087638855,8.096760749816895,11.185188293457031,638001,40000.0,-21672.2879206875,,,,,,,
2.0642185020446786,-0.2951034996604413,0.22397275922687973,-0.0717107675300838,0.0,909.6630850464825,335.95055073765633,19,33147,650000,0.0003,83.58248138427734,0.029655132442712784,-0.21309812366962433,10.664724349975586,10.945417404174805,640001,40000.0,-21672.2879206875,,,,,,,
-1.5844741516113288,-0.03269098393175435,0.07147069776259726,-0.05124898762564213,0.0,1190.134621843597,350.94311365663935,19,33229,652000,0.0003,83.79116821289062,0.03086811862885952,0.0473451167345047,14.89982795715332,15.178240776062012,642001,40000.0,-21672.2879206875,,,,,,,
0.31440966224670297,-0.07755060247259084,-0.028532885155178676,-0.045453407714709695,0.0,1137.047896711259,66.73840032125199,19,33313,654000,0.0003,94.16351318359375,0.028466029092669487,-0.6845584511756897,12.117802619934082,14.409461975097656,644001,40000.0,-21672.2879206875,,,,,,,
2.089043308258055,-0.06930194688184724,-0.004412782149484728,-0.04343973263405584,0.0,1136.9312268284973,167.09209198361606,19,33396,656000,0.0003,89.35083770751953,0.0310965608805418,0.16511356830596924,9.179607391357422,13.168330192565918,646001,40000.0,-21672.2879206875,,,,,,,
-2.05457912826538,-0.05474522377164957,0.015023203015597158,-0.03890269536496303,0.0,1148.5768181990225,238.50242754546125,19,33478,658000,0.0003,90.7330551147461,0.031329017132520676,-0.3816642165184021,9.66935920715332,13.020455360412598,648001,40000.0,-21672.2879206875,,,,,,,
-2.11759739685058,0.019163621294545567,0.07887314783721158,-0.05113552348404166,0.162,1238.6421473488701,327.0881919539744,19,33560,660000,0.0003,92.9466552734375,0.029644295573234558,-0.2546825110912323,5.622625350952148,8.024250030517578,650001,40000.0,-21672.2879206875,,,,,,,
-2.325433073043828,0.059966815829054436,-0.05551590680972116,-0.05678227775079583,0.0,1291.2394614329341,70.96434469005646,19,33643,662000,0.0003,84.86876678466797,0.027361365035176277,0.20686456561088562,12.65208625793457,21.242509841918945,652001,40000.0,-21672.2879206875,,,,,,,
-1.6285877761840841,-0.10623810649691039,-0.04697572078292481,-0.014543784365366026,0.0,1098.0252009374833,60.28151423004417,19,33725,664000,0.0003,83.9189453125,0.029570240527391434,0.7411972284317017,6.265868186950684,8.70182991027832,654001,40000.0,-21672.2879206875,,,,,,,
-1.4155158805847154,0.08915225524513862,0.16780777047157686,0.0037034670972406116,0.0019999999999999974,1340.0438913313048,441.93372568664665,19,33806,666000,0.0003,79.20450592041016,0.033421505242586136,-0.14793497323989868,12.654930114746094,16.368064880371094,656001,40000.0,-21672.2879206875,,,,,,,
-1.1899294967651395,0.1596438434095054,-0.05106203831497772,-0.007024684701435471,0.0,1413.994116041746,64.15172440057691,19,33886,668000,0.0003,81.7055892944336,0.03433426097035408,-0.3600670099258423,21.495365142822266,18.481731414794922,658001,40000.0,-21672.2879206875,,,,,,,
0.3362443885803224,-0.07032825591726183,-0.14296680379977258,-0.017311358968588778,0.0,1146.8707954252613,-122.76223709705624,19,33967,670000,0.0003,84.51153564453125,0.029970873147249222,-0.3244166374206543,6.893957138061523,7.92579984664917,660001,40000.0,-21672.2879206875,,,,,,,
2.984742158889772,-0.13732640798303694,-0.029556930307834538,-0.018252381719578197,0.0,1051.7134291678508,83.57643382670386,19,34048,672000,0.0003,79.18443298339844,0.0367722287774086,-0.9650857448577881,11.895559310913086,14.7515230178833,662001,40000.0,-21672.2879206875,,,,,,,
3.2406908569335906,-0.18301102731286822,0.01745336713014327,-0.029044146883888223,0.0,1007.4047084849036,138.8741727909768,19,34129,674000,0.0003,78.06462097167969,0.030917223542928696,0.04549817740917206,10.293170928955078,14.678775787353516,664001,40000.0,-21672.2879206875,,,,,,,
-9.831680746078485,-0.17672261370555103,-0.015932924380138828,0.01595119256153116,0.0,1014.9084446777405,76.23798089951754,19,34210,676000,0.0003,81.76884460449219,0.02578417770564556,0.8410772681236267,8.59260082244873,14.604119300842285,666001,40000.0,-21672.2879206875,,,,,,,
0.6500113811492927,-0.13097024340405114,-0.04361295286582814,0.013638963187604217,0.0,1065.681898446903,56.04779326498334,19,34291,678000,0.0003,85.01616668701172,0.02654840424656868,0.3514343500137329,8.889520645141602,15.121061325073242,668001,40000.0,-21672.2879206875,,,,,,,
2.924031866073608,-0.08682376856656782,0.16196628004553337,0.02090436777175001,0.0,1127.8192756728213,452.4711089088417,19,34372,680000,0.0003,81.593994140625,0.026681749150156975,-0.7359219193458557,7.546602249145508,11.49680233001709,670001,40000.0,-20930.409661235295,,,,,,,
7.093333065032962,0.3059649056151399,0.383018709772156,-0.8952196618609836,0.0,1066.226217197787,-189.21939870894766,19,34454,682000,0.0003,75.82650756835938,0.029601292684674263,-0.3942446708679199,8.096571922302246,10.869091987609863,672001,40000.0,-20930.409661235295,,,,,,,
6.456987194061281,-0.07929563633548925,0.7502931093374289,-0.32064806781757815,0.0,800.2861568939034,129.70982523354397,19,34536,684000,0.0003,84.55201721191406,0.031204963102936745,-0.9775549173355103,13.111349105834961,27.934289932250977,674001,40000.0,-20930.409661235295,,,,,,,
-9.209136697769155,-0.22562621607559552,-0.02058291047891394,-0.24699622532655324,0.0,1101.6492507751454,-119.40015763862033,19,34619,686000,0.0003,85.4944076538086,0.033658578991889954,-0.22715240716934204,8.216018676757812,15.600835800170898,676001,40000.0,-20930.409661235295,,,,,,,
-0.4113779678344728,-0.19402691743827083,0.24194427814634134,-0.09813603204189719,0.0,1028.2086038157001,491.94711345999445,19,34702,688000,0.0003,85.79239654541016,0.03159083053469658,0.33652886748313904,17.035173416137695,21.77947998046875,678001,40000.0,-20930.409661235295,,,,,,,
-5.0844209785461425,-0.051269727213642806,-0.14090712356133805,-0.0760716607459646,0.0,1188.447550892599,-66.41980261710677,19,34786,690000,0.0003,83.62377166748047,0.031804800033569336,0.7352818846702576,16.906776428222656,28.998546600341797,680001,40000.0,-20930.409661235295,,,,,,,
0.8145759620666515,-0.18249802933919473,0.07078312463634315,0.00755185278485521,0.0,1004.8279200564567,229.98170895765517,19,34875,692000,0.0003,74.71100616455078,0.02889835648238659,0.009800143539905548,8.741353034973145,14.000149726867676,682001,40000.0,-20930.409661235295,,,,,,,
-0.43244757652282706,-0.03680778294204181,0.10088062591422421,0.020046349212046767,0.081,1172.2915656524783,345.7952998297609,19,34959,694000,0.0003,88.78945922851562,0.02746998704969883,0.4944862127304077,10.164529800415039,8.358013153076172,684001,40000.0,-20930.409661235295,,,,,,,
-1.1871890888214112,-0.018065137409141032,-0.06246053680037379,0.02060230890220542,0.06849999999999998,1196.742919414159,97.30105193336682,19,35041,696000,0.0003,76.13536834716797,0.03660264238715172,0.2548148036003113,14.833196640014648,15.838164329528809,686001,40000.0,-20930.409661235295,,,,,,,
1.3340736351013252,-0.056315875338206874,0.05466061861121713,0.02657309201807266,0.08750000000000005,1147.7544582260266,291.29344056861027,19,35124,698000,0.0003,79.20201110839844,0.03374903276562691,0.17782053351402283,9.198558807373047,10.81686782836914,688001,40000.0,-20930.409661235295,,,,,,,
-0.688026376724242,0.07450488415662886,0.03489179188600268,0.023095411417469607,0.12049999999999965,1309.8196977578923,252.76429447139378,,,700000,0.0003,75.00336456298828,0.0344475582242012,0.40106773376464844,9.380988121032715,13.227070808410645,690000,,,0.026156250000000016,0.0,40000.0,-39773.21197766745,212.9352692471597,0.0,0.0
,,,,,,,19,36365,700000,0.0003,74.36876678466797,0.034442879259586334,-0.876065731048584,18.572534561157227,23.281673431396484,690001,40000.0,-20930.409661235295,,,,,,,
0.1893351898193365,-0.06009474629756386,-0.14534930046510544,0.016917467241008587,0.0,1158.234923472494,-63.11760926322262,19,36449,702000,0.0003,74.0377426147461,0.028342729434370995,-0.7334529757499695,8.144742965698242,8.393586158752441,692001,40000.0,-20930.409661235295,,,,,,,
2.5257595081329347,-0.13366240520408113,0.08503824976616839,0.013769186546435181,0.0,1061.1781466636355,262.68312365481387,19,36532,704000,0.0003,79.35987854003906,0.029585784301161766,0.2578221261501312,7.155140399932861,8.609325408935547,694001,40000.0,-20930.409661235295,,,,,,,
-4.022444074630736,-0.05765007109185936,-0.058069884074919115,0.02355702321506369,0.07449999999999986,1160.970546258943,119.19748159035139,19,36615,706000,0.0003,78.5809326171875,0.029631853103637695,0.8090169429779053,8.570626258850098,12.53022575378418,696001,40000.0,-20930.409661235295,,,,,,,
-1.0786127891540527,-0.08422144374965199,0.07766412451828539,0.053432450442791386,0.0,1119.6813961150724,292.5741936974771,19,36698,708000,0.0003,79.90217590332031,0.025531528517603874,0.13061724603176117,6.584969520568848,12.003050804138184,698001,40000.0,-20930.409661235295,,,,,,,
-1.4738551845550538,0.04451597288106739,0.026557779543342434,0.057849904551542125,0.0,1270.8877003194812,201.11608394774166,19,36781,710000,0.0003,85.03276062011719,0.03032660484313965,0.37863823771476746,10.860306739807129,9.807784080505371,700001,40000.0,-20930.409661235295,,,,,,,
-3.7321494598388654,-0.08468632445502329,-0.09722291417085813,0.10151155711325283,0.0,1143.628556727243,9.942188884392044,19,36865,712000,0.0003,81.73075103759766,0.025197170674800873,-1.3311166763305664,10.489615440368652,12.535722732543945,702001,40000.0,-20930.409661235295,,,,,,,
-0.7773205833435071,-0.019860976159275467,-0.002769436724597182,0.13467014787333131,0.0,1227.4677512524438,201.51013397100292,19,36948,714000,0.0003,78.31269836425781,0.025219185277819633,0.8932821750640869,10.204565048217773,12.769920349121094,704001,40000.0,-20930.409661235295,,,,,,,
-5.474769134521487,-0.09818650551350185,0.029989913702813745,0.16555832381894747,0.0,1149.8359129940795,209.1948607511063,19,37031,716000,0.0003,83.24296569824219,0.024920612573623657,-0.2327881008386612,6.941423416137695,8.076028823852539,706001,40000.0,-20930.409661235295,,,,,,,
0.40425238609314035,0.06082993715058464,0.13663906823089064,0.18966783257681702,0.0,1341.7579274374232,421.44995193243057,19,37114,718000,0.0003,78.70646667480469,0.025385307148098946,0.010574987158179283,6.090970993041992,7.806257724761963,708001,40000.0,-20930.409661235295,,,,,,,
4.5485059871673545,0.07947938566334424,0.025950826942700393,0.1619852093513274,0.0,1360.8872167116967,206.34654935885476,19,37196,720000,0.0003,85.49088287353516,0.026758942753076553,0.12420216202735901,8.103601455688477,11.692211151123047,710001,40000.0,-20174.089742777778,,,,,,,
10.738451616287236,0.3002298913135507,0.7719212859105266,-0.6686619166650904,0.0,1039.7928560464281,-317.3055812424398,19,37279,722000,0.0003,84.21786499023438,0.02553982101380825,-0.8229972124099731,13.453999519348145,13.924271583557129,712001,40000.0,-20174.089742777778,,,,,,,
-18.55884860992433,-0.772906107470289,0.0885620204442204,-0.3139823431467143,0.0,639.5703355762402,-233.79698760739504,19,37367,724000,0.0003,81.08406066894531,0.02986857295036316,-0.2605985701084137,8.337217330932617,12.013279914855957,714001,40000.0,-20174.089742777778,,,,,,,
4.788735666275024,-0.5029420443803108,0.3444619854503772,-0.1649967593794718,0.0,765.1085547488278,465.1185982022221,19,37456,726000,0.0003,82.5344467163086,0.025814250111579895,0.4353734850883484,9.881265640258789,9.389921188354492,716001,40000.0,-20174.089742777778,,,,,,,
-11.223341241836556,-0.20239102377253035,-0.006933251772949335,-0.09578803905588357,0.0,1004.6778100572416,-17.677949871418882,19,37544,728000,0.0003,79.77313995361328,0.024829339236021042,-0.35370975732803345,8.184050559997559,13.730072975158691,718001,40000.0,-20174.089742777778,,,,,,,
2.3440511837005644,-0.2670994120398433,-0.015376098715971842,-0.04373747820783308,0.0,913.1812731494839,20.76595901134597,19,37632,730000,0.0003,80.26492309570312,0.02475976198911667,-0.08274662494659424,9.193733215332031,11.797248840332031,720001,40000.0,-20174.089742777778,,,,,,,
4.98235829925537,-0.2784355781032102,-0.02642480110613456,-0.04680701615591773,0.0,902.0400541314541,17.062971769351154,19,37715,732000,0.0003,75.3931884765625,0.02937444858253002,0.20582900941371918,11.49074935913086,15.518088340759277,722001,40000.0,-20174.089742777778,,,,,,,
4.392938617706304,-0.2701556806376877,0.09307825916609332,-0.047324229347829226,0.0,920.1234097305775,190.08771141609276,19,37797,734000,0.0003,77.25399017333984,0.03482648730278015,0.15807218849658966,6.660098552703857,7.325952529907227,724001,40000.0,-20174.089742777778,,,,,,,
-10.07727522659301,-0.18158248991183853,-0.0028065595864582237,-0.006154529867902399,0.0,1006.2578788018282,86.49107574120696,19,37879,736000,0.0003,77.85174560546875,0.029282106086611748,-0.2264803946018219,13.816740036010742,17.708393096923828,726001,40000.0,-20174.089742777778,,,,,,,
3.15563299369812,-0.2705723946958667,-0.0011676529847317056,0.00804997656684358,0.0,927.7930316098424,87.60749690550475,19,37962,738000,0.0003,75.90498352050781,0.02928248979151249,0.03675667941570282,8.287239074707031,12.508671760559082,728001,40000.0,-20174.089742777778,,,,,,,
-2.1538424263000486,-0.09476032818939195,0.05979450581875831,0.04702721494781019,0.0,1108.1983119748977,225.3331944888451,19,38044,740000,0.0003,85.13916015625,0.025354435667395592,-0.05189019814133644,7.074954986572266,10.546416282653809,730001,40000.0,-20174.089742777778,,,,,,,
-2.7978312072753964,-0.09072807826338188,-0.061670860759575404,0.04325565424149602,0.0,1111.5310570036058,76.87913434043362,19,38126,742000,0.0003,83.37493896484375,0.025045620277523994,-0.2281295359134674,7.173442363739014,9.137843132019043,732001,40000.0,-20174.089742777778,,,,,,,
2.292789947509767,-0.17320850029297055,0.07177134364161217,0.034496175298428355,0.0,1021.478489081266,194.63478928214118,19,38209,744000,0.0003,80.72184753417969,0.02428034320473671,-0.332406610250473,7.1219048500061035,9.150197982788086,734001,40000.0,-20174.089742777778,,,,,,,
-6.778715234756467,-0.10914430411294083,0.008738721426655363,0.06004751615381872,0.0,1092.9347363850063,173.21996770745463,19,38290,746000,0.0003,79.51805877685547,0.026977768167853355,-0.01959257945418358,7.571043968200684,12.778938293457031,736001,40000.0,-20174.089742777778,,,,,,,
2.0290826263427735,-0.1663045721260055,-0.04536225851108967,0.052700532070333775,0.0,1031.276956738286,25.081436452206795,19,38373,748000,0.0003,75.87923431396484,0.024912124499678612,0.16112250089645386,6.677629470825195,8.621219635009766,738001,40000.0,-20174.089742777778,,,,,,,
-5.780660781860346,-0.1089549396128681,0.05550724448897243,0.05769295684302591,0.0,1090.6630480777235,255.40544612476165,19,38455,750000,0.0003,73.93280792236328,0.025769641622900963,0.6087703704833984,6.109038352966309,15.155721664428711,740001,40000.0,-20174.089742777778,,,,,,,
-1.687551271438601,0.016430819225718547,0.005618921462676938,0.019949796049948454,0.0,1240.275997070478,189.8340389788312,19,38537,752000,0.0003,75.82279205322266,0.02847692370414734,-0.6363388299942017,11.56886100769043,20.179500579833984,742001,40000.0,-20174.089742777778,,,,,,,
2.1708358726501458,-0.09330504362112102,0.0018598534683191457,0.014829572758662488,0.0,1106.457531978491,156.81072050099462,19,38619,754000,0.0003,76.85528564453125,0.0250957403331995,0.020296145230531693,6.045381546020508,9.215875625610352,744001,40000.0,-20174.089742777778,,,,,,,
-6.07160311317444,-0.1022172979538082,-0.011019751261933768,0.042971340639758215,0.0,1101.0968885705404,155.53087601634908,19,38700,756000,0.0003,78.79452514648438,0.026769209653139114,0.3378410339355469,9.303216934204102,11.66531753540039,746001,40000.0,-20174.089742777778,,,,,,,
-0.6543620128631588,-0.019871260950857096,0.011478354102141979,0.03172066647542115,0.42450000000000065,1188.6915331778632,194.6250120979819,19,38782,758000,0.0003,70.638427734375,0.02524055726826191,0.8932065963745117,6.669760704040527,15.00621223449707,748001,40000.0,-20174.089742777778,,,,,,,
1.587664846420288,-0.03071056333048107,0.006664776745395669,0.03213660961632288,0.058499999999999906,1175.4956410639084,210.5645451735377,19,38864,760000,0.0003,75.41100311279297,0.023752205073833466,0.6890161633491516,4.592288970947266,9.055326461791992,750001,40000.0,-19514.03931452632,,,,,,,
-3.4292597866058347,-0.16199581233622348,-0.19926429232151566,-0.9673726974735306,0.0,1152.2810974863778,20.292311663077502,19,38945,762000,0.0003,77.49568939208984,0.02563019096851349,-0.3999590575695038,5.473433494567871,10.222288131713867,752001,40000.0,-19514.03931452632,,,,,,,
-7.292238128662107,-0.3784303156479077,-0.1351954230038287,-0.8993511532832904,0.0,1028.3675394918125,-155.78928401283932,19,39026,764000,0.0003,74.77743530273438,0.02506735362112522,0.08104746043682098,6.465388298034668,8.13671588897705,754001,40000.0,-19514.03931452632,,,,,,,
-1.9681694240570138,-0.6951912616657766,0.020848383919408214,-0.6423758924653907,0.0,807.2389163439628,-15.092113582013242,19,39107,766000,0.0003,76.20091247558594,0.027241719886660576,-0.2845780849456787,12.491424560546875,20.230928421020508,756001,40000.0,-19514.03931452632,,,,,,,
-3.4525552577972434,-0.12876275396896397,0.3484576848163934,-0.7848536456215519,0.0,820.6178511347324,50.160982916371616,19,39189,768000,0.0003,77.665283203125,0.02908838726580143,-0.47058653831481934,6.629439353942871,12.497248649597168,758001,40000.0,-19514.03931452632,,,,,,,
-3.1949487190246613,-0.01829683637467127,-0.18614111632178715,-0.7949762156370849,0.0,792.8865645738085,-14.36860516004963,19,39271,770000,0.0003,80.67463684082031,0.025802336633205414,-0.050091058015823364,7.849263668060303,14.451752662658691,760001,40000.0,-19514.03931452632,,,,,,,
-5.564296894073477,-0.5595553472608027,-0.30303864715148354,-0.3937713171924827,0.0,432.50680661352555,-501.1703004093795,19,39352,772000,0.0003,82.97777557373047,0.025377096608281136,0.16106057167053223,8.002727508544922,14.671599388122559,762001,40000.0,-19514.03931452632,,,,,,,
3.874406610488901,-0.31342047207622825,0.4208422705067345,-0.042340027962543894,0.0,169.0687870112483,-130.65812004426942,19,39433,774000,0.0003,73.56261444091797,0.03068198449909687,-0.10618570446968079,7.509047508239746,12.084568977355957,764001,40000.0,-19514.03931452632,,,,,,,
-4.615065225601198,-0.0625390407063303,0.0926541719514275,0.009420615574354828,0.012499999999999994,68.09030333598358,181.82188888060793,19,39514,776000,0.0003,84.36075592041016,0.024830464273691177,0.03386595845222473,7.8107733726501465,11.304730415344238,766001,40000.0,-19514.03931452632,,,,,,,
2.8822459716796875,-0.007073290886540924,-0.12445679991722662,0.002882720254998664,0.0,20.371183404044235,156.46827872220217,19,39595,778000,0.0003,71.73685455322266,0.024559495970606804,-0.1275046169757843,5.659038066864014,8.996264457702637,768001,40000.0,-19514.03931452632,,,,,,,
1.6556920928955086,-0.06178059010686084,0.07258686368793998,-0.006899549326624684,0.057,10.075142439238165,153.13081633400927,19,39676,780000,0.0003,84.38533020019531,0.027028493583202362,-0.34311580657958984,21.31704330444336,31.5682373046875,770001,40000.0,-19514.03931452632,,,,,,,
9.965311676025383,0.2410187112691464,0.5328742305651031,0.1031047538235946,0.022000000000000026,273.4714954001165,1905.1856378811938,19,39757,782000,0.0003,85.7901611328125,0.0244196355342865,0.69156813621521,7.43389892578125,13.562439918518066,772001,40000.0,-19514.03931452632,,,,,,,
54.04451046752929,0.7313878975808998,-0.1297440196249605,0.6293786470286304,0.0,886.085241560025,-1694.9882259643107,19,39838,784000,0.0003,78.64215087890625,0.026807382702827454,0.39572030305862427,8.160320281982422,12.407020568847656,774001,40000.0,-19514.03931452632,,,,,,,
24.0777004623413,0.6576391938135179,-0.04054979823195293,0.10273826494821717,0.0,320.36802463365177,163.6838772000026,19,39920,786000,0.0003,81.44093322753906,0.02966412715613842,0.15200525522232056,7.1884613037109375,11.726310729980469,776001,40000.0,-19514.03931452632,,,,,,,
0.9000858478546113,0.5817996092719263,0.11250813611436165,-0.35606465936167975,0.0,266.97799055970245,51.94527818515097,19,40002,788000,0.0003,85.73277282714844,0.02959865890443325,-0.9013859033584595,7.780612945556641,9.576226234436035,778001,40000.0,-19514.03931452632,,,,,,,
9.199392671585093,0.5692854399643129,0.15852175485873704,-0.24928132692127564,0.0,916.6546023434222,148.3471827897438,19,40084,790000,0.0003,94.15552520751953,0.029521191492676735,0.005237385630607605,8.445611000061035,12.183497428894043,780001,40000.0,-19514.03931452632,,,,,,,
-7.5392408065796115,-0.6495620633748772,0.17019483552910358,-0.2872660284268024,0.0,488.7253905020606,204.4682877468979,19,40167,792000,0.0003,88.31340026855469,0.033624786883592606,-0.473088800907135,12.387922286987305,12.253737449645996,782001,40000.0,-19514.03931452632,,,,,,,
-1.9698420257568363,-0.478617673667249,0.4350955824251516,-0.25555798968185517,0.0,865.4003682795484,581.3663153531793,19,40249,794000,0.0003,85.07779693603516,0.0328676775097847,0.05827586352825165,13.480010032653809,12.774665832519531,784001,40000.0,-19514.03931452632,,,,,,,
-4.494762451171876,-0.19048616013595987,-0.11352437037049436,-0.33282326032870757,0.0,1162.8090897336738,-155.4872187084187,19,40332,796000,0.0003,86.71842956542969,0.03214297071099281,-0.023095950484275818,9.134017944335938,11.594806671142578,786001,40000.0,-19514.03931452632,,,,,,,
2.7936871318817116,-0.1416954309403862,0.22525906863050196,-0.23794729957319263,0.0,1141.0270422938615,433.15398123816846,19,40414,798000,0.0003,80.3966064453125,0.03880004584789276,-0.15051515400409698,14.206275939941406,12.271394729614258,788001,40000.0,-19514.03931452632,,,,,,,
-6.798089555740368,-0.18997952094937412,-0.13172422512408113,-0.12183789559081462,0.0,1037.4257586209815,-176.9055462357182,,,800000,0.0003,85.4662857055664,0.0337989516556263,0.16621927917003632,15.61209487915039,15.41480541229248,790000,,,0.026156250000000016,0.0,40000.0,-44740.4447354096,11710.487477170753,0.0,0.0
,,,,,,,19,41661,800000,0.0003,81.65689086914062,0.033792030066251755,-0.5219650268554688,15.993900299072266,16.648698806762695,790001,40000.0,-19915.14300635,,,,,,,
-3.899355436325071,-0.190853093521856,-0.23078557924364465,-0.9650479557463033,0.0,1157.599886822736,-25.45437653065164,19,41743,802000,0.0003,90.46269226074219,0.027628064155578613,-0.082906574010849,12.307369232177734,14.910378456115723,792001,40000.0,-19915.14300635,,,,,,,
-8.848828968048103,-0.4714796732503018,-0.181010148745721,-0.8482043822142005,0.0,976.8231251420399,-205.35973561726664,19,41826,804000,0.0003,84.79289245605469,0.02813084051012993,0.5089288949966431,14.220609664916992,27.128238677978516,794001,40000.0,-19915.14300635,,,,,,,
-8.372248334884656,0.17972132589219014,-0.6150150650463149,0.106926410792481,0.0,1875.486687541873,1010.4489144183816,19,41909,806000,0.0003,90.1284408569336,0.028452275320887566,0.7278314828872681,14.716853141784668,20.256637573242188,796001,40000.0,-19915.14300635,,,,,,,
-2.477260021209736,-0.140529282456529,0.6454787549967123,-0.061310638291599086,0.0,1339.2373620678322,-1597.6746714333099,19,41992,808000,0.0003,89.861328125,0.03484627977013588,0.2914392352104187,11.224323272705078,15.01159954071045,798001,40000.0,-19915.14300635,,,,,,,
-0.3998878631591874,-0.4639124359614745,0.08501258778183135,-0.3009226494131876,0.0,226.06912388560866,59.38392232440172,19,42074,810000,0.0003,95.73416137695312,0.02771337889134884,0.37793540954589844,12.363513946533203,11.790643692016602,800001,40000.0,-19915.14300635,,,,,,,
-4.334855840682991,-0.20264654248562922,0.334810555056292,-0.4020983594030573,0.0,263.48634885875384,173.68436506175607,19,42157,812000,0.0003,85.56767272949219,0.036195311695337296,0.24076388776302338,21.883983612060547,26.68407440185547,802001,40000.0,-19915.14300635,,,,,,,
-2.629084690093997,0.0023595066642331454,-0.11735257073684471,-0.4724863285335612,0.0,279.5662342801077,113.73947040229561,19,42239,814000,0.0003,89.32225036621094,0.03844606503844261,-0.4181383550167084,20.143125534057617,28.41819190979004,804001,40000.0,-19915.14300635,,,,,,,
-0.8697136306762661,-0.03924656006135039,-0.0201001197517457,-0.4678655662960695,0.0,294.4013263982339,327.8225853545796,19,42322,816000,0.0003,86.90479278564453,0.03528714179992676,-0.29225826263427734,21.69585418701172,20.812055587768555,806001,40000.0,-19915.14300635,,,,,,,
0.5069549026489178,-0.17933038895350245,0.05700736800946968,-0.5121015252512857,0.0,358.22241375458987,-1.4676724393459735,19,42405,818000,0.0003,87.26172637939453,0.0286842230707407,0.05858122557401657,18.260639190673828,24.070308685302734,808001,40000.0,-19915.14300635,,,,,,,
-3.487087989807129,-0.17918280737996742,-0.09946409308707822,-0.4893590763488884,0.0,320.0655383678062,38.12788928015395,19,42488,820000,0.0003,92.83413696289062,0.027414290234446526,0.6276360154151917,13.710848808288574,14.364492416381836,810001,40000.0,-19915.14300635,,,,,,,
-28.989755117416404,-0.5032329096643693,-0.2297366869789541,0.1273370539464057,0.0,511.35997705888315,-52.16419262182157,19,42571,822000,0.0003,89.81700897216797,0.037332504987716675,0.6087873578071594,15.562488555908203,15.798662185668945,812001,40000.0,-19915.14300635,,,,,,,
-29.53755408859254,-0.49011668121440355,0.013477342513286047,0.24456082274970625,0.0,153.11710016781188,-28.566335520128217,19,42653,824000,0.0003,85.53854370117188,0.03683377429842949,-0.5425145030021667,19.91634750366211,19.71236228942871,814001,40000.0,-19915.14300635,,,,,,,
-17.1247515544891,-0.4212782816609509,0.18832062101556027,0.10709614121404537,0.0,127.8375755569131,-0.7144319451306619,19,42735,826000,0.0003,86.0665512084961,0.03508890047669411,-0.2843239903450012,12.77387809753418,13.335874557495117,816001,40000.0,-19915.14300635,,,,,,,
1.402580482482909,-0.3106863078559495,-0.08191580105676903,-0.14840500887968675,0.0,64.67215717964832,-48.5054452838986,19,42817,828000,0.0003,89.22496032714844,0.03231489285826683,-0.0069304704666137695,11.063834190368652,10.336606979370117,818001,40000.0,-19915.14300635,,,,,,,
15.46790271186829,0.03425122873718146,0.5955435000233498,0.055770839096405914,0.0,334.27852884771727,240.0265658784173,19,42899,830000,0.0003,89.65141296386719,0.03646732494235039,-0.053836673498153687,16.617244720458984,13.789558410644531,820001,40000.0,-19915.14300635,,,,,,,
9.7806944141388,0.23365791444228584,-0.20335255966735158,0.17929178879925667,0.0,171.4860730096812,214.95934672261623,19,42980,832000,0.0003,86.83999633789062,0.048865847289562225,0.17925913631916046,21.991371154785156,17.780109405517578,822001,40000.0,-19915.14300635,,,,,,,
23.489572828292843,0.4323518244854719,0.03615906858286594,0.28097393373436447,0.0,269.14846436689487,26.853549635731035,19,43061,834000,0.0003,84.49636840820312,0.0391329824924469,0.4111645519733429,17.017253875732422,14.7409029006958,824001,40000.0,-19915.14300635,,,,,,,
2.477185201644894,-0.03644153854963127,-0.12823567740061587,0.0985158965643607,0.0,120.56677504673212,-58.46436211601149,19,43143,836000,0.0003,84.11146545410156,0.040664494037628174,-0.19963876903057098,12.684646606445312,12.235075950622559,826001,40000.0,-19915.14300635,,,,,,,
25.06153222846984,0.36530963702688296,0.12941916321458782,0.38276272299886804,0.0,342.3115035239228,233.087262272486,19,43228,838000,0.0003,88.90176391601562,0.035874202847480774,-0.215351402759552,17.430335998535156,18.32228660583496,828001,40000.0,-19915.14300635,,,,,,,
17.093920127868653,0.22594869671869375,0.11523296710502906,0.4385549367510102,0.0,335.5823458402082,590.1451105569342,19,43310,840000,0.0003,87.79740905761719,0.03273836895823479,-0.20949016511440277,13.757244110107422,17.902015686035156,830001,40000.0,-20378.65267709524,,,,,,,
1.746430112838744,0.08726862316563083,0.18485113894718824,-0.9744460855636559,0.0,1165.529718794333,61.856519574563116,19,43391,842000,0.0003,89.18547821044922,0.03407394886016846,0.5743690133094788,12.941911697387695,20.260759353637695,832001,40000.0,-20378.65267709524,,,,,,,
8.22695109558108,0.09277996467252525,0.9288442452042545,-0.37456867047745007,0.0,1159.324334983721,-111.33958963021473,19,43472,844000,0.0003,88.33502197265625,0.033048003911972046,0.5764062404632568,12.597946166992188,16.430225372314453,834001,40000.0,-20378.65267709524,,,,,,,
-5.015775241851807,-0.15168431767425727,0.0951571869106694,-0.169387426309498,0.0,1130.1372368592222,132.31259108756922,19,43552,846000,0.0003,95.54737091064453,0.03879531845450401,0.09707316011190414,13.821760177612305,18.251131057739258,836001,40000.0,-20378.65267709524,,,,,,,
-3.0053081855773933,-0.09164803233770599,0.1565170704385525,-0.09723613645929267,0.0,1142.7984547526146,396.4535369054592,19,43634,848000,0.0003,95.88310241699219,0.037661537528038025,-0.12694719433784485,14.983406066894531,14.50798511505127,838001,40000.0,-20378.65267709524,,,,,,,
-1.2606966667175283,0.007576049873688616,-0.052566531120166016,-0.11375793064857158,0.0,1252.1582832332447,113.46457256734033,19,43714,850000,0.0003,97.9859619140625,0.03601078689098358,-0.29643261432647705,11.70148754119873,17.376726150512695,840001,40000.0,-20378.65267709524,,,,,,,
0.46503905296325704,-0.01878481692969392,0.07662884294393855,-0.09728801258917844,0.0,1206.558561516424,305.9783982435142,19,43795,852000,0.0003,91.49007415771484,0.029755517840385437,-0.333102285861969,19.129051208496094,19.199234008789062,842001,40000.0,-20378.65267709524,,,,,,,
2.5927557258605893,0.015120472240636468,0.01722882723971707,-0.09327001950224065,0.0,1239.7862634185353,215.1214759107796,19,43875,854000,0.0003,90.39385986328125,0.036714330315589905,0.2220848798751831,14.545328140258789,11.648271560668945,844001,40000.0,-20378.65267709524,,,,,,,
0.03629733085632199,0.0032715265980477453,-0.017304341493351413,-0.07613143166372237,0.0,1234.6081376982393,172.79785218984694,19,43955,856000,0.0003,89.1181411743164,0.05086638033390045,-0.07725312560796738,17.847637176513672,15.359538078308105,846001,40000.0,-20378.65267709524,,,,,,,
-4.087503332138065,0.21481949627681113,0.09140370071565308,-0.1206102919821396,0.0,1545.6497815492444,340.1675222403703,19,44036,858000,0.0003,85.6973876953125,0.03751041740179062,-0.3668028712272644,13.474736213684082,11.085090637207031,848001,40000.0,-20378.65267709524,,,,,,,
0.13834974479675116,-0.017003427995686566,-0.18922964239599743,-0.14525155260468162,0.0,1236.8864528573629,-263.9564584734458,19,44117,860000,0.0003,90.5931396484375,0.03639933466911316,-0.17933377623558044,172.1168975830078,23.431259155273438,850001,40000.0,-20378.65267709524,,,,,,,
2.7906145629882793,-0.11043985243434089,0.0013067524407147407,-0.13860958333504778,0.0,1103.6091224637175,150.20492777209006,19,44198,862000,0.0003,88.89362335205078,0.03482551500201225,-0.10269492864608765,10.19573974609375,10.451704025268555,852001,40000.0,-20378.65267709524,,,,,,,
-5.5946961555481005,-0.12149443218028129,-0.0708925138966146,-0.11797230830167928,0.0,1093.0040622069496,-1.2025906032383757,19,44279,864000,0.0003,91.32139587402344,0.036523595452308655,-0.23637203872203827,15.190670013427734,12.717477798461914,854001,40000.0,-20378.65267709524,,,,,,,
-0.7516745376586932,-0.13872746723773605,0.13638680123716346,-0.06701806867389085,0.0,1066.6432172824038,381.8468824088697,19,44360,866000,0.0003,92.2766342163086,0.03550051152706146,0.3843805193901062,13.818195343017578,14.331541061401367,856001,40000.0,-20378.65267709524,,,,,,,
0.26210314178466887,0.09243626503032644,0.03613452401962619,-0.0839814774741413,0.0,1356.0520873517573,257.94291427152064,19,44441,868000,0.0003,91.19522094726562,0.03388380631804466,-0.5962488651275635,16.473514556884766,14.29098892211914,858001,40000.0,-20378.65267709524,,,,,,,
1.3106706504821768,-0.0743198868034307,-0.08894554813900747,-0.11351684504728239,0.0,1146.6084863021772,-64.95978636974185,19,44522,870000,0.0003,87.22433471679688,0.030516618862748146,-0.7600095272064209,10.94135570526123,13.943791389465332,860001,40000.0,-20378.65267709524,,,,,,,
2.316032823562621,-0.07801833312408075,0.04730106647739379,-0.1126156545131142,0.0,1135.5784070933128,233.4868681242094,19,44603,872000,0.0003,82.92185974121094,0.03364512324333191,-0.2079719752073288,15.793119430541992,14.535440444946289,862001,40000.0,-20378.65267709524,,,,,,,
-4.741440614700319,-0.08957460740858916,-1.3268153057181606e-05,-0.07789929473780204,0.0,1123.8106246176033,140.4273854933225,19,44685,874000,0.0003,80.40142059326172,0.031332556158304214,-0.28370508551597595,13.722017288208008,18.551904678344727,864001,40000.0,-20378.65267709524,,,,,,,
-1.3634321308135995,-0.012571639207940018,0.028481485154823176,-0.08058024773438685,0.0,1217.3092013478672,241.9165406685003,19,44766,876000,0.0003,88.5771713256836,0.029680242761969566,1.529691457748413,13.819480895996094,11.254653930664062,866001,40000.0,-20378.65267709524,,,,,,,
-3.5030844097137437,-0.06169182917681914,-0.11706958881486274,-0.062097747172950926,0.0,1151.193099727765,-58.74164333918181,19,44848,878000,0.0003,80.20704650878906,0.0390523336827755,0.12879784405231476,21.08654022216797,23.35633087158203,868001,40000.0,-20378.65267709524,,,,,,,
1.672476596832277,-0.08086733183139273,0.13439490777048826,-0.02468723775268872,0.0025,1123.361738605952,408.85197753273536,19,44930,880000,0.0003,78.2483901977539,0.036794863641262054,-0.5850871801376343,12.478738784790039,12.1758451461792,870001,40000.0,-19834.07060786364,,,,,,,
-3.130800889968874,-0.18849250284115585,-0.1500496546308547,-0.9571747450239075,0.0,1137.7756895473433,37.28807622036728,19,45012,882000,0.0003,81.05758666992188,0.030413130298256874,0.650891125202179,11.233583450317383,21.905351638793945,872001,40000.0,-19834.07060786364,,,,,,,
-9.47873270606994,-0.5292814775024323,-0.49393540579435224,-0.725154890421742,0.0,908.0323331636323,-542.5954376195589,19,45094,884000,0.0003,83.66902160644531,0.03512172773480415,0.05390448123216629,16.30785369873047,17.177095413208008,874001,40000.0,-19834.07060786364,,,,,,,
11.864335971832297,0.22627712604004122,-0.04820039870337991,-0.5094266559149699,0.0,657.0903936143529,82.27011952604043,19,45176,886000,0.0003,84.83631896972656,0.03340749815106392,-0.04947764053940773,11.665993690490723,14.531294822692871,876001,40000.0,-19834.07060786364,,,,,,,
1.480364522933959,-0.5294106840667943,0.6099892983197402,-0.3272738241138688,0.0,427.5188693038186,-395.9054130052119,19,45258,888000,0.0003,88.50459289550781,0.033048052340745926,0.40082839131355286,8.502862930297852,10.000141143798828,878001,40000.0,-19834.07060786364,,,,,,,
-3.5829442577362043,-0.08779223993631423,-0.046126957214896874,-0.42282303089789675,0.0,240.91754548001424,151.5411881794965,19,45339,890000,0.0003,84.98790740966797,0.03219177573919296,-0.5203976035118103,12.840808868408203,14.3235445022583,880001,40000.0,-19834.07060786364,,,,,,,
-13.947785860061638,-0.34451631187397763,-0.1995462513400393,-0.2948559807349172,0.0,184.19148492541825,-86.11987036342906,19,45421,892000,0.0003,82.33299255371094,0.034730665385723114,0.447286993265152,14.847036361694336,18.878015518188477,882001,40000.0,-19834.07060786364,,,,,,,
0.2830849609374932,-0.34288588566175504,0.1304262612132466,-0.17504462348559963,0.0,88.05041429101912,-24.54752319190233,19,45502,894000,0.0003,87.28659057617188,0.029782196506857872,0.2464413344860077,9.760490417480469,12.608424186706543,884001,40000.0,-19834.07060786364,,,,,,,
-3.004949621200564,-0.15902804137442095,0.1616546924587426,-0.16455272362893067,0.0,63.78793647853795,96.33758761700132,19,45583,896000,0.0003,88.0113296508789,0.03238890692591667,-0.26503878831863403,19.218212127685547,26.262895584106445,886001,40000.0,-19834.07060786364,,,,,,,
-2.174113672256467,-0.1611943112608329,-0.04471984773609333,-0.14625611454793844,0.0,53.05211738534658,74.45215050983947,19,45665,898000,0.0003,88.10597229003906,0.03190019354224205,0.8935299515724182,8.722142219543457,11.942134857177734,888001,40000.0,-19834.07060786364,,,,,,,
-15.642044696807858,-0.2294795209196572,-0.2650423735645949,-0.0033573281476055317,0.0,112.96246262946931,432.22706389913685,,,900000,0.0003,90.02263641357422,0.03384923189878464,-0.18197230994701385,20.81287956237793,25.609766006469727,890000,,,0.026156250000000016,0.0,40000.0,-34881.36106524264,10385.963381646361,0.0009375000000000007,0.0
,,,,,,,19,46902,900000,0.0003,83.75076293945312,0.033850256353616714,-0.5829436779022217,10.771984100341797,15.926713943481445,890001,40000.0,-19834.07060786364,,,,,,,
-15.182651945114111,-0.3694151835978461,0.19621729433995316,0.37249756446177534,0.0,237.17493210370833,-256.1425534749031,19,46983,902000,0.0003,89.91068267822266,0.03436964005231857,0.15925383567810059,15.638647079467773,13.93035888671875,892001,40000.0,-19834.07060786364,,,,,,,
-17.914302165985106,-0.284775723173528,0.011314717888318053,0.4559641791267615,0.0,313.0015840575257,195.58948177235092,19,47064,904000,0.0003,89.37390899658203,0.02854054979979992,-0.23625825345516205,13.648397445678711,19.241559982299805,894001,40000.0,-19834.07060786364,,,,,,,
-7.990130878448475,-0.1228085277153517,0.10414173120267792,0.3694793963661146,0.0,187.0682631642307,35.77790747490138,19,47145,906000,0.0003,89.69805908203125,0.02965410053730011,-0.13955333828926086,21.77590560913086,25.117252349853516,896001,40000.0,-19834.07060786364,,,,,,,
-3.087976947784423,-0.07805105680887728,-0.08563433939367122,0.3280533597907322,0.0,150.28236647109085,207.61809031010603,19,47226,908000,0.0003,85.46324157714844,0.02849447913467884,-0.44617587327957153,9.519981384277344,13.891599655151367,898001,40000.0,-19834.07060786364,,,,,,,
-8.038320566177351,-0.12215115704898716,0.04184929395164998,0.35853110483897366,0.0,197.31480380092475,103.04386803976533,19,47308,910000,0.0003,86.96426391601562,0.026747269555926323,-0.08524590730667114,13.132440567016602,12.589309692382812,900001,40000.0,-19834.07060786364,,,,,,,
-4.3769626598358204,-0.08712517591604223,0.09131249351213279,0.3115742661261163,0.0,145.5771236567176,103.40957180956276,19,47389,912000,0.0003,92.64484405517578,0.03028334677219391,0.40586498379707336,12.504533767700195,18.681217193603516,902001,40000.0,-19834.07060786364,,,,,,,
0.950404985427856,-0.057987914058855894,-0.07089350835019843,0.28459580044617006,0.0,114.05913034362693,169.61468773266293,19,47470,914000,0.0003,85.22310638427734,0.0314846970140934,-0.25673341751098633,14.280499458312988,22.448497772216797,904001,40000.0,-19834.07060786364,,,,,,,
-0.7614491691589329,-0.011113010763103023,0.05940930467085005,0.26032478719430285,0.0,101.13879578991013,170.0237942060599,19,47551,916000,0.0003,81.40583038330078,0.03143663331866264,0.24550238251686096,8.488605499267578,9.924492835998535,906001,40000.0,-19834.07060786364,,,,,,,
-1.0907214202880864,-0.11408473697881104,-0.03153555624427502,0.23287843020518467,0.0,92.18246704586579,116.69736166276441,19,47632,918000,0.0003,91.94686889648438,0.02922065742313862,-0.24494382739067078,22.78130340576172,15.792363166809082,908001,40000.0,-19834.07060786364,,,,,,,
0.3672897148132317,-0.014021408150395405,-0.0514007120825884,0.18959966690904373,0.0,60.021333837460396,228.2951289853879,19,47713,920000,0.0003,86.02545928955078,0.03321179375052452,-0.1707434356212616,11.22968578338623,15.990378379821777,910001,40000.0,-19632.52384604348,,,,,,,
5.120709032058718,0.23991748180207303,0.340712172050291,-0.9256561463098558,0.0,1112.4699927057047,-188.262050761862,19,47793,922000,0.0003,83.2663345336914,0.029282433912158012,0.32451748847961426,14.303634643554688,17.049680709838867,912001,40000.0,-19632.52384604348,,,,,,,
6.738023244857795,0.7800973853201612,0.3344270565749435,-0.649120633271594,0.0,772.2585658019472,-230.10288001086732,19,47874,924000,0.0003,85.82526397705078,0.026492036879062653,0.23468002676963806,16.09878921508789,17.909273147583008,914001,40000.0,-19632.52384604348,,,,,,,
-10.635568067550645,-0.08365625632273303,-0.2900716897266068,-0.4035433555116172,0.0,630.8108846152269,-384.9683105715528,19,47954,926000,0.0003,88.59159851074219,0.02731713280081749,-0.16489800810813904,11.52056884765625,10.556180953979492,916001,40000.0,-19632.52384604348,,,,,,,
-4.868426738739015,0.111553174962539,-0.5683001607065427,-0.09002098652433373,0.0,161.94449937899427,-181.2508820134622,19,48034,928000,0.0003,85.17239379882812,0.027102326974272728,0.6826460361480713,9.434231758117676,13.678775787353516,918001,40000.0,-19632.52384604348,,,,,,,
-2.399413146972655,-0.14265931140273977,0.0973037376296538,-0.04500066595911568,0.0,38.84302231330182,91.41385804777924,19,48114,930000,0.0003,89.15061950683594,0.026809122413396835,-0.4079378843307495,15.164039611816406,18.237247467041016,920001,40000.0,-19632.52384604348,,,,,,,
1.4271639518737798,-0.0264607624574793,0.053581258614230964,-0.042707623570124364,0.0004999999999999994,27.412485904866607,232.0830478624661,19,48196,932000,0.0003,87.19025421142578,0.030739104375243187,0.12177859246730804,16.110057830810547,19.285568237304688,922001,40000.0,-19632.52384604348,,,,,,,
2.0428626918792756,0.013573478672784446,-0.016183356348649126,-0.033548075391883,0.0,26.18495542034858,153.09223321071508,19,48276,934000,0.0003,85.95934295654297,0.02738546021282673,0.26093095541000366,9.409597396850586,13.982638359069824,924001,40000.0,-19632.52384604348,,,,,,,
-0.25364702224731345,-0.09314909105526666,0.05793018979605197,0.0011043492763586926,0.0,14.594507773430585,111.40958596122636,19,48355,936000,0.0003,87.02827453613281,0.03045242838561535,0.8249693512916565,8.956464767456055,13.59481143951416,926001,40000.0,-19632.52384604348,,,,,,,
-0.3943626594543464,0.015128805758306592,-0.007923690887666243,0.0030348057235763263,0.4885000000000001,1.6223023510372505,179.65765268442522,19,48433,938000,0.0003,87.35948944091797,0.030496079474687576,0.3826666474342346,15.233744621276855,19.705339431762695,928001,40000.0,-19632.52384604348,,,,,,,
1.1347723350524914,-0.02981023815859318,-0.028409220157675285,6.254129714659349e-05,0.26550000000000024,11.918425575823113,187.33307320117018,19,48512,940000,0.0003,81.55745697021484,0.033714719116687775,-0.7350640296936035,14.567334175109863,16.474729537963867,930001,40000.0,-19632.52384604348,,,,,,,
-2.86748195075989,-0.06111644141578879,-0.08748966467262966,0.003928228869540444,0.06449999999999999,12.999531883492565,188.55042418138845,19,48590,942000,0.0003,87.34719848632812,0.029669631272554398,0.1224629282951355,13.692693710327148,17.590869903564453,932001,40000.0,-19632.52384604348,,,,,,,
1.0852371501922613,-0.08738902178108258,0.16411065400424954,0.03944655210563279,0.0,27.8568539236431,116.20523727649484,19,48667,944000,0.0003,81.42034912109375,0.03782430291175842,-0.8509579300880432,26.426959991455078,36.05266189575195,934001,40000.0,-19632.52384604348,,,,,,,
-2.1880312786102287,-0.03773548947203214,-0.10816682361090596,0.03809550974515914,0.0,16.05771435350414,167.3230620602382,19,48744,946000,0.0003,82.50757598876953,0.03474735468626022,-0.038819581270217896,18.292388916015625,15.033282279968262,936001,40000.0,-19632.52384604348,,,,,,,
-4.140602418899539,-0.22219216995197508,-0.04150063448585847,0.1646056317690866,0.0,114.08842318484919,143.24525276887104,19,48821,948000,0.0003,85.18682861328125,0.031790778040885925,-0.35630565881729126,17.33154296875,14.787172317504883,938001,40000.0,-19632.52384604348,,,,,,,
-6.444933992385874,-0.12617150814025296,-0.0036312843487781104,0.1879764823134209,0.0,58.13839548294729,164.9000186964867,19,48898,950000,0.0003,84.29743957519531,0.030287230387330055,-0.13065415620803833,10.124425888061523,9.374043464660645,940001,40000.0,-19632.52384604348,,,,,,,
-1.9906756000518802,-0.2104152258629041,0.05304712521162985,0.25992782304603407,0.0,159.98422820400515,97.64384424117834,19,48975,952000,0.0003,90.71465301513672,0.02966170199215412,0.18052461743354797,14.28659439086914,25.564804077148438,942001,40000.0,-19632.52384604348,,,,,,,
-5.680463815689091,-0.09734504920379192,-0.08575639315443845,0.28027892538018656,0.0,110.51899867117001,228.40463109236654,19,49051,954000,0.0003,78.880615234375,0.029225988313555717,-0.2688201367855072,8.640434265136719,13.113279342651367,944001,40000.0,-19632.52384604348,,,,,,,
-0.31425490188598676,-0.08445334080883346,0.09092187757599887,0.33278946574172774,0.0,176.6382167969703,242.97419897221994,19,49127,956000,0.0003,86.2634048461914,0.028468193486332893,-0.2195969671010971,13.068939208984375,11.015569686889648,946001,40000.0,-19632.52384604348,,,,,,,
-6.535151687622063,-0.1765926880386774,-0.07860505297910017,0.42293555173367664,0.0,245.64704824215164,116.3606675006979,19,49203,958000,0.0003,87.73934936523438,0.03065498173236847,0.053300581872463226,17.599485397338867,20.783353805541992,948001,40000.0,-19632.52384604348,,,,,,,
-12.581562723159783,-0.1789806065657075,-0.03282948925925697,0.427871858555385,0.0,240.22643119605664,122.140490569466,19,49279,960000,0.0003,84.76547241210938,0.03146671876311302,0.06408067047595978,12.778814315795898,18.216941833496094,950001,40000.0,-19310.761986708334,,,,,,,
1.2894857635498054,0.05759504019456909,0.0822974719629939,-0.990942431558669,0.0,1185.7098832055344,103.95339625191484,19,49355,962000,0.0003,87.68296813964844,0.03147689253091812,-0.10822794586420059,9.848124504089355,14.49862289428711,952001,40000.0,-19310.761986708334,,,,,,,
2.9387918167114235,0.1859354121949429,0.060410967599869365,-0.9739586119717175,0.0,1153.1487369037839,24.071048657173154,19,49430,964000,0.0003,93.20270538330078,0.03230976685881615,0.4721291959285736,14.907485008239746,19.05052947998047,954001,40000.0,-19310.761986708334,,,,,,,
13.426571958541867,0.47122927841132345,0.4421336475643882,-0.8087778618922032,0.0,988.1120089741106,-260.2815663911014,19,49504,966000,0.0003,93.7630615234375,0.028416316956281662,0.04957621544599533,11.449716567993164,13.566866874694824,956001,40000.0,-19310.761986708334,,,,,,,
0.08246102905273207,-0.2104252838748293,0.8189996885402923,-0.13092316778520893,0.0,1216.803902781875,535.9787736240456,19,49577,968000,0.0003,90.3767318725586,0.031239116564393044,0.26447224617004395,16.243362426757812,18.896484375,958001,40000.0,-19310.761986708334,,,,,,,
-2.356349338531494,-0.05972438810051125,-0.04768329475752103,-0.19424072906167794,0.0,1198.370432176525,76.63302152154367,19,49650,970000,0.0003,94.59562683105469,0.037446893751621246,0.03241467475891113,20.688526153564453,19.638010025024414,960001,40000.0,-19310.761986708334,,,,,,,
-2.504105262756347,0.013574960504056025,-0.02240079387787381,-0.19909294100085467,0.0,1282.6938582774576,203.6209833350597,19,49721,972000,0.0003,88.78772735595703,0.037387024611234665,0.15393471717834473,16.94182586669922,19.436491012573242,962001,40000.0,-19310.761986708334,,,,,,,
-3.21886944198609,-0.20362272958758307,-0.08921926401100723,-0.09376487941510209,0.0,1008.5978921834286,-184.79811653447962,19,49793,974000,0.0003,90.56974792480469,0.03373057395219803,0.45301294326782227,14.4241943359375,19.02068328857422,964001,40000.0,-19310.761986708334,,,,,,,
3.586655126571656,-0.16998025205348816,0.03822179814788667,-0.06211241454564841,0.0,1018.3909702772988,156.95976706216493,19,49865,976000,0.0003,83.01140594482422,0.035234659910202026,-0.8919508457183838,16.583885192871094,21.40991973876953,966001,40000.0,-19310.761986708334,,,,,,,
-3.239055274963378,-0.08148631865113122,0.020739919144522702,-0.04507638606712022,0.0,1121.2043578478808,189.921702274709,19,49936,978000,0.0003,81.61251831054688,0.031551193445920944,0.016767501831054688,8.320998191833496,9.082629203796387,968001,40000.0,-19310.761986708334,,,,,,,
-2.941022701263425,0.03567090931483318,0.16311371810718,-0.055634702017946486,0.0,1270.8350256368249,434.69216708078795,19,50008,980000,0.0003,89.61489868164062,0.029513057321310043,-0.17544274032115936,13.16491985321045,16.72511100769043,970001,40000.0,-19310.761986708334,,,,,,,
-1.6395447502136213,0.06721660730369891,-0.09521591958712873,-0.060120778887700004,0.0,1309.647119431862,7.352037035914511,19,50080,982000,0.0003,82.60750579833984,0.02932712994515896,-0.5136169791221619,13.056341171264648,17.539918899536133,972001,40000.0,-19310.761986708334,,,,,,,
-1.2726962985992445,-0.08835057481300072,-0.050811233981880026,-0.031636633101931884,0.0,1116.9361638463417,0.1755387762363178,19,50151,984000,0.0003,80.39936065673828,0.027099011465907097,-0.5929806232452393,13.65462875366211,18.876178741455078,974001,40000.0,-19310.761986708334,,,,,,,
1.4859373168945322,-0.039364701376379575,0.005756220001298611,-0.021619720793775384,0.0645,1165.0780666988321,156.66957869152176,19,50223,986000,0.0003,91.70242309570312,0.025941383093595505,0.656548261642456,13.442264556884766,14.860301971435547,976001,40000.0,-19310.761986708334,,,,,,,
-0.19461690521240155,-0.07579298804821745,-0.03051578702493506,-0.024445504190476666,0.0,1124.046930570107,110.83911048779305,19,50294,988000,0.0003,79.18997955322266,0.02795545384287834,0.4423094391822815,11.448899269104004,12.7774019241333,978001,40000.0,-19310.761986708334,,,,,,,
-5.0162398319244454,-0.11634895812607587,0.008547217999743083,0.00598384310725861,0.0,1076.9857094954737,99.95871039980001,19,50365,990000,0.0003,82.4467544555664,0.027319764718413353,-1.103416085243225,13.675031661987305,23.88579559326172,980001,40000.0,-19310.761986708334,,,,,,,
0.816393907546997,-0.06179244692733772,0.05020186785302145,0.00268085359660974,0.0015,1137.399545850295,222.70144207107202,19,50435,992000,0.0003,87.83515930175781,0.027535315603017807,-0.5806235074996948,16.11617660522461,15.788393020629883,982001,40000.0,-19310.761986708334,,,,,,,
0.37505829238891614,0.02693007585041573,0.025298723876350737,0.005161554514156711,0.05750000000000009,1244.5314990718746,198.27928980762252,19,50505,994000,0.0003,83.58003234863281,0.02513189986348152,-0.28814876079559326,12.723697662353516,17.38279914855957,984001,40000.0,-19310.761986708334,,,,,,,
-2.242420661926271,-0.04792155633484434,-0.10976277640462803,0.010246001758728529,0.13800000000000015,1161.4198561062697,-30.92171893708783,19,50578,996000,0.0003,88.86927032470703,0.028538379818201065,0.14140120148658752,11.01142692565918,13.69624137878418,986001,40000.0,-19310.761986708334,,,,,,,
-0.7604478492736823,-0.1138144313897577,0.06470451325847842,0.04670182585380789,0.0,1082.1990208663187,231.93480838901297,19,50647,998000,0.0003,89.50334930419922,0.02943739853799343,0.1471247375011444,8.387899398803711,14.316180229187012,988001,40000.0,-19310.761986708334,,,,,,,
0.12123538970947141,-0.08145547933166655,-0.024255343422783824,0.04607786252818972,0.0,1120.176195310487,128.30864147761517,,,1000000,0.0003,84.42129516601562,0.030636804178357124,-0.06640051305294037,9.636665344238281,9.414449691772461,990000,,,0.026156250000000016,0.0,40000.0,-39206.5713249183,482.6014622021447,0.0,0.0
,,,,,,,19,51886,1000000,0.0003,77.34943389892578,0.030634809285402298,-0.7584394216537476,12.443893432617188,15.05556869506836,990001,40000.0,-18936.120865240002,,,,,,,
