rollout/acrobot_xk_applied_torque,rollout/acrobot_xk_elbow_norm,rollout/acrobot_xk_elbow_rate_norm,rollout/acrobot_xk_energy_error_norm,rollout/acrobot_xk_homoclinic_capture,rollout/acrobot_xk_lyapunov,rollout/acrobot_xk_lyapunov_rate,time/fps,time/time_elapsed,time/total_timesteps,train/learning_rate,train/actor_loss,train/alpha,train/critic_loss,train/fraction,train/n_updates,rollout/ep_len_mean,rollout/ep_rew_mean,eval/best_strict_capture_mean_max_duration,eval/best_strict_capture_success_rate,eval/mean_ep_length,eval/mean_reward,eval/std_reward,eval/strict_capture_mean_max_duration,eval/strict_capture_success_rate
-0.21723398400296,0.009112458859480123,-0.0096584445744355,-0.991155684320137,0.0,1187.0570036036215,64.67660310150896,2147,0,2000,0.0003,,,,,,,,,,,,,,
-0.0049138985876926,-0.03257785591983317,0.0786462409935898,-0.9860113115132314,0.0,1193.9789159725863,-19.38344097020341,2164,1,4000,0.0003,,,,,,,,,,,,,,
-0.009895853701746163,0.005749312153009708,0.018427733352133505,-0.9834910742705385,0.0,1198.1209488821555,40.537331874402376,2171,2,6000,0.0003,,,,,,,,,,,,,,
-0.2357622986589017,-0.01998034027440858,-0.028275593599364452,-0.9771896714828486,0.0,1219.4029746164945,40.85467385584366,2169,3,8000,0.0003,,,,,,,,,,,,,,
0.0006334198852529127,-0.03827739378801219,-0.008815291796587727,-0.9737201181085273,0.0,1225.2523821370187,176.61824197996583,1531,6,10000,0.0003,0.20483487844467163,0.05000000074505806,2908795.5,4.820573329925537,1,,,,,,,,,
1.780450821518896,0.13883857377849113,0.10839861406138293,-0.9803480804189356,0.0,1170.8661720849066,-199.92389840670842,172,69,12000,0.0003,38860.52734375,0.05000000074505806,45952.30859375,690.6749267578125,2001,,,,,,,,,
0.7766335523128496,0.07593272608760435,-0.26481889595571423,-0.9790441147953773,0.0,1191.6022589125173,58.06308137899451,103,134,14000,0.0003,103021.453125,0.05000000074505806,10171.380859375,908.1906127929688,4001,,,,,,,,,
-5.413507803082463,-0.31506472420632314,-0.2649507791421154,-0.924185695152874,0.0,1100.4045381265516,-259.0395480277862,80,199,16000,0.0003,144019.546875,0.05000000074505806,47737.8125,1577.4287109375,6001,,,,,,,,,
-9.269068830013289,-0.6674940431055975,-0.14909947353824904,-0.7548638912612498,0.0,830.4673669308909,-171.0414243394798,67,264,18000,0.0003,159937.578125,0.05000000074505806,34403.3671875,1469.7178955078125,8001,,,,,,,,,
-6.011943701505665,-0.584962295860031,0.30774022956474434,-0.7533434429675238,0.0,856.2563681907,210.89811443320264,60,329,20000,0.0003,158136.859375,0.05000000074505806,44696.2109375,1652.4564208984375,10001,,,,,,,,,
-4.7503580188751195,-0.22477521008870124,0.14212258537533218,-0.9145931371051245,0.0,1036.8041969365654,116.43180353457718,55,395,22000,0.0003,160144.125,0.05000000074505806,51357.5078125,1459.931396484375,12001,,,,,,,,,
-6.586173912882807,-0.2632700111674034,-0.3014866815809139,-0.8816862929788172,0.0,1060.0091060841744,-219.59223043250873,52,460,24000,0.0003,171453.4375,0.05000000074505806,37237.67578125,1318.223876953125,14001,,,,,,,,,
-0.17968332588672925,0.08245345060979299,-0.7956825670726214,-0.5194553109167941,0.0,980.548383294334,992.1863679542059,49,525,26000,0.0003,168392.546875,0.05000000074505806,56469.21484375,1516.0657958984375,16001,,,,,,,,,
-10.068173635005957,-0.3061190997779667,-0.8325747511555615,-0.6823624787221269,0.0,1170.2464378093648,-14.329777481881068,47,589,28000,0.0003,180785.40625,0.05000000074505806,5100267.0,9443.9912109375,18001,26387.0,-69344745.162688,,,,,,,
0.9024142813682597,0.28247401029793046,-0.30160387142943496,-0.47824036733669206,0.0,1919.4048779881673,14171.525828940847,45,654,30000,0.0003,201461.125,0.05000000074505806,141970752.0,47105.90234375,20001,14336.5,-56558304.055026,,,,,,,
19.48766339540476,0.16432644453125078,1.6836462512121126,-0.16173256481300638,0.0,1952.2859259549084,18400.62123599049,44,718,32000,0.0003,201428.640625,0.05000000074505806,449781472.0,84832.3828125,22001,10346.666666666666,-52384548.23037367,,,,,,,
19.809825447797742,-0.06348746346500769,2.153841069005387,0.0846405591855533,0.0,3253.2980820271036,39821.20903352792,43,783,34000,0.0003,217734.5,0.05000000074505806,548931072.0,78230.65625,24001,6750.6,-48936498.179203406,,,,,,,
19.9279536175728,0.17643853277663069,1.998476219322776,0.01416766585475582,0.0,2439.1075436210153,21102.93482989389,42,848,36000,0.0003,240495.375,0.05000000074505806,863762048.0,108956.8984375,26001,5848.833333333333,-48079348.150595665,,,,,,,
17.33910298645496,-0.052877851265131996,2.0168353354143393,0.051263771559039405,0.0,3224.627510995246,38807.70800628558,41,912,38000,0.0003,327084.40625,0.05000000074505806,1826358528.0,222196.0625,28001,4713.0,-47007438.70152138,,,,,,,
5.891458879113206,0.3291929113136302,0.3131878245675553,-0.903325911756088,0.0,1059.5984971324438,-312.3896231254852,40,977,40000,0.0003,407094.53125,0.05000000074505806,2597101568.0,361121.09375,30001,4713.0,-47007438.70152138,,,,,,,
6.22274718880653,0.5425475851074758,-0.06307462243024761,-0.8128737735827223,0.0,891.0793635716241,72.26090428667148,40,1041,42000,0.0003,533707.0,0.05000000074505806,7084770816.0,481154.78125,32001,4713.0,-47007438.70152138,,,,,,,
5.799808100461958,0.27109307054110426,-0.1841565379519851,-0.9327733734779908,0.0,1085.3085666356658,165.95096796986513,39,1105,44000,0.0003,615806.125,0.05000000074505806,12892559360.0,634340.1875,34001,4713.0,-47007438.70152138,,,,,,,
3.4062104284763337,0.17707605248027275,0.01650368841581729,-0.9675266201517306,0.0,1133.7341788172055,-9.690439791727501,39,1168,46000,0.0003,663645.375,0.05000000074505806,20885217280.0,888704.1875,36001,4713.0,-47007438.70152138,,,,,,,
1.7905275160074245,0.13174099967188116,-0.11896424795285085,-0.9713875703305295,0.0,1145.3075956048879,41.67459459448577,38,1231,48000,0.0003,744323.875,0.05000000074505806,39517712384.0,1484807.25,38001,4713.0,-47007438.70152138,,,,,,,
-1.3429688739776593,-0.10055669482265667,-0.1538119869580201,-0.9750073849484386,0.0,1154.7355027603267,-37.24338818535859,38,1293,50000,0.0003,897749.75,0.05000000074505806,41184829440.0,1322675.625,40001,4713.0,-47007438.70152138,,,,,,,
-6.257483010888102,-0.3124171263734948,-0.18343121847055494,-0.92383391127529,0.0,1071.0207548129054,-171.78462979122403,38,1356,52000,0.0003,1570465.125,0.05000000074505806,238282670080.0,3056336.5,42001,4713.0,-47007438.70152138,,,,,,,
-9.68356695771217,-0.4045638914333758,-0.46848319553075296,-0.6089608214562585,0.0,754.3020494387177,-219.8412277414541,38,1419,54000,0.0003,1817535.125,0.05000000074505806,455407435776.0,5021204.0,44001,4713.0,-47007438.70152138,,,,,,,
17.578557997345946,0.7411900291233663,0.03821253090126467,-0.5809500773037601,0.0,929.0187382594798,-50.15242453276935,37,1482,56000,0.0003,2372585.0,0.05000000074505806,432412196864.0,3164411.5,46001,4713.0,-47007438.70152138,,,,,,,
5.801775857806199,-0.41158756543355873,0.5888956645604554,-0.19376814007925036,0.0,338.2932854087154,-523.1488531404652,37,1545,58000,0.0003,4529787.0,0.05000000074505806,1139393953792.0,7345010.5,48001,4713.0,-47007438.70152138,,,,,,,
11.048671060800556,0.16818287989164074,0.4682934639338024,0.02215200435629921,0.0,149.61067932259508,1.1876184608524445,37,1608,60000,0.0003,4091320.75,0.05000000074505806,1862065455104.0,12096234.0,50001,4713.0,-47007438.70152138,,,,,,,
14.387073221802712,0.41782361691210157,-0.2772381318031782,0.14755133086400152,0.0,362.75135871138707,169.4639055593533,37,1672,62000,0.0003,6756193.5,0.05000000074505806,5481432088576.0,16252854.0,52001,4713.0,-47007438.70152138,,,,,,,
-1.9098686271905894,0.2791822093847518,0.1672297933254379,-0.34931213985027354,0.0,212.10543918374023,-155.06016302166663,36,1735,64000,0.0003,8471739.0,0.05000000074505806,7646553309184.0,25025488.0,54001,4713.0,-47007438.70152138,,,,,,,
-0.9786553281545639,0.06263452657958699,-0.2694650936371784,-0.3202305962075277,0.0,158.3023201239995,-52.403102020641526,36,1799,66000,0.0003,10049020.0,0.05000000074505806,13612552814592.0,26929936.0,56001,4713.0,-47007438.70152138,,,,,,,
2.1241584968566904,-0.09220019679091913,0.1017619666973206,-0.30154211748523874,0.0,123.5568457340127,21.568391554788555,36,1864,68000,0.0003,10150685.0,0.05000000074505806,14178045657088.0,34015684.0,58001,4713.0,-47007438.70152138,,,,,,,
13.594595265388504,0.2693725902018041,0.22909733625159406,-0.12625134448049774,0.0,121.57091804986548,-63.34146513660828,36,1928,70000,0.0003,6585617.5,0.05000000074505806,8204262047744.0,26065564.0,60001,4713.0,-47007438.70152138,,,,,,,
-5.7296769201755495,0.355855634537389,-0.10769457472854711,-0.08322429584509414,0.0,62.134879011391945,-45.679425055162135,36,1994,72000,0.0003,11592611.0,0.05000000074505806,17708590563328.0,42430008.0,62001,4713.0,-47007438.70152138,,,,,,,
-1.702856570482253,0.041240207612950726,-0.255159927591343,-0.005949712288067235,0.0,28.831024621600427,17.37014382228771,35,2060,74000,0.0003,10195616.0,0.05000000074505806,24140484444160.0,49881816.0,64001,4713.0,-47007438.70152138,,,,,,,
-12.351880595684056,-0.2702684553080179,0.051732558220055035,-0.0035437488391534214,0.0,233.29314070825794,59.07332153690808,35,2125,76000,0.0003,14770859.0,0.05000000074505806,10846375772160.0,23371382.0,66001,4713.0,-47007438.70152138,,,,,,,
2.439249776005746,-0.04819707256177126,0.12929397601575066,-0.39912488193473783,0.0,278.44480756100495,49.09336952496898,35,2191,78000,0.0003,18010420.0,0.05000000074505806,59260138422272.0,58248784.0,68001,8633.777777777777,-44294115.62444356,,,,,,,
4.449073879718782,0.24399546169890182,0.22017805841407895,-0.9522521056727987,0.0,1128.6904505727543,-171.8954769964017,35,2257,80000,0.0003,16880924.0,0.05000000074505806,21893163778048.0,40562220.0,70001,8633.777777777777,-44294115.62444356,,,,,,,
8.825858658552159,0.5223396717359718,0.18320165169965763,-0.8291394103131833,0.0,924.7339423600906,-219.30441326414297,35,2323,82000,0.0003,15626172.0,0.05000000074505806,24957320953856.0,35048292.0,72001,8633.777777777777,-44294115.62444356,,,,,,,
7.528801157474516,0.696341374322164,0.008045525262943613,-0.7329514655332307,0.0,794.1650606572017,-2.022591715228352,35,2390,84000,0.0003,20968358.0,0.05000000074505806,84859259191296.0,84402896.0,74001,8633.777777777777,-44294115.62444356,,,,,,,
10.986007959842675,0.6324055548538041,-0.013351474010382051,-0.7748255012766527,0.0,843.137552599532,15.492638687402652,35,2456,86000,0.0003,18244472.0,0.05000000074505806,18870257582080.0,23484738.0,76001,8633.777777777777,-44294115.62444356,,,,,,,
8.691726421117812,0.7414378787944321,0.11199377486220767,-0.7022318300227269,0.0,765.4060964909753,-100.10522213131988,34,2523,88000,0.0003,29717858.0,0.05000000074505806,98226237603840.0,79989136.0,78001,8633.777777777777,-44294115.62444356,,,,,,,
8.45898470282555,0.7489743221206161,-0.10210162324897538,-0.6973556492146602,0.0,759.436279449768,86.79411398036724,34,2590,90000,0.0003,28632974.0,0.05000000074505806,145270574678016.0,104872856.0,80001,8633.777777777777,-44294115.62444356,,,,,,,
11.659700968265541,0.6605152803621048,0.04249637814786219,-0.7543948390660645,0.0,818.5435226520764,-49.661898309958566,34,2657,92000,0.0003,19509406.0,0.05000000074505806,66163140722688.0,71096024.0,82001,8633.777777777777,-44294115.62444356,,,,,,,
5.969092510938644,0.8187307574821756,0.08084961459871919,-0.6530966446722546,0.0,720.8122744828686,-57.626340248693026,34,2725,94000,0.0003,35813884.0,0.05000000074505806,341291120459776.0,122719360.0,84001,8633.777777777777,-44294115.62444356,,,,,,,
9.557890679240217,0.7330736072662519,-0.14230322861773806,-0.6982158214805685,0.0,758.939937607152,119.53620961118962,34,2792,96000,0.0003,33144888.0,0.05000000074505806,324760462426112.0,133957232.0,86001,8633.777777777777,-44294115.62444356,,,,,,,
11.995342344045643,0.6685550660312827,0.09756593688277489,-0.739945024199586,0.0,801.0827134618412,-111.70901127660099,34,2860,98000,0.0003,39021668.0,0.05000000074505806,273424698048512.0,133590456.0,88001,8633.777777777777,-44294115.62444356,,,,,,,
1.9984757506847364,0.8847898343693795,0.07877127933165197,-0.6100130885813357,0.0,691.7472369191091,-37.99192348972338,,,100000,0.0003,27843682.0,0.05000000074505806,243722079961088.0,163892800.0,90000,,,0.0,0.0,40000.0,-36863.69196706549,3854.4257618528563,0.0,0.0
,,,,,,,24,4036,100000,0.0003,26041030.0,0.05000000074505806,55768992710656.0,40876408.0,90001,8633.777777777777,-44294115.62444356,,,,,,,
8.882257145643234,0.7321428054878238,-0.2084974267516047,-0.6667678316542948,0.0,719.5359089046382,142.3034522516252,24,4100,102000,0.0003,18115418.0,0.05000000074505806,39984622993408.0,42450924.0,92001,8633.777777777777,-44294115.62444356,,,,,,,
12.877832906246185,0.6143383526166506,0.11356703418668043,-0.7461023252039924,0.0,797.5373620383851,-149.96141958643497,24,4167,104000,0.0003,36617408.0,0.05000000074505806,212853009154048.0,161422224.0,94001,8633.777777777777,-44294115.62444356,,,,,,,
-5.990726658701895,-0.15351747283337805,0.19117585581449123,-0.5385504361713985,0.0,676.8168438163566,-9.30368088312177,25,4235,106000,0.0003,22673380.0,0.05000000074505806,131470106558464.0,62903744.0,96001,8633.777777777777,-44294115.62444356,,,,,,,
-8.082922713160533,0.5196470236678435,-0.5287067708530424,-0.23556820697113393,0.0,338.3177849391143,-537.081619793708,25,4302,108000,0.0003,26755838.0,0.05000000074505806,314508912361472.0,196696048.0,98001,8633.777777777777,-44294115.62444356,,,,,,,
-0.9519309747219096,0.004947832042401902,-0.27338897140887114,-0.14116486777093543,0.0,63.30415646695738,-96.16086381270784,25,4370,110000,0.0003,22857860.0,0.05000000074505806,126080409141248.0,102532144.0,100001,8633.777777777777,-44294115.62444356,,,,,,,
3.129139405488969,-0.15193696695674708,0.03732809176741507,-0.12742841632814286,0.0,30.940235851930026,11.818083416083125,25,4438,112000,0.0003,36809776.0,0.05000000074505806,129769786048512.0,54813456.0,102001,8633.777777777777,-44294115.62444356,,,,,,,
12.876036190986653,0.16416882353679138,0.1806679671134072,0.0024016155799946293,0.0,122.02342321263124,105.1756190620995,25,4506,114000,0.0003,34326656.0,0.05000000074505806,255988254900224.0,116489888.0,104001,8633.777777777777,-44294115.62444356,,,,,,,
-1.9487009239196746,0.3346343983802757,0.08659860973165019,-0.0003282576097970211,0.0,58.64853879532073,-113.41008204375527,25,4573,116000,0.0003,54913592.0,0.05000000074505806,654242838740992.0,247795184.0,106001,8633.777777777777,-44294115.62444356,,,,,,,
9.61014956474303,0.3036779329628051,0.0639561008780034,-0.09182053171952101,0.0,252.94220613685107,457.4668813885718,25,4641,118000,0.0003,47926856.0,0.05000000074505806,504164064952320.0,207213696.0,108001,11770.4,-42278234.80826641,,,,,,,
6.939342433214192,0.3608248722568523,0.35980031384644,-0.8699536573496139,0.0,1009.9907754448717,-392.4975971776071,25,4709,120000,0.0003,22347668.0,0.05000000074505806,124642039693312.0,76625904.0,110001,11770.4,-42278234.80826641,,,,,,,
6.041210557222361,0.6992778361714224,0.04260892998182725,-0.7104172156598363,0.0,761.8875203114435,-20.082532552990447,25,4777,122000,0.0003,52023812.0,0.05000000074505806,1218455646765056.0,303348320.0,112001,11770.4,-42278234.80826641,,,,,,,
11.677681528329854,0.6246944727773998,-0.01607324302735798,-0.7660708322418034,0.0,825.7232261210415,21.18087388099311,25,4845,124000,0.0003,37289600.0,0.05000000074505806,629436584034304.0,293352864.0,114001,11770.4,-42278234.80826641,,,,,,,
7.5145680338144425,0.6688351413921142,0.2561564588777516,-0.6215412829337972,0.0,706.6409883045864,-93.68388480619282,25,4913,126000,0.0003,57616004.0,0.05000000074505806,828595693944832.0,264395424.0,116001,11770.4,-42278234.80826641,,,,,,,
-12.051592927575108,-0.20842745981476674,-0.1938419166416632,-0.5133383748766738,0.0,649.4999610267076,-305.2634489024623,25,4981,128000,0.0003,53329240.0,0.05000000074505806,1018411505156096.0,300043520.0,118001,11770.4,-42278234.80826641,,,,,,,
10.711966510415092,0.4571101868041629,-0.3244417867632381,-0.4876233640362215,0.0,411.21622035916545,115.73351783454599,25,5049,130000,0.0003,69647064.0,0.05000000074505806,1693115299659776.0,348686944.0,120001,11770.4,-42278234.80826641,,,,,,,
8.731388655900956,0.2931174525203052,0.14959514006429298,-0.6242048769456083,0.0,521.2562074145878,-109.46122928144696,25,5117,132000,0.0003,52344020.0,0.05000000074505806,1423174860275712.0,346505344.0,122001,11770.4,-42278234.80826641,,,,,,,
5.661239932775492,0.6186402700943762,0.11628856016723818,-0.3258216102926438,0.0,265.2078074011396,-161.89188084422173,25,5185,134000,0.0003,52878348.0,0.05000000074505806,358050753937408.0,138064560.0,124001,11770.4,-42278234.80826641,,,,,,,
-5.131165792346,0.3490980105278833,-0.44138262249267085,-0.13835802891327242,0.0,148.76618844489593,-155.33116195938527,25,5253,136000,0.0003,48781440.0,0.05000000074505806,352772943773696.0,113145024.0,126001,11770.4,-42278234.80826641,,,,,,,
-8.631555957198142,-0.19106564565850462,-0.21853606119506966,0.022688121299083683,0.0,40.572747123065355,-48.213543061813645,25,5321,138000,0.0003,81063464.0,0.05000000074505806,379549447618560.0,118565952.0,128001,11770.4,-42278234.80826641,,,,,,,
-7.821753790974615,-0.48650215583318274,-0.17948377085105338,0.13364104279216807,0.0,159.17864447866785,545.1486633318633,25,5388,140000,0.0003,83594520.0,0.05000000074505806,2325570708832256.0,397184576.0,130001,11770.4,-42278234.80826641,,,,,,,
-2.869460438489921,-0.023454602115746764,0.5107214234077397,-0.4894593273084618,0.0,598.038998637906,-175.5224577256241,26,5456,142000,0.0003,34338640.0,0.05000000074505806,348233062678528.0,130369376.0,132001,11770.4,-42278234.80826641,,,,,,,
14.379093391895296,0.41796996625354793,0.25655190731730765,-0.33237316645429543,0.0,253.34731091719115,-231.04974605991495,26,5524,144000,0.0003,51229048.0,0.05000000074505806,663326828789760.0,289270176.0,134001,11770.4,-42278234.80826641,,,,,,,
-7.389248352050801,0.437906520566844,-0.25899429865552004,-0.19780864039689028,0.0,153.21434247106893,-84.7900187940253,26,5591,146000,0.0003,92088456.0,0.05000000074505806,3237070143225856.0,457513728.0,136001,11770.4,-42278234.80826641,,,,,,,
-6.80394584357738,-0.08635449312523959,-0.27486304392927163,-0.057871223169180884,0.0,48.954526237707526,-82.65516630419796,26,5659,148000,0.0003,61317788.0,0.05000000074505806,1105158436028416.0,353566656.0,138001,11770.4,-42278234.80826641,,,,,,,
2.2229223704338046,-0.3179080778859737,-0.13385013251880284,0.0037634239741134133,0.0,38.57306253409934,52.272326070329434,26,5727,150000,0.0003,56750792.0,0.05000000074505806,353651533021184.0,184644128.0,140001,11770.4,-42278234.80826641,,,,,,,
-13.687496445775032,-0.4543534706530045,0.2619207125305949,-0.08046492037708247,0.0,421.20538644640516,365.56785786021385,26,5795,152000,0.0003,68790128.0,0.05000000074505806,1121787542765568.0,311497696.0,142001,11770.4,-42278234.80826641,,,,,,,
7.932250946760176,0.15928441381644895,0.35914393936888667,-0.5199772383693153,0.0,408.4481929469375,-251.6871532363704,26,5863,154000,0.0003,88047264.0,0.05000000074505806,525103171371008.0,197108640.0,144001,11770.4,-42278234.80826641,,,,,,,
3.4960633254051308,0.5230605830648328,0.018056728270629128,-0.24342027200257066,0.0,169.91394467199467,-22.416067176108054,26,5931,156000,0.0003,80231152.0,0.05000000074505806,757083481833472.0,141201728.0,146001,11770.4,-42278234.80826641,,,,,,,
-3.367912205457696,0.2224469213421611,-0.3143555537082272,-0.24212062561783249,0.0,273.39207179870544,-46.75367477038529,26,6000,158000,0.0003,78276760.0,0.05000000074505806,601151674253312.0,211712304.0,148001,14336.727272727272,-39865239.46282964,,,,,,,
4.869313828945163,0.264638078419013,0.2322924007558711,-0.9338394625839389,0.0,1093.0501712514056,-195.0270709949276,26,6068,160000,0.0003,66729972.0,0.05000000074505806,2693478681149440.0,635996992.0,150001,14336.727272727272,-39865239.46282964,,,,,,,
11.088960909843435,0.5891541265149124,0.2741452915978181,-0.7586042683753454,0.0,838.5007168067987,-327.0072420370239,26,6136,162000,0.0003,75963720.0,0.05000000074505806,3332346208059392.0,645791296.0,152001,14336.727272727272,-39865239.46282964,,,,,,,
-6.574820521473883,-0.24033050209835777,0.15650794926954437,-0.5679756635651645,0.0,713.5969515949836,56.89412949997952,26,6204,164000,0.0003,64657648.0,0.05000000074505806,1046965924134912.0,201462304.0,154001,14336.727272727272,-39865239.46282964,,,,,,,
-2.5815758019685777,0.5205427701901275,-0.41840638894640303,-0.4079160288132538,0.0,450.84799664638643,-364.9150318194419,26,6272,166000,0.0003,104696032.0,0.05000000074505806,2831331562094592.0,514545984.0,156001,14336.727272727272,-39865239.46282964,,,,,,,
10.34129083752632,0.29199277203913243,-0.1270067008834327,-0.5948593205436348,0.0,465.4076229654499,149.14124583754443,26,6340,168000,0.0003,62865320.0,0.05000000074505806,753237539946496.0,225412784.0,158001,14336.727272727272,-39865239.46282964,,,,,,,
15.45298220396042,0.44459410488690027,0.2199144517093671,-0.4586652570593493,0.0,370.37867029551626,-263.4959682267689,26,6408,170000,0.0003,43386736.0,0.05000000074505806,746764890013696.0,197762352.0,160001,14336.727272727272,-39865239.46282964,,,,,,,
-7.765059143900862,0.5825522793892332,-0.13931542027652283,-0.2629686826576382,0.0,229.83271342140793,-92.18839476093659,26,6476,172000,0.0003,95463568.0,0.05000000074505806,3693335256498176.0,575655552.0,162001,14336.727272727272,-39865239.46282964,,,,,,,
-1.451659030914305,0.07510994889518832,-0.3227399077276697,-0.14821564663167125,0.0,80.16496395928559,-119.90054495519801,26,6544,174000,0.0003,161915904.0,0.05000000074505806,2930709589131264.0,486977920.0,164001,14336.727272727272,-39865239.46282964,,,,,,,
1.9373493862152096,-0.14904161770826002,-0.02205505963795283,-0.1317315829431849,0.0,29.529527949779094,4.149599106028628,26,6612,176000,0.0003,92635200.0,0.05000000074505806,1260266884956160.0,198749072.0,166001,14336.727272727272,-39865239.46282964,,,,,,,
9.711436635255813,0.1044327663682574,0.29450115532008014,-0.017537176188569845,0.0,103.95756704302696,234.85717409815814,26,6680,178000,0.0003,112973360.0,0.05000000074505806,1991795110051840.0,241616576.0,168001,14336.727272727272,-39865239.46282964,,,,,,,
2.451025868654258,0.3172685996652112,0.038414645384129614,-0.011869342373035443,0.0,86.95776023905921,-223.01425092209115,26,6748,180000,0.0003,82995744.0,0.05000000074505806,1457169392205824.0,370675712.0,170001,14336.727272727272,-39865239.46282964,,,,,,,
7.5079158031940425,0.34409929499089426,0.024839407672810544,0.05270678253288267,0.0,65.69431561060749,234.89092468013536,26,6816,182000,0.0003,155173456.0,0.05000000074505806,7667810482257920.0,876861248.0,172001,14336.727272727272,-39865239.46282964,,,,,,,
3.6684361582994356,0.3099159167674704,0.012334637087442594,-0.1864367360852465,0.0,202.58272814844568,-172.23167048369078,26,6884,184000,0.0003,100351160.0,0.05000000074505806,3055439465938944.0,607254656.0,174001,14336.727272727272,-39865239.46282964,,,,,,,
-5.317913972139364,0.1184883590841525,-0.4347264878759462,-0.09492391672758659,0.0,102.82033856446677,13.748445682223801,26,6952,186000,0.0003,127966048.0,0.05000000074505806,1500984501075968.0,223728144.0,176001,14336.727272727272,-39865239.46282964,,,,,,,
-9.929475780129438,-0.23598340018044886,-0.0007139656763070941,0.0018009803125793203,0.0,58.4466093975443,-95.95743381308988,26,7020,188000,0.0003,116060312.0,0.05000000074505806,1553643081826304.0,227158608.0,178001,14336.727272727272,-39865239.46282964,,,,,,,
5.0609336364269275,-0.24681208893910178,0.018643383703518413,-0.059779204753853094,0.0,24.359007866895034,0.31834629801937286,26,7087,190000,0.0003,120496128.0,0.05000000074505806,1.0683939454713856e+16,1046007872.0,180001,14336.727272727272,-39865239.46282964,,,,,,,
7.8020362579822535,0.02486104790148119,0.38303594784578227,0.038429665674783633,0.0,94.18816087545032,117.20265197816643,26,7155,192000,0.0003,167520432.0,0.05000000074505806,2039241613770752.0,252129488.0,182001,14336.727272727272,-39865239.46282964,,,,,,,
6.1906064468622075,0.30913552225433305,0.030665374101719923,0.08699380706413257,0.0,121.10593243196327,-83.60475575534906,26,7223,194000,0.0003,120756600.0,0.05000000074505806,2397444033740800.0,539881600.0,184001,14336.727272727272,-39865239.46282964,,,,,,,
13.490680549740791,0.3602711497337131,-0.19085385392385915,0.027660162537129898,0.0,216.27727678611768,290.87531458156434,26,7291,196000,0.0003,111196552.0,0.05000000074505806,1141278574116864.0,128096296.0,186001,14336.727272727272,-39865239.46282964,,,,,,,
-1.7832096523046495,0.31105828264996654,0.24379755068919334,-0.37927667325231584,0.0,337.98919707072076,-159.08492236316727,26,7359,198000,0.0003,140055120.0,0.05000000074505806,8658625077706752.0,1087846528.0,188001,16475.333333333332,-37489686.046914175,,,,,,,
7.510369036197664,0.3962666956429075,0.39482368791508793,-0.8571419391130853,0.0,1005.0268205542498,-448.6829848439448,,,200000,0.0003,95894728.0,0.05000000074505806,1617314764029952.0,297775968.0,190000,,,0.003703125000000003,0.0,40000.0,-39587.76558489284,2629.6034132271684,0.003703125000000003,0.0
,,,,,,,23,8545,200000,0.0003,126833032.0,0.05000000074505806,1112616512520192.0,219335888.0,190001,16475.333333333332,-37489686.046914175,,,,,,,
4.486696721315384,0.8200903934831186,0.13061792466973535,-0.6459501591750865,0.0,718.2753251215652,-61.918887802258496,23,8608,202000,0.0003,123928760.0,0.05000000074505806,4321410872770560.0,719964992.0,192001,16475.333333333332,-37489686.046914175,,,,,,,
10.406366530656825,0.800075387566162,-0.06644891469178653,-0.6718262659178031,0.0,738.1759903238162,48.135287759513226,23,8673,204000,0.0003,150749760.0,0.05000000074505806,2013340008185856.0,244013536.0,194001,16475.333333333332,-37489686.046914175,,,,,,,
10.976009353399277,0.6420356051198404,0.2023088208164786,-0.6184974292675837,0.0,712.8099414867218,-54.11477662078898,23,8738,206000,0.0003,109573384.0,0.05000000074505806,6915215174139904.0,780128512.0,196001,16475.333333333332,-37489686.046914175,,,,,,,
-15.249812105894089,-0.7886256801756578,0.06053616062740129,-0.5910186285954603,0.0,893.8115504863614,80.01643943373591,23,8805,208000,0.0003,118143280.0,0.05000000074505806,2245446885965824.0,424458176.0,198001,16475.333333333332,-37489686.046914175,,,,,,,
-8.156389584541326,0.3629607157761069,-0.585133727984531,-0.18281685409034953,0.0,352.4367507600457,-689.9645120288536,23,8872,210000,0.0003,101502608.0,0.05000000074505806,2396211914997760.0,403365376.0,200001,16475.333333333332,-37489686.046914175,,,,,,,
-2.5614021790027635,0.00823457692157107,-0.4099687846609806,0.01467268007643495,0.0,73.31026267952755,62.44452587184882,23,8939,212000,0.0003,126380416.0,0.05000000074505806,5967286900883456.0,676687616.0,202001,16475.333333333332,-37489686.046914175,,,,,,,
-10.593390773534768,-0.22112407747520887,0.1750966153239481,-0.0649434968013609,0.0,268.7885310894717,-49.63591947251486,23,9007,214000,0.0003,93023744.0,0.05000000074505806,3649597993910272.0,595345408.0,204001,16475.333333333332,-37489686.046914175,,,,,,,
6.292307916879652,0.07540869311139295,0.2959240354895554,-0.25478515333623236,0.0,141.25015581625277,46.56706702947684,23,9074,216000,0.0003,156893600.0,0.05000000074505806,5894985421422592.0,678050752.0,206001,16475.333333333332,-37489686.046914175,,,,,,,
7.069744516015055,0.3518461570779657,0.0023635945299133082,-0.14125861618560762,0.0,123.70658540781322,-56.73464691675134,23,9142,218000,0.0003,194473328.0,0.05000000074505806,7584622334443520.0,772499968.0,208001,16475.333333333332,-37489686.046914175,,,,,,,
-5.018012026548375,0.12029330323729061,-0.410017409597897,-0.10266664476301622,0.0,94.88090726581085,1.7627109272242922,23,9209,220000,0.0003,92742064.0,0.05000000074505806,2603656151040000.0,344047872.0,210001,16475.333333333332,-37489686.046914175,,,,,,,
-10.372834368944165,-0.238700217436202,-0.01840363113503799,0.005391089724774733,0.0,48.6127043670435,-78.64211092424132,23,9277,222000,0.0003,94157760.0,0.05000000074505806,3107049135144960.0,412654496.0,212001,16475.333333333332,-37489686.046914175,,,,,,,
5.177683330774305,-0.2718936196793929,-0.02363695608928077,-0.05088310683685052,0.0,26.236216639884585,4.185132984080634,23,9344,224000,0.0003,145222816.0,0.05000000074505806,6764726499409920.0,417338912.0,214001,16475.333333333332,-37489686.046914175,,,,,,,
4.143528405427931,-0.1893376929636252,0.17413632754206906,-0.02803244977258336,0.0,29.209120731779283,38.57912943530856,24,9411,226000,0.0003,90905264.0,0.05000000074505806,7732188820799488.0,1077115520.0,216001,16475.333333333332,-37489686.046914175,,,,,,,
13.096602498292915,0.2034164345482965,0.22841619996968338,0.11044540715012208,0.0,182.51223429896635,34.98430356091622,24,9479,228000,0.0003,80191192.0,0.05000000074505806,2964699960311808.0,313085824.0,218001,16475.333333333332,-37489686.046914175,,,,,,,
2.791217710971833,0.3878211405772354,0.09894328294831813,0.09050637255104364,0.0,66.70782159052565,37.29522662668159,24,9546,230000,0.0003,121516152.0,0.05000000074505806,4572979455328256.0,571965824.0,220001,16475.333333333332,-37489686.046914175,,,,,,,
10.54906418800352,0.3133773815747536,-0.01664667809109279,-0.13802262398931037,0.0,277.1563505731855,5.043283903738364,24,9613,232000,0.0003,155723728.0,0.05000000074505806,1639394922463232.0,354462720.0,222001,16475.333333333332,-37489686.046914175,,,,,,,
-5.148899140357967,0.2869664660935353,-0.2888965409874421,-0.20134081682224353,0.0,122.85690610564599,-46.65667847604311,24,9680,234000,0.0003,123600840.0,0.05000000074505806,2852464143368192.0,434544288.0,224001,16475.333333333332,-37489686.046914175,,,,,,,
-6.642650181055063,-0.15242908484102852,-0.15453733115110277,-0.08336899239300219,0.0,33.79940880043788,-74.15350327800503,24,9747,236000,0.0003,110277264.0,0.05000000074505806,3852277500608512.0,353889472.0,226001,16475.333333333332,-37489686.046914175,,,,,,,
4.170050598382957,-0.19847494478019928,0.04250910242297775,-0.1976216763227549,0.0,199.89572107001305,50.37984740982019,24,9815,238000,0.0003,53770288.0,0.05000000074505806,1923792758636544.0,485787072.0,228001,18284.923076923078,-35546037.23312401,,,,,,,
5.75653432846069,0.31889630787699497,0.2869333097848887,-0.9183704150976023,0.0,1081.85331139952,-278.01945836796915,24,9882,240000,0.0003,200328640.0,0.05000000074505806,2.270679630925005e+16,1700354048.0,230001,18284.923076923078,-35546037.23312401,,,,,,,
11.595018309354778,0.7157695026227188,0.33882888084331697,-0.6770532892058592,0.0,772.6354174068806,-272.6923298381485,24,9949,242000,0.0003,113236960.0,0.05000000074505806,2976213425455104.0,458931744.0,232001,18284.923076923078,-35546037.23312401,,,,,,,
-16.087387000918376,-0.8140194581167316,0.07039242737314869,-0.5702621972199228,0.0,861.4087341328088,60.113516909729036,24,10016,244000,0.0003,155801760.0,0.05000000074505806,2.3062874867892224e+16,1864063488.0,234001,18284.923076923078,-35546037.23312401,,,,,,,
-7.2641419833898455,0.4367871049003739,-0.5428210579924923,-0.17841021153090658,0.0,314.9878699926462,-649.1379380760897,24,10083,246000,0.0003,126646208.0,0.05000000074505806,3471651056386048.0,339849632.0,236001,18284.923076923078,-35546037.23312401,,,,,,,
-0.20986411333083843,0.1775549218383102,-0.07719392867741703,-0.028159944652586144,0.0,26.212056802419482,-25.087972742119725,24,10150,248000,0.0003,155953776.0,0.05000000074505806,6824550562004992.0,445961888.0,238001,18284.923076923078,-35546037.23312401,,,,,,,
13.487858422994618,0.2759841663907103,0.11533884617701123,-0.0006415324938073608,0.0,181.59530112219852,36.84544178954478,24,10218,250000,0.0003,101952968.0,0.05000000074505806,3188382930829312.0,498078880.0,240001,18284.923076923078,-35546037.23312401,,,,,,,
-5.324345477819438,0.3217945172077981,-0.14946856540691603,-0.06700234608241978,0.0,60.0880293841951,-50.404277183053196,24,10285,252000,0.0003,159636016.0,0.05000000074505806,5275322572341248.0,449230528.0,242001,18284.923076923078,-35546037.23312401,,,,,,,
0.11904100060463005,-0.02833809159332299,-0.23204466306211852,-0.004343295230019109,0.0,23.461965948214736,-3.5250614283410844,24,10352,254000,0.0003,27814410.0,0.05000000074505806,3198515295551488.0,387398464.0,244001,18284.923076923078,-35546037.23312401,,,,,,,
-9.650611953139306,-0.40729389783761016,-0.10248593588564772,0.04692722518582222,0.0,192.2725616609343,1018.3075241752405,24,10419,256000,0.0003,155118528.0,0.05000000074505806,5622836966195200.0,575961728.0,246001,18284.923076923078,-35546037.23312401,,,,,,,
-0.4206038898229587,0.024844387661838017,0.38855408237317146,-0.47300646947720576,0.0,415.58630023569424,-717.1359833920277,24,10487,258000,0.0003,202053840.0,0.05000000074505806,2.348331437045842e+18,2141861632.0,248001,18284.923076923078,-35546037.23312401,,,,,,,
13.438044089078886,0.4131381947099485,0.1758555297790355,-0.27998649432072964,0.0,215.72484113974846,-142.8678268405476,24,10554,260000,0.0003,101677688.0,0.05000000074505806,8766629009686528.0,645133760.0,250001,18284.923076923078,-35546037.23312401,,,,,,,
-3.9544231992960044,0.3430974417029509,-0.2636131790610597,-0.2705083819915453,0.0,163.28505803441183,-69.34794567731947,24,10621,262000,0.0003,96240872.0,0.05000000074505806,7162396447604736.0,626278592.0,252001,18284.923076923078,-35546037.23312401,,,,,,,
1.6491473466157915,-0.0029083598624630317,-0.09027222327418524,-0.27144491607516713,0.0,95.13725738846219,-30.62703455395902,24,10689,264000,0.0003,187229904.0,0.05000000074505806,2.7233661774462976e+16,1730910336.0,254001,18284.923076923078,-35546037.23312401,,,,,,,
7.54188683986664,0.12181019198938449,0.3178617645222716,-0.2078389272746435,0.0,127.66517064071556,-26.024706393648646,24,10756,266000,0.0003,230759200.0,0.05000000074505806,1.2651009780219904e+16,1227700864.0,256001,18284.923076923078,-35546037.23312401,,,,,,,
5.040858685374279,0.339968581414396,-0.049154616298770375,-0.1652481636994484,0.0,138.03052990972841,42.664851797735324,24,10823,268000,0.0003,294361568.0,0.05000000074505806,4.244395774076518e+16,1870844288.0,258001,18284.923076923078,-35546037.23312401,,,,,,,
-6.039056253433226,0.06115243918630246,-0.43359133857446924,-0.10279331395169497,0.0,100.8582720355354,-25.005673843108433,24,10890,270000,0.0003,86786568.0,0.05000000074505806,8261948340699136.0,646751168.0,260001,18284.923076923078,-35546037.23312401,,,,,,,
-8.045123141407982,-0.24450311198988606,0.013528384908607794,-0.001701452362924352,0.0,32.12296508720357,-55.60577127669557,24,10957,272000,0.0003,81418720.0,0.05000000074505806,4011629377224704.0,519307936.0,262001,18284.923076923078,-35546037.23312401,,,,,,,
5.237156327962872,-0.29214092351261045,-0.04603077983447407,-0.045154419966871334,0.0,29.226340518313133,12.548409178244029,24,11024,274000,0.0003,56139620.0,0.05000000074505806,3002033426661376.0,241540016.0,264001,18284.923076923078,-35546037.23312401,,,,,,,
2.3320127815008163,-0.3917208162351352,-0.15653682776250016,-0.0692742418717562,0.0,67.25382380119197,138.26050525978465,24,11092,276000,0.0003,151547696.0,0.05000000074505806,3.0821548604522496e+16,2082802688.0,266001,18284.923076923078,-35546037.23312401,,,,,,,
-12.523498159051007,-0.36456844104594677,0.394211948761181,-0.3028578947959209,0.0,561.6805844979483,316.4245226184955,24,11159,278000,0.0003,292736704.0,0.05000000074505806,7.788509156448666e+16,2663687936.0,268001,19836.0,-33789607.079271436,,,,,,,
5.165136156678194,0.26564205812276576,0.2335169325298395,-0.8986363010369608,0.0,1016.188755242081,-196.3282726471169,24,11226,280000,0.0003,184503920.0,0.05000000074505806,1.106468401053696e+16,746760128.0,270001,19836.0,-33789607.079271436,,,,,,,
15.03910487473011,0.6113960431396078,0.41584429535223383,-0.6257517074345572,0.0,726.1730555391866,-253.639778158851,24,11294,282000,0.0003,156253536.0,0.05000000074505806,7813721258721280.0,970535424.0,272001,19836.0,-33789607.079271436,,,,,,,
-18.064831851720832,-0.6342343714391471,0.16794245212667716,-0.6276541152770564,0.0,1197.6686618061535,368.14023690009776,24,11362,284000,0.0003,202094912.0,0.05000000074505806,1.2781015219044352e+16,1168124416.0,274001,19836.0,-33789607.079271436,,,,,,,
-1.3829446142911903,0.2576257310107575,-0.626474038034747,-0.2846734466881641,0.0,460.82804840449006,-795.1051227401002,25,11430,286000,0.0003,169498256.0,0.05000000074505806,9890160778936320.0,484329408.0,276001,19836.0,-33789607.079271436,,,,,,,
9.656851416826246,0.22771926625588432,-0.11654196098966418,-0.4595668082918677,0.0,280.71406238283174,76.55942577932906,25,11498,288000,0.0003,108549328.0,0.05000000074505806,6133693261283328.0,548412480.0,278001,19836.0,-33789607.079271436,,,,,,,
13.365309342145924,0.36816220214055506,0.15503343961753205,-0.3599382260132933,0.0,269.3163002028743,-50.057919589586,25,11566,290000,0.0003,269720576.0,0.05000000074505806,4.908010311988019e+16,2634573824.0,280001,19836.0,-33789607.079271436,,,,,,,
-1.4989782625436823,0.44294047147652754,-0.056042920793776436,-0.3547893555575322,0.0,234.51375925326073,-47.86638623922827,25,11634,292000,0.0003,336698944.0,0.05000000074505806,1.459490016722944e+16,576413248.0,282001,19836.0,-33789607.079271436,,,,,,,
6.395598832368849,0.1663649135428116,-0.15951597008053436,-0.3887500894195619,0.0,206.39697928092804,10.497169918121717,25,11703,294000,0.0003,164439184.0,0.05000000074505806,2.112553752723456e+16,1810480896.0,284001,19836.0,-33789607.079271436,,,,,,,
7.239790892601007,0.19766425629749806,0.25940081061858666,-0.373436178724966,0.0,231.89986825442696,-60.49201732504951,25,11771,296000,0.0003,70146256.0,0.05000000074505806,4934638787100672.0,500515296.0,286001,19836.0,-33789607.079271436,,,,,,,
6.620732619166372,0.41441052945424967,-0.03432032700612178,-0.27997035769926776,0.0,196.95303861019423,42.45744590435049,25,11839,298000,0.0003,200308608.0,0.05000000074505806,5.057576535117005e+16,2658168320.0,288001,19836.0,-33789607.079271436,,,,,,,
0.7603040331602084,0.21504371034372063,-0.2573716192620616,-0.3153102735474159,0.0,165.6239227824508,-54.901899530936106,,,300000,0.0003,146038544.0,0.05000000074505806,6587641239699456.0,569276160.0,290000,,,0.007046875000000005,0.0,40000.0,-36769.612746680985,2711.1484248266697,0.007046875000000005,0.0
,,,,,,,23,13028,300000,0.0003,199977344.0,0.05000000074505806,7107117534150656.0,587144896.0,290001,19836.0,-33789607.079271436,,,,,,,
2.996578098535538,0.04583874826345359,0.04335276195710682,-0.34235794058158514,0.0,145.01667140169408,20.071221583240092,23,13091,302000,0.0003,228974832.0,0.05000000074505806,3.588687841460224e+16,2237990400.0,292001,19836.0,-33789607.079271436,,,,,,,
14.566830137968072,0.3084895481908601,0.13662425305078124,-0.20976497944543984,0.0,189.46933502288078,36.46319971270801,23,13156,304000,0.0003,193699648.0,0.05000000074505806,1.0755623747374285e+17,2922707200.0,294001,19836.0,-33789607.079271436,,,,,,,
-4.447672845721253,0.33568369940479537,-0.10669885142924783,-0.2738968512223926,0.0,154.52106391007163,-68.14658326103013,23,13220,306000,0.0003,58938636.0,0.05000000074505806,1.1512795128397824e+16,831647680.0,296001,19836.0,-33789607.079271436,,,,,,,
-0.5663921093940729,-0.009133836231641608,-0.1454299473672094,-0.23806808129062654,0.0,85.00339060758816,-62.5907826755519,23,13285,308000,0.0003,170888336.0,0.05000000074505806,9661331363856384.0,322081504.0,298001,19836.0,-33789607.079271436,,,,,,,
3.3144374835491197,0.012384424026827021,0.18942333779057838,-0.22107092870089576,0.0,85.09569465332075,97.0787088370835,23,13350,310000,0.0003,231022848.0,0.05000000074505806,2.972125958766592e+16,1778570752.0,300001,19836.0,-33789607.079271436,,,,,,,
12.006761043071727,0.3153235097303942,0.11296645767415915,-0.10844107069895449,0.0,167.63393628000202,-65.6348523907182,23,13416,312000,0.0003,113393432.0,0.05000000074505806,2.787078366560256e+16,2131314944.0,302001,19836.0,-33789607.079271436,,,,,,,
-5.126766411662098,0.2060273858793735,-0.33906118435565225,-0.14548871585770862,0.0,102.71141490300474,37.32941157081413,23,13482,314000,0.0003,161995552.0,0.05000000074505806,5373652627357696.0,643896768.0,304001,19836.0,-33789607.079271436,,,,,,,
-11.674015995860083,-0.22667460121097258,-0.053020309180138635,-0.015044689137752814,0.0,63.807939564981545,-97.16433414230085,23,13548,316000,0.0003,213080096.0,0.05000000074505806,1.4084857768443904e+16,578136256.0,306001,19836.0,-33789607.079271436,,,,,,,
3.560539952516553,-0.1580160020077432,0.07229656963568415,-0.20179763614652774,0.0,182.63367182721046,49.24402566980722,23,13615,318000,0.0003,177473328.0,0.05000000074505806,1.059524408508416e+16,598904192.0,308001,21180.266666666666,-32358150.572085407,,,,,,,
5.587203508615492,0.2916955255009132,0.2587413557127446,-0.8951558299977904,0.0,1019.1347960458476,-233.64482942081054,23,13682,320000,0.0003,269153888.0,0.05000000074505806,1.2846358851485696e+16,379113952.0,310001,21180.266666666666,-32358150.572085407,,,,,,,
13.025203614830973,0.4992462144869553,0.4635773331267674,-0.5842588127936302,0.0,720.6182339562976,-150.7603547606622,23,13749,322000,0.0003,443286048.0,0.05000000074505806,3.647212354325709e+16,2212061184.0,312001,21180.266666666666,-32358150.572085407,,,,,,,
-17.837919504046404,-0.6007702285865416,0.08232426372783425,-0.6546250141048835,0.0,1223.8249289695784,233.10092333869733,23,13816,324000,0.0003,289126240.0,0.05000000074505806,6.737771606782771e+16,3044039424.0,314001,21180.266666666666,-32358150.572085407,,,,,,,
-4.821570170521747,0.2542195771270877,-0.690615336175927,-0.1934034014771844,0.0,423.09021322114427,-847.5922998837916,23,13884,326000,0.0003,111914512.0,0.05000000074505806,1.2721072507977728e+16,1358968448.0,316001,21180.266666666666,-32358150.572085407,,,,,,,
3.247742707729337,0.059384610091388325,-0.17899946348174933,-0.20099842455123168,0.0,71.49943143338365,-68.82803778172449,23,13951,328000,0.0003,285902880.0,0.05000000074505806,1.5606534616645632e+16,1337219712.0,318001,21180.266666666666,-32358150.572085407,,,,,,,
3.3584220826625844,0.037227451165067586,0.17140046872309117,-0.20601960224361812,0.0,76.49457096882008,105.07117519505854,23,14018,330000,0.0003,197642336.0,0.05000000074505806,9204982498721792.0,820676992.0,320001,21180.266666666666,-32358150.572085407,,,,,,,
11.861340410113309,0.31581499332667895,0.10083844207796079,-0.10970067458172303,0.0,174.9653967397011,-59.440821023644055,23,14085,332000,0.0003,143622608.0,0.05000000074505806,1.1719345474371584e+16,1030515264.0,322001,21180.266666666666,-32358150.572085407,,,,,,,
-5.133923394680021,0.19995855460350465,-0.347726026148998,-0.1540161528891631,0.0,108.32344787636002,24.75249508193765,23,14153,334000,0.0003,157856864.0,0.05000000074505806,1.7216348488728576e+16,994086976.0,324001,21180.266666666666,-32358150.572085407,,,,,,,
-11.510308625102054,-0.2305479087073007,-0.051343620900182234,-0.015804155066534577,0.0,53.712399987161305,-93.68369112844822,23,14220,336000,0.0003,180131552.0,0.05000000074505806,1.3735185153523712e+16,581010816.0,326001,21180.266666666666,-32358150.572085407,,,,,,,
4.099903510808953,-0.20138995307598767,0.027308231687603598,-0.058981296177939666,0.0,17.90888531430375,2.5877388738421967,23,14287,338000,0.0003,242324000.0,0.05000000074505806,1.9370061986791424e+16,1049323712.0,328001,21180.266666666666,-32358150.572085407,,,,,,,
8.836304064989095,0.08901052570784375,0.34590344306533183,0.05534601396861393,0.0,109.88172968298132,271.6012508430226,23,14354,340000,0.0003,56210400.0,0.05000000074505806,2.106801717772288e+16,1520381184.0,330001,21180.266666666666,-32358150.572085407,,,,,,,
3.7748165071010673,0.29643010484184923,0.002834589417673434,0.0032626434404786765,0.0,137.11520102935145,-240.70112568368017,23,14421,342000,0.0003,368302272.0,0.05000000074505806,3.3357954426077184e+16,1243830528.0,332001,21180.266666666666,-32358150.572085407,,,,,,,
6.303628912568095,0.33444841357921046,0.06606101081545927,0.0622658410303842,0.0,64.67013554201225,112.48077576861024,23,14489,344000,0.0003,28137904.0,0.05000000074505806,1.003276443058176e+16,259875168.0,334001,21180.266666666666,-32358150.572085407,,,,,,,
5.048570358753217,0.3092137453859618,-0.01692536647705504,-0.1713773093541184,0.0,238.51209091465745,-46.38589994843313,23,14556,346000,0.0003,62735140.0,0.05000000074505806,1.7007441279451136e+16,1010038720.0,336001,21180.266666666666,-32358150.572085407,,,,,,,
-5.399140751957886,0.1283641414835806,-0.45383851048146867,-0.10525803982164464,0.0,114.84435942098665,24.717587344045228,23,14623,348000,0.0003,125936160.0,0.05000000074505806,1.0494326312271872e+16,463645440.0,338001,21180.266666666666,-32358150.572085407,,,,,,,
-9.836418079733841,-0.21786192881413383,0.05508831701704148,-0.024085153703132,0.0,63.62847932589556,-94.83288322468417,23,14690,350000,0.0003,157627808.0,0.05000000074505806,5904058539835392.0,478734112.0,340001,21180.266666666666,-32358150.572085407,,,,,,,
3.369893615245819,-0.10864963609881204,0.14080504910710834,-0.08507064741595503,0.0,26.660855298913713,51.12051317987085,23,14757,352000,0.0003,106304304.0,0.05000000074505806,1.2490032258482176e+16,577570304.0,342001,21180.266666666666,-32358150.572085407,,,,,,,
13.314213588237756,0.23563957059404478,0.1832828838290767,0.02888548512805494,0.0,192.7436529491463,23.977525776724423,23,14825,354000,0.0003,172720256.0,0.05000000074505806,1.0576880952410112e+16,931804928.0,344001,21180.266666666666,-32358150.572085407,,,,,,,
-4.383784358501434,0.3132923058837897,-0.09379314686969155,-0.038203021386303666,0.0,50.88975821218205,-70.38734607299959,23,14892,356000,0.0003,256175296.0,0.05000000074505806,7.279555531872666e+16,3198375168.0,346001,21180.266666666666,-32358150.572085407,,,,,,,
1.6377231782674775,0.12960087491551345,0.11856994806212746,-0.1360616023998275,0.0,200.89897487617935,134.01902603261945,23,14959,358000,0.0003,35328032.0,0.05000000074505806,1.3642751014862848e+16,1091223168.0,348001,22356.5,-30969713.2814295,,,,,,,
10.78363602519034,0.5030631623678913,0.5481872453849936,-0.7517421003914527,0.0,915.9192261388357,-604.5945590511321,23,15026,360000,0.0003,289880320.0,0.05000000074505806,2.649338980125901e+16,1121410560.0,350001,22356.5,-30969713.2814295,,,,,,,
-16.27327573895456,-0.6312406512279398,0.18251548561556125,-0.5592207242241476,0.0,898.3150523911484,200.09392876275786,23,15094,362000,0.0003,171373952.0,0.05000000074505806,1.5769955115781325e+17,4717714944.0,352001,22356.5,-30969713.2814295,,,,,,,
-8.332020324468651,0.3083396646254165,-0.6103603155758544,-0.1923594732629726,0.0,383.88565543891036,-728.5589649135366,24,15161,364000,0.0003,-16923612.0,0.05000000074505806,1.1419890690818048e+16,362108672.0,354001,22356.5,-30969713.2814295,,,,,,,
-2.4222301393747343,-0.0057738711980418,-0.4271491818983443,0.015729705826984283,0.0,79.65333028368552,78.1813459723163,24,15228,366000,0.0003,132184736.0,0.05000000074505806,9689983090688000.0,992286720.0,356001,22356.5,-30969713.2814295,,,,,,,
-10.427981743216524,-0.2165278120016688,0.24597447008364362,-0.08298580993584499,0.0,344.55646699039573,-30.811122349380177,24,15296,368000,0.0003,283563968.0,0.05000000074505806,3.628215284478771e+16,1769675648.0,358001,22356.5,-30969713.2814295,,,,,,,
8.64347278714179,0.2067823126080748,0.31435259248572434,-0.2662425560271112,0.0,172.5691788617889,-68.26019936927959,24,15363,370000,0.0003,111479792.0,0.05000000074505806,1.3753394741116928e+16,982233024.0,360001,22356.5,-30969713.2814295,,,,,,,
3.9001844549179037,0.3625414072356522,-0.08416561295078641,-0.2792630964906711,0.0,202.96383193230432,89.68493517487465,24,15431,372000,0.0003,189483632.0,0.05000000074505806,5.687635352538317e+16,1416565376.0,362001,22356.5,-30969713.2814295,,,,,,,
0.404982843995094,0.14857517527631245,-0.23685879271094706,-0.29190974468652314,0.0,139.02525392625685,-62.03156545700002,24,15498,374000,0.0003,384093088.0,0.05000000074505806,1.3619633353392128e+17,4379964416.0,364001,22356.5,-30969713.2814295,,,,,,,
2.5940342926979074,0.039131213096836016,0.07413324911444705,-0.2989839049248449,0.0,112.71139800465012,25.249346335397927,24,15566,376000,0.0003,144700560.0,0.05000000074505806,1.5854226454347776e+16,1209418112.0,366001,22356.5,-30969713.2814295,,,,,,,
14.360062086582184,0.30662384543980853,0.12350927015432107,-0.1788369231422608,0.0,195.71092464087536,58.813979319430686,24,15633,378000,0.0003,35047960.0,0.05000000074505806,1.906547579106099e+16,1306375296.0,368001,22356.5,-30969713.2814295,,,,,,,
-4.26075414001941,0.31749082006720764,-0.11744028202588046,-0.27922429947704414,0.0,153.9640630464181,-63.16164223667413,24,15701,380000,0.0003,123974152.0,0.05000000074505806,3.219147996318925e+16,1456794752.0,370001,22356.5,-30969713.2814295,,,,,,,
0.08805632114410408,-0.0020957125945640733,-0.10738245424269088,-0.24943023247193724,0.0,87.54657222862792,-56.50257108409958,24,15769,382000,0.0003,536452960.0,0.05000000074505806,1.750184054835118e+17,4600820736.0,372001,22356.5,-30969713.2814295,,,,,,,
4.2195489835739135,0.06624929103173312,0.2307685143364951,-0.22635342311206133,0.0,100.62325235145381,141.17318066749348,24,15837,384000,0.0003,116195920.0,0.05000000074505806,2.6706604862734336e+16,1742359552.0,374001,22356.5,-30969713.2814295,,,,,,,
10.407931980490707,0.3325892676460566,0.05062511254669068,-0.14697134381578628,0.0,184.86883759006247,-89.91730246992097,24,15904,386000,0.0003,108035584.0,0.05000000074505806,1.7768358086705152e+16,1173142912.0,376001,22356.5,-30969713.2814295,,,,,,,
-4.683850501775729,0.17918900106330818,-0.3410246085079788,-0.19652031216404994,0.0,115.0323155811358,-53.81986462673512,24,15972,388000,0.0003,53843984.0,0.05000000074505806,1.3453666153398272e+16,1150154240.0,378001,22356.5,-30969713.2814295,,,,,,,
-6.357081221342093,-0.18061897991215958,-0.04613895237337092,-0.08059022803863661,0.0,24.303403191192277,-54.4014524985287,24,16040,390000,0.0003,136631376.0,0.05000000074505806,5.854229403009024e+16,2864826624.0,380001,22356.5,-30969713.2814295,,,,,,,
3.62212188243866,-0.14034804604098927,0.10958921130707804,-0.06892480684133895,0.0,20.898693054356205,29.441115357526872,24,16107,392000,0.0003,22383358.0,0.05000000074505806,1.1657262795849728e+16,351179072.0,382001,22356.5,-30969713.2814295,,,,,,,
13.19989007711411,0.20419014135841243,0.1733759510143197,0.04799342467722135,0.0,198.93679750128882,101.09018931839161,24,16174,394000,0.0003,182250016.0,0.05000000074505806,1.2499194497466368e+16,1072451264.0,384001,22356.5,-30969713.2814295,,,,,,,
-3.5383021986484535,0.32706165473552257,-0.0048140088569447554,-0.03318819166400527,0.0,58.36552207536462,-118.61090232974684,24,16241,396000,0.0003,325101600.0,0.05000000074505806,5.990451592246067e+16,2754390272.0,386001,22356.5,-30969713.2814295,,,,,,,
3.061810200810433,0.18901331107676136,0.15345506470426476,-0.12626230835681934,0.0,209.34080662097688,224.3428096921428,24,16309,398000,0.0003,6902654.0,0.05000000074505806,7983371393171456.0,834435968.0,388001,23394.352941176472,-29690025.288720705,,,,,,,
6.495388969182967,0.35603428002478554,0.32065238030903503,-0.8852109239678525,0.0,1028.2538007329786,-333.30874401971363,,,400000,0.0003,169692384.0,0.05000000074505806,9.875422598660096e+16,3894266624.0,390000,,,0.007046875000000005,0.0,40000.0,-39456.851447339504,1588.6523277389797,0.001312500000000001,0.0
,,,,,,,22,17497,400000,0.0003,215193568.0,0.05000000074505806,3.4890012210233344e+16,2317807104.0,390001,23394.352941176472,-29690025.288720705,,,,,,,
7.458457171916978,0.25295475873620676,0.5173345337535421,-0.5349566014894237,0.0,739.2462812841669,76.80358392846588,22,17560,402000,0.0003,173713536.0,0.05000000074505806,1.5216461391855616e+16,804846720.0,392001,23394.352941176472,-29690025.288720705,,,,,,,
-17.553067238330854,-0.6296479711936568,-0.13853612098493684,-0.5963415756186587,0.0,1064.9555406872512,-210.9733087421097,22,17624,404000,0.0003,-27163800.0,0.05000000074505806,2.711640487231488e+16,1367896064.0,394001,23394.352941176472,-29690025.288720705,,,,,,,
-4.49157986819744,0.43458475838185157,-0.5384923920609342,-0.1610670343852931,0.0,299.5843070935603,-665.2686698844807,22,17688,406000,0.0003,398469728.0,0.05000000074505806,1.354769007420375e+17,4537991168.0,396001,23394.352941176472,-29690025.288720705,,,,,,,
11.789949992299073,0.36342624578117355,-0.10801491787268881,-0.04693963723276291,0.0,157.56657312897661,488.12518854601063,22,17752,408000,0.0003,81963488.0,0.05000000074505806,6.209884477875814e+16,1658310656.0,398001,23394.352941176472,-29690025.288720705,,,,,,,
-0.8935108447074851,0.31981607846447374,0.10310836839506676,-0.3406610779157366,0.0,226.3175695458662,-359.95958619197876,23,17816,410000,0.0003,78644744.0,0.05000000074505806,5.501518098726912e+16,1772034816.0,400001,23394.352941176472,-29690025.288720705,,,,,,,
3.020945045948028,0.14082441963343909,-0.17422095886493272,-0.3279826676884804,0.0,155.59831979133045,-39.87497677644201,23,17881,412000,0.0003,136094576.0,0.05000000074505806,5.238707761394483e+16,1753287040.0,402001,23394.352941176472,-29690025.288720705,,,,,,,
3.594030637741088,0.11425038373245315,0.14126755822707485,-0.33275830071296286,0.0,153.3754389258541,66.95659913530538,23,17946,414000,0.0003,383790880.0,0.05000000074505806,2.4244030387991347e+17,6038431744.0,404001,23394.352941176472,-29690025.288720705,,,,,,,
12.828583272695523,0.36738226754612324,0.08605889100743469,-0.22484327102518492,0.0,217.31757405797933,-9.65775987113601,23,18011,416000,0.0003,309644032.0,0.05000000074505806,3.645588427191091e+16,2454582528.0,406001,23394.352941176472,-29690025.288720705,,,,,,,
-1.9581208151578886,0.2857259606661662,-0.205743951090616,-0.33091914404085404,0.0,181.15983156542828,-45.434837462355716,23,18077,418000,0.0003,167044352.0,0.05000000074505806,4.44485134670889e+16,1499500032.0,408001,23394.352941176472,-29690025.288720705,,,,,,,
4.117046403884879,0.08089423995987575,0.001934157635724259,-0.3480928248187795,0.0,148.6012783479893,-2.5087782965482615,23,18143,420000,0.0003,206269584.0,0.05000000074505806,2.148052516418355e+16,1440801152.0,410001,23394.352941176472,-29690025.288720705,,,,,,,
12.448318226337435,0.3084485411017572,0.13185120466922598,-0.22338005438234818,0.0,195.6589948586794,198.47709811936517,23,18208,422000,0.0003,65468736.0,0.05000000074505806,2.9081560716148736e+16,1348717440.0,412001,23394.352941176472,-29690025.288720705,,,,,,,
-0.8314949125051542,0.3470101823737488,-0.009906624893819013,-0.3455109356007098,0.0,213.04301689547583,-162.63993263466315,23,18274,424000,0.0003,640160960.0,0.05000000074505806,5.3331278929330176e+17,6137649664.0,414001,23394.352941176472,-29690025.288720705,,,,,,,
4.6436627304553975,0.13465907580331302,-0.12798944945160498,-0.35080044914739467,0.0,166.84720074054866,-25.40169253558069,23,18341,426000,0.0003,123856208.0,0.05000000074505806,2.644101267508429e+16,684337792.0,416001,23394.352941176472,-29690025.288720705,,,,,,,
5.626502494812012,0.1747081358762519,0.22424655521277098,-0.33546423170135475,0.0,183.72506651598948,81.82077645163736,23,18407,428000,0.0003,246377600.0,0.05000000074505806,3.024826495978701e+16,924567168.0,418001,23394.352941176472,-29690025.288720705,,,,,,,
9.291736239194876,0.3909687216918363,-0.004053693750905019,-0.26246135391256903,0.0,222.2926347214551,-25.012771427915695,23,18474,430000,0.0003,887208.0,0.05000000074505806,2.282842806508585e+17,5968794624.0,420001,23394.352941176472,-29690025.288720705,,,,,,,
1.1577743369340892,0.2546125053181164,-0.20418667030139892,-0.35768154254546103,0.0,194.87183179088913,-34.92178315338921,23,18540,432000,0.0003,30135836.0,0.05000000074505806,4.653383605341389e+16,2415584512.0,422001,23394.352941176472,-29690025.288720705,,,,,,,
4.447523970603945,0.12995367220755222,0.05571065063024922,-0.38172077109419744,0.0,183.4751845413172,20.347188505438854,23,18607,434000,0.0003,484252320.0,0.05000000074505806,3.382898005345567e+17,6556487168.0,424001,23394.352941176472,-29690025.288720705,,,,,,,
15.010187398791324,0.3677002212727074,0.10127463925263105,-0.25650037026344585,0.0,230.2363407754517,52.79084062419081,23,18673,436000,0.0003,153715904.0,0.05000000074505806,1.8592294949093376e+16,1679898880.0,426001,23394.352941176472,-29690025.288720705,,,,,,,
-2.5266701686382347,0.32977287898984675,0.026800984743179747,-0.46132784475413713,0.0,381.50481030521814,31.95426464473193,23,18740,438000,0.0003,107137152.0,0.05000000074505806,2.646331214528512e+16,1250374784.0,428001,24316.88888888889,-28744294.4451735,,,,,,,
11.5710974019766,0.5139942148266855,0.614194274989632,-0.7057155129681826,0.0,900.6943441405084,-559.7309147647285,23,18806,440000,0.0003,22320932.0,0.05000000074505806,1.7570393380356096e+16,1552955264.0,430001,24316.88888888889,-28744294.4451735,,,,,,,
-18.665123472213782,-0.6989448354724704,0.14891902581478836,-0.5876839198663409,0.0,1019.795109642486,217.97430306220937,23,18873,442000,0.0003,270307008.0,0.05000000074505806,1.3810010355767706e+17,4428305408.0,432001,24316.88888888889,-28744294.4451735,,,,,,,
-7.171176478266722,0.26581998582738403,-0.6507921924612127,-0.177550269918198,0.0,402.6933930016205,-827.8005674387936,23,18940,444000,0.0003,87828736.0,0.05000000074505806,6.756539325376102e+16,1976815616.0,434001,24316.88888888889,-28744294.4451735,,,,,,,
-0.0983838450908666,0.15995817888285066,-0.06003151086293982,-0.0240014239011484,0.0,24.90388671287514,-20.692405711941156,23,19007,446000,0.0003,-85117800.0,0.05000000074505806,5.243169373421568e+16,1852475520.0,436001,24316.88888888889,-28744294.4451735,,,,,,,
13.466991736888867,0.27782921488564655,0.10475519666593047,-0.006801461994763141,0.0,226.24688080792862,51.73555145371921,23,19073,448000,0.0003,114045336.0,0.05000000074505806,2.2438180464623616e+16,1023198976.0,438001,24316.88888888889,-28744294.4451735,,,,,,,
-5.0624446940422025,0.2724168812348904,-0.24483355373120774,-0.1000043826672247,0.0,90.09384306101153,-21.403550757793212,23,19140,450000,0.0003,38592204.0,0.05000000074505806,4.549460429163725e+16,2430247424.0,440001,24316.88888888889,-28744294.4451735,,,,,,,
-12.776276396512998,-0.3034995329222536,-0.0025289023638190742,0.05501778022199566,0.0,377.2652319756935,178.850397259055,23,19207,452000,0.0003,75732736.0,0.05000000074505806,2.794360698358989e+16,620802944.0,442001,24316.88888888889,-28744294.4451735,,,,,,,
3.385006741285323,0.10724196653368713,0.22168611283719794,-0.386433661654487,0.0,209.54367113586704,-5.484203937897541,23,19273,454000,0.0003,-57928652.0,0.05000000074505806,2.7946735867265024e+16,1173101952.0,444001,24316.88888888889,-28744294.4451735,,,,,,,
12.377411656975703,0.3975376112558065,0.07500496949589272,-0.2552780367093983,0.0,230.11185551261434,-33.57017665534974,23,19340,456000,0.0003,-69395696.0,0.05000000074505806,2.048962681687245e+16,802457920.0,446001,24316.88888888889,-28744294.4451735,,,,,,,
-0.11580635309219377,0.30051039246310074,-0.18873127431345468,-0.3637665621682581,0.0,206.10410933488075,-32.11460990917477,23,19407,458000,0.0003,-57364872.0,0.05000000074505806,2.1059304836562944e+16,1614084352.0,448001,24316.88888888889,-28744294.4451735,,,,,,,
5.452953639030452,0.14781262052123856,0.028682328120257575,-0.3924204870574515,0.0,193.01673964746766,11.056892356449577,23,19473,460000,0.0003,33335710.0,0.05000000074505806,2.1681238864350413e+17,5580783616.0,450001,24316.88888888889,-28744294.4451735,,,,,,,
15.341817733049385,0.37123892758506283,0.07560624322438333,-0.26785817646008814,0.0,232.42254335763033,90.14203488756083,23,19540,462000,0.0003,-99749456.0,0.05000000074505806,8.325895464524186e+16,2261821184.0,452001,24316.88888888889,-28744294.4451735,,,,,,,
-2.509148199558246,0.3744488158570745,-0.02792081905367048,-0.39045727359422483,0.0,248.0116755498513,-62.95523398641242,23,19607,464000,0.0003,48055440.0,0.05000000074505806,4.022918054517146e+16,1229233792.0,454001,24316.88888888889,-28744294.4451735,,,,,,,
8.142026832103724,0.19979184314896492,-0.044862443206364185,-0.43146788023126686,0.0,238.41493269817116,12.642113117568893,23,19673,466000,0.0003,218443376.0,0.05000000074505806,7.729120066666496e+16,1839143680.0,456001,24316.88888888889,-28744294.4451735,,,,,,,
11.906958334445957,0.37132856515364154,0.18082669914383848,-0.3186684638210874,0.0,240.97666649993843,87.9574635101065,23,19740,468000,0.0003,-108722272.0,0.05000000074505806,1.4112402467454976e+16,967432960.0,458001,24316.88888888889,-28744294.4451735,,,,,,,
1.2552335584163676,0.41723425264176545,-0.060489172653531216,-0.40124668597821284,0.0,281.90353606735255,-70.15724250774447,23,19806,470000,0.0003,219252784.0,0.05000000074505806,2.7479595896799232e+17,5921995776.0,460001,24316.88888888889,-28744294.4451735,,,,,,,
9.645629608631117,0.26680476301926837,-0.09447789904247725,-0.45318670564443153,0.0,275.22620272208474,29.509763393920192,23,19873,472000,0.0003,-84162024.0,0.05000000074505806,3.103937216590643e+16,649589376.0,462001,24316.88888888889,-28744294.4451735,,,,,,,
10.32368833184242,0.3644109029683232,0.24044152576072375,-0.38711613606374895,0.0,278.1382631264214,-126.60629105263078,23,19939,474000,0.0003,105653640.0,0.05000000074505806,2.8855280793655706e+17,6858182656.0,464001,24316.88888888889,-28744294.4451735,,,,,,,
3.6177658224105906,0.4730356830187439,-0.09367665628764113,-0.3855485743341713,0.0,289.5812210194488,119.18790208308464,23,20006,476000,0.0003,-101917264.0,0.05000000074505806,6553406592253952.0,374152928.0,466001,24316.88888888889,-28744294.4451735,,,,,,,
9.5079915344715,0.2906207587453714,-0.03229529794915944,-0.5309958843619316,0.0,436.47921923792325,119.35897572982732,23,20073,478000,0.0003,385619136.0,0.05000000074505806,4.4949725842610586e+17,7627876352.0,468001,25142.315789473683,-27905293.75623584,,,,,,,
11.220638454556461,0.43398478464467494,0.6625491592711914,-0.6657673349565454,0.0,888.3402703982013,-508.3635066843723,23,20139,480000,0.0003,332705216.0,0.05000000074505806,3.311322890753802e+17,5452994560.0,470001,25142.315789473683,-27905293.75623584,,,,,,,
-18.476138092279413,-0.6318467149603927,0.1327219647686939,-0.6249673054831169,0.0,1130.7715504630826,251.0159444850664,23,20206,482000,0.0003,-200508160.0,0.05000000074505806,1.909515831004365e+16,1603993472.0,472001,25142.315789473683,-27905293.75623584,,,,,,,
-7.656602395772946,0.1930736780384385,-0.7683187042612168,-0.1507719040217385,0.0,467.572680029938,-834.2879837559968,23,20272,484000,0.0003,-209229424.0,0.05000000074505806,5.454673749422899e+16,2249422080.0,474001,25142.315789473683,-27905293.75623584,,,,,,,
-8.804503292441368,-0.28060377263593145,-0.4550993955423724,0.12906545547177334,0.0,241.8980707447659,619.2374694240823,23,20339,486000,0.0003,17096.0,0.05000000074505806,4.811858449635738e+16,2166981632.0,476001,25142.315789473683,-27905293.75623584,,,,,,,
-1.8751949101686418,0.03546348332028731,0.4832680321018354,-0.3845317223185411,0.0,469.8239457275683,-447.30156512531113,23,20405,488000,0.0003,34370196.0,0.05000000074505806,5.388980506643661e+16,1937095296.0,478001,25142.315789473683,-27905293.75623584,,,,,,,
14.54064818024634,0.3985444802939774,0.14615990829519632,-0.275319400995049,0.0,246.55047614087482,-59.74192275624749,23,20472,490000,0.0003,164226992.0,0.05000000074505806,1.101439037299753e+17,2572629504.0,480001,25142.315789473683,-27905293.75623584,,,,,,,
-1.8952865344285974,0.35798835382356725,-0.1543547508465442,-0.35983536831421403,0.0,214.42615026397692,-38.657923201189476,23,20538,492000,0.0003,-29544152.0,0.05000000074505806,2.5632648290369536e+16,1448362880.0,482001,25142.315789473683,-27905293.75623584,,,,,,,
6.826165100336068,0.16751719965349574,-0.027121687682587103,-0.39435275679683546,0.0,196.16587025990145,7.825805192937787,23,20605,494000,0.0003,-77225680.0,0.05000000074505806,8.398170315187814e+16,2713052672.0,484001,25142.315789473683,-27905293.75623584,,,,,,,
13.09779612541198,0.3342555862081236,0.11408329611700718,-0.2639826021463946,0.0,224.9040114148299,117.38872434748308,23,20672,496000,0.0003,-108286792.0,0.05000000074505806,6.906809064148173e+16,2362661888.0,486001,25142.315789473683,-27905293.75623584,,,,,,,
-0.9605369281768817,0.36778309649624336,-0.024135900775570894,-0.36033077859956325,0.0,224.2346786520188,-112.60215303399944,24,20738,498000,0.0003,349691648.0,0.05000000074505806,1.6055000069308416e+17,3967199232.0,488001,25142.315789473683,-27905293.75623584,,,,,,,
6.975987198352814,0.17749741818227252,-0.08715193182776212,-0.37805143653978096,0.0,189.54953682148064,-12.935502220152426,,,500000,0.0003,153569792.0,0.05000000074505806,1.4724889929423258e+17,3072429056.0,490000,,,0.007046875000000005,0.0,40000.0,-40712.50684514009,2340.175141842725,0.0,0.0
,,,,,,,22,21923,500000,0.0003,52076204.0,0.05000000074505806,3.247250568632074e+17,6977958400.0,490001,25142.315789473683,-27905293.75623584,,,,,,,
7.3988334983587265,0.215762361741128,0.23146996173664605,-0.339514304679595,0.0,215.16444490586136,-40.4498224118522,22,21987,502000,0.0003,-132642456.0,0.05000000074505806,1.2467019823710208e+16,571588096.0,492001,25142.315789473683,-27905293.75623584,,,,,,,
6.434871064424527,0.3954200208631962,-0.06769278288512046,-0.2729608826607749,0.0,210.68880113027325,57.6901603265,22,22050,504000,0.0003,-149528128.0,0.05000000074505806,7.20671804049326e+16,2244958720.0,494001,25142.315789473683,-27905293.75623584,,,,,,,
2.2997212529182445,0.21627180905415938,-0.19549895821109262,-0.3357980879896394,0.0,171.90412835628712,-45.26546821335513,22,22114,506000,0.0003,382732864.0,0.05000000074505806,6.443722941514383e+17,7135501824.0,496001,25142.315789473683,-27905293.75623584,,,,,,,
3.969948059320453,0.1148616453768255,0.028762726261801704,-0.35005406931303384,0.0,155.26782963342322,15.924390616324185,22,22177,508000,0.0003,269767616.0,0.05000000074505806,9.894355673494323e+16,2226830336.0,498001,25142.315789473683,-27905293.75623584,,,,,,,
14.52663751482964,0.3320397225762055,0.13006457328599144,-0.20669724698842404,0.0,216.3504682769205,23.723161103883335,22,22241,510000,0.0003,360750144.0,0.05000000074505806,6.510362966884352e+17,9869778944.0,500001,25142.315789473683,-27905293.75623584,,,,,,,
-3.80512742221355,0.30943291209921436,-0.15667136567756962,-0.29933082570725894,0.0,164.42262126684392,-56.77770465605176,22,22304,512000,0.0003,22390948.0,0.05000000074505806,1.508949657512837e+17,5098496000.0,502001,25142.315789473683,-27905293.75623584,,,,,,,
2.9622975254058845,0.05596944985596531,-0.05245571622236566,-0.29023477945805654,0.0,108.7401935903452,-22.076932741611113,22,22368,514000,0.0003,-77559952.0,0.05000000074505806,5.221449723805696e+16,2587097600.0,504001,25142.315789473683,-27905293.75623584,,,,,,,
7.543640968799589,0.15573997625899866,0.29511532397305656,-0.23001113795948996,0.0,146.01111552886434,-16.62839334742118,23,22433,516000,0.0003,38059172.0,0.05000000074505806,6.950052856468603e+17,10134010880.0,506001,25142.315789473683,-27905293.75623584,,,,,,,
7.343508872985849,0.2938906169830428,0.02503842917608627,-0.3086349024839346,0.0,349.4928654899783,132.30518402109473,23,22498,518000,0.0003,35615052.0,0.05000000074505806,2.3304076795261747e+17,5901075968.0,508001,25885.2,-27132949.292509846,,,,,,,
11.131350958347314,0.43932605819419557,0.6591828411352392,-0.6789678949193452,0.0,903.6500039137935,-528.9178720238134,23,22563,520000,0.0003,-107660920.0,0.05000000074505806,4.137464832301466e+16,1265888000.0,510001,25885.2,-27132949.292509846,,,,,,,
-18.223369781374956,-0.6322711923887562,0.15960593342759893,-0.6101991860582576,0.0,1096.0076878006735,282.9139762750492,23,22628,522000,0.0003,-231812720.0,0.05000000074505806,3.886375460719821e+16,2039599872.0,512001,25885.2,-27132949.292509846,,,,,,,
-8.168495255708708,0.17150422433705867,-0.6810005120311177,-0.21224679565448223,0.0,483.3878222021912,-890.6745942232993,23,22694,524000,0.0003,329277728.0,0.05000000074505806,1.1467566116293837e+17,3713210368.0,514001,25885.2,-27132949.292509846,,,,,,,
-0.9591549003124239,0.03170147708563236,-0.3886040290854628,0.0034390364106359262,0.0,65.66899557302487,-37.62768421875998,23,22760,526000,0.0003,22556196.0,0.05000000074505806,1.2266580357205197e+17,2396194048.0,516001,25885.2,-27132949.292509846,,,,,,,
-12.636618746519083,-0.3421499434287224,0.19264652350224515,-0.019150359022352088,0.0,425.40785346025723,210.74952492106513,23,22825,528000,0.0003,78731672.0,0.05000000074505806,1.690452054864036e+17,5100345344.0,518001,25885.2,-27132949.292509846,,,,,,,
7.348613494038582,0.20093948003375234,0.32264531561034177,-0.41049651724496766,0.0,289.83110335074855,-109.72253006090304,23,22891,530000,0.0003,48779792.0,0.05000000074505806,1.0518114632885862e+17,2583492864.0,520001,25885.2,-27132949.292509846,,,,,,,
6.4568424195051115,0.43698921066717733,-0.05884185345175581,-0.2882866797137033,0.0,216.40113281142612,37.35287895588832,23,22958,532000,0.0003,72403744.0,0.05000000074505806,1.2201694568277606e+17,3434990080.0,522001,25885.2,-27132949.292509846,,,,,,,
4.152849979996686,0.2556221065593296,-0.17898028018860074,-0.35362291555394215,0.0,189.93016120628303,-38.24516381846329,23,23024,534000,0.0003,110621504.0,0.05000000074505806,5.133647277876838e+16,964943936.0,524001,25885.2,-27132949.292509846,,,,,,,
4.623916261792182,0.17146044097110894,0.05147794818294748,-0.3729951275056273,0.0,182.4518799199482,27.90110208315428,23,23091,536000,0.0003,201794528.0,0.05000000074505806,1.2395647560423834e+17,2926066176.0,526001,25885.2,-27132949.292509846,,,,,,,
14.156094136834117,0.38235156379200336,0.10326382162081019,-0.24570873603893084,0.0,240.07080539603498,25.65014621881364,23,23157,538000,0.0003,-47649996.0,0.05000000074505806,5.677201158989414e+16,1340209792.0,528001,25885.2,-27132949.292509846,,,,,,,
-1.1401176351308855,0.3277343144940716,-0.14473240462204898,-0.3718801429419786,0.0,215.288998451282,-31.962545577011557,23,23224,540000,0.0003,306627872.0,0.05000000074505806,8.793038441467085e+16,1580997504.0,530001,25885.2,-27132949.292509846,,,,,,,
6.816127602457987,0.17683461715227844,-0.008687957843289299,-0.39306355125538067,0.0,196.32609802894834,-0.29583020112704234,23,23290,542000,0.0003,-275913792.0,0.05000000074505806,7.559772942159053e+16,2675388928.0,532001,25885.2,-27132949.292509846,,,,,,,
14.097192616462701,0.3581803311778437,0.0779993609012268,-0.2603060961529514,0.0,233.80590031030115,39.166725839870644,23,23357,544000,0.0003,-365281984.0,0.05000000074505806,1.2873414997966848e+16,300826848.0,534001,25885.2,-27132949.292509846,,,,,,,
-1.5019499331712738,0.36975997952756584,-0.002402426045836812,-0.3823037561521452,0.0,239.48077147269902,-17.775747408317216,23,23423,546000,0.0003,-43807292.0,0.05000000074505806,1.279782228506706e+17,3042684416.0,536001,25885.2,-27132949.292509846,,,,,,,
8.506939960718165,0.21639995588792485,-0.05831891731696038,-0.4073403834456288,0.0,217.82168928819252,5.829690041178057,23,23490,548000,0.0003,-285261792.0,0.05000000074505806,8.051383488793805e+16,2576472576.0,538001,25885.2,-27132949.292509846,,,,,,,
10.319216687679301,0.317315874804206,0.22971558909730672,-0.31804293777220494,0.0,223.1402522122166,-59.633013536725365,23,23557,550000,0.0003,-100389008.0,0.05000000074505806,1.53841433575424e+17,3307635968.0,540001,25885.2,-27132949.292509846,,,,,,,
3.0368785971403245,0.40376239768617805,-0.10408110685167454,-0.3528423992469467,0.0,258.4170108750702,69.31817771377818,23,23624,552000,0.0003,226227760.0,0.05000000074505806,8.824691319646454e+17,11460560896.0,542001,25885.2,-27132949.292509846,,,,,,,
8.114299113154415,0.2558315674820433,-0.10547923158813251,-0.40169955273557634,0.0,223.58762240618518,-12.003593434582005,23,23690,554000,0.0003,536076352.0,0.05000000074505806,9.227806642127503e+17,9072279552.0,544001,25885.2,-27132949.292509846,,,,,,,
6.275534929633141,0.24930541966574088,0.1330562358954048,-0.4012341789769307,0.0,233.69239553572356,4.412979058987917,23,23758,556000,0.0003,71432664.0,0.05000000074505806,1.9920817669065933e+17,3159945728.0,546001,25885.2,-27132949.292509846,,,,,,,
10.473746926188458,0.36908198434224077,0.049758345604686206,-0.4001291594727876,0.0,358.9004445356677,42.77909914825246,23,23825,558000,0.0003,28683786.0,0.05000000074505806,4.672783543120691e+16,2000502400.0,548001,26557.333333333332,-26460859.15883276,,,,,,,
-13.24425324738026,-0.32228455011838886,-0.7917297911283023,-0.6261132848097978,0.0,969.7455013880176,212.89898106509173,23,23893,560000,0.0003,77943696.0,0.05000000074505806,5.2889780343118234e+17,9209669632.0,550001,26557.333333333332,-26460859.15883276,,,,,,,
0.7189114373922261,-0.09981288322286107,-1.0302255996838046,-0.6562404981417862,0.0,1423.3549232685737,507.2720236464528,23,23961,562000,0.0003,-306114496.0,0.05000000074505806,4.62055759979479e+16,1188676992.0,552001,25489.0,-27246532.14271236,,,,,,,
-5.347224858999248,-0.5927632044460467,0.3185372218087097,-0.7512717249426432,0.0,882.341655958948,449.5016866570999,23,24028,564000,0.0003,124076960.0,0.05000000074505806,1.3749063051850547e+17,4465536000.0,554001,25489.0,-27246532.14271236,,,,,,,
0.532405397295949,0.27309169052811283,0.5363847604256211,-0.8302733922357536,0.0,1059.5430381978103,-337.6785231180619,23,24096,566000,0.0003,-397206848.0,0.05000000074505806,5.941336923229389e+16,3126213888.0,556001,25489.0,-27246532.14271236,,,,,,,
-3.49853852927685,-0.23485869144835264,-0.7580429515632501,-0.6548613762736766,0.0,936.0917948524125,-293.46247651925114,23,24163,568000,0.0003,-140285440.0,0.05000000074505806,1.5302686725793382e+17,5132128768.0,558001,25489.0,-27246532.14271236,,,,,,,
-1.110245056152342,-0.10820119685776595,0.4362396452587452,-0.6711227998349124,0.0,731.9711476195596,270.17007914616863,23,24230,570000,0.0003,-83886704.0,0.05000000074505806,8.62024589419479e+16,810224064.0,560001,25489.0,-27246532.14271236,,,,,,,
-2.631166063547133,-0.08292434313576995,-0.005356550711312046,-0.6896659876294354,0.0,676.5164205021645,-201.08235504610582,23,24298,572000,0.0003,-102170144.0,0.05000000074505806,1.614647943673938e+17,3449320704.0,562001,25489.0,-27246532.14271236,,,,,,,
4.947615941166879,0.18785365353830538,0.1656915023541563,-0.7034196912784327,0.0,617.9766693762397,-114.07004893776433,23,24365,574000,0.0003,-13066280.0,0.05000000074505806,2.88865309757014e+17,7029880320.0,564001,25489.0,-27246532.14271236,,,,,,,
6.244013490080833,0.34166118603624224,-0.0466050641359222,-0.6294076606852606,0.0,535.562569514267,280.5207926032153,23,24433,576000,0.0003,-136015392.0,0.05000000074505806,8.249441610681549e+16,1666010752.0,566001,25489.0,-27246532.14271236,,,,,,,
-0.1524401044845567,-0.0017131484407524342,-0.09104478332964233,-0.741211092644089,0.0,803.427150458748,-71.78947729194506,23,24500,578000,0.0003,276470048.0,0.05000000074505806,1.4064764451144335e+18,11177645056.0,568001,25489.0,-27246532.14271236,,,,,,,
5.908205887675284,0.261725382422871,0.18566916202106704,-0.7199994958784527,0.0,661.0006324577436,-160.79298731111513,23,24568,580000,0.0003,-51300304.0,0.05000000074505806,8.782066002616648e+17,11426320384.0,570001,25489.0,-27246532.14271236,,,,,,,
5.907579059004782,0.30337667844350585,-0.33262348890891014,-0.6833151823522589,0.0,711.437585894075,574.7507602100521,23,24635,582000,0.0003,156796080.0,0.05000000074505806,8.9587396541363e+17,11765708800.0,572001,25489.0,-27246532.14271236,,,,,,,
-0.062397912144662046,-0.004277249875889237,0.20003623225430325,-0.7877515037439801,0.0,816.4575743344401,-344.7653911838475,23,24703,584000,0.0003,-29128480.0,0.05000000074505806,3.621448048107848e+17,7848222720.0,574001,25489.0,-27246532.14271236,,,,,,,
7.2438380694389375,0.3498156273396633,0.1691670600710911,-0.7164571495438719,0.0,671.1571666527087,-192.2990619159549,23,24770,586000,0.0003,-126112160.0,0.05000000074505806,1.0609506382983987e+17,3280969216.0,576001,25489.0,-27246532.14271236,,,,,,,
4.89089352071286,0.19837960633436671,-0.38534153247121866,-0.7289409379778621,0.0,852.3089587306793,289.0437188836507,23,24838,588000,0.0003,99105416.0,0.05000000074505806,1.1789125163784602e+17,3340463360.0,578001,25489.0,-27246532.14271236,,,,,,,
2.138643980026245,0.1208366182456278,0.3135790436853178,-0.827612959668143,0.0,869.9710633175471,-119.62007445671699,23,24905,590000,0.0003,-245765424.0,0.05000000074505806,3.978801009446093e+16,1628750208.0,580001,25489.0,-27246532.14271236,,,,,,,
7.334061043858534,0.43946167308392725,0.0629240756211509,-0.7114366844536486,0.0,677.56906260869,-42.22607020780959,23,24972,592000,0.0003,-57557256.0,0.05000000074505806,6.57074814548181e+17,10115989504.0,582001,25489.0,-27246532.14271236,,,,,,,
0.8319368088245405,0.0005898284426075389,-0.2889220086354575,-0.8136579996865414,0.0,1010.7784893477607,243.46197365499864,23,25040,594000,0.0003,-395285344.0,0.05000000074505806,6.951258539687936e+16,4203454976.0,584001,25489.0,-27246532.14271236,,,,,,,
5.429526053071022,0.2435887139675481,0.3071637421542012,-0.818663943592954,0.0,867.0760449617499,-241.92742364700862,23,25107,596000,0.0003,182493808.0,0.05000000074505806,1.0383022964940472e+18,12052449280.0,586001,25489.0,-27246532.14271236,,,,,,,
5.55344158113003,0.4076105433221871,-0.3520076353240684,-0.735133678972458,0.0,859.3664696939671,752.5433861533514,23,25175,598000,0.0003,-74024504.0,0.05000000074505806,4.661657859837133e+16,2265820160.0,588001,25489.0,-27246532.14271236,,,,,,,
-0.5765444260835655,-0.0982328177020169,0.14316583186692408,-0.8610604060762257,0.0,1005.3459551464831,-466.87803887778955,,,600000,0.0003,-183583648.0,0.05000000074505806,1.5293581824622592e+16,1376887680.0,590000,,,0.007046875000000005,0.0,40000.0,-41393.53903397998,6247.581515740573,0.0,0.0
,,,,,,,22,26371,600000,0.0003,-352626560.0,0.05000000074505806,1.0930349888923238e+17,2960576000.0,590001,25489.0,-27246532.14271236,,,,,,,
-1.4664439761638655,-0.18624491548695887,-0.3952544552665682,-0.7912951765459265,0.0,1044.0382854176123,-605.4597918355918,22,26436,602000,0.0003,-191087392.0,0.05000000074505806,8.781259923154534e+16,3070627072.0,592001,26119.91304347826,-27478096.325778387,,,,,,,
-3.401310418844222,-0.5729112015310577,0.5271457420219661,-0.6967207058129804,0.0,900.2727562665443,477.31058645387304,22,26500,604000,0.0003,-6720128.0,0.05000000074505806,1.305044573306749e+18,12208783360.0,594001,26119.91304347826,-27478096.325778387,,,,,,,
3.3029538053274154,0.27274278642827493,0.037979490887947095,-0.687820942262057,0.0,925.4344528099645,-492.8732907732271,22,26565,606000,0.0003,125756032.0,0.05000000074505806,8.035430262269542e+17,11041156096.0,596001,26119.91304347826,-27478096.325778387,,,,,,,
4.584049562215806,0.19242711494866166,0.20584639673281496,-0.7362227395883548,0.0,681.4301963021863,-134.37165532176655,22,26629,608000,0.0003,-88231744.0,0.05000000074505806,2.0332852779627315e+17,4463406080.0,598001,26119.91304347826,-27478096.325778387,,,,,,,
8.442748737335203,0.44260914186209355,0.11258017551512803,-0.6178306795291655,0.0,527.1254229036898,-75.14651085596441,22,26694,610000,0.0003,21042600.0,0.05000000074505806,1.214278565583913e+17,2017799680.0,600001,26119.91304347826,-27478096.325778387,,,,,,,
2.0726795548200636,0.1295440171715229,-0.24155205189838455,-0.7337862397397543,0.0,855.1432464553388,283.09538371967784,22,26759,612000,0.0003,-254673248.0,0.05000000074505806,1.876478770764841e+17,3690385408.0,602001,26119.91304347826,-27478096.325778387,,,,,,,
7.672011533975601,0.31842159794760555,0.20656963796754516,-0.7189708823867509,0.0,672.801843096169,-200.59875247180577,22,26825,614000,0.0003,113721040.0,0.05000000074505806,7.924569253619958e+17,10654546944.0,604001,26119.91304347826,-27478096.325778387,,,,,,,
7.0914180159569,0.43099240761053936,-0.33973074014467675,-0.6351404366270599,0.0,724.1721755039653,758.2740754904593,22,26890,616000,0.0003,-431480192.0,0.05000000074505806,1.3694575378746573e+17,3329602048.0,606001,26119.91304347826,-27478096.325778387,,,,,,,
2.5342732644081107,0.07946815459910761,0.21931790693942424,-0.7995584165560328,0.0,821.9796910746729,-587.5624499024295,22,26956,618000,0.0003,-585961280.0,0.05000000074505806,1.6092354258875187e+17,3657712384.0,608001,26119.91304347826,-27478096.325778387,,,,,,,
8.575443070530905,0.4336564401363873,0.19123450129162267,-0.6747478700951214,0.0,621.9101579972483,-198.20209533738023,22,27021,620000,0.0003,-313544448.0,0.05000000074505806,1.5439318225413734e+17,2631250944.0,610001,26119.91304347826,-27478096.325778387,,,,,,,
3.5729796630144075,0.21502711426462076,-0.3316608175584925,-0.7199670916976079,0.0,876.9739628283588,322.7175831249459,22,27087,622000,0.0003,154605504.0,0.05000000074505806,1.305061478298026e+18,13625277440.0,612001,26119.91304347826,-27478096.325778387,,,,,,,
6.441049744486805,0.2745175523050297,0.2527861729441235,-0.7675414299634182,0.0,761.445211901227,-223.69951867448916,22,27153,624000,0.0003,-284282624.0,0.05000000074505806,2.2511699996809626e+17,3438920960.0,614001,26119.91304347826,-27478096.325778387,,,,,,,
7.422343940734846,0.4936775489402696,-0.19249043846165154,-0.6424388770588625,0.0,689.2954174961167,762.8813207918251,22,27219,626000,0.0003,-207148672.0,0.05000000074505806,1.045181322273751e+17,2301496320.0,616001,26119.91304347826,-27478096.325778387,,,,,,,
1.8426983582973488,0.04438365729234101,0.05319953675464435,-0.816835048730333,0.0,934.9987283716368,-568.5816432091426,23,27285,628000,0.0003,-93573480.0,0.05000000074505806,1.1250935525026038e+18,13505352704.0,618001,26119.91304347826,-27478096.325778387,,,,,,,
8.21012108206749,0.42408018437426653,0.2213689493234826,-0.6998981620703596,0.0,667.8707952605755,-240.20844943655848,23,27352,630000,0.0003,-650840704.0,0.05000000074505806,3.3042725301387264e+16,456258208.0,620001,26119.91304347826,-27478096.325778387,,,,,,,
4.007253299951547,0.23684441692107433,-0.36194917023560114,-0.7259347430218297,0.0,892.2534026298159,323.16738916190604,23,27418,632000,0.0003,-285238112.0,0.05000000074505806,1.0494137548459213e+17,3715470080.0,622001,26119.91304347826,-27478096.325778387,,,,,,,
5.861247710585598,0.2547175854549757,0.28018720936452435,-0.7877028856093389,0.0,802.3843846826392,-232.5958545377707,23,27485,634000,0.0003,-504326336.0,0.05000000074505806,1.0173427186506138e+17,2955216384.0,624001,26119.91304347826,-27478096.325778387,,,,,,,
7.367918633818638,0.5149738884432851,-0.14910428024559896,-0.6464794372187268,0.0,685.4652565750831,677.9260370219941,23,27552,636000,0.0003,-563676544.0,0.05000000074505806,6.624963861256602e+16,680683520.0,626001,26119.91304347826,-27478096.325778387,,,,,,,
1.8050352907180782,0.035538689442292874,-0.0015035540911279865,-0.8202384658179498,0.0,967.0769878971486,-485.5318615494476,23,27619,638000,0.0003,-345055968.0,0.05000000074505806,1.1844390225969152e+17,3267555584.0,628001,26119.91304347826,-27478096.325778387,,,,,,,
8.180405788421634,0.424793601543823,0.24940915663526905,-0.7028722959774206,0.0,679.3660481533767,-268.0787113287483,23,27687,640000,0.0003,-391557696.0,0.05000000074505806,6.798142955585536e+16,1379778432.0,630001,26119.91304347826,-27478096.325778387,,,,,,,
2.4520665723085435,-0.07521448368937163,-0.5730259663181235,-0.6928790212695118,0.0,935.5373146821955,-39.11590324964389,23,27754,642000,0.0003,-114651200.0,0.05000000074505806,1.2334052060042363e+18,13748480000.0,632001,26698.25,-27634663.909131914,,,,,,,
-2.577956946492189,-0.18311150723952496,0.7326892322106505,-0.8660537605257805,0.0,1153.3716371770752,264.91326474420987,23,27821,644000,0.0003,60991920.0,0.05000000074505806,1.3784932041726362e+17,4465576960.0,634001,26698.25,-27634663.909131914,,,,,,,
1.421471696496012,0.39546328970026257,-0.240645197189227,-0.658761794321097,0.0,930.4170968997754,-319.8538543471006,23,27889,646000,0.0003,-210533808.0,0.05000000074505806,2.7024411826795315e+17,3888471040.0,636001,26698.25,-27634663.909131914,,,,,,,
5.167407680749895,0.20137179723991716,0.24970319207719294,-0.7337978812286536,0.0,688.9041593844381,-172.10145986473896,23,27956,648000,0.0003,-5872768.0,0.05000000074505806,5.6807003547448115e+17,8219220992.0,638001,26698.25,-27634663.909131914,,,,,,,
8.026175160408002,0.4999989579828529,-0.061865474955022856,-0.5784632949868349,0.0,572.9033618850318,610.0288471649103,23,28024,650000,0.0003,-104956144.0,0.05000000074505806,3.751521648063283e+17,7033258496.0,640001,26698.25,-27634663.909131914,,,,,,,
3.4965250450372696,0.13784888933373202,-0.004975788044267446,-0.7483397098346054,0.0,808.8828930489808,-496.36848894274374,23,28091,652000,0.0003,-7438728.0,0.05000000074505806,2.1455786066659246e+18,14382095360.0,642001,26698.25,-27634663.909131914,,,,,,,
8.747362635135646,0.42080451374928085,0.19266311521627988,-0.6433303538363829,0.0,568.9325651942229,-177.853354039978,23,28158,654000,0.0003,-251262144.0,0.05000000074505806,1.7309838330350797e+17,4050196992.0,644001,26698.25,-27634663.909131914,,,,,,,
6.804979961514465,0.38141783829013104,-0.2764795794077965,-0.584261477025079,0.0,678.9604115143912,170.96634149852738,23,28225,656000,0.0003,-631807552.0,0.05000000074505806,2.879822816608256e+16,3410578944.0,646001,26698.25,-27634663.909131914,,,,,,,
7.576097540855407,0.29320543989465053,0.16579476153928102,-0.6835513177446756,0.0,601.4680240207864,-156.6126578807395,23,28291,658000,0.0003,-781116.0,0.05000000074505806,1.240877212148695e+18,13394396160.0,648001,26698.25,-27634663.909131914,,,,,,,
9.021844027638428,0.5477028767335658,0.08903666271301487,-0.5116779035731733,0.0,465.3518477035171,253.0923279329282,23,28358,660000,0.0003,-664124672.0,0.05000000074505806,9.538665379895706e+16,844997760.0,650001,26698.25,-27634663.909131914,,,,,,,
5.401555604934678,0.25644429471960467,-0.15391901823295176,-0.6227269026787069,0.0,630.9034324400967,-237.62840012564627,23,28425,662000,0.0003,-425135072.0,0.05000000074505806,7.204640564812186e+16,1834485248.0,652001,26698.25,-27634663.909131914,,,,,,,
9.400482180118548,0.3898885707591032,0.13119916259130923,-0.5787440547873617,0.0,457.90891311373997,-75.10192606165383,23,28491,664000,0.0003,-753579072.0,0.05000000074505806,2.2910369169145856e+16,1257235200.0,654001,26698.25,-27634663.909131914,,,,,,,
9.373482182025906,0.45650362240849063,-0.20907798145636458,-0.44258643201164216,0.0,504.56728163467744,11.169631275587687,23,28558,666000,0.0003,-686850432.0,0.05000000074505806,6.365397512722842e+16,1323683072.0,656001,26698.25,-27634663.909131914,,,,,,,
6.55864506959915,0.24360578746102657,0.08482697205349252,-0.5856871976545244,0.0,434.46129037415176,-79.1829260167212,23,28624,668000,0.0003,-323576832.0,0.05000000074505806,1.790076741872517e+17,5685576704.0,658001,26698.25,-27634663.909131914,,,,,,,
10.118864368200303,0.43236534779874114,0.2343780071505276,-0.46312385662370953,0.0,357.2753383124916,-164.10728282927423,23,28691,670000,0.0003,-780822144.0,0.05000000074505806,3.2704292615880704e+16,1300742272.0,660001,26698.25,-27634663.909131914,,,,,,,
4.537418239116654,0.3293922732362166,-0.3055375680629507,-0.45477208936224245,0.0,454.5032897675384,181.47719388914223,23,28757,672000,0.0003,-855974720.0,0.05000000074505806,4.401520280653005e+16,1545737344.0,662001,26698.25,-27634663.909131914,,,,,,,
8.615396211147301,0.2637452847845576,0.07092854386857216,-0.524971381355883,0.0,355.9100158427206,-69.68134320968295,23,28824,674000,0.0003,-215927456.0,0.05000000074505806,1.4117501151981076e+18,14021915648.0,664001,26698.25,-27634663.909131914,,,,,,,
10.90198939859866,0.48234398128420636,0.10334104073292356,-0.3646603190337515,0.0,318.8075993930468,401.05699320892984,23,28890,676000,0.0003,-851104128.0,0.05000000074505806,2.8059220631250534e+17,4786838528.0,666001,26698.25,-27634663.909131914,,,,,,,
2.728552427887915,0.19175640841538205,-0.20892074292941762,-0.51465932643133,0.0,449.74291349620665,-353.24686351940363,23,28956,678000,0.0003,-479238720.0,0.05000000074505806,8.666229532052685e+16,3011811328.0,668001,26698.25,-27634663.909131914,,,,,,,
7.401984499692918,0.2498773867787379,0.10849518741503766,-0.49444669321921636,0.0,318.77307503951954,-65.23511634148925,23,29022,680000,0.0003,-370290720.0,0.05000000074505806,6.541799550510694e+16,2389125632.0,670001,26698.25,-27634663.909131914,,,,,,,
3.9536112731695128,-0.14145305261924793,-0.3685208789335002,-0.6122912764283671,0.0,810.8443653806727,-349.0473538759901,23,29089,682000,0.0003,-710116864.0,0.05000000074505806,9.085732731748352e+16,1686549376.0,672001,27230.32,-27455330.43378544,,,,,,,
-4.575503664016711,-0.2506676346125687,0.686954998431628,-0.8699914692937916,0.0,1145.2564128106935,425.6277630625268,23,29156,684000,0.0003,-676716800.0,0.05000000074505806,2.184218331483996e+17,4629497344.0,674001,27230.32,-27455330.43378544,,,,,,,
2.0249017852544764,0.5594743973487238,-0.09553169109160228,-0.6347086267175066,0.0,953.2420840755526,283.2778030369093,23,29222,686000,0.0003,-825071104.0,0.05000000074505806,7.97361795193897e+16,1116998656.0,676001,27230.32,-27455330.43378544,,,,,,,
2.2193002700805677,0.027073379511197922,0.07265915897891254,-0.7365738519677254,0.0,771.1690776089646,-841.8952533984911,23,29288,688000,0.0003,-742399488.0,0.05000000074505806,6.54573374055383e+16,4039940352.0,678001,27230.32,-27455330.43378544,,,,,,,
10.822490723133102,0.4700416488877191,0.3332261553898796,-0.5601732554082861,0.0,511.0325624383363,-338.6139141653426,23,29355,690000,0.0003,-769402624.0,0.05000000074505806,1.114362593893417e+17,416489600.0,680001,27230.32,-27455330.43378544,,,,,,,
1.3857969242334371,0.263324882229631,-0.4090457249547697,-0.4870978777867088,0.0,539.3221523492475,112.5855891614154,23,29421,692000,0.0003,-663713664.0,0.05000000074505806,6.148426931843891e+16,452430784.0,682001,27230.32,-27455330.43378544,,,,,,,
6.882842146158218,0.2301059901286426,0.13284925492155697,-0.5229832285424552,0.0,354.1054283715756,-84.80692631289386,23,29487,694000,0.0003,-657257792.0,0.05000000074505806,1.8474045909499904e+17,2344462080.0,684001,27230.32,-27455330.43378544,,,,,,,
11.859995157718652,0.4813255974907251,-0.08526483249724374,-0.32931060989992916,0.0,396.2279041886471,616.7269423701758,23,29554,696000,0.0003,-856899200.0,0.05000000074505806,2.6901317205098496e+16,2254086912.0,686001,27230.32,-27455330.43378544,,,,,,,
1.1607063049077964,0.11633266586429765,-0.05850011689532534,-0.5148783023436514,0.0,351.73346440164477,-604.2781133701505,23,29620,698000,0.0003,-102643264.0,0.05000000074505806,3.8919248161642906e+17,3788168448.0,688001,27230.32,-27455330.43378544,,,,,,,
5.81428258895874,0.22308947137435015,0.14543700804122942,-0.461090212393952,0.0,280.6829620243029,-51.33242934784207,,,700000,0.0003,227297328.0,0.05000000074505806,2.1468717697791427e+18,16803661824.0,690000,,,0.007046875000000005,0.0,40000.0,-42513.973576917924,8046.194124301984,0.0,0.0
,,,,,,,22,30805,700000,0.0003,-363445888.0,0.05000000074505806,1.6089997180823142e+17,5929470464.0,690001,27230.32,-27455330.43378544,,,,,,,
12.994452537298203,0.4188464558397177,-0.16042729714155982,-0.30518568832843707,0.0,394.89675329175356,54.81461196802304,22,30870,702000,0.0003,-685401728.0,0.05000000074505806,3.4505815359697715e+17,4013949184.0,692001,27230.32,-27455330.43378544,,,,,,,
-0.2552873963117596,0.09149910191340586,0.012425212969130952,-0.5102152508943409,0.0,318.87934145747863,-10.2825994689256,22,30935,704000,0.0003,-889110336.0,0.05000000074505806,5.772485008451174e+16,1440503424.0,694001,27230.32,-27455330.43378544,,,,,,,
5.313186078071598,0.22726927020962487,0.16791823892917987,-0.4479519837697824,0.0,270.1905906530107,-34.39142194411757,22,30999,706000,0.0003,115001376.0,0.05000000074505806,1.4813692673235354e+18,14622197760.0,696001,27230.32,-27455330.43378544,,,,,,,
12.314510154128081,0.39258636002562053,-0.17446764630951156,-0.30664265138455665,0.0,394.312943800159,36.182437605459064,22,31063,708000,0.0003,-577018240.0,0.05000000074505806,7.046282114131558e+16,1447585664.0,698001,27230.32,-27455330.43378544,,,,,,,
0.1293544125556925,0.07836477439381305,0.012621387727268965,-0.5029160272455981,0.0,310.4132118784768,-10.515579459083238,22,31127,710000,0.0003,-294049216.0,0.05000000074505806,2.483314700016681e+17,5707426304.0,700001,27230.32,-27455330.43378544,,,,,,,
5.219635088443754,0.23791422934296713,0.18637153086891253,-0.4362177551266708,0.0,262.9489045973799,-14.012423178954633,22,31190,712000,0.0003,-584009152.0,0.05000000074505806,2.2877662134193357e+17,5371882496.0,702001,27230.32,-27455330.43378544,,,,,,,
11.486259790658956,0.3668749232171262,-0.20381578438734588,-0.3098829160917557,0.0,397.68441977382395,23.085591416199655,22,31256,714000,0.0003,-14389552.0,0.05000000074505806,3.8498987329716224e+17,5660999168.0,704001,27230.32,-27455330.43378544,,,,,,,
0.340986488461493,0.06277254252658272,0.022729252100557047,-0.49787758851239294,0.0,305.6537096676726,-14.959071067475225,22,31320,716000,0.0003,-655032704.0,0.05000000074505806,6.673075225912934e+16,3797720832.0,706001,27230.32,-27455330.43378544,,,,,,,
5.419820767641066,0.2495660290852364,0.21010704259906288,-0.4271066830742197,0.0,261.0633608789129,7.188068081397096,22,31384,718000,0.0003,-614756736.0,0.05000000074505806,3.0965205811645645e+17,7088997888.0,708001,27230.32,-27455330.43378544,,,,,,,
10.508364699482915,0.3473232209740612,-0.22679948558693577,-0.31791919488627074,0.0,396.20584107551804,12.62862277102369,22,31449,720000,0.0003,-927861632.0,0.05000000074505806,6.228592496423731e+16,660448960.0,710001,27230.32,-27455330.43378544,,,,,,,
-1.0407405650615678,-0.27650865484746584,-0.5876932451790052,-0.6236125818891036,0.0,805.3561277557008,-450.6356604020942,22,31513,722000,0.0003,-380713792.0,0.05000000074505806,4.4772979348445594e+17,7774636544.0,712001,27721.46153846154,-27124108.59668596,,,,,,,
-4.899902108311659,-0.339362881579112,0.699410898713519,-0.8320207345860584,0.0,1098.8145414482544,537.0711016234577,22,31577,724000,0.0003,-529012736.0,0.05000000074505806,3.245100336205005e+17,6142232064.0,714001,27721.46153846154,-27124108.59668596,,,,,,,
1.6982828629016933,0.5410609118010185,-0.06564782663049054,-0.6025087497814654,0.0,948.4707594567282,160.9936771271357,22,31642,726000,0.0003,-998532864.0,0.05000000074505806,1.1911380548871782e+17,649342144.0,716001,27721.46153846154,-27124108.59668596,,,,,,,
1.4877111971378327,0.0063185048210983846,0.04997294282421138,-0.6581099524152704,0.0,614.4833040981691,-886.0683207055711,22,31706,728000,0.0003,-285051392.0,0.05000000074505806,1.7239025658353418e+18,16507415552.0,718001,27721.46153846154,-27124108.59668596,,,,,,,
10.077690318822869,0.4044729782921431,0.3526394025006505,-0.5102627672141061,0.0,436.2671192359861,-280.46905094381924,22,31771,730000,0.0003,-779151808.0,0.05000000074505806,7.953703906574336e+16,2355288320.0,720001,27721.46153846154,-27124108.59668596,,,,,,,
2.9116404014825856,0.2752384833672299,-0.46356589489324085,-0.3668567833866305,0.0,434.93931826680443,38.71708421703701,22,31835,732000,0.0003,-1024888704.0,0.05000000074505806,2.1540126854846874e+17,4151633664.0,722001,27721.46153846154,-27124108.59668596,,,,,,,
2.887829850912096,0.0826814280288828,0.12084845437608868,-0.4463561646352328,0.0,254.43429568633618,-54.16162565417287,23,31900,734000,0.0003,239658384.0,0.05000000074505806,2.289286013366829e+18,17699274752.0,724001,27721.46153846154,-27124108.59668596,,,,,,,
10.640076249837863,0.38555791186198396,0.24058030024888236,-0.2984462847628013,0.0,226.8382711065563,51.94261120765613,23,31965,736000,0.0003,211532000.0,0.05000000074505806,2.123957397700477e+18,17044621312.0,726001,27721.46153846154,-27124108.59668596,,,,,,,
2.094319724440574,0.14857802507750642,-0.3477272136114025,-0.44119233459834756,0.0,424.0381183270182,35.280491469157255,23,32031,738000,0.0003,-530171136.0,0.05000000074505806,1.7966086999349658e+17,4593258496.0,728001,27721.46153846154,-27124108.59668596,,,,,,,
4.056021416187296,0.11784374162222284,0.12687797867523873,-0.46760214353061175,0.0,279.153465173922,-63.73425722372739,23,32096,740000,0.0003,-140162272.0,0.05000000074505806,3.092005711543009e+17,4430435328.0,730001,27721.46153846154,-27124108.59668596,,,,,,,
11.067327404618256,0.41483518308809975,0.20727919918157922,-0.30696396858039515,0.0,243.91389873405217,148.55198947783398,23,32161,742000,0.0003,-875814912.0,0.05000000074505806,1.2356606307703194e+17,1277506560.0,732001,27721.46153846154,-27124108.59668596,,,,,,,
1.4454749655723629,0.11986485358728802,-0.35190516768953684,-0.45533023046992793,0.0,437.7040283393941,-78.64724553116237,23,32227,744000,0.0003,-449552576.0,0.05000000074505806,2.2659594618667008e+17,4610971648.0,734001,27721.46153846154,-27124108.59668596,,,,,,,
3.814874917268754,0.11742581450855627,0.14878062878914616,-0.46891179779758896,0.0,282.387017534355,-59.598343395496165,23,32293,746000,0.0003,-1102758400.0,0.05000000074505806,1.047123678283694e+17,936625024.0,736001,27721.46153846154,-27124108.59668596,,,,,,,
11.209452832937236,0.43114129687969865,0.13876188639579778,-0.29693690177397936,0.0,266.51917994879483,453.05771370419365,23,32359,748000,0.0003,-504988512.0,0.05000000074505806,2.150704701673308e+17,6141085184.0,738001,27721.46153846154,-27124108.59668596,,,,,,,
1.210857172608373,0.10729687930532648,-0.27219227376464966,-0.47728230717260506,0.0,424.6072400931759,-384.66806481030414,23,32425,750000,0.0003,-946575040.0,0.05000000074505806,8.150822289617715e+16,1365531008.0,740001,27721.46153846154,-27124108.59668596,,,,,,,
4.8411638212204,0.15503792409973102,0.14874389833658083,-0.4640681267063075,0.0,278.74398514380755,-63.26693490799826,23,32491,752000,0.0003,-1094505088.0,0.05000000074505806,2.0483188660895744e+17,3052064512.0,742001,27721.46153846154,-27124108.59668596,,,,,,,
11.771006414294236,0.44489764947562205,0.030507780507378325,-0.2868620297053797,0.0,308.1399496085755,703.8636317409129,23,32557,754000,0.0003,-685331136.0,0.05000000074505806,2.257544246544302e+17,3303377664.0,744001,27721.46153846154,-27124108.59668596,,,,,,,
0.5898745667934432,0.08722380926486271,-0.17417901409249814,-0.49576747038383123,0.0,390.8663935884718,-632.007986643551,23,32623,756000,0.0003,-847504960.0,0.05000000074505806,9.102477091248538e+16,3709491200.0,746001,27721.46153846154,-27124108.59668596,,,,,,,
5.147101807594295,0.17706928224076096,0.1561176832651586,-0.45913812166808354,0.0,275.70799989737685,-63.08511997399691,23,32690,758000,0.0003,-875665088.0,0.05000000074505806,1.4443239718046925e+17,780256896.0,748001,27721.46153846154,-27124108.59668596,,,,,,,
12.285798202753066,0.4430294142535463,-0.09276911194228438,-0.28441786408466885,0.0,366.25663182904094,689.6454731891729,23,32756,760000,0.0003,-1149016448.0,0.05000000074505806,3.2535810068289946e+17,5895087104.0,750001,27721.46153846154,-27124108.59668596,,,,,,,
-1.0521334129571902,-0.21872321589690158,-0.3233015453474853,-0.6553041704236057,0.0,825.0654839323543,-777.7248414466071,23,32822,762000,0.0003,-727497728.0,0.05000000074505806,1.725273330417664e+16,2708962560.0,752001,28176.222222222223,-26773083.07333774,,,,,,,
2.5574970501661314,0.10958234698464518,0.7608342757264113,-0.8041332744119968,0.0,1047.3230066143108,-376.20085132510445,23,32888,764000,0.0003,-1189804672.0,0.05000000074505806,3.5042097002184704e+16,1154758912.0,754001,28176.222222222223,-26773083.07333774,,,,,,,
-0.7227620321512231,0.14852221334162366,-0.4353985105057576,-0.7060860162710066,0.0,946.1172696884666,267.531173938041,23,32954,766000,0.0003,-1101900416.0,0.05000000074505806,8.815062174767514e+16,1154536448.0,756001,28176.222222222223,-26773083.07333774,,,,,,,
6.433913379907604,0.2892431780494547,0.32583757842070904,-0.7220618572826922,0.0,703.2306980356136,-259.6507185186839,23,33021,768000,0.0003,-452569280.0,0.05000000074505806,1.8180364292136632e+18,16943427584.0,758001,28176.222222222223,-26773083.07333774,,,,,,,
8.256416612863537,0.5672228412224871,-0.2314641746692341,-0.38446087357425085,0.0,567.0134848232523,-281.9006563266185,23,33087,770000,0.0003,-1063646144.0,0.05000000074505806,1.7508119790537933e+17,1845366784.0,760001,28176.222222222223,-26773083.07333774,,,,,,,
3.2371205461025236,0.13772195068181078,0.029468666857232997,-0.4719646050119763,0.0,280.3804632723158,-50.11412406082998,23,33153,772000,0.0003,-742124160.0,0.05000000074505806,2.2609240422088704e+17,971342080.0,762001,28176.222222222223,-26773083.07333774,,,,,,,
6.21892848014831,0.2907431802763247,0.18382862075090306,-0.3921816374168233,0.0,233.9406912800445,56.27603482996822,23,33220,774000,0.0003,-944666816.0,0.05000000074505806,1.1160013816148787e+17,1302096128.0,764001,28176.222222222223,-26773083.07333774,,,,,,,
9.572901222109799,0.34708962931649123,-0.205165607893273,-0.3314274081700147,0.0,395.25225721032876,44.93034274248795,23,33286,776000,0.0003,-668136704.0,0.05000000074505806,1.5449478400049152e+17,2965636352.0,766001,28176.222222222223,-26773083.07333774,,,,,,,
5.161253032684327,0.18516489717158716,0.06174899701308307,-0.5055647356741402,0.0,323.5388982222364,-71.06850105814296,23,33352,778000,0.0003,-668823168.0,0.05000000074505806,1.9294704208602726e+17,4028625152.0,768001,28176.222222222223,-26773083.07333774,,,,,,,
7.956134256124495,0.351328296353872,0.2157613730534042,-0.4060010393526627,0.0,272.7845143001585,-3.4164189063824186,23,33418,780000,0.0003,-459499392.0,0.05000000074505806,4.435867993112576e+17,5410653696.0,770001,28176.222222222223,-26773083.07333774,,,,,,,
7.278069867491721,0.3382812565288102,-0.2690718270003224,-0.37151746449450684,0.0,413.46783714794225,90.99777464803292,23,33484,782000,0.0003,-976459520.0,0.05000000074505806,1.8439816738137702e+17,450295264.0,772001,28176.222222222223,-26773083.07333774,,,,,,,
7.211551692485807,0.22128143351390783,0.07458658737265089,-0.5030413324431854,0.0,325.1553799585357,-81.95252840129012,23,33551,784000,0.0003,-995454592.0,0.05000000074505806,1.467941481569321e+17,411761440.0,774001,28176.222222222223,-26773083.07333774,,,,,,,
9.869307448863978,0.4133489259126261,0.2414284535783941,-0.37212883577577077,0.0,271.88657936209376,-118.77282382007657,23,33617,786000,0.0003,-1119175552.0,0.05000000074505806,6.415235454232166e+16,1495806976.0,776001,28176.222222222223,-26773083.07333774,,,,,,,
4.342672083973887,0.2911375915455384,-0.30510360130865705,-0.4322135834466472,0.0,440.81476362791665,211.84572742382522,23,33683,788000,0.0003,-960951168.0,0.05000000074505806,2.9565915774530355e+17,5813990400.0,778001,28176.222222222223,-26773083.07333774,,,,,,,
8.845617567300797,0.2648559435171765,0.07847336779877158,-0.49355902114119116,0.0,319.4859420704068,-81.17669374099532,23,33749,790000,0.0003,-1013988160.0,0.05000000074505806,1.0438865614326989e+17,780808896.0,780001,28176.222222222223,-26773083.07333774,,,,,,,
10.837432343959799,0.4757403232190499,0.13506918779186025,-0.3304212881271933,0.0,285.052280635543,371.575334751663,23,33816,792000,0.0003,1045120.0,0.05000000074505806,1.6724741463967007e+18,13911513088.0,782001,28176.222222222223,-26773083.07333774,,,,,,,
4.074625403881077,0.2849217438404356,-0.15591733537535415,-0.5011361378680546,0.0,439.6789139702352,-275.33230859566254,23,33882,794000,0.0003,-916321536.0,0.05000000074505806,2.333404020510556e+17,2990083328.0,784001,28176.222222222223,-26773083.07333774,,,,,,,
10.233732463121417,0.3445776640111435,0.05893815542155499,-0.4874471117710283,0.0,324.1416985165029,-60.380699284359146,23,33948,796000,0.0003,-305514752.0,0.05000000074505806,2.089734273652228e+18,17203376128.0,786001,28176.222222222223,-26773083.07333774,,,,,,,
13.615060212612152,0.49516950933033116,-0.11706373057497431,-0.3276768408671879,0.0,393.6257544055374,52.24957922577113,23,34014,798000,0.0003,-992900800.0,0.05000000074505806,5.0067361482407936e+17,5869118464.0,788001,28176.222222222223,-26773083.07333774,,,,,,,
3.5388656085729613,0.27387366177319544,0.0798465467015196,-0.5342403020307523,0.0,370.62449589306044,-21.517335610260872,,,800000,0.0003,-712505792.0,0.05000000074505806,4.942271781504287e+17,4864840704.0,790000,,,0.007046875000000005,0.0,40000.0,-108505.29308051801,18690.763304163607,0.0,0.0
,,,,,,,22,35199,800000,0.0003,-745714752.0,0.05000000074505806,1.3103846435848192e+17,5662794240.0,790001,28176.222222222223,-26773083.07333774,,,,,,,
1.9030129343271274,-0.06605201159912821,-0.32007890137027534,-0.7106709203829077,0.0,790.1590564195492,-321.94784663725716,22,35264,802000,0.0003,-1161867776.0,0.05000000074505806,1.0306072097482342e+17,2891336192.0,792001,28598.5,-26470794.567151215,,,,,,,
3.5243829882144944,0.026605873933577908,0.7531584921806755,-0.8079237561676171,0.0,1043.226487487226,-129.2992931798379,22,35329,804000,0.0003,-880829312.0,0.05000000074505806,5.6831560452459725e+17,6268317184.0,794001,28598.5,-26470794.567151215,,,,,,,
-1.8337530529499044,0.20172229570269953,-0.537479618746509,-0.7134194290735484,0.0,877.4857161118119,129.345722246425,22,35394,806000,0.0003,-643912960.0,0.05000000074505806,5.211948998448906e+17,8599026688.0,796001,28598.5,-26470794.567151215,,,,,,,
0.2775897216796877,-0.024421026213216745,0.36119803473585443,-0.761448615209775,0.0,805.9645624657595,-119.19935301997029,22,35458,808000,0.0003,-545662720.0,0.05000000074505806,2.213650883370025e+17,1530193792.0,798001,28598.5,-26470794.567151215,,,,,,,
12.131145429611198,0.5896206209166833,0.13705055745350628,-0.47839912935257767,0.0,498.5974610715781,-291.7809547058589,22,35524,810000,0.0003,-846991104.0,0.05000000074505806,1.5955906583855104e+17,4913198080.0,800001,28598.5,-26470794.567151215,,,,,,,
7.557990590929987,0.5805712147727164,0.010413799318983378,-0.5253739221172652,0.0,436.468013061503,54.65553236060813,22,35589,812000,0.0003,-57962320.0,0.05000000074505806,3.1795534315514757e+18,21572341760.0,802001,28598.5,-26470794.567151215,,,,,,,
13.849817556142803,0.5999239028720462,0.1731111610163211,-0.5141696609653125,0.0,466.6654113098359,-159.6455675636865,22,35654,814000,0.0003,-277968448.0,0.05000000074505806,1.3248900366336e+17,4961579520.0,804001,28598.5,-26470794.567151215,,,,,,,
-1.2134864062070805,0.7167385424251083,-0.1740442309598914,-0.3229370688168523,0.0,321.48422250096223,-69.81687566955532,22,35718,816000,0.0003,-1282019584.0,0.05000000074505806,2.0366040850916966e+17,4578278400.0,806001,28598.5,-26470794.567151215,,,,,,,
8.543165225982658,0.3430425656074235,-0.18941138437259078,-0.2825632935485355,0.0,160.5613657290237,-109.88949693563632,22,35782,818000,0.0003,-337095392.0,0.05000000074505806,1.200867633281368e+18,14621214720.0,808001,28598.5,-26470794.567151215,,,,,,,
5.226044369935994,0.2618404477993587,0.039853139841862735,-0.3069222824080074,0.0,141.1399998471302,58.40440955600533,22,35846,820000,0.0003,-515976576.0,0.05000000074505806,2.3191101975507763e+17,3294296576.0,810001,28598.5,-26470794.567151215,,,,,,,
13.407149473428744,0.3859266765071289,-0.008255949563391622,-0.26215224796565667,0.0,312.88099013943116,139.41617596313205,22,35911,822000,0.0003,-1140040576.0,0.05000000074505806,2.6297529843633357e+17,4451478528.0,812001,28598.5,-26470794.567151215,,,,,,,
4.421670147776598,0.34996033265967186,0.025513583918629405,-0.4851395308759263,0.0,322.4380462313679,-26.27797602471502,22,35975,824000,0.0003,-1108059520.0,0.05000000074505806,1.3763475244109005e+17,2309209856.0,814001,28598.5,-26470794.567151215,,,,,,,
8.792220052480701,0.378066837955773,0.07292368511797372,-0.4516270360801597,0.0,295.87071043165867,28.007477124342806,22,36040,826000,0.0003,-891549248.0,0.05000000074505806,1.1188889740273254e+17,3055813888.0,816001,28598.5,-26470794.567151215,,,,,,,
11.668071441054323,0.4675327936442095,-0.08521737738586142,-0.35057116911810865,0.0,378.45763565635036,55.924280978911746,22,36105,828000,0.0003,-1009143680.0,0.05000000074505806,2.765386677181481e+17,5279225856.0,818001,28598.5,-26470794.567151215,,,,,,,
9.132752503752702,0.370135358947193,0.03973903380238715,-0.5201883675876023,0.0,367.99518516974797,-47.955633595455154,22,36170,830000,0.0003,-1211185792.0,0.05000000074505806,4.155047139921101e+16,1806898048.0,820001,28598.5,-26470794.567151215,,,,,,,
10.691662948131565,0.46457744742394713,0.19725445533800393,-0.4372811724734968,0.0,337.62401379418424,-124.98961776427167,22,36235,832000,0.0003,-675095488.0,0.05000000074505806,1.745827927204823e+17,2520600576.0,822001,28598.5,-26470794.567151215,,,,,,,
5.781245645880693,0.4359080436987566,-0.22077922839214317,-0.41860834494071536,0.0,399.00954182632785,168.09598741069664,22,36301,834000,0.0003,-961821056.0,0.05000000074505806,3.931080486813696e+17,7875746816.0,824001,28598.5,-26470794.567151215,,,,,,,
12.128446549177166,0.3915671010145371,0.017973159141215153,-0.5025329272523467,0.0,350.78772987320735,-35.981314165388774,22,36366,836000,0.0003,-789952640.0,0.05000000074505806,2.45903404730155e+17,3000313088.0,826001,28598.5,-26470794.567151215,,,,,,,
12.063517494201664,0.5371313159546237,0.02667535384118271,-0.35225710006299116,0.0,353.91722910535975,299.22910475098,23,36432,838000,0.0003,-845078400.0,0.05000000074505806,1.4232647163602534e+17,2581505792.0,828001,28598.5,-26470794.567151215,,,,,,,
5.4417131382226875,0.3757689957154308,-0.023466025010484396,-0.5119024803021203,0.0,386.6494114309807,-273.05737700452414,23,36497,840000,0.0003,-976674560.0,0.05000000074505806,1.1070272192485786e+17,3042338048.0,830001,28598.5,-26470794.567151215,,,,,,,
4.856182020306585,-0.021949392860983432,-0.18491383148537185,-0.7383652209681081,0.0,850.3037776275896,-32.163941991393145,23,36563,842000,0.0003,-657962432.0,0.05000000074505806,8.27944109825065e+16,801583680.0,832001,28991.655172413793,-26182814.739022482,,,,,,,
6.364020615220073,0.24443283993529374,0.7183112225632481,-0.8292178795869143,0.0,1086.8014331791776,-492.0331248083589,23,36629,844000,0.0003,-505406400.0,0.05000000074505806,2.6693070726717925e+20,8458334208.0,834001,28991.655172413793,-26182814.739022482,,,,,,,
-0.09263837039470604,0.5171985004748867,-0.4537394823504647,-0.5740533902808478,0.0,625.3858089412929,-18.451531212052615,23,36695,846000,0.0003,-475416512.0,0.05000000074505806,4.91282823450198e+17,6066107392.0,836001,28991.655172413793,-26182814.739022482,,,,,,,
0.4719971990585327,-0.04150720850567288,-0.1722443416829778,-0.6623252985670225,0.0,565.6244428121677,-101.75929944559849,23,36762,848000,0.0003,-76968688.0,0.05000000074505806,9.96432412672e+17,11644786688.0,838001,28991.655172413793,-26182814.739022482,,,,,,,
3.2107422614097643,0.028402380238503735,0.09110155170453337,-0.6273347834705478,0.0,563.4936306021326,-13.824784191132396,23,36828,850000,0.0003,-882912896.0,0.05000000074505806,5.63244622537556e+17,6498001408.0,840001,28991.655172413793,-26182814.739022482,,,,,,,
-0.015273307561875527,0.1814971192672802,0.27814155162348053,-0.6440997751086615,0.0,559.5403797969589,39.88155869100127,23,36895,852000,0.0003,-704815808.0,0.05000000074505806,1.9437791903062426e+17,1476271744.0,842001,28991.655172413793,-26182814.739022482,,,,,,,
11.64060492396355,0.46072505850809775,0.07293036339627959,-0.5886755759310464,0.0,484.94155394116757,-95.86151088573484,23,36962,854000,0.0003,-877009344.0,0.05000000074505806,1.5433219371853414e+17,1830825984.0,844001,28991.655172413793,-26182814.739022482,,,,,,,
17.307761280536646,0.6761657047798177,0.1861155798150517,-0.37381358937257053,0.0,360.08348842382543,-130.60528188953157,23,37030,856000,0.0003,-1056485248.0,0.05000000074505806,1.088252371009536e+17,3399262720.0,846001,28991.655172413793,-26182814.739022482,,,,,,,
-10.36640320301058,0.613293134935246,-0.3115486805900007,-0.17576660991078688,0.0,249.60026692344388,-279.1581424126933,23,37097,858000,0.0003,-922805504.0,0.05000000074505806,5.879691343529247e+17,6179441664.0,848001,28991.655172413793,-26182814.739022482,,,,,,,
11.645648022890096,0.3642521539541868,-0.09546852444508075,-0.0013338312557961967,0.0,188.1217936044883,764.1277789675568,23,37164,860000,0.0003,-660189632.0,0.05000000074505806,5.131600124664873e+17,5441568256.0,850001,28991.655172413793,-26182814.739022482,,,,,,,
-0.7789099431037948,0.31339097790654424,0.12995387601424374,-0.36002105640471177,0.0,263.24750623616114,-606.3603874968783,23,37231,862000,0.0003,-906947008.0,0.05000000074505806,1.293836392291369e+17,1281369216.0,852001,28991.655172413793,-26182814.739022482,,,,,,,
8.711452756524082,0.26456007278900834,-0.06091754239972223,-0.3522830771584588,0.0,179.01690974262252,-51.82865231979561,23,37299,864000,0.0003,-1067733184.0,0.05000000074505806,8.470271649172685e+16,778081024.0,854001,28991.655172413793,-26182814.739022482,,,,,,,
6.017687262296682,0.2936801887782057,0.14433201469204435,-0.32152651707069513,0.0,176.5205182411343,104.68120500837087,23,37366,866000,0.0003,-831496704.0,0.05000000074505806,3.042780232370094e+17,5668200960.0,856001,28991.655172413793,-26182814.739022482,,,,,,,
10.636967052817338,0.4285084061517943,-0.01985979684052334,-0.3086806096350547,0.0,305.6311558862755,72.26409424283976,23,37434,868000,0.0003,-201812352.0,0.05000000074505806,6.577455166411244e+17,10087918592.0,858001,28991.655172413793,-26182814.739022482,,,,,,,
9.035209713578217,0.4312259065837439,-0.018534209077681205,-0.47263144688094216,0.0,325.3714895375624,-11.961554516190033,23,37501,870000,0.0003,-762864512.0,0.05000000074505806,4.272717303822418e+17,4819425792.0,860001,28991.655172413793,-26182814.739022482,,,,,,,
10.384276514053353,0.4507873153994272,0.15741114131121375,-0.44769909817252357,0.0,336.1379992732456,-47.07769336268041,23,37569,872000,0.0003,-581894336.0,0.05000000074505806,1.8885321669843354e+17,621002432.0,862001,28991.655172413793,-26182814.739022482,,,,,,,
7.255736261010185,0.5920257640803264,-0.041243288334086095,-0.36577040699679847,0.0,316.9066618199272,85.67537985247962,23,37637,874000,0.0003,-491663680.0,0.05000000074505806,4.831017697447772e+17,6950422016.0,864001,28991.655172413793,-26182814.739022482,,,,,,,
12.170253577828404,0.48611748261403653,-0.18218095910748336,-0.5183527781359136,0.0,432.5513339536491,248.25330762263818,23,37704,876000,0.0003,-755821696.0,0.05000000074505806,1.2587532955313766e+17,1441231744.0,866001,28991.655172413793,-26182814.739022482,,,,,,,
13.647113364934935,0.5698839175700806,0.32705660925451036,-0.4898710158807359,0.0,476.1084856265883,-340.56604302849473,23,37771,878000,0.0003,-855161280.0,0.05000000074505806,2.6104711581846733e+17,4166813952.0,868001,28991.655172413793,-26182814.739022482,,,,,,,
4.754056946039194,0.7814456711301284,-0.022420865879009856,-0.21761066160428624,0.0,253.17726573524328,-33.514759269327975,23,37838,880000,0.0003,-834895488.0,0.05000000074505806,1.1828338215197082e+17,1339081216.0,870001,28991.655172413793,-26182814.739022482,,,,,,,
6.351133932471279,0.12711595416018157,-0.3802547080581197,-0.6414737491503539,0.0,821.799235913844,157.40755273247336,23,37906,882000,0.0003,-936755776.0,0.05000000074505806,1.0858463303303168e+17,1031706432.0,872001,29358.6,-25882153.728491865,,,,,,,
4.534755504131319,0.15845086290682323,0.7406185139075186,-0.8447231528279179,0.0,1115.635880099589,-341.0977943759366,23,37973,884000,0.0003,-419720736.0,0.05000000074505806,4.2603258077773824e+17,9565342720.0,874001,29358.6,-25882153.728491865,,,,,,,
-5.554045592546463,-0.19149018935693668,0.6777420071613619,-0.4814648963738141,0.0,1087.8044581035329,909.8665220577492,23,38040,886000,0.0003,-419422496.0,0.05000000074505806,3.0420401236056474e+17,5957489152.0,876001,29358.6,-25882153.728491865,,,,,,,
-14.258582919836055,-0.4475652108081649,-0.5248802984003742,-0.5784460473217358,0.0,1263.581049716645,-919.971192529772,23,38108,888000,0.0003,-546189184.0,0.05000000074505806,1.8249474095500493e+17,2662848512.0,878001,29358.6,-25882153.728491865,,,,,,,
10.836441738605513,0.42956840454365125,-0.5574156803613339,-0.374918733032043,0.0,423.04381293411114,-226.10379238467516,23,38175,890000,0.0003,-572673984.0,0.05000000074505806,7.649810918565478e+16,2185678848.0,880001,29358.6,-25882153.728491865,,,,,,,
6.4002969604730495,0.16598090071110755,0.2500702162218392,-0.5818542541473635,0.0,477.05235327395735,-12.736480307975123,23,38243,892000,0.0003,-597056640.0,0.05000000074505806,6.41144085062615e+16,1941774336.0,882001,29358.6,-25882153.728491865,,,,,,,
9.444439736604714,0.5725472118348017,0.07900630296047362,-0.2846840358919099,0.0,257.65098025898027,-206.71021332717044,23,38310,894000,0.0003,-1061985472.0,0.05000000074505806,2.4171222102389555e+17,1251933568.0,884001,29358.6,-25882153.728491865,,,,,,,
3.9583978223800687,0.40213799290359253,-0.19288561761474668,-0.3250172657219542,0.0,199.04935365453701,-89.7791355880785,23,38377,896000,0.0003,85953296.0,0.05000000074505806,2.0009561314128036e+18,18628388864.0,886001,29358.6,-25882153.728491865,,,,,,,
7.62894991993902,0.2907250292772775,0.008699941946327665,-0.3431273157571369,0.0,169.69181477320294,23.021058597939135,23,38444,898000,0.0003,-375497408.0,0.05000000074505806,4.126025616405299e+17,2944894464.0,888001,29358.6,-25882153.728491865,,,,,,,
15.397186295986199,0.4308549880963683,0.03510590449126601,-0.26865339623484435,0.0,277.8362068349982,153.85928493804772,,,900000,0.0003,-554891456.0,0.05000000074505806,1.3418773194840474e+17,1659764992.0,890000,,,0.01376562500000001,0.0,40000.0,-50235.95309936795,9523.270104218336,0.01376562500000001,0.0
,,,,,,,22,39632,900000,0.0003,-420092864.0,0.05000000074505806,4.79250283591893e+17,6651957248.0,890001,29358.6,-25882153.728491865,,,,,,,
2.920104448199273,0.4423736296882027,0.051719251127041316,-0.47688800384487007,0.0,339.66235920086757,-11.219595111201297,22,39698,902000,0.0003,-1104884096.0,0.05000000074505806,1.3910929202321818e+17,1914126080.0,892001,29358.6,-25882153.728491865,,,,,,,
10.947949041128151,0.4328409567649069,0.03454738399392689,-0.4870517651661881,0.0,346.75195653710875,38.40203669461405,22,39763,904000,0.0003,-696115776.0,0.05000000074505806,1.8791722306555085e+17,1729169152.0,894001,29358.6,-25882153.728491865,,,,,,,
13.692362931966821,0.6109194394268773,0.10066100193277766,-0.3367007463591292,0.0,310.16010602236594,-22.587182357823043,22,39828,906000,0.0003,-959446016.0,0.05000000074505806,2.1427854691742515e+17,1353479424.0,896001,29358.6,-25882153.728491865,,,,,,,
4.188599758744243,0.5686119447849884,-0.14080800337374863,-0.43948759846438323,0.0,347.1272611548562,200.73476931311495,22,39893,908000,0.0003,844827328.0,0.05000000074505806,1.3962393046650716e+18,13022702592.0,898001,29358.6,-25882153.728491865,,,,,,,
11.664466013908372,0.33156871736482485,0.11216502968296013,-0.6437374705645594,0.0,618.6882561902601,-46.43470234759087,22,39958,910000,0.0003,-757655424.0,0.05000000074505806,2.0196702316344115e+17,2413049856.0,900001,29358.6,-25882153.728491865,,,,,,,
6.71487063825132,0.7441502029386355,0.10786312138812781,-0.24351329690391993,0.0,270.0036011531809,-253.23675924161552,22,40023,912000,0.0003,-365363456.0,0.05000000074505806,3.3584160045635994e+17,5258105344.0,902001,29358.6,-25882153.728491865,,,,,,,
11.898844588994983,0.6712449522500247,-0.22954428762223322,-0.21861376543148955,0.0,272.70028369381134,423.84392691376814,22,40088,914000,0.0003,-552186112.0,0.05000000074505806,5.182130243103621e+18,28568551424.0,904001,29358.6,-25882153.728491865,,,,,,,
6.644660061597827,0.39833718295590365,0.052375040116410476,-0.610501469822782,0.0,524.3134322683403,-190.53380588874498,22,40154,916000,0.0003,-698727744.0,0.05000000074505806,2.957215206704415e+17,1975643520.0,906001,29358.6,-25882153.728491865,,,,,,,
12.38694382429124,0.5166241277316604,0.07982051803475808,-0.5617242126354856,0.0,468.59423886085636,-13.591708691419154,22,40219,918000,0.0003,42150576.0,0.05000000074505806,5.05202833072377e+18,27990810624.0,908001,29358.6,-25882153.728491865,,,,,,,
9.692012975811986,0.7831487378610624,0.1751808995036151,-0.29667399637854897,0.0,326.77202447534137,-126.48087069394778,22,40284,920000,0.0003,-787213568.0,0.05000000074505806,1.4805422284210176e+17,1418624768.0,910001,29358.6,-25882153.728491865,,,,,,,
-2.649441055059434,0.28009274218540675,-0.13774010066499945,-0.7203575207549707,0.0,851.5534599997688,-60.25708150089418,22,40349,922000,0.0003,-779938944.0,0.05000000074505806,2.3142941648224256e+17,2327068416.0,912001,29701.870967741936,-25687373.17349187,,,,,,,
-3.050895262956608,-0.25670099410372466,-0.20039219507552075,-0.9370817186451978,0.0,1109.3829755359552,-98.73489805527247,22,40413,924000,0.0003,-529851968.0,0.05000000074505806,1.1676627944393933e+17,4654129664.0,914001,29701.870967741936,-25687373.17349187,,,,,,,
3.3720768415927926,0.1438589278112482,0.7161968561641535,-0.8733297651826211,0.0,1154.2085304721836,-288.4391082572515,22,40477,926000,0.0003,-767098240.0,0.05000000074505806,2.5469771104596787e+17,522690848.0,916001,29701.870967741936,-25687373.17349187,,,,,,,
-1.8568989187479175,-0.14395244220908798,0.7385005788653196,-0.438064189912689,0.0,983.8160078517295,774.0290484840286,22,40541,928000,0.0003,-575803520.0,0.05000000074505806,2.4202618313323315e+17,4580751360.0,918001,29701.870967741936,-25687373.17349187,,,,,,,
-9.544423727989209,-0.28946207103978655,-0.25713173417943586,-0.6896120346104964,0.0,1551.7492868827376,-491.2929021041913,22,40605,930000,0.0003,-1167178880.0,0.05000000074505806,2.2768023645034906e+17,5034036224.0,920001,29701.870967741936,-25687373.17349187,,,,,,,
3.3191609519720076,0.1413317019100042,-0.8472566630353594,-0.276046321680633,0.0,639.2113958061182,-508.20154139361387,22,40669,932000,0.0003,-656599936.0,0.05000000074505806,3.604376412099707e+17,5374793728.0,922001,29701.870967741936,-25687373.17349187,,,,,,,
1.8057682251930216,-0.06140962239020801,-0.1332379044135698,-0.6652415310915186,0.0,556.7272601416536,-22.65788232290366,22,40733,934000,0.0003,-1051464640.0,0.05000000074505806,2.1816602060128256e+16,919732864.0,924001,29701.870967741936,-25687373.17349187,,,,,,,
0.7740865641832352,0.013620094002326676,0.1477627977629794,-0.6608949984676059,0.0,535.6869437403413,-2.840686686477762,22,40797,936000,0.0003,-433165184.0,0.05000000074505806,2.999660822302556e+17,6519710720.0,926001,29701.870967741936,-25687373.17349187,,,,,,,
4.314023364782335,0.3388732734525195,0.23284908293585135,-0.6418709816565799,0.0,556.651686543128,-35.67374511290795,22,40861,938000,0.0003,-327311360.0,0.05000000074505806,4.313404456730362e+18,26322798592.0,928001,29701.870967741936,-25687373.17349187,,,,,,,
12.319782288074482,0.5116094941491128,0.11630651709630226,-0.5655766996583035,0.0,481.3522129657862,-33.199195101764445,22,40926,940000,0.0003,-47932800.0,0.05000000074505806,1.1965248372295598e+18,12520228864.0,930001,29701.870967741936,-25687373.17349187,,,,,,,
7.845057430863362,0.8084659152438467,0.16682711518031293,-0.28158521092163236,0.0,324.53444419762957,-106.1824867342827,22,40990,942000,0.0003,-680765440.0,0.05000000074505806,4.331964487885128e+17,5185926144.0,932001,29701.870967741936,-25687373.17349187,,,,,,,
8.899722063541383,0.3919806656994672,0.3730393873857741,-0.18693009095888152,0.0,498.4716678495176,1227.2269963004514,22,41055,944000,0.0003,-423306976.0,0.05000000074505806,4.2939433757966336e+17,5111076352.0,934001,29701.870967741936,-25687373.17349187,,,,,,,
-6.932805513739593,-0.11369923347605343,0.261700717718917,-0.8082903591976452,0.0,2095.287684926134,348.5636239234334,23,41120,946000,0.0003,-618403392.0,0.05000000074505806,2.3438911280565453e+17,6704017920.0,936001,29701.870967741936,-25687373.17349187,,,,,,,
-16.2285114121437,-0.6053574208313378,-0.553305086588908,-0.4608252769736207,0.0,1068.192153533903,-1373.8740985561917,23,41184,948000,0.0003,-817037120.0,0.05000000074505806,1.0807789561158042e+17,1469255168.0,938001,29701.870967741936,-25687373.17349187,,,,,,,
17.056331032514535,0.585970374276911,-0.21932359836043314,-0.436846583044228,0.0,560.9277442362437,-226.07582834503103,23,41249,950000,0.0003,-131342816.0,0.05000000074505806,7.132022030865531e+17,11959595008.0,940001,29701.870967741936,-25687373.17349187,,,,,,,
0.3238573706150163,0.7946255362278782,0.0933222965057711,-0.33655757905514566,0.0,353.78151139088413,37.828328528705015,23,41314,952000,0.0003,-798392320.0,0.05000000074505806,2.5159330868441907e+17,4608195584.0,942001,29701.870967741936,-25687373.17349187,,,,,,,
1.887787324190144,0.6107349470432805,-0.1502581584644881,-0.19186196808731637,0.0,199.35553531160272,-207.00093421978826,23,41379,954000,0.0003,-685256960.0,0.05000000074505806,4.6650285501710336e+17,6094784512.0,944001,29701.870967741936,-25687373.17349187,,,,,,,
10.20387687146662,0.40493712143997684,-0.11981348439479311,-0.40427243723164313,0.0,421.3077565647542,314.1045240750722,23,41444,956000,0.0003,-969009408.0,0.05000000074505806,1.369031648917586e+17,1857849472.0,946001,29701.870967741936,-25687373.17349187,,,,,,,
8.124373942613595,0.4219956503992876,-0.16951992575670055,-0.6118044705610144,0.0,569.6722488850171,312.0481668236085,23,41509,958000,0.0003,-208327904.0,0.05000000074505806,1.0097492851907625e+18,12848983040.0,948001,29701.870967741936,-25687373.17349187,,,,,,,
5.539283780455591,0.13311263049885236,0.05942723350755594,-0.7993479054582857,0.0,829.6326931577419,219.4721748004353,23,41575,960000,0.0003,-745432960.0,0.05000000074505806,3.4192530137205965e+17,1308552192.0,950001,29701.870967741936,-25687373.17349187,,,,,,,
11.321961055994056,0.34901002575978024,0.7308725851092942,-0.6860468825102352,0.0,975.3279193314005,-932.0038235409095,23,41641,962000,0.0003,-935901568.0,0.05000000074505806,1.5098900835519693e+17,2046516608.0,952001,30023.6875,-25850502.65650156,,,,,,,
0.7345842224359538,-0.07659274891517143,0.7678343379911252,-0.45186153820309616,0.0,924.1920914464799,492.78578535325926,23,41706,964000,0.0003,-350097344.0,0.05000000074505806,3.226345347894739e+18,22438473728.0,954001,30023.6875,-25850502.65650156,,,,,,,
-7.667148687243465,-0.204745246005116,-0.05172413977530544,-0.7118685842884944,0.0,1643.4379468125906,-29.09242849296388,23,41772,966000,0.0003,-828552384.0,0.05000000074505806,2.2053344522954342e+17,1446149632.0,956001,30023.6875,-25850502.65650156,,,,,,,
-6.9200783509016075,-0.13764882998772598,-1.2069405891567968,-0.1720165924157973,0.0,1258.5480243981494,-980.6196361330236,23,41837,968000,0.0003,-1240410240.0,0.05000000074505806,1.021924074365911e+17,1734200192.0,958001,30023.6875,-25850502.65650156,,,,,,,
1.0186406773328776,0.04126686033523052,0.22941127916116963,-0.5868414518447652,0.0,454.11444099339366,18.41070636087157,23,41904,970000,0.0003,-680650560.0,0.05000000074505806,2.055399377375068e+17,5558689792.0,960001,30023.6875,-25850502.65650156,,,,,,,
15.414328912496563,0.40330447528321145,0.21937388314048878,-0.40682863196078306,0.0,309.7723761803166,-158.14572946404988,23,41970,972000,0.0003,-1232871296.0,0.05000000074505806,1.841262272320635e+17,1395975424.0,962001,30023.6875,-25850502.65650156,,,,,,,
-7.504248673319833,0.5888302896655065,-0.044545154881751856,-0.3077879931662293,0.0,262.85555425426173,-88.77987836886969,23,42036,974000,0.0003,-118560448.0,0.05000000074505806,2.2529981439205704e+18,19354820608.0,964001,30023.6875,-25850502.65650156,,,,,,,
10.429386757016186,0.27494176545586757,-0.1919516036912647,-0.30245141304842293,0.0,160.28051472532806,20.377471108185123,23,42102,976000,0.0003,-1439866368.0,0.05000000074505806,6.69226771677184e+16,1298763904.0,966001,30023.6875,-25850502.65650156,,,,,,,
7.569574701786047,0.24372434678437033,0.2864038744661743,-0.33902552146451603,0.0,226.42008336348545,-19.293310947972635,23,42168,978000,0.0003,-1129288064.0,0.05000000074505806,7.253771984201318e+16,2930427648.0,968001,30023.6875,-25850502.65650156,,,,,,,
7.621637158393862,0.42738697584912133,-0.07657740396125483,-0.3261552763553324,0.0,292.68135256039477,121.9613883505433,23,42235,980000,0.0003,-289580544.0,0.05000000074505806,2.7366129732786586e+18,21609435136.0,970001,30023.6875,-25850502.65650156,,,,,,,
7.660589144825933,0.3505847499224263,-0.2401704923167613,-0.48658461928877295,0.0,384.97804898064015,269.89870878156665,23,42301,982000,0.0003,-637053632.0,0.05000000074505806,9.576889901635338e+17,7964949504.0,972001,30023.6875,-25850502.65650156,,,,,,,
4.065947933197017,0.08766636597838012,0.06951924822101692,-0.664701772898135,0.0,549.3322756605804,-75.5914234574807,23,42367,984000,0.0003,-1007679296.0,0.05000000074505806,4.6048990080270336e+17,3896452352.0,974001,30023.6875,-25850502.65650156,,,,,,,
16.963105898499546,0.4557779918931353,0.6077441460230807,-0.1412929124159856,0.0,488.0378378516498,395.8237806098873,23,42433,986000,0.0003,-766696704.0,0.05000000074505806,1.420540075007017e+17,1680303104.0,976001,30023.6875,-25850502.65650156,,,,,,,
-8.195761504173271,-0.5017880458659023,0.5541953582146416,0.006815225882580083,0.0,842.964221256057,415.1035961747631,23,42499,988000,0.0003,-1204111744.0,0.05000000074505806,1.0826746687809126e+17,1403486848.0,978001,30023.6875,-25850502.65650156,,,,,,,
0.14391311168670606,-0.1491714924696335,0.23897123938605994,-0.8069911766342825,0.0,1264.4089799740968,302.4461584932117,23,42566,990000,0.0003,-1308786688.0,0.05000000074505806,1.0047870689555251e+17,1716675072.0,980001,29945.909090909092,-26805885.241615027,,,,,,,
2.0743687152862385,0.048904937295220295,0.8500991942704159,-0.5172934552731269,0.0,929.3352847626543,-3.8500266990427225,23,42632,992000,0.0003,-518030912.0,0.05000000074505806,5.738497420409438e+18,30419421184.0,982001,29945.909090909092,-26805885.241615027,,,,,,,
-11.576271591782566,-0.37348303085312795,-0.0028212472205041495,-0.7571840078531823,0.0,1536.1234118646944,58.027563982148536,23,42698,994000,0.0003,-733502720.0,0.05000000074505806,3.0490773416207974e+17,4197392640.0,984001,29945.909090909092,-26805885.241615027,,,,,,,
-1.8683056980371358,0.0456240519020387,-0.8541060777673319,-0.3166713286486556,0.0,715.015791469452,-729.7588866725112,23,42764,996000,0.0003,-765379968.0,0.05000000074505806,7.786183002161152e+16,3742212096.0,986001,29945.909090909092,-26805885.241615027,,,,,,,
1.875121936798094,-0.07083730125369803,-0.3261310918445444,-0.6223016023244607,0.0,531.2487817808731,-89.85216228144674,23,42830,998000,0.0003,-980566592.0,0.05000000074505806,1.8295367710843863e+18,17554960384.0,988001,29945.909090909092,-26805885.241615027,,,,,,,
6.518373315930368,0.0007315267988031414,0.545881009820832,-0.5141037208763024,0.0,570.9894943482338,-283.95573671954213,,,1000000,0.0003,504114624.0,0.05000000074505806,1.4117147933870653e+18,13076360192.0,990000,,,0.01376562500000001,0.0,40000.0,-51142.718616494865,9011.582656217211,0.0,0.0
,,,,,,,22,44014,1000000,0.0003,-1081805056.0,0.05000000074505806,3.820854102531768e+17,4595040256.0,990001,29945.909090909092,-26805885.241615027,,,,,,,
