rollout/acrobot_xk_applied_torque,rollout/acrobot_xk_elbow_norm,rollout/acrobot_xk_elbow_rate_norm,rollout/acrobot_xk_energy_error_norm,rollout/acrobot_xk_homoclinic_capture,rollout/acrobot_xk_lyapunov,rollout/acrobot_xk_lyapunov_rate,time/fps,time/time_elapsed,time/total_timesteps,train/learning_rate,train/actor_loss,train/alpha,train/alpha_loss,train/critic_loss,train/fraction,train/n_updates,rollout/ep_len_mean,rollout/ep_rew_mean,eval/best_strict_capture_mean_max_duration,eval/best_strict_capture_success_rate,eval/mean_ep_length,eval/mean_reward,eval/std_reward,eval/strict_capture_mean_max_duration,eval/strict_capture_success_rate
-0.13898933770099808,0.11500736027382383,-0.24279372246505246,-0.9209834209529001,0.0,1283.8068837965911,203.8720863573046,2083,0,2000,0.0003,,,,,,,,,,,,,,,
-0.7267136113625027,-0.3268097453146591,0.41776291402623383,-0.8159812136378195,0.0,1132.0121147627324,-128.63435256295065,2105,1,4000,0.0003,,,,,,,,,,,,,,,
0.3620166221521804,0.03345832517929004,-0.14448247564718408,-0.878345902505757,0.0,1085.6754306829212,338.713716945328,2120,2,6000,0.0003,,,,,,,,,,,,,,,
-0.34522447367012604,0.029563879319270653,0.047778481156871194,-0.915747986318084,0.0,1084.0708668373927,169.68595561316656,2130,3,8000,0.0003,,,,,,,,,,,,,,,
0.4717332297798722,-0.029352123756259334,-0.05504861398039845,-0.9178270788116663,0.0,1094.5122363422302,285.0949738465196,1412,7,10000,0.0003,0.1064336821436882,1.0,-0.0,2587747.0,125.62908935546875,1,,,,,,,,,
0.14413529777526807,0.06132113007904474,0.01680055459365965,-0.9286307328140391,0.0,1044.0375355958545,96.85065823345843,156,76,12000,0.0003,22569.876953125,1.5442854166030884,-0.16393715143203735,194715.84375,1640.9779052734375,2001,,,,,,,,,
-8.215619806289666,-0.3200131691582155,-0.46909398741358704,-0.7918243181190939,0.0,895.4295482234625,-417.4329366431089,94,147,14000,0.0003,83790.03125,2.493379831314087,-1.236340045928955,114788.9375,2154.32958984375,4001,,,,,,,,,
-0.37611218261718177,-0.012151778718799409,-0.907415249527134,-0.5141908188751203,0.0,1135.6953243334096,1893.3540592876452,73,218,16000,0.0003,123166.96875,4.690499305725098,-2.8929595947265625,629025.375,2794.576904296875,6001,,,,,,,,,
2.025547830581667,0.07237474903338396,0.5119492262143306,-0.526622003550109,0.0,2096.716410668357,-1802.9490095561666,62,288,18000,0.0003,136571.09375,8.99652099609375,-4.769152641296387,1190462.625,6978.20654296875,8001,,,,,,,,,
-13.99681963157653,-0.3874099996361949,0.3469947345228581,-0.4066775795955926,0.0,513.8863159739424,-303.7786132579201,55,358,20000,0.0003,151001.15625,13.222033500671387,-1.0075961351394653,838338.25,4125.92333984375,10001,,,,,,,,,
3.0447933597564516,0.035751613182214925,-0.33898861596762175,-0.40204839520120617,0.0,548.7919804984889,361.26100635495857,51,429,22000,0.0003,163580.59375,19.895044326782227,-2.162013292312622,1585140.875,5998.25927734375,12001,,,,,,,,,
8.185361480712901,-0.2283102773301471,0.6135036486069531,-0.11853178562540577,0.0,388.51920917958967,-745.1689762316231,48,499,24000,0.0003,172706.328125,33.89586639404297,-1.9618436098098755,6177380.0,13455.7861328125,14001,,,,,,,,,
-17.520207775115967,-0.4171428150336608,-0.03615361445048745,-0.04168998805214819,0.0,99.438102973722,104.68342499297148,45,569,26000,0.0003,187786.796875,53.74147033691406,-0.8995866775512695,3676963.5,7943.38623046875,16001,,,,,,,,,
-3.4601353340148897,-0.2465146775472082,0.032904406173884085,-0.25143264449667724,0.0,110.33301605274735,-14.621218299205506,43,639,28000,0.0003,176209.265625,64.17902374267578,0.260318398475647,8131921.5,13445.1953125,18001,,,,,,,,,
-6.546853351593013,-0.18924078769591643,-0.10608424364311117,-0.32467179430720655,0.0,251.08294787205568,230.2434525608873,42,709,30000,0.0003,180778.203125,50.77932357788086,0.07107969373464584,3985346.5,7956.53662109375,20001,,,,,,,,,
7.690952644348121,-0.5391613510275646,0.014170745428579061,-0.2679191297052277,0.0,203.94673519349797,-156.1838877630944,41,779,32000,0.0003,183086.375,35.4288444519043,-0.0471813827753067,3016793.5,7865.56884765625,22001,,,,,,,,,
-8.568022815704339,-0.2469906849766057,0.12144844704929526,-0.3571850481042326,0.0,266.55688752822317,175.26456983414263,39,850,34000,0.0003,194294.5625,47.82896423339844,-0.7228475213050842,4553922.0,10734.0146484375,24001,,,,,,,,,
-3.596183258056639,-0.3689355242336913,-0.11338280265157465,-0.3414699512355051,0.0,195.8494358426989,-109.92424394247692,39,920,36000,0.0003,159910.25,86.7265396118164,0.037609703838825226,8364176.0,16839.71484375,26001,,,,,,,,,
-14.66403248405461,-0.48439007504304954,-0.16388957044481228,-0.2498277221687532,0.0,205.6587288762987,-25.09230858458937,38,990,38000,0.0003,137361.5625,64.82688903808594,0.8179354071617126,5780184.5,11146.1201171875,28001,,,,,,,,,
2.6174043693542477,-0.31932429247936295,0.5147134306332426,-0.07889575623616336,0.0,271.08143946400827,-67.01614648492954,37,1061,40000,0.0003,117943.2421875,76.24457550048828,0.2610134780406952,4703198.0,8112.1103515625,30001,40000.0,-27814202.301397,,,,,,,
-1.7692916927337632,-0.07153110882165167,-0.1175246562466373,-0.9787852003180579,0.0,1159.2314065215953,47.479297511183184,37,1132,42000,0.0003,111992.984375,41.6826286315918,0.9355933666229248,4446194.0,10574.3876953125,32001,40000.0,-27814202.301397,,,,,,,
-5.3898750267028825,-0.31312098524659615,-0.21141860348777555,-0.923247627804262,0.0,1074.6602701862125,-159.4780234897678,36,1203,44000,0.0003,132381.28125,33.244815826416016,-0.41032540798187256,2328823.5,4364.271484375,34001,40000.0,-27814202.301397,,,,,,,
-7.422420892715444,-0.7132130496770883,-0.15516368690210108,-0.6860634702268041,0.0,775.1361677580618,-189.7736760558182,36,1273,46000,0.0003,131181.765625,57.05574417114258,-0.39517414569854736,4654041.0,7918.697265625,36001,40000.0,-27814202.301397,,,,,,,
-9.760354894638054,-0.5919341759594935,0.11811420844302359,-0.7776909897061559,0.0,845.5039320913833,106.14446854455142,35,1344,48000,0.0003,131373.859375,46.020809173583984,0.02224106341600418,2327750.5,4997.744140625,38001,40000.0,-27814202.301397,,,,,,,
-7.40922836303712,-0.3969940953123299,0.20708173274341324,-0.8824494019763621,0.0,1005.2926398830948,239.05488391439306,35,1415,50000,0.0003,142306.234375,30.125009536743164,0.11407113075256348,3869038.25,9657.958984375,40001,40000.0,-27814202.301397,,,,,,,
-6.687420108795161,-0.39451013860929557,-0.2759329348062053,-0.8592094655703041,0.0,1047.7982201190619,-266.0364604872731,34,1486,52000,0.0003,156446.3125,47.1346435546875,-0.42861926555633545,5328552.0,15024.5,42001,40000.0,-27814202.301397,,,,,,,
-7.310271879196172,-0.7986077859703793,-0.12859240758882207,-0.6687665807162279,0.0,752.0141403687338,-110.0467715868666,34,1556,54000,0.0003,158421.796875,51.37892532348633,0.12210048735141754,5371179.0,12191.2255859375,44001,40000.0,-27814202.301397,,,,,,,
-9.653234495162978,-0.8582832843183227,-0.012748717170065633,-0.6431256199611526,0.0,724.9745238636242,-3.5370078209052083,34,1627,56000,0.0003,159948.46875,49.38334274291992,-0.11897962540388107,7152765.0,9960.46875,46001,40000.0,-27814202.301397,,,,,,,
-8.709201297760012,-0.8675275818130991,-0.06380593958872481,-0.6319873557855284,0.0,722.2264628446742,-25.297282522198888,34,1699,58000,0.0003,171001.015625,49.007694244384766,-0.3667978346347809,5532894.0,13239.45703125,48001,40000.0,-27814202.301397,,,,,,,
-8.28789792823791,-0.8480691272193644,-0.03336824263820559,-0.6007844909589135,0.0,717.8951895367992,-59.74150852232914,33,1770,60000,0.0003,173630.421875,48.20924377441406,-0.6417417526245117,5747998.0,16742.630859375,50001,40000.0,-27814202.301397,,,,,,,
-9.634940418243419,-0.6013176200041981,0.1761782122851712,-0.6402526919776228,0.0,759.5964666850998,146.24633397771035,33,1841,62000,0.0003,173241.359375,44.056697845458984,-0.23032298684120178,6557067.0,12896.2998046875,52001,40000.0,-27814202.301397,,,,,,,
-7.408973457336427,-0.8010097055764872,0.02340221472738956,-0.6572823991090258,0.0,744.8484422551566,15.882881366735004,33,1912,64000,0.0003,181183.75,43.308502197265625,0.23476317524909973,5392605.0,10088.0390625,54001,40000.0,-27814202.301397,,,,,,,
-9.910592134475719,-0.786532048677357,-0.016054569451335845,-0.6667395944682317,0.0,758.7212892692036,-11.240741658422385,33,1984,66000,0.0003,193995.234375,44.30815124511719,-0.7019907236099243,4888678.0,7827.14599609375,56001,40000.0,-27814202.301397,,,,,,,
-9.427974706649794,-0.7765881763318265,-0.03276038614404544,-0.6801030961420196,0.0,764.0767804499129,-24.283530736942208,33,2055,68000,0.0003,193567.609375,45.70024871826172,0.2884584665298462,6746495.0,11957.1904296875,58001,40000.0,-27814202.301397,,,,,,,
-9.01875968170166,-0.7501449763032596,0.002576591156122313,-0.7096880107789499,0.0,779.2558487380627,2.3727562071057813,32,2127,70000,0.0003,195310.0,46.70900344848633,0.09854726493358612,6421821.0,10839.33984375,60001,40000.0,-27814202.301397,,,,,,,
-8.276232770919794,-0.7058968254148449,0.1066236003031941,-0.7159156550257976,0.0,810.0050556349547,116.74699756525587,32,2200,72000,0.0003,203255.125,41.645477294921875,0.6285342574119568,5157003.0,15656.4091796875,62001,40000.0,-27814202.301397,,,,,,,
-8.815305805206293,-0.6401442346593019,0.025567052554276444,-0.7528717785913963,0.0,858.6816327334906,35.82457649457056,32,2274,74000,0.0003,206505.96875,40.34466552734375,0.16682568192481995,4003608.5,9902.9375,64001,40000.0,-27814202.301397,,,,,,,
-11.033190517425515,-0.5435753523956743,0.061165386297389525,-0.7975896122290701,0.0,945.4825704856748,115.54503600262225,32,2348,76000,0.0003,215764.515625,36.60152816772461,0.04596671462059021,4974076.0,12452.1494140625,66001,40000.0,-27814202.301397,,,,,,,
-2.981098176956181,-0.5353479136549275,0.004796751680832366,-0.7922046325615991,0.0,959.8717325338862,1.7715135483344526,32,2423,78000,0.0003,216243.609375,34.76457977294922,-0.14924129843711853,5051096.0,12869.72265625,68001,40000.0,-27814202.301397,,,,,,,
-6.98156854629516,-0.4420991143673774,0.044727126166309326,-0.8555125157443892,0.0,1034.3299401793076,32.45228282121581,32,2498,80000,0.0003,227993.390625,34.98051452636719,0.479854941368103,5189145.0,10970.7119140625,70001,40000.0,-31146703.862836502,,,,,,,
-6.147458011627203,-0.2932031731689813,-0.34427198245398394,-0.9044638270827184,0.0,1078.1506129454554,-244.32141304319234,31,2573,82000,0.0003,231048.6875,33.789493560791016,0.03331463411450386,4916563.5,13637.64453125,72001,40000.0,-31146703.862836502,,,,,,,
-9.075088802337657,-0.5590771634952092,-0.16847189415125347,-0.768878839275867,0.0,848.1957438944521,-196.6325469365199,31,2649,84000,0.0003,234478.984375,31.573373794555664,0.045197561383247375,11369050.0,27158.193359375,74001,40000.0,-31146703.862836502,,,,,,,
-10.524368377685539,-0.8254411333005452,0.005685146858348816,-0.5470657298469463,0.0,624.0849310928879,-47.07278521569012,31,2725,86000,0.0003,245350.78125,34.066688537597656,-0.7351109981536865,4680505.0,11672.9716796875,76001,40000.0,-31146703.862836502,,,,,,,
0.016611742019650953,-0.7691432292307006,0.19616160032192337,-0.5114430692920439,0.0,646.3425134763877,-138.79024393120906,31,2802,88000,0.0003,248616.390625,37.12173843383789,-0.41333290934562683,5341638.0,6563.60400390625,78001,40000.0,-31146703.862836502,,,,,,,
-17.681219043731666,-0.45765451756063724,-0.11284255828026142,-0.3139915978527088,0.0,262.16988727926883,-373.71382886308413,31,2879,90000,0.0003,238841.40625,39.91889572143555,-0.2025616466999054,6267692.5,11203.96484375,80001,40000.0,-31146703.862836502,,,,,,,
3.273514179229739,-0.47488395177651727,0.20146133557911233,-0.0665580645998948,0.0,93.91475452782697,-74.60574207593696,31,2957,92000,0.0003,233590.875,46.13640594482422,-0.40101227164268494,9770937.0,12514.4501953125,82001,40000.0,-31146703.862836502,,,,,,,
-23.766243774414054,-0.4441941386829505,-0.21533795061539696,0.17056995941185377,0.0,202.49441661257427,523.3154284380598,30,3035,94000,0.0003,204167.921875,83.04883575439453,-0.9641081690788269,11728560.0,18145.431640625,84001,40000.0,-31146703.862836502,,,,,,,
-46.383312662124645,-0.6314582078588331,0.012956074166527227,0.4771260103105924,0.0,620.8992115342892,-352.13302032491663,30,3113,96000,0.0003,163335.328125,97.97389221191406,0.35784292221069336,12155726.0,12053.873046875,86001,40000.0,-31146703.862836502,,,,,,,
-2.328157110214243,0.17453592494319953,-0.7281816238953239,0.18601283261009466,0.0,1104.8170480692856,680.9816086594957,30,3191,98000,0.0003,151382.859375,63.22603225708008,0.2799327075481415,15755484.0,16049.125,88001,40000.0,-31146703.862836502,,,,,,,
-8.214701557159438,0.4046951323341575,-0.145553298624828,-0.10226168906805046,0.0,909.1422050733505,409.33064842079483,,,100000,0.0003,129608.4921875,96.07955169677734,-0.5918111205101013,20597862.0,21663.439453125,90000,,,0.0,0.0,40000.0,-93493.84728872398,44346.29714107535,0.0,0.0
,,,,,,,22,4421,100000,0.0003,134192.453125,96.10246276855469,-0.18734143674373627,20962024.0,21526.1953125,90001,40000.0,-31146703.862836502,,,,,,,
7.369792808532715,0.11934987625131302,0.09580178148613416,0.06373264864663641,0.0,1216.8162165326337,-152.44772616690955,22,4497,102000,0.0003,93175.2734375,107.14120483398438,0.1521635800600052,27695358.0,29293.349609375,92001,40000.0,-31146703.862836502,,,,,,,
0.46819064331054455,0.1334892407678369,-0.13102322795567575,0.1406766154352233,0.0,1085.9004604882075,291.1098442498152,22,4573,104000,0.0003,60859.01953125,106.44493865966797,0.8535165190696716,46702664.0,50657.41015625,94001,40000.0,-31146703.862836502,,,,,,,
-26.848809309005738,-0.29347793700886204,-0.350036498461238,0.5330715011690742,0.0,2110.488928006263,1533.2263888606342,22,4649,106000,0.0003,47038.1484375,82.4013671875,0.2983950972557068,19758608.0,21514.0625,96001,40000.0,-31146703.862836502,,,,,,,
4.826109264373781,0.0009462012523666479,0.7091522360402067,0.7290747037166981,0.0,2331.778439516806,-1.1671127399740682,22,4726,108000,0.0003,44038.2890625,99.77842712402344,0.29288768768310547,16347553.0,14306.244140625,98001,40000.0,-31146703.862836502,,,,,,,
48.110276002883914,0.4861403981971364,-0.003514360114762703,0.8438476101999044,0.0,1797.6004737265368,-373.31119388450577,22,4802,110000,0.0003,46187.125,102.42329406738281,-0.2326829731464386,15797344.0,19521.0703125,100001,40000.0,-31146703.862836502,,,,,,,
24.613037647247296,0.3740273473883498,-0.16071273281244372,0.25763789471600457,0.0,1382.4122017607576,-1284.2514945887613,22,4879,112000,0.0003,42697.921875,97.57052612304688,0.07203953713178635,29305860.0,31444.673828125,102001,40000.0,-31146703.862836502,,,,,,,
1.3392773170471215,0.6552548191531569,0.31729044694442743,-0.10054875104879185,0.0,631.542275290227,-463.291805987836,22,4956,114000,0.0003,42302.99609375,93.0215072631836,0.017214909195899963,13723108.0,16923.263671875,104001,40000.0,-31146703.862836502,,,,,,,
13.259163074493394,0.6200128146486563,0.19182747191822574,-0.3295512431613789,0.0,609.6627888149449,52.673287895557515,23,5033,116000,0.0003,36967.015625,95.89344787597656,-0.49084335565567017,14166098.0,23751.654296875,106001,40000.0,-31146703.862836502,,,,,,,
-11.259786346435549,-0.5427612048119976,0.44549886111190823,-0.7017347575717199,0.0,805.2611581462902,411.322224600422,23,5110,118000,0.0003,46626.91015625,95.30394744873047,0.10420271754264832,17480654.0,19102.591796875,108001,40000.0,-31146703.862836502,,,,,,,
1.305873388290405,0.020111916239647636,0.4121507231661448,-0.8638071523902379,0.0,977.9486344774214,-19.506532983035342,23,5186,120000,0.0003,52542.34375,91.5927505493164,0.16194632649421692,21681500.0,18679.337890625,110001,40000.0,-33657551.176068336,,,,,,,
-2.2518328685760487,-0.1593476308646489,-0.07560515887530371,-0.9159453345475087,0.0,1190.8271045558604,352.9975186259499,23,5262,122000,0.0003,60703.91015625,82.79885864257812,0.9271652102470398,16601338.0,15380.3203125,112001,40000.0,-33657551.176068336,,,,,,,
-3.621136375427246,-0.1897472821924498,-0.13884177504900455,-0.9294079598229331,0.0,1109.6711316223898,-194.60552692333596,23,5338,124000,0.0003,80647.78125,72.58505249023438,0.33377575874328613,14533188.0,18755.458984375,114001,40000.0,-33657551.176068336,,,,,,,
-4.020719858169561,-0.5871219899793104,-0.3609744430604531,-0.7301498625258901,0.0,822.1917113624341,-302.89094011496115,23,5414,126000,0.0003,96213.5,62.73433303833008,0.04679148644208908,23781052.0,22363.646484375,116001,40000.0,-33657551.176068336,,,,,,,
-10.816436855316162,-0.7292381052138958,0.025661147753953308,-0.5214983992297588,0.0,611.9823740418389,-236.93039479065013,23,5491,128000,0.0003,117733.1875,72.53882598876953,0.0992581844329834,25097036.0,21545.580078125,118001,40000.0,-33657551.176068336,,,,,,,
-14.877598615646374,-0.7105248694603017,0.006388210903714231,-0.3647156242191311,0.0,427.03746943073406,-189.60441137830708,23,5567,130000,0.0003,121986.4453125,79.22285461425781,0.3746778070926666,18491540.0,15485.1416015625,120001,40000.0,-33657551.176068336,,,,,,,
-8.811788743972778,-0.8095901426768533,-0.06710102753726427,-0.20930094362325558,0.0,259.8757417478476,35.13558413627094,23,5643,132000,0.0003,120126.0546875,74.60145568847656,-0.3863826394081116,26290494.0,22979.2578125,122001,40000.0,-33657551.176068336,,,,,,,
-16.063792951583864,-0.8849236681674715,0.006294787717176756,-0.094289058174215,0.0,253.63757526774447,-53.59728798339388,23,5720,134000,0.0003,128814.390625,79.93071746826172,0.17638178169727325,24434668.0,19568.009765625,124001,40000.0,-33657551.176068336,,,,,,,
-8.940871809005737,-0.5999360928209859,-0.13176400320965634,0.02204335629452132,0.0,292.90934605724897,119.24914011790574,23,5796,136000,0.0003,127889.671875,87.95121765136719,0.39164531230926514,17636140.0,13717.6103515625,126001,40000.0,-33657551.176068336,,,,,,,
17.745115207672125,0.8344754999117835,-0.15147474422555351,-0.10621945980296031,0.0,442.89499708572777,253.3670720276209,23,5871,138000,0.0003,124212.2109375,97.99739837646484,0.47235581278800964,27170548.0,27838.25390625,128001,40000.0,-33657551.176068336,,,,,,,
15.036999052047737,0.5196621285104452,-0.08386727782661911,-0.49180529241435744,0.0,1011.0211650586049,314.990668627138,23,5948,140000,0.0003,103862.2890625,97.5526123046875,0.7509539723396301,17540586.0,16759.9609375,130001,40000.0,-33657551.176068336,,,,,,,
10.338762882232665,0.5358980563124127,0.05842967115171285,-0.5627156998686417,0.0,1085.3569620874398,107.94483660094583,23,6024,142000,0.0003,104465.6640625,86.94728088378906,0.6885727643966675,14600430.0,12510.748046875,132001,40000.0,-33657551.176068336,,,,,,,
8.019400979995728,0.8584325468678282,0.10904275138367578,-0.5436061844551394,0.0,830.4650214214855,-128.38020814060783,23,6101,144000,0.0003,110354.1171875,84.10094451904297,-0.2062384933233261,14768452.0,22562.232421875,134001,40000.0,-33657551.176068336,,,,,,,
3.3109320945739587,0.9157549915534169,0.06348167398958916,-0.5641141001472668,0.0,749.5260626208259,-207.60235648467682,23,6177,146000,0.0003,112533.0078125,78.9796142578125,-0.18728035688400269,12108525.0,12859.646484375,136001,40000.0,-33657551.176068336,,,,,,,
-0.4534496212005633,-0.08120549013938402,0.6369418040493084,-0.4863018696903575,0.0,777.4818580102065,-130.22277419843175,23,6253,148000,0.0003,119571.515625,92.10086822509766,0.4876381754875183,11969944.0,13418.3369140625,138001,40000.0,-33657551.176068336,,,,,,,
-4.2777578086853065,-0.12453036777064339,-0.06747802632942015,-0.6532869170793703,0.0,540.9433478727402,107.27995348560273,23,6329,150000,0.0003,101475.390625,117.0728530883789,0.1902713030576706,34874528.0,36550.9921875,140001,40000.0,-33657551.176068336,,,,,,,
-2.932463716506957,-0.24968612218007524,0.16517825077222084,-0.5966541339468127,0.0,535.8979435913147,148.09507947986714,23,6405,152000,0.0003,83622.4453125,117.29362487792969,0.3925144076347351,36689260.0,29460.23828125,142001,40000.0,-33657551.176068336,,,,,,,
-0.010489564895631872,-0.19392472362244526,-0.38815924899335297,-0.6559211193450691,0.0,633.6036043368732,85.89371744282785,23,6481,154000,0.0003,72553.75,125.74076080322266,-0.6248047351837158,35872656.0,22794.400390625,144001,40000.0,-33657551.176068336,,,,,,,
-4.709350732803343,-0.5149919143896493,0.2792166748708931,-0.44971567903059956,0.0,783.3228589583658,1717.8158659437745,23,6558,156000,0.0003,49905.4375,112.82653045654297,0.6654763221740723,24329116.0,21965.576171875,146001,40000.0,-33657551.176068336,,,,,,,
-9.156177869796744,-0.18227617156462772,-0.022293450175042757,-0.5796279950783978,0.0,572.6385255042557,-1760.5180903106823,23,6635,158000,0.0003,50110.78125,97.57513427734375,0.15037643909454346,17942398.0,17170.388671875,148001,40000.0,-33657551.176068336,,,,,,,
2.6701225643157995,-0.49386712914265823,-0.27792778987080813,-0.5477076910997019,0.0,554.4612024085671,181.55679926017774,23,6711,160000,0.0003,52480.86328125,80.64044952392578,0.6273882389068604,19471304.0,14977.990234375,150001,40000.0,-31986036.383572504,,,,,,,
-5.263332923889162,-0.30766964773162847,-0.29409651028383005,-0.8483930609068913,0.0,978.9675133575604,-210.80062635579606,23,6787,162000,0.0003,70846.390625,69.9700927734375,-0.34663063287734985,19710820.0,21140.162109375,152001,40000.0,-31986036.383572504,,,,,,,
8.017386213302618,0.0910493862006983,0.7889050192990704,-0.688664885991096,0.0,902.7116088692559,-421.9656421562129,23,6864,164000,0.0003,79645.8046875,71.46068572998047,-0.37197670340538025,29251276.0,21359.7265625,154001,40000.0,-31986036.383572504,,,,,,,
-2.27367066001892,0.4547146924149938,-0.4483292296654395,-0.24578388309713958,0.0,257.89981022282916,-200.93788849954922,23,6940,166000,0.0003,78897.5859375,96.67362213134766,0.36810147762298584,24611020.0,14486.2734375,156001,40000.0,-31986036.383572504,,,,,,,
-21.365903398513787,-0.3047513531085962,-0.4358928816145712,0.06300684692428893,0.0,179.78713072737224,363.8449583785596,23,7016,168000,0.0003,50729.9296875,111.25299072265625,0.1678936779499054,23439288.0,17801.025390625,158001,40000.0,-31986036.383572504,,,,,,,
-37.45765052223205,-0.6130693750842274,-0.07557355824458652,0.375884353128985,0.0,404.6980304097339,-216.69423789326171,23,7092,170000,0.0003,56590.23046875,89.1126708984375,0.5437619090080261,17688160.0,12361.4755859375,160001,40000.0,-31986036.383572504,,,,,,,
-31.19997661399843,-0.6639923606678603,0.008049110637443888,0.14942573975268564,0.0,199.485211544043,-115.47790030514227,23,7168,172000,0.0003,54361.109375,94.05229187011719,-0.36542701721191406,18567086.0,11816.947265625,162001,40000.0,-31986036.383572504,,,,,,,
-20.978769536972028,-0.637545802817892,0.08342993538853205,-0.05102201559709663,0.0,149.40249048388313,44.383646042519345,24,7244,174000,0.0003,58732.99609375,87.77102661132812,0.5665757656097412,18875316.0,15860.5498046875,164001,40000.0,-31986036.383572504,,,,,,,
1.7226631278991618,-0.6819036024033074,-0.08663104607357452,-0.20617224727351427,0.0,216.65282369450966,46.07340075317149,24,7320,176000,0.0003,62175.75390625,75.4572982788086,0.2688494920730591,15520388.0,23886.865234375,166001,40000.0,-31986036.383572504,,,,,,,
-12.395450359344471,-0.4171140881974732,0.23745058114255713,-0.3132002111871734,0.0,231.7994570109569,15.832256577662674,24,7396,178000,0.0003,62236.5546875,95.22367858886719,-1.1610897779464722,25152836.0,17454.8125,168001,40000.0,-31986036.383572504,,,,,,,
2.1474847068786596,-0.461751331956095,0.029190377220101153,-0.23596268830104242,0.0,199.80301709510164,-78.73899290389627,24,7472,180000,0.0003,24915.41015625,188.2740020751953,-0.46646443009376526,39294344.0,18860.82421875,170001,40000.0,-31986036.383572504,,,,,,,
-4.642733255386351,-0.14386891275268943,-0.04819667901563579,-0.061013034968063956,0.0,87.34001004801581,330.4704393007785,24,7548,182000,0.0003,2378.1884765625,185.4536590576172,-0.15045702457427979,35251408.0,22274.13671875,172001,40000.0,-31986036.383572504,,,,,,,
-7.0415674037933655,-0.22550128736632444,0.6137237838231149,0.5573537653069716,0.0,839.4256100126371,2226.685949163428,24,7625,184000,0.0003,3222.233154296875,106.95340728759766,0.7994966506958008,24533908.0,13020.6279296875,174001,40000.0,-31986036.383572504,,,,,,,
18.99612721443174,0.27295033244631217,-0.322634042347743,0.47705418893796475,0.0,633.561263598733,-2325.258427188975,24,7701,186000,0.0003,20653.400390625,67.24803924560547,0.018706440925598145,31951502.0,37620.09375,176001,40000.0,-31986036.383572504,,,,,,,
15.616196084976197,0.16981154418251326,0.1268226484494063,0.3442843916678947,0.0,252.00385365108588,296.7442439443316,24,7777,188000,0.0003,41414.984375,60.221771240234375,0.28178995847702026,16335835.0,14853.5859375,178001,40000.0,-31986036.383572504,,,,,,,
1.2838917198181174,-0.027253067266927236,-0.3324303330852291,0.312908579613722,0.0,174.84052964923464,-93.26426366276871,24,7853,190000,0.0003,52073.8984375,55.979488372802734,0.3651789426803589,17358206.0,20823.62109375,180001,40000.0,-31986036.383572504,,,,,,,
-23.691972110748285,-0.33838539614584584,-0.12799110103044248,0.5241223936883623,0.0,406.4203261258509,509.62746578212574,24,7928,192000,0.0003,64747.99609375,71.53592681884766,-0.554371178150177,17296988.0,20457.884765625,182001,40000.0,-31986036.383572504,,,,,,,
-30.105256147384587,-0.3815476942146132,0.0033642415509693353,0.6085572449840931,0.0,504.57648938517457,-27.599060117480363,24,8004,194000,0.0003,61317.77734375,70.20392608642578,0.6176941394805908,17700286.0,19249.876953125,184001,40000.0,-31986036.383572504,,,,,,,
-26.055853355407738,-0.3440522011902431,0.03483152194425961,0.5086762167274405,0.0,395.3822280359893,-233.49935471583234,24,8083,196000,0.0003,73570.0625,61.363407135009766,-0.12051557004451752,15788690.0,18257.369140625,186001,40000.0,-31986036.383572504,,,,,,,
-21.330875877380368,-0.37097961556401565,0.038954628338238866,0.4360007456309376,0.0,309.4759190438727,-195.841556665393,24,8159,198000,0.0003,75503.21875,71.33889770507812,-0.0977315604686737,15019837.0,12950.392578125,188001,40000.0,-31986036.383572504,,,,,,,
-13.056864536285403,-0.3549830524414345,-0.024239987373626176,0.3699592057849748,0.0,210.21580586276568,92.03145351564591,,,200000,0.0003,82102.9765625,80.26651763916016,-0.6293683052062988,17602290.0,21215.6328125,190000,,,0.0,0.0,40000.0,-32980.791301989004,6601.381663370224,0.0,0.0
,,,,,,,21,9387,200000,0.0003,84787.2109375,80.27249145507812,-0.27687859535217285,20671518.0,18288.009765625,190001,40000.0,-28602608.758389402,,,,,,,
-2.9636795406341565,-0.14070858818151386,-0.126232507920975,-0.9555741882573651,0.0,1117.1601463304655,12.69059495785411,21,9462,202000,0.0003,72802.1328125,89.24900817871094,-0.3900665044784546,17844352.0,15010.5859375,192001,40000.0,-28602608.758389402,,,,,,,
-0.1560819778442372,-0.04851342935074775,0.08926534305790668,-0.9419852531751614,0.0,1198.7104058541202,150.15151965096535,21,9538,204000,0.0003,73153.046875,82.63154602050781,-0.857947826385498,21943116.0,17567.736328125,194001,40000.0,-28602608.758389402,,,,,,,
-11.962039356231701,-0.3520374725911941,-0.7258654036881701,-0.6674167098596254,0.0,984.9904856046259,-137.71277320273083,21,9614,206000,0.0003,70128.703125,88.38639831542969,0.831627368927002,22033072.0,18018.72265625,196001,40000.0,-28602608.758389402,,,,,,,
17.687679676055915,0.6725384535302719,-0.22585924290473403,-0.22924448612668508,0.0,679.9484287666701,-37.751289705902785,21,9690,208000,0.0003,69969.171875,85.15789794921875,-0.46979284286499023,31718582.0,30231.12890625,198001,40000.0,-28602608.758389402,,,,,,,
2.7351375217437788,0.024956079934340146,0.46555981475335195,-0.31757130487619,0.0,734.9760090374378,-509.37757942326425,21,9766,210000,0.0003,70014.125,91.51521301269531,-0.23667049407958984,26289996.0,19967.3125,200001,40000.0,-28602608.758389402,,,,,,,
-14.929712585449211,-0.5543195608006503,-0.0464512149408132,-0.5069977367316183,0.0,655.024576393635,182.5894505685316,21,9843,212000,0.0003,50536.13671875,111.78166198730469,0.4882761240005493,49860212.0,44803.9765625,202001,40000.0,-28602608.758389402,,,,,,,
15.326077812194823,-0.3394120705958017,0.3692424912464965,-0.233301585616568,0.0,571.9353862908067,-372.6559968129559,21,9919,214000,0.0003,46926.546875,116.2956314086914,-0.07717615365982056,21338164.0,20072.271484375,204001,40000.0,-28602608.758389402,,,,,,,
-2.2241787776947013,-0.05197203262735876,0.12553121771086936,-0.08228877410436704,0.0,121.35825815791544,34.405295219752176,21,9995,216000,0.0003,46586.10546875,86.3178482055664,-0.10783042013645172,28318796.0,17903.16796875,206001,40000.0,-28602608.758389402,,,,,,,
1.019996885299683,0.0869659148711281,0.45723084731180924,-0.01680428321021588,0.0,147.83442610587295,677.873832228877,21,10071,218000,0.0003,49868.56640625,84.72128295898438,0.13030554354190826,28590872.0,20484.998046875,208001,40000.0,-28602608.758389402,,,,,,,
-2.9577356700897046,0.15350233849490386,0.25825226631594417,0.04107990788875385,0.0,681.2961170614017,-246.34463504013132,21,10147,220000,0.0003,56116.03515625,91.9851303100586,0.3600189983844757,32121936.0,20114.404296875,210001,40000.0,-28602608.758389402,,,,,,,
-3.881843587875364,0.6241043482397032,-0.33482398244317374,-0.12164362071005487,0.0,208.11234547405337,-276.3906613805888,21,10223,222000,0.0003,54101.09375,113.13430786132812,-0.18816207349300385,33492630.0,21714.224609375,212001,40000.0,-28602608.758389402,,,,,,,
-12.969773254394529,-0.09094666521404839,-0.6584628022141427,0.07833311756657561,0.0,386.6807822883032,343.9903316002532,21,10299,224000,0.0003,40192.50390625,119.23944854736328,0.2959883213043213,38563680.0,36036.9375,214001,40000.0,-28602608.758389402,,,,,,,
-13.857181226730335,-0.24904967323872246,0.11162739598404763,0.43203392269625285,0.0,391.1198917235579,399.2017604070484,21,10376,226000,0.0003,40835.88671875,116.75580596923828,0.4717716574668884,37452124.0,22010.220703125,216001,40000.0,-28602608.758389402,,,,,,,
-8.495649408340412,-0.11141449153325705,0.23394107678597295,0.6016705850973645,0.0,527.4659920426596,-39.99848337708923,21,10451,228000,0.0003,35812.328125,109.34683227539062,-0.6451886296272278,30965924.0,30112.81640625,218001,40000.0,-28602608.758389402,,,,,,,
4.199290266036991,0.10906662865619672,0.2834953737254277,0.6895481561571959,0.0,706.5069461819564,604.840552355449,21,10528,230000,0.0003,18687.0078125,158.57957458496094,-2.0603556632995605,39222576.0,21600.923828125,220001,40000.0,-28602608.758389402,,,,,,,
39.7313584690094,0.4188698297407058,-0.03154920231675414,0.9103609414858169,0.0,1060.3246928837582,-119.13916997388007,21,10604,232000,0.0003,-27606.91015625,257.33880615234375,-2.641287326812744,78253008.0,45293.85546875,222001,40000.0,-28602608.758389402,,,,,,,
21.492569904327393,0.23260714916904027,-0.031425908474123875,0.5911609349644478,0.0,495.6463778315969,203.20474938046428,21,10680,234000,0.0003,-170392.765625,573.8750610351562,-4.708148002624512,380145152.0,64937.81640625,224001,40000.0,-28602608.758389402,,,,,,,
25.437249958038347,0.3388727740242879,-0.02444864046939932,0.34591312066692814,0.0,736.611409251528,506.97854260021865,21,10756,236000,0.0003,-621754.8125,1193.3780517578125,-4.224201202392578,1283381120.0,107253.890625,226001,40000.0,-28602608.758389402,,,,,,,
7.665238536834721,0.60034181429771,0.10474964147570963,-0.04973309983916578,0.0,312.42505545529076,-985.1248314977767,21,10833,238000,0.0003,-727848.375,1029.6669921875,2.777684450149536,1981489536.0,202070.171875,228001,40000.0,-28602608.758389402,,,,,,,
6.442527509689319,0.6401215668830448,0.31691781315387724,-0.28593002455644484,0.0,396.91147834756566,-32.176837555315444,22,10908,240000,0.0003,-772250.375,783.9264526367188,1.0469995737075806,1288732160.0,167072.53125,230001,40000.0,-27873853.702352334,,,,,,,
12.38309149360654,0.13359099934812746,1.4631546883348951,-0.300567401973747,0.0,1974.7788991054508,3100.442174614187,22,10984,242000,0.0003,-972325.75,1178.256103515625,-1.2567963600158691,2172160512.0,152434.421875,232001,40000.0,-27873853.702352334,,,,,,,
1.049091068267823,-0.001217006463957875,1.0986524354891782,0.7865454338661323,0.0,7076.301063496896,261.6418593928723,22,11060,244000,0.0003,-1485172.875,1632.4677734375,0.2366379201412201,3866143232.0,247207.859375,234001,40000.0,-27873853.702352334,,,,,,,
-44.024948169708296,-0.47012076287434146,-0.09748237076856685,0.7509084324664549,0.0,4652.395389300342,66.25955324734277,22,11136,246000,0.0003,-1856088.125,1643.9837646484375,-0.024178162217140198,3728998656.0,247063.40625,236001,40000.0,-27873853.702352334,,,,,,,
-53.536240123748776,-0.4860556683608813,0.012920447079987641,0.8697026859645451,0.0,4834.172329675296,-158.62935819832916,22,11212,248000,0.0003,-2084058.25,1686.189208984375,0.8853069543838501,8521501184.0,774268.4375,238001,40000.0,-27873853.702352334,,,,,,,
-47.704505825042666,-0.49550745408485447,-0.25454924282292063,1.0654780476902856,0.0,6623.471679373376,3768.3773985014336,22,11288,250000,0.0003,-2521118.25,1923.9171142578125,0.1386462152004242,6966654464.0,300344.90625,240001,40000.0,-27873853.702352334,,,,,,,
-59.564514039993284,-0.5254192255567864,0.0016357002536694389,1.1082991895398595,0.0,5541.911906499916,227.26283983987994,22,11363,252000,0.0003,-2784508.75,2130.300048828125,0.6462358236312866,4017844736.0,208889.703125,242001,40000.0,-27873853.702352334,,,,,,,
-56.0611866054535,-0.5803207071151595,0.3718689363012884,1.1762325085855163,0.0,7010.372519252136,-3482.4668742450767,22,11439,254000,0.0003,-3024616.0,2024.26171875,-1.185966968536377,6357022208.0,330651.5625,244001,40000.0,-27873853.702352334,,,,,,,
-7.499357292175302,-0.17737491808244266,-2.032702321726298,0.7359303561372013,0.0,4977.38155175356,-3645.850921353585,22,11515,256000,0.0003,-3221138.0,2747.945068359375,-0.9166167974472046,8730935296.0,303026.375,246001,40000.0,-27873853.702352334,,,,,,,
-4.159116031646744,0.23824052459257186,-1.6570609084210162,0.166726614799142,0.0,2955.444515299268,8789.232149321848,22,11591,258000,0.0003,-4202186.0,4393.5537109375,-0.9807887077331543,21087653888.0,648145.875,248001,40000.0,-27873853.702352334,,,,,,,
-21.740259960174544,-0.30021564013242613,-0.5291511364414448,0.5098283370236548,0.0,2546.221436577084,-7510.830077692689,22,11666,260000,0.0003,-5037133.5,3931.188720703125,-0.8009912967681885,20682076160.0,509114.03125,250001,40000.0,-27873853.702352334,,,,,,,
-15.153934999465985,-0.3174956106519119,0.09264835324559147,0.5566082536596614,0.0,2178.2830559753093,8788.854902020457,22,11741,262000,0.0003,-5206235.5,3120.941162109375,-0.016649559140205383,25078849536.0,894045.6875,252001,40000.0,-27873853.702352334,,,,,,,
50.94104357528687,0.2040583824818667,3.19447110543464,5.4060305989367246,0.0,72978.37325873872,492271.27379429864,22,11817,264000,0.0003,-5779605.0,3334.28271484375,-1.4531282186508179,19178295296.0,375911.40625,254001,40000.0,-27873853.702352334,,,,,,,
16.06014574432369,0.018329602040041543,19.5114217427657,52.663957281328344,0.0,3981230.446848882,1710249.5163754518,22,11892,266000,0.0003,-5612697.0,5250.80810546875,-9.303692817687988,4454568951808.0,23487616.0,256001,40000.0,-27873853.702352334,,,,,,,
-59.509560403823855,0.10094665235348112,5.442634637428835,12.186075118311406,0.0,793371.4725913251,-1641514.1117643134,22,11968,268000,0.0003,-8679634.0,9607.080078125,-9.266135215759277,10663973879808.0,30187958.0,258001,40000.0,-27873853.702352334,,,,,,,
-36.52812390518193,0.020066907941837075,-12.804332753539116,24.49977105489568,0.0,1156985.880933933,1310272.9120753114,22,12045,270000,0.0003,-10186667.0,16204.4755859375,-7.837347984313965,1003679842304.0,5434436.0,260001,40000.0,-27873853.702352334,,,,,,,
12.983092533111572,-0.05447791005565535,-13.089545085467401,25.275146580473436,0.0,950684.6954067445,-1765759.308612462,22,12122,272000,0.0003,-11191669.0,26143.732421875,-2.980888843536377,1522797379584.0,4922302.5,262001,40000.0,-27873853.702352334,,,,,,,
-26.033464557647722,-0.32516990268510654,-1.0724042223774897,2.6712649641403874,0.0,18899.337241442532,-92129.91860166933,22,12198,274000,0.0003,-11996915.0,38943.38671875,-1.9438186883926392,44359210762240.0,80627128.0,264001,40000.0,-27873853.702352334,,,,,,,
-48.86611303138734,-0.4977903656468268,0.10636195085788522,0.6584677127621689,0.0,1313.941686394814,-3175.854710253709,22,12275,276000,0.0003,-15328878.0,49263.66796875,-1.0986905097961426,82787759554560.0,101696112.0,266001,40000.0,-27873853.702352334,,,,,,,
-47.6765386810303,-0.6558640476954867,-0.20628266672545054,0.540156301881031,0.0,963.6886180750083,633.3359863098116,22,12352,278000,0.0003,-16389170.0,57354.984375,-1.677869439125061,44334355316736.0,68076584.0,268001,40000.0,-27873853.702352334,,,,,,,
1.9371886215209972,-0.08070103274051096,-1.1785862572136059,-0.037075903257184996,0.0,2021.9353004875468,1365.94623310198,22,12429,280000,0.0003,-20874576.0,70998.6328125,-2.572110652923584,7756650643456.0,24182238.0,270001,40000.0,-2032126304.9541144,,,,,,,
-9.080028375625611,-0.08784755587236596,-1.0928675013182674,-0.4670763801269602,0.0,1085.3610604942412,284.53432065621513,22,12505,282000,0.0003,-22499064.0,84318.109375,-1.425678014755249,215818918952960.0,155873728.0,272001,40000.0,-2032126304.9541144,,,,,,,
-30.517052793502803,-0.3558762558164051,-0.7834342234657595,0.24046895727418577,0.0,2304.613470015944,2332.249040927195,22,12582,284000,0.0003,-27790270.0,113435.4765625,-1.0641522407531738,3680920141824.0,6191470.5,274001,40000.0,-2032126304.9541144,,,,,,,
-42.13724477195736,-0.4287384839167238,-1.2930887595406526,1.05130320058005,0.0,8304.002161240152,40942.08830366879,22,12659,286000,0.0003,-33051258.0,155656.09375,0.3476359248161316,29569486684160.0,50127436.0,276001,40000.0,-2032126304.9541144,,,,,,,
-42.30514531135564,0.0060275656015853175,-13.399259704723312,26.00791134096673,0.0,1268021.0105538897,4931421.649476286,22,12736,288000,0.0003,-44696312.0,232559.890625,-1.9312931299209595,75795041091584.0,76687872.0,278001,40000.0,-2032126304.9541144,,,,,,,
-52.188367843627915,-0.012242230734747036,-30.735375470294827,127.9910626638531,0.0,23091359.810141757,50604696.9091168,22,12812,290000,0.0003,-53384252.0,267163.96875,-1.1120975017547607,72108474368000.0,45265176.0,280001,40000.0,-2032126304.9541144,,,,,,,
-46.33441541862491,0.0063297720989517175,-49.11960099670138,318.20278507478423,0.0,130583634.63838153,166473638.22056687,22,12889,292000,0.0003,-68786096.0,173738.515625,5.324923038482666,528680006713344.0,106732528.0,282001,40000.0,-2032126304.9541144,,,,,,,
38.54262551879883,-0.003557054896215096,-52.35213371915049,363.55539916833175,0.0,175183916.9033236,-136269251.2331154,22,12965,294000,0.0003,-33345052.0,76774.9296875,4.447790145874023,2277997503578112.0,639654144.0,284001,40000.0,-2032126304.9541144,,,,,,,
59.973408155441284,0.009761447033714274,-32.157620639346824,140.02082071052826,0.0,45195241.58051427,-58022527.536329985,22,13042,296000,0.0003,-33576680.0,68885.1484375,-0.28917616605758667,9406398211293184.0,549839616.0,286001,40000.0,-2032126304.9541144,,,,,,,
59.319465198516845,0.060234119003035255,-10.601573145704752,19.607074921440507,0.0,23640267.121314526,-2322544.5862799142,22,13118,298000,0.0003,-3376351.0,89365.484375,-0.7184000015258789,4182946495856640.0,418083008.0,288001,40000.0,-2032126304.9541144,,,,,,,
59.20181052780152,0.12181269140262557,7.376969873381391,11.807418600790237,0.0,23449880.01070772,278660.07309243147,,,300000,0.0003,14029898.0,113627.984375,-0.5906643271446228,4670018335801344.0,536209952.0,290000,,,0.0,0.0,40000.0,-39721.770340478964,281.0291434916047,0.0,0.0
,,,,,,,20,14362,300000,0.0003,25622690.0,113638.3828125,-0.7864730358123779,607355351859200.0,162574384.0,290001,40000.0,-2032126304.9541144,,,,,,,
58.849671941757215,-0.005867153918229959,28.237459208445987,108.64052394921401,0.0,35945114.187168434,38396080.97063924,20,14438,302000,0.0003,32707182.0,132900.453125,2.6410374641418457,765228149112832.0,309204832.0,292001,40000.0,-2032126304.9541144,,,,,,,
56.45981888389587,0.0009985207345117359,48.47360714214909,314.6314985623279,0.0,137698050.85615838,184244085.44927767,20,14514,304000,0.0003,124721408.0,150685.015625,-1.3375804424285889,3.737361570385101e+16,1160304256.0,294001,40000.0,-2032126304.9541144,,,,,,,
46.03671383666995,-0.005602574041359074,66.63035627034569,582.8073772516381,0.0,420956102.99827075,382048439.36607164,20,14591,306000,0.0003,126320384.0,158514.65625,1.1499994993209839,3.0970446530740224e+16,1205321088.0,296001,40000.0,-2032126304.9541144,,,,,,,
-34.79823484992975,0.0012001520073439598,69.30858402832122,636.6332742876972,0.0,497726938.71288323,-330974174.2240318,20,14667,308000,0.0003,387817984.0,154924.78125,-1.6501986980438232,8.364713378945434e+16,2123170304.0,298001,40000.0,-2032126304.9541144,,,,,,,
-54.463640741348264,-0.0016642323470396267,50.692914594755685,341.50541768551227,0.0,149797603.62432107,-212562052.49264014,21,14744,310000,0.0003,262379200.0,164878.515625,0.9840167164802551,2.392998066132091e+17,3303722496.0,300001,40000.0,-2032126304.9541144,,,,,,,
-51.94323406219483,0.0011271189672778493,31.366879012964986,133.12206390222786,0.0,30126717.168835346,-49762473.78329834,21,14822,312000,0.0003,421137280.0,179159.40625,0.29930436611175537,2.949087754190848e+16,972749504.0,302001,40000.0,-2032126304.9541144,,,,,,,
-43.33899863052364,-0.008815121522758214,14.489703484322346,29.885587772382056,0.0,10644322.312733969,-3133679.6704340526,21,14899,314000,0.0003,411030048.0,191240.171875,-0.1125008836388588,1.4401631792870195e+17,3400263424.0,304001,40000.0,-2032126304.9541144,,,,,,,
-34.66073485755928,0.1256519378038411,-1.9343166022216178,4.048870602180694,0.0,10172843.151436355,-189733.39194988774,21,14977,316000,0.0003,414762528.0,201029.78125,0.9632750153541565,5.562266975154995e+16,1655208448.0,306001,40000.0,-2032126304.9541144,,,,,,,
-26.95017702102659,-0.00900943206155758,-13.230202683617398,25.21063028787539,0.0,9761808.865017131,-221745.54754912804,21,15054,318000,0.0003,770734912.0,210031.84375,0.16799002885818481,3.0456994357418394e+17,5678551040.0,308001,40000.0,-2032126304.9541144,,,,,,,
-6.7695679073333705,-0.00891634927104693,-17.578497782285027,41.2646804409252,0.0,8758475.716825627,-2179803.151265754,21,15131,320000,0.0003,484879168.0,216957.453125,0.002569735050201416,3.2680507086995456e+16,1508827008.0,310001,40000.0,-435281108678.15576,,,,,,,
5.48710482215881,0.3296123408015821,0.30230407286778915,-0.8931764931957307,0.0,1058.9147440416843,-105.40488056745666,21,15207,322000,0.0003,1210379776.0,214524.71875,-0.32913458347320557,1.0571522551211622e+18,10004823040.0,312001,40000.0,-435281108678.15576,,,,,,,
9.69115734481812,0.4986415163264106,0.10990695534786778,-0.8279417565266113,0.0,905.6766514976719,-133.2659014642719,21,15283,324000,0.0003,1003145024.0,220199.234375,-1.050050973892212,1.0469860675315302e+17,2319750656.0,314001,40000.0,-435281108678.15576,,,,,,,
6.202892965316769,0.6818222722090705,0.03947535473376442,-0.7218304270632132,0.0,772.9383907425711,-24.965762264388424,21,15360,326000,0.0003,936028544.0,227461.40625,-2.138475179672241,2.422132719086469e+17,4446601728.0,316001,40000.0,-435281108678.15576,,,,,,,
10.778178028106693,0.5756278765330157,-0.07825638860296619,-0.7939627101496342,0.0,862.0170265399137,100.14422570704669,21,15436,328000,0.0003,732661312.0,234152.875,-1.0930495262145996,1.2207760780086477e+18,11760123904.0,318001,40000.0,-435281108678.15576,,,,,,,
9.630758237838744,0.6363253705327631,0.13375536187062156,-0.7539854686999005,0.0,815.0325491309396,-138.63971532331396,21,15513,330000,0.0003,1167015680.0,236337.328125,-0.41461360454559326,1.1846043788378112e+17,2924610048.0,320001,40000.0,-435281108678.15576,,,,,,,
7.782794467926023,0.71530295194362,-0.07096463081869596,-0.7120569814594727,0.0,768.2099929774877,77.84932088223565,21,15589,332000,0.0003,1009599744.0,240197.1875,0.01459597796201706,5.943735834262897e+17,7043309568.0,322001,40000.0,-435281108678.15576,,,,,,,
11.400403776168812,0.6185874444589642,0.017912239521485726,-0.7763705030579576,0.0,841.6531516924645,-21.479811149246384,21,15664,334000,0.0003,1064514112.0,240285.15625,-0.8639242649078369,1.2741305669412454e+18,11782500352.0,324001,40000.0,-435281108678.15576,,,,,,,
7.1272460670471425,0.7565460097700948,0.09350626989702403,-0.6891214105309379,0.0,749.3185404545253,-71.59428392200175,21,15740,336000,0.0003,1003968512.0,249067.421875,0.14711341261863708,6.594999936016712e+17,7944396800.0,326001,40000.0,-435281108678.15576,,,,,,,
10.145096759796147,0.7259997427282355,-0.09451090606545282,-0.713573077108249,0.0,775.8097738256896,92.36880092197093,21,15816,338000,0.0003,1121353984.0,245335.578125,-1.410576581954956,5.682604657344512e+16,1900481664.0,328001,40000.0,-435281108678.15576,,,,,,,
11.050820438385017,0.6925474829693854,0.07101498003562262,-0.7366131700820568,0.0,800.1766251297713,-71.69147914576814,21,15891,340000,0.0003,1351053184.0,244516.1875,-0.9223682880401611,1.0421799304078295e+18,10818151424.0,330001,40000.0,-435281108678.15576,,,,,,,
6.986114101409912,0.7902086524000028,-0.004767151415767618,-0.677950397853282,0.0,742.3196936812045,6.927639305527679,21,15967,342000,0.0003,1662307328.0,240925.125,-2.031980276107788,2.774428785930404e+17,2991924736.0,332001,40000.0,-435281108678.15576,,,,,,,
11.028168176651004,0.6993930660757467,-0.055888356870852016,-0.7361637527553246,0.0,800.8518883429206,60.21708410342537,21,16043,344000,0.0003,1035517824.0,240534.15625,0.6200594902038574,2.928275717063967e+17,5910419968.0,334001,40000.0,-435281108678.15576,,,,,,,
9.489904792785657,0.7294200076814124,0.07128691350547979,-0.7179047172775704,0.0,782.4596661775346,-64.54127497528839,21,16125,346000,0.0003,811290752.0,231748.015625,1.115516185760498,5.813681475760947e+17,8608093184.0,336001,40000.0,-435281108678.15576,,,,,,,
8.828380514144879,0.7581965154472372,-0.04935116166023932,-0.7018439404338553,0.0,766.8596513971776,45.59495282113738,21,16207,348000,0.0003,1705178112.0,231972.015625,2.0664472579956055,1.0358012854979789e+17,3357040640.0,338001,40000.0,-435281108678.15576,,,,,,,
10.938508968353286,0.6955484310738422,0.0072663675430458124,-0.7426705301150411,0.0,809.1039954827379,-6.903697440854394,21,16288,350000,0.0003,1713648000.0,234945.375,0.8248167037963867,9.402957298243994e+16,2898487552.0,340001,40000.0,-435281108678.15576,,,,,,,
8.602121637344371,0.7598206221083602,0.03777759200491564,-0.7026478065703174,0.0,768.2835647890237,-31.160890138195693,21,16370,352000,0.0003,1074296704.0,231582.984375,2.2958967685699463,7.3902007613653e+16,1789869824.0,342001,40000.0,-435281108678.15576,,,,,,,
10.156176939010617,0.739099826644571,-0.04186933861098496,-0.7165301757856993,0.0,782.4644335377894,39.51071592020756,21,16451,354000,0.0003,1427055872.0,229937.09375,0.7927699089050293,1.0403086990563082e+18,10823397376.0,344001,40000.0,-435281108678.15576,,,,,,,
10.17007436180115,0.7342098935587885,0.04083029204890316,-0.7198298265756645,0.0,785.9999442341266,-37.64312558998007,21,16526,356000,0.0003,2255980288.0,239975.3125,0.4017316401004791,1.82176322387601e+18,12691769344.0,346001,40000.0,-435281108678.15576,,,,,,,
8.740994131088257,0.7886935354655094,0.006925451337382619,-0.6869899911858399,0.0,754.7881925662032,-4.20690134348832,21,16602,358000,0.0003,1819484544.0,237584.296875,-0.03887172043323517,5.370177655217848e+17,4793288704.0,348001,40000.0,-435281108678.15576,,,,,,,
10.41642941856385,0.7685761697779919,-0.009057890579202872,-0.6999311072308447,0.0,766.7586594284181,7.940809336044798,21,16678,360000,0.0003,1232116864.0,230125.3125,1.2625479698181152,6.007304099022766e+17,7252520960.0,350001,40000.0,-386920120966.61304,,,,,,,
5.711671991348261,0.33598075030127283,0.2997509740745487,-0.877179821279093,0.0,1032.4283609142715,-86.28704462039508,21,16754,362000,0.0003,1212409088.0,232221.921875,0.7484283447265625,2.2838729114648576e+17,5231057920.0,352001,40000.0,-386920120966.61304,,,,,,,
11.106117218017577,0.5247320666199924,0.17048478273310616,-0.7905972451553317,0.0,852.8039760956826,-219.28018983150605,21,16829,364000,0.0003,2041530496.0,237443.1875,-1.0995769500732422,1.3120153567677645e+17,3125958400.0,354001,40000.0,-386920120966.61304,,,,,,,
0.3526984500884963,0.12876968007185235,0.34947361323377085,-0.5793344456679087,0.0,729.1996668691444,246.76845080934763,21,16906,366000,0.0003,947114048.0,245539.453125,1.0211913585662842,2.980294127570125e+16,1234567424.0,356001,40000.0,-386920120966.61304,,,,,,,
-10.123603706359868,-0.6039007359993583,0.2642089090918028,-0.7711652392938073,0.0,1339.9723665524425,772.048830015882,21,16982,368000,0.0003,1057164800.0,245584.421875,1.0200557708740234,1.0337318328158126e+18,10631126016.0,358001,40000.0,-386920120966.61304,,,,,,,
-5.617463096618654,-0.29408923574659956,0.16844373770621232,-0.9401075096342167,0.0,1953.431618582867,474.2691698049545,21,17059,370000,0.0003,1375811328.0,253505.3125,0.301709920167923,6.782929322429645e+16,2124128256.0,360001,40000.0,-386920120966.61304,,,,,,,
2.426531686782838,0.06307916395479256,0.3890247016501105,-0.9609048149156412,0.0,2466.454186291936,706.2014931582866,21,17135,372000,0.0003,1246854400.0,253242.640625,-3.127063274383545,4.152067549309174e+17,5977805824.0,362001,40000.0,-386920120966.61304,,,,,,,
9.430397485733032,0.1747078908268731,1.152679783263839,-0.42372699248025814,0.0,3724.304567391346,4800.445221903687,21,17212,374000,0.0003,1960016512.0,255631.765625,0.08388733863830566,1.2440097035963597e+17,2968235264.0,364001,40000.0,-386920120966.61304,,,,,,,
34.39997521781923,0.24296376457722468,2.6218594130769994,1.6798839990426682,0.0,19304.670363184174,92248.50392055884,21,17288,376000,0.0003,1507230208.0,260538.6875,0.7117632031440735,3.3500826513178624e+16,1480513408.0,366001,40000.0,-386920120966.61304,,,,,,,
25.618763668060303,0.03269330177566013,9.177997506964484,11.564406250034622,0.0,292775.88430356345,679043.1786815671,21,17364,378000,0.0003,1680598016.0,269257.5625,-0.3719906806945801,1.5399031432177254e+17,3261206016.0,368001,40000.0,-386920120966.61304,,,,,,,
19.333226112365743,0.0024038776760956864,16.048032178039136,33.35027391080364,0.0,1819858.1480584068,2241305.4585406715,21,17440,380000,0.0003,1430936576.0,263974.375,1.3513109683990479,1.0629106036742554e+17,2720951296.0,370001,40000.0,-386920120966.61304,,,,,,,
24.14682809638978,-0.006160003389748279,21.404288917116133,60.916882869957526,0.0,5891546.661654961,7720315.308891878,21,17516,382000,0.0003,2078882432.0,268028.59375,-2.250250816345215,1.4664409230753137e+18,12046684160.0,372001,40000.0,-386920120966.61304,,,,,,,
30.859045104980467,0.0068253129711415604,29.692825730194475,116.81206332845163,0.0,20149788.23390054,22563269.04244698,21,17592,384000,0.0003,1274264320.0,269738.4375,0.5949554443359375,5.0800481476070605e+17,7115002880.0,374001,40000.0,-386920120966.61304,,,,,,,
33.87654155921942,0.003677457856042879,39.4667930228041,204.19576307911976,0.0,58407646.22464727,57531998.38768796,21,17668,386000,0.0003,1538752128.0,274539.40625,0.23346856236457825,9.871356123624243e+16,2940807168.0,376001,40000.0,-386920120966.61304,,,,,,,
36.40490700531,-0.005684562700939766,50.20587347990469,331.7240702667452,0.0,149170726.40832534,131964896.94949788,21,17744,388000,0.0003,2405709312.0,274056.5,0.07150023430585861,3.733060847832924e+17,4537787904.0,378001,40000.0,-386920120966.61304,,,,,,,
34.225288164138796,0.007511143172795887,60.90771140033426,488.12454965041206,0.0,316361000.6266305,201073272.43124992,21,17820,390000,0.0003,1780343296.0,277821.15625,-1.6652196645736694,9.786421770956308e+17,8738299904.0,380001,40000.0,-386920120966.61304,,,,,,,
13.729435701370234,-0.008173434417218161,67.69898223165308,601.9123279516508,0.0,482849578.594871,71132512.29245557,21,17901,392000,0.0003,2260714240.0,271930.78125,-0.01526862382888794,4.189748156390441e+17,4847149056.0,382001,40000.0,-386920120966.61304,,,,,,,
-16.2197130317688,0.003164234521852413,63.175435543319026,523.0319612386088,0.0,403185724.39436376,-142437477.94630793,21,17982,394000,0.0003,2262150656.0,270829.03125,-0.1996634155511856,4.194930292131103e+17,3358933248.0,384001,40000.0,-386920120966.61304,,,,,,,
-32.705359394073476,0.0013598324835389954,52.29765788428318,359.1413955629711,0.0,257212799.72530878,-130565126.84556408,21,18063,396000,0.0003,1690873472.0,279478.84375,-0.8437404632568359,1.7878313329701683e+17,3000247040.0,386001,40000.0,-386920120966.61304,,,,,,,
-34.04670915603638,-0.00028325362651138625,39.358461933497914,206.3405717279876,0.0,175976697.2798353,-44519875.18582187,21,18138,398000,0.0003,2337738496.0,283684.3125,-2.417391777038574,5.2582624897951334e+17,5590484480.0,388001,40000.0,-386920120966.61304,,,,,,,
-41.04329599952692,0.010981429300468443,25.41604886236485,86.25263203090356,0.0,151599810.63996005,-7422006.911004036,,,400000,0.0003,2994017792.0,288341.90625,-0.2528560757637024,2.9909245152251085e+18,15214928896.0,390000,,,0.0,0.0,40000.0,-42782.010652904784,266.83681822498755,0.0,0.0
,,,,,,,20,19388,400000,0.0003,2739301632.0,288362.8125,0.24910205602645874,3.3000398398685184e+18,10165817344.0,390001,40000.0,-752817980087.344,,,,,,,
5.629730916976928,0.32985388713006414,0.3192610535155495,-0.9114620599907167,0.0,1100.048790868238,-143.12383113174278,20,19463,402000,0.0003,2636304128.0,291375.15625,-2.6867282390594482,8.702659960053432e+17,5369541120.0,392001,40000.0,-752817980087.344,,,,,,,
9.493368253707885,0.5564777186150353,0.13426753649940304,-0.8126051258807103,0.0,895.7876806002828,-159.58356119993167,20,19538,404000,0.0003,1741549952.0,301643.03125,-0.41147980093955994,2.3076321895099924e+18,12458291200.0,394001,40000.0,-752817980087.344,,,,,,,
7.594203302383421,0.71324478593108,0.026557059281164263,-0.7222058629501171,0.0,782.5000857619895,-16.9875576359451,20,19613,406000,0.0003,1775751424.0,301451.8125,0.05411797761917114,4.6211470411064934e+17,6606420480.0,396001,40000.0,-752817980087.344,,,,,,,
10.877185850143436,0.6577034351454523,-0.035260014720258345,-0.7607224917022741,0.0,826.8271855322749,41.48186805013227,20,19688,408000,0.0003,2674747648.0,303547.0625,-2.583005666732788,1.1780685724846653e+18,6186964480.0,398001,40000.0,-752817980087.344,,,,,,,
8.956609069824196,0.7014393132373388,0.06230702672271312,-0.7332229483910307,0.0,796.4265283575762,-60.122877590122535,20,19763,410000,0.0003,2565061888.0,304998.8125,0.8570807576179504,1.9171675729402266e+18,11160970240.0,400001,40000.0,-752817980087.344,,,,,,,
9.53954674911498,0.6967605386342198,-0.06638724163731183,-0.7370332560133486,0.0,801.485774101241,68.68357749597438,20,19839,412000,0.0003,2315758592.0,305186.1875,1.5048590898513794,1.0876800580274094e+18,7973801472.0,402001,40000.0,-752817980087.344,,,,,,,
10.454277854919422,0.643497841116515,0.021915529769117283,-0.7721197825114458,0.0,841.6751435111445,-23.463276345332787,20,19915,414000,0.0003,1511286016.0,308403.6875,0.26323702931404114,1.6694434800336896e+18,12186015744.0,404001,40000.0,-752817980087.344,,,,,,,
8.387518125534083,0.6903619925785442,-0.005593579826545324,-0.7432511605940832,0.0,808.0229792294552,6.568692429463843,20,19990,416000,0.0003,2217857792.0,307882.96875,-0.7019020318984985,2.1084808094668554e+18,10137469952.0,406001,40000.0,-752817980087.344,,,,,,,
10.23210854530334,0.6268863293783361,-0.03612243945468817,-0.7829105723687111,0.0,855.746097571807,42.92175205714465,20,20066,418000,0.0003,2037393792.0,310314.875,-0.028294116258621216,4.451343962870907e+17,4723817472.0,408001,40000.0,-752817980087.344,,,,,,,
9.24419930267334,0.648255690268614,0.0417520983222204,-0.7702129785023629,0.0,840.1369297130192,-43.87654461465698,20,20141,420000,0.0003,2726300160.0,313442.65625,-0.0038855671882629395,6.858579811229499e+18,17505902592.0,410001,40000.0,-752817980087.344,,,,,,,
9.12542493820189,0.6405946506506964,-0.054389282236904035,-0.7747974373832179,0.0,846.346335387293,60.56800290620959,20,20217,422000,0.0003,2489810432.0,315193.53125,-0.9443678855895996,2.572410532397056e+18,13486972928.0,412001,40000.0,-752817980087.344,,,,,,,
9.868199037551873,0.593876671232711,0.014370682151759621,-0.8040731269540616,0.0,883.208741874731,-15.220731605035583,20,20292,424000,0.0003,3156688896.0,317185.5,0.005869179964065552,7.665013041209016e+17,5603045888.0,414001,40000.0,-752817980087.344,,,,,,,
8.413268917083736,0.6295657235182532,-0.0019537647696349966,-0.7828900986727417,0.0,856.0102263663953,3.0586904678536633,20,20368,426000,0.0003,2992674048.0,316225.34375,-1.1171023845672607,2.1608726759693353e+18,12017913856.0,416001,40000.0,-752817980087.344,,,,,,,
9.777322696685792,0.582324650734089,-0.029770905891205124,-0.8110575712537982,0.0,892.8618757029958,36.456797778464434,20,20443,428000,0.0003,1932024320.0,311810.0,-0.6390318870544434,2.0881819006727619e+18,10160013312.0,418001,40000.0,-752817980087.344,,,,,,,
8.840503196716305,0.5959678109406695,0.030822325603771593,-0.8032757503359282,0.0,882.5269841213225,-33.597175809351015,20,20519,430000,0.0003,2417960704.0,318689.40625,0.04744631052017212,1.478886844945924e+18,10923620352.0,420001,40000.0,-752817980087.344,,,,,,,
8.91864174079895,0.5879001820930017,-0.04307678743878436,-0.8076599471757482,0.0,888.5978871051466,49.864056816202904,20,20594,432000,0.0003,2211621888.0,324404.3125,-1.7909899950027466,5.55644908117531e+18,16462220288.0,422001,40000.0,-752817980087.344,,,,,,,
9.23285625457766,0.5508905755387513,0.010901798707467358,-0.8295160405142078,0.0,918.0532206144072,-10.799293799977383,20,20670,434000,0.0003,3666575872.0,328485.0625,-2.519960880279541,1.7995058099949404e+18,7693481472.0,424001,40000.0,-752817980087.344,,,,,,,
8.307126565933231,0.5831794962248678,0.003615966897593826,-0.8111271909175372,0.0,892.9391736604159,-2.598523608933897,21,20745,436000,0.0003,2321222400.0,328260.53125,-0.8158206939697266,1.306337736419967e+18,10880839680.0,426001,40000.0,-752817980087.344,,,,,,,
9.105030202865608,0.5408261435288638,-0.03297734949991128,-0.8351452407387847,0.0,926.4983117733499,41.07191204986465,21,20821,438000,0.0003,2260152064.0,328380.15625,-1.1400420665740967,9.170056855462871e+17,6505193472.0,428001,40000.0,-752817980087.344,,,,,,,
8.647548669815055,0.5471873731328514,0.028700740517597523,-0.8318521641433114,0.0,921.6519315017026,-30.83336432701036,21,20897,440000,0.0003,2744813056.0,336426.28125,0.09635895490646362,4.17932341176959e+18,12518558720.0,430001,40000.0,-684383155961.5642,,,,,,,
4.246748441696162,0.23200983608204193,0.25418721695724605,-0.9571759808837058,0.0,1149.595565577952,-62.779351633541076,21,20972,442000,0.0003,1806007936.0,334127.9375,-0.05269983410835266,7.243513884311552e+17,6159813632.0,432001,40000.0,-684383155961.5642,,,,,,,
7.364800256729124,0.44188622890594736,0.08916673249229604,-0.8850621082813055,0.0,1003.3326055063233,-93.41728309081354,21,21048,444000,0.0003,3151442688.0,341795.59375,0.1633700132369995,2.0887067800360714e+18,11644440576.0,434001,40000.0,-684383155961.5642,,,,,,,
7.8078838691711425,0.5138347086074417,0.0028215683999189807,-0.8504686071345325,0.0,948.3904017663257,0.4661891064794579,21,21123,446000,0.0003,4265518848.0,346558.84375,-0.4254889190196991,4.033244495926526e+18,13215833088.0,436001,40000.0,-684383155961.5642,,,,,,,
8.48141018867493,0.4923446905729704,-0.005622775791626478,-0.8620441159737233,0.0,965.5866382416417,10.268261099157044,21,21199,448000,0.0003,2991822592.0,353175.4375,0.7751052975654602,8.566203695098757e+17,7032966144.0,438001,40000.0,-684383155961.5642,,,,,,,
8.079071798324605,0.5137414630594953,0.015395286815357078,-0.8506711508617002,0.0,948.7353140586167,-14.678022427776762,21,21274,450000,0.0003,2694419200.0,359406.25,-0.6460826396942139,1.9819819966912266e+18,9071763456.0,440001,40000.0,-684383155961.5642,,,,,,,
8.11631179237365,0.500270821575917,-0.027916106630993556,-0.8576497879189606,0.0,959.1298603127055,35.39309680670152,21,21350,452000,0.0003,2701700864.0,361768.375,-0.5306674838066101,6.878630505273623e+18,24553586688.0,442001,40000.0,-684383155961.5642,,,,,,,
8.221033311843865,0.4826054927132212,0.012129544575692684,-0.8671073475392992,0.0,973.193818913181,-9.729312856115984,21,21425,454000,0.0003,2467706880.0,366439.6875,-1.0647449493408203,1.8890280467284623e+18,7342181376.0,444001,40000.0,-684383155961.5642,,,,,,,
7.582369602203367,0.49539870867941815,-0.014195590723512994,-0.8603702209611238,0.0,963.1559485577405,19.52358052637385,21,21501,456000,0.0003,4310406144.0,366010.8125,-0.6006783843040466,1.4618287466747003e+18,9799610368.0,446001,40000.0,-684383155961.5642,,,,,,,
7.967625007629372,0.45015621825463353,-0.023080945807773222,-0.8830859545722373,0.0,997.9201883566575,31.899529956236734,21,21577,458000,0.0003,1482792960.0,369240.46875,2.201063632965088,7.081683639766876e+17,8232688128.0,448001,40000.0,-684383155961.5642,,,,,,,
7.487894971847534,0.45351157098941824,0.012854478786141026,-0.8816501853502223,0.0,995.4358202090965,-8.676404132828358,21,21655,460000,0.0003,3335143936.0,371827.8125,1.8191648721694946,4.765136060223062e+18,14288795648.0,450001,40000.0,-684383155961.5642,,,,,,,
7.284689218521118,0.441450239411491,-0.031052724010332985,-0.8871301800485604,0.0,1004.2718553145119,40.1027345373074,21,21731,462000,0.0003,2975243776.0,379064.21875,1.304189682006836,3.687727364944429e+18,14176790528.0,452001,40000.0,-684383155961.5642,,,,,,,
7.374792278289796,0.41164130900088447,0.0055234782043576455,-0.9012433048002316,0.0,1026.5390195790606,2.9804842152021473,21,21806,464000,0.0003,2696165888.0,385973.3125,0.7630739212036133,2.834507716179788e+18,14534827008.0,454001,40000.0,-684383155961.5642,,,,,,,
6.8779767570495585,0.4364533443601554,0.00532218046860832,-0.8897485424076103,0.0,1008.2143486741955,1.2197376938738815,21,21881,466000,0.0003,3026957568.0,391265.625,1.5023926496505737,2.578885281495122e+18,11717266432.0,456001,40000.0,-684383155961.5642,,,,,,,
7.238668767929079,0.4090339273136411,-0.026212716553310006,-0.9021911578555272,0.0,1028.1753870638008,37.25654932072076,21,21957,468000,0.0003,2825569536.0,399824.4375,1.7793354988098145,3.8254038129280287e+18,12912590848.0,458001,40000.0,-684383155961.5642,,,,,,,
6.9226783466339095,0.3996048998868826,0.011709870134022181,-0.9066196835625862,0.0,1035.1778794406384,-2.478506020305215,21,22033,470000,0.0003,2778957056.0,407422.625,0.4260140061378479,6.590802000621863e+18,26089543680.0,460001,40000.0,-684383155961.5642,,,,,,,
6.54577688407898,0.40420942429881834,-0.01440743253883264,-0.9044737028174064,0.0,1031.6889205169823,24.70253889052045,21,22109,472000,0.0003,3214380032.0,412633.46875,1.9675109386444092,4.7467779268909466e+17,3970610432.0,462001,40000.0,-684383155961.5642,,,,,,,
6.829971773147586,0.37684910744461353,-0.01107246807709653,-0.9163247009454087,0.0,1051.0952880578584,23.940167626810346,21,22184,474000,0.0003,3682979840.0,414496.25,-1.2031465768814087,3.4345235809629635e+18,9998296064.0,464001,40000.0,-684383155961.5642,,,,,,,
6.455879161834715,0.38105301582937234,0.003934920738892349,-0.9145780720323,0.0,1048.2279326269206,7.571890336694852,21,22260,476000,0.0003,3611397632.0,421224.84375,-1.8682966232299805,2.70760043483444e+18,13579388928.0,466001,40000.0,-684383155961.5642,,,,,,,
6.229704488754274,0.3610124068974997,-0.026371444291422037,-0.9224988080836373,0.0,1061.448488822829,40.2609231382354,21,22335,478000,0.0003,2560784640.0,424666.625,-0.37403976917266846,7.560280435494748e+17,5264810496.0,468001,40000.0,-684383155961.5642,,,,,,,
6.125440326690674,0.3378076111959746,0.0011897854633007826,-0.9318488480109047,0.0,1077.0943629135206,18.084407992188293,21,22411,480000,0.0003,3817989632.0,431446.3125,-0.9219141006469727,3.4854188747010867e+18,11146953728.0,470001,40000.0,-627354605699.7079,,,,,,,
2.618708169937137,0.14186407763866749,0.16010557869486544,-0.98234576975778,0.0,1177.3675869160645,62.64904180085705,21,22486,482000,0.0003,2644381952.0,437678.40625,-0.8105933666229248,3.975151799072981e+18,18305409024.0,472001,40000.0,-627354605699.7079,,,,,,,
5.06979528808593,0.2758636263930717,0.05252595215020521,-0.9525158336180318,0.0,1113.6316755327211,-10.189062306597247,21,22562,484000,0.0003,2028064128.0,451011.875,0.13513396680355072,4.851612649747644e+18,21732489216.0,474001,40000.0,-627354605699.7079,,,,,,,
5.281995130538941,0.3227469835738027,0.004796394227401573,-0.9368527169942712,0.0,1085.5084684472972,18.03856101796861,21,22638,486000,0.0003,2441520128.0,457054.75,1.2945369482040405,8.338798439634567e+18,22922969088.0,476001,40000.0,-627354605699.7079,,,,,,,
5.585816101074213,0.3052880878492328,-0.014809842372920002,-0.9431053069637804,0.0,1096.225584448355,39.97222936022193,21,22713,488000,0.0003,2665457152.0,466386.8125,0.40555283427238464,9.341039572236108e+18,28221843456.0,478001,40000.0,-627354605699.7079,,,,,,,
5.4802596549987825,0.30295609559315956,0.00943891885724614,-0.9440134413228418,0.0,1097.7856147206783,18.644254399659047,21,22789,490000,0.0003,2221662720.0,470804.6875,-0.9601501226425171,1.5240275697021747e+17,2491695104.0,480001,40000.0,-627354605699.7079,,,,,,,
4.960006507873526,0.29910283251204967,-0.018793929815167653,-0.9451191151731326,0.0,1099.7807275269806,44.47900964855414,21,22864,492000,0.0003,2548319232.0,479053.21875,1.0289452075958252,6.533062247000834e+18,19094732800.0,482001,40000.0,-627354605699.7079,,,,,,,
5.2039853973388706,0.2716419947833777,-0.006581208785031907,-0.9542030998841242,0.0,1115.6308844109226,42.68600036224185,21,22941,494000,0.0003,3556385792.0,491044.5,0.4048072397708893,1.1827883635858473e+18,6289543680.0,484001,40000.0,-627354605699.7079,,,,,,,
4.723043653488161,0.2763802817696583,0.0014553506334050025,-0.952684266065646,0.0,1112.950413243066,32.53777630218319,21,23016,496000,0.0003,2707537920.0,498424.96875,-0.49943864345550537,5.971393774381695e+18,16050387968.0,486001,40000.0,-627354605699.7079,,,,,,,
4.607575134277343,0.2583811422659243,-0.023540604235235782,-0.9579785707659207,0.0,1122.417775576923,60.90145345213954,21,23091,498000,0.0003,2717240064.0,503810.875,-0.7367621660232544,4.6115249399739187e+18,13762235392.0,488001,40000.0,-627354605699.7079,,,,,,,
4.505765233993529,0.23242518731073764,-0.006868389826681726,-0.9656356215659619,0.0,1136.0426019388,62.578035221043706,,,500000,0.0003,3360738816.0,510213.15625,0.291662335395813,2.1990572029735076e+18,8666651648.0,490000,,,0.0,0.0,40000.0,-37331.52777828486,1944.7376047186688,0.0,0.0
,,,,,,,20,24321,500000,0.0003,2891723776.0,510232.59375,0.5926052927970886,4.210163613417079e+18,14860952576.0,490001,40000.0,-627354605699.7079,,,,,,,
3.8906634368896498,0.23853176541840282,0.0056769429652414926,-0.9641013686091146,0.0,1133.4492108405586,45.48377395709909,20,24395,502000,0.0003,4064062720.0,516666.71875,-2.2287418842315674,5.462268763430715e+18,13115548672.0,492001,40000.0,-627354605699.7079,,,,,,,
3.994218738555908,0.21471588881562148,-0.029411217603064203,-0.9702980910405271,0.0,1144.912049036293,81.32067176629288,20,24469,504000,0.0003,3330114560.0,524684.9375,-2.87149977684021,2.967636858948813e+18,12583185408.0,494001,40000.0,-627354605699.7079,,,,,,,
3.4943913555145256,0.18645437845083224,-0.013455612229683027,-0.9772842845942693,0.0,1157.5470001220435,89.2029630585891,20,24545,506000,0.0003,3517379328.0,542124.4375,-0.9186400771141052,3.478662375748403e+18,12507900928.0,496001,40000.0,-627354605699.7079,,,,,,,
2.6873220005035408,0.1577399260949032,-0.03060150054610593,-0.9826637121895836,0.0,1167.6850606110538,116.85411634396932,20,24620,508000,0.0003,3674381056.0,548110.625,0.4288855791091919,6.403169791586075e+18,21224921088.0,498001,40000.0,-627354605699.7079,,,,,,,
2.2240445480346644,0.1070878480573152,-0.022584410563843645,-0.9905380220268111,0.0,1182.239724434111,158.48170507943368,20,24696,510000,0.0003,3514181632.0,555065.8125,0.056811243295669556,3.465385772843008e+18,13402260480.0,500001,40000.0,-627354605699.7079,,,,,,,
1.8903915920257561,0.10641558408152368,0.012575696313056562,-0.9907846826530328,0.0,1182.475379068428,148.70044926194794,20,24778,512000,0.0003,3546674432.0,557668.875,0.44926100969314575,3.7514388410938163e+18,12198196224.0,502001,40000.0,-627354605699.7079,,,,,,,
1.9647546672821052,0.11248755082166637,-0.007085799559846649,-0.9900409543957195,0.0,1181.049690417987,144.46876290700385,20,24860,514000,0.0003,3702607616.0,560087.0625,-0.5888827443122864,1.786156914200019e+18,8442723328.0,504001,40000.0,-627354605699.7079,,,,,,,
2.159817722320555,0.10821707245896456,0.010438093636462245,-0.9905107251910849,0.0,1182.0785392493024,138.9340908813456,20,24942,516000,0.0003,2411503360.0,564932.75,-1.1455966234207153,2.6259248628325417e+18,9689182208.0,506001,40000.0,-627354605699.7079,,,,,,,
2.05233546829224,0.12161878976960419,-0.004485141355607135,-0.9885177589809478,0.0,1178.1593400983622,133.7053666528271,20,25023,518000,0.0003,1940281344.0,575162.6875,0.2521272897720337,7.384839061631926e+18,28335138816.0,508001,40000.0,-627354605699.7079,,,,,,,
1.773331022262573,0.09821603318908298,-0.02874636597898716,-0.9912466102498485,0.0,1183.4763807783825,165.98521682831998,20,25099,520000,0.0003,3810259712.0,579375.3125,-0.4060978293418884,7.782922744026366e+18,18997438464.0,510001,40000.0,-579100074555.6854,,,,,,,
0.9898593559265149,0.035852807075177934,0.04517059773097849,-0.9776160742375295,0.0,1149.174428110051,215.31553662320346,20,25175,522000,0.0003,3180886528.0,599167.25,0.9877583980560303,8.240564772274176e+17,4896425472.0,512001,40000.0,-579100074555.6854,,,,,,,
0.21119443893432688,0.04896638845897286,-0.038546881369350104,-0.9759534800341584,0.0,1145.6632876571036,194.14346955275155,20,25250,524000,0.0003,3875247104.0,601844.0,-1.351082444190979,1.1814228251197309e+19,21045581824.0,514001,40000.0,-579100074555.6854,,,,,,,
0.1325105705261231,-0.022892250186619376,-0.026350269962083193,-0.9762910131989702,0.0,1145.6633308717758,211.94346657122796,20,25326,526000,0.0003,4049247232.0,612698.5,-2.980494737625122,3.225108397313491e+18,13200463872.0,516001,40000.0,-579100074555.6854,,,,,,,
0.04745616340637218,0.0030567903539328208,0.03492300328126897,-0.9759543122638801,0.0,1144.5162030669865,229.54756061317806,20,25404,528000,0.0003,3157284608.0,627375.4375,1.5933805704116821,5.816851917539639e+18,23772393472.0,518001,40000.0,-579100074555.6854,,,,,,,
-0.967387285232544,-0.01925431776582214,-0.06681670829008576,-0.9735831001161229,0.0,1140.5628497267087,205.344178387139,20,25481,530000,0.0003,3184783872.0,640807.5,0.36251842975616455,1.099684690906212e+19,31174889472.0,520001,40000.0,-579100074555.6854,,,,,,,
-1.0167619190216064,-0.09679062876433778,-0.004082857688007009,-0.9677652435578513,0.0,1128.2755526041842,157.81298206441687,20,25558,532000,0.0003,2855396864.0,647513.9375,-2.653285026550293,9.267880267547148e+18,24659828736.0,522001,40000.0,-579100074555.6854,,,,,,,
-1.1713594951629656,-0.045526395334959946,0.03321970385322782,-0.9710877575869781,0.0,1133.8758818505391,206.95993795358427,20,25636,534000,0.0003,2886417152.0,659592.0625,-1.1796622276306152,4.982940517592465e+18,16659633152.0,524001,40000.0,-579100074555.6854,,,,,,,
-1.8738576908111568,-0.07775118524492196,-0.06514745494300565,-0.966740740977815,0.0,1126.1723133851458,161.20561915662043,20,25713,536000,0.0003,3266931712.0,672657.1875,-0.1667073518037796,5.152486859862966e+18,21393113088.0,526001,40000.0,-579100074555.6854,,,,,,,
-1.3952267169952413,-0.11924635914663252,0.03421239336174185,-0.9608859298847451,0.0,1114.1991656303665,153.7468572090572,20,25791,538000,0.0003,3904308480.0,673754.375,-0.6953405141830444,4.076771962246922e+18,15823098880.0,528001,40000.0,-579100074555.6854,,,,,,,
-1.5186581439971938,-0.04781461777222187,0.015835682523714256,-0.9669101198731731,0.0,1124.3226046671261,212.2606009867426,20,25868,540000,0.0003,4637528064.0,679978.375,1.2527704238891602,4.660690152165736e+18,15262969856.0,530001,40000.0,-579100074555.6854,,,,,,,
-2.2469969501495344,-0.11464538334202048,-0.07094165721570657,-0.9572560847426337,0.0,1106.868784299146,116.58178560309668,20,25945,542000,0.0003,3885641472.0,691713.4375,-1.103359341621399,1.0257080092731638e+19,24936562688.0,532001,40000.0,-579100074555.6854,,,,,,,
-1.6433415126800541,-0.12716395846785858,0.05901849242671583,-0.9538519056717285,0.0,1099.3584477676172,150.9685842413189,20,26022,544000,0.0003,3563311872.0,695540.1875,1.0807547569274902,5.158963533106381e+18,16919708672.0,534001,40000.0,-579100074555.6854,,,,,,,
-1.9159046764373777,-0.060696628631751785,-0.015384178218207551,-0.9606120474943517,0.0,1110.5193156931903,190.36101126229306,20,26098,546000,0.0003,3259993856.0,710525.1875,0.1993381381034851,3.2181897203957105e+18,10108795904.0,536001,40000.0,-579100074555.6854,,,,,,,
-2.5990782966613732,-0.15336248477228684,-0.058300030084829285,-0.9449963673100863,0.0,1081.6989634350768,76.59951642532346,20,26174,548000,0.0003,4158584320.0,723514.3125,-1.9944027662277222,1.0792632415412027e+19,23034134528.0,538001,40000.0,-579100074555.6854,,,,,,,
-1.9773270072937017,-0.13047943725728475,0.07138277465360461,-0.946192416996783,0.0,1082.60348226004,157.53361313494582,20,26250,550000,0.0003,3078018304.0,734557.6875,-0.6003541350364685,2.491165144319525e+18,12812236800.0,540001,40000.0,-579100074555.6854,,,,,,,
-2.6260043773651094,-0.09045497301503,-0.04579579955544008,-0.9508081952070614,0.0,1089.796952705839,149.98905825201302,20,26331,552000,0.0003,3529733632.0,743835.4375,0.7910822629928589,5.64381187707188e+18,23730016256.0,542001,40000.0,-579100074555.6854,,,,,,,
-2.6078177204132094,-0.18202862354886343,-0.024316623416517393,-0.9324660893936553,0.0,1055.5324601142913,64.90430567196945,20,26413,554000,0.0003,3050098432.0,753823.25,0.5841349363327026,1.5716887874261484e+18,9263547392.0,544001,40000.0,-579100074555.6854,,,,,,,
-2.1204298973083446,-0.11352090013091615,0.07636053062133814,-0.9404693371176465,0.0,1068.86044079224,173.31652800068932,20,26489,556000,0.0003,3986606080.0,765930.125,-0.8168249726295471,4.234842426780418e+18,11472560128.0,546001,40000.0,-579100074555.6854,,,,,,,
-2.964019319534297,-0.10553424084841154,-0.07283651601981313,-0.9399488644098742,0.0,1067.1858596287173,116.96707769388006,21,26564,558000,0.0003,2858992896.0,761865.8125,0.19359740614891052,2.57067687743796e+18,16672501760.0,548001,40000.0,-579100074555.6854,,,,,,,
-2.303964462280274,-0.19347885657729533,0.008191294087632296,-0.92062155382238,0.0,1030.6262443815149,73.63376540042741,21,26640,560000,0.0003,4667445760.0,774229.5625,-3.0185799598693848,5.997249340064662e+18,15226967040.0,550001,40000.0,-537738947155.5034,,,,,,,
-1.649399253845214,-0.07729094626705649,-0.0948135260238979,-0.986348856616281,0.0,1174.1182658665837,156.87149194342297,21,26716,562000,0.0003,2209008128.0,780224.5625,0.38801923394203186,2.304639868615e+18,11164863488.0,552001,40000.0,-537738947155.5034,,,,,,,
-2.2190819320678727,-0.1474520124818082,0.0034422888301263565,-0.9780173617827495,0.0,1155.426317460948,112.06728720507753,21,26791,564000,0.0003,2702556160.0,779329.1875,0.042217135429382324,1.8807665912352604e+18,13887249408.0,554001,40000.0,-537738947155.5034,,,,,,,
-2.5674456691741954,-0.12013221665695024,0.0030147671587891765,-0.982130425822618,0.0,1162.8734211540707,135.38373654716753,21,26867,566000,0.0003,5382905856.0,785299.25,-1.79506516456604,6.342386589779362e+18,16987493376.0,556001,40000.0,-537738947155.5034,,,,,,,
-2.839708528518673,-0.15515154333075865,-0.029360106967874344,-0.9756138954699917,0.0,1150.7079209827848,89.53103018937722,21,26943,568000,0.0003,2881124608.0,783317.875,-0.6350513100624084,1.4953720976590766e+18,11682799616.0,558001,40000.0,-537738947155.5034,,,,,,,
-2.427082323074339,-0.15019562085312138,0.03641797093134777,-0.9757204558132607,0.0,1150.7178632201985,123.39640182579609,21,27019,570000,0.0003,2946240000.0,784077.1875,1.2344777584075928,3.389886432532234e+18,17568296960.0,560001,40000.0,-537738947155.5034,,,,,,,
-2.630566316604614,-0.11638427461597982,-0.013265049215643874,-0.9807661991055284,0.0,1159.500960528176,130.63381789338044,21,27095,572000,0.0003,2680488192.0,798436.875,0.19045639038085938,6.801097893085184e+17,7245350400.0,562001,40000.0,-537738947155.5034,,,,,,,
-2.762902853012084,-0.1642220867398696,-0.019794556061916223,-0.9718595814668516,0.0,1142.762698367075,86.77396598494262,21,27170,574000,0.0003,2698580480.0,799598.9375,2.941082239151001,2.6304122446634025e+18,14349818880.0,564001,40000.0,-537738947155.5034,,,,,,,
-2.2560971488952566,-0.13039697574262976,0.04851448109748334,-0.9763689612840553,0.0,1150.9232548126581,148.81019643117943,21,27246,576000,0.0003,3964226304.0,801746.125,0.18911325931549072,3.783380753392337e+18,14494488576.0,566001,40000.0,-537738947155.5034,,,,,,,
-2.480327930450441,-0.11101422398679718,-0.03263370885117046,-0.9788189190764547,0.0,1154.8420151659493,128.95236455185668,21,27321,578000,0.0003,3682365440.0,800877.25,0.2462538182735443,5.105019843380249e+18,21450160128.0,568001,40000.0,-537738947155.5034,,,,,,,
-2.399579830169683,-0.15703248856966195,0.0007797808141433813,-0.9706256014004108,0.0,1139.1625041432121,102.17288144598821,21,27397,580000,0.0003,3066504448.0,806363.0625,-1.0890283584594727,1.4422048005811077e+18,9076655104.0,570001,40000.0,-537738947155.5034,,,,,,,
-2.1714374122619584,-0.10864704297720584,0.03454857070082332,-0.9768568544557406,0.0,1150.1301425907438,153.81815574697896,21,27473,582000,0.0003,3896924672.0,814863.5625,0.6380324363708496,5.959178200197104e+18,17156096000.0,572001,40000.0,-537738947155.5034,,,,,,,
-2.6773372192382796,-0.12223192563873378,-0.04640754738031504,-0.9739806957526496,0.0,1144.6340054978084,115.58273599426853,21,27549,584000,0.0003,3787899392.0,817019.75,-0.19272884726524353,6.413889755078984e+17,7601762304.0,574001,40000.0,-537738947155.5034,,,,,,,
-2.289695087432862,-0.1608881079533429,0.017945883922587905,-0.9667483257987282,0.0,1130.6916857156898,108.55027627317848,21,27625,586000,0.0003,3160657664.0,825225.625,0.6672911643981934,3.5770136908529664e+18,17174291456.0,576001,40000.0,-537738947155.5034,,,,,,,
-2.2822893810272227,-0.10370073349691403,0.02116333159437701,-0.9746305634415978,0.0,1144.5951937263023,158.68142948264835,21,27703,588000,0.0003,3236209408.0,829028.5,0.27622145414352417,4.633000051331826e+18,19485704192.0,578001,40000.0,-537738947155.5034,,,,,,,
-2.8788397521972646,-0.13830547212186514,-0.04757640557410355,-0.9682416845667332,0.0,1132.560755305362,95.2216254759183,21,27779,590000,0.0003,2605662464.0,828723.375,0.8821845054626465,1.7663710650192364e+18,11976398848.0,580001,40000.0,-537738947155.5034,,,,,,,
-2.0784722175598143,-0.1517585394143004,0.042426943887266776,-0.9647310621822376,0.0,1125.6225652601245,117.43395534378422,21,27854,592000,0.0003,3824426496.0,828875.125,-0.580379068851471,1.0668154505008251e+18,6816947712.0,582001,40000.0,-537738947155.5034,,,,,,,
-2.391425413131714,-0.09457896329323871,-0.001915195790894924,-0.9723352067915824,0.0,1138.621050780604,159.00422018586656,21,27930,594000,0.0003,3053632256.0,827664.1875,1.0845959186553955,6.838316361685402e+18,23614359552.0,584001,40000.0,-537738947155.5034,,,,,,,
-2.8007759227752667,-0.15693344855995922,-0.04447985400544717,-0.9608337660018049,0.0,1117.15905137007,71.25327383138334,21,28005,596000,0.0003,3200143360.0,828564.5,0.9283477067947388,5.720784288085967e+18,17695260672.0,586001,40000.0,-537738947155.5034,,,,,,,
-2.142448503494261,-0.14137147133215247,0.056168139668366444,-0.9617353727742924,0.0,1118.1769705583283,139.66691207805442,21,28080,598000,0.0003,4837850112.0,846633.375,-0.0922204926609993,7.306943335728415e+17,6062418944.0,588001,40000.0,-537738947155.5034,,,,,,,
-2.6255502490997378,-0.10463184385917415,-0.03301407097222281,-0.9664257809238379,0.0,1125.858385934493,126.69603632908029,,,600000,0.0003,3180907520.0,858211.8125,-0.598706841468811,3.101281672671265e+18,13484923904.0,590000,,,0.0,0.0,40000.0,-35819.13396413147,3206.0646245241446,0.0,0.0
,,,,,,,20,29303,600000,0.0003,3700178944.0,858283.875,0.3412657380104065,5.822024020236698e+18,19207106560.0,590001,40000.0,-501892733223.1403,,,,,,,
-1.9775667114257807,-0.08857826195660923,-0.10754937333137267,-0.9745926842720645,0.0,1148.2281001183271,118.40050664190991,20,29377,602000,0.0003,3831628800.0,855760.0,0.9433318972587585,8.341698401552826e+18,23728011264.0,592001,40000.0,-501892733223.1403,,,,,,,
-2.072310367584222,-0.15155223292002912,0.023766376570729327,-0.96589232066589,0.0,1127.8096785652883,113.81873217679332,20,29451,604000,0.0003,4027393536.0,862257.9375,0.01343679428100586,3.034028669568811e+18,15803676672.0,594001,40000.0,-501892733223.1403,,,,,,,
-2.491318492889405,-0.10597421080490815,0.0011135391649132445,-0.9720622332536041,0.0,1138.545231839068,146.1817767793557,20,29526,606000,0.0003,2759439104.0,864580.0,1.6841621398925781,1.8268022856661074e+18,8048143872.0,596001,40000.0,-501892733223.1403,,,,,,,
-3.079830743789672,-0.16500938821314923,-0.04805433694687159,-0.9603880682592917,0.0,1117.0275557151497,64.18667862307822,20,29601,608000,0.0003,3281033728.0,870961.375,0.3819054365158081,1.982899951461466e+18,12131439616.0,598001,40000.0,-501892733223.1403,,,,,,,
-2.3106397018432583,-0.15509315286683129,0.05579387360828039,-0.9603058114276766,0.0,1116.0103234416765,122.64716661871766,20,29682,610000,0.0003,2580645120.0,871812.3125,0.14284458756446838,8.966122599838908e+18,24262232064.0,600001,40000.0,-501892733223.1403,,,,,,,
-2.776547222137446,-0.10884257952555745,-0.023234359401422985,-0.9669884142697036,0.0,1127.298035671275,126.2233636357786,20,29763,612000,0.0003,3905572608.0,875291.3125,-0.10582268238067627,1.19575451938314e+19,30560468992.0,602001,40000.0,-501892733223.1403,,,,,,,
-2.9006254997253444,-0.1805626245555657,-0.028792648020587737,-0.9522760911177651,0.0,1099.715178532504,63.600137169606036,20,29844,614000,0.0003,3657562112.0,878721.25,-1.007979154586792,7.21710746330307e+18,15680185344.0,604001,40000.0,-501892733223.1403,,,,,,,
-2.307039381027221,-0.13640126498010854,0.060751552980461906,-0.9577283687486919,0.0,1108.7368523199798,139.4741423777199,20,29926,616000,0.0003,4218851584.0,882223.5625,1.505467414855957,6.119920203108188e+18,26553219072.0,606001,40000.0,-501892733223.1403,,,,,,,
-2.979352249145507,-0.12184814337494554,-0.05137410803201425,-0.9588422453003781,0.0,1110.0617429305573,102.20944326789443,20,30001,618000,0.0003,4461391872.0,886026.25,-0.09157934039831161,7.479202448062546e+18,25319481344.0,608001,40000.0,-501892733223.1403,,,,,,,
-2.754318481445312,-0.19101264104891463,0.0026270621543846603,-0.9436940498311709,0.0,1081.3566195768599,70.34299015015411,20,30076,620000,0.0003,2784475136.0,891328.25,1.647807002067566,7.313420283849736e+18,23597152256.0,610001,40000.0,-501892733223.1403,,,,,,,
-2.378349699020385,-0.11287858709054394,0.054889217322121125,-0.954225248305173,0.0,1099.0607540874328,154.53131196089564,20,30152,622000,0.0003,2990519808.0,900414.4375,1.628697395324707,3.8025460656981934e+18,16211084288.0,612001,40000.0,-501892733223.1403,,,,,,,
-3.2319270839691137,-0.13652129240057417,-0.07120847248856041,-0.9482590415028679,0.0,1087.7210639527918,77.47155646166482,20,30228,624000,0.0003,3503581184.0,897272.75,0.644761860370636,3.392745162764452e+18,14741898240.0,614001,40000.0,-501892733223.1403,,,,,,,
-2.409698034286497,-0.18867725232942661,0.03453970631868943,-0.9353994560169359,0.0,1062.9938573356712,85.4505727753309,20,30303,626000,0.0003,5633641984.0,907228.125,1.482426643371582,8.468807993037685e+18,19823974400.0,616001,40000.0,-501892733223.1403,,,,,,,
-2.4582498188018818,-0.09778679062506125,0.02791282953934517,-0.947988859904418,0.0,1083.5363629316016,160.3880926624686,20,30379,628000,0.0003,3225272832.0,917315.75,0.47008299827575684,5.418779505139384e+17,5851809792.0,618001,40000.0,-501892733223.1403,,,,,,,
-3.615592321395872,-0.16529067843512651,-0.08192186257981526,-0.9327169455375554,0.0,1056.0839007586821,45.80404506570398,20,30454,630000,0.0003,3237933056.0,916157.375,-0.11556410789489746,8.916596198077366e+18,27557640192.0,620001,40000.0,-501892733223.1403,,,,,,,
-2.2396357383727983,-0.18646517646217461,0.0702003334284078,-0.9239583100472054,0.0,1038.553904946952,101.4453470690563,20,30530,632000,0.0003,3567504640.0,925379.25,1.0224025249481201,5.646510628362256e+18,25464887296.0,622001,40000.0,-501892733223.1403,,,,,,,
-2.7074974193573054,-0.09506977995602507,-0.005986173667455069,-0.9373518051362296,0.0,1059.3873705957149,139.47180185611845,20,30605,634000,0.0003,3369748736.0,932420.9375,1.5450451374053955,8.62842739457681e+18,28085063680.0,624001,40000.0,-501892733223.1403,,,,,,,
-3.7998211803436317,-0.19700535309886952,-0.07614287051218084,-0.9130262190241151,0.0,1015.9552795004599,16.32526095370984,20,30680,636000,0.0003,3200359168.0,934931.0625,0.09561324119567871,1.9839381653159936e+18,9931043840.0,626001,40000.0,-501892733223.1403,,,,,,,
-2.1821175231933556,-0.1683177780956019,0.10484322158744379,-0.9118052827763752,0.0,1012.1327162724385,129.91426430822963,20,30756,638000,0.0003,3491481600.0,928788.4375,-0.4080114960670471,2.421118557048799e+18,10630205440.0,628001,40000.0,-501892733223.1403,,,,,,,
-2.833716369628905,-0.09302132724295528,-0.047650084725785656,-0.9222324818242752,0.0,1026.4616508218144,120.91335877519752,20,30831,640000,0.0003,3367952384.0,931495.75,1.3756086826324463,2.3390521086632264e+18,10787742720.0,630001,40000.0,-470527151981.21643,,,,,,,
-1.6775716552734374,-0.08406802563085776,-0.09618509812740292,-0.9928311142020609,0.0,1190.157156360751,131.5799669014719,20,30912,642000,0.0003,3185177856.0,940837.875,0.38950544595718384,4.2528304370108334e+18,16325257216.0,632001,40000.0,-470527151981.21643,,,,,,,
-2.5800942192077665,-0.15386502755512776,-0.007876946851663333,-0.9842366154355687,0.0,1170.4980082405948,93.32655457613065,20,30994,644000,0.0003,3738235904.0,950539.3125,-0.7336060404777527,8.283765271324262e+17,8507145216.0,634001,40000.0,-470527151981.21643,,,,,,,
-2.7979689788818374,-0.14711528408579183,0.0001599356666664388,-0.9854069385646982,0.0,1172.5186118236757,99.28263348253788,20,31069,646000,0.0003,2222715392.0,955876.3125,-0.547648549079895,3.803268994593456e+18,16102763520.0,636001,40000.0,-470527151981.21643,,,,,,,
-3.08193807411194,-0.16692772334472683,-0.017023004156749663,-0.9815108111249353,0.0,1165.3357951897513,72.46818573578433,20,31145,648000,0.0003,2747869696.0,955886.375,-0.04117877781391144,8.356726114164408e+17,7605204992.0,638001,40000.0,-470527151981.21643,,,,,,,
-2.8853606452941887,-0.16667419364542,0.017062269339671646,-0.9814111026498091,0.0,1165.0376728110734,90.5408493504561,20,31220,650000,0.0003,2147844608.0,963807.125,0.8493543863296509,1.5814693556720763e+18,9096230912.0,640001,40000.0,-470527151981.21643,,,,,,,
-2.9521777515411394,-0.15064588406807272,-0.006848350955440927,-0.9842846985722243,0.0,1170.2257553280424,90.81678015240641,20,31295,652000,0.0003,3072715776.0,967307.1875,0.5453119277954102,2.7170378180135485e+18,9549974528.0,642001,40000.0,-470527151981.21643,,,,,,,
-3.1162995643615705,-0.17802530401018413,-0.011441509981300542,-0.9787221887069402,0.0,1159.9071112562083,69.99917497532476,20,31371,654000,0.0003,3841937152.0,973145.6875,0.24001622200012207,1.7661188645396152e+18,11902302208.0,644001,40000.0,-470527151981.21643,,,,,,,
-2.897124240875246,-0.16140269579352567,0.0212611009340844,-0.9816682194680729,0.0,1165.2189472363034,101.85681193053118,20,31446,656000,0.0003,2984769792.0,979926.4375,-2.533470392227173,1.6749567062132654e+18,10610616320.0,646001,40000.0,-470527151981.21643,,,,,,,
-3.0822601757049526,-0.15658271142357766,-0.0192680117300355,-0.9823920444556087,0.0,1166.416449830202,77.58870906629531,20,31522,658000,0.0003,3463122432.0,980458.3125,-1.3633041381835938,1.0380203404809994e+19,22713651200.0,648001,40000.0,-470527151981.21643,,,,,,,
-3.0843983211517356,-0.1809887379009963,0.00128655999844399,-0.9773313496300482,0.0,1156.87512789283,74.03723983370205,20,31598,660000,0.0003,2938298112.0,987581.9375,-1.5489780902862549,9.356230287446508e+17,5375756800.0,650001,40000.0,-470527151981.21643,,,,,,,
-2.8564257984161414,-0.15651231949909244,0.01774678625174696,-0.9818123754893305,0.0,1165.0477670655712,96.08260843768642,20,31673,662000,0.0003,2955772160.0,991152.25,1.9275517463684082,5.44675520411861e+18,22463655936.0,652001,40000.0,-470527151981.21643,,,,,,,
-3.2750856227874756,-0.1655891921913202,-0.026364824650106537,-0.97975668524338,0.0,1161.2144863138976,65.31079290729234,20,31749,664000,0.0003,3996198656.0,996927.4375,0.3888881802558899,7.357440331379376e+18,16748033024.0,654001,40000.0,-470527151981.21643,,,,,,,
-3.0269592571258546,-0.1838974626892794,0.01405889760810762,-0.9757491921274046,0.0,1153.6275761801207,77.88076551285904,20,31825,666000,0.0003,3293131776.0,996419.875,0.15942184627056122,6.278537124920689e+17,5977708032.0,656001,40000.0,-470527151981.21643,,,,,,,
-3.0039482650756852,-0.1504094034537347,0.008680689482754647,-0.9819210643705593,0.0,1164.7259573844246,98.1382734675021,20,31900,668000,0.0003,2572124416.0,995244.125,0.46408510208129883,6.505661867480842e+18,24020582400.0,658001,40000.0,-470527151981.21643,,,,,,,
-3.217024610519409,-0.17598318597131102,-0.026435163300507044,-0.9764719667552336,0.0,1154.5966902730156,57.141954103094115,20,31976,670000,0.0003,4775900160.0,994680.5,-4.159367084503174,9.248669600386646e+19,19607013376.0,660001,40000.0,-470527151981.21643,,,,,,,
-2.9160122776031465,-0.17738380807734547,0.026512487267467622,-0.9757651231182748,0.0,1153.0797026495152,86.22196582279123,20,32051,672000,0.0003,4626898432.0,1018198.75,-0.39526888728141785,3.713257200307667e+18,14450553856.0,662001,40000.0,-470527151981.21643,,,,,,,
-3.1180865268707274,-0.1507713719484495,-0.009957122683384615,-0.9805582345210487,0.0,1161.6303340375146,81.44159616693753,20,32127,674000,0.0003,4294944512.0,1014239.8125,-0.7723482251167297,6.182482964484456e+18,17216288768.0,664001,40000.0,-470527151981.21643,,,,,,,
-3.3767955589294423,-0.19111936729090967,-0.02109259860829381,-0.97175136972664,0.0,1145.2371932339681,52.96809447862962,20,32203,676000,0.0003,3937003776.0,1016968.25,-1.3518556356430054,9.257806542013465e+18,28150429696.0,666001,40000.0,-470527151981.21643,,,,,,,
-2.967885313034056,-0.17093961858449272,0.03581583591326783,-0.9751803504085161,0.0,1151.2975234324294,94.36886354386306,21,32278,678000,0.0003,3834953216.0,1016441.75,-0.7214229702949524,1.773327675088175e+18,9745933312.0,668001,40000.0,-470527151981.21643,,,,,,,
-3.2741206531524663,-0.158774300673451,-0.029560793137133064,-0.9770665823444002,0.0,1154.4857086051645,68.37811217224953,21,32353,680000,0.0003,4916155392.0,1021416.9375,1.1169865131378174,8.133035833612567e+18,16271201280.0,670001,40000.0,-442851819174.50665,,,,,,,
-2.750485166549688,-0.12188508324061352,-0.14276148413036338,-0.9566499054470871,0.0,1113.003967901447,50.61519335113688,21,32429,682000,0.0003,2894265600.0,1026374.4375,1.0049141645431519,4.758163713393951e+17,5156910592.0,672001,40000.0,-442851819174.50665,,,,,,,
-2.523354692459108,-0.1925372115040794,0.0485931080743503,-0.9427003432259432,0.0,1080.2306950943587,87.11850133258591,21,32504,684000,0.0003,3581230080.0,1026629.0,0.46769535541534424,9.43743375664323e+18,24585895936.0,674001,40000.0,-442851819174.50665,,,,,,,
-2.87505583190918,-0.11570168672389276,-0.003833084955393127,-0.9550356058976772,0.0,1100.591721931646,110.37349467435328,21,32579,686000,0.0003,5578435584.0,1029388.75,-1.8869988918304443,6.371362019706143e+18,17803126784.0,676001,40000.0,-442851819174.50665,,,,,,,
-3.9520078563690215,-0.20549983729661622,-0.06491244188166936,-0.9331911100417362,0.0,1060.9062821324558,13.720996618554562,21,32654,688000,0.0003,4551126016.0,1027627.125,0.34943366050720215,1.0449652957266838e+19,20741244928.0,678001,40000.0,-442851819174.50665,,,,,,,
-2.5350920028686486,-0.18283857975203066,0.08542931697252998,-0.9333229925333769,0.0,1059.6978859720568,105.58897707848996,21,32729,690000,0.0003,4031514624.0,1033108.25,-1.4985229969024658,9.29243566073027e+18,24668352512.0,680001,40000.0,-442851819174.50665,,,,,,,
-3.2301332550048834,-0.12092604372353796,-0.04452583769610877,-0.9430819649433849,0.0,1074.628607935369,81.47813502143595,21,32805,692000,0.0003,4480059904.0,1038217.5625,-0.7991868257522583,4.506980900503814e+18,17223962624.0,682001,40000.0,-442851819174.50665,,,,,,,
-3.8709107265472515,-0.23331029223216063,-0.040405077771215735,-0.9134746734155688,0.0,1020.6255911997971,4.679690142733406,21,32881,694000,0.0003,4255095552.0,1038649.3125,-0.12391054630279541,1.2679968313745342e+19,21740480512.0,684001,40000.0,-442851819174.50665,,,,,,,
-2.5075874919891374,-0.15293045092925428,0.10249379405654813,-0.9234688072861481,0.0,1036.2366045571957,125.77469874776025,21,32956,696000,0.0003,1978563840.0,1045058.9375,0.03921931982040405,5.854244521293906e+17,6751170560.0,686001,40000.0,-442851819174.50665,,,,,,,
-3.545230043411257,-0.13160885013923534,-0.08509580599842936,-0.9246417359197309,0.0,1035.9728322972253,51.057432692649115,21,33030,698000,0.0003,2546456064.0,1048243.0625,1.8717690706253052,5.024528445401465e+18,20003395584.0,688001,40000.0,-442851819174.50665,,,,,,,
-3.398186084747317,-0.24718977408171589,-0.0022353930222628296,-0.8912788979340582,0.0,974.8533369631753,15.991690240094275,,,700000,0.0003,2904047104.0,1045042.0,0.44579046964645386,3.7348021306539377e+18,18749331456.0,690000,,,0.0,0.0,40000.0,-34102.75809544999,4608.115400409763,0.0,0.0
,,,,,,,20,34273,700000,0.0003,3236645632.0,1045006.125,0.18498146533966064,4.259640537155371e+18,15055965184.0,690001,40000.0,-442851819174.50665,,,,,,,
-2.5560449542999204,-0.12086003287434516,0.09457090472952369,-0.9090036426320143,0.0,1002.1420503036978,143.91623234408704,20,34348,702000,0.0003,4866718720.0,1051208.375,-0.518656849861145,2.5196768552172913e+18,9633077248.0,692001,40000.0,-442851819174.50665,,,,,,,
-4.141801132202146,-0.1525782900825486,-0.11481473544235986,-0.8983794609946991,0.0,982.4764058304527,14.239337057518021,20,34422,704000,0.0003,4321283072.0,1042452.0,-0.25747349858283997,7.025896343918871e+18,22028922880.0,694001,40000.0,-442851819174.50665,,,,,,,
-2.6749487667083742,-0.24519913127660822,0.0528645308077512,-0.8660358128835155,0.0,923.3790198202694,46.479020568253674,20,34497,706000,0.0003,3467344384.0,1047890.25,0.31475263833999634,7.214021134163902e+18,20844337152.0,696001,40000.0,-442851819174.50665,,,,,,,
-2.4871209068298343,-0.08468221451808067,0.06212557544024139,-0.8875502397172133,0.0,952.9229828547761,155.33995703879333,20,34572,708000,0.0003,3851536128.0,1050083.125,-1.779341697692871,2.47528544763537e+18,11930744832.0,698001,40000.0,-442851819174.50665,,,,,,,
-4.751736183166506,-0.17946694699614246,-0.1382978757052792,-0.8606993771494243,0.0,908.2888780782886,-25.196213070787067,20,34647,710000,0.0003,3614555136.0,1053478.5,1.2154473066329956,4.828329941273674e+18,19142680576.0,700001,40000.0,-442851819174.50665,,,,,,,
-2.087357248306278,-0.24053940639932153,0.10745559618039685,-0.82864500480095,0.0,850.7578308533738,77.06491672172329,20,34722,712000,0.0003,4980690944.0,1048326.0625,0.5958468317985535,2.7097683968865075e+18,9641543680.0,702001,40000.0,-442851819174.50665,,,,,,,
-2.4386603183746365,-0.0581943717441473,0.024027097467878504,-0.8521923638165815,0.0,878.0120371050785,142.14373245323765,20,34797,714000,0.0003,3063662336.0,1052878.875,-0.9047279357910156,1.785850287894823e+18,9736950784.0,704001,40000.0,-442851819174.50665,,,,,,,
-5.475220893859867,-0.2135655847191379,-0.15583463558445235,-0.805523280400812,0.0,805.0962485962708,-78.04867022008176,20,34872,716000,0.0003,4879307264.0,1051420.875,0.4222082793712616,4.832239254866231e+18,16697091072.0,706001,40000.0,-442851819174.50665,,,,,,,
-1.6231614971160897,-0.23383908962107203,0.15957011641147445,-0.7712359472218522,0.0,745.4110703799962,87.69406411439437,20,34948,718000,0.0003,2483158784.0,1058408.875,-1.0214508771896362,2.58379927383756e+18,17646911488.0,708001,40000.0,-442851819174.50665,,,,,,,
-2.41363122367859,-0.043304047236605726,-0.021521388905589033,-0.793638511591472,0.0,763.4836265302669,142.77201395178452,20,35023,720000,0.0003,3316934656.0,1071045.375,-0.1400076150894165,8.626269053251486e+18,26692888576.0,710001,40000.0,-418251092411.22034,,,,,,,
-3.356821189880372,-0.13734518828712722,-0.1600000208770709,-0.9207399857701232,0.0,1035.9880038448412,9.859222397875502,20,35099,722000,0.0003,4168986368.0,1067506.875,-0.1579369306564331,8.032333762647818e+18,31236986880.0,712001,40000.0,-418251092411.22034,,,,,,,
-2.2022056159973165,-0.19991946507639202,0.08143866958445385,-0.9025116847845107,0.0,994.6688423120554,84.22603843559851,20,35181,724000,0.0003,1909655936.0,1071851.625,0.7325612306594849,2.6514607455097324e+18,14280476672.0,714001,40000.0,-418251092411.22034,,,,,,,
-2.7335696163177516,-0.08888813389442747,-0.011689682728861988,-0.9177596707458463,0.0,1016.4611621599141,114.33202927896923,20,35262,726000,0.0003,2701068800.0,1078772.625,1.709116816520691,6.289570449227514e+18,21459894272.0,716001,40000.0,-418251092411.22034,,,,,,,
-4.5522566337585415,-0.2234286389640704,-0.0995655908129115,-0.8813757378174817,0.0,953.4252330129782,-36.54430527237505,20,35344,728000,0.0003,4242416896.0,1079994.5,-0.27974802255630493,6.305080160248922e+18,21483913216.0,718001,40000.0,-418251092411.22034,,,,,,,
-2.1886104984283477,-0.19186138152027793,0.13270582961119928,-0.8753189717987797,0.0,939.7191052454037,107.4339437027393,20,35426,730000,0.0003,2985508864.0,1092988.875,0.014646902680397034,5.830702602953687e+17,6067110400.0,720001,40000.0,-418251092411.22034,,,,,,,
-3.103839220046997,-0.09341720475998415,-0.06146665960663464,-0.8889355146099726,0.0,955.9525718025347,97.05654215011495,20,35508,732000,0.0003,2381101568.0,1087674.375,2.7614994049072266,2.4103818260035666e+18,8323718656.0,722001,40000.0,-418251092411.22034,,,,,,,
-4.669217618942259,-0.2629437324249844,-0.07643336520867566,-0.8366330383709919,0.0,866.8601719381766,-52.89490988569362,20,35590,734000,0.0003,4407700992.0,1079101.875,-1.5179216861724854,2.8639449409902346e+18,15112370176.0,724001,40000.0,-418251092411.22034,,,,,,,
-2.046723459243776,-0.15888221152025778,0.16389732267861631,-0.8396006600400887,0.0,866.786660013629,127.18481654872785,20,35666,736000,0.0003,3334427392.0,1078563.875,1.3315167427062988,4.559625242363822e+17,4916466176.0,726001,40000.0,-418251092411.22034,,,,,,,
-3.400609294891358,-0.09676550055172364,-0.11376034336388345,-0.8450853607310859,0.0,868.7342316683798,59.49149377911884,20,35741,738000,0.0003,2770092032.0,1082382.625,1.2838664054870605,2.2894602859598316e+18,13236959232.0,728001,40000.0,-418251092411.22034,,,,,,,
-4.446773698806762,-0.29331248755842937,-0.048356110573382426,-0.7745670339396415,0.0,752.5170359480702,-54.32766368753004,20,35817,740000,0.0003,2777429760.0,1079464.25,-1.233607292175293,4.841018855214023e+18,24696958976.0,730001,40000.0,-418251092411.22034,,,,,,,
-1.9443580112457275,-0.12403716965699647,0.18459826005420488,-0.782407625064639,0.0,756.8918486208568,131.20802475505513,20,35892,742000,0.0003,3005534720.0,1090534.75,-0.5937187671661377,4.2712917869970063e+18,19602751488.0,732001,40000.0,-418251092411.22034,,,,,,,
-4.22021153259277,-0.10905908248791088,-0.17000656267770622,-0.7757366043056264,0.0,741.3293908208421,18.520892111858064,20,35968,744000,0.0003,2440008448.0,1096323.25,1.1758289337158203,8.426342380071813e+17,6656152576.0,734001,40000.0,-418251092411.22034,,,,,,,
-4.345493909835829,-0.34309709502181907,-0.025475276647888952,-0.6653782188523941,0.0,577.0926949014872,-102.40598151552231,20,36044,746000,0.0003,3555442944.0,1101222.0,-0.6450915336608887,1.5947344137053798e+18,8416168960.0,736001,40000.0,-418251092411.22034,,,,,,,
-1.4559300861358657,-0.09915304069229938,0.2186414045324606,-0.666994915436211,0.0,562.91545159804,127.16682163776467,20,36119,748000,0.0003,4248854016.0,1101988.875,-0.33948761224746704,2.3171734765379256e+18,11269204992.0,738001,40000.0,-418251092411.22034,,,,,,,
-4.5924683437347396,-0.10128024779203018,-0.21336073783862594,-0.6519562931797525,0.0,537.224600437682,9.895045022672663,20,36195,750000,0.0003,2681711616.0,1107580.375,0.4618600904941559,1.8426724990624727e+18,13062424576.0,740001,40000.0,-418251092411.22034,,,,,,,
-5.667999103546135,-0.4148922241003022,-0.07293175142378285,-0.45370652111280246,0.0,316.1795756694639,-170.35310758370952,20,36271,752000,0.0003,3125005568.0,1108871.875,0.05622303485870361,9.242811402433855e+18,23931322368.0,742001,40000.0,-418251092411.22034,,,,,,,
0.815093887329102,-0.1434612256854759,0.3312032539635009,-0.38448304935969946,0.0,233.43199496446672,23.952007652363942,20,36347,754000,0.0003,2551542784.0,1111929.125,1.7811130285263062,9.466134308663067e+18,28597917696.0,744001,40000.0,-418251092411.22034,,,,,,,
-1.3101698150634757,0.02834300118014542,-0.15695440278789602,-0.3678065905541296,0.0,181.21294416142015,145.99933757747928,20,36422,756000,0.0003,2223247872.0,1116128.875,-0.7102275490760803,2.0980252785204265e+18,12568985600.0,746001,40000.0,-418251092411.22034,,,,,,,
-21.3135276813507,-0.39150566822012234,-0.32506999685699484,-0.07817981837206879,0.0,154.20707247560463,79.22618626244937,20,36498,758000,0.0003,2960191488.0,1119849.875,-0.6397246718406677,2.4573089822770463e+18,11688199168.0,748001,40000.0,-418251092411.22034,,,,,,,
-35.28586167144774,-0.6917954304224612,-0.04130203317272315,0.3288306868622633,0.0,362.44771762985533,-81.16836521738911,20,36573,760000,0.0003,2706993408.0,1116838.0,0.21149349212646484,3.613163159273079e+18,15699309568.0,750001,40000.0,-396239316394.4518,,,,,,,
-1.1194173336029047,-0.06372039732259742,-0.06729512320277381,-0.9873282718844824,0.0,1174.2453960532105,125.36891742192346,20,36649,762000,0.0003,3522943488.0,1119868.0,0.9333174228668213,1.2223652846276444e+18,9352145920.0,752001,40000.0,-396239316394.4518,,,,,,,
-2.957766132354739,-0.14146799241615213,-0.06015052547771014,-0.9768863965772446,0.0,1153.579396049044,48.38183183080584,20,36725,764000,0.0003,4837954048.0,1127834.625,2.4154062271118164,7.220440083046859e+18,19732670464.0,754001,40000.0,-396239316394.4518,,,,,,,
-2.8951369285583506,-0.18998439807470585,0.01763268744123204,-0.9664329642967205,0.0,1133.1177634442367,62.27892457274794,20,36801,766000,0.0003,4396529152.0,1114351.625,0.30752116441726685,1.0985916663970398e+19,24825561088.0,756001,40000.0,-396239316394.4518,,,,,,,
-2.605508934020997,-0.12720097734235805,0.026833654784231855,-0.9765639777771515,0.0,1150.7150167379766,94.83719683314801,20,36877,768000,0.0003,2877266176.0,1124992.25,0.10156616568565369,1.8011218172098642e+18,10065124352.0,758001,40000.0,-396239316394.4518,,,,,,,
-3.356869806289672,-0.16393781710950114,-0.055362907427914686,-0.9685205102073777,0.0,1135.867859994781,37.95576863476956,20,36954,770000,0.0003,2625028864.0,1115957.5,3.338271379470825,6.601365558585721e+18,26776047616.0,760001,40000.0,-396239316394.4518,,,,,,,
-2.6376599636077844,-0.1817171856075588,0.043601634312505216,-0.9634190262758372,0.0,1125.595385954623,77.29147367843252,20,37030,772000,0.0003,3468845056.0,1119454.875,-0.11031173169612885,3.5710647831908844e+18,17286256640.0,762001,40000.0,-396239316394.4518,,,,,,,
-2.780305810928343,-0.12107635398145704,-0.0012443133050120537,-0.9729206708472932,0.0,1141.7656951030922,92.1203051197786,20,37108,774000,0.0003,3650330112.0,1126948.75,0.7488132119178772,3.548261461786624e+18,15515320320.0,764001,40000.0,-396239316394.4518,,,,,,,
-3.4505023136138915,-0.1870059792404647,-0.04968041866081004,-0.9583923438590857,0.0,1114.8383102356315,21.419280481539882,20,37184,776000,0.0003,3192493312.0,1126730.5,0.35720089077949524,7.586533474631156e+18,20286072832.0,766001,40000.0,-396239316394.4518,,,,,,,
-2.6333178882598864,-0.17245841479885216,0.06581669473473042,-0.958794272966643,0.0,1115.014526430124,88.68699214664422,20,37259,778000,0.0003,3494444544.0,1132211.0,1.8602361679077148,2.6035077448875377e+18,13469965312.0,768001,40000.0,-396239316394.4518,,,,,,,
-2.911541296005249,-0.12181565144880799,-0.03486282129721481,-0.9663639522987408,0.0,1127.2858876345415,76.20464702567659,20,37336,780000,0.0003,2666155776.0,1129618.25,2.0087270736694336,3.0776685609531474e+18,15330898944.0,770001,40000.0,-396239316394.4518,,,,,,,
-3.497052145004274,-0.2100372316725296,-0.031221597267451762,-0.9458670545356341,0.0,1088.9106434534065,23.680762650245704,20,37412,782000,0.0003,4376727040.0,1131470.625,-0.531994640827179,1.1071512544681132e+19,29085118464.0,772001,40000.0,-396239316394.4518,,,,,,,
-2.5130086574554458,-0.1487171637933179,0.0789850181182876,-0.9541653485158775,0.0,1102.8869381153004,104.51720551068514,20,37488,784000,0.0003,3187876352.0,1128134.75,-1.047074794769287,5.362027937593819e+18,18994233344.0,774001,40000.0,-396239316394.4518,,,,,,,
-3.3336602954864514,-0.1340518528185403,-0.06892826578400658,-0.9546323887550155,0.0,1102.3866243397274,48.52404793283599,20,37563,786000,0.0003,4185632000.0,1125999.0,-0.1788816750049591,3.980623518688608e+18,16932823040.0,776001,40000.0,-396239316394.4518,,,,,,,
-3.194944406509398,-0.21978652055842574,0.0064103211279901194,-0.9329937211011139,0.0,1061.2781966535274,30.057219214576456,20,37640,788000,0.0003,1953006848.0,1133404.875,2.566633701324463,5.397322260845429e+18,24576026624.0,778001,40000.0,-396239316394.4518,,,,,,,
-2.379066364288329,-0.11882120030729185,0.06601270034182002,-0.9472442427207585,0.0,1084.7126837322587,111.79194141348191,20,37717,790000,0.0003,2689208576.0,1134446.25,-0.8422139883041382,4.3995459700863795e+18,15796993024.0,780001,40000.0,-396239316394.4518,,,,,,,
-3.8123983001708974,-0.15984687463560246,-0.09731314916337365,-0.9358914200001608,0.0,1063.8832737721557,3.1477535992548784,20,37794,792000,0.0003,2262733056.0,1135874.125,-0.8726041316986084,6.593944954609861e+18,28218071040.0,782001,40000.0,-396239316394.4518,,,,,,,
-2.825808195114136,-0.2285290777999856,0.051055668127198806,-0.9146109537414497,0.0,1023.4458183560108,59.35750068989689,20,37870,794000,0.0003,3120241152.0,1125646.875,-1.4411022663116455,2.4069865340969943e+18,15121990656.0,784001,40000.0,-396239316394.4518,,,,,,,
-2.5847627792358425,-0.09798201681918349,0.03984770727589769,-0.9339662019995575,0.0,1053.4262684151727,104.5648448565839,20,37947,796000,0.0003,3918524160.0,1132011.375,2.4928812980651855,5.429724868515987e+18,25384071168.0,786001,40000.0,-396239316394.4518,,,,,,,
-4.333307760238653,-0.19214666311387202,-0.11189526125909098,-0.9094989809125051,0.0,1010.3620258294097,-26.654654851015614,20,38024,798000,0.0003,4061180928.0,1132671.125,1.057914137840271,5.238542886189924e+18,23308822528.0,788001,40000.0,-396239316394.4518,,,,,,,
-2.4005270481109586,-0.215355965478341,0.10385945976798404,-0.8941037674584966,0.0,980.3480049028675,81.64374188745843,,,800000,0.0003,3857445120.0,1124972.875,-1.2979152202606201,6.724264020536197e+17,5828203520.0,790000,,,0.0,0.0,40000.0,-33288.76034933409,5023.204959556446,0.0,0.0
,,,,,,,20,39281,800000,0.0003,3653466880.0,1125104.875,2.0159053802490234,4.06747614118989e+18,18719031296.0,790001,40000.0,-376429544941.3007,,,,,,,
-0.6177198104858406,-0.04346218001921497,-0.04179912740004602,-0.9680073989781441,0.0,1127.2514549514049,132.96204180743337,20,39358,802000,0.0003,3604486144.0,1133777.75,0.17243358492851257,2.7263799559979008e+17,4357423616.0,792001,40000.0,-376429544941.3007,,,,,,,
-3.0803115558624232,-0.12419558404289348,-0.09633927624614792,-0.9557834389081736,0.0,1105.9205634217424,33.082398281142424,20,39434,804000,0.0003,2673932032.0,1138711.5,-1.5218335390090942,1.1569622098389238e+18,8486984704.0,794001,40000.0,-376429544941.3007,,,,,,,
-3.074981393814086,-0.21965441563333377,0.014379273349856529,-0.9325481160683133,0.0,1060.634224433012,34.80411662529225,20,39516,806000,0.0003,3435943936.0,1140455.75,0.7366921901702881,7.395879257886425e+18,20093065216.0,796001,40000.0,-376429544941.3007,,,,,,,
-2.44443718528747,-0.11482313793313087,0.057696836657374136,-0.948032415904184,0.0,1086.0282796358674,110.47980260249086,20,39599,808000,0.0003,2331812352.0,1134631.25,0.6019867658615112,2.150583308717654e+18,14797634560.0,798001,40000.0,-376429544941.3007,,,,,,,
-3.924752904891968,-0.17029670464406263,-0.10275309464437125,-0.9333340005970575,0.0,1059.761749591034,-9.078055627366762,20,39681,810000,0.0003,4885140480.0,1139657.75,-0.5860165357589722,4.318797011508789e+18,11960825856.0,800001,40000.0,-376429544941.3007,,,,,,,
-2.8311429004669217,-0.2250920781346806,0.0685741601271162,-0.9144897389820975,0.0,1023.3229675239304,60.224168457588306,20,39764,812000,0.0003,5838690816.0,1134839.0,2.6763720512390137,1.073895535725563e+19,29649590272.0,802001,40000.0,-376429544941.3007,,,,,,,
-2.572383377075194,-0.09590303770270765,0.021061165994691523,-0.9338955837972693,0.0,1052.9339446599795,103.20450802510668,20,39846,814000,0.0003,2113216256.0,1133560.5,-1.520197868347168,1.155764017042555e+18,12386387968.0,804001,40000.0,-376429544941.3007,,,,,,,
-4.572502582550046,-0.2090103565551669,-0.10992523383518775,-0.9040513264939033,0.0,1000.6896388461722,-38.79702851660763,20,39923,816000,0.0003,3008961280.0,1141916.25,0.2483651340007782,2.608487158171828e+18,10613976064.0,806001,40000.0,-376429544941.3007,,,,,,,
-2.301202369689936,-0.20877641723576815,0.1212945103864813,-0.8925388886748491,0.0,977.5542909413817,89.44761449767667,20,40000,818000,0.0003,2942922752.0,1138841.75,-0.18726885318756104,2.2836187181204111e+18,16116840448.0,808001,40000.0,-376429544941.3007,,,,,,,
-2.726652565002444,-0.0835694801176369,-0.03557937708988021,-0.9098771347963315,0.0,1000.5632588965675,82.24881316585353,20,40077,820000,0.0003,4277401344.0,1136371.375,-1.4313983917236328,8.206907346958418e+17,7217182720.0,810001,40000.0,-376429544941.3007,,,,,,,
-4.9806726684570295,-0.25355390214288576,-0.10206142235395353,-0.8607009757106845,0.0,915.7124191235645,-66.05717919672158,20,40154,822000,0.0003,1477104768.0,1133930.25,1.7272288799285889,1.9922060804400087e+18,13737498624.0,812001,40000.0,-376429544941.3007,,,,,,,
-2.0182238464355478,-0.18287369569070733,0.16622785203397347,-0.8574410186687468,0.0,906.0186008771395,104.3084247741316,20,40232,824000,0.0003,3939893504.0,1137709.5,-0.006267547607421875,6.999743910096404e+18,19905857536.0,814001,40000.0,-376429544941.3007,,,,,,,
-3.1286583976745614,-0.08906825266428056,-0.09677246150472507,-0.867933762637681,0.0,914.6730169121513,55.153956626778104,20,40309,826000,0.0003,3100908800.0,1140559.125,-0.5834282636642456,1.0834294835133809e+18,10099892224.0,816001,40000.0,-376429544941.3007,,,,,,,
-5.055102655410769,-0.2991792032075789,-0.07462733450905297,-0.7948469536112185,0.0,793.552817207848,-83.68182326097569,20,40386,828000,0.0003,5365893120.0,1137418.75,0.8046010732650757,2.977611078680183e+18,16908285952.0,818001,40000.0,-376429544941.3007,,,,,,,
-1.6808198776245122,-0.14036953343760683,0.20233163552346559,-0.7965467442939651,0.0,787.7418237348724,105.97690621583563,20,40463,830000,0.0003,3940136960.0,1134011.375,-0.11617530882358551,2.131791692926288e+18,10563079168.0,820001,40000.0,-376429544941.3007,,,,,,,
-3.75783571434021,-0.09761447413243876,-0.1650057019176581,-0.7935169610115851,0.0,774.2207811915189,18.276830016315532,20,40539,832000,0.0003,3156650752.0,1141801.875,1.3113237619400024,1.7410106918856294e+18,14042736640.0,822001,40000.0,-376429544941.3007,,,,,,,
-5.072793582916267,-0.35043341634879743,-0.03618762361647037,-0.6763524195490985,0.0,599.1704535442047,-117.424174720067,20,40616,834000,0.0003,3360366336.0,1130681.0,1.374091625213623,1.641526055170736e+18,10396277760.0,824001,40000.0,-376429544941.3007,,,,,,,
-1.0387212753295931,-0.10039268860090068,0.2318705236900544,-0.6666519265298188,0.0,564.0579100166452,73.52885041268227,20,40693,836000,0.0003,3797952256.0,1128270.375,-0.646064281463623,3.874291948189647e+18,18245574656.0,826001,40000.0,-376429544941.3007,,,,,,,
-4.299633275985715,-0.09444691301337137,-0.22456032504924933,-0.6490190118316569,0.0,534.7130246503812,4.528537119864183,20,40770,838000,0.0003,5010194944.0,1132781.25,0.7980846166610718,9.137748668353348e+18,23341502464.0,828001,40000.0,-376429544941.3007,,,,,,,
-7.044941442489606,-0.4298847490598357,-0.07103008876286125,-0.4238706923062868,0.0,293.98988433048515,-218.92954612800878,20,40847,840000,0.0003,2918723072.0,1133894.625,-1.2545546293258667,1.8784438729215836e+18,13900228608.0,830001,40000.0,-358506002659.4392,,,,,,,
-2.801503578186033,-0.1247330231215458,-0.142436436249939,-0.9515054284663715,0.0,1101.7021478004017,15.716042199137478,20,40924,842000,0.0003,2702327552.0,1134147.625,-2.388706922531128,2.352543116336038e+18,15108630528.0,832001,40000.0,-358506002659.4392,,,,,,,
-2.287803236007687,-0.17991840905231632,0.06674868968246754,-0.9392591752936612,0.0,1072.0945038405428,74.3894316937001,20,41000,844000,0.0003,1684691328.0,1137884.25,0.8189550042152405,2.0104204526267924e+18,11863228416.0,834001,40000.0,-358506002659.4392,,,,,,,
-2.4777653293609636,-0.08958008545643818,-0.012816692096424498,-0.951157426348705,0.0,1090.8463233290893,89.20768021383822,20,41077,846000,0.0003,3071922688.0,1130771.625,-0.39306050539016724,4.641944578423783e+18,24312788992.0,836001,40000.0,-358506002659.4392,,,,,,,
-3.924174337387083,-0.20670846738655968,-0.08183435360348133,-0.9235477931993934,0.0,1040.8401339540749,-18.96496932545641,20,41154,848000,0.0003,3660067840.0,1137493.625,-0.02487066388130188,5.1208695783725466e+17,5259411456.0,838001,40000.0,-358506002659.4392,,,,,,,
-2.283756164550782,-0.17221078270669973,0.11457565821806173,-0.9228959361760566,0.0,1037.9318264179776,97.37741385311448,20,41231,850000,0.0003,4402457088.0,1130846.0,-2.0612998008728027,2.1698738279101235e+18,9415812096.0,840001,40000.0,-358506002659.4392,,,,,,,
-2.779368131637574,-0.09271972516880593,-0.05824659487327753,-0.9330060756134286,0.0,1051.6444060806416,65.26874301883568,20,41309,852000,0.0003,3571056640.0,1136454.875,0.6341736912727356,2.2790165060439245e+17,2608782336.0,842001,40000.0,-358506002659.4392,,,,,,,
-3.9923680515289335,-0.24085841009617676,-0.057716411110936006,-0.8940345024378634,0.0,981.1515013581622,-25.869545524833075,20,41386,854000,0.0003,2005032704.0,1133047.125,0.636856198310852,7.995185662791778e+18,26336176128.0,844001,40000.0,-358506002659.4392,,,,,,,
-2.082733526229856,-0.13910712837908268,0.13622006375101708,-0.9027859656706206,0.0,993.4816887106306,110.75239551296765,20,41463,856000,0.0003,3746237952.0,1136550.25,-2.8125481605529785,2.040487147844141e+18,12431796224.0,846001,40000.0,-358506002659.4392,,,,,,,
-3.481673780441287,-0.11411899700485378,-0.11962338640490922,-0.9015213659947923,0.0,987.9876067946559,12.248601401983414,20,41540,858000,0.0003,2084837888.0,1129502.0,-1.4227471351623535,1.1059506427461632e+18,10910196736.0,848001,40000.0,-358506002659.4392,,,,,,,
-3.8177288608551097,-0.2768760308714011,-0.004111367515852321,-0.8491675002559246,0.0,894.0460383139606,-19.082815918907606,20,41617,860000,0.0003,2784281088.0,1135838.375,0.8096956610679626,7.497169567572034e+18,27133388800.0,850001,40000.0,-358506002659.4392,,,,,,,
-2.006865514755253,-0.09919024722276135,0.13711254595687805,-0.8672556184673815,0.0,917.1065037559661,121.02223044172118,20,41694,862000,0.0003,3473268992.0,1133873.0,-1.7709429264068604,1.8960232771433267e+18,11032326144.0,852001,40000.0,-358506002659.4392,,,,,,,
-4.446254377365103,-0.1428305183422319,-0.17001320895715405,-0.849501624050438,0.0,886.7758646198381,-43.355445753702654,20,41772,864000,0.0003,3084754688.0,1133124.875,-1.523632526397705,4.54560811837712e+18,23049216000.0,854001,40000.0,-358506002659.4392,,,,,,,
-3.0502673969268748,-0.2899642891396751,0.07210348025346174,-0.7835844105837905,0.0,773.5321398956863,0.3400090838070755,20,41850,866000,0.0003,2938280960.0,1135704.0,-0.2548922598361969,2.5799661014252257e+18,14111541248.0,856001,40000.0,-358506002659.4392,,,,,,,
-1.5839562110900889,-0.04468576988673988,0.1044558502540139,-0.801600659038275,0.0,783.7855766674585,113.23748279315137,20,41927,868000,0.0003,3924350208.0,1125337.75,-1.3504509925842285,4.517828407345545e+18,19161552896.0,858001,40000.0,-358506002659.4392,,,,,,,
-6.256118684768677,-0.18836947128827594,-0.2306009982471978,-0.7516173270762544,0.0,714.8968146297933,-142.89415583692096,20,42005,870000,0.0003,2668419584.0,1134717.75,2.1239984035491943,1.0567997242055066e+18,9086640128.0,860001,40000.0,-358506002659.4392,,,,,,,
-2.073322786331176,-0.312646433122955,0.15381169349803378,-0.6472999276572756,0.0,553.6428373243997,-13.663218206015259,20,42082,872000,0.0003,3433273600.0,1126207.375,-2.3887271881103516,5.346518913767178e+17,4661093888.0,862001,40000.0,-358506002659.4392,,,,,,,
-0.7392736587524414,0.002983913741713981,0.08741363443930163,-0.6510241897664939,0.0,524.9372951458389,96.14407069629662,20,42159,874000,0.0003,4786813440.0,1127012.125,-1.5808346271514893,6.797378245248418e+18,28324646912.0,864001,40000.0,-358506002659.4392,,,,,,,
-9.22737173652649,-0.22188810216059007,-0.29688885341808124,-0.5625328830849309,0.0,440.1805157497581,-202.52239217191647,20,42236,876000,0.0003,4029415680.0,1125564.25,-0.3012623190879822,3.001295315056722e+17,4173118720.0,866001,40000.0,-358506002659.4392,,,,,,,
-0.8803962173461839,-0.4088188449906559,0.13887371158851336,-0.3283512499541162,0.0,201.14894821649779,-96.32518561197988,20,42313,878000,0.0003,3843397376.0,1131389.625,-3.1514573097229004,6.895236429387923e+18,24246069248.0,868001,40000.0,-358506002659.4392,,,,,,,
2.9644639568328865,0.0027813346489989816,0.26284489342238926,-0.25581722327048095,0.0,117.40630741632728,21.625297441715897,20,42390,880000,0.0003,2677049600.0,1127048.625,-1.0026919841766357,9.141798375836877e+16,2100435200.0,870001,40000.0,-342211744823.9174,,,,,,,
-0.9194122982025147,-0.05174343847895072,-0.057458695575876774,-0.9935462553498429,0.0,1187.753962892569,103.8383462119956,20,42468,882000,0.0003,4645930496.0,1123959.5,-2.3124046325683594,8.463728799073174e+18,23421171712.0,872001,40000.0,-342211744823.9174,,,,,,,
-2.5006969203948977,-0.12084839258678509,-0.052496568404514894,-0.9858794010930454,0.0,1172.6429998058281,51.913527586510746,20,42545,884000,0.0003,3814423808.0,1117017.0,2.530945062637329,4.0614766559929303e+18,22048915456.0,874001,40000.0,-342211744823.9174,,,,,,,
-2.7551228580474865,-0.17152392685339385,1.6923218148536402e-05,-0.976918831143751,0.0,1155.037927671559,48.55406923418347,20,42622,886000,0.0003,1711052800.0,1116960.5,0.43445885181427,6.107383571528286e+18,26711908352.0,876001,40000.0,-342211744823.9174,,,,,,,
-2.5880181751251228,-0.13397292464891403,0.02379786070491272,-0.9830542243854618,0.0,1166.2198981388776,77.47473232171376,20,42699,888000,0.0003,4465026048.0,1108146.75,-1.2792341709136963,8.12748220038067e+18,29369700352.0,878001,40000.0,-342211744823.9174,,,,,,,
-3.0549033679962156,-0.1554962752013287,-0.04139183637142201,-0.9786062979933241,0.0,1157.9743071015298,34.75444182981972,20,42775,890000,0.0003,5840995840.0,1106760.0,-0.32204675674438477,3.209149810670043e+18,12382617600.0,880001,40000.0,-342211744823.9174,,,,,,,
-2.763444555282589,-0.1776618698576771,0.02495127969120215,-0.9738134615552313,0.0,1148.611885451786,61.075062633049725,20,42856,892000,0.0003,4782374912.0,1104538.25,-0.32716214656829834,6.87137922608844e+18,26506827776.0,882001,40000.0,-342211744823.9174,,,,,,,
-2.801351701736453,-0.1322081398445257,0.005233169798790954,-0.9815053626318943,0.0,1162.3741645267862,64.61739005214697,20,42932,894000,0.0003,3028327680.0,1089377.875,0.926408588886261,7.452520736830259e+17,9473187840.0,884001,40000.0,-342211744823.9174,,,,,,,
-3.3081652374267576,-0.17823793414618166,-0.04243639264681058,-0.9718814315743558,0.0,1144.572899395292,24.073790342362788,20,43008,896000,0.0003,4517286912.0,1073872.375,0.9334380626678467,4.997588211497697e+18,16846412800.0,886001,40000.0,-342211744823.9174,,,,,,,
-2.8504346675872787,-0.17867113032294224,0.04288474300819798,-0.9709124482815914,0.0,1142.398790181787,65.85366543659337,20,43084,898000,0.0003,3756272896.0,1051774.875,0.7030133008956909,9.309933288774697e+18,27757776896.0,888001,40000.0,-342211744823.9174,,,,,,,
-2.9936026821136466,-0.13640904130110879,-0.013539169673713413,-0.978360784972419,0.0,1155.4421765047214,54.85112975434955,,,900000,0.0003,1925888768.0,1060406.25,2.1030004024505615,2.4332074125182894e+18,12473435136.0,890000,,,0.0,0.0,40000.0,-33017.904081898145,5354.159981840354,0.0,0.0
,,,,,,,20,44326,900000,0.0003,1858870784.0,1060401.25,4.280153751373291,1.0506935176611758e+18,10901837824.0,890001,40000.0,-342211744823.9174,,,,,,,
-3.3164992198944097,-0.1928998687741758,-0.026391725281975056,-0.9661351880899132,0.0,1132.6171864375362,22.939238729194713,20,44401,902000,0.0003,4426738688.0,1051672.625,-0.31063276529312134,1.9499822225932943e+18,13420294144.0,892001,40000.0,-342211744823.9174,,,,,,,
-2.6594144535064714,-0.15789975540172493,0.055659912149976135,-0.9715928432670263,0.0,1142.404870488125,77.45576563606433,20,44477,904000,0.0003,2856382720.0,1046484.125,-0.2603972852230072,5.350611158606807e+18,22655619072.0,894001,40000.0,-342211744823.9174,,,,,,,
-3.0608407497405996,-0.133686689890682,-0.038782965649599356,-0.9752510464580583,0.0,1148.4510012395317,44.9213211949925,20,44558,906000,0.0003,5334477824.0,1039302.3125,-1.6009235382080078,9.345602545491378e+18,22337923072.0,896001,40000.0,-342211744823.9174,,,,,,,
-2.987660659790038,-0.1955588386011093,-0.004319935285753838,-0.9618927738841321,0.0,1123.1100543156308,31.695608540343446,20,44640,908000,0.0003,5560915968.0,1030641.1875,-2.379486560821533,2.6732789044955054e+18,12305816576.0,898001,40000.0,-342211744823.9174,,,,,,,
-2.52685531616211,-0.13212407713127455,0.05431589018710251,-0.9719012613847666,0.0,1141.059175743815,87.5008126769752,20,44717,910000,0.0003,4297528320.0,1023465.5625,-0.9380225539207458,7.83678218367402e+17,6040656896.0,900001,40000.0,-342211744823.9174,,,,,,,
-3.152814548492431,-0.14246004613600283,-0.06368827805496208,-0.9688009293114133,0.0,1135.0147997702463,25.071306679364668,20,44793,912000,0.0003,3480047104.0,1023239.1875,1.4598042964935303,1.6582710675059507e+18,11269286912.0,902001,40000.0,-342211744823.9174,,,,,,,
-2.762120445251465,-0.19529093632072983,0.028337982022028304,-0.9566744858874463,0.0,1111.6887169473218,52.473213974871655,20,44870,914000,0.0003,3805595392.0,1015784.6875,1.4321198463439941,3.5971031426819686e+17,4202509824.0,904001,40000.0,-342211744823.9174,,,,,,,
-2.300894905090333,-0.1010034705210173,0.04017111338107294,-0.9705970897352147,0.0,1136.169315956362,90.67046824296074,20,44947,916000,0.0003,1483531136.0,1010473.5625,1.6976548433303833,2.4745290867146752e+17,4469142016.0,906001,40000.0,-342211744823.9174,,,,,,,
-3.3489264926910405,-0.15843166947362805,-0.08312547188978124,-0.9584000382384531,0.0,1113.6778140001118,6.6608504619993685,20,45024,918000,0.0003,5120788992.0,1004553.8125,-1.2460302114486694,1.4776468707076997e+18,9243029504.0,908001,40000.0,-342211744823.9174,,,,,,,
-2.3115533447265624,-0.18241850542300997,0.09549200089043369,-0.9495560737086696,0.0,1099.404273939185,86.14809813440029,20,45101,920000,0.0003,3657877504.0,1001257.0,-0.5979325771331787,3.3730204739179643e+18,16807251968.0,910001,40000.0,-327334962581.6793,,,,,,,
1.2295280704498286,0.05545757666221492,0.07229517495123208,-0.9868229185831684,0.0,1173.0627990726127,80.71552903272095,20,45178,922000,0.0003,1662156416.0,995422.5625,0.8041723966598511,2.117026626154791e+18,12138361856.0,912001,40000.0,-327334962581.6793,,,,,,,
-0.1268660564422605,0.023648077738933758,-0.13014061657489776,-0.9832414836567555,0.0,1169.2412829454336,93.74023930808492,20,45255,924000,0.0003,2202630400.0,993446.1875,-1.4972198009490967,7.868965576213791e+17,9041641472.0,914001,40000.0,-327334962581.6793,,,,,,,
-2.0137432899475054,-0.14064770360123302,-0.038224502151581255,-0.9708810850549116,0.0,1140.2005598642043,49.46540143958989,20,45332,926000,0.0003,5729188352.0,982443.5625,-0.054253965616226196,2.2590662111553126e+18,14298549248.0,916001,40000.0,-327334962581.6793,,,,,,,
0.027310855865476866,-0.002519725287635948,0.17493537041261825,-0.9740531313492896,0.0,1154.190235031391,86.69932758143898,20,45409,928000,0.0003,2102688896.0,985953.9375,-0.689264714717865,3.070562142424924e+18,16667496448.0,918001,40000.0,-327334962581.6793,,,,,,,
-0.4834420680999755,0.016631956978452073,-0.15229435638389316,-0.9703344031414993,0.0,1141.9228786448984,85.84775730482632,20,45486,930000,0.0003,4460099072.0,978751.5,-1.6200650930404663,1.54498563571712e+18,8892995584.0,920001,40000.0,-327334962581.6793,,,,,,,
-1.7160232505798299,-0.14579433794696503,0.01965962322487399,-0.9552386180882944,0.0,1108.721758715764,72.11125811066036,20,45563,932000,0.0003,2413659136.0,972560.25,1.1892051696777344,3.550719557469471e+17,5855047168.0,922001,40000.0,-327334962581.6793,,,,,,,
1.5599804878234855,0.09720023329113453,0.17039827308290534,-0.9460411821413496,0.0,1096.8706271598799,19.158852606998153,20,45640,934000,0.0003,4380507136.0,967910.6875,-0.2986966073513031,1.861170957566083e+18,11633129472.0,924001,40000.0,-327334962581.6793,,,,,,,
-0.9756252136230472,-1.3000627413088855e-05,-0.22624918588716544,-0.9345192964462354,0.0,1071.666258563995,48.20456478008654,20,45717,936000,0.0003,5178433024.0,958534.625,-0.4529101848602295,2.948282155765072e+18,17975212032.0,926001,40000.0,-327334962581.6793,,,,,,,
-1.2410231704711892,-0.15009012487165885,0.12106917097362609,-0.9107120818334717,0.0,1022.8776809130352,84.32318496776413,20,45794,938000,0.0003,3360673792.0,944973.4375,-0.4407362937927246,4.791334604814418e+17,5693617152.0,928001,40000.0,-327334962581.6793,,,,,,,
2.550152151107787,0.16811058232499468,0.08070836906177123,-0.8790033183770015,0.0,958.8774635252256,-31.98829464656163,20,45871,940000,0.0003,4246232832.0,941862.25,-0.31793737411499023,2.3036692747255808e+18,9484853248.0,930001,40000.0,-327334962581.6793,,,,,,,
-3.1897759265899657,-0.08791581575354082,-0.26621953791436587,-0.8469422062436968,0.0,896.7263780237489,-70.94959329808361,20,45948,942000,0.0003,2830123008.0,941516.4375,0.6497361660003662,1.0537647972349379e+18,8032486912.0,932001,40000.0,-327334962581.6793,,,,,,,
-0.01755279350280716,-0.13967114636730538,0.25484950502555465,-0.7982647833762736,0.0,812.6034082088551,40.36265374994969,20,46025,944000,0.0003,2661587968.0,930583.875,-0.7050513029098511,6.069208527811903e+18,15054676992.0,934001,40000.0,-327334962581.6793,,,,,,,
3.228788000106815,0.20354139887992678,-0.05789882224596206,-0.7199025183487006,0.0,674.4524766830824,-68.54327835451886,20,46102,946000,0.0003,2480443648.0,931941.8125,-0.8857667446136475,5.40725854742564e+18,22196058112.0,936001,40000.0,-327334962581.6793,,,,,,,
-7.8542119140625,-0.22144347852693483,-0.28178437020037767,-0.6153486911704049,0.0,515.090830776495,-222.19500848345217,20,46179,948000,0.0003,4252589568.0,928049.125,-0.5652071833610535,2.548801543847543e+18,12493362176.0,938001,40000.0,-327334962581.6793,,,,,,,
1.2786317710876451,-0.19451244709313067,0.3143393911545023,-0.5081798798735776,0.0,369.58518748022414,55.094369494576355,20,46256,950000,0.0003,3296071680.0,920793.625,-1.3495876789093018,1.7865318476650906e+17,2911741696.0,940001,40000.0,-327334962581.6793,,,,,,,
5.5831688728332605,0.2064729879772769,-0.046338159748496574,-0.3498416408200237,0.0,222.08585010245412,-107.03649090860877,20,46333,952000,0.0003,3251297024.0,918650.8125,-0.9078409671783447,7.862119054746583e+17,10131203072.0,942001,40000.0,-327334962581.6793,,,,,,,
-15.47083849525452,-0.2924337504086777,-0.39245712404699135,-0.17610338756054697,0.0,158.37148788753595,21.571416469864424,20,46410,954000,0.0003,4286125312.0,923844.9375,0.6518936157226562,9.621773478109643e+18,22829549568.0,944001,40000.0,-327334962581.6793,,,,,,,
-33.92501822662359,-0.6512790034908115,-0.10198560271816655,0.3624991175011802,0.0,351.9217161260928,349.6865115940409,20,46487,956000,0.0003,3443622400.0,917725.25,-0.28930675983428955,1.5090037741007667e+17,2378624512.0,946001,40000.0,-327334962581.6793,,,,,,,
-31.996450603485098,-0.6872162403837371,-0.04953119585047838,0.25390413548493335,0.0,285.34409728167174,-10.865279679603708,20,46564,958000,0.0003,4905973760.0,917272.875,-0.9548509120941162,1.0122668919404626e+18,10131530752.0,948001,40000.0,-327334962581.6793,,,,,,,
-26.387296577453576,-0.47150157513263574,-0.3652843649896236,0.5739930050630824,0.0,869.5275688135399,366.08263723550004,20,46641,960000,0.0003,6540159488.0,921617.6875,0.05157218128442764,2.325540278988964e+17,3397941248.0,950001,40000.0,-313697355252.4882,,,,,,,
3.9653772735595685,0.19382205728355456,0.20305138502353956,-0.9387181001901137,0.0,1092.5223437002087,-50.75669888056118,20,46718,962000,0.0003,2014534528.0,915750.3125,1.8004070520401,1.3879526978433843e+18,11043145728.0,952001,40000.0,-313697355252.4882,,,,,,,
2.943970563888549,0.21767570752230267,-0.11699841848670434,-0.9273535457937417,0.0,1053.6454681194036,99.84501011610082,20,46795,964000,0.0003,4231050240.0,918360.875,-1.9232494831085205,9.358735112373535e+18,29637234688.0,954001,40000.0,-313697355252.4882,,,,,,,
3.4481713943481447,0.14115729222813056,0.05943058158411371,-0.9389823759789127,0.0,1068.1182611387953,51.80763865874975,20,46871,966000,0.0003,2179607296.0,917579.125,0.9286164045333862,6.091128116745339e+17,6838995968.0,956001,40000.0,-313697355252.4882,,,,,,,
5.205508207321165,0.29334424392597924,0.055466152037279566,-0.889724026811244,0.0,982.3530700195362,-36.914060389696004,20,46949,968000,0.0003,2506017280.0,918451.125,1.2514889240264893,6.687155503098757e+17,6883399168.0,958001,40000.0,-313697355252.4882,,,,,,,
1.9383513851165817,0.1448260467278749,-0.1664851443955777,-0.9039774801620611,0.0,1002.0278086862552,125.4704072667503,20,47026,970000,0.0003,4239509248.0,915426.375,1.7750020027160645,3.152143156426834e+18,16364517376.0,960001,40000.0,-313697355252.4882,,,,,,,
3.776927728652954,0.13369208872233548,0.14368865671411768,-0.8972137775658222,0.0,982.3494949322621,16.791674306510707,20,47103,972000,0.0003,2467929344.0,921534.1875,0.33744269609451294,1.6154290092465193e+18,14689357824.0,962001,40000.0,-313697355252.4882,,,,,,,
4.5375540332794175,0.3130811454938355,-0.052474278443749016,-0.8220769144542781,0.0,861.0466181723519,-13.972357081277766,20,47180,974000,0.0003,1705699328.0,929767.75,-0.11269235610961914,4.956749600863027e+17,7069973504.0,964001,40000.0,-313697355252.4882,,,,,,,
-1.996595300674435,-0.06355032187453358,-0.24906180717030688,-0.8129262977136223,0.0,833.9017583795504,-0.3416813965031484,20,47257,976000,0.0003,3738199552.0,917800.5625,-2.487545967102051,5.759378245732532e+18,17545797632.0,966001,40000.0,-313697355252.4882,,,,,,,
3.6086738700866694,0.052469877621186614,0.3400039188286283,-0.7621110218679714,0.0,751.1161323900375,-65.98150081114332,20,47334,978000,0.0003,2662521600.0,918023.75,0.802980899810791,2.644606390022177e+18,17860175872.0,968001,40000.0,-313697355252.4882,,,,,,,
3.1792888832092285,0.2577315008797679,-0.25685035322581207,-0.6089786246150132,0.0,540.1215474604478,-41.66626146332293,20,47411,980000,0.0003,2820850688.0,916662.5,2.177657127380371,1.4398508286494114e+19,32563208192.0,970001,40000.0,-313697355252.4882,,,,,,,
-10.189061597824086,-0.3055159355028963,-0.20902575128640974,-0.4405138314609475,0.0,310.00861066552784,-237.6565917499817,20,47488,982000,0.0003,2299440640.0,910731.125,-1.7458224296569824,4.931159017482355e+18,21242658816.0,972001,40000.0,-313697355252.4882,,,,,,,
3.2113889026641846,-0.17195777644807556,0.34170319353020695,-0.326234933135114,0.0,196.477713999981,93.78613792829714,20,47565,984000,0.0003,5229940736.0,915192.4375,-1.2480237483978271,1.71914992682428e+18,9410729984.0,974001,40000.0,-313697355252.4882,,,,,,,
10.200087245941166,0.26716440547630527,-0.0655993734399474,-0.01816903154761551,0.0,112.81399497109454,-61.01484305235933,20,47642,986000,0.0003,1949559808.0,918041.25,1.1041736602783203,1.22580514111488e+17,2509932544.0,976001,40000.0,-313697355252.4882,,,,,,,
2.5961045150756816,-0.13286790342707397,-0.14732297402340058,0.01336688889071666,0.0,24.387364595855164,78.93930414482367,20,47718,988000,0.0003,3256868864.0,920785.75,-0.8646800518035889,4.468424051374686e+18,22465132544.0,978001,40000.0,-313697355252.4882,,,,,,,
11.879595849990844,0.06472274743188068,0.3904401517922787,0.134129393789327,0.0,135.96979532613452,476.419034576431,20,47795,990000,0.0003,4159164928.0,917639.5,0.7714179754257202,3.3173038216920433e+18,19058831360.0,980001,40000.0,-313697355252.4882,,,,,,,
9.372330226898193,0.20902719818783427,-0.1575860813478877,0.434611761054597,0.0,280.6182719572126,23.898885712527356,20,47871,992000,0.0003,2772911104.0,919836.0625,-0.030900955200195312,1.529405830829441e+18,13031336960.0,982001,40000.0,-313697355252.4882,,,,,,,
25.195656383514418,0.2906622921183657,0.024670392915381086,0.7859347673357008,0.0,838.5604339356908,469.97330621479847,20,47946,994000,0.0003,3258182144.0,924523.5625,1.8717195987701416,5.832897090723774e+18,17889435648.0,984001,40000.0,-313697355252.4882,,,,,,,
31.903503559112583,0.30036664047681977,0.0275429766849697,1.0369304052655945,0.0,1368.660573124015,600.3304121616211,20,48021,996000,0.0003,2398352896.0,922587.625,-0.2848108410835266,1.2007041908778992e+19,29252163584.0,986001,40000.0,-313697355252.4882,,,,,,,
34.53786887550354,0.29915437624307784,0.014643158330914017,1.1942110326928002,0.0,1759.3992597998313,460.252822981639,20,48096,998000,0.0003,3478608128.0,918850.625,-2.911574125289917,9.438562405329142e+17,8734159872.0,988001,40000.0,-313697355252.4882,,,,,,,
36.96439484024046,0.3014101123159478,0.01904679461934029,1.2975246946877994,0.0,2059.514695013784,461.57651608091703,,,1000000,0.0003,2738295552.0,914619.1875,1.7561144828796387,4.867733139478282e+18,21323134976.0,990000,,,0.0,0.0,40000.0,-33658.55938088248,3751.2689116013917,0.0,0.0
,,,,,,,20,49303,1000000,0.0003,1572335488.0,914722.125,0.3665663003921509,6.472649288554906e+16,2118549504.0,990001,40000.0,-301150761331.446,,,,,,,
