rollout/acrobot_xk_applied_torque,rollout/acrobot_xk_elbow_norm,rollout/acrobot_xk_elbow_rate_norm,rollout/acrobot_xk_energy_error_norm,rollout/acrobot_xk_homoclinic_capture,rollout/acrobot_xk_lyapunov,rollout/acrobot_xk_lyapunov_rate,time/fps,time/time_elapsed,time/total_timesteps,train/learning_rate,train/actor_loss,train/alpha,train/alpha_loss,train/critic_loss,train/fraction,train/n_updates,rollout/ep_len_mean,rollout/ep_rew_mean,eval/best_strict_capture_mean_max_duration,eval/best_strict_capture_success_rate,eval/mean_ep_length,eval/mean_reward,eval/std_reward,eval/strict_capture_mean_max_duration,eval/strict_capture_success_rate
0.16444204149208963,0.05720172041100774,0.055611130896396375,-0.9795063632537645,0.0,1248.9239109804373,421.0740785193409,2140,0,2000,0.0003,,,,,,,,,,,,,,,
-0.865974239045287,-0.20084783676960927,0.15341664067191527,-0.8946539950015402,0.0,1358.8021318791946,-45.816956280913395,2141,1,4000,0.0003,,,,,,,,,,,,,,,
1.1113113708785691,0.12286296867520968,-0.4457699493025721,-0.8812854662124706,0.0,1224.5006747221717,-55.976424411461686,2153,2,6000,0.0003,,,,,,,,,,,,,,,
1.1824752173707829,0.32970008108385757,0.5815790581927426,-0.8194392652343152,0.0,1189.9162667322976,-9.324105258919257,2164,3,8000,0.0003,,,,,,,,,,,,,,,
-0.2839860376138239,-0.22386498792373405,-0.5319198314753583,-0.812795296106054,0.0,1265.7804121781028,344.6025690101646,1211,8,10000,0.0003,0.06466002762317657,1.0,-0.0,64844844.0,67.56505584716797,1,,,,,,,,,
-5.2063173942565975,-0.23950908595515275,-0.02110785780393923,-0.9415161376647442,0.0,1100.7204106742317,-196.5687680897269,160,74,12000,0.0003,2381.668212890625,1.8337565660476685,-1.1662943363189697,29569964.0,8728.212890625,2001,,,,,,,,,
-3.756284381866448,-0.20620259435084706,0.20737102688840844,-0.9514008793809039,0.0,1126.5481201253176,135.89616587521257,97,143,14000,0.0003,1571.8463134765625,2.5633342266082764,-1.167233943939209,10883855.0,14205.5869140625,4001,,,,,,,,,
5.380133693695075,0.23673499145849353,0.731641197964349,-0.727431373548216,0.0,1115.1285964315548,-582.6880582725141,75,212,16000,0.0003,6123.8984375,4.836655139923096,-4.512700080871582,14317116.0,24283.861328125,6001,,,,,,,,,
-7.212623815536487,0.02515072436127103,-0.8393743983123696,-0.5769136584742053,0.0,1650.6392170461559,786.3096655721513,63,282,18000,0.0003,-19092.392578125,9.537750244140625,-4.854074954986572,8946079.0,13328.646484375,8001,,,,,,,,,
15.689071697235107,0.04210189545860286,-0.49578767724340606,0.022130024695152236,0.0,1821.8189196641172,7626.739448196849,56,351,20000,0.0003,-86671.328125,17.480310440063477,-15.308547019958496,149297584.0,52897.5703125,10001,,,,,,,,,
-6.17797400856018,0.13953508661865938,1.8220919978106798,2.6478882600051863,0.0,28313.194321295898,-6157.693325080089,52,420,22000,0.0003,-149332.828125,30.134490966796875,-11.36565113067627,14633622528.0,149589.640625,12001,,,,,,,,,
-3.9829237880706825,-0.3107407968619394,1.1469722105039437,-0.12781812927062045,0.0,3666.5849051627442,1650.8483203706032,48,490,24000,0.0003,-280134.25,52.50776672363281,-12.72188949584961,2167017984.0,93490.3984375,14001,,,,,,,,,
10.362351234436039,-0.13168230024509292,1.532578545239675,0.7035074416342763,0.0,9553.722022979522,37918.734404776995,46,559,26000,0.0003,-473159.53125,94.28111267089844,-12.552897453308105,3860637696.0,307874.0625,16001,,,,,,,,,
-13.316015884399416,-0.06727320949405832,4.2436306886233,2.53605091867761,0.0,46871.60490355438,3179.391990824139,44,629,28000,0.0003,-301018.3125,170.4096221923828,-11.822161674499512,5638967296.0,160115.421875,18001,,,,,,,,,
54.18479743194576,0.5486309612261568,0.5051760212374439,0.769499994734167,0.0,49412.48313639264,4609.638801659326,42,698,30000,0.0003,-41692.64453125,302.502197265625,-13.101513862609863,4260283392.0,280918.4375,20001,,,,,,,,,
61.54669804000854,0.6213311349252608,0.1247202395800618,0.9028030184814089,0.0,49507.78578134886,3201.879172498257,41,768,32000,0.0003,76785.5,558.5252075195312,-19.7469425201416,8454647808.0,356503.25,22001,,,,,,,,,
-29.279490386962884,0.08500091077511852,-10.469505506619845,18.61789185496584,0.0,653757.5379391179,446722.7396108525,40,836,34000,0.0003,7399.6796875,1013.5865478515625,-15.58551025390625,187914387456.0,3776213.5,24001,,,,,,,,,
50.55800137138367,0.08558558164824234,-3.834147384817668,7.821544250555922,0.0,145098.6114767733,-463732.5427823791,39,906,36000,0.0003,425378.0,1601.6351318359375,-11.367391586303711,322705358848.0,4917490.0,26001,,,,,,,,,
52.61338290023802,0.31060972949533383,0.1269742836569364,2.074502843927395,0.0,25376.172539033654,-8436.60271379345,38,975,38000,0.0003,1050704.25,2717.588623046875,-11.111345291137695,772638769152.0,2952301.0,28001,,,,,,,,,
-10.361333959579463,-0.039980206067329986,-0.42828308128503995,2.1657039827587674,0.0,28044.76801005125,9327.428467804652,38,1045,40000,0.0003,-94299.9453125,4718.591796875,-9.32404613494873,505548570624.0,5644979.5,30001,40000.0,-2127435329.129726,,,,,,,
3.469726690292362,-0.31215766793849575,-1.5551915678455797,0.39600380586626527,0.0,4793.710988045814,1081.0696650358984,37,1116,42000,0.0003,-1085683.625,7987.513671875,-9.43314266204834,792993792000.0,11953784.0,32001,40000.0,-2127435329.129726,,,,,,,
-21.51013246536254,-0.2915075211306641,-0.13277849832470992,0.2739168232886582,0.0,2232.6518317146956,-64.55136647747018,37,1186,44000,0.0003,-1726112.125,12931.8828125,-2.8937859535217285,743828815872.0,11342893.0,34001,40000.0,-2127435329.129726,,,,,,,
-42.25452865219119,-0.6798706806345706,-0.21017941321909675,0.3394147506477426,0.0,2555.588091816749,1155.1017420284736,36,1256,46000,0.0003,-2161950.0,18312.306640625,-1.5847375392913818,1652986347520.0,21799332.0,36001,40000.0,-2127435329.129726,,,,,,,
-7.311988922119143,0.11626415552178486,-2.4624085039611363,0.8987447133640795,0.0,12661.754899785763,29269.475531083503,36,1326,48000,0.0003,-1629563.0,20971.388671875,-0.520980179309845,628906393600.0,5210361.0,38001,40000.0,-2127435329.129726,,,,,,,
-19.024764720916732,-0.01876904507499349,-9.131652806265066,11.449653491585043,0.0,267362.0715956798,350774.2090434255,35,1396,50000,0.0003,-2009777.0,19244.8515625,1.385622501373291,1534914723840.0,18610940.0,40001,40000.0,-2127435329.129726,,,,,,,
24.58472819328313,0.08336349323626649,-4.270526767216901,2.9959349676020337,0.0,209530.89040190593,-178180.00007335003,35,1467,52000,0.0003,-2181508.0,15421.3173828125,0.8671987056732178,1549756792832.0,14947277.0,42001,40000.0,-2127435329.129726,,,,,,,
14.747010217666627,0.5009511403653859,0.45523916734810643,-0.22665376161605852,0.0,196619.5276742366,-10344.719139884399,35,1537,54000,0.0003,-590388.1875,11568.2548828125,-0.9377641677856445,1997930364928.0,12767330.0,44001,40000.0,-2127435329.129726,,,,,,,
-2.1668985633850086,0.2446439776525871,-1.0423309386671757,0.20795501452601162,0.0,201172.02078157928,24471.14195643026,34,1607,56000,0.0003,308996.8125,8481.5341796875,0.9842488169670105,5981935239168.0,14188207.0,46001,40000.0,-2127435329.129726,,,,,,,
-26.418485364913916,-0.4332065814311888,-0.5323354541263557,0.16590266413233465,0.0,217229.59994288796,17928.744910141766,34,1677,58000,0.0003,1495769.625,6960.30517578125,0.8392277359962463,15476263485440.0,6230691.0,48001,40000.0,-2127435329.129726,,,,,,,
-13.242429361343385,-0.006937429539838352,-5.840061055301818,3.953346812952172,0.0,337017.3517220217,273286.39663506695,34,1748,60000,0.0003,4476357.5,5703.14013671875,-0.35293498635292053,50870997745664.0,7964703.5,50001,40000.0,-2127435329.129726,,,,,,,
-3.847563507080076,-0.009488117447151122,-7.9280430856355615,8.008030905027342,0.0,636109.6788863222,284326.3501465628,34,1819,62000,0.0003,6544011.0,5213.80322265625,-0.20146998763084412,140219567308800.0,3792282.25,52001,40000.0,-2127435329.129726,,,,,,,
24.83861496543883,0.08101229408251308,-5.394569110108198,4.187060540180639,0.0,884810.6163104001,140138.02761189488,33,1889,64000,0.0003,10333114.0,7548.74267578125,-3.591829538345337,324796063678464.0,3926238.25,54001,40000.0,-2127435329.129726,,,,,,,
4.60879729461671,-0.006441293067478832,3.659274864432476,1.9390668638273962,0.0,853544.3650897093,-170731.66662782515,33,1960,66000,0.0003,17358728.0,9425.513671875,-1.146822452545166,836944841932800.0,3954131.25,56001,40000.0,-2127435329.129726,,,,,,,
25.202443271636955,0.2664994636553604,0.4854626099148674,0.3840316981854679,0.0,748099.0966685128,-20346.57875687239,33,2031,68000,0.0003,17638828.0,10838.2548828125,-0.6192281246185303,1056264930983936.0,7609105.5,58001,40000.0,-2127435329.129726,,,,,,,
23.036095289230385,0.2610406484251732,-0.4036630918033103,0.3354839683777346,0.0,747428.2565489778,16863.3149594974,33,2102,70000,0.0003,27675206.0,11357.625,-3.007418632507324,2096007256997888.0,3362056.0,60001,40000.0,-2127435329.129726,,,,,,,
12.901117706298818,0.3946167611270267,0.448172039298378,0.1930344098256253,0.0,743601.7510491017,-19403.966321434382,33,2173,72000,0.0003,33147164.0,12398.244140625,-1.386966347694397,2840367367979008.0,12477481.0,62001,40000.0,-2127435329.129726,,,,,,,
23.46452644729616,0.16541929437461414,2.655977947998584,0.9005021992734626,0.0,706236.5210692585,-104307.82755468649,32,2245,74000,0.0003,32723068.0,14874.828125,1.30241060256958,2901783252828160.0,3486414.25,64001,40000.0,-2127435329.129726,,,,,,,
17.75066192817688,0.090805070338101,4.4284691522852455,3.150099531899705,0.0,573267.6133372115,-112096.27933223422,32,2318,76000,0.0003,34173232.0,15998.3916015625,-0.025871843099594116,3294271054544896.0,4226490.5,66001,40000.0,-2127435329.129726,,,,,,,
29.75800098991392,-0.038083203919811945,12.80608355194767,23.386941033800756,0.0,1187061.2158107308,2061219.7485330335,32,2391,78000,0.0003,39423424.0,16962.28515625,-0.6935341954231262,3869401266782208.0,6505332.0,68001,40000.0,-2127435329.129726,,,,,,,
-35.931967918396,0.05976215206716485,11.86162602835057,20.62952847150255,0.0,824784.0967562312,-2561038.241541027,32,2464,80000,0.0003,35179552.0,13122.43359375,0.7548339366912842,3483710787682304.0,14875368.0,70001,40000.0,-10427035969.027061,,,,,,,
2.64397367858887,0.1343005933925644,0.1113872759653681,-0.9794120371528775,0.0,1173.7761314730562,105.77529058025078,32,2538,82000,0.0003,39304644.0,15121.5703125,1.0873067378997803,4372651443224576.0,5295948.0,72001,40000.0,-10427035969.027061,,,,,,,
2.772352842330934,0.16835617188264507,-0.0013256956427157988,-0.9749950379668236,0.0,1153.6762698966324,108.87781246473503,32,2612,84000,0.0003,38135324.0,14514.7001953125,-0.2786591053009033,4037488301572096.0,17505372.0,74001,40000.0,-10427035969.027061,,,,,,,
3.0131032924652095,0.15672716868717396,-0.0018922789695861883,-0.977391346974405,0.0,1155.8027637064793,121.00329156181938,31,2687,86000,0.0003,34160672.0,16248.671875,0.13555818796157837,3862765273874432.0,23450956.0,76001,40000.0,-10427035969.027061,,,,,,,
3.2079739913940437,0.17202602632856712,0.033982089864853494,-0.9743111907704546,0.0,1150.42078153954,92.11684413349671,31,2762,88000,0.0003,32258350.0,17366.537109375,0.8096097707748413,3591847595212800.0,13411994.0,78001,40000.0,-10427035969.027061,,,,,,,
3.2885799655914325,0.19990888287239536,-0.025911623018291953,-0.9689326053859092,0.0,1140.2567891123526,100.7491725825924,31,2837,90000,0.0003,33256122.0,17669.75390625,-0.1516706347465515,3920414740840448.0,9849043.0,80001,40000.0,-10427035969.027061,,,,,,,
3.1093686866760253,0.14754280922872684,-0.021453114658660597,-0.9799852666222824,0.0,1160.7208135113974,143.86390756061945,31,2912,92000,0.0003,30123528.0,17829.68359375,0.2527514696121216,3505282529361920.0,13147619.0,82001,40000.0,-10427035969.027061,,,,,,,
2.566521535873413,0.1549284750973538,0.019565991296807004,-0.9789954773286074,0.0,1158.735725992488,118.7819130051883,31,2988,94000,0.0003,28994094.0,18249.091796875,0.3789270520210266,3270138975485952.0,13906016.0,84001,40000.0,-10427035969.027061,,,,,,,
2.7965556812286367,0.15613431829247296,-0.020507371982046347,-0.978849158289027,0.0,1158.2542544337432,138.24180622028942,31,3064,96000,0.0003,27562420.0,18841.833984375,-0.7962704300880432,3139106502606848.0,27091876.0,86001,40000.0,-10427035969.027061,,,,,,,
2.795729043960574,0.13292959030638515,0.0005829647062449569,-0.9830927662913849,0.0,1166.4264845689063,152.48659380340752,31,3139,98000,0.0003,32028372.0,18756.31640625,-2.3666694164276123,3749161241411584.0,17719614.0,88001,40000.0,-10427035969.027061,,,,,,,
2.502699699401857,0.15769054410746425,0.013857354488550896,-0.9789572837536789,0.0,1158.791130551009,124.52004401480771,,,100000,0.0003,29405768.0,18945.205078125,-0.19411125779151917,3559214970568704.0,8370836.5,90000,,,0.0,0.0,40000.0,-38441.14062893684,905.0887870808597,0.0,0.0
,,,,,,,22,4370,100000,0.0003,25809722.0,18946.14453125,1.3572365045547485,3089989525045248.0,12878431.0,90001,40000.0,-10427035969.027061,,,,,,,
2.5841881942748994,0.13950084621972686,-0.03001128853584094,-0.9820189265797652,0.0,1164.6232226692703,165.3081350961981,22,4446,102000,0.0003,25205956.0,20008.978515625,0.6579842567443848,3033396620034048.0,11445275.0,92001,40000.0,-10427035969.027061,,,,,,,
2.3347761306762687,0.10702315639952088,-0.0015243016482208848,-0.9873149983654957,0.0,1175.0911157279388,189.7082394889004,22,4522,104000,0.0003,24988070.0,20647.833984375,0.6995037794113159,2838360812945408.0,12510157.0,94001,40000.0,-10427035969.027061,,,,,,,
1.9579477405548096,0.1270125370894596,0.009984839263689522,-0.9850749409456643,0.0,1170.3696394475419,157.43450862933756,23,4599,106000,0.0003,29563312.0,20416.01953125,-0.571517825126648,3380286901452800.0,18133888.0,96001,40000.0,-10427035969.027061,,,,,,,
2.182116575241088,0.10904702953569599,-0.030581123864510798,-0.9876598821815283,0.0,1175.8420634841816,192.56698925275126,23,4676,108000,0.0003,20788410.0,20497.25390625,1.231123447418213,2351315816546304.0,19631020.0,98001,40000.0,-10427035969.027061,,,,,,,
1.6694448642730708,0.08739259230168904,0.008188788027497495,-0.9907163728041484,0.0,1181.5762443101128,195.9594689832947,23,4753,110000,0.0003,25368628.0,21301.173828125,-0.3634127378463745,3162332880437248.0,17202166.0,100001,40000.0,-10427035969.027061,,,,,,,
1.544756313323975,0.1015345541871398,-0.008472589136882367,-0.9894290062118809,0.0,1179.3138047742207,197.4170283549523,23,4829,112000,0.0003,26979842.0,22493.2890625,-1.6227272748947144,3273380602052608.0,26374670.0,102001,40000.0,-10427035969.027061,,,,,,,
1.665550443649292,0.07410740046099747,-0.009721298973503077,-0.9923632632950318,0.0,1185.026360659731,216.6876061169851,23,4906,114000,0.0003,23857196.0,22437.43359375,1.535578727722168,3004133128798208.0,9398903.0,104001,40000.0,-10427035969.027061,,,,,,,
1.439588735580444,0.07625436107323169,0.013299625557467335,-0.9922963234191388,0.0,1184.871691867146,220.59595077854797,23,4983,116000,0.0003,24067554.0,23063.646484375,2.5351760387420654,2915118589411328.0,22590644.0,106001,40000.0,-10427035969.027061,,,,,,,
1.5631709632873545,0.09322355960807914,0.0005421198562917235,-0.9909394977886411,0.0,1182.44019975422,198.94242697260066,23,5060,118000,0.0003,25535028.0,21928.1875,-0.09314626455307007,3052745179267072.0,10086781.0,108001,40000.0,-10427035969.027061,,,,,,,
1.4316958160400395,0.0711860621352318,-0.008371001319507151,-0.9932441974992028,0.0,1187.9328510991202,235.5129151487513,23,5137,120000,0.0003,22148228.0,21427.33203125,0.33760589361190796,2712264331231232.0,12674359.0,110001,40000.0,-6967568588.232711,,,,,,,
1.615579845428467,0.10184920209613077,0.0551594993676235,-0.9807999958652348,0.0,1193.7776029307126,212.40212404671968,23,5215,122000,0.0003,19225988.0,21682.30859375,-1.4610199928283691,2469228238077952.0,13063380.0,112001,40000.0,-6967568588.232711,,,,,,,
1.3370899333953845,0.0613711071400669,0.005636467565794746,-0.9887087445545812,0.0,1180.7395024863647,252.59984382619075,23,5292,124000,0.0003,15954706.0,22342.287109375,0.714339017868042,2031638716350464.0,8342447.0,114001,40000.0,-6967568588.232711,,,,,,,
1.669772621154785,0.10184215883865533,0.011248427430200535,-0.9848543294317228,0.0,1170.4253591504885,185.93576214587148,23,5370,126000,0.0003,19292404.0,22664.66796875,0.6288979053497314,2405497634291712.0,14393924.0,116001,40000.0,-6967568588.232711,,,,,,,
1.526816997528076,0.08044890969979762,-0.03621057937624724,-0.9869787017408448,0.0,1173.0302548911698,233.18193919535682,23,5448,128000,0.0003,18107840.0,22462.591796875,0.13556018471717834,2313654590504960.0,4674847.0,118001,40000.0,-6967568588.232711,,,,,,,
1.4401113700866672,0.04068701892526248,0.004552735428636244,-0.9905165812945296,0.0,1181.4414322937191,313.3536951773484,23,5525,130000,0.0003,16129672.0,23243.20703125,-1.4603512287139893,2126912633700352.0,19407048.0,120001,40000.0,-6967568588.232711,,,,,,,
0.9382573719024676,0.09272076045625834,0.020606494037290694,-0.986416045433639,0.0,1177.8736095082077,143.75120918820298,23,5603,132000,0.0003,20305450.0,22578.224609375,-1.2670177221298218,2555345553588224.0,10039473.0,122001,40000.0,-6967568588.232711,,,,,,,
1.216828264236447,0.05928979662781802,-0.05027889549788969,-0.9897435205985242,0.0,1179.7255559640016,246.19384641426694,23,5680,134000,0.0003,15005356.0,23712.28515625,1.2180602550506592,2023419088470016.0,19659424.0,124001,40000.0,-6967568588.232711,,,,,,,
0.4955245113372798,0.012228011625681235,0.016864301936696673,-0.9929194751773552,0.0,1187.3490105664553,259.15950837472724,23,5757,136000,0.0003,15897160.0,23793.3359375,-0.8753881454467773,1937670200623104.0,10491041.0,126001,40000.0,-6967568588.232711,,,,,,,
0.5540705986022956,0.05660161681919663,0.011771425352687527,-0.9914262900766786,0.0,1186.7869457293061,243.2936444802322,23,5834,138000,0.0003,14826614.0,22570.38671875,-2.3455324172973633,2040876519915520.0,7761354.0,128001,40000.0,-6967568588.232711,,,,,,,
0.8289663505554212,0.03143356452351669,-0.03362505394813403,-0.9932626576122457,0.0,1187.3288015035955,248.29863829609812,23,5911,140000,0.0003,17014712.0,22675.478515625,-0.2144457846879959,2283273870901248.0,15333527.0,130001,40000.0,-6967568588.232711,,,,,,,
0.041555290222167696,0.039539975342777124,0.0632501569577613,-0.979560611817691,0.0,1281.3930672984973,335.03449347937396,23,5987,142000,0.0003,9270845.0,23415.498046875,-0.8296094536781311,1486425635684352.0,17132768.0,132001,40000.0,-6967568588.232711,,,,,,,
1.518628868103029,0.05789937643933922,-0.04769904508416718,-0.9912846693082509,0.0,1189.5169434659836,198.3772806084331,23,6063,144000,0.0003,16872012.0,22643.474609375,-2.8023433685302734,2110471364673536.0,20414574.0,134001,40000.0,-6967568588.232711,,,,,,,
-0.04496559524536096,0.0016166177652469965,-0.03419490589974014,-0.993921922711189,0.0,1190.0934648596321,215.6862182247512,23,6139,146000,0.0003,14257737.0,22124.40234375,0.7428432703018188,1804217647890432.0,6981913.5,136001,40000.0,-6967568588.232711,,,,,,,
0.4151819858551022,0.05523577756954421,0.08640482102874696,-0.9737213682708452,0.0,1305.8900861865732,273.4894329089241,23,6215,148000,0.0003,13170328.0,22899.859375,0.8804782032966614,1855615253086208.0,8990176.0,138001,40000.0,-6967568588.232711,,,,,,,
0.683444017410278,0.03962703072677551,-0.07753117166709972,-0.991004583864308,0.0,1187.0961790110025,232.9776846281351,23,6292,150000,0.0003,15673048.0,23007.23046875,-1.0827103853225708,2104513439727616.0,9208656.0,140001,40000.0,-6967568588.232711,,,,,,,
-0.11001586341857893,0.004570633051067017,0.010444545386707606,-0.9845032296505635,0.0,1232.3505814062125,305.706687631441,23,6368,152000,0.0003,13945649.0,21539.15625,-0.08469125628471375,1815982100185088.0,5431260.5,142001,40000.0,-6967568588.232711,,,,,,,
0.9434973373413095,0.0685243565985255,0.040168138648061985,-0.9706666252678909,0.0,1294.5845250944071,241.2119763043165,23,6443,154000,0.0003,18679396.0,22979.689453125,-0.8168270587921143,2416650859053056.0,37753376.0,144001,40000.0,-6967568588.232711,,,,,,,
0.2234235916137692,0.026308824775707586,-0.06515389843990717,-0.9885105372701583,0.0,1178.2813336007312,243.99280191039932,23,6519,156000,0.0003,10858776.0,22414.486328125,0.22299394011497498,1535989289844736.0,4063911.5,146001,40000.0,-6967568588.232711,,,,,,,
0.6776903324127191,-0.05173926908611595,0.01477544150299405,-0.9872030473097461,0.0,1187.533608537042,1001.1733127492356,23,6595,158000,0.0003,10670890.0,21443.052734375,-1.398550271987915,1756468214759424.0,16601832.0,148001,40000.0,-6967568588.232711,,,,,,,
-0.7962862834930436,0.05311692397822363,0.03449277705591642,-0.9732975114991358,0.0,1275.881875671673,-496.75185776313293,23,6670,160000,0.0003,14617006.0,22745.6953125,-0.47784197330474854,2023922673385472.0,16624909.0,150001,40000.0,-5238480351.280885,,,,,,,
0.19515112876892055,0.040398857084634594,-0.02379486615817134,-0.9757138518870558,0.0,1248.304186013039,293.14234412328324,24,6746,162000,0.0003,12102006.0,20975.94921875,0.07989435642957687,1802240218103808.0,7602709.5,152001,40000.0,-5238480351.280885,,,,,,,
-0.6424108295440667,-0.06794573179322333,-0.03287276284769705,-0.986174235328307,0.0,1171.1785156772628,211.1988006105037,24,6822,164000,0.0003,10763574.0,20617.826171875,-1.303061842918396,1621237679783936.0,17857186.0,154001,40000.0,-5238480351.280885,,,,,,,
0.3137066955566393,0.10293898231924054,0.12831562785897535,-0.9491840689553467,0.0,1348.4098795196617,226.71898664542118,24,6897,166000,0.0003,12598662.0,21010.765625,1.0184733867645264,1951937008238592.0,7860716.5,156001,40000.0,-5238480351.280885,,,,,,,
0.6724489078521725,0.05071347472947482,-0.10043507872221495,-0.9794374160680852,0.0,1195.3356195952156,235.48931945486422,24,6972,168000,0.0003,10615545.0,20049.30078125,-1.2043588161468506,1591312092495872.0,5259127.5,158001,40000.0,-5238480351.280885,,,,,,,
-0.841063955307006,-0.0692174652996103,-0.020309086036835854,-0.9850946986030306,0.0,1168.726573283861,208.26980605164363,24,7048,170000,0.0003,8804562.0,19338.681640625,-0.6386879682540894,1455585757233152.0,35800476.0,160001,40000.0,-5238480351.280885,,,,,,,
0.572714117050171,0.10266576228215318,0.11012310315816475,-0.9505327786798975,0.0,1340.486852520602,240.19028689370467,24,7123,172000,0.0003,9395334.0,20131.822265625,-2.0858078002929688,1552163599810560.0,7840945.5,162001,40000.0,-5238480351.280885,,,,,,,
0.8429196052551291,0.07526045965770321,-0.08627196803222333,-0.9679043832910085,0.0,1244.5371534633068,243.10467246135272,24,7199,174000,0.0003,9959883.0,19817.7421875,-0.4925723969936371,1501498286538752.0,8778540.0,164001,40000.0,-5238480351.280885,,,,,,,
1.1342123661041257,-0.0473174062180623,0.12855501827098903,-0.9769148633096891,0.0,1248.50441670584,1085.72072371359,24,7274,176000,0.0003,8268577.5,18887.51171875,0.40231335163116455,1358745518997504.0,14225371.0,166001,40000.0,-5238480351.280885,,,,,,,
-1.27226153945923,0.18076101159761007,0.03291419805708677,-0.9264553487349477,0.0,1307.2173169202356,-684.5345039662175,24,7350,178000,0.0003,9023124.0,18987.546875,-1.28782320022583,1448287668273152.0,11961817.0,168001,40000.0,-5238480351.280885,,,,,,,
1.2253340015411387,0.08203181948443165,-0.17102678010703515,-0.9636531339235299,0.0,1219.4471218032224,205.5975928711545,24,7425,180000,0.0003,10963957.0,19675.224609375,0.8832847476005554,1599570911952896.0,5591410.5,170001,40000.0,-5238480351.280885,,,,,,,
-0.8444568881988532,-0.07700441699515241,-0.015972996477427996,-0.9834890716745949,0.0,1164.9439807920596,209.84251722104452,24,7501,182000,0.0003,8265071.0,18847.20703125,-0.6725597381591797,1437584341336064.0,6112236.0,172001,40000.0,-5238480351.280885,,,,,,,
2.085788030624389,0.10739401469135852,0.15811579089088493,-0.945495826843185,0.0,1352.4644911256917,1050.927803730026,24,7577,184000,0.0003,8314560.0,18067.81640625,-0.6707066297531128,1400582392774656.0,10828256.0,174001,40000.0,-5238480351.280885,,,,,,,
-1.0670395240783688,0.07921559681898184,-0.13243399799749325,-0.9673997028399421,0.0,1229.342418872043,-571.3733037752867,24,7652,186000,0.0003,5760031.0,17987.52734375,1.2953755855560303,1148663770382336.0,25191592.0,176001,40000.0,-5238480351.280885,,,,,,,
-0.2824344177246088,-0.015862853456196625,0.24406646445023705,-0.9596054212760347,0.0,1300.2037281342107,147.25364648164947,24,7728,188000,0.0003,8665138.0,18184.220703125,-0.8210828304290771,1494551713808384.0,9005605.0,178001,40000.0,-5238480351.280885,,,,,,,
-3.1263532524108877,0.2611091254590381,0.08477551689240741,-0.8496578335772543,0.0,1340.6858535984231,163.15707659304667,24,7804,190000,0.0003,5428300.0,17882.115234375,-1.9541195631027222,1121037265666048.0,24444972.0,180001,40000.0,-5238480351.280885,,,,,,,
4.005928478240972,0.19441038482069262,-0.27773018748262934,-0.9200627644318234,0.0,1224.5563164903058,204.11535514284745,24,7880,192000,0.0003,10332016.0,18952.2890625,-2.317905902862549,1493615545155584.0,5422053.5,182001,40000.0,-5238480351.280885,,,,,,,
-0.38248887062072384,0.028261899293761352,0.06444337322108142,-0.9554949973623785,0.0,1293.3289659628313,309.3599379142536,24,7955,194000,0.0003,9042913.0,18141.298828125,0.047882258892059326,1411881243770880.0,34853572.0,184001,40000.0,-5238480351.280885,,,,,,,
0.24481626701355186,0.2612097119246155,0.06824799564430015,-0.8608907085895285,0.0,1304.7297349069302,61.42136196604062,24,8030,196000,0.0003,11176711.0,18762.310546875,0.7995907068252563,1671221838086144.0,12561577.0,186001,40000.0,-5238480351.280885,,,,,,,
-0.1015260391235314,0.18339654265657296,0.04143767462448901,-0.8972044549832497,0.0,1321.7995521146609,222.9911529133358,24,8104,198000,0.0003,8005487.0,18615.076171875,-0.5900464057922363,1276121488293888.0,5296548.5,188001,40000.0,-5238480351.280885,,,,,,,
0.533672946929938,0.1010694962919254,-0.06396619447046545,-0.9130378107223391,0.0,1346.1029510454036,274.888475744162,,,200000,0.0003,8860592.0,18438.216796875,-0.19549596309661865,1368361816555520.0,12694764.0,190000,,,0.0,0.0,40000.0,-83200.56541849847,3623.7055195819116,0.0,0.0
,,,,,,,21,9325,200000,0.0003,12095347.0,18439.5,-0.08776336163282394,1738726778601472.0,9534928.0,190001,40000.0,-4201452901.122461,,,,,,,
-1.893923463821414,0.2947261240414424,0.14874851532105274,-0.8089695437304698,0.0,1450.2929060123392,211.50644081778856,21,9399,202000,0.0003,9549749.0,18410.0859375,0.7234404683113098,1498764405637120.0,8400973.0,192001,40000.0,-4201452901.122461,,,,,,,
7.006835973739618,0.3041399573495439,0.2558352100088362,-0.7339272007868148,0.0,1513.9496867957184,1350.8846885928897,21,9474,204000,0.0003,6248145.0,23048.78125,-2.069584608078003,1071462538543104.0,19528342.0,194001,40000.0,-4201452901.122461,,,,,,,
-3.8562028579712107,0.5349792295385932,0.33771725574942096,-0.3416840774649715,0.0,1305.720091290844,-1790.439394810346,21,9549,206000,0.0003,5881790.0,21722.876953125,-0.9844556450843811,998308910727168.0,38209680.0,196001,40000.0,-4201452901.122461,,,,,,,
1.4055271282196058,0.04617116422815067,-0.38663710384966304,-0.4385035054736289,0.0,1503.481794906765,2211.089988315146,21,9625,208000,0.0003,8507411.0,22773.5,-1.125091791152954,1367879974912000.0,5027520.5,198001,40000.0,-4201452901.122461,,,,,,,
-5.061716285705568,0.3717505656175621,0.6452973714255905,-0.11078516368444362,0.0,1146.3888422169377,-1653.2190387061455,21,9700,210000,0.0003,7800617.5,20715.484375,0.7941121459007263,1266752151355392.0,4069614.5,200001,40000.0,-4201452901.122461,,,,,,,
1.8640769004821736,0.13766279516731192,0.20162822474102365,-0.1786906281050989,0.0,1199.9038921361027,2419.544158552753,21,9776,212000,0.0003,5698802.5,17074.107421875,0.018243730068206787,1055447075258368.0,13641716.0,202001,40000.0,-4201452901.122461,,,,,,,
-5.501646900176986,-0.5774556447342785,-0.37788395256040536,-0.7369575376753621,0.0,1473.963203750968,-2384.1813107477815,21,9852,214000,0.0003,8806459.0,22182.798828125,-1.1403275728225708,1452268163432448.0,5996933.0,204001,40000.0,-4201452901.122461,,,,,,,
-12.367001829147338,-0.024816682849117883,-0.3900255512523218,-0.5106616863572082,0.0,781.2065352349138,-563.1133488301768,21,9927,216000,0.0003,10631547.0,18894.087890625,1.799060344696045,1595704501862400.0,6393290.5,206001,40000.0,-4201452901.122461,,,,,,,
7.849904605865505,0.2840306620490396,-0.4941297523408243,-0.6051555965735526,0.0,611.2996262849156,419.8124139130141,21,10003,218000,0.0003,9279880.0,18663.65625,-1.5632861852645874,1191999453528064.0,12883794.0,208001,40000.0,-4201452901.122461,,,,,,,
-13.097286186218263,-0.20529927531523057,-0.9004505978313425,-0.302078437710679,0.0,1333.840523899152,4214.2296232847675,21,10078,220000,0.0003,8027796.0,23484.400390625,1.2057024240493774,382122032365568.0,4759533.5,210001,40000.0,-4201452901.122461,,,,,,,
2.535563940048209,-0.11673743178254467,-1.9723288333293347,1.1125928457652392,0.0,10558.338361023136,797.6737555154183,21,10152,222000,0.0003,12216512.0,19619.556640625,0.9491814374923706,47704654741504.0,10950413.0,212001,40000.0,-4201452901.122461,,,,,,,
-39.235506259918246,-0.45051895686708365,-0.03946386937558848,0.6968858910832645,0.0,6876.9657345641,366.1285939989158,21,10227,224000,0.0003,17116950.0,14943.3330078125,-0.8873955011367798,7434786570240.0,8391796.0,214001,40000.0,-4201452901.122461,,,,,,,
-26.490818153381404,-0.2953076301924863,0.4696255562842047,0.8637492963594623,0.0,6861.564299804827,429.93417316014126,21,10302,226000,0.0003,20237716.0,19919.68359375,-2.657362699508667,2958832959488.0,7260306.5,216001,40000.0,-4201452901.122461,,,,,,,
18.55621232795717,0.09280500633064645,-0.025886370600622946,0.9900065573568567,0.0,6815.5075281440495,-1140.7967356105744,21,10376,228000,0.0003,19000690.0,26414.271484375,-1.2824854850769043,5199253995520.0,20327060.0,218001,40000.0,-4201452901.122461,,,,,,,
7.055307456970171,-0.03240016711809551,-0.42281486560157994,0.8840601055564098,0.0,6520.674145953072,1223.2235824735178,22,10451,230000,0.0003,21089248.0,27811.33984375,0.8268762230873108,8405971894272.0,27194918.0,220001,40000.0,-4201452901.122461,,,,,,,
-36.23491944694522,-0.34562266148183607,0.03954942581393693,1.039291650581669,0.0,7207.618684523821,574.6387678009768,22,10525,232000,0.0003,23198792.0,29710.48828125,0.6790539026260376,2227373342720.0,5074466.5,222001,40000.0,-4201452901.122461,,,,,,,
-33.44878956794733,-0.27408598465174383,0.1051640529029189,1.3079334177082158,0.0,7748.094678008668,270.9839838141092,22,10599,234000,0.0003,18900162.0,25041.91796875,1.1224470138549805,7464241594368.0,23354104.0,224001,40000.0,-4201452901.122461,,,,,,,
6.564596231460596,0.018212888078868016,-0.12353733237377892,2.425109222822894,0.0,16636.31398466256,1667.1607982507624,22,10673,236000,0.0003,24431558.0,20724.751953125,0.33268412947654724,13441037238272.0,33792368.0,226001,40000.0,-4201452901.122461,,,,,,,
26.413019504547126,0.16965648021068352,0.07772068364110446,1.3035859487684047,0.0,8919.757627856548,-3320.723224404645,22,10747,238000,0.0003,26406058.0,13885.546875,1.7712039947509766,9515160305664.0,27818154.0,228001,40000.0,-4201452901.122461,,,,,,,
6.838636066436773,0.24091183704809233,2.1295295060380033,0.38167343816933585,0.0,5764.82495601955,-4134.092812269487,22,10821,240000,0.0003,14650647.0,15730.634765625,-1.0878005027770996,7431447379968.0,24288056.0,230001,40000.0,-3533404344.480058,,,,,,,
-0.4781280632019049,-0.021604035399721964,-0.02728126399565123,-0.9984734687144874,0.0,1197.5741941568026,226.4866731394102,22,10896,242000,0.0003,27921644.0,17452.30859375,-2.060727596282959,13638345687040.0,23645304.0,232001,40000.0,-3533404344.480058,,,,,,,
-1.207970741271972,-0.07157355720679967,-0.04876623595197396,-0.9956997889947412,0.0,1193.074940131847,185.39948786064627,22,10970,244000,0.0003,20014338.0,19714.498046875,-1.6141743659973145,3346795331584.0,14115911.0,234001,40000.0,-3533404344.480058,,,,,,,
-2.6763281650543203,-0.14294743229841708,-0.03449364861284657,-0.986929306708553,0.0,1176.3711413935944,107.2009484937075,22,11044,246000,0.0003,24358296.0,20692.126953125,0.1928076595067978,13759156322304.0,25434030.0,236001,40000.0,-3533404344.480058,,,,,,,
-2.698228885650633,-0.151166241003862,0.011711977872571581,-0.9855403352998957,0.0,1173.3511306553664,113.98261802971672,22,11119,248000,0.0003,18331568.0,21315.41796875,-0.815747857093811,4656327557120.0,16114769.0,238001,40000.0,-3533404344.480058,,,,,,,
-2.7310079612731917,-0.14828006236899402,-0.011992264151907697,-0.986027366463992,0.0,1174.2666489902115,109.2908089709626,22,11194,250000,0.0003,15119608.0,21349.638671875,1.1962649822235107,41971175391232.0,57664784.0,240001,40000.0,-3533404344.480058,,,,,,,
-3.181540567398075,-0.16939779294525803,-0.004957193475446,-0.9819944158057434,0.0,1166.704631893329,92.4514605912679,22,11270,252000,0.0003,14261996.0,22791.423828125,1.0213449001312256,1793541013504.0,7073644.0,242001,40000.0,-3533404344.480058,,,,,,,
-3.1712693557739273,-0.18019237495344848,-0.0208969460768726,-0.9798017355198032,0.0,1162.914450660336,71.22158374729287,22,11344,254000,0.0003,9851460.0,23874.75390625,0.4692283272743225,4435911639040.0,10755986.0,244001,40000.0,-3533404344.480058,,,,,,,
-4.5965339889526255,-0.2537706555111312,-0.059562876947520785,-0.960575433337373,0.0,1129.9074524487821,-1.41351733883556,22,11419,256000,0.0003,8873117.0,24285.490234375,0.5425682067871094,20130981478400.0,29721920.0,246001,40000.0,-3533404344.480058,,,,,,,
-4.605876594543455,-0.26597863120733667,0.028775075345490217,-0.9574944293405016,0.0,1122.7448439492946,60.69472837882657,22,11493,258000,0.0003,18147086.0,24519.34765625,-0.24695084989070892,19930451804160.0,35846404.0,248001,40000.0,-3533404344.480058,,,,,,,
-5.346469171524038,-0.30887291045825715,-0.08371877546207361,-0.9417856217428171,0.0,1098.8557005180517,-45.53514855464009,22,11568,260000,0.0003,14901633.0,24203.662109375,0.4494074583053589,1619208962048.0,5546405.5,250001,40000.0,-3533404344.480058,,,,,,,
-6.233497344970702,-0.35252185450651263,0.010958546128906475,-0.9275783265478378,0.0,1070.968115501913,26.953008346815878,22,11643,262000,0.0003,8437993.0,23978.302734375,1.2333037853240967,4803651436544.0,10179670.0,252001,40000.0,-3533404344.480058,,,,,,,
-7.312601276397701,-0.38318480155622886,-0.09158523941426061,-0.912813098870175,0.0,1051.577920728276,-77.69799856623312,22,11718,264000,0.0003,13860921.0,24052.34765625,0.03504371643066406,30411530960896.0,54351124.0,254001,40000.0,-3533404344.480058,,,,,,,
-8.549583774566655,-0.6055856794281689,-0.12286173092381943,-0.7930461932976898,0.0,877.743987367447,-151.22232635735043,22,11794,266000,0.0003,15650304.0,26563.619140625,-0.11445140838623047,2740192280576.0,10158362.0,256001,40000.0,-3533404344.480058,,,,,,,
-9.455466367721565,-0.7907661982748294,-0.1665396728896164,-0.6782993677058162,0.0,759.3754503168226,-123.24759538385912,22,11869,268000,0.0003,8733947.0,26498.84375,-1.4428412914276123,20176984604672.0,32657988.0,258001,40000.0,-3533404344.480058,,,,,,,
-4.622170885086061,-0.8326648488413103,-0.06472872539725223,-0.6057690144226137,0.0,710.4821505448633,20.566891233725254,22,11944,270000,0.0003,7760910.5,24140.890625,0.3347107768058777,44728988991488.0,58694308.0,260001,40000.0,-3533404344.480058,,,,,,,
-2.9305619754791286,-0.8028517812264282,-0.0034914210908002005,-0.5942024124965395,0.0,709.6877777161101,-2.8772420944199792,22,12020,272000,0.0003,6166609.0,23241.56640625,-0.14874665439128876,3588451991552.0,12577146.0,262001,40000.0,-3533404344.480058,,,,,,,
-2.3243973159790023,0.975963305335414,-0.07525834824155717,-0.5820813309825261,0.0,733.6629165160696,121.92488225806626,22,12096,274000,0.0003,8419183.0,21988.771484375,-0.8883805274963379,7947888885760.0,22828616.0,264001,40000.0,-3533404344.480058,,,,,,,
11.186519380569454,0.7072340111504906,-0.20999532728313391,-0.7060829164468415,0.0,1128.4607060268486,541.059880253717,22,12171,276000,0.0003,7556227.0,20138.275390625,0.17477178573608398,1251033350144.0,5243759.5,266001,40000.0,-3533404344.480058,,,,,,,
9.916658321380618,0.5437896977651315,-0.019098212688561027,-0.8222988906697587,0.0,1453.4035245593846,59.29001911343621,22,12247,278000,0.0003,4095966.5,19247.8984375,-0.3087174594402313,28195090857984.0,51270712.0,268001,40000.0,-3533404344.480058,,,,,,,
7.112775270462036,0.523936737072545,-0.07142629714564763,-0.8300165989012581,0.0,1489.4062312686337,199.94977992615708,22,12323,280000,0.0003,6078971.0,19066.462890625,1.304170846939087,1654545711104.0,5680559.0,270001,40000.0,-3034929688.8680377,,,,,,,
-1.4103378829956041,-0.06603128962969286,-0.0469336313307247,-0.9803553566896209,0.0,1158.567907249268,163.29170172063925,22,12400,282000,0.0003,5415096.0,18338.29296875,0.1473427414894104,11407464595456.0,21370134.0,272001,40000.0,-3034929688.8680377,,,,,,,
0.09130378532409665,-0.01895181592388589,0.044078981343825346,-0.9801395106857403,0.0,1155.5024995014119,188.74092187159323,22,12476,284000,0.0003,5634398.0,18360.09765625,-1.785534143447876,11115549425664.0,29458360.0,274001,40000.0,-3034929688.8680377,,,,,,,
-0.8943487548828118,-0.024243319022942817,-0.03202108009911736,-0.9791430848031992,0.0,1151.8867736945908,194.84069860386037,22,12553,286000,0.0003,2117385.5,18206.05078125,-0.24608361721038818,33064101085184.0,46777524.0,276001,40000.0,-3034929688.8680377,,,,,,,
-0.6321074619293223,-0.04382645427792207,0.03060846545113555,-0.9768128418159142,0.0,1147.284143022388,211.63752377492136,22,12629,288000,0.0003,2163531.5,17966.525390625,0.13834749162197113,868794302464.0,5838446.0,278001,40000.0,-3034929688.8680377,,,,,,,
0.9243036251068135,0.03781588865306501,0.022220544947097704,-0.9736334751507165,0.0,1140.9196211043038,178.75460911248646,22,12706,290000,0.0003,4340034.0,18060.822265625,1.8871078491210938,3390879301632.0,14656528.0,280001,40000.0,-3034929688.8680377,,,,,,,
-0.9510566558837891,-0.02374155653373269,-0.05013585319659587,-0.9711311760985917,0.0,1134.6423173526673,210.68914610674796,22,12781,292000,0.0003,5908857.0,18019.427734375,-0.5711145401000977,27903228116992.0,48965448.0,282001,40000.0,-3034929688.8680377,,,,,,,
1.138540714263917,0.039178316537476665,0.1173740999077963,-0.9661054185124491,0.0,1127.6164420610662,171.33448256094377,22,12858,294000,0.0003,8609382.0,18641.083984375,0.6139605045318604,2745925894144.0,9950325.0,284001,40000.0,-3034929688.8680377,,,,,,,
1.7778925495147764,0.0969315622308844,-0.05450178931562779,-0.9597543685863624,0.0,1110.7799274209674,176.73819700317006,22,12934,296000,0.0003,7753209.0,19102.9375,-0.13772165775299072,9552533651456.0,27207580.0,286001,40000.0,-3034929688.8680377,,,,,,,
0.4518695316314697,0.03844882185466403,0.04378783567795087,-0.9616139230284191,0.0,1114.9943891861403,235.54506335190467,22,13009,298000,0.0003,10375350.0,19519.98828125,-0.4383780062198639,10663871119360.0,25505124.0,288001,40000.0,-3034929688.8680377,,,,,,,
3.5740898246765136,0.17069601173964843,0.04913121660557181,-0.9419677954463547,0.0,1078.109753718079,62.056057263184584,,,300000,0.0003,5195853.5,21556.767578125,1.035435676574707,753873190912.0,6073885.0,290000,,,0.0,0.0,40000.0,-37949.688061810586,1498.6190067276116,0.0,0.0
,,,,,,,21,14262,300000,0.0003,5135584.5,21555.8203125,0.20274800062179565,5973874311168.0,24480042.0,290001,40000.0,-3034929688.8680377,,,,,,,
2.264845233917239,0.13431001745133714,-0.036302730005135425,-0.9485784061402966,0.0,1087.855995568762,154.1792426044944,21,14337,302000,0.0003,4595836.5,24327.376953125,0.19576413929462433,3052221235200.0,26628022.0,292001,40000.0,-3034929688.8680377,,,,,,,
4.572848333358772,0.25101322204814197,0.11392068388497814,-0.9221856074266658,0.0,1050.563077450257,-19.652294104687854,21,14413,304000,0.0003,4728882.5,24972.68359375,-0.7879610657691956,20845485359104.0,29579882.0,294001,40000.0,-3034929688.8680377,,,,,,,
5.114546909332273,0.25581980037781293,-0.06482777621409891,-0.9243568221159177,0.0,1048.1911649267481,103.29104384031946,21,14489,306000,0.0003,1988602.625,25472.1484375,-1.0773520469665527,1971371376640.0,6585856.0,296001,40000.0,-3034929688.8680377,,,,,,,
11.137155517578137,0.26946830548795103,0.7126386942925647,-0.6380439278320078,0.0,1028.2679536860126,97.20483974601578,21,14565,308000,0.0003,4628837.0,26120.40625,0.5904436111450195,3081495379968.0,21565282.0,298001,40000.0,-3034929688.8680377,,,,,,,
-4.982909103393553,-0.18451840385346222,1.2069877890830258,0.5740981148585803,0.0,3304.3275797919828,3847.25865206919,21,14642,310000,0.0003,-1747833.375,22332.359375,-0.0858602225780487,1906370412544.0,10349283.0,300001,40000.0,-3034929688.8680377,,,,,,,
9.401877601623541,0.5370347249425435,-0.45478667386120597,0.23481108673483136,0.0,2904.4485009986597,-3078.054920940234,21,14718,312000,0.0003,1786957.625,22363.83984375,-0.15910351276397705,740574298112.0,5356381.0,302001,40000.0,-3034929688.8680377,,,,,,,
-20.43922414588926,-0.108939628204888,-0.6746589605395865,-0.01202371792509164,0.0,1466.4531509416793,191.8287499008807,21,14795,314000,0.0003,2194308.0,20487.853515625,-0.4419652819633484,4666781859840.0,14563837.0,304001,40000.0,-3034929688.8680377,,,,,,,
-61.92915496635437,-0.6338047390823582,-0.14658180453047953,0.955575987723474,0.0,2176.9667136677554,2640.022709133806,21,14871,316000,0.0003,3301316.0,18942.765625,1.6037075519561768,2677356101632.0,12105662.0,306001,40000.0,-3034929688.8680377,,,,,,,
-19.898705736160306,-0.24968831819628778,-0.34358085229706276,0.46596183597324137,0.0,1667.0969471560127,-4334.618880108989,21,14947,318000,0.0003,2137746.5,19570.521484375,0.8257653713226318,2128159440896.0,17615992.0,308001,40000.0,-3034929688.8680377,,,,,,,
-3.580248207092284,0.6486104405039483,-0.23175917990722872,-0.15286158080859924,0.0,273.7509837575537,455.2158881548694,21,15023,320000,0.0003,5930071.5,18947.48046875,-1.0575891733169556,17642607869952.0,35188760.0,310001,40000.0,-2662534306.9774723,,,,,,,
-1.4408714752197296,0.5018424053233709,0.30877712581207456,-0.44008982042770395,0.0,976.6810372743794,-335.44558375682436,21,15100,322000,0.0003,-573712.0625,17704.046875,1.6012346744537354,1025610088448.0,4148197.75,312001,40000.0,-2662534306.9774723,,,,,,,
1.101845281600952,0.04658516442517749,-0.21357950990271274,-0.4839739537988917,0.0,450.8197280453823,-334.6087881847381,21,15176,324000,0.0003,5889607.5,15937.3115234375,-0.2021581530570984,4404992802816.0,18784874.0,314001,40000.0,-2662534306.9774723,,,,,,,
9.051797084808346,0.20956603147224198,0.9457702960339055,-0.12699908484214786,0.0,909.3500184463626,1978.821285828949,21,15253,326000,0.0003,1952357.75,16070.2158203125,1.4533665180206299,5361651154944.0,16118050.0,316001,40000.0,-2662534306.9774723,,,,,,,
-34.48139469909665,-0.4707068123307177,-0.2057348541985051,0.03378777725733254,0.0,1149.452735660535,-844.9412948235456,21,15329,328000,0.0003,6131078.0,18143.203125,0.5533919334411621,1736144715776.0,7630430.0,318001,40000.0,-2662534306.9774723,,,,,,,
-31.544666395187388,-0.4274370796571268,-0.37945294337753593,0.5777886201298073,0.0,1339.79209394335,-1160.2225681698962,21,15406,330000,0.0003,7426707.0,16918.599609375,1.5716814994812012,1431088136192.0,7693184.5,320001,40000.0,-2662534306.9774723,,,,,,,
1.0494251384735105,0.5155629540308035,-0.4218519500293545,-0.09027412809031517,0.0,302.9076705870829,-26.83396868301428,21,15482,332000,0.0003,6705496.0,15370.6611328125,-1.5120489597320557,3001078513664.0,11716213.0,322001,40000.0,-2662534306.9774723,,,,,,,
11.938019973754885,0.3010915164374176,0.3449653590868037,-0.004038845345524564,0.0,136.2897541931977,182.61908134049744,21,15558,334000,0.0003,8417766.0,15734.7607421875,-1.2067935466766357,4903704985600.0,15000797.0,324001,40000.0,-2662534306.9774723,,,,,,,
6.074160575866696,0.36642391542433306,-0.20716509456565477,0.05671923430795892,0.0,172.0824114232351,-84.57533429516582,21,15635,336000,0.0003,4523678.5,15083.5322265625,-1.942405343055725,2368030638080.0,9833720.0,326001,40000.0,-2662534306.9774723,,,,,,,
4.528114400863648,0.386508318578636,0.24505886891961212,0.01670953547101233,0.0,170.97090120212127,184.10197110130943,21,15711,338000,0.0003,7300932.0,15363.6416015625,-0.19749316573143005,3444724203520.0,23005752.0,328001,40000.0,-2662534306.9774723,,,,,,,
15.282636779785152,0.33393511701718503,-0.19304003718580606,-0.0017357756262400892,0.0,191.14318052680107,1.9688343970976308,21,15787,340000,0.0003,5844338.5,15319.6171875,-0.2521899342536926,1251670228992.0,5121843.0,330001,40000.0,-2662534306.9774723,,,,,,,
6.067957283020013,0.4460420459314348,-0.11710013598282218,0.09427835634520958,0.0,252.06576494529642,629.1326488456488,21,15863,342000,0.0003,3385144.25,14952.0419921875,1.0283591747283936,721887690752.0,5070184.0,332001,40000.0,-2662534306.9774723,,,,,,,
12.19736254501345,0.33843660551113663,0.2816628761453694,0.06992601441026418,0.0,139.22501360235879,-471.2278256660997,21,15939,344000,0.0003,5320769.0,14868.48828125,0.6401861310005188,1911883825152.0,17088306.0,334001,40000.0,-2662534306.9774723,,,,,,,
5.207176240921022,0.2899969445685003,-0.33624029232176633,0.05063024291618946,0.0,207.3068085893796,33.2929927596715,21,16015,346000,0.0003,4473419.0,15142.3515625,-0.22288775444030762,847225028608.0,3232975.25,336001,40000.0,-2662534306.9774723,,,,,,,
1.4829567584991483,0.3414672820223707,0.36170684455857677,0.008259967446670513,0.0,137.67617655115978,237.53660045320882,21,16091,348000,0.0003,1755602.0,15393.3701171875,-0.37527117133140564,3852387483648.0,14698231.0,338001,40000.0,-2662534306.9774723,,,,,,,
7.624574638366698,0.22648570454624112,-0.28362575981468835,-0.02210437246681891,0.0,192.1526214389412,52.1948896915945,21,16167,350000,0.0003,6796386.0,15372.259765625,-1.4792358875274658,5259726422016.0,20269370.0,340001,40000.0,-2662534306.9774723,,,,,,,
2.733564760208118,0.4324451291006606,0.023381126522142033,0.09001352833182566,0.0,251.11558805976955,305.7195505752568,21,16244,352000,0.0003,4769868.0,15810.9345703125,-0.7504575252532959,1307947827200.0,9304629.0,342001,40000.0,-2662534306.9774723,,,,,,,
10.755731437683112,0.17463794137282784,0.1426924214488608,-0.02536689250978625,0.0,114.23931478132164,296.4905040622427,21,16320,354000,0.0003,2264352.0,15895.4638671875,0.784055233001709,8381599318016.0,20325920.0,344001,40000.0,-2662534306.9774723,,,,,,,
4.893730276107791,0.3825631959095962,-0.1981806850006891,0.09290462482500306,0.0,288.8758908745601,-306.9083482322012,21,16397,356000,0.0003,6782898.0,15771.7490234375,-1.825446367263794,9023152717824.0,26830552.0,346001,40000.0,-2662534306.9774723,,,,,,,
11.377275739669798,0.43835306775482075,0.34351812818747995,0.16952280638242406,0.0,258.9341314071952,883.0877964059908,21,16473,358000,0.0003,7120727.5,15935.1083984375,0.5057855248451233,4359976124416.0,27458118.0,348001,40000.0,-2662534306.9774723,,,,,,,
19.039504339218148,0.34592094011743635,-0.0877029673795187,-0.3149963084078,0.0,347.7122017696111,-346.2267251663943,21,16550,360000,0.0003,7599085.0,15325.6083984375,-0.24849694967269897,665609437184.0,4320612.5,350001,40000.0,-2368530714.1486125,,,,,,,
-7.499811492919915,-0.4060788942550622,-0.4446458320993304,-0.7960233223325431,0.0,922.7414154300221,-398.070273097114,21,16626,362000,0.0003,6993939.5,15403.72265625,0.5974603295326233,2089102475264.0,8122160.0,352001,40000.0,-2368530714.1486125,,,,,,,
1.8082540588378901,-0.1442137277422662,0.49929269793218506,-0.6642435578125945,0.0,738.9531574022302,110.66091266862998,21,16703,364000,0.0003,7856770.0,15548.509765625,2.5019478797912598,1355623694336.0,6069102.5,354001,40000.0,-2368530714.1486125,,,,,,,
-5.801564220428468,-0.2833153327280836,-0.3974009980991505,-0.5901112526888582,0.0,551.5820216775664,-137.58379565059062,21,16780,366000,0.0003,6122930.5,15654.6396484375,0.1911114901304245,2593362804736.0,11739966.0,356001,40000.0,-2368530714.1486125,,,,,,,
-7.939201913833617,-0.3821425558283223,0.42193211379615925,-0.5060783158163433,0.0,569.9131714728345,177.26036289545326,21,16855,368000,0.0003,6287808.5,15518.3486328125,0.4988313913345337,1799468875776.0,9206655.0,358001,40000.0,-2368530714.1486125,,,,,,,
0.07492574119567386,0.06796428117525663,-0.3709943184339366,-0.5982494953445375,0.0,619.7310854041187,49.572575260738034,21,16930,370000,0.0003,7838659.5,15573.544921875,0.18297219276428223,4758057779200.0,16869824.0,360001,40000.0,-2368530714.1486125,,,,,,,
2.5120218181610134,-0.55801824500999,0.06020175605388198,-0.21506751765419618,0.0,265.6816125068352,-328.72067797518946,21,17005,372000,0.0003,6404025.0,15432.380859375,-0.3514438271522522,6446514700288.0,14795644.0,362001,40000.0,-2368530714.1486125,,,,,,,
-4.240427303314207,-0.09524788504973637,0.18892051185648726,-0.19158287845402122,0.0,169.42220301069653,174.84451877971608,21,17080,374000,0.0003,4467804.0,15409.6142578125,1.6174458265304565,1131390697472.0,5573798.0,364001,40000.0,-2368530714.1486125,,,,,,,
-0.28611755752563645,0.32333657036213914,0.4615162400654289,-0.1283213043454538,0.0,172.3821517495087,128.17577471933433,21,17155,376000,0.0003,4827960.0,15175.673828125,-0.40687769651412964,3403097309184.0,21692672.0,366001,40000.0,-2368530714.1486125,,,,,,,
-7.19491155815126,0.28335061585894855,-0.5360182530746822,-0.024216890397765593,0.0,180.33755267216995,101.34527489497515,21,17230,378000,0.0003,6855659.5,15121.1376953125,1.385056734085083,7811380543488.0,31094274.0,368001,40000.0,-2368530714.1486125,,,,,,,
-3.6008615036010636,-0.020078073181865084,0.35953476539296614,0.07649142159520703,0.0,113.33648186805408,189.28262626058068,21,17305,380000,0.0003,4919238.0,14994.052734375,1.1563835144042969,2841273434112.0,22931392.0,370001,40000.0,-2368530714.1486125,,,,,,,
-4.358120374679565,0.1580122838689916,-0.32237052721040077,0.1624275841888402,0.0,155.0710525437373,25.86108171468487,21,17380,382000,0.0003,6948967.5,14601.0966796875,-0.5588678121566772,21397556428800.0,28767816.0,372001,40000.0,-2368530714.1486125,,,,,,,
-0.2374021854400674,0.083591462322821,0.2977440358494577,0.21634621274711355,0.0,128.48030136582557,253.20776386054467,21,17455,384000,0.0003,8165571.5,14694.55078125,0.6595053672790527,1867362074624.0,12418656.0,374001,40000.0,-2368530714.1486125,,,,,,,
-6.950128801345829,-0.02913895228975957,-0.24708162549417392,0.30031124695522693,0.0,211.50642190283057,279.8941476127336,22,17530,386000,0.0003,4558820.0,14900.072265625,0.32611310482025146,931897802752.0,5750197.5,376001,40000.0,-2368530714.1486125,,,,,,,
2.129716861724852,0.13786297044833312,-0.0031204001948561583,0.32783192891221946,0.0,226.39275142499008,188.72436052017235,22,17605,388000,0.0003,8305421.5,14617.2861328125,-0.3548019528388977,2203890745344.0,21585532.0,378001,40000.0,-2368530714.1486125,,,,,,,
-2.5271256141662715,-0.019307416003275,0.17896111691848451,0.384977716619697,0.0,241.1971376335273,358.61001910202754,22,17680,390000,0.0003,9161203.0,14921.9140625,-0.4870684742927551,10292789510144.0,18429960.0,380001,40000.0,-2368530714.1486125,,,,,,,
-9.01827945709228,-0.03518665700173571,-0.24460411063838267,0.4792985348999771,0.0,374.4265961457986,185.04639731850358,22,17755,392000,0.0003,8036538.0,15040.138671875,0.24573592841625214,3306959929344.0,21376058.0,382001,40000.0,-2368530714.1486125,,,,,,,
0.07776152420043968,0.04301277511581769,0.00630737917162922,0.42943133127937344,0.0,306.3475053013574,143.09050151596412,22,17829,394000,0.0003,2456312.0,14977.5458984375,0.946789562702179,640897384448.0,5961412.5,384001,40000.0,-2368530714.1486125,,,,,,,
-6.3587542552948175,-0.048411278757609026,0.2062478132928251,0.45769698875397613,0.0,323.1742622436825,117.28369774032274,22,17903,396000,0.0003,6786374.0,14735.134765625,-1.302848219871521,774158745600.0,2772242.25,386001,40000.0,-2368530714.1486125,,,,,,,
-10.087496490478523,-0.10452692238719229,-0.17206235800025677,0.48003068599412,0.0,363.657380792033,332.40558770720656,22,17977,398000,0.0003,2939356.0,14873.140625,-0.013417482376098633,4569901826048.0,31496014.0,388001,40000.0,-2368530714.1486125,,,,,,,
-0.03126351165771396,0.008548271533366385,-0.08783176010041642,0.3984517506694947,0.0,263.2428148539758,103.01684947486187,,,400000,0.0003,4266632.0,16057.5771484375,-0.7412058115005493,4114365808640.0,14553031.0,390000,,,0.0,0.0,40000.0,-81655.36537764559,84098.85937585744,0.0,0.0
,,,,,,,20,19206,400000,0.0003,6118854.0,16057.8681640625,0.3242649435997009,1169543004160.0,4156434.5,390001,40000.0,-2133180392.6115513,,,,,,,
-1.3378996105194065,-0.5409068626300286,-0.21424371673459403,-0.5686007249989126,0.0,990.6130520391887,-177.05474243921182,20,19279,402000,0.0003,491934.3125,16686.111328125,-1.0081126689910889,292223352832.0,2940487.0,392001,40000.0,-2133180392.6115513,,,,,,,
-3.6680398006439217,-0.03305301681087312,-0.11364348519174025,-0.5886428522051415,0.0,743.5947998980008,-159.26252032027799,20,19355,404000,0.0003,2086660.875,16170.728515625,-0.6527436971664429,3138260828160.0,13352612.0,394001,40000.0,-2133180392.6115513,,,,,,,
1.673363588333134,-0.49224993458668376,0.1900697172913972,-0.00864154869297866,0.0,229.4802023434864,-540.9684263201806,20,19429,406000,0.0003,4319446.5,16144.025390625,0.14608225226402283,12851643154432.0,32053360.0,396001,40000.0,-2133180392.6115513,,,,,,,
4.791384603500371,0.02964461546204853,0.19802349050340745,0.08077123379730003,0.0,73.3961374539263,686.3771441962076,20,19504,408000,0.0003,3373856.5,14914.544921875,0.5256499648094177,745286402048.0,6945513.5,398001,40000.0,-2133180392.6115513,,,,,,,
-13.657029991149894,-0.32001312905593626,-0.14848793376919323,0.4788855452445187,0.0,565.6817372112797,-144.53334384147573,20,19578,410000,0.0003,3366028.5,14567.8828125,-0.7314258217811584,686914338816.0,8686370.0,400001,40000.0,-2133180392.6115513,,,,,,,
-15.656313941955599,-0.2222893220401637,-0.007687067602210774,0.7304832667579081,0.0,973.8259111080911,750.9784941875662,20,19652,412000,0.0003,1426679.375,14852.1064453125,-0.37863224744796753,6525621895168.0,19250650.0,402001,40000.0,-2133180392.6115513,,,,,,,
-17.685672567367526,-0.18240834108944975,-0.04420250163112746,1.0833698111897831,0.0,1728.798861897072,1178.5039823807033,20,19726,414000,0.0003,6292598.5,15079.7353515625,0.47694408893585205,654240907264.0,3931919.0,404001,40000.0,-2133180392.6115513,,,,,,,
-25.9292317943573,-0.20577544962235478,0.04992778586333253,1.465675522787637,0.0,2910.337972158894,869.1096095012203,21,19800,416000,0.0003,6616267.5,15393.4873046875,-0.04720395803451538,951261331456.0,5037966.5,406001,40000.0,-2133180392.6115513,,,,,,,
-33.57757439804082,-0.2082287323663843,0.06766907252046839,1.848963736465669,0.0,4410.336423120931,790.6052149730097,21,19874,418000,0.0003,6005645.5,15536.2509765625,0.25643929839134216,12745803038720.0,33508880.0,408001,40000.0,-2133180392.6115513,,,,,,,
-34.26733081245412,-0.1918650318362728,-0.15721095075108957,2.148547831025919,0.0,5833.740913993888,4057.4201625250425,21,19949,420000,0.0003,8257976.5,14763.9423828125,0.4727190136909485,1224745680896.0,7465699.5,410001,40000.0,-2133180392.6115513,,,,,,,
-34.356164770126355,-0.19993791445289488,-0.0028380915472858664,2.415816536754251,0.0,7205.0649418789035,1288.1195400178647,21,20023,422000,0.0003,5277713.5,14762.6474609375,-0.6389462351799011,5554206408704.0,17560602.0,412001,40000.0,-2133180392.6115513,,,,,,,
-38.65747311019893,-0.19528921506123978,0.12170638801613087,2.6402764661250266,0.0,8576.495861026411,-785.4078630346962,21,20098,424000,0.0003,1840094.125,15657.685546875,-0.6527289152145386,612540416000.0,5523673.0,414001,40000.0,-2133180392.6115513,,,,,,,
-32.49908578300474,-0.1415365822852989,-0.08667786723375225,2.843794256669834,0.0,9944.213009056182,4191.172347662844,21,20172,426000,0.0003,345627.875,15036.4814453125,-1.0113418102264404,8134414303232.0,35149540.0,416001,40000.0,-2133180392.6115513,,,,,,,
-25.350522953033458,-0.12968475159458984,0.05532223062612078,3.0490157825028903,0.0,11343.88948995707,62.12732189989361,21,20246,428000,0.0003,882565.25,15453.8974609375,-0.05615881085395813,602905444352.0,4530447.5,418001,40000.0,-2133180392.6115513,,,,,,,
-28.104743661880494,-0.11290244750065723,0.005591266043245712,3.211128646253991,0.0,12581.711576682661,2419.422881380768,21,20320,430000,0.0003,2316367.5,16856.3203125,-0.429561048746109,6633718022144.0,38627168.0,420001,40000.0,-2133180392.6115513,,,,,,,
-41.29800513648989,-0.16642013124430824,-0.02343983063895173,3.5773060390320337,0.0,15555.134025769517,2327.420924942521,21,20394,432000,0.0003,3211002.5,16222.6748046875,0.512747049331665,420541235200.0,4000646.0,422001,40000.0,-2133180392.6115513,,,,,,,
-23.18121724319458,-0.0859284179450985,0.07271866394150889,3.631691625996014,0.0,16008.307468696616,988.7558434546968,21,20468,434000,0.0003,3017159.5,14759.3251953125,0.4648068845272064,433310793728.0,3663131.5,424001,40000.0,-2133180392.6115513,,,,,,,
-33.63349500274652,-0.12960403629524528,-0.03930639866188647,3.897867772407736,0.0,18420.833016587374,1882.3767828257155,21,20542,436000,0.0003,1127163.5,15858.4580078125,0.9347883462905884,5532394455040.0,18014012.0,426001,40000.0,-2133180392.6115513,,,,,,,
-25.073353103637697,-0.08434188014325988,-0.05188298092149896,4.002548488425187,0.0,19423.267408432468,4473.353199008672,21,20616,438000,0.0003,-159709.1875,15754.8515625,0.0927240252494812,5160232812544.0,19557418.0,428001,40000.0,-2133180392.6115513,,,,,,,
-33.134698989868205,-0.11799188714908151,0.1267268591103222,4.250570784474789,0.0,21840.692094824943,-1661.0039558573274,21,20691,440000,0.0003,4034277.5,17437.6015625,1.3446338176727295,2529105805312.0,9361868.0,430001,40000.0,-1969456478.4983702,,,,,,,
-0.1177541999816951,-0.147212829040091,-0.8361955176655829,-0.4776120226500574,0.0,894.2239833958228,-388.67889290306863,21,20766,442000,0.0003,3388143.25,17083.603515625,0.31724801659584045,15816210776064.0,35958504.0,432001,40000.0,-1969456478.4983702,,,,,,,
-5.953046281814566,-0.2780573721967323,0.7333282586514087,-0.26622201396274264,0.0,606.848229625584,259.55625907925906,21,20841,444000,0.0003,3648107.5,18160.876953125,0.11616617441177368,1065456762880.0,6569327.0,434001,40000.0,-1969456478.4983702,,,,,,,
2.3466760234832735,0.08101846919131298,0.12396413008400381,-0.7355483518185688,0.0,708.0213613758498,46.65284981768882,21,20915,446000,0.0003,-454692.0625,15984.7421875,0.6658175587654114,9698771206144.0,42810000.0,436001,40000.0,-1969456478.4983702,,,,,,,
-8.705288690567022,-0.4117586816959955,-0.5638936089128571,-0.5680080736050169,0.0,596.9045455321661,-295.7020348123184,21,20990,448000,0.0003,830919.375,15852.8173828125,-0.9761446118354797,2450439274496.0,12780109.0,438001,40000.0,-1969456478.4983702,,,,,,,
1.3348238258361789,-0.36864164926102844,0.6452162558543619,-0.31444252573750403,0.0,609.7523885847589,-66.28630835788798,21,21064,450000,0.0003,1044075.3125,15527.3642578125,0.7220103740692139,1110190325760.0,8615931.0,440001,40000.0,-1969456478.4983702,,,,,,,
1.1082287425994883,-0.021400145112486224,-0.3503981850151232,-0.44242574335200496,0.0,360.65506175890346,-35.14210934265331,21,21139,452000,0.0003,2990769.5,14926.5966796875,-0.07854098081588745,541101359104.0,6472834.0,442001,40000.0,-1969456478.4983702,,,,,,,
-9.283284885406495,-0.5022570006242618,-0.040206930428999976,-0.2563390810094602,0.0,331.95048854444843,639.1758540381879,21,21213,454000,0.0003,-882705.625,15150.8017578125,-0.6511274576187134,1342904467456.0,8975759.0,444001,40000.0,-1969456478.4983702,,,,,,,
0.9303194828033475,0.03694001930481863,0.4770778382242181,-0.5885789655204795,0.0,548.5537306768233,-358.6612603387524,21,21288,456000,0.0003,4059859.5,15044.470703125,-0.24327386915683746,976968089600.0,5132418.0,446001,40000.0,-1969456478.4983702,,,,,,,
-0.6593200702667243,-0.11146417535978165,-0.5171630647594491,-0.5458688405265916,0.0,511.0992575120197,63.74495986109819,21,21362,458000,0.0003,145812.9375,15530.63671875,0.18680866062641144,1173960261632.0,9431579.0,448001,40000.0,-1969456478.4983702,,,,,,,
-7.474689470291122,-0.5095252075858216,0.3108777932457901,-0.3282383999205265,0.0,597.8373413996356,162.59964887841323,21,21436,460000,0.0003,757748.375,15051.6748046875,0.45297861099243164,643308453888.0,4335861.0,450001,40000.0,-1969456478.4983702,,,,,,,
2.372078031539911,0.0791807350206384,-0.11192945526575451,-0.5714410634639089,0.0,484.1811768735604,133.8147186504776,21,21511,462000,0.0003,-1190.1875,16058.1591796875,0.9611586928367615,1821686890496.0,9625765.0,452001,40000.0,-1969456478.4983702,,,,,,,
-6.6649584579467716,-0.5111894811135438,-0.4937572368452184,-0.34380267764213424,0.0,388.0088906537735,-255.87503452144765,21,21585,464000,0.0003,-3994556.25,16024.80859375,0.7665259838104248,3608243863552.0,21520376.0,454001,40000.0,-1969456478.4983702,,,,,,,
-1.2603663749694822,-0.23234053662040233,0.7408715031398054,-0.3736344261732333,0.0,548.1574124629078,179.10277770193903,21,21659,466000,0.0003,-2068639.25,15625.6435546875,-2.1557517051696777,2245866291200.0,10523218.0,456001,40000.0,-1969456478.4983702,,,,,,,
-0.4468976726531999,-0.07364826341940783,-0.3658234247886283,-0.4578123664993919,0.0,346.0774448889498,-10.333023914120458,21,21733,468000,0.0003,-2141683.5,15459.8828125,-0.3456122875213623,919385538560.0,5637639.0,458001,40000.0,-1969456478.4983702,,,,,,,
-10.684416719436642,-0.5359005888434561,0.06339027856775864,-0.21388862617371202,0.0,463.58530579463627,464.3975897770512,21,21810,470000,0.0003,-2333591.75,16503.716796875,0.6422860622406006,1038000455680.0,7792991.0,460001,40000.0,-1969456478.4983702,,,,,,,
2.4145027217865014,0.033414399252095675,0.2428039167364598,-0.5385441411736241,0.0,416.56097132094106,-83.32804117663125,21,21884,472000,0.0003,-384176.5625,15662.703125,1.8764933347702026,1440396345344.0,17414442.0,462001,40000.0,-1969456478.4983702,,,,,,,
-3.6738769702911385,-0.2338086048732899,-0.3324399047135061,-0.4695128143774851,0.0,347.09138477637424,-103.633508572618,21,21959,474000,0.0003,-1113121.0,14661.6552734375,0.4650827944278717,1562585071616.0,7782833.5,464001,40000.0,-1969456478.4983702,,,,,,,
-10.641360969543458,-0.39981449008445624,0.268388854395419,-0.3868758258217036,0.0,460.20411135833353,245.86856730783592,21,22034,476000,0.0003,736059.5625,13954.763671875,0.8823684453964233,5152346996736.0,26615006.0,466001,40000.0,-1969456478.4983702,,,,,,,
4.325521205902117,0.12653915171575758,0.008485831155626046,-0.5878793383919939,0.0,468.1526693736057,175.090294080819,21,22109,478000,0.0003,-4530568.0,13801.6865234375,0.3460025191307068,6017616183296.0,30933266.0,468001,40000.0,-1969456478.4983702,,,,,,,
-6.006628833770755,-0.287549365076189,-0.3422947225476104,-0.52944920620212,0.0,424.46111208227273,-142.62158794796377,21,22184,480000,0.0003,302378.5,13921.771484375,1.2180266380310059,1314614673408.0,8260335.5,470001,40000.0,-1807051980.1873696,,,,,,,
-7.366365438461302,-0.34702498968284956,-0.4621501072311667,-0.889704977662869,0.0,1087.650415518899,-339.932084991597,21,22259,482000,0.0003,-1381022.0,15397.0107421875,1.9461405277252197,1926974406656.0,8173848.0,472001,40000.0,-1807051980.1873696,,,,,,,
7.040365549087517,-0.07618024073917759,0.053894126750599174,-0.3234249697336397,0.0,803.2154152798637,58.12720553603145,21,22333,484000,0.0003,-3178933.0,13417.0302734375,-0.16678155958652496,935674249216.0,8087481.0,474001,40000.0,-1807051980.1873696,,,,,,,
-0.3839289970397951,-0.22892945719080182,0.312027370409661,0.00016471662695197083,0.0,115.89544424092777,-783.1138968196624,21,22408,486000,0.0003,-3265955.0,13492.119140625,-0.37583866715431213,1005410189312.0,7364077.5,476001,40000.0,-1807051980.1873696,,,,,,,
-9.127300401687632,-0.24408896255227644,-0.008126122083406254,0.028055947648994602,0.0,108.75252006529529,370.7111043635793,21,22482,488000,0.0003,-1583710.25,13753.517578125,-0.4209074378013611,717139607552.0,5660270.0,478001,40000.0,-1807051980.1873696,,,,,,,
0.7340357418060324,0.02056610410135384,0.14792910673792814,-0.21335530498853283,0.0,90.2428473940036,-55.64734251180204,21,22556,490000,0.0003,-3107830.0,13265.0810546875,0.9678660035133362,709499420672.0,5070304.0,480001,40000.0,-1807051980.1873696,,,,,,,
7.305070247650144,0.17242702219545328,-0.043059211666712956,-0.1911440240177908,0.0,131.38962428566074,241.51745890848767,21,22630,492000,0.0003,-3657316.75,13101.3388671875,-0.11693030595779419,940823674880.0,4482402.0,482001,40000.0,-1807051980.1873696,,,,,,,
-2.287540304183962,-0.1794806098691983,-0.17244880319468373,-0.25225876086625815,0.0,112.78125037931706,-16.99578768619191,21,22704,494000,0.0003,-3046793.5,12352.7353515625,1.3590797185897827,1424737828864.0,7133197.0,484001,40000.0,-1807051980.1873696,,,,,,,
-7.729999092102036,-0.2258201621646083,0.23992288613593532,-0.2863443307147238,0.0,276.3090394033224,235.43588266270578,21,22778,496000,0.0003,506212.0,11709.0498046875,-1.1183629035949707,1493663350784.0,11744719.0,486001,40000.0,-1807051980.1873696,,,,,,,
7.25898701095581,0.2851773675730348,0.31564910117060224,-0.3906438915762478,0.0,268.2557613251982,-62.00470848014878,21,22852,498000,0.0003,1840875.25,11676.455078125,0.13548342883586884,4328294187008.0,16800906.0,488001,40000.0,-1807051980.1873696,,,,,,,
2.2809367923736543,0.032555404775631576,-0.6269448950859344,-0.5187065729213383,0.0,546.4260971422556,336.18400842909205,,,500000,0.0003,-3690072.5,11677.1240234375,1.2416081428527832,3383013670912.0,14024261.0,490000,,,0.0,0.0,40000.0,-30387.732145646507,249.20185435158865,0.0,0.0
,,,,,,,20,24092,500000,0.0003,-1130241.0,11677.201171875,-1.2149773836135864,1662825922560.0,11640552.0,490001,40000.0,-1807051980.1873696,,,,,,,
-7.282809173584004,-0.2939124771455454,0.301255299293901,-0.48313339573030695,0.0,580.5611958857597,180.24510747993156,20,24165,502000,0.0003,-1828109.0,11594.9287109375,1.046761393547058,801085521920.0,5779653.5,492001,40000.0,-1807051980.1873696,,,,,,,
4.303926902771,0.15397190428008925,-0.07920785954110639,-0.6392653478608746,0.0,543.0418565367963,237.7650945484287,20,24238,504000,0.0003,-870717.875,11429.9697265625,0.2499430924654007,4797309648896.0,33324378.0,494001,40000.0,-1807051980.1873696,,,,,,,
-11.250834136962894,-0.3939055786493529,-0.4897697738867546,-0.5040304882871111,0.0,495.4000017324826,-97.32110170731166,20,24312,506000,0.0003,970447.3125,12724.2314453125,-0.44396862387657166,4609391722496.0,15668844.0,496001,40000.0,-1807051980.1873696,,,,,,,
0.21626619911193892,-0.2789261493880274,0.6118650447363287,-0.18013530769058833,0.0,482.05510949791966,-273.0318458674287,20,24387,508000,0.0003,-2023677.75,13464.3798828125,-1.4522517919540405,1432456527872.0,8960535.0,498001,40000.0,-1807051980.1873696,,,,,,,
1.5935503444671728,0.007163861851496602,-0.30355961930114767,-0.31542482268994637,0.0,215.13621746627737,52.63493891380087,20,24462,510000,0.0003,944954.125,13630.64453125,0.713386595249176,1149841178624.0,7197872.5,500001,40000.0,-1807051980.1873696,,,,,,,
-9.57507254791259,-0.3778092012199375,-0.2704111964818805,-0.19838712730528127,0.0,185.69832828602142,585.4293413812043,20,24536,512000,0.0003,-73406.046875,11772.423828125,-1.392086148262024,969121071104.0,8005996.0,502001,40000.0,-1807051980.1873696,,,,,,,
-2.25516683959961,-0.14769266034712233,0.5858553246650154,-0.33375454317118586,0.0,523.1146775142179,-197.27558641877332,20,24610,514000,0.0003,-2293690.0,11750.955078125,0.7710939645767212,5247460179968.0,25240380.0,504001,40000.0,-1807051980.1873696,,,,,,,
4.913535831451418,0.14183871693475655,-0.2680916127417399,-0.4806187748174476,0.0,389.9081480077708,113.74775474591556,20,24685,516000,0.0003,1130628.625,10449.572265625,-0.0029571950435638428,1128690221056.0,8954037.0,506001,40000.0,-1807051980.1873696,,,,,,,
-7.016922513961797,-0.4487381025389265,-0.23976385307383827,-0.2929625526164922,0.0,378.6300062521396,864.467847084354,20,24759,518000,0.0003,955588.0625,10270.2255859375,0.17461562156677246,3414613295104.0,11538536.0,508001,40000.0,-1807051980.1873696,,,,,,,
-0.9812314662933298,0.03581743486829061,0.6653167623943835,-0.43509940670975744,0.0,503.1876439585047,-868.3103355743533,20,24833,520000,0.0003,-1066038.125,10312.2021484375,0.760297417640686,2949238489088.0,14318582.0,510001,40000.0,-1669280665.021629,,,,,,,
0.7628183116912821,0.07036460695329712,0.04534136689801909,-0.9927169280421508,0.0,1192.3666105307561,248.79855727480108,20,24907,522000,0.0003,2635022.0,10331.8310546875,-0.37037476897239685,1904161062912.0,15314569.0,512001,40000.0,-1669280665.021629,,,,,,,
-7.813127973556519,-0.41665852386139896,-0.6020884238725588,-0.8306463133903005,0.0,1058.6002255624248,-510.0541687809018,20,24981,524000,0.0003,2227500.25,10508.7548828125,-0.10202515125274658,5497054822400.0,14693708.0,514001,40000.0,-1669280665.021629,,,,,,,
1.3468161334991515,0.2749552998390312,-0.7061497671348719,-0.46614762218807737,0.0,1028.6907786613206,966.0276933299223,20,25055,526000,0.0003,-1427382.25,11521.802734375,0.0722583532333374,2986767548416.0,22173510.0,516001,40000.0,-1669280665.021629,,,,,,,
3.531026472091663,-0.05150262554080543,1.0507398416223115,0.36379268372291224,0.0,1688.7166192329366,-1370.326446084567,21,25130,528000,0.0003,2283417.5,12952.05078125,0.1576257050037384,1265546297344.0,8280066.5,518001,40000.0,-1669280665.021629,,,,,,,
0.1618533287048278,-0.05456941353039129,0.36159428500189816,0.1230278794572454,0.0,90.13198538074879,27.19164115989217,21,25206,530000,0.0003,116065.28125,13565.013671875,-0.06600365042686462,1094568837120.0,8035452.0,520001,40000.0,-1669280665.021629,,,,,,,
11.503163793563845,0.28986608440525236,-0.11258088253294853,0.4840778675675517,0.0,566.149452096621,263.5781420079643,21,25281,532000,0.0003,2643102.5,14551.4287109375,-1.3169095516204834,6764522110976.0,38671796.0,522001,40000.0,-1669280665.021629,,,,,,,
23.65221776008606,0.2966847460508238,0.013663801352340106,0.8375773725057764,0.0,1266.5512262483219,488.70483974980874,21,25356,534000,0.0003,-686216.625,13131.021484375,0.019811764359474182,1182842880000.0,7822835.0,524001,40000.0,-1669280665.021629,,,,,,,
27.32579038429259,0.26807716503278267,0.0023406250390519343,1.083253513070445,0.0,1882.7640715499376,407.34568891114606,21,25432,536000,0.0003,-2575430.0,12484.9072265625,0.5410796999931335,655095496704.0,7590650.0,526001,40000.0,-1669280665.021629,,,,,,,
30.238929470062246,0.2590317194574833,0.07302823153311347,1.2877686224378104,0.0,2508.401835933654,824.5289097724177,21,25507,538000,0.0003,2920271.0,13942.3662109375,-2.8136086463928223,376425676800.0,3551069.75,528001,40000.0,-1669280665.021629,,,,,,,
38.248430498123156,0.277126558692396,0.03559996395885715,1.5426726176680094,0.0,3328.6056657755958,1071.5594977851829,21,25582,540000,0.0003,1728232.25,13807.2412109375,0.09714186191558838,834692644864.0,6339641.0,530001,40000.0,-1669280665.021629,,,,,,,
46.21158555793759,0.2892892084866619,0.13093871301508783,1.8545203393664627,0.0,4531.698977587544,4942.872354297241,21,25658,542000,0.0003,3214397.25,14471.6865234375,0.24056929349899292,7575415291904.0,39826908.0,532001,40000.0,-1669280665.021629,,,,,,,
51.48027067375182,0.3202388554051879,-0.10284893808317629,2.1715696630854278,0.0,5991.1422697688395,-1670.8217815026553,21,25733,544000,0.0003,912282.5,15246.654296875,0.9067861437797546,1360121561088.0,9458033.0,534001,40000.0,-1669280665.021629,,,,,,,
51.32112392044072,0.2716370234898243,-0.03932862355664542,2.1644237618122393,0.0,5845.555766395367,-766.8694463492737,21,25954,546000,0.0003,-99445.09375,14461.0634765625,0.7054598927497864,2827303518208.0,27615340.0,536001,40000.0,-1669280665.021629,,,,,,,
55.9366100139618,0.2847457728782822,0.09909990789341798,2.2994320659039076,0.0,6564.185423882799,3593.119489851702,21,26029,548000,0.0003,2993973.5,14595.40234375,-1.283813238143921,4200571863040.0,18816892.0,538001,40000.0,-1669280665.021629,,,,,,,
56.70126106262207,0.3115004843403998,-0.07357853819932085,2.4631868761747917,0.0,7492.213517928944,-1789.0448486017422,21,26105,550000,0.0003,-1562277.5,15784.75,0.11668616533279419,643127443456.0,6562883.5,540001,40000.0,-1669280665.021629,,,,,,,
54.88898278617859,0.26803718461733467,-0.027018344530799127,2.360971680795605,0.0,6866.698773722225,-944.0987429793414,21,26181,552000,0.0003,-56240.0,14685.0380859375,0.15114110708236694,1217849720832.0,4996663.5,542001,40000.0,-1669280665.021629,,,,,,,
54.83636186218262,0.2807987218302324,0.12156201296579591,2.430899227653933,0.0,7296.331360954159,4127.904533781205,21,26256,554000,0.0003,-1632978.75,13550.623046875,0.474991112947464,904848080896.0,4973130.5,544001,40000.0,-1669280665.021629,,,,,,,
53.629611194610604,0.28442365442531586,-0.13433263356554218,2.443891575953606,0.0,7397.026224425778,-4306.399479974296,21,26331,556000,0.0003,-491092.625,13558.3916015625,-0.89697265625,1558061121536.0,8017716.0,546001,40000.0,-1669280665.021629,,,,,,,
50.466287269592314,0.25344239679822694,-0.00011646687817025463,2.3138346031540724,0.0,6607.902041799676,-84.71653474775835,21,26407,558000,0.0003,-2494830.5,13881.6015625,-0.044135063886642456,1211436367872.0,6920440.5,548001,40000.0,-1669280665.021629,,,,,,,
53.29433571434021,0.2854551626752499,0.1330646681862768,2.4067457030087116,0.0,7171.10526967175,4010.5276617928316,21,26482,560000,0.0003,608157.625,14500.767578125,-0.1764231026172638,861278961664.0,5542563.5,550001,40000.0,-1561936872.7151296,,,,,,,
2.595490617752076,0.13879775491932078,0.11689938430595552,-0.981563192624127,0.0,1178.19121979425,77.55837798578074,21,26558,562000,0.0003,1007386.625,13904.0322265625,-1.131770372390747,540069724160.0,5422937.5,552001,40000.0,-1561936872.7151296,,,,,,,
2.9073193836212177,0.17253591060126053,-0.0009620213438993291,-0.9775493481975125,0.0,1156.5859920979813,83.48534914263541,21,26634,564000,0.0003,-1943823.75,13409.943359375,-1.2414147853851318,4341320122368.0,13798617.0,554001,40000.0,-1561936872.7151296,,,,,,,
3.407179241180418,0.17542474457748872,0.0018322249693367627,-0.9768197186881824,0.0,1155.384042199718,80.92912928833785,21,26710,566000,0.0003,874997.25,13485.828125,-0.6793467998504639,648509063168.0,3273487.5,556001,40000.0,-1561936872.7151296,,,,,,,
3.0475719642639167,0.1665296209879978,0.0024767530900587876,-0.9789009658823636,0.0,1159.3586374964564,87.97720255503499,21,26786,568000,0.0003,-936994.1875,13899.7099609375,-0.6952983736991882,2190912520192.0,15182617.0,558001,40000.0,-1561936872.7151296,,,,,,,
3.0584595947265636,0.17188566130702546,0.0011416660396835268,-0.9778622820394077,0.0,1157.3151197403677,84.68966812896201,21,26862,570000,0.0003,-1675223.125,13929.9658203125,0.6692668199539185,305962909696.0,7054033.5,560001,40000.0,-1561936872.7151296,,,,,,,
3.5326523456573486,0.1872876852373826,-0.0026943720646571785,-0.9743436863884368,0.0,1151.188607382102,72.73637173252885,21,26937,572000,0.0003,516101.0,13747.5634765625,1.0870163440704346,699197685760.0,5884831.5,562001,40000.0,-1561936872.7151296,,,,,,,
2.8946433372497573,0.1672895822949297,-0.0005006069932719066,-0.9788541452667467,0.0,1159.1744869263912,92.05067210478293,21,27015,574000,0.0003,478641.3125,14169.96484375,-1.7899384498596191,6874189529088.0,31087630.0,564001,40000.0,-1561936872.7151296,,,,,,,
3.480706439971924,0.18590514861732754,0.016674870784910617,-0.975184800947333,0.0,1152.5940947032025,66.81175436501005,21,27091,576000,0.0003,180057.875,14043.7861328125,0.2609447240829468,1116455829504.0,9642735.0,566001,40000.0,-1561936872.7151296,,,,,,,
3.5322670879364013,0.18810859893444948,-0.0176916865161257,-0.9746576975988793,0.0,1151.858072513846,85.3961823236563,21,27166,578000,0.0003,-763483.25,13794.330078125,-1.274735450744629,1021467426816.0,7968215.5,568001,40000.0,-1561936872.7151296,,,,,,,
2.8603149127960195,0.16705546442391192,0.00245688792811536,-0.9791578176929358,0.0,1159.9325779183605,85.76413421495324,21,27242,580000,0.0003,-2282839.75,13734.0927734375,0.046488165855407715,3813721767936.0,22680334.0,570001,40000.0,-1561936872.7151296,,,,,,,
3.4976178188323956,0.18637515372883143,0.003656303707926919,-0.9751263084837872,0.0,1152.6328376336376,70.92113244824333,21,27318,582000,0.0003,-1117293.0,13304.228515625,-0.4609416127204895,392203370496.0,4082561.75,572001,40000.0,-1561936872.7151296,,,,,,,
2.957080785751341,0.16763974230978207,-0.017175366746883178,-0.9791885070137183,0.0,1160.1457542784965,96.43078534216096,21,27394,584000,0.0003,-1536868.25,13048.3447265625,0.005239725112915039,1035635261440.0,7614421.0,574001,40000.0,-1561936872.7151296,,,,,,,
2.6146866340637263,0.14637150309110025,-0.0010358311725473762,-0.9828269158541681,0.0,1166.5839738349532,92.33225799930784,21,27470,586000,0.0003,-1957418.875,12546.365234375,-0.06425195932388306,544451395584.0,4236086.0,576001,40000.0,-1561936872.7151296,,,,,,,
3.1595511989593525,0.15986483837620794,0.0009717348030488532,-0.9802118706642403,0.0,1161.653912892555,88.22374244349396,21,27545,588000,0.0003,113373.3125,12653.9833984375,1.4203791618347168,1058279718912.0,6268082.0,578001,40000.0,-1561936872.7151296,,,,,,,
2.4580115146636974,0.13954496689495,-0.014186643573751441,-0.9837734956759892,0.0,1168.2517432698899,107.12838174187334,21,27620,590000,0.0003,1879363.75,12534.751953125,0.22900855541229248,5376755892224.0,19713864.0,580001,40000.0,-1561936872.7151296,,,,,,,
2.6607711658477737,0.14779570202810546,0.016683593761490697,-0.9822772524580126,0.0,1165.5186074891333,92.15670597922686,21,27696,592000,0.0003,541926.8125,12296.1884765625,1.069242238998413,1090449899520.0,9485408.0,582001,40000.0,-1561936872.7151296,,,,,,,
3.0372194652557347,0.15591174634024835,-0.007529334915598608,-0.9808406891839091,0.0,1162.9298803752854,95.00597404786303,21,27771,594000,0.0003,-1034425.9375,12310.5859375,0.25644567608833313,3154090393600.0,12657840.0,584001,40000.0,-1561936872.7151296,,,,,,,
2.3449121150970478,0.13864484163172544,-0.009137436090622522,-0.9836473660928383,0.0,1167.8654698352352,110.23607792044696,21,27845,596000,0.0003,615995.0,12082.935546875,1.0471537113189697,619673026560.0,5707133.5,586001,40000.0,-1561936872.7151296,,,,,,,
2.884813638687133,0.1489516976791699,0.010276784888990262,-0.98171015429548,0.0,1164.236080443415,89.27374291348563,21,27919,598000,0.0003,-2130211.0,11808.5517578125,-0.6858457326889038,3126499737600.0,25013974.0,588001,40000.0,-1561936872.7151296,,,,,,,
2.5772500228881827,0.1427623234818403,-0.01482656540219301,-0.9827527669420788,0.0,1166.1785526390884,108.7521984751532,,,600000,0.0003,815550.0,11874.00390625,1.1640734672546387,14313639116800.0,57493368.0,590000,,,0.0,0.0,40000.0,-37497.06835782234,1872.5738311880302,0.0,0.0
,,,,,,,20,29174,600000,0.0003,-2051447.5,11872.4873046875,0.5556225776672363,456494743552.0,3913696.5,590001,40000.0,-1460974139.5495622,,,,,,,
1.2767127704620371,0.07851776812469721,0.08356259465089932,-0.9434574662293607,0.0,1075.4986339836073,158.57007075428163,20,29247,602000,0.0003,-1864359.375,11350.1962890625,1.1753051280975342,1586170691584.0,9865937.0,592001,40000.0,-1460974139.5495622,,,,,,,
3.172952226638793,0.1366861155585876,-0.009655306386366188,-0.9353720827339921,0.0,1057.505820880588,113.84139056877402,20,29321,604000,0.0003,731801.25,11303.80078125,-1.2742178440093994,1625621266432.0,9362861.0,594001,40000.0,-1460974139.5495622,,,,,,,
1.0012385120391851,0.08640284158349183,-0.01786624372210237,-0.9431560165686808,0.0,1070.7599917475256,164.2444238369315,20,29395,606000,0.0003,508320.3125,11459.7890625,-0.03224469721317291,1042535088128.0,8610808.0,596001,40000.0,-1460974139.5495622,,,,,,,
2.5316203060150118,0.11878334380818507,0.0479848294286003,-0.938450034871476,0.0,1063.102998235115,111.70284654775611,20,29469,608000,0.0003,506475.0625,11210.1669921875,0.5491700172424316,1867108843520.0,7262067.5,598001,40000.0,-1460974139.5495622,,,,,,,
2.8168795986175525,0.12181701811305472,-0.04601315866476743,-0.9380894464989189,0.0,1062.7136425356575,153.0607446038712,20,29543,610000,0.0003,-1817105.0,11051.3564453125,-0.4487314522266388,1069612728320.0,7342143.5,600001,40000.0,-1460974139.5495622,,,,,,,
0.5787718582153334,0.07699901085988295,-0.00019799766086461156,-0.9447578098009789,0.0,1073.7647545810778,166.24225035382352,20,29617,612000,0.0003,-1243242.5,10822.359375,0.3961092233657837,1473738309632.0,8258614.5,602001,40000.0,-1460974139.5495622,,,,,,,
2.925427900314325,0.12383175331487901,0.04394777363521458,-0.937397067840561,0.0,1061.026059332081,97.46795566285313,20,29691,614000,0.0003,-1930512.25,10970.3642578125,0.6303330659866333,311692001280.0,6555920.0,604001,40000.0,-1460974139.5495622,,,,,,,
2.1452676658630434,0.10701794957577845,-0.051522422092859614,-0.9398324795289502,0.0,1065.9040579120567,159.01044448667287,20,29766,616000,0.0003,2460660.0,10825.611328125,0.4533628523349762,1065360031744.0,7219724.5,606001,40000.0,-1460974139.5495622,,,,,,,
0.900380302429199,0.0802052617687744,0.03557520566099638,-0.9430738588308402,0.0,1071.411949127902,154.2942214430206,20,29841,618000,0.0003,-1201897.0,10805.0234375,-0.19137758016586304,1022870159360.0,5608382.5,608001,40000.0,-1460974139.5495622,,,,,,,
3.3502847957611093,0.14027154164125635,0.00868116553114116,-0.9342619002758208,0.0,1054.4470741034581,108.36313859788567,20,29916,620000,0.0003,-1330204.5,10716.2978515625,-0.4231356680393219,230532907008.0,1628294.125,610001,40000.0,-1460974139.5495622,,,,,,,
1.4450680484771716,0.09564701488221929,-0.04151508429572369,-0.9412826689630681,0.0,1069.1759037668926,164.90864824353608,20,29991,622000,0.0003,-1102158.75,10649.5458984375,0.4113970994949341,2547037765632.0,8771091.0,612001,40000.0,-1460974139.5495622,,,,,,,
1.8021436386108407,0.0977565943729635,0.038233875505351116,-0.9411479714371342,0.0,1067.5334378974603,133.6654243350325,20,30066,624000,0.0003,-1798710.875,10481.150390625,0.15360642969608307,9836011978752.0,40077768.0,614001,40000.0,-1460974139.5495622,,,,,,,
2.728789939880372,0.1161918091098653,-0.05755247910272156,-0.9377169926245754,0.0,1063.9749420262167,159.96095103442954,20,30140,626000,0.0003,1231465.125,10615.49609375,-1.7462856769561768,6313482387456.0,37067232.0,616001,40000.0,-1460974139.5495622,,,,,,,
0.29376521682739215,0.047990994291668206,0.01528779915819939,-0.9477611812245482,0.0,1081.4873370959776,192.6223181261164,20,30215,628000,0.0003,3615637.75,10698.162109375,0.9372360706329346,185273057280.0,2448034.25,618001,40000.0,-1460974139.5495622,,,,,,,
2.2528002681732207,0.10698667178473413,0.03327457499206828,-0.9440049010009526,0.0,1074.5664253317102,126.75195797963359,20,30290,630000,0.0003,-1185530.125,10666.9677734375,1.1313540935516357,396210733056.0,4087674.5,620001,40000.0,-1460974139.5495622,,,,,,,
2.197574167251589,0.09575964853550148,-0.026961495697917885,-0.9457944207656067,0.0,1079.5069616176072,163.4561648533393,20,30364,632000,0.0003,-236684.375,10652.30859375,0.8700951933860779,519311261696.0,4355031.5,622001,40000.0,-1460974139.5495622,,,,,,,
-2.046227642059333,-0.3627664017320644,-0.6335419287823435,-0.7081757590718167,0.0,949.4312486542228,-420.21041365727973,20,30440,634000,0.0003,-2344734.0,10812.10546875,-0.09040304273366928,256851836928.0,2873507.75,624001,40000.0,-1460974139.5495622,,,,,,,
-0.607049703598021,-0.14778279971612368,0.6186632050074656,-0.48233610261141097,0.0,652.5704725239852,-9.699752240179556,20,30516,636000,0.0003,2589783.5,10842.88671875,0.35492175817489624,259171270656.0,2074098.875,626001,40000.0,-1460974139.5495622,,,,,,,
-2.2464951152801516,-0.16198175631548248,-0.14048736996715183,-0.5022759558880483,0.0,418.2615627739788,20.45608716929604,20,30591,638000,0.0003,737849.625,11000.421875,-0.3455457389354706,1184859947008.0,7495447.5,628001,40000.0,-1460974139.5495622,,,,,,,
1.0384593315124506,0.014891785223629626,0.20026151676444576,-0.5015032728818878,0.0,328.47248225163196,182.04152747329343,20,30667,640000,0.0003,-1884899.0,10858.916015625,0.9613379240036011,13112036032512.0,51133996.0,630001,40000.0,-1372172173.4372685,,,,,,,
1.4230401840209954,0.062292565867906956,0.04602582906987346,-0.9610680648456443,0.0,1118.4086299657374,179.88192412481297,20,30742,642000,0.0003,956976.875,10739.5732421875,0.2914414405822754,2333818224640.0,15128987.0,632001,40000.0,-1372172173.4372685,,,,,,,
1.1131285591125475,0.09117809581261109,0.042022161103432175,-0.9603228997767378,0.0,1111.5849154104487,153.93723604578793,20,30817,644000,0.0003,896816.625,11140.7744140625,-1.104311466217041,588018089984.0,3331429.25,634001,40000.0,-1372172173.4372685,,,,,,,
3.048571376800537,0.13744209339102628,0.007508558770439854,-0.9553886384501644,0.0,1102.1673433575727,119.22065455040274,20,30892,646000,0.0003,2243053.0,11613.166015625,-0.6147499680519104,579291774976.0,3382291.5,636001,40000.0,-1372172173.4372685,,,,,,,
2.198586303710934,0.11609045521990688,-0.024908776245771327,-0.9590778810617563,0.0,1111.14992642561,157.58106959493813,20,30967,648000,0.0003,-2561932.25,11135.8984375,1.3851327896118164,10764477792256.0,47380176.0,638001,40000.0,-1372172173.4372685,,,,,,,
1.7199582157135,0.11452514604423714,0.016809289966867192,-0.9597949323237865,0.0,1110.5574191157905,136.3979305173153,20,31042,650000,0.0003,351046.0625,11410.1162109375,1.0078575611114502,835848503296.0,4737961.5,640001,40000.0,-1372172173.4372685,,,,,,,
2.7075398483276376,0.11333307382710976,-0.05072411848141361,-0.959890929312902,0.0,1113.8582041941847,167.8026317251763,20,31117,652000,0.0003,1065309.0,10826.623046875,0.1924773007631302,19935910690816.0,67778440.0,642001,40000.0,-1372172173.4372685,,,,,,,
0.9380407028198227,0.07803102935192349,0.027535064839130204,-0.9671109953527729,0.0,1125.9115117491538,174.2987893602067,20,31191,654000,0.0003,141283.03125,10777.9775390625,-0.41231197118759155,1380992024576.0,6579933.0,644001,40000.0,-1372172173.4372685,,,,,,,
1.1558520030975366,0.06212286329014604,-0.0397155485954147,-0.9682007727541972,0.0,1128.550327484697,187.92218227259357,20,31266,656000,0.0003,1865408.25,11503.8955078125,-0.7562968730926514,681900113920.0,7201099.0,646001,40000.0,-1372172173.4372685,,,,,,,
0.8414866428375242,0.010105560763708936,-0.024751703984862934,-0.9718174646370944,0.0,1137.1194771204996,220.73187402705108,20,31341,658000,0.0003,-314305.9375,12122.537109375,-0.64644455909729,682000252928.0,5951748.0,648001,40000.0,-1372172173.4372685,,,,,,,
-8.186621658325196,-0.2238481189664908,-0.5578771007655524,-0.8256695928553401,0.0,1110.5886572312195,-266.3433011981888,21,31416,660000,0.0003,927638.375,11238.619140625,1.070641040802002,311743479808.0,3371131.0,650001,40000.0,-1372172173.4372685,,,,,,,
-4.6457381038665755,0.0981085044906938,-1.126780230319516,-0.1284681906209562,0.0,1495.1006521981515,1303.1519472223476,21,31491,662000,0.0003,-683736.8125,11473.951171875,0.7866016626358032,6009321947136.0,21116876.0,652001,40000.0,-1372172173.4372685,,,,,,,
5.859948635101312,0.1305684142635043,0.7185656538226157,0.6633710221044493,0.0,2616.2487785743524,-886.9939446571448,21,31566,664000,0.0003,562905.875,11274.033203125,-0.7398926019668579,12441548226560.0,47919492.0,654001,40000.0,-1372172173.4372685,,,,,,,
7.626594221115104,0.04074748930024815,0.9946920571476666,-0.11039799953662817,0.0,1423.957035868137,-229.9365476470472,21,31641,666000,0.0003,162186.8125,11724.9287109375,-0.7735573053359985,2388483637248.0,17387460.0,656001,40000.0,-1372172173.4372685,,,,,,,
0.11144051933288332,0.037551621432337416,-0.19032671036441334,-0.7593018108967198,0.0,754.8297978259587,379.6478122038585,21,31716,668000,0.0003,-2153978.0,11936.72265625,0.7308955192565918,431557246976.0,3470385.5,658001,40000.0,-1372172173.4372685,,,,,,,
-2.1329979915618877,-0.3114609855662466,0.15643935372570889,-0.5579616216507953,0.0,582.9298113682851,-302.12518553371154,21,31790,670000,0.0003,2363522.5,12081.71484375,-0.2692694365978241,2926186070016.0,10251064.0,660001,40000.0,-1372172173.4372685,,,,,,,
2.6918049335479726,0.07934819354540122,0.09969748962135386,-0.6595383493058372,0.0,531.7322757791604,154.98170077420494,21,31864,672000,0.0003,615566.125,11399.9248046875,1.9402185678482056,3574042984448.0,14301453.0,662001,40000.0,-1372172173.4372685,,,,,,,
3.326429992675782,0.1541446386564973,-0.15893610808207617,-0.6464499098301251,0.0,574.703868084856,409.25555545995985,21,31939,674000,0.0003,-2291170.5,10869.556640625,0.33533066511154175,361100214272.0,2936892.75,664001,40000.0,-1372172173.4372685,,,,,,,
-1.9288502063751256,-0.29885075261503585,0.039851454465480024,-0.517339673551489,0.0,546.0090394707507,-218.30216705990034,21,32013,676000,0.0003,-2427520.25,11168.4541015625,0.7869554758071899,213903785984.0,1852697.25,666001,40000.0,-1372172173.4372685,,,,,,,
2.5362153606414797,0.07686156847078705,0.11547804873933132,-0.6067874735968407,0.0,454.5603329612903,123.01049430075173,21,32087,678000,0.0003,1050090.0,10961.234375,0.8499369621276855,570635583488.0,4675017.0,668001,40000.0,-1372172173.4372685,,,,,,,
6.084222272872928,0.28096695288928597,-0.05325071536027013,-0.551206421643967,0.0,554.6195830799434,431.20982513232246,21,32164,680000,0.0003,940288.5,10527.8740234375,-1.4006967544555664,547762470912.0,3785578.25,670001,40000.0,-1293976538.1446798,,,,,,,
1.1653781986236573,0.07343767330389794,0.05238428332543247,-0.968102323001737,0.0,1135.590101905812,186.87097307526597,21,32239,682000,0.0003,-1076725.75,10459.9013671875,0.7210760712623596,162219458560.0,1707617.625,672001,40000.0,-1293976538.1446798,,,,,,,
2.388753225326538,0.09602382862670676,-0.0013664417000283932,-0.9655552928223696,0.0,1125.4913075328154,152.19505661469313,21,32313,684000,0.0003,1140974.75,10271.802734375,-0.39503663778305054,4695468802048.0,29117468.0,674001,40000.0,-1293976538.1446798,,,,,,,
1.1428464202880864,0.09181584855720681,0.019887046974930465,-0.9672381331484108,0.0,1126.5141073600926,159.96852565821956,21,32388,686000,0.0003,2550467.75,10305.9296875,0.3546016216278076,822683107328.0,3630544.0,676001,40000.0,-1293976538.1446798,,,,,,,
2.5095305843353284,0.12712326760784456,0.04784364701290535,-0.9627263242317268,0.0,1119.3936580693896,106.61341977546209,21,32462,688000,0.0003,883730.1875,11360.896484375,-1.7319978475570679,5226910711808.0,24799858.0,678001,40000.0,-1293976538.1446798,,,,,,,
3.6008836421966532,0.17395264331321264,-0.03046128209788952,-0.952223659540186,0.0,1100.694194343427,108.70354747465062,21,32537,690000,0.0003,1112451.625,11134.46484375,1.0444121360778809,519241957376.0,3581526.5,680001,40000.0,-1293976538.1446798,,,,,,,
1.7832051601409917,0.13240120694291507,-0.002265052915227554,-0.9608731411601148,0.0,1114.1944863952888,128.3106753970419,21,32611,692000,0.0003,3286558.0,10384.353515625,-0.06622856855392456,4748358975488.0,31681716.0,682001,40000.0,-1293976538.1446798,,,,,,,
2.7699291000366193,0.12530368255230123,-0.0036627240178143906,-0.961636835339204,0.0,1115.5087385215154,132.56083165492436,21,32686,694000,0.0003,2031900.0,10042.443359375,0.15150730311870575,4384545046528.0,24073058.0,684001,40000.0,-1293976538.1446798,,,,,,,
1.6576432170867936,0.08294398040567807,-0.03776367368445161,-0.9678830307698156,0.0,1128.330116692381,185.75332359097436,21,32760,696000,0.0003,-669991.5,10113.025390625,0.18784427642822266,2035044057088.0,13772522.0,686001,40000.0,-1293976538.1446798,,,,,,,
1.3661508331298833,0.0934294182942075,0.04264530559710231,-0.9681512134231324,0.0,1129.323136984231,148.31914267940093,21,32835,698000,0.0003,-1526626.0,10513.3564453125,-0.15596747398376465,6139452325888.0,16619266.0,688001,40000.0,-1293976538.1446798,,,,,,,
3.2972863636016827,0.15064701733173838,0.021342174473676,-0.9593059394839435,0.0,1112.302199016948,96.09867054033641,,,700000,0.0003,-1181205.0,10405.25,0.585494339466095,122737754112.0,1319792.375,690000,,,0.0,0.0,40000.0,-37806.46017828015,1815.5963634929526,0.0,0.0
,,,,,,,20,34080,700000,0.0003,-1667951.625,10405.23046875,-1.09770929813385,2582180265984.0,9739648.0,690001,40000.0,-1293976538.1446798,,,,,,,
1.8700634708404524,0.12049718099898406,-0.02330457987532234,-0.9644550715360015,0.0,1122.9098903037875,153.53276795984027,20,34154,702000,0.0003,672211.125,10645.646484375,0.1689893752336502,430071480320.0,2783608.5,692001,40000.0,-1293976538.1446798,,,,,,,
2.7775020141601625,0.1485110138914498,0.03237826547921105,-0.9615359335583057,0.0,1117.5694619145495,97.8739906568085,20,34227,704000,0.0003,625578.0625,11345.1318359375,-1.3197195529937744,1179794800640.0,8581968.0,694001,40000.0,-1293976538.1446798,,,,,,,
3.90918740844726,0.2075490232805701,-0.005325696534192987,-0.9464583974947274,0.0,1093.306050928653,100.96851631316257,20,34300,706000,0.0003,-303789.125,10564.171875,-0.3113267719745636,6063489286144.0,29630358.0,696001,40000.0,-1293976538.1446798,,,,,,,
2.4084454956054633,0.1453050603259407,0.0015221284961035495,-0.96075250695426,0.0,1117.430046617229,92.30391309860772,20,34374,708000,0.0003,-1194295.875,11868.615234375,0.04693269729614258,661229404160.0,5914167.0,698001,40000.0,-1293976538.1446798,,,,,,,
4.28817528152466,0.20380057796263437,0.07211182894701176,-0.9481137001497814,0.0,1095.297750397634,25.36060155587684,20,34448,710000,0.0003,-656766.875,14235.1552734375,-0.0979585349559784,2920126873600.0,13708967.0,700001,40000.0,-1293976538.1446798,,,,,,,
4.781299186706547,0.27539856222490533,-0.0637430166467998,-0.9229832438852134,0.0,1054.828890160878,73.1567043115544,20,34522,712000,0.0003,-1387973.0,11393.8701171875,0.8477837443351746,831805849600.0,7921309.5,702001,40000.0,-1293976538.1446798,,,,,,,
2.385275827407838,0.14648360293051074,-0.03185140270088582,-0.951353446629383,0.0,1094.3826597705659,122.93464050342996,20,34596,714000,0.0003,1005853.625,9689.265625,1.6169525384902954,3022545223680.0,22281634.0,704001,40000.0,-1293976538.1446798,,,,,,,
3.5036940364837648,0.15235727945637273,0.02356414355966618,-0.9485848443479432,0.0,1088.0237156038827,86.1210503862152,20,34669,716000,0.0003,1753030.125,10021.8740234375,-0.4220442473888397,35134526980096.0,65351964.0,706001,40000.0,-1293976538.1446798,,,,,,,
1.5058381443023698,0.10202644838239913,-0.08117922847264354,-0.9538410607983613,0.0,1099.6965428809153,172.41884914696428,20,34743,718000,0.0003,948781.125,9453.8798828125,-0.7206921577453613,456979447808.0,5040833.5,708001,40000.0,-1293976538.1446798,,,,,,,
1.0656131858825684,0.06049083426258541,0.021705886799248203,-0.9572448953184436,0.0,1101.9162364334857,181.4774588335453,20,34819,720000,0.0003,-1693863.25,9922.28515625,1.4996039867401123,204264636416.0,2404860.5,710001,40000.0,-1224638526.7021532,,,,,,,
0.49677478027343785,0.0289219038018444,0.00802342962765425,-0.998231432451352,0.0,1203.083932643877,211.98436874605812,20,34893,722000,0.0003,-2494130.5,10976.748046875,-0.8266695737838745,1647710568448.0,10449932.0,712001,40000.0,-1224638526.7021532,,,,,,,
0.9089836959838863,0.04477172725650954,0.028121058379765647,-0.9977691286495648,0.0,1196.982725948384,193.50527744098227,20,34966,724000,0.0003,882309.75,10173.2314453125,2.4445834159851074,814760853504.0,7350975.5,714001,40000.0,-1224638526.7021532,,,,,,,
0.7648563365936276,0.05015750031542935,-0.01792439586435192,-0.997475757289631,0.0,1196.077414016523,208.46970320268284,20,35041,726000,0.0003,-204433.75,10457.5673828125,1.1944916248321533,863567413248.0,7176901.0,716001,40000.0,-1224638526.7021532,,,,,,,
0.5454417076110837,0.023835196524785256,0.011199219024379354,-0.998316981482156,0.0,1197.557674172436,200.40922780668046,20,35115,728000,0.0003,-1279213.25,10456.7802734375,0.4663499593734741,479241502720.0,4508953.5,718001,40000.0,-1224638526.7021532,,,,,,,
1.0388854675292996,0.05095602959377023,0.012085537452668405,-0.9968974121399884,0.0,1194.5368373742763,198.64927222962325,20,35189,730000,0.0003,116379.0625,10092.3115234375,0.7670542001724243,331841241088.0,3514089.5,720001,40000.0,-1224638526.7021532,,,,,,,
1.0954643630981427,0.06838616015840468,0.004697814527009305,-0.9957864002791489,0.0,1192.1394855744759,185.15318578944604,20,35264,732000,0.0003,-1390712.5,9873.0029296875,0.9772229194641113,187408236544.0,1949325.375,722001,40000.0,-1224638526.7021532,,,,,,,
1.379241905212401,0.07176284164132085,0.006444519198619958,-0.9954732477784165,0.0,1191.694999530182,183.24422573705903,20,35338,734000,0.0003,-356365.0,9760.017578125,-1.0546270608901978,236137627648.0,4016942.25,724001,40000.0,-1224638526.7021532,,,,,,,
1.590012186050416,0.08246266089471127,0.0019289466512344303,-0.9944036321596468,0.0,1189.5588684938718,174.49221301262682,20,35412,736000,0.0003,-739999.25,9774.9404296875,1.2123844623565674,1679488712704.0,15444160.0,726001,40000.0,-1224638526.7021532,,,,,,,
1.0790129508972128,0.06479587848993684,0.003960873115704028,-0.9953321577036489,0.0,1192.6497637280122,192.17861937563418,20,35486,738000,0.0003,6997.0625,9983.697265625,0.3990907371044159,2036342194176.0,16603447.0,728001,40000.0,-1224638526.7021532,,,,,,,
1.9159597702026365,0.09908202484385098,0.0019766689452554807,-0.9921069372776963,0.0,1185.2841781761745,156.75923155516438,20,35561,740000,0.0003,-2468508.0,9781.5146484375,0.9861240983009338,1067067572224.0,7324862.0,730001,40000.0,-1224638526.7021532,,,,,,,
1.218075916290284,0.07098040417192748,-0.006581586774562223,-0.99505699244209,0.0,1191.7052609951184,181.2667966104454,20,35635,742000,0.0003,490645.6875,10057.1650390625,-0.10286346077919006,1948654501888.0,17384346.0,732001,40000.0,-1224638526.7021532,,,,,,,
1.38348511314392,0.0764124417729193,-0.02059635664284956,-0.994782518078197,0.0,1191.1972658183322,188.08252468905545,20,35709,744000,0.0003,-797945.5625,10184.94921875,-0.07246488332748413,10895408234496.0,45492580.0,734001,40000.0,-1224638526.7021532,,,,,,,
1.1227652244567907,0.05075630547279833,-0.01069022589538091,-0.9968395931467335,0.0,1195.6277888271864,197.1130124337638,20,35783,746000,0.0003,-1498266.0,10494.0830078125,2.078481912612915,659283116032.0,6326514.0,736001,40000.0,-1224638526.7021532,,,,,,,
-3.1484990024566653,-0.044409175205380874,-0.3111697319649755,-0.9629073549783561,0.0,1291.3678094941486,240.8688975414148,20,35857,748000,0.0003,390022.5625,11671.0,-0.781599223613739,295959920640.0,3013654.75,738001,40000.0,-1224638526.7021532,,,,,,,
-8.887404546737681,-0.021814196353421435,-1.3919689965280946,-0.11278179972662024,0.0,1514.8592878888305,1775.7074660144729,20,35931,750000,0.0003,-1202195.375,14699.72265625,0.6673083901405334,1112505712640.0,5562854.5,740001,40000.0,-1224638526.7021532,,,,,,,
7.399917091369643,0.16698830918827387,0.7169678856248748,1.419599965993615,0.0,5236.09908176122,-1665.7576467039314,20,36005,752000,0.0003,-432151.625,10694.765625,0.6361278295516968,355106684928.0,4155882.0,742001,40000.0,-1224638526.7021532,,,,,,,
-9.452784360885627,-0.012004007341849544,-0.22849122119056253,0.7899622279807902,0.0,3538.253472336428,2881.346843897205,20,36079,754000,0.0003,448779.25,11842.9609375,1.0854536294937134,3406751072256.0,12369912.0,744001,40000.0,-1224638526.7021532,,,,,,,
57.00317345428469,0.5553606100695252,0.16376086258128053,1.5322230754184818,0.0,5320.798791702171,-1162.0390698350543,20,36153,756000,0.0003,-2490111.0,11316.0322265625,-1.4284424781799316,1931395203072.0,11994987.0,746001,40000.0,-1224638526.7021532,,,,,,,
34.758057668685915,0.34489357381581165,-0.5571908832421205,0.9342019155528617,0.0,2553.989595656251,1668.2790556893196,20,36228,758000,0.0003,-2745374.25,11261.2998046875,0.04965074360370636,208375742464.0,1832686.375,748001,40000.0,-1224638526.7021532,,,,,,,
34.07254463768006,0.21338995933077967,0.5791618010342765,1.8011076914978872,0.0,6713.50525515649,1558.597327322212,20,36302,760000,0.0003,-2876508.5,10645.6875,-1.017580270767212,165706416128.0,2168608.25,750001,40000.0,-1164817284.5229938,,,,,,,
-2.1401093082428018,-0.3791025817828143,0.03480420091971445,-0.5685310087300317,0.0,1076.8005341962737,-222.49009483375437,20,36376,762000,0.0003,98000.9375,9895.9755859375,0.35194674134254456,1012464746496.0,8028228.0,752001,40000.0,-1164817284.5229938,,,,,,,
2.193250734329221,0.10884656958273367,-0.14943268538126794,-0.7511999057401514,0.0,767.0906609929006,293.5302749845524,20,36451,764000,0.0003,-868349.3125,10428.6455078125,-1.2567753791809082,188685287424.0,2075876.0,754001,40000.0,-1164817284.5229938,,,,,,,
-10.247529706954959,-0.29857783698833396,-0.8487885924211921,-0.32454753074440107,0.0,716.4305720784992,254.35331431842246,20,36525,766000,0.0003,-2074881.375,10296.4892578125,-0.6990338563919067,381359620096.0,4580655.0,756001,40000.0,-1164817284.5229938,,,,,,,
-12.025459802627564,-0.10317334815271195,-0.25536950879923886,0.494631292380842,0.0,3381.1237392426315,4105.8209802814545,20,36600,768000,0.0003,-68085.265625,9576.4912109375,0.1899891495704651,196844077056.0,2022080.25,758001,40000.0,-1164817284.5229938,,,,,,,
35.627623600006146,0.5861009321562374,0.5581478661014163,1.3825537041344935,0.0,4076.312159389229,-2314.111288329566,20,36675,770000,0.0003,-437439.375,9708.2822265625,0.1779603362083435,384301891584.0,3997234.75,760001,40000.0,-1164817284.5229938,,,,,,,
-9.881824535369876,-0.17852323187921548,0.7431925221668323,-0.07988028734244478,0.0,1067.1101741915058,-2391.293948058485,21,36750,772000,0.0003,-2990646.5,9952.611328125,-0.5205130577087402,3601204772864.0,11275831.0,762001,40000.0,-1164817284.5229938,,,,,,,
8.177056316375738,0.3954851308429873,0.1115911622614822,-0.2875010637474996,0.0,523.428010472143,638.0993130896751,21,36824,774000,0.0003,-1058430.0,10127.9951171875,0.5440847873687744,19671797465088.0,58574104.0,764001,40000.0,-1164817284.5229938,,,,,,,
-0.38588189888000407,-0.13065093361388438,-0.2175527733936238,-0.6337552881831278,0.0,742.4364824015324,-154.75160668652148,21,36901,776000,0.0003,-3623373.0,10802.478515625,-0.0019102692604064941,201863200768.0,2858409.5,766001,40000.0,-1164817284.5229938,,,,,,,
1.8940145664215078,0.03891316644412487,0.11551633936810635,-0.7146957487815221,0.0,621.2681474573351,182.331631798246,21,36975,778000,0.0003,-3510903.0,9893.14453125,0.6835366487503052,146359222272.0,1804080.625,768001,40000.0,-1164817284.5229938,,,,,,,
3.8490689201354917,0.165480860230319,-0.1564966668384569,-0.6800683414050852,0.0,643.7298079440693,249.62357332309597,21,37049,780000,0.0003,-2252116.0,9663.01171875,-0.07224045693874359,174449721344.0,2586847.5,770001,40000.0,-1164817284.5229938,,,,,,,
-1.0586095657348629,-0.10034822679754236,0.1011692632373282,-0.6721454102857712,0.0,677.9458816633211,31.43143654609827,21,37123,782000,0.0003,-2678911.0,9244.458984375,-0.5537911653518677,3019876335616.0,20847248.0,772001,40000.0,-1164817284.5229938,,,,,,,
3.6823978691101074,0.11212904661725066,0.10561198039486976,-0.6967993965372187,0.0,595.022837405346,114.36759682115428,21,37197,784000,0.0003,2973159.25,9425.1357421875,-0.34180504083633423,1113005752320.0,11012647.0,774001,40000.0,-1164817284.5229938,,,,,,,
4.323291358947755,0.19192473102806032,-0.2524967463540638,-0.6533678898139309,0.0,649.477455782592,178.7975442189402,21,37271,786000,0.0003,-2330708.5,9441.7529296875,1.1030926704406738,8438485614592.0,35024112.0,776001,40000.0,-1164817284.5229938,,,,,,,
-1.014934410095212,-0.03811376042691921,0.14915902389877092,-0.7179534403135491,0.0,678.149156716915,160.85913845503057,21,37346,788000,0.0003,1136537.25,9540.884765625,-1.065643072128296,1498178387968.0,7820588.0,778001,40000.0,-1164817284.5229938,,,,,,,
3.8031707477569587,0.11103619219648259,0.11250614844137738,-0.7154344601647016,0.0,627.3257153999219,104.074359251684,21,37421,790000,0.0003,602918.0,9912.9404296875,-0.3803735375404358,23079904346112.0,63287312.0,780001,40000.0,-1164817284.5229938,,,,,,,
3.3078976211547797,0.0918896858410998,-0.22260984754022287,-0.6894483877524078,0.0,673.382010410018,302.8918129815871,21,37497,792000,0.0003,-976825.6875,9560.0302734375,-0.17209768295288086,613414600704.0,3887200.25,782001,40000.0,-1164817284.5229938,,,,,,,
-0.8152461891174301,-0.002056899969878953,0.14512247931764682,-0.7122232646248055,0.0,736.2689747518585,74.77814620911572,21,37572,794000,0.0003,-3739553.5,9480.4423828125,1.5727686882019043,257604419584.0,2506819.0,784001,40000.0,-1164817284.5229938,,,,,,,
5.0016968345641954,0.1662433704446041,0.14795155809385185,-0.7026069964297992,0.0,617.6904356569835,13.41743043393668,21,37647,796000,0.0003,-845973.1875,9648.8310546875,-0.743894100189209,309589639168.0,3054637.25,786001,40000.0,-1164817284.5229938,,,,,,,
0.4993418846130353,0.04630442227198708,-0.3064654519646621,-0.6896502722449801,0.0,725.5932524767159,422.56224474951046,21,37722,798000,0.0003,1766043.625,9851.8974609375,-1.7691327333450317,9436488794112.0,37715628.0,788001,40000.0,-1164817284.5229938,,,,,,,
-0.5447011947631818,-0.06730815141665135,0.10688604509415338,-0.7161784442225135,0.0,746.7326078929793,23.821486701376685,,,800000,0.0003,1629996.875,10921.2294921875,0.12047983705997467,221302177792.0,1822240.625,790000,,,0.0,0.0,40000.0,-41570.91305524105,2746.4179383250716,0.0,0.0
,,,,,,,20,38955,800000,0.0003,-873762.375,10921.7919921875,0.17062193155288696,13549390790656.0,56481812.0,790001,40000.0,-1108672795.5588841,,,,,,,
-0.5291631431579588,-0.022924278753786095,-0.017490947036389325,-0.9910159501145357,0.0,1181.5699470409947,198.54288641344692,20,39028,802000,0.0003,2214886.25,10923.375,-1.0791778564453125,14249963290624.0,46782968.0,792001,40000.0,-1108672795.5588841,,,,,,,
0.44185000228881743,0.005348899504749016,0.039380600897181456,-0.9905905169591791,0.0,1179.0541361950536,219.00174902267005,20,39101,804000,0.0003,2380286.0,9619.6318359375,-0.047146886587142944,1680622092288.0,9407120.0,794001,40000.0,-1108672795.5588841,,,,,,,
0.029870407104491875,0.019844532642234968,-0.01698024800185647,-0.9897075975054285,0.0,1176.3722859157033,211.92775804417045,20,39174,806000,0.0003,-960830.5625,9290.0634765625,0.5734099745750427,388075225088.0,4350929.0,796001,40000.0,-1108672795.5588841,,,,,,,
0.9489657688140878,0.045749384952188776,0.05583857147636635,-0.9876756345989663,0.0,1174.5101626037185,180.7240407723402,20,39247,808000,0.0003,244389.859375,9088.5693359375,-0.17102563381195068,297448833024.0,2862043.75,798001,40000.0,-1108672795.5588841,,,,,,,
2.4299820575714066,0.12293890028775005,0.02883110933972787,-0.9788234865897307,0.0,1155.832949531752,115.12863223917361,20,39321,810000,0.0003,-1064016.25,9352.9306640625,0.9070045948028564,3804365324288.0,15071956.0,800001,40000.0,-1108672795.5588841,,,,,,,
1.2571586704254165,0.08703045606196258,-0.035761996306524144,-0.9813381922746194,0.0,1159.8521584201592,186.5584879185937,20,39394,812000,0.0003,-1582672.0,9502.9267578125,0.503364086151123,1160430485504.0,7714322.0,802001,40000.0,-1108672795.5588841,,,,,,,
2.597923234939576,0.11724546342240894,0.05495441196429953,-0.9764475117121881,0.0,1150.423750521178,106.42697587461419,20,39468,814000,0.0003,-429204.1875,9558.4072265625,-0.9889392256736755,1896079294464.0,19562742.0,804001,40000.0,-1108672795.5588841,,,,,,,
2.7523865871429445,0.16683092222659734,-0.05031230932783887,-0.9648456140287079,0.0,1131.9636498391467,114.3639880677629,20,39541,816000,0.0003,-1083646.625,9381.5439453125,0.9836410284042358,294858293248.0,3741974.75,806001,40000.0,-1108672795.5588841,,,,,,,
0.31262524795532204,0.024059909358928155,-0.04823270405307777,-0.9756967316853374,0.0,1145.9770475846606,197.14617829117998,20,39614,818000,0.0003,-690443.4375,9833.4150390625,0.938713550567627,2579957284864.0,15999243.0,808001,40000.0,-1108672795.5588841,,,,,,,
1.9239029026031493,0.07013373207000353,0.07823313870421683,-0.9700856506888894,0.0,1134.232740312425,141.92422697060707,20,39688,820000,0.0003,-1574477.0,9623.0263671875,0.08734738081693649,2972332851200.0,11208425.0,810001,40000.0,-1108672795.5588841,,,,,,,
1.6031923446655247,0.11430895435824036,-0.070803487695025,-0.9592578596853513,0.0,1115.8663895692787,133.51983305335858,20,39762,822000,0.0003,-2150524.75,9607.94140625,2.823946714401245,149589327872.0,2243662.0,812001,40000.0,-1108672795.5588841,,,,,,,
1.2968073539733882,0.06503904772780209,0.0563294035017431,-0.9606204621416796,0.0,1112.9191850674242,165.996626925446,20,39836,824000,0.0003,368307.625,9620.7138671875,-1.0313140153884888,1445060411392.0,10956367.0,814001,40000.0,-1108672795.5588841,,,,,,,
3.2343806076049804,0.14882366005427758,0.040406022539318666,-0.9477246577553445,0.0,1086.6160720712533,83.0651602610379,20,39911,826000,0.0003,-570695.625,10027.16015625,-0.5489236116409302,12514010071040.0,53459064.0,816001,40000.0,-1108672795.5588841,,,,,,,
-0.13330389022827172,0.02779692271837543,-0.13532665807593547,-0.9483230322273383,0.0,1095.35288599809,192.3752229230484,20,39985,828000,0.0003,-816680.75,9916.958984375,0.7166287899017334,295102775296.0,2700853.0,818001,40000.0,-1108672795.5588841,,,,,,,
1.396920360565185,0.04807929653777238,0.09363646246045883,-0.9460813841862841,0.0,1088.4435268848035,169.2429341699271,20,40059,830000,0.0003,-1517668.25,10159.91015625,1.0921921730041504,136746459136.0,1305356.75,820001,40000.0,-1108672795.5588841,,,,,,,
2.845804220199587,0.15925262297908746,-0.025043041571167584,-0.9248390301630469,0.0,1054.3461863561422,162.57594927327918,20,40133,832000,0.0003,-1040315.375,10046.150390625,0.8515525460243225,2855008468992.0,30704900.0,822001,40000.0,-1108672795.5588841,,,,,,,
-0.761183328628542,-0.021163528452394,0.013560404636467545,-0.9199313529207458,0.0,1065.123947562107,129.20891764759727,20,40207,834000,0.0003,817234.5,9808.9130859375,0.860936164855957,279423025152.0,3194874.25,824001,40000.0,-1108672795.5588841,,,,,,,
4.101403459548947,0.15283028268463306,0.10709533811321545,-0.9095025339454722,0.0,1008.1307752588849,50.287781412795376,20,40280,836000,0.0003,-769894.125,10054.326171875,0.29585790634155273,838154977280.0,6025708.5,826001,40000.0,-1108672795.5588841,,,,,,,
2.5661034240722667,0.18149943967282473,-0.23325950632111048,-0.8745843303174711,0.0,991.0370537355659,68.58297722185424,20,40354,838000,0.0003,-1623585.25,9976.7685546875,0.0964847207069397,3125275262976.0,14099742.0,828001,40000.0,-1108672795.5588841,,,,,,,
0.5000033035278331,0.01636130669835077,0.13050710231870463,-0.8815712676408028,0.0,970.1415654797705,194.7361732767597,20,40428,840000,0.0003,181011.75,10193.5390625,-0.61179518699646,276529479680.0,3778394.75,830001,40000.0,-1058077345.043307,,,,,,,
1.4158898143768315,0.07713781228326468,0.03414018444711069,-0.9907953438857865,0.0,1198.6924445536768,223.8483446944227,20,40502,842000,0.0003,-202964.9375,10302.451171875,-1.6576577425003052,216277155840.0,2205451.0,832001,40000.0,-1058077345.043307,,,,,,,
-0.23640453720092763,-0.006055029328068702,-0.043643371118943175,-0.9942967404787673,0.0,1189.3122145710847,232.82097177270973,20,40577,844000,0.0003,-3756483.5,10870.8525390625,-0.39362961053848267,229554520064.0,3528697.5,834001,40000.0,-1058077345.043307,,,,,,,
0.8301081752777106,0.03055003862212341,0.058010018045847746,-0.9928838559150858,0.0,1185.5974678992723,220.80495905295663,20,40651,846000,0.0003,1146157.875,10193.4609375,0.6116511821746826,624338010112.0,6680928.5,836001,40000.0,-1058077345.043307,,,,,,,
0.49778830146789527,0.03681079936430842,-0.06325328747406844,-0.9909526210365678,0.0,1182.0673631238792,246.91037986033467,20,40725,848000,0.0003,-532427.75,10288.4599609375,-0.010439097881317139,384637992960.0,5924533.0,838001,40000.0,-1058077345.043307,,,,,,,
-0.1819456939697269,-0.006319367461786619,0.040415648349940395,-0.9911836487503028,0.0,1181.0349630053095,227.5207856011561,20,40799,850000,0.0003,-1204976.75,10206.7001953125,0.5670038461685181,323066888192.0,2753606.0,840001,40000.0,-1058077345.043307,,,,,,,
1.7913929901123042,0.08008311292400787,0.04845365747701026,-0.9859901659785913,0.0,1170.382576492061,174.62762889154158,20,40873,852000,0.0003,-167371.8125,10038.642578125,1.491370677947998,2947098083328.0,14436087.0,842001,40000.0,-1058077345.043307,,,,,,,
0.318044982910155,0.03917060730528103,-0.08633598054632129,-0.9852902556398694,0.0,1170.6201532924013,224.64381876628755,20,40947,854000,0.0003,-16872.75,9945.4384765625,0.15167248249053955,583775223808.0,5417534.5,844001,40000.0,-1058077345.043307,,,,,,,
-0.2928537292480473,-0.026809517782282247,-0.012176310995842014,-0.9856803264528565,0.0,1167.2159379930056,222.58420838254693,20,41022,856000,0.0003,-2371641.0,12182.361328125,-0.9538787007331848,3738193887232.0,22631800.0,846001,40000.0,-1058077345.043307,,,,,,,
-0.47736466026306135,-0.026647287848889048,-0.03597042447756217,-0.9843889905345348,0.0,1167.0604906955848,234.61244919557146,20,41098,858000,0.0003,2535357.0,11770.3251953125,-0.20448705554008484,664116002816.0,1506590.5,848001,40000.0,-1058077345.043307,,,,,,,
-2.572558557510376,-0.1277803097924692,-0.003381020492539344,-0.9727391098270977,0.0,1145.7537917752006,127.62034687376163,20,41172,860000,0.0003,-801398.9375,11168.869140625,0.44791990518569946,5303320969216.0,28461148.0,850001,40000.0,-1058077345.043307,,,,,,,
-0.3268831653594954,-0.042027832140962465,0.0732094148367231,-0.980800510963309,0.0,1158.8331306169982,207.59345597988175,20,41247,862000,0.0003,-1014963.75,10959.6455078125,-1.581175684928894,285529047040.0,1936473.25,852001,40000.0,-1058077345.043307,,,,,,,
-0.656683317184449,-0.021872770644774844,-0.1067693155392763,-0.9750646241192381,0.0,1158.6543087112157,171.96356561612782,20,41321,864000,0.0003,-2118800.75,9827.2275390625,-1.0908359289169312,6498800369664.0,15032574.0,854001,40000.0,-1058077345.043307,,,,,,,
-1.882175775527962,-0.09523570230796745,0.09470667970692156,-0.9682980583846832,0.0,1136.5490286129766,177.8068463313134,20,41395,866000,0.0003,-1206082.875,9575.212890625,1.381335735321045,631124721664.0,6532547.0,856001,40000.0,-1058077345.043307,,,,,,,
2.3667344226837144,0.09206249964477198,0.12801456549911314,-0.9643281193638115,0.0,1126.7570956765246,102.00875001619548,20,41469,868000,0.0003,-3608163.75,8964.9345703125,0.35425519943237305,2810752008192.0,20834560.0,858001,40000.0,-1058077345.043307,,,,,,,
0.6004472541809079,0.06958992461605393,-0.14812383160616754,-0.9488918161077825,0.0,1119.303092205262,184.35149669070057,20,41543,870000,0.0003,-2597244.25,9458.28125,0.650928258895874,902325600256.0,6758271.0,860001,40000.0,-1058077345.043307,,,,,,,
2.2090886554718017,0.10190862687612123,0.15004894433622887,-0.94797825232042,0.0,1100.8693926850272,124.28414615304918,20,41617,872000,0.0003,-2107726.5,9084.990234375,-1.9508640766143799,432352854016.0,6909396.5,862001,40000.0,-1058077345.043307,,,,,,,
4.805870685577392,0.24543401975042875,0.040847805840964334,-0.9152096772910818,0.0,1027.0351531623423,14.853542592893008,20,41691,874000,0.0003,-1366733.25,9324.09375,0.5491889715194702,808127496192.0,7644037.5,864001,40000.0,-1058077345.043307,,,,,,,
-1.5072533874511695,-0.029630561217811765,-0.1239738614522641,-0.910122364074274,0.0,1101.9320563644455,180.1558674538763,20,41765,876000,0.0003,-2710733.25,9359.0244140625,-0.314772367477417,440025579520.0,3662811.25,866001,40000.0,-1058077345.043307,,,,,,,
3.86986820602417,0.14928257335199413,0.13103593853504064,-0.9065084601859784,0.0,1002.838108769961,36.196655115846085,20,41839,878000,0.0003,-1431025.125,9535.1455078125,0.5166935324668884,913536712704.0,5628579.5,868001,40000.0,-1058077345.043307,,,,,,,
2.0227615394592293,0.12605569417920012,-0.25631912576088284,-0.8741065275252443,0.0,1006.2386705451628,102.7402363606501,20,41913,880000,0.0003,-445958.4375,9504.8125,-0.7591719031333923,495130836992.0,4537691.5,870001,40000.0,-1012140023.175645,,,,,,,
3.001580820083617,0.1750681668533805,0.001856689272852762,-0.9050085458590512,0.0,1077.2844651581925,252.1240543816437,21,41987,882000,0.0003,-2444531.0,9793.2939453125,1.3150883913040161,630705750016.0,9151185.0,872001,40000.0,-1012140023.175645,,,,,,,
-1.6503896598815897,-0.08965074993215859,0.0023267103695450704,-0.9058881652482863,0.0,1071.1806659144836,4.04247572568753,21,42061,884000,0.0003,-1553368.75,9908.365234375,-0.4193241596221924,699758936064.0,5906683.5,874001,40000.0,-1012140023.175645,,,,,,,
3.397471366882324,0.13040169599381976,0.15258425469155112,-0.9058643006593187,0.0,1014.0204525200497,67.38071813842419,21,42135,886000,0.0003,-2223069.75,9806.5927734375,-0.6629912853240967,1546042474496.0,8533166.0,876001,40000.0,-1012140023.175645,,,,,,,
0.6539589424133296,0.09440717321454822,-0.23908059687332622,-0.8715059238938182,0.0,1029.0764766029647,436.0545996091369,21,42210,888000,0.0003,-1879560.5,10254.615234375,-0.9560182690620422,1901589692416.0,11524968.0,878001,40000.0,-1012140023.175645,,,,,,,
0.028832052230835018,-0.06094178929944374,0.12218012411842334,-0.8789464761474483,0.0,1054.6820072171947,-73.35099211570564,21,42284,890000,0.0003,-447569.1875,10157.439453125,-0.2593609690666199,503930617856.0,6028110.0,880001,40000.0,-1012140023.175645,,,,,,,
4.115425422668455,0.15540067997180187,0.12768074035978796,-0.8755947109739692,0.0,936.4567919763093,25.60698047953243,21,42358,892000,0.0003,-1928604.5,9809.2958984375,-0.3024500012397766,4351873515520.0,14894018.0,882001,40000.0,-1012140023.175645,,,,,,,
-2.2884294261932348,-0.05281267184067173,-0.24247846888193986,-0.8478502023242892,0.0,1030.1750214909032,537.2814472259356,21,42431,894000,0.0003,-1602716.625,9795.4794921875,1.314457654953003,389413142528.0,5306233.5,884001,40000.0,-1012140023.175645,,,,,,,
2.1847384605407725,0.010911723972131474,0.18304889235123462,-0.8499441439753823,0.0,998.5925766294546,-181.32386668978754,21,42505,896000,0.0003,-2200030.0,9529.126953125,0.8311323523521423,751313485824.0,7038264.5,886001,40000.0,-1012140023.175645,,,,,,,
4.240726444244378,0.21978891147655935,-0.11056389383596471,-0.8282125332944024,0.0,904.510175586942,242.41786086824186,21,42578,898000,0.0003,-2264360.5,9448.373046875,0.7112995386123657,1933254852608.0,9736786.0,888001,40000.0,-1012140023.175645,,,,,,,
-1.2848812904357938,-0.07510124562345673,0.0605334866948845,-0.8419574296520718,0.0,948.976866401363,129.48222263664192,,,900000,0.0003,-1341739.25,9346.7958984375,0.8229711651802063,914974441472.0,8904089.0,890000,,,0.0,0.0,40000.0,-39150.60773343231,657.7099432747466,0.0,0.0
,,,,,,,20,43807,900000,0.0003,1288639.5,9347.52734375,-1.243441104888916,1396245528576.0,7198652.5,890001,40000.0,-1012140023.175645,,,,,,,
4.652591072082514,0.2009723675992353,0.1739453136512839,-0.8193400325262304,0.0,841.4566686966194,-129.3385564448773,20,43880,902000,0.0003,-1490487.375,9624.7431640625,2.121882438659668,161429028864.0,1761084.0,892001,40000.0,-1012140023.175645,,,,,,,
2.277209293365477,0.15335962062428507,-0.29577739418428084,-0.7841626372891899,0.0,914.0408136571085,229.7725168153385,20,43953,904000,0.0003,-1158687.375,9914.6513671875,1.775177001953125,2145361854464.0,13472197.0,894001,40000.0,-1012140023.175645,,,,,,,
0.8920027275085444,0.02064465409975719,0.19680550702314678,-0.8315562665248286,0.0,977.5390495487366,198.43662737383355,20,44026,906000,0.0003,-1296972.625,9886.099609375,1.3173038959503174,616677376000.0,5928695.5,896001,40000.0,-1012140023.175645,,,,,,,
5.364960491180425,0.3439165432105006,0.19553230174483735,-0.7506241261859675,0.0,748.3952282738932,-60.11431102757901,20,44099,908000,0.0003,-934063.25,9970.3857421875,1.1438534259796143,385221984256.0,2941530.0,898001,40000.0,-1012140023.175645,,,,,,,
1.0227328033447274,0.01800644624060092,-0.41634757007791157,-0.7849796202593797,0.0,989.2017926975861,283.9620085747698,20,44173,910000,0.0003,39632.84375,10000.8115234375,-0.6237700581550598,872948301824.0,8126862.5,900001,40000.0,-1012140023.175645,,,,,,,
3.169745880126955,0.12229635752947622,0.26235501189354415,-0.8051232048569623,0.0,867.9849465045313,112.80809876046719,20,44246,912000,0.0003,-1810295.375,9976.578125,0.18415296077728271,217755123712.0,1845713.375,902001,40000.0,-1012140023.175645,,,,,,,
4.922949676513677,0.2699164619589208,-0.2564480153722756,-0.7229862568293906,0.0,830.2194604057156,193.47015331576256,20,44319,914000,0.0003,-474407.5625,10057.01171875,-0.32643479108810425,698973683712.0,11349912.0,904001,40000.0,-1012140023.175645,,,,,,,
-2.0618146152496304,-0.1753418245245228,-0.030901615280713234,-0.7591219513913583,0.0,902.084363436315,244.84606356616288,20,44392,916000,0.0003,-1721638.25,11697.744140625,0.058303505182266235,229807489024.0,1954513.25,906001,40000.0,-1012140023.175645,,,,,,,
1.7031708278656024,0.057496816263446444,0.2494701989181365,-0.7938201406180018,0.0,798.2075868822494,-69.24715050156043,20,44466,918000,0.0003,-2936531.5,12324.376953125,0.9741742610931396,150699048960.0,1131861.5,908001,40000.0,-1012140023.175645,,,,,,,
-0.5050502510070788,-0.018503783625092265,-0.2288410568017884,-0.7652890364687844,0.0,803.4064315090319,148.35883956825506,20,44539,920000,0.0003,-1181242.75,11402.294921875,1.0035864114761353,2740435025920.0,20210778.0,910001,40000.0,-969830917.1921984,,,,,,,
-0.9707013511657715,-0.06302539557183312,-0.11395050074170437,-0.987814786484283,0.0,1181.5771127249534,172.5307658077273,20,44613,922000,0.0003,-1138696.5,12132.42578125,-0.4260168969631195,1426021023744.0,13367980.0,912001,40000.0,-969830917.1921984,,,,,,,
-1.7648075008392405,-0.10451100782670569,0.03643102326370609,-0.9625755641573034,0.0,1323.8598235322572,288.5462970775467,20,44686,924000,0.0003,-1509804.875,10448.875,0.20343893766403198,240131768320.0,2986663.25,914001,40000.0,-969830917.1921984,,,,,,,
1.200635093688965,0.01951967727481748,0.13167191959734567,-0.9878163367897392,0.0,1203.2506874007415,187.71953576090144,20,44760,926000,0.0003,-2332871.0,9494.611328125,0.6793084144592285,830460067840.0,6819584.5,916001,40000.0,-969830917.1921984,,,,,,,
0.34036825370788504,0.0401330922978639,-0.1320711150675811,-0.9809176244084695,0.0,1187.5001036394083,175.4522073694927,20,44834,928000,0.0003,-2246312.5,8996.220703125,-1.8252509832382202,1571813851136.0,10013458.0,918001,40000.0,-969830917.1921984,,,,,,,
-0.9575689487457265,-0.06276790064359694,0.0752491525751119,-0.9765934693288341,0.0,1193.354394101261,219.98745324007356,20,44909,930000,0.0003,-2954257.5,9616.7236328125,0.1422278881072998,666929332224.0,6426248.5,920001,40000.0,-969830917.1921984,,,,,,,
2.061144395828248,0.09049817204917533,0.10409066981673185,-0.974265414937566,0.0,1148.6179884121339,137.3271821104445,20,44983,932000,0.0003,-1851833.625,9829.5986328125,0.5757280588150024,3279897493504.0,15496344.0,922001,40000.0,-969830917.1921984,,,,,,,
-1.387831106185911,-0.12244916954144756,-0.2311357779953437,-0.9432390133810649,0.0,1190.0587636637636,317.78632509021725,20,45056,934000,0.0003,-905767.875,10286.8505859375,-0.1730283796787262,1734762692608.0,9164072.0,924001,40000.0,-969830917.1921984,,,,,,,
-0.430538614273068,-0.013284871125228637,0.21933677819693134,-0.9544665895324632,0.0,1172.3172881944877,-6.472585692815771,20,45130,936000,0.0003,-748013.6875,9178.65234375,0.6993361711502075,3429391925248.0,21192694.0,926001,40000.0,-969830917.1921984,,,,,,,
1.7105640258789045,0.08541976085915516,-0.20637057601000747,-0.9328235935634198,0.0,1133.7197097601702,82.18238654763755,20,45204,938000,0.0003,-2447782.0,10295.958984375,-2.379193067550659,2430805737472.0,22795878.0,928001,40000.0,-969830917.1921984,,,,,,,
-3.3761767959594766,-0.19018342719232806,0.023421703726133326,-0.9138249239057694,0.0,1084.279140801701,191.90016191290457,20,45278,940000,0.0003,-2708546.5,11615.4482421875,-1.3172467947006226,301058162688.0,3943205.25,930001,40000.0,-969830917.1921984,,,,,,,
0.8611703033447264,0.015290050980673299,0.17368433317291712,-0.9332551641280759,0.0,1069.1917915136332,101.49931304317133,20,45353,942000,0.0003,-2216085.5,12280.8369140625,-0.8788385987281799,486687047680.0,11390815.0,932001,40000.0,-969830917.1921984,,,,,,,
-3.7951240348815936,-0.1600140500603885,-0.24351374560065658,-0.8876325995688882,0.0,1056.990953705978,68.03041422207099,20,45427,944000,0.0003,-3106311.5,13777.396484375,0.8741352558135986,242468159488.0,1727728.625,934001,40000.0,-969830917.1921984,,,,,,,
-2.769044687271119,-0.26304762346388394,0.14977386117734176,-0.7941442145477278,0.0,983.3845659503166,21.56303953965415,20,45501,946000,0.0003,-3812673.0,14494.5322265625,-1.2871524095535278,426374955008.0,4199986.0,936001,40000.0,-969830917.1921984,,,,,,,
0.37763401222229276,-0.008138637494374459,-0.08956342151505922,-0.866213962202765,0.0,952.7031665603045,167.74500056366094,20,45575,948000,0.0003,768000.25,10077.2978515625,-0.03309355676174164,466638012416.0,4632944.0,938001,40000.0,-969830917.1921984,,,,,,,
-6.953075963973994,-0.1977192905689367,-0.16737285243851863,-0.815967192240056,0.0,892.6449098656568,174.9853134644707,20,45649,950000,0.0003,-1298047.125,10091.9072265625,-0.5252666473388672,565337260032.0,6245829.5,940001,40000.0,-969830917.1921984,,,,,,,
2.1333191299438505,-0.1025632633163266,0.357239369464099,-0.7589766220147183,0.0,818.4610957979937,-56.9507851775951,20,45723,952000,0.0003,-4214244.0,9360.4443359375,-0.12489059567451477,177686724608.0,1862896.25,942001,40000.0,-969830917.1921984,,,,,,,
-1.019194122314452,-0.0425816718941796,-0.19895600149585296,-0.7611373282088615,0.0,796.1143211346747,96.96982682756635,20,45798,954000,0.0003,-1805208.375,10772.8291015625,-0.08496211469173431,178555060224.0,1701369.125,944001,40000.0,-969830917.1921984,,,,,,,
-5.509111461639406,-0.2713856118207534,-0.08211022314400623,-0.6299493422478443,0.0,736.8441168910724,45.171492581404365,20,45872,956000,0.0003,-2011264.125,10394.92578125,-0.4474225640296936,541346136064.0,5189271.5,946001,40000.0,-969830917.1921984,,,,,,,
1.5389558181762657,0.0934569231632678,0.23404866472140345,-0.6133002658072506,0.0,616.3754526831221,409.9055824345504,20,45946,958000,0.0003,-2042016.0,10243.140625,0.982327401638031,164950687744.0,2144177.25,948001,40000.0,-969830917.1921984,,,,,,,
-3.445829977035521,-0.17059516616136358,-0.12619257103234105,-0.6047316820910752,0.0,631.8403002366786,-306.0337111518431,20,46020,960000,0.0003,-2458897.5,10065.263671875,-0.3194619417190552,20362662248448.0,60701812.0,950001,40000.0,-931181298.9134603,,,,,,,
0.028175184249877815,0.0012183659404686523,0.027489244194562067,-0.9987434146066552,0.0,1198.8495762199254,242.30579447335447,20,46094,962000,0.0003,-2438392.0,7398.33251953125,-0.19896617531776428,190145216512.0,1542817.125,952001,40000.0,-931181298.9134603,,,,,,,
1.3492719497680692,0.06864571064971806,0.02732610540309654,-0.9956429582616151,0.0,1192.25451549425,180.84089767520945,20,46169,964000,0.0003,-1760054.375,7708.353515625,-0.5702645778656006,5230785724416.0,35982656.0,954001,40000.0,-931181298.9134603,,,,,,,
0.6811393051147452,0.049374936759155,-0.057848024332235154,-0.9961757462948767,0.0,1193.9543322453271,240.79485117931216,20,46242,966000,0.0003,-1853558.0,8460.6025390625,1.085010051727295,435907723264.0,4343825.0,956001,40000.0,-931181298.9134603,,,,,,,
-0.7521840133666993,-0.04912801804665525,-0.034303932062090516,-0.9954554643746075,0.0,1191.8540742203973,237.5072191415215,20,46318,968000,0.0003,-2603462.75,9149.11328125,1.7359747886657715,242083332096.0,2915280.75,958001,40000.0,-931181298.9134603,,,,,,,
0.9518834686279297,0.04325978123455099,0.12729887527958886,-0.9906508764210922,0.0,1190.7469555171988,181.44840101039992,20,46392,970000,0.0003,-3168259.0,7877.97802734375,-0.7075024843215942,4820396146688.0,15354871.0,960001,40000.0,-931181298.9134603,,,,,,,
0.894165534973143,0.07386097508912161,-0.09945533660171264,-0.9884081253625435,0.0,1179.4496364962358,239.44186999323279,20,46466,972000,0.0003,-2648415.25,8670.0166015625,-0.9458626508712769,543179735040.0,7620464.5,962001,40000.0,-931181298.9134603,,,,,,,
0.9846578197479254,0.030040133720124804,0.09439189961281728,-0.9843510070854684,0.0,1190.3414011442023,208.17705101449906,20,46540,974000,0.0003,-1130864.375,8377.6787109375,0.16101181507110596,734261608448.0,10291811.0,964001,40000.0,-931181298.9134603,,,,,,,
2.408525831222535,0.08967537017308709,-0.12466650521204055,-0.9546358781927047,0.0,1245.356693481659,406.65034057330746,20,46614,976000,0.0003,-1558439.0,9371.162109375,-1.2880125045776367,620468043776.0,8170126.0,966001,40000.0,-931181298.9134603,,,,,,,
-1.1686809234619135,-0.06142837873843219,0.09296166248364787,-0.9488447653671328,0.0,1299.0324209582027,-21.949800587459144,20,46687,978000,0.0003,-3381943.75,9273.908203125,-0.10259351879358292,257434255360.0,1458976.125,968001,40000.0,-931181298.9134603,,,,,,,
3.30098371505737,0.15809492740879677,0.09950500398794397,-0.9623333692020205,0.0,1124.2826703440523,59.05127283125359,20,46762,980000,0.0003,-1958807.875,9085.0859375,1.2901140451431274,995494395904.0,11398979.0,970001,40000.0,-931181298.9134603,,,,,,,
-0.1813699150085448,0.03159295832732337,-0.15329316117201627,-0.9547539600947806,0.0,1267.31964712265,305.67061827986396,20,46836,982000,0.0003,-1037732.75,8964.0625,-0.10518665611743927,767508086784.0,7245098.0,972001,40000.0,-931181298.9134603,,,,,,,
2.4182192821502695,0.11091789251503119,0.12632277450613594,-0.9636248510937699,0.0,1163.6411155568198,139.0311338320185,20,46910,984000,0.0003,-376334.59375,8972.31640625,0.626261830329895,12634577436672.0,44889208.0,974001,40000.0,-931181298.9134603,,,,,,,
0.3182299098968528,0.05449742541558116,-0.23142776211246582,-0.9451285281382158,0.0,1279.9545891970427,340.3044103442061,20,46984,986000,0.0003,1768963.0,11195.0595703125,-0.11292929202318192,926002511872.0,6955033.5,976001,40000.0,-931181298.9134603,,,,,,,
0.24878019905090365,-0.09900778107797464,0.14158476497040035,-0.9387561095418948,0.0,1344.0642292610326,307.9979502097851,20,47057,988000,0.0003,-191147.78125,11062.3017578125,-0.37856659293174744,729473613824.0,6507653.5,978001,40000.0,-931181298.9134603,,,,,,,
-1.6195093345642075,-0.07301825264915246,0.003921472173563456,-0.9343597281618266,0.0,1255.611513254371,554.0756481710979,21,47131,990000,0.0003,-1931717.875,12556.7431640625,0.940468430519104,187960819712.0,2667241.0,980001,40000.0,-931181298.9134603,,,,,,,
0.3578520832061788,-0.10482794058189099,-0.11853800007586276,-0.9327730608502411,0.0,1310.5289277498382,-278.43063650501557,21,47204,992000,0.0003,-1368378.5,13078.8056640625,-0.8755700588226318,7261070032896.0,16091546.0,982001,40000.0,-931181298.9134603,,,,,,,
-2.0080005130767766,-0.24001924790606843,0.07129903469307645,-0.8555047773878037,0.0,1213.3579168458843,58.74886223253423,21,47278,994000,0.0003,-1372099.75,15457.6708984375,1.51639723777771,235467243520.0,2418368.0,984001,40000.0,-931181298.9134603,,,,,,,
0.3714034194946286,0.03813496569647956,-0.0024455756888368293,-0.929296743283904,0.0,1160.1316496267298,303.06050423747564,21,47352,996000,0.0003,-2879624.0,10700.4482421875,1.4054774045944214,577457160192.0,6542152.0,986001,40000.0,-931181298.9134603,,,,,,,
-2.5780595722198454,-0.11423392897704186,-0.09705695023804362,-0.9082668004635156,0.0,1183.4765612091228,310.25590594526557,21,47426,998000,0.0003,-2826460.0,13222.5166015625,0.9135046601295471,210761154560.0,2098751.75,988001,40000.0,-931181298.9134603,,,,,,,
0.12309300994872867,-0.05722738228588496,0.10495206399074264,-0.9140018395186936,0.0,1124.9507037075593,175.0337470899601,,,1000000,0.0003,-2494828.5,13141.8203125,-0.05226856470108032,11320638308352.0,39176872.0,990000,,,0.0,0.0,40000.0,-56067.96614174536,4400.683031248538,0.0,0.0
,,,,,,,20,48630,1000000,0.0003,-696364.625,13139.978515625,1.442770004272461,4907049943040.0,29732166.0,990001,40000.0,-895979340.0722815,,,,,,,
