arm,update,split,label_rmse,initial_label_rmse,label_drift_rms,interior_label_rmse,boundary_label_rmse,reset_label_rmse,rollout_label_rmse,boundary_value_rmse,hjb_rms,target_gap_rms,value_abs_max,eta_abs_mean,eta_abs_max,eta_abs_p50,eta_abs_p90,eta_abs_p99,state_gradient_norm_mean,state_gradient_norm_max,saturation_fraction,terminal_fraction
fixed_labels,0,train,0.6988247193427483,0.6988247193427483,0.0,0.0036129446275670178,10.00063228703393,6.020383584773815e-06,0.988287395797749,10.00063228703393,0.18064723569938282,0.0,0.0010284490417689085,2.223413986257583e-07,2.724003252296825e-06,6.24713720753789e-08,6.656063078480656e-07,1.9134472495352384e-06,0.0001429491676390171,0.0006247510318644345,0.0,0.0048828125
fixed_labels,0,heldout,0.5413127482071729,0.5413127482071729,0.0,0.0036176955940945272,10.000643255993744,6.157066637623375e-06,0.765531829975276,10.000643255993744,0.18088478331799845,0.0,0.0009497536229901016,2.2048868686397327e-07,3.113605544058373e-06,6.435656985104288e-08,7.076066594891017e-07,1.9779060949076666e-06,0.00014084530994296074,0.0006253481260500848,0.0,0.0029296875
moving_labels,0,train,0.6988247193427483,0.6988247193427483,0.0,0.0036129446275670178,10.00063228703393,6.020383584773815e-06,0.988287395797749,10.00063228703393,0.18064723569938282,0.0,0.0010284490417689085,2.223413986257583e-07,2.724003252296825e-06,6.24713720753789e-08,6.656063078480656e-07,1.9134472495352384e-06,0.0001429491676390171,0.0006247510318644345,0.0,0.0048828125
moving_labels,0,heldout,0.5413127482071729,0.5413127482071729,0.0,0.0036176955940945272,10.000643255993744,6.157066637623375e-06,0.765531829975276,10.000643255993744,0.18088478331799845,0.0,0.0009497536229901016,2.2048868686397327e-07,3.113605544058373e-06,6.435656985104288e-08,7.076066594891017e-07,1.9779060949076666e-06,0.00014084530994296074,0.0006253481260500848,0.0,0.0029296875
online,0,train,0.6988247193427483,0.6988247193427483,0.0,0.0036129446275670178,10.00063228703393,6.020383584773815e-06,0.988287395797749,10.00063228703393,0.18064723569938282,0.0,0.0010284490417689085,2.223413986257583e-07,2.724003252296825e-06,6.24713720753789e-08,6.656063078480656e-07,1.9134472495352384e-06,0.0001429491676390171,0.0006247510318644345,0.0,0.0048828125
online,0,heldout,0.5413127482071729,0.5413127482071729,0.0,0.0036176955940945272,10.000643255993744,6.157066637623375e-06,0.765531829975276,10.000643255993744,0.18088478331799845,0.0,0.0009497536229901016,2.2048868686397327e-07,3.113605544058373e-06,6.435656985104288e-08,7.076066594891017e-07,1.9779060949076666e-06,0.00014084530994296074,0.0006253481260500848,0.0,0.0029296875
fixed_labels,100,train,0.6696161044885687,0.6696161044885687,0.0,0.16248308047249527,9.29779134128776,0.00022829583549531995,0.9469801490326516,9.29779134128776,0.8150598810048665,0.17281819706882184,0.775087296962738,0.00015554236597381532,0.0010696868412196636,7.62475683586672e-05,0.0004464625963009894,0.0008682520710863173,0.06991131603717804,0.36381039023399353,0.0,0.0048828125
fixed_labels,100,heldout,0.5312672983913229,0.5312672983913229,0.0,0.16030099196670958,9.3591806685936,0.00023610000406335154,0.7513253815337386,9.3591806685936,0.8218088469804227,0.16735568517213867,0.7716540098190308,0.0001724283501971513,0.0013981694355607033,8.120667189359665e-05,0.0004980888334102929,0.0009840002749115229,0.06856352090835571,0.36548084020614624,0.0,0.0029296875
moving_labels,100,train,0.657078848249257,0.6692925497049571,0.0498619340196773,0.138368283297174,9.193531680991057,0.0001880822860297443,0.9292497997084498,9.193531680991057,0.9093023458473991,0.15087589873457877,0.8893675208091736,0.00016519856580998749,0.0011401918018236756,8.325381350005046e-05,0.0004664929583668709,0.0009192025754600763,0.0803498774766922,0.4165620803833008,0.0,0.0048828125
moving_labels,100,heldout,0.5195169517458065,0.5344812312732784,0.04919408493316888,0.1364178916363483,9.262374858246844,0.00019439744098994054,0.7347078933236965,9.262374858246844,0.9162087269440503,0.1460382807390721,0.8857484459877014,0.00018360470130573958,0.0015105146449059248,8.762507059145719e-05,0.0005214518751017749,0.0010563514661043882,0.07877349853515625,0.41896164417266846,0.0,0.0029296875
online,100,train,0.6553881956670818,0.6696019043413917,0.053064003314168974,0.15182406675454946,9.125283424252261,0.00020247640260254927,0.9268588528156877,9.125283424252261,0.9715360099372361,0.16504485305946995,0.9633995294570923,0.0001700550492387265,0.0011500634718686342,8.655982674099505e-05,0.00048000310198403895,0.0009268661960959435,0.08710546046495438,0.4527563750743866,0.0,0.0048828125
online,100,heldout,0.5198697456527489,0.5372183724930524,0.05237276426093591,0.14963506087305783,9.199457349593313,0.00020934947244383975,0.7352068151635335,9.199457349593313,0.9788033296696198,0.15973214929727994,0.9595301151275635,0.00018885222380049527,0.0015446596080437303,9.210910502588376e-05,0.0005335000460036099,0.0010604396229609847,0.08540000021457672,0.4553363025188446,0.0,0.0029296875
fixed_labels,200,train,0.6643179073517541,0.6643179073517541,0.0,0.14356005420720708,9.283413718442146,0.0002166243856013899,0.93948736932984,9.283413718442146,0.8907755693744988,0.15519138376256056,0.807498037815094,0.00024863018188625574,0.0022370449732989073,8.418904326390475e-05,0.000798239663708955,0.0015452380757778883,0.07103206217288971,0.5072217583656311,0.0,0.0048828125
fixed_labels,200,heldout,0.5273863943016087,0.5273863943016087,0.0,0.1435523679369266,9.376773564477883,0.00022182494595928716,0.7458369584450728,9.376773564477883,0.9079678346706616,0.15094792044406005,0.7992188334465027,0.0002621856692712754,0.002101682359352708,8.705491200089455e-05,0.0008386252447962761,0.001714022015221417,0.06998416781425476,0.5070216059684753,0.0,0.0029296875
moving_labels,200,train,0.6147305374893813,0.6654327751452827,0.17906517834600044,0.09541209155790792,8.69122140828046,0.0001012565643137784,0.8693602574255828,8.69122140828046,1.468825530146987,0.1175181229948502,1.4696284532546997,0.0003226961416658014,0.0025318809784948826,0.00011620167060755193,0.0010228499304503202,0.001885464764200151,0.1231098398566246,0.8486800789833069,0.0,0.0048828125
moving_labels,200,heldout,0.4882926982320522,0.5499971023003106,0.17754543075043994,0.09535461096986643,8.848137826581508,0.00010311584502252342,0.690550148548676,8.848137826581508,1.4919034914934943,0.11381090272848103,1.4581083059310913,0.0003455446567386389,0.0027677142061293125,0.00012406762107275426,0.0010771139059215784,0.002159273950383067,0.12084198743104935,0.8502185344696045,0.0,0.0029296875
online,200,train,0.5965442220844087,0.6834592406181306,0.21080371577754697,0.16380032920290744,8.210547373468762,0.0001276693581933322,0.8436409197668874,8.210547373468762,1.965487166476924,0.19193942225552107,2.00978422164917,0.00037008587969467044,0.0029138021636754274,0.0001306526391999796,0.0012489890214055777,0.0022721365094184875,0.16423039138317108,1.1720417737960815,0.0,0.0048828125
online,200,heldout,0.48413783535939864,0.5863677968270128,0.20887322179138923,0.1628024017558256,8.425231375530839,0.00013064477851701246,0.6846742803588508,8.425231375530839,1.9936597795160855,0.18517272677031796,1.9954304695129395,0.00039603235200047493,0.0032582073472440243,0.00013772593229077756,0.00132129923440516,0.0025475588627159595,0.1609988510608673,1.1759521961212158,0.0,0.0029296875
fixed_labels,300,train,0.6502991917969342,0.6502991917969342,0.0,0.23835688375974481,8.661927102808631,0.0002770068753009741,0.9196618949215426,8.661927102808631,1.658083064094122,0.2591368823282852,1.5500391721725464,0.00039435047074221075,0.006135845091193914,9.819166734814644e-05,0.001262700418010354,0.004168558865785599,0.12868821620941162,1.2623343467712402,0.0,0.0048828125
fixed_labels,300,heldout,0.5376877117642312,0.5376877117642312,0.0,0.24064386744056718,8.886714791661465,0.0002825983466683047,0.7604052017856562,8.886714791661465,1.704771198542697,0.25189378740174534,1.5283291339874268,0.0003960684407502413,0.0059778266586363316,9.570344991516322e-05,0.0013040956109762192,0.003267663298174739,0.12637726962566376,1.24905264377594,0.0,0.0029296875
moving_labels,300,train,0.5260830851812361,0.7283462611247112,0.37657320508712966,0.16354688438611656,7.157512793383993,2.4780497280899127e-05,0.7439938335856975,7.157512793383993,3.2970372346329304,0.21052184983082842,3.2533915042877197,0.0004820084141101688,0.006789213512092829,0.00011490434553707018,0.0016670533223077655,0.004544938448816538,0.24855804443359375,2.341611862182617,0.0,0.0048828125
moving_labels,300,heldout,0.4429102835648963,0.6699989369211148,0.3751445299344483,0.16447971582932464,7.599471159579399,2.6051319811424595e-05,0.6263697293902399,7.599471159579399,3.363327123209687,0.2022915761580642,3.2226343154907227,0.0004944272805005312,0.006476034410297871,0.00012144558422733098,0.0017084225546568632,0.004197185393422842,0.2429286688566208,2.345386505126953,0.0,0.0029296875
online,300,train,0.5362922277159735,0.7029640385279778,0.37826257126164214,0.09760046045046704,7.5472529699871735,2.4525920900780837e-05,0.7584317414346543,7.5472529699871735,2.8211814877750223,0.13795285916790725,2.8068642616271973,0.00045753768063150346,0.005697242915630341,0.00011595078103709966,0.0015916676493361592,0.0040482040494680405,0.21618685126304626,1.9447147846221924,0.0,0.0048828125
online,300,heldout,0.4393872025403093,0.6311746380685145,0.3765655513589933,0.09831161837373197,7.912573064826062,2.6012819815359314e-05,0.6213873404211987,7.912573064826062,2.8751740084566624,0.13252797772596472,2.7808685302734375,0.000471241568448022,0.005441046319901943,0.0001226977474289015,0.001589569030329585,0.003835046896710992,0.2113494575023651,1.9513163566589355,0.0,0.0029296875
fixed_labels,400,train,0.6356965236736596,0.6356965236736596,0.0,0.24219897078513516,8.41467556069653,0.000209284049660062,0.8990106209727101,8.41467556069653,2.185074724272294,0.2698025640981237,1.920759677886963,0.000445634126663208,0.009558828547596931,7.18554510967806e-05,0.0011333015281707048,0.006116021890193224,0.15013155341148376,2.1094768047332764,0.00537109375,0.0048828125
fixed_labels,400,heldout,0.5348767756379286,0.5348767756379286,0.0,0.2485593024564987,8.753670810549114,0.00021246260070233985,0.7564299604677867,8.753670810549114,2.26999938221137,0.26219435842233163,1.8828622102737427,0.0004235114611219615,0.009501430206000805,6.867833144497126e-05,0.0011581577127799392,0.005046735983341932,0.14677095413208008,2.081979513168335,0.00390625,0.0029296875
moving_labels,400,train,0.4335660858326263,0.8164709887089653,0.5920134117349684,0.13960315635627202,5.875912302857897,8.055302718445593e-05,0.6131550334782048,5.875912302857897,5.1067838368992815,0.20856903875497743,4.797952175140381,0.0005673581035807729,0.011217722669243813,8.982019789982587e-05,0.0019315006211400032,0.006546191871166229,0.3475569784641266,4.058434009552002,0.00341796875,0.0048828125
moving_labels,400,heldout,0.3874771151034282,0.7952733773783573,0.5927236310927064,0.1424552799351092,6.6588830058944275,8.358185846138446e-05,0.5479753849141616,6.6588830058944275,5.227664759498804,0.19982142933543812,4.747844696044922,0.0005604367470368743,0.010737891308963299,9.239054634235799e-05,0.0019334423122927547,0.005203647073358297,0.3382393419742584,4.060407638549805,0.0029296875,0.0029296875
online,400,train,0.46419695497134134,0.7701778227188254,0.5496463532205099,0.09226356218500921,6.511159664398903,4.5913816614771375e-05,0.6564736277271559,6.511159664398903,4.1765543732139685,0.14954021394977782,4.027547836303711,0.000533530954271555,0.008438942953944206,0.00010451339039718732,0.0018614819273352623,0.0052284253761172295,0.29920294880867004,3.158550262451172,0.000244140625,0.0048828125
online,400,heldout,0.39631870083882803,0.7320405291566643,0.549321411501393,0.09403131886514078,7.113615778744559,4.821719972303535e-05,0.5604792796743289,7.113615778744559,4.269832504604293,0.1437292478013337,3.9865050315856934,0.0005394864710979164,0.008038717322051525,0.00010768231004476547,0.001852701068855822,0.004636819940060377,0.2918034791946411,3.162832021713257,0.00048828125,0.0029296875
fixed_labels,500,train,0.6206259659992863,0.6206259659992863,0.0,0.2395268873888579,8.197043474041505,0.0001348726153472053,0.8776976479144013,8.197043474041505,2.7868581884502697,0.2748331727797808,2.298896312713623,0.00047487899428233504,0.014279698953032494,4.9210058932658285e-05,0.0009619140182621777,0.008184228092432022,0.1647520214319229,3.2050647735595703,0.010986328125,0.0048828125
fixed_labels,500,heldout,0.5308409930618694,0.5308409930618694,0.0,0.25004544743812096,8.65485352710382,0.00013646817551933585,0.7507225194479384,8.65485352710382,2.9173605380853576,0.2662767280653771,2.241176128387451,0.00043278810335323215,0.013865411281585693,4.828171950066462e-05,0.0009600609191693366,0.007116651628166437,0.16010397672653198,3.1842479705810547,0.0078125,0.0029296875
moving_labels,500,train,0.34520113956760934,0.9504290573024832,0.8081682148752988,0.1122628117268054,4.672929784731185,5.208508654925256e-05,0.4881881305446661,4.672929784731185,6.766658396343996,0.20567514406958112,6.201685905456543,0.0006569146062247455,0.01385053526610136,8.437604992650449e-05,0.002445883583277464,0.006793741136789322,0.44396069645881653,5.556801795959473,0.005859375,0.0048828125
moving_labels,500,heldout,0.3327342730098641,0.9510636802740284,0.8124473869780533,0.11411120937346873,5.775649167409053,5.39750257588358e-05,0.47055731846131366,5.775649167409053,6.930859782502098,0.19720169533399323,6.140500068664551,0.0006427119951695204,0.013209139928221703,8.615860133431852e-05,0.0024010653141885996,0.006250851787626743,0.4315909147262573,5.557120323181152,0.00390625,0.0029296875
online,500,train,0.3873919719384067,0.8911417143145096,0.7320025681219267,0.09656240268295282,5.369782520995282,3.751452649495209e-05,0.5478549793853432,5.369782520995282,5.6558455852058875,0.17700055057578476,5.340255260467529,0.0005898476811125875,0.010765639133751392,9.834403317654505e-05,0.0021205665543675423,0.005939115770161152,0.38931259512901306,4.409256935119629,0.003173828125,0.0048828125
online,500,heldout,0.3506436403121244,0.8775353288659353,0.7340308022906195,0.09687769761816398,6.226807802855929,3.9047487605084904e-05,0.49588499015192095,6.226807802855929,5.781211278475767,0.16959445750722593,5.289675712585449,0.0005926665617153049,0.010196183808147907,0.00010260306589771062,0.002163156634196639,0.00541857210919261,0.3792380094528198,4.414090633392334,0.00244140625,0.0029296875
fixed_labels,600,train,0.6067142658077698,0.6067142658077698,0.0,0.2796074915932769,7.710653372443375,9.567712461055267e-05,0.8580235378561651,7.710653372443375,3.8179413927941104,0.3275559059674529,3.007371187210083,0.0005607801140286028,0.02210283651947975,3.989790639025159e-05,0.0009589983383193612,0.011466127820312977,0.20140816271305084,4.746150016784668,0.01904296875,0.0048828125
fixed_labels,600,heldout,0.5399869909010874,0.5399869909010874,0.0,0.2952274782454232,8.358516708470527,9.664582269667892e-05,0.7636569199217715,8.358516708470527,4.007112348027808,0.31607609251066415,2.925747871398926,0.0005001990357413888,0.02143958956003189,3.963145354646258e-05,0.0009991341503337026,0.009603536687791348,0.1947271227836609,4.6568803787231445,0.017578125,0.0029296875
moving_labels,600,train,0.2634577269340321,1.1452298058396984,1.0282455053587014,0.11155055297019735,3.4174803699494443,1.966051833476823e-05,0.37258549002337443,3.4174803699494443,8.38466376140391,0.23745559103764108,7.592735767364502,0.0007757574203424156,0.015248224139213562,8.624233305454254e-05,0.0028490680269896984,0.007630812935531139,0.5488470792770386,6.9286346435546875,0.008544921875,0.0048828125
moving_labels,600,heldout,0.28378946681203193,1.1560248934772683,1.0356097181863182,0.1105696114026356,4.83000894287682,2.0446281451126843e-05,0.4013389123033852,4.83000894287682,8.581086394399291,0.22821859992789134,7.528134822845459,0.0007662505377084017,0.014389358460903168,8.80857915035449e-05,0.00265690335072577,0.007665714249014854,0.5342177748680115,6.953923225402832,0.00830078125,0.0029296875
online,600,train,0.31992983427026156,1.011994169851987,0.9115597330434142,0.07622910461226409,4.447253943443044,2.2579278892043067e-05,0.45244911006937594,4.447253943443044,6.853959853314697,0.17303440706643003,6.391238212585449,0.0006646094843745232,0.012077038176357746,9.885169856715947e-05,0.002438811119645834,0.006005542352795601,0.46564969420433044,5.455560207366943,0.00341796875,0.0048828125
online,600,heldout,0.30881440714736164,1.011754826288273,0.9156454981096971,0.07618421040801215,5.529593461474405,2.3601285565341156e-05,0.4367295222062875,5.529593461474405,7.009261707614046,0.1663342081473605,6.333696365356445,0.0006645112880505621,0.011383986100554466,0.00010350020602345467,0.002486280631273985,0.006148133892565966,0.45356485247612,5.468327522277832,0.00390625,0.0029296875
fixed_labels,700,train,0.5944256606403266,0.5944256606403266,0.0,0.24190988647481845,7.77418536140968,5.2127018094569406e-05,0.8406448294839811,7.77418536140968,4.180869033287111,0.2945195352380306,3.0937612056732178,0.000504890107549727,0.025939393788576126,2.4179253159672953e-05,0.0007519987411797047,0.011054999195039272,0.19643504917621613,6.028328895568848,0.019775390625,0.0048828125
fixed_labels,700,heldout,0.5268574812421194,0.5268574812421194,0.0,0.2609448174569124,8.460074132126696,5.207401002365871e-05,0.7450889935906166,8.460074132126696,4.4165858451623565,0.2831734084778911,2.986356258392334,0.0004534498730208725,0.02514249086380005,2.388062421232462e-05,0.0007569203153252602,0.010079041123390198,0.18952281773090363,6.014313697814941,0.02001953125,0.0029296875
moving_labels,700,train,0.1966453083097337,1.2827239002232182,1.2360592678567328,0.059297787741362296,2.6838184133412124,3.884899814000175e-05,0.27809845927515636,2.6838184133412124,9.25857717248752,0.19760771780611228,8.419994354248047,0.0011506923474371433,0.017346614971756935,0.00010270671918988228,0.004320783540606499,0.011810285039246082,0.6218896508216858,7.670731544494629,0.048828125,0.0048828125
moving_labels,700,heldout,0.23996100121849098,1.298458865128928,1.2460119540305619,0.05902792967553269,4.297509595429363,3.983784821486669e-05,0.33935610002548516,4.297509595429363,9.484092861713732,0.1923404291695099,8.351486206054688,0.0011573088122531772,0.01529771275818348,0.00010329401266062632,0.0040582711808383465,0.012051230296492577,0.606166422367096,7.684178352355957,0.05078125,0.0029296875
online,700,train,0.25754373671817166,1.1516308353183733,1.0942480730306177,0.05497111538511514,3.6011506155898148,3.507628513850797e-05,0.364221843682078,3.6011506155898148,7.863729884599314,0.16969541531240773,7.325207710266113,0.0007784586050547659,0.011592129245400429,0.00010734629177022725,0.002793305553495884,0.007446076720952988,0.5436080694198608,6.293831825256348,0.0078125,0.0048828125
online,700,heldout,0.2701601540860375,1.1598344041278554,1.100461048622589,0.05506725930195811,4.886788364468488,3.604701770290376e-05,0.382064152220796,4.886788364468488,8.04977340741366,0.16499700781647383,7.262230396270752,0.0007916443282738328,0.010800063610076904,0.00011366754188202322,0.002597892889752984,0.0077853333204984665,0.5301709771156311,6.309728145599365,0.01123046875,0.0029296875
fixed_labels,800,train,0.5820088764967675,0.5820088764967675,0.0,0.2595990160277878,7.459113430439428,3.13046702631763e-05,0.8230848459679455,7.459113430439428,5.138198548757444,0.32367316397324775,3.643922805786133,0.0005328955012373626,0.03418323025107384,1.5857023754506372e-05,0.0006545117939822376,0.012043071910738945,0.2233574092388153,7.874383449554443,0.02001953125,0.0048828125
fixed_labels,800,heldout,0.5305449562437472,0.5305449562437472,0.0,0.2834029492578255,8.291150460929886,3.072388638013572e-05,0.7503038719394975,8.291150460929886,5.436895065851971,0.3098002640586556,3.5073375701904297,0.000479267502669245,0.032377731055021286,1.557033829158172e-05,0.000637486285995692,0.010958156548440456,0.21497930586338043,7.824911594390869,0.0234375,0.0029296875
moving_labels,800,train,0.1418539162134109,1.4609482603710486,1.4410596664900273,0.04656617731825601,1.9181170825368,6.678615574459389e-05,0.20061172106776862,1.9181170825368,10.11095177636087,0.19703439629909542,9.286060333251953,0.0016824877820909023,0.021879013627767563,0.000126612838357687,0.00632614828646183,0.01771819218993187,0.7031803727149963,8.285324096679688,0.08447265625,0.0048828125
moving_labels,800,heldout,0.20638368782002886,1.4779980617556652,1.4528362329592417,0.046540093327909406,3.715060437532384,6.834710477313795e-05,0.2918706023652665,3.715060437532384,10.351801155612266,0.19342680324834766,9.218072891235352,0.001693968428298831,0.020091315731406212,0.000124968501040712,0.006569665390998125,0.01775830239057541,0.6864989995956421,8.296941757202148,0.0859375,0.0029296875
online,800,train,0.20826533039168071,1.3216399973586783,1.27219925686624,0.050153174098849895,2.8931748043500765,9.283847400886294e-05,0.29453164018035416,2.8931748043500765,8.458488792184996,0.18819143880974945,8.029237747192383,0.0009266047272831202,0.011622416786849499,0.00012910188524983823,0.003342532552778721,0.008768696337938309,0.6139605045318604,6.5823073387146,0.0263671875,0.0048828125
online,800,heldout,0.2354421425380558,1.33015438123971,1.2795587554557293,0.04758354893241466,4.260346321477768,9.530740129347351e-05,0.3329654574911932,4.260346321477768,8.646220606374598,0.18394889065778455,7.969180583953857,0.0009410719503648579,0.011258232407271862,0.00013672765635419637,0.0033562611788511276,0.008886882103979588,0.6001994609832764,6.598404407501221,0.02978515625,0.0029296875
fixed_labels,900,train,0.5714766609862943,0.5714766609862943,0.0,0.2830767946712431,7.110114474268362,2.0312564230810235e-05,0.808190044291247,7.110114474268362,6.201711927111568,0.3596468564822116,4.242832183837891,0.0006012817029841244,0.04632098227739334,9.647663318901323e-06,0.0005346037796698511,0.01502301823347807,0.2534686326980591,9.921821594238281,0.02294921875,0.0048828125
fixed_labels,900,heldout,0.5378025151211815,0.5378025151211815,0.0,0.311612971829881,8.104140970640644,1.972209065055009e-05,0.7605676105070321,8.104140970640644,6.563493486035899,0.3426315966161326,4.077692985534668,0.0005314125446602702,0.043273746967315674,9.370152838528156e-06,0.0005076960078440607,0.013397322036325932,0.2433326691389084,9.762798309326172,0.02490234375,0.0029296875
moving_labels,900,train,0.10119458625888463,1.6585776608840175,1.6440047294305482,0.04431934509177284,1.3026579227886228,9.733918407934009e-05,0.14311072322260457,1.3026579227886228,10.73399928009015,0.21077394665822433,10.016529083251953,0.0023102296981960535,0.025173630565404892,0.0001653109648032114,0.008844511583447456,0.023830903694033623,0.7808347344398499,8.576645851135254,0.10791015625,0.0048828125
moving_labels,900,heldout,0.17746364487099903,1.6736237009086536,1.6563324017255678,0.04358709748495317,3.1785454709845107,9.962753794564652e-05,0.25097147363027894,3.1785454709845107,10.967580343502133,0.20790862914514902,9.953264236450195,0.0023127133026719093,0.025242602452635765,0.00016073760343715549,0.009288065135478973,0.02396741509437561,0.7636691927909851,8.638323783874512,0.11083984375,0.0029296875
online,900,train,0.1595307777227488,1.4897107524300062,1.4581775775495058,0.04479677339842218,2.1916200183272654,0.00010902797448102543,0.22561056312715266,2.1916200183272654,9.153346488897443,0.19205807694643753,8.768976211547852,0.0011818531202152371,0.014504233375191689,0.00014374274178408086,0.004563064780086279,0.011010438203811646,0.6860863566398621,7.048725128173828,0.052490234375,0.0048828125
online,900,heldout,0.2043566607604179,1.4992385904900873,1.4657595700266586,0.04280797332717525,3.6920147488741133,0.00011179553961070757,0.28900393958569903,3.6920147488741133,9.349235607605348,0.18868467484330417,8.710027694702148,0.0011928576277568936,0.01258283294737339,0.00015236763283610344,0.0042439731769263744,0.011076782830059528,0.6716883778572083,7.104109764099121,0.05029296875,0.0029296875
fixed_labels,1000,train,0.5623640265188297,0.5623640265188297,0.0,0.30046882137206316,6.8095009527244486,2.027777565717089e-05,0.7953028330351614,6.8095009527244486,7.292205203892239,0.3896182492591522,4.798035144805908,0.0006922904867678881,0.05935896188020706,6.273179224081105e-06,0.0005121756694279611,0.01591506041586399,0.28442996740341187,12.276961326599121,0.027099609375,0.0048828125
fixed_labels,1000,heldout,0.543392130277314,0.543392130277314,0.0,0.3331750197479466,7.937776686363833,2.036511731067866e-05,0.7684725200551396,7.937776686363833,7.726507875898001,0.36912644232754865,4.595808982849121,0.0006183605873957276,0.05291399359703064,6.2614681155537255e-06,0.00047815244761295617,0.014938798733055592,0.27374958992004395,12.082989692687988,0.025390625,0.0029296875
moving_labels,1000,train,0.08021301670302756,1.8433248961605155,1.8448163199889154,0.04113009788321375,0.986379253208224,0.00013963035188462844,0.11343825016530003,0.986379253208224,11.11706607063257,0.20851282279848918,10.550516128540039,0.0027744099497795105,0.02794615365564823,0.0002066774177365005,0.010805321857333183,0.027223456650972366,0.8508715033531189,8.830820083618164,0.11669921875,0.0048828125
moving_labels,1000,heldout,0.15696035632804964,1.8567827343551717,1.857415008301052,0.0419255056503492,2.794826769175098,0.0001428173957189054,0.2219754187302011,2.794826769175098,11.33703212391771,0.20712725754618305,10.491937637329102,0.002749790670350194,0.027997368946671486,0.00019826860807370394,0.011696775443851948,0.027347231283783913,0.8335670232772827,8.851383209228516,0.11865234375,0.0029296875
online,1000,train,0.12005884680570937,1.6774630885498247,1.6516949300077624,0.04346857725626481,1.6021640179070018,0.00016670390741526414,0.16978876759797992,1.6021640179070018,9.578309767984452,0.20258023180522816,9.374213218688965,0.001369181671179831,0.016706177964806557,0.00016944836534094065,0.00548243522644043,0.01190141960978508,0.7586514353752136,7.244213104248047,0.06884765625,0.0048828125
online,1000,heldout,0.1763347059972909,1.685825576751121,1.6589647856783767,0.04164820737384135,3.165921856790404,0.0001709191264218603,0.24937487416529008,3.165921856790404,9.769692063368566,0.20020857895937663,9.318328857421875,0.001361031667329371,0.012195108458399773,0.00017826705879997462,0.005710987839847803,0.011883346363902092,0.7440817356109619,7.27338981628418,0.06640625,0.0029296875
fixed_labels,1100,train,0.5545422146114743,0.5545422146114743,0.0,0.2928215843669597,6.745722378170308,2.3248897141940603e-05,0.7842411204673507,6.745722378170308,7.911801039476143,0.3886613875703095,5.040966987609863,0.000831112964078784,0.0797208920121193,4.217098648950923e-06,0.0004104322870261967,0.021371208131313324,0.2942945659160614,14.28410816192627,0.029296875,0.0048828125
fixed_labels,1100,heldout,0.5385578831516897,0.5385578831516897,0.0,0.3269149569293952,7.913868281155757,2.4027336155485638e-05,0.7616358620970689,7.913868281155757,8.35613038048767,0.365477488574802,4.805262565612793,0.0007394951535388827,0.06682552397251129,4.20757578467601e-06,0.0003862185403704643,0.018368011340498924,0.28242889046669006,14.173686027526855,0.02978515625,0.0029296875
moving_labels,1100,train,0.07855270461569912,2.0237833167435717,2.0403517394256965,0.04524320862415224,0.9200847920583997,0.00017291339824915738,0.11109016565762812,0.9200847920583997,11.35610180872819,0.20140737983241175,10.92900562286377,0.003122040070593357,0.030108582228422165,0.0002492766943760216,0.012506276369094849,0.029234303161501884,0.9117110967636108,8.970158576965332,0.127197265625,0.0048828125
moving_labels,1100,heldout,0.14264028668177617,2.034610044864374,2.052177943683387,0.047388694131796104,2.486075463551092,0.0001766789659963577,0.2017237505943749,2.486075463551092,11.549996671203365,0.20067716621430218,10.87713623046875,0.003079452319070697,0.0301537923514843,0.00024398099048994482,0.013465526513755322,0.029385825619101524,0.8946676254272461,8.997398376464844,0.1279296875,0.0029296875
online,1100,train,0.09238559571925578,1.8610233646037313,1.8474117501120144,0.04180109034910495,1.1797805057898076,0.0002567917356659145,0.13065271007831425,1.1797805057898076,9.750546471844942,0.20299211643279344,9.812032699584961,0.0014920656103640795,0.018321149051189423,0.00020590945496223867,0.006151714827865362,0.012589975260198116,0.8259880542755127,7.187719345092773,0.0771484375,0.0048828125
online,1100,heldout,0.15403456327470055,1.8675209148577576,1.8537389826528388,0.04156733843706397,2.7405569910004437,0.00026324533507350524,0.2178376093982603,2.7405569910004437,9.92861357781538,0.2019298984336912,9.760161399841309,0.0014709673123434186,0.014826553873717785,0.00021229832782410085,0.00614865031093359,0.012194022536277771,0.8114909529685974,7.273507595062256,0.07958984375,0.0029296875
fixed_labels,1200,train,0.5500859545680606,0.5500859545680606,0.0,0.25288373575253714,6.995592748158712,3.156039057563584e-05,0.7779390167809112,6.995592748158712,7.967667830868252,0.3478638869103019,4.893002033233643,0.0007921255892142653,0.09005816280841827,4.670152065955335e-06,0.00019115532631985843,0.020772645249962807,0.2818644642829895,16.157550811767578,0.027099609375,0.0048828125
fixed_labels,1200,heldout,0.5225576083279472,0.5225576083279472,0.0,0.28575291489487237,8.088068810522346,3.2812156825098694e-05,0.7390080560901964,8.088068810522346,8.333296669016192,0.32374562530141765,4.622849464416504,0.0007118075154721737,0.06609239429235458,4.411954250826966e-06,0.00016294815577566624,0.01875530183315277,0.2671886682510376,16.136640548706055,0.02734375,0.0029296875
moving_labels,1200,train,0.08303577461006631,2.2121669439481297,2.2279831836098953,0.040124783868914216,1.0411368953215412,0.0002404810878736778,0.11743007237941157,1.0411368953215412,11.462070827748684,0.2092511024611199,11.22668743133545,0.0034857806749641895,0.0324331596493721,0.0002960262936539948,0.014490682631731033,0.03074999712407589,0.9771037697792053,9.107134819030762,0.1416015625,0.0048828125
moving_labels,1200,heldout,0.13004516217385503,2.221535776430928,2.238608780634466,0.042393843389373236,2.2717574776160676,0.00024552898255225636,0.18391146817196377,2.2717574776160676,11.628421368820945,0.20992015860119148,11.180994033813477,0.0034229669254273176,0.03248216211795807,0.0002992725057993084,0.01492177601903677,0.030814744532108307,0.9601650834083557,9.164210319519043,0.1357421875,0.0029296875
online,1200,train,0.07965092854353265,2.079586307407349,2.0457689857172627,0.05605444254030089,0.8117551933101261,0.0003732351081909245,0.1126428050576152,0.8117551933101261,9.9369215653891,0.23071697769254573,10.302109718322754,0.0014533739304170012,0.020848147571086884,0.0002553323283791542,0.0057563805021345615,0.014226986095309258,0.9072514772415161,7.158807754516602,0.071044921875,0.0048828125
online,1200,heldout,0.13632857365683365,2.083868090648104,2.0512884983248636,0.0545382367511579,2.309014901254234,0.0003826537977983168,0.19279733806949842,2.309014901254234,10.102119184551919,0.22956745241777274,10.254854202270508,0.0014139144914224744,0.019168119877576828,0.00025882068439386785,0.005466898903250694,0.01395444106310606,0.8927352428436279,7.2706217765808105,0.0654296875,0.0029296875
fixed_labels,1300,train,0.5430064202254005,0.5430064202254005,0.0,0.2896976362782782,6.5789547131696775,2.758661437214161e-05,0.767927043442922,6.5789547131696775,9.078948931785698,0.39754541435253166,5.448434829711914,0.0011723515344783664,0.12685003876686096,3.6544690829032334e-06,0.0002756740141194314,0.03324591740965843,0.3173461854457855,18.155948638916016,0.034423828125,0.0048828125
fixed_labels,1300,heldout,0.5329146881199079,0.5329146881199079,0.0,0.3246851302450501,7.814084622384996,2.869539026378336e-05,0.7536551789807141,7.814084622384996,9.469492785304201,0.36842303009676425,5.155577659606934,0.0010329864453524351,0.10038779675960541,3.575230948626995e-06,0.0002587345370557159,0.027240585535764694,0.3018895983695984,18.11178207397461,0.0341796875,0.0029296875
moving_labels,1300,train,0.09308510173407732,2.3841796091186462,2.4102682905387898,0.04764855915179847,1.1453619275112756,0.0002840887472112657,0.13164190678986215,1.1453619275112756,11.431284404205813,0.20321538228873606,11.375541687011719,0.003901185467839241,0.03636378422379494,0.0003499534213915467,0.016841687262058258,0.03346272557973862,1.0290299654006958,9.036566734313965,0.153076171875,0.0048828125
moving_labels,1300,heldout,0.12352633605055506,2.3906326290870084,2.4193232621969543,0.05058376234583467,2.082667821528781,0.0002900013892385375,0.17469237904197069,2.082667821528781,11.572015429114636,0.2036591570365475,11.337288856506348,0.003817708231508732,0.036392562091350555,0.00035351532278582454,0.0167358610779047,0.03267401456832886,1.012679100036621,9.143998146057129,0.14453125,0.0029296875
online,1300,train,0.06744587918139174,2.2524419755044773,2.2409164441143212,0.04710730058972393,0.6923670574106406,0.00047492469683492656,0.09538169469889975,0.6923670574106406,9.918765860864243,0.21406677001051302,10.547786712646484,0.0014391359873116016,0.022854063659906387,0.000300561630865559,0.004678993485867977,0.01610364019870758,0.971117377281189,6.998795986175537,0.064208984375,0.0048828125
online,1300,heldout,0.1201561314511485,2.254947725531092,2.2451865015750725,0.04768905457739662,2.038135646170367,0.00048651979877567856,0.16992573421673587,2.038135646170367,10.071655534031205,0.21386934759790396,10.50495433807373,0.0013827988877892494,0.02288486808538437,0.00030115118715912104,0.004378206096589565,0.016719406470656395,0.9569888710975647,7.1751532554626465,0.05419921875,0.0029296875
fixed_labels,1400,train,0.5416830560337954,0.5416830560337954,0.0,0.24634248751475385,6.908328264260025,3.3322774451976165e-05,0.7660555236259422,6.908328264260025,8.788508686364379,0.3489880535514861,5.13184928894043,0.0012477971613407135,0.14945249259471893,4.771410203829873e-06,0.00016544063691981137,0.03501100838184357,0.29738855361938477,19.696338653564453,0.03271484375,0.0048828125
fixed_labels,1400,heldout,0.5160410506726137,0.5160410506726137,0.0,0.2795667433164334,8.018533821734534,3.4505226658445684e-05,0.729792251786753,8.018533821734534,9.000586292762842,0.32082350612252797,4.82203483581543,0.0010899967746809125,0.11819257587194443,4.8487163439858705e-06,0.00015007727779448032,0.028615538030862808,0.2771081328392029,19.718769073486328,0.03125,0.0029296875
moving_labels,1400,train,0.10136280868651945,2.5730524803690122,2.5881402509148392,0.03824011970888244,1.3439430387300138,0.0003373772431027766,0.14334826174821835,1.3439430387300138,11.481916808828501,0.21270934879821027,11.587942123413086,0.004399675410240889,0.04213076829910278,0.00041043420787900686,0.018858950585126877,0.03850637376308441,1.093261957168579,9.32576847076416,0.163330078125,0.0048828125
moving_labels,1400,heldout,0.11438908012290991,2.5778628114024453,2.595483785493611,0.04020909946565266,1.9789032691437034,0.00034414532454109546,0.16177022243517686,1.9789032691437034,11.613084268926167,0.2135676885437756,11.55579948425293,0.004283038899302483,0.042281802743673325,0.0004057332989759743,0.018633205443620682,0.0370909683406353,1.07712984085083,9.42274284362793,0.15625,0.0029296875
online,1400,train,0.06998208110629664,2.4440454901571265,2.440403192870947,0.05177290220918479,0.6758209582973338,0.000598437342192129,0.09896779892815659,0.6758209582973338,9.879016784017772,0.2125582578982337,10.764811515808105,0.0013387148501351476,0.025023039430379868,0.0003207215922884643,0.002952840179204941,0.01794060878455639,1.0371527671813965,6.936800479888916,0.05126953125,0.0048828125
online,1400,heldout,0.10932471974059739,2.4434629930715324,2.4426295531214266,0.05339760885792199,1.7632883845874032,0.0006129922441111155,0.1546072861582823,1.7632883845874032,10.016806520100456,0.2124576777432933,10.72764778137207,0.0013089176500216126,0.026841536164283752,0.00031728725298307836,0.0033211002591997385,0.018897414207458496,1.0237089395523071,7.118328094482422,0.044921875,0.0029296875
fixed_labels,1500,train,0.5359696602235099,0.5359696602235099,0.0,0.2549883671820322,6.751346094545934,3.295613756083587e-05,0.7579755617921347,6.751346094545934,9.48987548053164,0.36531745510568503,5.464900970458984,0.0014817646006122231,0.1613524854183197,4.663671916205203e-06,0.00018015160458162427,0.04557725042104721,0.3180791437625885,21.96941375732422,0.035888671875,0.0048828125
fixed_labels,1500,heldout,0.5154808291504857,0.5154808291504857,0.0,0.28946617835098587,7.88558821355507,3.401981451175792e-05,0.7289999789341537,7.88558821355507,9.688745610260852,0.33413989842776376,5.11011266708374,0.001348064630292356,0.15381883084774017,4.845938747166656e-06,0.00015207532851491123,0.03467148542404175,0.2983492612838745,21.956199645996094,0.03662109375,0.0029296875
moving_labels,1500,train,0.10536819738211342,2.7307575600862903,2.7551400974140585,0.04296617423615073,1.3775157428568838,0.0004366651314567925,0.1490124939817967,1.3775157428568838,11.286033513068418,0.20792395299400557,11.591341018676758,0.004893457517027855,0.04867536574602127,0.00047737936256453395,0.020345188677310944,0.04377347603440285,1.1465553045272827,9.289697647094727,0.173095703125,0.0048828125
moving_labels,1500,heldout,0.11047361375239481,2.7340770374804872,2.7607424867132133,0.045134683536728164,1.8634560909582194,0.00044544570592906324,0.1562326478337665,1.8634560909582194,11.417321705973178,0.20970701576662737,11.564993858337402,0.004732966888695955,0.04866355285048485,0.0004637723905034363,0.02005019783973694,0.0416872464120388,1.1311330795288086,9.403338432312012,0.16455078125,0.0029296875
online,1500,train,0.0703256846584718,2.635672781739337,2.634061353661054,0.04096738285776049,0.8190462878136746,0.0006447323098766348,0.09945344722841051,0.8190462878136746,9.975704869403634,0.20507689563665446,11.023477554321289,0.0016308121848851442,0.028684478253126144,0.0004526160773821175,0.00343048432841897,0.02111448161303997,1.1064398288726807,7.094153881072998,0.052490234375,0.0048828125
online,1500,heldout,0.0952438079869506,2.632937706734455,2.634339871922021,0.04257584782421701,1.574624460388761,0.000659743584906287,0.13469346924818743,1.574624460388761,10.101080114890154,0.204905050419633,10.99119758605957,0.0016201038379222155,0.03164330869913101,0.0004583457484841347,0.0036875272635370493,0.021882040426135063,1.0934594869613647,7.271477222442627,0.05029296875,0.0029296875
fixed_labels,1600,train,0.528872175154978,0.528872175154978,0.0,0.30145621236585174,6.226013607941482,2.8623541663976026e-05,0.7479382023182184,6.226013607941482,11.014858233643926,0.4286825623353286,6.098875999450684,0.0017439083894714713,0.20969989895820618,4.699616511061322e-06,0.0001664402661845088,0.04760391637682915,0.3613485097885132,24.77141761779785,0.03466796875,0.0048828125
fixed_labels,1600,heldout,0.5307311491772773,0.5307311491772773,0.0,0.3374345372391395,7.575895890802889,2.9414006025796103e-05,0.7505671885640106,7.575895890802889,11.165300451095497,0.39002720427132215,5.732022285461426,0.0015220761997625232,0.1840304583311081,4.808232006325852e-06,0.00014410243602469563,0.0476217120885849,0.33559098839759827,24.708751678466797,0.037109375,0.0029296875
moving_labels,1600,train,0.10902932128561607,2.9000835650251955,2.9182683675621055,0.04077842188025506,1.4476336500944043,0.000520659757206745,0.15418986579351254,1.4476336500944043,11.185687229993734,0.21242374751995333,11.640066146850586,0.0055149151012301445,0.05672596022486687,0.0005721697816625237,0.02273024246096611,0.05055423080921173,1.2009128332138062,9.424851417541504,0.18212890625,0.0048828125
moving_labels,1600,heldout,0.10383869865207135,2.901194636334994,2.9219924681135883,0.04249972590416196,1.75091378839664,0.0005312722116787731,0.14684913491521995,1.75091378839664,11.319767018526015,0.21421759245728225,11.619132041931152,0.005300667602568865,0.05614890903234482,0.0005419375374913216,0.020886853337287903,0.04917413741350174,1.1864171028137207,9.52690315246582,0.17333984375,0.0029296875
online,1600,train,0.0917742107255327,2.8611891700844625,2.8325195957097833,0.06128587341082841,0.9795227823133701,0.0008311104073188736,0.12978567241448422,0.9795227823133701,9.961811455173773,0.2366251364267802,11.213489532470703,0.0024289372377097607,0.03234044834971428,0.0007526449044235051,0.006774515844881535,0.022687992081046104,1.1804096698760986,7.159589767456055,0.085205078125,0.0048828125
online,1600,heldout,0.0962711274231534,2.8540747069058616,2.829939264516945,0.0617447403856444,1.3660272639020432,0.0008518132739107908,0.1361452693441695,1.3660272639020432,10.066738958095977,0.2355479409112477,11.18758773803711,0.0024860764387995005,0.035746533423662186,0.0007247542962431908,0.006881967186927795,0.024098733440041542,1.1682206392288208,7.359217643737793,0.08740234375,0.0029296875
fixed_labels,1700,train,0.5248494165398413,0.5248494165398413,0.0,0.2776648767292826,6.379897714266657,3.3423362615023845e-05,0.742249162321725,6.379897714266657,11.120257483683556,0.4043337804422957,6.013468265533447,0.0018196136225014925,0.23128120601177216,6.078905244066846e-06,0.0001238927070517093,0.05562139302492142,0.35872897505760193,26.8761043548584,0.034423828125,0.0048828125
fixed_labels,1700,heldout,0.5191720387788281,0.5191720387788281,0.0,0.3137227545862611,7.648959152357899,3.4190766922390445e-05,0.7342201376498206,7.648959152357899,11.079706115710364,0.3658865256145724,5.624373435974121,0.0015807031886652112,0.20921213924884796,6.308313459157944e-06,9.847719047684222e-05,0.051059115678071976,0.3285874128341675,26.894763946533203,0.03466796875,0.0029296875
moving_labels,1700,train,0.1105871605094902,3.052996181613847,3.075653073063126,0.04207430913989162,1.4641821170414175,0.0006467631860061891,0.156392524874064,1.4641821170414175,11.021142073304233,0.2096238570210765,11.630270004272461,0.0063185496255755424,0.06828499585390091,0.0007205536821857095,0.025370493531227112,0.05856040120124817,1.2579671144485474,9.497708320617676,0.195068359375,0.0048828125
moving_labels,1700,heldout,0.09940771210329274,3.053206325582707,3.077890628405499,0.0434541830469952,1.6523860578200362,0.0006601930424439927,0.14058218449138205,1.6523860578200362,11.146397124303482,0.2121371293704171,11.613448143005371,0.006020382512360811,0.06504783779382706,0.0006853134837001562,0.0225514005869627,0.05834725871682167,1.243926763534546,9.61484146118164,0.18603515625,0.0029296875
online,1700,train,0.08873339126320763,3.0367270022597923,3.022709323420303,0.046105074224046846,1.085957248675232,0.000886712393942364,0.125484832514808,1.085957248675232,9.95015669743145,0.21671417945581448,11.297833442687988,0.003243186743929982,0.03676760569214821,0.0010915977181866765,0.00983438827097416,0.025371626019477844,1.24152672290802,7.334404468536377,0.13037109375,0.0048828125
online,1700,heldout,0.08370502955154431,3.0272396325075723,3.017200963384064,0.04784426108542047,1.269848400538875,0.0009084472139573121,0.11837330217624777,1.269848400538875,10.034863910417755,0.21599129642920603,11.276798248291016,0.0033873780630528927,0.041026145219802856,0.0010635580401867628,0.010386344976723194,0.027925850823521614,1.229932427406311,7.528382301330566,0.13525390625,0.0029296875
fixed_labels,1800,train,0.5203775366380242,0.5203775366380242,0.0,0.29233886474705356,6.167755139532873,3.4480443347366274e-05,0.7359249690600365,6.167755139532873,12.033232803625193,0.4279162199890225,6.320807456970215,0.0020805150270462036,0.27333223819732666,7.160543646023143e-06,0.00011288491077721119,0.06866826117038727,0.38150158524513245,29.664794921875,0.033203125,0.0048828125
fixed_labels,1800,heldout,0.5236124356748281,0.5236124356748281,0.0,0.3295283959113152,7.525085391110892,3.511012366743816e-05,0.7404998071261945,7.525085391110892,11.83970267151455,0.38570851223779157,5.922532081604004,0.0017937150551006198,0.24403898417949677,7.43282180337701e-06,0.00010750741785159335,0.05369367077946663,0.34429314732551575,29.61248207092285,0.033203125,0.0029296875
moving_labels,1800,train,0.10967437066891304,3.2016209130822277,3.222222417539162,0.03918223225705317,1.4664742602423775,0.0007204085690276308,0.15510130939079123,1.4664742602423775,10.90742747986193,0.2059797784227171,11.607980728149414,0.007212949451059103,0.08045737445354462,0.0009458091808483005,0.027931544929742813,0.0655040368437767,1.311049461364746,9.6455717086792,0.2119140625,0.0048828125
moving_labels,1800,heldout,0.09281113889546855,3.200521662628194,3.223175911396322,0.04013384838504604,1.54661892046746,0.0007356156687266341,0.13125270997482616,1.54661892046746,11.007999427710196,0.2081282580254694,11.594646453857422,0.00679992139339447,0.07805135846138,0.0008615554543212056,0.025231976062059402,0.06876372545957565,1.2976161241531372,9.749063491821289,0.1953125,0.0029296875
online,1800,train,0.09242447598457972,3.218341491929677,3.20906928257189,0.04583956462340408,1.1494441124659427,0.001023804753059947,0.13070393775964026,1.1494441124659427,9.896398717183153,0.2114074233193811,11.330389976501465,0.004423926584422588,0.04118013381958008,0.0015803463757038116,0.014181632548570633,0.030127817764878273,1.304711937904358,7.518959999084473,0.180908203125,0.0048828125
online,1800,heldout,0.08031575773769055,3.206019111600081,3.2006996785418615,0.04920374044596881,1.1738237516960368,0.0010486069851840876,0.11357879337864715,1.1738237516960368,9.95120853759629,0.21051634532398927,11.314383506774902,0.004642675630748272,0.04604647681117058,0.0015263245441019535,0.015195486135780811,0.03651408106088638,1.293522834777832,7.670039653778076,0.18408203125,0.0029296875
fixed_labels,1900,train,0.5171437917511467,0.5171437917511467,0.0,0.28016388245265744,6.226926383514439,3.514683409895333e-05,0.7313517631469871,6.226926383514439,12.241261225475773,0.41680280179165635,6.32893705368042,0.0021962509490549564,0.2987217605113983,8.267606972367503e-06,0.00011320491466904059,0.06851710379123688,0.3844161629676819,31.651323318481445,0.03369140625,0.0048828125
fixed_labels,1900,heldout,0.517168558821264,0.517168558821264,0.0,0.3185307113352682,7.534142855732843,3.565824324909469e-05,0.7313867890487331,7.534142855732843,11.862504162299823,0.37491327073912634,5.916399955749512,0.0018856842070817947,0.27229732275009155,8.739077202335466e-06,0.000125762409879826,0.05923471227288246,0.34285807609558105,31.694501876831055,0.03173828125,0.0029296875
moving_labels,1900,train,0.11078052192273158,3.334676576991827,3.366613980979927,0.047498139662332545,1.4330332271677058,0.0009356196255144434,0.15666452275758533,1.4330332271677058,10.709190308257687,0.2025524038287149,11.554838180541992,0.00850304588675499,0.095316082239151,0.0013364641927182674,0.03148861974477768,0.07508955895900726,1.3733861446380615,9.707674026489258,0.233642578125,0.0048828125
moving_labels,1900,heldout,0.09229473236069738,3.333361405801504,3.366730860550794,0.04865082958858675,1.4498447109005648,0.0009561581641516552,0.13052096002033792,1.4498447109005648,10.759268447884102,0.2043852385274877,11.543559074401855,0.007932585664093494,0.09355023503303528,0.0011652885004878044,0.028320154175162315,0.08077529817819595,1.3598238229751587,9.831803321838379,0.21240234375,0.0029296875
online,1900,train,0.1007676202604872,3.410417382946027,3.389023378030005,0.052089621013531304,1.2355509014953758,0.0012747616561783561,0.14250123356884825,1.2355509014953758,9.89592350733304,0.22487808422134173,11.385313034057617,0.005756190977990627,0.04808908328413963,0.002109762281179428,0.018417904153466225,0.03761382773518562,1.3772337436676025,7.79773473739624,0.2138671875,0.0048828125
online,1900,heldout,0.08274674799855025,3.3954647125262536,3.377950701770629,0.055319949241007936,1.13824277889903,0.0013045549833099288,0.11701430145485073,1.13824277889903,9.911129295844765,0.22363199289320984,11.373735427856445,0.006040601991117001,0.052322112023830414,0.0020586499013006687,0.020450733602046967,0.04345256835222244,1.366101622581482,7.905029773712158,0.21728515625,0.0029296875
fixed_labels,2000,train,0.5142926179982746,0.5142926179982746,0.0,0.2655765784998471,6.308309059394415,3.709490440364751e-05,0.7273195944555643,6.308309059394415,12.347450196408483,0.4033804615945324,6.419515609741211,0.0023534088395535946,0.28919655084609985,9.082630640477873e-06,0.0001151552569353953,0.08254492282867432,0.39088135957717896,33.95514678955078,0.03271484375,0.0048828125
fixed_labels,2000,heldout,0.5084645896865382,0.5084645896865382,0.0,0.30502892452883057,7.522069049586989,3.755232630315221e-05,0.7190775177406272,7.522069049586989,11.930938593048552,0.36166176598238614,5.938144683837891,0.002195647917687893,0.2935348153114319,9.553612471790984e-06,0.00011694319255184382,0.07803448289632797,0.3519177734851837,33.967044830322266,0.03369140625,0.0029296875
moving_labels,2000,train,0.1103998859254125,3.4890768143214936,3.506974835347708,0.03531473661739256,1.497319200682325,0.0010440241846277748,0.15612552526153467,1.497319200682325,10.676427520949225,0.20332893180551911,11.606077194213867,0.010229462757706642,0.11482031643390656,0.0017636842094361782,0.036466654390096664,0.08918268233537674,1.4393974542617798,9.962032318115234,0.251220703125,0.0048828125
moving_labels,2000,heldout,0.08499445633151582,3.4867978074146557,3.5062146327457437,0.03733122294969405,1.411210917190745,0.0010664487048107102,0.12019558187113163,1.411210917190745,10.670445871845201,0.20426058411534267,11.59669303894043,0.009504212066531181,0.11275730282068253,0.001540826982818544,0.03330705314874649,0.09629558026790619,1.4259753227233887,10.064130783081055,0.23095703125,0.0029296875
online,2000,train,0.09439122804167953,3.5592292531199248,3.5646245799932137,0.03992632657995085,1.2246744181101723,0.0015265375704030333,0.13348062610535974,1.2246744181101723,9.820817360659927,0.20202796535596382,11.344587326049805,0.0073794033378362656,0.0600036159157753,0.0026741190813481808,0.023683637380599976,0.04746586084365845,1.4460046291351318,8.05663013458252,0.244873046875,0.0048828125
online,2000,heldout,0.07369939374052904,3.542605803833974,3.550904403029816,0.044193801537173776,1.090542987803063,0.0015595654242310493,0.10421501346317912,1.090542987803063,9.791406548117179,0.20046682073867778,11.336313247680664,0.007742524612694979,0.06341414153575897,0.002680458128452301,0.02554251439869404,0.05253618583083153,1.4348236322402954,8.080391883850098,0.24365234375,0.0029296875
fixed_labels,2100,train,0.509105170257128,0.509105170257128,0.0,0.29144656356712845,5.980862945491147,3.6616537897601335e-05,0.7199834355207817,5.980862945491147,13.763630161182421,0.4434223924549274,6.887099266052246,0.002384713152423501,0.3253127932548523,9.395671440870501e-06,0.00011158650886500254,0.07866483926773071,0.4256896376609802,37.07014465332031,0.03173828125,0.0048828125
fixed_labels,2100,heldout,0.5167306282660867,0.5167306282660867,0.0,0.33191930658464047,7.3242699333425785,3.688507389288051e-05,0.7307674616565935,7.3242699333425785,13.132673293818423,0.3953735020338648,6.384182453155518,0.0021501374430954456,0.3166114389896393,1.0103080057888292e-05,0.00012025240721413866,0.06935598701238632,0.3784417510032654,37.147335052490234,0.03173828125,0.0029296875
moving_labels,2100,train,0.10920428772942482,3.614359043551171,3.639945226217704,0.03925130858626879,1.458893582717488,0.001304963598866419,0.15443267137166167,1.458893582717488,10.520316021382131,0.19870335791482577,11.554128646850586,0.01224527694284916,0.14144304394721985,0.0022624717094004154,0.04260921850800514,0.10587383806705475,1.5086894035339355,10.117706298828125,0.272705078125,0.0048828125
moving_labels,2100,heldout,0.08306209435037666,3.611460330782948,3.6380830649634963,0.04104026188545721,1.3348185311949958,0.0013327020386311602,0.11745998016779152,1.3348185311949958,10.453479346712012,0.1987356163691268,11.54741382598877,0.011346462182700634,0.1375409960746765,0.0019798562861979008,0.03818116337060928,0.11553843319416046,1.4959840774536133,10.04861831665039,0.2509765625,0.0029296875
online,2100,train,0.1098928905704515,3.7686915527855387,3.7376694491786577,0.050934073834409,1.3944684249161394,0.001782868648580844,0.1554017894853221,1.3944684249161394,9.951987163163672,0.2259831151824914,11.489447593688965,0.009655123576521873,0.07262077927589417,0.003355756402015686,0.03219542279839516,0.06151410564780235,1.5385457277297974,8.556964874267578,0.273681640625,0.0048828125
online,2100,heldout,0.08525840815680882,3.749250943221373,3.721278310271777,0.05552746524864728,1.1965789269178935,0.0018200940796368095,0.12055985891003392,1.1965789269178935,9.8785744847864,0.2237359877421598,11.483854293823242,0.010050267912447453,0.07856708019971848,0.0033700764179229736,0.03350011259317398,0.06506096571683884,1.526261568069458,8.539053916931152,0.26513671875,0.0029296875
fixed_labels,2200,train,0.5104531439724211,0.5104531439724211,0.0,0.33958759597663485,5.464523762804011,3.611978119743324e-05,0.7218897582581568,5.464523762804011,15.51152198859503,0.5103115336657849,7.469849586486816,0.0030153505504131317,0.37117141485214233,1.0095804100274108e-05,0.00011700311733875424,0.10886624455451965,0.478930801153183,40.185203552246094,0.03564453125,0.0048828125
fixed_labels,2200,heldout,0.5327060146372309,0.5327060146372309,0.0,0.37708220405470116,6.9620235422315,3.6246107273460614e-05,0.7533600697857453,6.9620235422315,14.821315559661729,0.4516442735750165,6.927718162536621,0.002794110681861639,0.36061376333236694,1.0826915968209505e-05,0.000127953797345981,0.10082311183214188,0.43162649869918823,40.23104476928711,0.03564453125,0.0029296875
moving_labels,2200,train,0.10698750885747772,3.751185614357201,3.7649332029812035,0.03341823456612247,1.4548568114849225,0.0015627084883409344,0.15129511573490473,1.4548568114849225,10.447876016969058,0.2029950467382806,11.539737701416016,0.014385238289833069,0.17619143426418304,0.0026832609437406063,0.04784173518419266,0.12715937197208405,1.5840002298355103,10.395811080932617,0.29052734375,0.0048828125
moving_labels,2200,heldout,0.0786958721063159,3.7466793794640085,3.7616223924040715,0.0365668713251035,1.2879515153006966,0.0015945931706488282,0.11128134545271898,1.2879515153006966,10.333310353388823,0.20197744163026507,11.538537979125977,0.013370081782341003,0.17059122025966644,0.0024458826519548893,0.041781987994909286,0.13762372732162476,1.573201298713684,10.393685340881348,0.26953125,0.0029296875
online,2200,train,0.10242601321989007,3.881170642348908,3.907027361303054,0.051776407460498386,1.2657916732230192,0.0019668913086213534,0.14483890260155335,1.2657916732230192,9.826500371914797,0.19151682074226012,11.335134506225586,0.011629096232354641,0.0835111141204834,0.004442989826202393,0.039198435842990875,0.07393550872802734,1.6187245845794678,8.916967391967773,0.307861328125,0.0048828125
online,2200,heldout,0.08329216310249829,3.8611991151779916,3.8884920962431573,0.05895496393203676,1.088639708576974,0.00201755015700169,0.11777562718979821,1.088639708576974,9.722570412922435,0.18947753551445495,11.331367492675781,0.012069851160049438,0.08417738974094391,0.004441669210791588,0.04079384356737137,0.07493417710065842,1.6046428680419922,8.89635944366455,0.30859375,0.0029296875
fixed_labels,2300,train,0.5015955346805838,0.5015955346805838,0.0,0.29180846496342044,5.845791010510162,4.00114681781335e-05,0.709363206842647,5.845791010510162,14.824165794979528,0.4530547342064128,7.098660469055176,0.002920009894296527,0.39201292395591736,1.1616526535362937e-05,0.00013259495608508587,0.0951203778386116,0.4575556814670563,42.808597564697266,0.03076171875,0.0048828125
fixed_labels,2300,heldout,0.5117040688290095,0.5117040688290095,0.0,0.3341699691245234,7.167300983291373,4.011572552891546e-05,0.7236588329475818,7.167300983291373,13.759529056640933,0.4025434315113184,6.567408561706543,0.002696092240512371,0.38771143555641174,1.2531667380244471e-05,0.0001336952846031636,0.09487446397542953,0.39911895990371704,42.77021026611328,0.0322265625,0.0029296875
moving_labels,2300,train,0.10618948206853199,3.8509648386015174,3.8856403614601716,0.04413380464558168,1.382897991494594,0.0019380101838512127,0.1501621001467862,1.382897991494594,10.268997585390176,0.18797449102893893,11.463127136230469,0.017153527587652206,0.22290253639221191,0.003077968955039978,0.05557922273874283,0.1562282294034958,1.665853500366211,10.656100273132324,0.30712890625,0.0048828125
moving_labels,2300,heldout,0.07980742961604989,3.8457755438532852,3.880581782123911,0.04572050303726865,1.2093834781006347,0.0019759827450374677,0.11284745072899445,1.2093834781006347,10.140068184299857,0.1867230539956146,11.46328353881836,0.015957819297909737,0.21334877610206604,0.00283755362033844,0.048756685107946396,0.16871896386146545,1.6579188108444214,10.61573600769043,0.28662109375,0.0029296875
online,2300,train,0.11165403856373944,4.092955564928319,4.068379167796933,0.04657518224285593,1.4529528558134195,0.0024952666294396704,0.15788293859576477,1.4529528558134195,10.019342385311363,0.21978241473348373,11.504144668579102,0.014442946761846542,0.10178129374980927,0.005647292826324701,0.048986926674842834,0.09180419147014618,1.746330976486206,9.640848159790039,0.37939453125,0.0048828125
online,2300,heldout,0.08753990886253385,4.070896813698896,4.047899347806392,0.052837420824271016,1.2905725610390784,0.0025590949012593966,0.12377367377842435,1.2905725610390784,9.890753257222716,0.2170578163975507,11.501744270324707,0.01488778181374073,0.10335000604391098,0.005721634719520807,0.04821716248989105,0.09205925464630127,1.7303509712219238,9.627270698547363,0.3759765625,0.0029296875
fixed_labels,2400,train,0.49789412228791863,0.49789412228791863,0.0,0.2940282712914095,5.7576540048252465,4.1767454391784746e-05,0.7041286191266433,5.7576540048252465,15.473295153151126,0.4609984587699683,7.248750686645508,0.003178047714754939,0.4285832345485687,1.2708548638329376e-05,0.00013727163604926318,0.10411974042654037,0.476738303899765,46.08906936645508,0.02978515625,0.0048828125
fixed_labels,2400,heldout,0.5108644187918278,0.5108644187918278,0.0,0.3381799350342371,7.0823415571263455,4.1794394226295936e-05,0.7224713883803653,7.0823415571263455,14.164316650100808,0.4094071028060099,6.7065935134887695,0.002937408396974206,0.4196975827217102,1.3673421562998556e-05,0.00014439057849813253,0.11085174977779388,0.4112494885921478,46.063316345214844,0.03076171875,0.0029296875
moving_labels,2400,train,0.10494016210226788,3.963839190308447,4.001277109700994,0.0486250889002419,1.3317216877623088,0.0024762473942831283,0.14838714042309334,1.3317216877623088,10.14946505081286,0.19213173832064792,11.409751892089844,0.02004375122487545,0.2715314030647278,0.003690063953399658,0.06453388929367065,0.1844094842672348,1.7673678398132324,10.983926773071289,0.323486328125,0.0048828125
moving_labels,2400,heldout,0.08029607983690912,3.9567415665142507,3.9943756814628397,0.05071800598998316,1.1512116395786254,0.0025279389810031363,0.11352766358407491,1.1512116395786254,10.034229836160863,0.19065728696900713,11.409636497497559,0.018742749467492104,0.26451027393341064,0.0034753798972815275,0.05809065327048302,0.19942471385002136,1.7645671367645264,11.057229995727539,0.30322265625,0.0029296875
online,2400,train,0.11623664762040944,4.241758630594256,4.222811765524731,0.05848195399813087,1.4387563841503634,0.003071804541630569,0.16435473986752097,1.4387563841503634,10.038332485531036,0.2229569976204999,11.474672317504883,0.017909081652760506,0.11886367946863174,0.007074824534356594,0.06176348030567169,0.10900191217660904,1.8741209506988525,10.290245056152344,0.46044921875,0.0048828125
online,2400,heldout,0.09424921008815405,4.217417984669385,4.20036758760479,0.06127799952699957,1.3244187964181589,0.0031566757299742714,0.13325112608461434,1.3244187964181589,9.90324513842577,0.21829091326596947,11.473190307617188,0.018265044316649437,0.12041933834552765,0.007197326980531216,0.0610610768198967,0.11086491495370865,1.8554936647415161,10.279345512390137,0.4716796875,0.0029296875
fixed_labels,2500,train,0.49578333049414824,0.49578333049414824,0.0,0.31468070405306664,5.491719894296751,4.3536400060636465e-05,0.7011435086316649,5.491719894296751,16.81639259401717,0.49501954003796916,7.690552234649658,0.0033893513027578592,0.46310266852378845,1.3366329767450225e-05,0.00014100033149588853,0.11624196171760559,0.513304591178894,50.015743255615234,0.0302734375,0.0048828125
fixed_labels,2500,heldout,0.5182181609934611,0.5182181609934611,0.0,0.35974153860253155,6.900811445475385,4.345804838393051e-05,0.7328711502565014,6.900811445475385,15.269967513309068,0.437681834373887,7.1069135665893555,0.0031233092304319143,0.44804391264915466,1.4601415387005545e-05,0.00014850168372504413,0.11979943513870239,0.44059741497039795,49.947242736816406,0.02978515625,0.0029296875
moving_labels,2500,train,0.10683095547513125,4.120543658221032,4.112104403214394,0.029186920667821203,1.4709656374220283,0.0027342609840655457,0.15105704191572789,1.4709656374220283,10.264026540587277,0.19762989367846398,11.557024002075195,0.023224124684929848,0.3354385793209076,0.004231238272041082,0.07350204885005951,0.22340132296085358,1.8853341341018677,11.608577728271484,0.334228515625,0.0048828125
moving_labels,2500,heldout,0.07553901608674045,4.111578030307868,4.103286508118688,0.03144954779648546,1.2692840200145914,0.0027833380255941893,0.10679203590221953,1.2692840200145914,10.179432584771643,0.19619468907554696,11.554927825927734,0.0218869186937809,0.3272331655025482,0.004110878333449364,0.06585130095481873,0.2471848577260971,1.8870149850845337,11.65878677368164,0.31591796875,0.0029296875
online,2500,train,0.12406304993420471,4.412118097970515,4.368611376419828,0.058768524132951284,1.5647159007104519,0.0039017384524858427,0.17540825851425107,1.5647159007104519,10.173380945433685,0.22681779463407123,11.591131210327148,0.02173883654177189,0.14107362926006317,0.008747329004108906,0.07437396049499512,0.13125480711460114,2.0247113704681396,11.121047019958496,0.538330078125,0.0048828125
online,2500,heldout,0.09990269535996141,4.385453951488497,4.343806722823107,0.06002584451927854,1.4766306864708134,0.004007250106292495,0.141226906172146,1.4766306864708134,10.043111236572877,0.222165224141389,11.590190887451172,0.022111698985099792,0.14249703288078308,0.008724845945835114,0.07615576684474945,0.1328260898590088,2.0050106048583984,11.106547355651855,0.54052734375,0.0029296875
fixed_labels,2600,train,0.4923152327952883,0.4923152327952883,0.0,0.2700132443552108,5.8974381446056645,4.6888082510981516e-05,0.6962388776031295,5.8974381446056645,15.734010413615241,0.4372841956619758,7.277968406677246,0.0032421001233160496,0.4608650207519531,1.4934945284039713e-05,0.00016051746206358075,0.10667151212692261,0.48333653807640076,51.543235778808594,0.02978515625,0.0048828125
fixed_labels,2600,heldout,0.5037490860915409,0.5037490860915409,0.0,0.32299076473453664,7.149350537398381,4.6742009425594156e-05,0.7124087880503089,7.149350537398381,14.017368546994216,0.3918778685954842,6.742219924926758,0.002937454031780362,0.4747285842895508,1.617199814063497e-05,0.00017243192996829748,0.10521029680967331,0.40179672837257385,51.61325454711914,0.0283203125,0.0029296875
moving_labels,2600,train,0.10272606731486865,4.189032410480303,4.22062370691368,0.040818111652638794,1.3496765463099871,0.0034993524944915643,0.14523444613478287,1.3496765463099871,10.059918902249708,0.18050205615201537,11.437629699707031,0.02733367495238781,0.403654009103775,0.005078363232314587,0.08759085834026337,0.2632763087749481,2.0127017498016357,11.983144760131836,0.346923828125,0.0048828125
moving_labels,2600,heldout,0.07564903692245516,4.178879506096362,4.2101944247136105,0.04137238517571786,1.1708264909462343,0.0035660168172224503,0.10692444574861847,1.1708264909462343,10.042256913154658,0.1800850050865191,11.433000564575195,0.025850916281342506,0.3987928032875061,0.005030393600463867,0.07554148137569427,0.31428876519203186,2.021652936935425,12.082728385925293,0.33154296875,0.0029296875
online,2600,train,0.11395641640991874,4.5262699613243065,4.509536565609635,0.038637075546499346,1.5347014785853141,0.0049696102815357706,0.16108206807596942,1.5347014785853141,10.165501567286885,0.20825810468558142,11.5535306930542,0.02596077136695385,0.16283340752124786,0.01077673863619566,0.08833728730678558,0.15386644005775452,2.183382987976074,11.928696632385254,0.60107421875,0.0048828125
online,2600,heldout,0.08861030175582045,4.497239856160269,4.482211708435265,0.03867903513818535,1.473402326696855,0.005106212593406287,0.125209814900694,1.473402326696855,10.055513512524307,0.20344444225727823,11.552999496459961,0.026349889114499092,0.16265878081321716,0.010875025764107704,0.09250867366790771,0.1552591472864151,2.1639368534088135,11.920475959777832,0.615234375,0.0029296875
fixed_labels,2700,train,0.4891856457859309,0.4891856457859309,0.0,0.29412330778419676,5.601672540994456,5.052812484770977e-05,0.6918129729434864,5.601672540994456,16.833397978624813,0.47360338155858234,7.629574298858643,0.0037227924913167953,0.4856381416320801,1.730971416691318e-05,0.0001624217547941953,0.11462593078613281,0.5195306539535522,54.527320861816406,0.030517578125,0.0048828125
fixed_labels,2700,heldout,0.5080665009738612,0.5080665009738612,0.0,0.34394041571212036,6.917309744804821,5.017938045311524e-05,0.7185145345124723,6.917309744804821,15.024600222785569,0.4207843854066246,7.035793781280518,0.0034602105151861906,0.49960583448410034,1.8634113075677305e-05,0.00017246472998522222,0.13774330914020538,0.43760886788368225,54.55173873901367,0.02978515625,0.0029296875
moving_labels,2700,train,0.10233509161041177,4.316155742784975,4.323508989784735,0.03275242441687286,1.3878549829379,0.0043030326367091,0.14465968982391106,1.3878549829379,10.105658096339754,0.18935995211322057,11.481058120727539,0.030907422304153442,0.47193342447280884,0.0064473748207092285,0.0971381813287735,0.29282763600349426,2.169015884399414,12.651508331298828,0.427001953125,0.0048828125
moving_labels,2700,heldout,0.07479038491122442,4.303612530453785,4.311762857014665,0.03530529082198973,1.2186343204023318,0.004381153599047853,0.10567880035030564,1.2186343204023318,10.1491618369025,0.18901999728248825,11.477060317993164,0.02949618548154831,0.47552555799484253,0.006296622566878796,0.08249301463365555,0.37717095017433167,2.18607234954834,12.67182731628418,0.408203125,0.0029296875
online,2700,train,0.12590537562247428,4.681599782958587,4.642792521652457,0.052054838750396654,1.6414277249670512,0.006195805501588531,0.1779492602273445,1.6414277249670512,10.280677371269642,0.21518297657719887,11.655240058898926,0.030899042263627052,0.18871644139289856,0.013316687196493149,0.10550270974636078,0.18023069202899933,2.3707187175750732,12.913670539855957,0.6494140625,0.0048828125
online,2700,heldout,0.10040413028940828,4.649295697137956,4.61263289233502,0.050995708084587664,1.5987243950641934,0.0063673144499691355,0.14185004781472638,1.5987243950641934,10.193940883796747,0.21020224479365163,11.655146598815918,0.03129985183477402,0.1886572688817978,0.013371467590332031,0.1102510467171669,0.1827516257762909,2.351684808731079,12.907732009887695,0.66943359375,0.0029296875
fixed_labels,2800,train,0.48675940384225874,0.48675940384225874,0.0,0.3115499098410804,5.361223750978149,5.505269600161341e-05,0.6883817483249705,5.361223750978149,18.61667091582126,0.5068266976956268,8.096944808959961,0.0034538160543888807,0.5043269991874695,1.9658949895529076e-05,0.00015379155229311436,0.11274954676628113,0.5600535869598389,59.62213134765625,0.02783203125,0.0048828125
fixed_labels,2800,heldout,0.5158737328953139,0.5158737328953139,0.0,0.3631354263137554,6.779286426351463,5.4540418325901964e-05,0.7295556274939109,6.779286426351463,16.330665856322295,0.44714801227627554,7.459133148193359,0.0031146248802542686,0.5146028995513916,2.0721345208585262e-05,0.0001635150983929634,0.11409158259630203,0.46247971057891846,59.55020523071289,0.02734375,0.0029296875
moving_labels,2800,train,0.1016727688082498,4.400013731679865,4.419401480322241,0.039494635365153914,1.3413415256593455,0.005211454598834371,0.14369253486258746,1.3413415256593455,9.989708491394666,0.17730273435223456,11.437156677246094,0.03562368080019951,0.542387068271637,0.007591617293655872,0.11419382691383362,0.3370797038078308,2.3326170444488525,13.261015892028809,0.490478515625,0.0048828125
moving_labels,2800,heldout,0.07739663937769196,4.386231819484783,4.406216244906698,0.042491621586602836,1.1959029142287232,0.005299927243204903,0.10932698818287152,1.1959029142287232,10.105806249057883,0.1781886277480874,11.434316635131836,0.034174542874097824,0.5547937750816345,0.007360100746154785,0.0946984514594078,0.4421054720878601,2.3585262298583984,13.350184440612793,0.47412109375,0.0029296875
online,2800,train,0.12632506769649735,4.803619165206283,4.771574064933498,0.04613105273032293,1.683597804792299,0.007693070263678888,0.17848490728060837,1.683597804792299,10.312280318068252,0.20554144182941556,11.693676948547363,0.03630077838897705,0.2167849987745285,0.01605166494846344,0.12269674241542816,0.2098221480846405,2.567758560180664,13.904422760009766,0.688720703125,0.0048828125
online,2800,heldout,0.10031696780791126,4.768891571517059,4.738678787207405,0.04533476622011827,1.653946472035094,0.007909124316708498,0.14164898098076759,1.653946472035094,10.258726517268594,0.20155519210618716,11.693781852722168,0.03673315793275833,0.21653509140014648,0.01615581475198269,0.1275676041841507,0.21117495000362396,2.5509324073791504,13.914759635925293,0.70849609375,0.0029296875
fixed_labels,2900,train,0.48894983174243756,0.48894983174243756,0.0,0.24129115582968177,6.0906819909538275,5.8754122438058925e-05,0.6914794808740669,6.0906819909538275,16.03063053205895,0.40732479992091614,7.18464469909668,0.003241231432184577,0.5285801291465759,1.9891642295988277e-05,0.00019894741126336157,0.08574845641851425,0.4916668236255646,58.12528610229492,0.0263671875,0.0048828125
fixed_labels,2900,heldout,0.49672418703003207,0.49672418703003207,0.0,0.3055266218028332,7.242231758528009,5.8318204912714814e-05,0.702474079635882,7.242231758528009,13.82369504701973,0.3710944932327466,6.688216686248779,0.002835974097251892,0.5426722764968872,2.142148878192529e-05,0.0002095275413012132,0.09069755673408508,0.3900494873523712,58.2780876159668,0.02587890625,0.0029296875
moving_labels,2900,train,0.10332696720009776,4.478203121443521,4.512188558004075,0.04860692835982935,1.3057697899403253,0.006553563617310964,0.14597936534131808,1.3057697899403253,9.857253763668806,0.17130182775313765,11.40689468383789,0.04212215170264244,0.63968425989151,0.009294676594436169,0.13903449475765228,0.40280601382255554,2.5253746509552,13.992615699768066,0.561767578125,0.0048828125
moving_labels,2900,heldout,0.08206694620139846,4.463884284009179,4.498557749582908,0.05103316310439405,1.188493089550807,0.006649860277290132,0.11586952436227128,1.188493089550807,10.053913007657549,0.17344948972610494,11.404930114746094,0.04054052755236626,0.654048502445221,0.00868682935833931,0.11562959849834442,0.525611937046051,2.5600473880767822,14.022665023803711,0.5478515625,0.0029296875
online,2900,train,0.11987748312115153,4.887257416405933,4.8977201755703605,0.03486261408408396,1.6417680181047838,0.009389023520511021,0.16927217183062085,1.6417680181047838,10.24147832408517,0.17963987305628765,11.649177551269531,0.04252809286117554,0.24736113846302032,0.019297871738672256,0.14313772320747375,0.24135823547840118,2.772183418273926,14.886743545532227,0.72265625,0.0048828125
online,2900,heldout,0.09457550087762542,4.85023665934155,4.8621560482723725,0.03528946147176059,1.6214906327375271,0.009656514129060694,0.1334009087951904,1.6214906327375271,10.223529478064426,0.17660904206894584,11.649381637573242,0.04296474531292915,0.24792265892028809,0.019415203481912613,0.14497925341129303,0.24216365814208984,2.7581193447113037,14.874032020568848,0.73779296875,0.0029296875
fixed_labels,3000,train,0.48072521676964275,0.48072521676964275,0.0,0.3094871502512918,5.273346107685877,6.018062756552215e-05,0.6798481186667593,5.273346107685877,19.4524371494663,0.512144599882008,8.237386703491211,0.003952844999730587,0.5625728964805603,2.4707791453693062e-05,0.00015487578639294952,0.11662080138921738,0.590060830116272,66.0465316772461,0.027099609375,0.0048828125
fixed_labels,3000,heldout,0.5118211376722235,0.5118211376722235,0.0,0.36396451148282005,6.658225462248381,5.930691112733409e-05,0.723824391975615,6.658225462248381,16.794568589321322,0.45228815266580746,7.570709228515625,0.003606013488024473,0.5802574157714844,2.5142635422525927e-05,0.00016384072660002857,0.14381083846092224,0.48060426115989685,66.0542984008789,0.0283203125,0.0029296875
moving_labels,3000,train,0.10361313726322066,4.576017514416264,4.597445469827803,0.046091544270227144,1.3287997557816056,0.0077535553599217795,0.14632582412662037,1.3287997557816056,9.800992193879528,0.16508908289937835,11.433736801147461,0.048393718898296356,0.7270821332931519,0.011059466749429703,0.16115137934684753,0.4684772193431854,2.735245943069458,14.86375617980957,0.618896484375,0.0048828125
moving_labels,3000,heldout,0.0825489013436525,4.560970350373696,4.58350426530473,0.04877961010827337,1.2313198880108758,0.007847956816564184,0.1164776879917072,1.2313198880108758,10.0684203208486,0.1682963426364724,11.432367324829102,0.046709902584552765,0.7466469407081604,0.010494875721633434,0.13989830017089844,0.6071336269378662,2.7794854640960693,14.944734573364258,0.61572265625,0.0029296875
online,3000,train,0.13238511960372695,5.042176619695462,5.021523450556157,0.043308261359563664,1.790820904690744,0.011559458033794899,0.18686363668448475,1.790820904690744,10.335411066959132,0.191798259759963,11.796430587768555,0.049903176724910736,0.2843847870826721,0.023285463452339172,0.1655130386352539,0.2788463234901428,3.0217537879943848,16.138559341430664,0.749267578125,0.0048828125
online,3000,heldout,0.10538998691517718,5.002324034546387,4.983541050901877,0.0431742416471933,1.7767441258662344,0.011887902626361467,0.1485690965682587,1.7767441258662344,10.349483482328694,0.1889532767305486,11.796676635742188,0.0503186397254467,0.2846357822418213,0.023355891928076744,0.1674123853445053,0.2799373269081116,3.0102455615997314,16.140167236328125,0.75927734375,0.0029296875
fixed_labels,3100,train,0.477092341506321,0.477092341506321,0.0,0.26905653607859553,5.6446976216733065,6.578720945376432e-05,0.6747104566553057,5.6446976216733065,18.110373144549595,0.45631430261710054,7.77094030380249,0.004027153365314007,0.6221618056297302,2.7806683647213504e-05,0.00017462598043493927,0.11706142872571945,0.5585513710975647,67.17720794677734,0.026123046875,0.0048828125
fixed_labels,3100,heldout,0.5006999941308229,0.5006999941308229,0.0,0.3350372824785792,6.8825883090896856,6.474791119192085e-05,0.708096719419685,6.8825883090896856,15.393096807709272,0.41282606670010397,7.217479705810547,0.0035868545528501272,0.6328941583633423,2.822896931320429e-05,0.0001857104361988604,0.12772895395755768,0.4406384527683258,67.30583953857422,0.02783203125,0.0029296875
moving_labels,3100,train,0.12286719326527336,4.597153431324145,4.676203103565718,0.09058518056741749,1.1913921899161057,0.00881387213493483,0.17353676849521282,1.1913921899161057,9.561368282118439,0.15368949203331977,11.284355163574219,0.0551072359085083,0.8258573412895203,0.011989831924438477,0.1861838698387146,0.5298314690589905,2.9425134658813477,15.572111129760742,0.64892578125,0.0048828125
moving_labels,3100,heldout,0.11164969362015646,4.582708516608183,4.6628465259955645,0.09302748897847225,1.1444037297603193,0.008921267100933482,0.1576442804679682,1.1444037297603193,9.903769316805205,0.1577426701755761,11.283462524414062,0.053134698420763016,0.8481956720352173,0.01145949400961399,0.15857888758182526,0.7131609916687012,2.9955239295959473,15.658935546875,0.64208984375,0.0029296875
online,3100,train,0.13226426016060253,5.129516368900415,5.134407283625415,0.04248663205208201,1.7930016997718128,0.013870056627246156,0.1865349580127545,1.7930016997718128,10.269407373104526,0.17207232704083,11.797270774841309,0.05755475163459778,0.3213266432285309,0.027970999479293823,0.19077447056770325,0.3168661594390869,3.261899471282959,17.251184463500977,0.769287109375,0.0048828125
online,3100,heldout,0.10590869426199903,5.087910851561028,5.094349083340476,0.043680471091358385,1.7830498167797897,0.014260837119361956,0.1490970541802158,1.7830498167797897,10.312791614474065,0.1702984372037831,11.79752254486084,0.05793016403913498,0.32102280855178833,0.027954310178756714,0.19630376994609833,0.3168250322341919,3.2535009384155273,17.25102424621582,0.77490234375,0.0029296875
fixed_labels,3200,train,0.4750320300242038,0.4750320300242038,0.0,0.26357651391226233,5.661777144623627,7.106583226135593e-05,0.6717967356630126,5.661777144623627,18.555100855678376,0.452646377040454,7.7726569175720215,0.003989731892943382,0.6577175855636597,2.981621219078079e-05,0.00018744886619970202,0.10342025011777878,0.5679102540016174,70.10523223876953,0.026123046875,0.0048828125
fixed_labels,3200,heldout,0.5005986302570006,0.5005986302570006,0.0,0.33457148312995694,6.8877811471806405,6.999081432085993e-05,0.7079533687550729,6.8877811471806405,15.515313229533085,0.41214794001885013,7.255135536193848,0.0034515487495809793,0.6654649972915649,3.0173070626915433e-05,0.00019721442367881536,0.10941345989704132,0.438791424036026,70.27127838134766,0.0263671875,0.0029296875
moving_labels,3200,train,0.1101546654055593,4.716691803895061,4.750212786182202,0.062133325096331696,1.3031781903389827,0.009950047694774403,0.15546413468093903,1.3031781903389827,9.566836645514194,0.14792303639116913,11.40543270111084,0.06310330331325531,0.9283916354179382,0.013646388426423073,0.2155974805355072,0.60035240650177,3.2004592418670654,16.64853858947754,0.686279296875,0.0048828125
moving_labels,3200,heldout,0.09650753192475718,4.702999910859369,4.737804662496164,0.06735753079357445,1.2786604809709954,0.0100664163322276,0.13611052383501546,1.2786604809709954,9.980089557667933,0.15236343765024063,11.404891014099121,0.06081213429570198,0.9512606859207153,0.013161635026335716,0.18580012023448944,0.820836067199707,3.2621350288391113,16.776519775390625,0.6748046875,0.0029296875
online,3200,train,0.1378611246861282,5.2356462630704845,5.244091117119353,0.04788633116487414,1.850684015522335,0.016647837571161866,0.19425300230280249,1.850684015522335,10.236375732754178,0.1658845837618597,11.853964805603027,0.06614810228347778,0.3619018495082855,0.03334987163543701,0.2167939990758896,0.35723987221717834,3.528658628463745,18.485576629638672,0.782958984375,0.0048828125
online,3200,heldout,0.11126397879154677,5.1923152293415,5.202419434626723,0.04928298494029114,1.843634766671561,0.017111213608462694,0.15641787724520845,1.843634766671561,10.303207747637568,0.16453240974620467,11.854202270507812,0.06646385788917542,0.36240172386169434,0.033479154109954834,0.21949000656604767,0.3586087226867676,3.5230748653411865,18.490171432495117,0.7919921875,0.0029296875
fixed_labels,3300,train,0.4712317146980492,0.4712317146980492,0.0,0.26969354446290494,5.536644965251407,7.461953331785456e-05,0.6664222777687226,5.536644965251407,19.212511673758986,0.4665076397063708,8.032737731933594,0.004204160999506712,0.6585566997528076,3.150141492369585e-05,0.0001920900831464678,0.12672659754753113,0.595244824886322,74.40190124511719,0.025634765625,0.0048828125
fixed_labels,3300,heldout,0.49924319350591567,0.49924319350591567,0.0,0.33871315352329334,6.784535299115067,7.343964893367038e-05,0.7060364913590432,6.784535299115067,16.22979719886397,0.4210426838512131,7.421169281005859,0.003739529987797141,0.6727081537246704,3.195954559487291e-05,0.00020125399169046432,0.13625682890415192,0.4630188047885895,74.53168487548828,0.02685546875,0.0029296875
moving_labels,3300,train,0.1136318520931462,4.804022902465326,4.819800891746854,0.06246108899019502,1.3598953308693622,0.010776059160458337,0.16033799352994166,1.3598953308693622,9.509621849770168,0.14241839339252954,11.462714195251465,0.0715707466006279,1.0342609882354736,0.015012931078672409,0.2501198649406433,0.7223126888275146,3.4617323875427246,17.670934677124023,0.710693359375,0.0048828125
moving_labels,3300,heldout,0.10033719980449364,4.791537609785207,4.809119421506581,0.06807868588364463,1.3634684477475043,0.010909750113687973,0.14147821274553424,1.3634684477475043,10.00304604736125,0.14742392768689722,11.462418556213379,0.06873993575572968,1.0557235479354858,0.014368033036589622,0.2070617824792862,0.9307016134262085,3.531850576400757,17.76247215270996,0.70361328125,0.0029296875
online,3300,train,0.1443777497704425,5.326981976214825,5.350636714890489,0.05826586294393087,1.891338096182636,0.019602747134084574,0.20323779560492716,1.891338096182636,10.168781953585684,0.15263060125832156,11.893959999084473,0.07515200227499008,0.4057270884513855,0.03894509747624397,0.24601247906684875,0.39928603172302246,3.7993428707122803,19.710451126098633,0.790771484375,0.0048828125
online,3300,heldout,0.11845411395318935,5.282420461775819,5.3077135002992435,0.060161696300260664,1.8861506159081953,0.020139751219460742,0.16630437350138622,1.8861506159081953,10.252507908757172,0.15169921358870195,11.894135475158691,0.07542327791452408,0.40461888909339905,0.039212971925735474,0.24928030371665955,0.39786651730537415,3.7962052822113037,19.706268310546875,0.80078125,0.0029296875
fixed_labels,3400,train,0.4704690476335526,0.4704690476335526,0.0,0.25891187444156666,5.627508884636534,7.961461643777108e-05,0.6653437030768058,5.627508884636534,19.70575152302878,0.45538103457599977,7.964709281921387,0.0038506444543600082,0.698241651058197,3.350331826368347e-05,0.00020645977929234505,0.08351298421621323,0.5979853272438049,77.13377380371094,0.0234375,0.0048828125
fixed_labels,3400,heldout,0.5011329189540499,0.5011329189540499,0.0,0.33723307663100177,6.856797752035731,7.834073943336977e-05,0.708708966206539,6.856797752035731,16.195408159519097,0.41642732125826715,7.441362380981445,0.0032010183203965425,0.6992428302764893,3.39432735927403e-05,0.00021760955860372633,0.09108076989650726,0.4489770233631134,77.24195098876953,0.025390625,0.0029296875
moving_labels,3400,train,0.11837591084111156,4.848900856307857,4.879977194084595,0.07379645451580162,1.3266330088985554,0.0112717097051077,0.16702892293027985,1.3266330088985554,9.387225323490492,0.13148098504589542,11.415277481079102,0.07922789454460144,1.1301190853118896,0.01624898985028267,0.2788788676261902,0.8489943742752075,3.7202467918395996,18.705093383789062,0.732666015625,0.0048828125
moving_labels,3400,heldout,0.10924373501195368,4.837808694608773,4.871470529760422,0.0805876331803925,1.3650233167770647,0.011451210886484469,0.15406900093126186,1.3650233167770647,9.962786157376758,0.13652886396131025,11.415131568908691,0.07565916329622269,1.155341386795044,0.015572833828628063,0.22792023420333862,1.0250844955444336,3.798445701599121,18.87675666809082,0.73095703125,0.0029296875
online,3400,train,0.154858766596032,5.459988090074539,5.456828188184514,0.061156119606397004,2.036941578945794,0.023133308793081515,0.2177781559467629,2.036941578945794,10.177146037163963,0.1582076350429747,12.039052963256836,0.085259810090065,0.45420241355895996,0.04483186453580856,0.27247920632362366,0.4474421739578247,4.105114459991455,21.124059677124023,0.794921875,0.0048828125
online,3400,heldout,0.12667358130039333,5.414252462784333,5.41301200473595,0.06283397161238972,2.0330835900103126,0.023755534753781192,0.17756144561108028,2.0330835900103126,10.273126891287799,0.15758009861293695,12.039163589477539,0.08550688624382019,0.4542010724544525,0.045293498784303665,0.2828882932662964,0.44627925753593445,4.104318141937256,21.117643356323242,0.80615234375,0.0029296875
fixed_labels,3500,train,0.4667792558012329,0.4667792558012329,0.0,0.3036072072959387,5.082978593338899,7.664092986979241e-05,0.6601255497394972,5.082978593338899,22.40283921000537,0.52741742878838,8.625667572021484,0.004307502415031195,0.7130724191665649,3.576555900508538e-05,0.00018705331603996456,0.1177891194820404,0.6699848771095276,83.85633850097656,0.0244140625,0.0048828125
fixed_labels,3500,heldout,0.5107755994956158,0.5107755994956158,0.0,0.37241777065428,6.469042261419206,7.50459478080038e-05,0.7223457762376113,6.469042261419206,18.252633332094685,0.46979624028790073,7.943495750427246,0.003704048926010728,0.7330390810966492,3.600475611165166e-05,0.0001994242484215647,0.12212714552879333,0.5084730386734009,83.83496856689453,0.02490234375,0.0029296875
moving_labels,3500,train,0.12521362056530894,4.942622363061465,4.932034631002917,0.07442005432421325,1.4429941484863553,0.01218079993202346,0.1766593605308316,1.4429941484863553,9.351714256145822,0.1354384491325897,11.534104347229004,0.09174006432294846,1.240536093711853,0.01969127729535103,0.3237687945365906,0.9688884615898132,4.017640590667725,19.873809814453125,0.771728515625,0.0048828125
moving_labels,3500,heldout,0.11473224937008222,4.9343597017985745,4.9265811476137165,0.0803355410134547,1.5154849444471896,0.012405782482701395,0.16178094650492486,1.5154849444471896,10.019388021435189,0.14155622455736958,11.534150123596191,0.08702486008405685,1.2658151388168335,0.018833260983228683,0.2686501741409302,1.1413089036941528,4.103148460388184,20.096101760864258,0.76708984375,0.0029296875
online,3500,train,0.1619782022462195,5.546226856010894,5.558149097503025,0.070157901523387,2.090501034539079,0.02663250365094878,0.22751831960331587,2.090501034539079,10.088601169432431,0.14213270065913916,12.092242240905762,0.0951760932803154,0.500134289264679,0.05100203678011894,0.2991539239883423,0.4929516613483429,4.391991138458252,22.375885009765625,0.80126953125,0.0048828125
online,3500,heldout,0.13405247199807457,5.499806765322196,5.513670745200324,0.07223848364788338,2.0875313910698017,0.02733232137419668,0.18759817351426097,2.0875313910698017,10.191846310161853,0.14173108929407657,12.092313766479492,0.0953938364982605,0.5000226497650146,0.05217202752828598,0.307441771030426,0.4921792447566986,4.392886161804199,22.365188598632812,0.81005859375,0.0029296875
fixed_labels,3600,train,0.4648285931422751,0.4648285931422751,0.0,0.2524047181646844,5.591647332613385,8.697059276641828e-05,0.6573668948474432,5.591647332613385,20.13392471258197,0.4532387365450782,8.11631965637207,0.004361285828053951,0.768042266368866,3.793628275161609e-05,0.000220020447159186,0.11203394830226898,0.6258053183555603,84.7323989868164,0.022705078125,0.0048828125
fixed_labels,3600,heldout,0.4985805333466114,0.4985805333466114,0.0,0.3371506438538569,6.794382264023255,8.545449869912995e-05,0.705099347015661,6.794382264023255,16.608718508940093,0.41814208783854817,7.569635391235352,0.003712503705173731,0.7784756422042847,3.7930949474684894e-05,0.0002393719769315794,0.11784139275550842,0.4641542136669159,84.9897232055664,0.02490234375,0.0029296875
moving_labels,3600,train,0.12623777592453547,4.949530280557257,4.979439501875897,0.08104717851412065,1.387442978518797,0.012684232238091593,0.17807600173318305,1.387442978518797,9.186295083372316,0.11667905646017725,11.440731048583984,0.10490956157445908,1.3308815956115723,0.02781463786959648,0.35404202342033386,1.068977952003479,4.283870697021484,20.79759407043457,0.83447265625,0.0048828125
moving_labels,3600,heldout,0.12255225183346578,4.944960013813877,4.977600444942303,0.0906471462370678,1.5264393870809636,0.01298762864897515,0.17282774765928866,1.5264393870809636,9.923725803444686,0.12248401770000378,11.440950393676758,0.09871542453765869,1.3614100217819214,0.025023221969604492,0.30926623940467834,1.2224549055099487,4.374074935913086,21.01362419128418,0.8466796875,0.0029296875
online,3600,train,0.17416021600310172,5.577925621977019,5.64930111709986,0.10131533981808188,2.0297740924716203,0.030376464557685213,0.24441937745905046,2.0297740924716203,9.874039535193699,0.12039091320251166,12.031204223632812,0.10519726574420929,0.544498085975647,0.05809305980801582,0.33331379294395447,0.5358847379684448,4.662996292114258,23.44744110107422,0.806884765625,0.0048828125
online,3600,heldout,0.15048884561282225,5.531487005433628,5.604324441456619,0.10312669053590533,2.0274751438152436,0.031158212715816334,0.21053016669379152,2.0274751438152436,9.981333051130768,0.12024747521186195,12.03124713897705,0.10539115965366364,0.5442711710929871,0.05984564870595932,0.32744836807250977,0.5388283133506775,4.6652326583862305,23.44569969177246,0.8134765625,0.0029296875
fixed_labels,3700,train,0.46110521968687695,0.46110521968687695,0.0,0.2598926858524569,5.456982830736897,8.90221214753719e-05,0.652101249285744,5.456982830736897,21.328982247861067,0.46976216434447643,8.262521743774414,0.004298720974475145,0.7837194204330444,3.938522422686219e-05,0.0002209107333328575,0.10434529185295105,0.6542004346847534,89.25078582763672,0.022216796875,0.0048828125
fixed_labels,3700,heldout,0.4999597277569554,0.4999597277569554,0.0,0.3448589279165988,6.696606141339432,8.742431382422988e-05,0.7070498222293866,6.696606141339432,17.332643371635214,0.4306343197293238,7.699573516845703,0.003594940062612295,0.7945142984390259,3.890858351951465e-05,0.00023818324552848935,0.11032192409038544,0.4793567955493927,89.48485565185547,0.02490234375,0.0029296875
moving_labels,3700,train,0.1324016419086104,4.980519610322679,5.0203592851286905,0.08832222461081277,1.4143471004510517,0.01384708241083755,0.18673148601373918,1.4143471004510517,9.135097919917017,0.11283178268879444,11.438322067260742,0.12063185125589371,1.4193439483642578,0.03723740577697754,0.3884042501449585,1.167434573173523,4.570425510406494,21.74872589111328,0.88037109375,0.0048828125
moving_labels,3700,heldout,0.13037303127667044,4.9799459427327575,5.022869670295098,0.09736541217223012,1.6047797728852626,0.014210208141866899,0.18382688745964285,1.6047797728852626,9.956589865258225,0.11892798422553956,11.438695907592773,0.11245407164096832,1.4556357860565186,0.03387627750635147,0.343479186296463,1.3240472078323364,4.6650390625,22.04993438720703,0.890625,0.0029296875
online,3700,train,0.18457685357485182,5.7687645406799835,5.737387122838326,0.08719969109779707,2.329721166518938,0.03522170601592146,0.25864388872832966,2.329721166518938,9.977920754077708,0.15644947727303793,12.330923080444336,0.11762882024049759,0.6052829623222351,0.06594846397638321,0.3671920597553253,0.5946825742721558,5.030062675476074,25.162771224975586,0.8115234375,0.0048828125
online,3700,heldout,0.15389498817625896,5.720889352460932,5.692054330773028,0.0884918942046259,2.3278611743378157,0.03611503224170571,0.21462301651435783,2.3278611743378157,10.089635541787493,0.15595080558566235,12.330950736999512,0.11785003542900085,0.605366587638855,0.06755395233631134,0.3603947162628174,0.5990698337554932,5.03303861618042,25.171194076538086,0.81689453125,0.0029296875
fixed_labels,3800,train,0.4576721282461891,0.4576721282461891,0.0,0.2879666054042685,5.098834597081315,8.443862403621724e-05,0.6472461253780598,5.098834597081315,23.672778406084827,0.5186145322470582,8.742169380187988,0.004334454424679279,0.8075417280197144,4.100440492038615e-05,0.0002101640566252172,0.09793933480978012,0.7072770595550537,95.63700103759766,0.022705078125,0.0048828125
fixed_labels,3800,heldout,0.5087698583738025,0.5087698583738025,0.0,0.37062342090887124,6.450136303257665,8.244573316164457e-05,0.719509229115304,6.450136303257665,18.84402901636998,0.4683040683384513,8.100508689880371,0.003557706717401743,0.8217341303825378,4.1258019336964935e-05,0.0002279576292494312,0.1024494469165802,0.5129571557044983,95.63188934326172,0.02490234375,0.0029296875
moving_labels,3800,train,0.137036252646544,5.056367471863884,5.0557925468685845,0.088916703438462,1.4948733321009453,0.01668986601093304,0.19307852664486538,1.4948733321009453,9.165456730578907,0.10837783437608882,11.529385566711426,0.13518153131008148,1.4961470365524292,0.04723329842090607,0.42557305097579956,1.2343590259552002,4.884393215179443,22.897878646850586,0.91357421875,0.0048828125
moving_labels,3800,heldout,0.13766221701363096,5.060260616256935,5.063698331329029,0.10245478799057585,1.70179190066654,0.01702212809931171,0.19393818381429345,1.70179190066654,10.010427068028521,0.11377598696263891,11.530484199523926,0.12570171058177948,1.5403645038604736,0.042101431638002396,0.3748156726360321,1.3975414037704468,4.981973171234131,23.244094848632812,0.90771484375,0.0029296875
online,3800,train,0.20655003571898123,5.892554573316362,5.824201883442325,0.11183572368476641,2.487647918207055,0.04001597791313908,0.2893519587330972,2.487647918207055,9.942281280896664,0.17873697713837475,12.488673210144043,0.1297333687543869,0.6611138582229614,0.07407061755657196,0.39327889680862427,0.6479527950286865,5.3686909675598145,26.657636642456055,0.81396484375,0.0048828125
online,3800,heldout,0.17515381348300268,5.843877623108802,5.778569432784058,0.11228549240082288,2.486118159375439,0.04101289411609636,0.24428601939427244,2.486118159375439,10.058516435742007,0.17775801586697723,12.488688468933105,0.12996479868888855,0.6615213751792908,0.07607121765613556,0.3951057195663452,0.6539689302444458,5.371982574462891,26.654123306274414,0.81884765625,0.0029296875
fixed_labels,3900,train,0.45608078076507425,0.45608078076507425,0.0,0.2593933306326999,5.374729719585823,9.319022130860224e-05,0.6449956189635261,5.374729719585823,22.67384382071256,0.4785214982064137,8.523637771606445,0.004183919634670019,0.8349825143814087,4.439987969817594e-05,0.0002252393460366875,0.08495261520147324,0.6902767419815063,97.993408203125,0.021728515625,0.0048828125
fixed_labels,3900,heldout,0.502789580130152,0.502789580130152,0.0,0.35277873814783556,6.628175990514572,9.10315764965046e-05,0.7110518374128296,6.628175990514572,18.2067392392808,0.44073870596203407,7.95737361907959,0.0033671690616756678,0.8365201950073242,4.4873471779283136e-05,0.00024285340623464435,0.08735137432813644,0.4929623007774353,98.23697662353516,0.0244140625,0.0029296875
moving_labels,3900,train,0.14093626685439795,5.088868724431241,5.08218771622336,0.09137519965543349,1.5382898191960381,0.019989575478228782,0.19830905047906494,1.5382898191960381,9.136390398081945,0.10552434492996218,11.580202102661133,0.15464814007282257,1.567389965057373,0.05849093943834305,0.4764719605445862,1.3194942474365234,5.182206153869629,23.9044189453125,0.934814453125,0.0048828125
moving_labels,3900,heldout,0.13936857024593954,5.098364198554018,5.096001312077711,0.10196724164264061,1.7582285288886537,0.020204423868609298,0.19605860858664773,1.7582285288886537,10.046580070850114,0.1128607284677997,11.582235336303711,0.1426408439874649,1.6218879222869873,0.05256466940045357,0.4198018014431,1.4995347261428833,5.2833356857299805,24.348133087158203,0.9208984375,0.0029296875
online,3900,train,0.19847571372244313,5.932524229542287,5.904872485298048,0.09777240332620091,2.4737404587289937,0.0444371824213492,0.2771471715419772,2.4737404587289937,9.740718110877141,0.14103826351526536,12.474614143371582,0.1410641074180603,0.7107425928115845,0.08092896640300751,0.4227295517921448,0.6953822374343872,5.651971340179443,27.75113868713379,0.8154296875,0.0048828125
online,3900,heldout,0.1666178888953958,5.883886249334793,5.859025692332094,0.09940151195449638,2.472491520077264,0.045515843087857215,0.23119547968746812,2.472491520077264,9.863043972130392,0.14044792263400827,12.474618911743164,0.1412452757358551,0.7104049921035767,0.0846019983291626,0.41588491201400757,0.7023271918296814,5.655275821685791,27.754501342773438,0.82275390625,0.0029296875
fixed_labels,4000,train,0.4544824026481083,0.4544824026481083,0.0,0.2556218731828157,5.383818460386058,9.269694764911907e-05,0.6427351710003665,5.383818460386058,22.972694177208094,0.47635658435803563,8.63896656036377,0.004217103123664856,0.868425726890564,4.556178828352131e-05,0.00022466143127530813,0.08540336787700653,0.7017634510993958,101.9946060180664,0.02099609375,0.0048828125
fixed_labels,4000,heldout,0.504523936064413,0.504523936064413,0.0,0.3553352010822855,6.626684373941818,9.028199338097154e-05,0.713504587212316,6.626684373941818,18.473548070516784,0.44226445958548144,8.08459758758545,0.0033437139354646206,0.8647618293762207,4.657683166442439e-05,0.00023605040041729808,0.08201305568218231,0.49659013748168945,102.30210876464844,0.0224609375,0.0029296875
moving_labels,4000,train,0.14605328200781348,5.113620636689062,5.102119156874285,0.09704360463949507,1.5650639405114573,0.024040117469545003,0.2051467648357104,1.5650639405114573,9.09651718888555,0.10011162033764484,11.632644653320312,0.1749224066734314,1.623112678527832,0.07096610218286514,0.535348653793335,1.3656686544418335,5.472339630126953,24.83570098876953,0.946533203125,0.0048828125
moving_labels,4000,heldout,0.14446296200321684,5.130454972174827,5.123155260333265,0.1075022104100363,1.7861504280596554,0.024122801420946815,0.2028723372791158,1.7861504280596554,10.013922073662345,0.10854971670471884,11.636452674865723,0.16067317128181458,1.687932014465332,0.0631282776594162,0.4703983962535858,1.5332140922546387,5.574876308441162,25.334863662719727,0.9306640625,0.0029296875
online,4000,train,0.19808183215110364,5.9377795657557755,5.9834135944611475,0.1063140517781144,2.394187028694058,0.04889918942922974,0.27582910239827907,2.394187028694058,9.472980491610743,0.09625471211081592,12.394937515258789,0.15244677662849426,0.757933497428894,0.08868499100208282,0.4506496787071228,0.7452018857002258,5.910339832305908,28.678699493408203,0.817626953125,0.0048828125
online,4000,heldout,0.16902861130649868,5.8894940475063065,5.937285336690178,0.10874830750368372,2.39317244731544,0.05005915680030751,0.23374221634281014,2.39317244731544,9.605915722767183,0.09627067812700826,12.394937515258789,0.15247827768325806,0.7575149536132812,0.09352108836174011,0.44509950280189514,0.7495427131652832,5.913356781005859,28.662290573120117,0.8232421875,0.0029296875
fixed_labels,4100,train,0.45212135217979216,0.45212135217979216,0.0,0.30168413686279655,4.828603831798585,8.418212419688742e-05,0.6393961425494662,4.828603831798585,26.025339506649306,0.5530304119793422,9.33669662475586,0.004729808308184147,0.8586007356643677,4.384545172797516e-05,0.00022112688748165965,0.11686282604932785,0.7769548892974854,109.44579315185547,0.02099609375,0.0048828125
fixed_labels,4100,heldout,0.5134576134157062,0.5134576134157062,0.0,0.3875057081027183,6.235703705567825,8.171759592159933e-05,0.7261387159980799,6.235703705567825,20.471932630825044,0.49612912826595,8.488349914550781,0.003842654637992382,0.8875465393066406,4.4736385461874306e-05,0.00022091921709943563,0.11860298365354538,0.5523247718811035,109.5082015991211,0.02392578125,0.0029296875
moving_labels,4100,train,0.1465343616661896,5.085589736982273,5.10844461501034,0.10190237270575814,1.5103816383768867,0.027161878791731747,0.20544310803319393,1.5103816383768867,9.223456141106405,0.09083408076271046,11.540594100952148,0.19262003898620605,1.7016090154647827,0.08514551818370819,0.5706015825271606,1.4368493556976318,5.727197170257568,25.592729568481445,0.954833984375,0.0048828125
moving_labels,4100,heldout,0.15081318740637994,5.108308112385515,5.137997973137991,0.11656961385242746,1.7716899154494814,0.027161367997121218,0.2115454917502822,1.7716899154494814,10.132632320574409,0.09447623095651075,11.545659065246582,0.1759277731180191,1.770092248916626,0.07526727020740509,0.4963073432445526,1.5849342346191406,5.8277764320373535,26.072359085083008,0.94091796875,0.0029296875
online,4100,train,0.20895107835302876,6.075456555059968,6.05646235521662,0.10341839206141785,2.6003780760222948,0.05472173082024707,0.29039049307066434,2.6003780760222948,9.458292684865366,0.1247333917478691,12.601037979125977,0.16633948683738708,0.8198773264884949,0.09885547310113907,0.48231542110443115,0.8039828538894653,6.267867088317871,30.22144317626953,0.81884765625,0.0048828125
online,4100,heldout,0.17567273482015608,6.026339544745202,6.0102128548197475,0.10533653975144466,2.599536719485664,0.05600687405220478,0.2420434869548987,2.599536719485664,9.605268202439376,0.12445136687664578,12.601032257080078,0.1662166565656662,0.8213993906974792,0.10329953581094742,0.4724884331226349,0.8093733191490173,6.270418167114258,30.218557357788086,0.826171875,0.0029296875
fixed_labels,4200,train,0.44835730135666163,0.44835730135666163,0.0,0.26835009533250404,5.1472100168449675,0.00010302768476108886,0.6340729679973377,5.1472100168449675,25.061992170752507,0.5050512719660493,8.83354663848877,0.004392021801322699,0.9048681259155273,4.883867222815752e-05,0.00024605236831121147,0.08846624940633774,0.7575177550315857,111.0042953491211,0.01953125,0.0048828125
fixed_labels,4200,heldout,0.5055825357425741,0.5055825357425741,0.0,0.3662864153536413,6.44890716029973,0.00010051532987327371,0.7150016718808782,6.44890716029973,19.75169265855262,0.46329663143443045,8.220462799072266,0.0034586789552122355,0.9132064580917358,5.048230377724394e-05,0.00025875764549709857,0.08638054132461548,0.5288121104240417,111.13383483886719,0.02294921875,0.0029296875
moving_labels,4200,train,0.14915968133258758,5.0758640055386275,5.107854944359036,0.10324542660689787,1.5440483365915014,0.031431180868976935,0.20858883464763833,1.5440483365915014,9.418163475269198,0.10337906647397885,11.566925048828125,0.21820068359375,1.7908378839492798,0.10127539932727814,0.652565598487854,1.5128605365753174,6.007359981536865,26.296560287475586,0.961181640625,0.0048828125
moving_labels,4200,heldout,0.1532537792608384,5.109258172024989,5.147174110488799,0.11668064970059515,1.8393953979008695,0.0313448394747799,0.21445499004163987,1.8393953979008695,10.260432561798243,0.1050826626670836,11.575288772583008,0.19847193360328674,1.8587064743041992,0.08930482715368271,0.5493140816688538,1.6269357204437256,6.1059088706970215,26.90972900390625,0.9482421875,0.0029296875
online,4200,train,0.21495944209069845,6.146940736064696,6.130552519613273,0.10684429806165217,2.671476775904084,0.06022404574743463,0.2979734682848451,2.671476775904084,9.32487225952121,0.11785735225882196,12.67205810546875,0.17956355214118958,0.8780149221420288,0.10799334943294525,0.5145624876022339,0.8615813851356506,6.580481052398682,31.47064781188965,0.818359375,0.0048828125
online,4200,heldout,0.18086756415191568,6.09772026195969,6.084246435386793,0.10885810047947851,2.670783389051548,0.06161735101653617,0.24825280175297043,2.670783389051548,9.489721647142686,0.11779638686690494,12.672050476074219,0.17916008830070496,0.8768793940544128,0.11212487518787384,0.5083451867103577,0.860803484916687,6.582485675811768,31.472383499145508,0.82470703125,0.0029296875
fixed_labels,4300,train,0.4461793858880326,0.4461793858880326,0.0,0.2671822138900761,5.1207654440454276,9.307419085274173e-05,0.6309929319097313,5.1207654440454276,24.653578670579076,0.5026493713052925,8.753186225891113,0.004902251064777374,0.9304275512695312,4.642389831133187e-05,0.00023914525809232146,0.1300818771123886,0.7542687058448792,113.22574615478516,0.02001953125,0.0048828125
fixed_labels,4300,heldout,0.5048586279573936,0.5048586279573936,0.0,0.36704010757858774,6.4148754215255,9.046435368239508e-05,0.7139779130072895,6.4148754215255,19.50845782534959,0.46424951276949694,8.19711685180664,0.0038742609322071075,0.9544838666915894,4.7550776798743755e-05,0.00024753669276833534,0.11698628962039948,0.5244202613830566,113.5092544555664,0.0224609375,0.0029296875
moving_labels,4300,train,0.1519970294130983,5.099795718821196,5.099874390922067,0.10626727241516154,1.5588634423908507,0.03637311917798,0.21185653188437928,1.5588634423908507,9.64197414031065,0.0958440489483028,11.660953521728516,0.2385447472333908,1.8705066442489624,0.11428222060203552,0.7091376781463623,1.5600898265838623,6.2893595695495605,27.226070404052734,0.963623046875,0.0048828125
moving_labels,4300,heldout,0.15435115594819393,5.141997889502669,5.1500559290866565,0.11856673866824079,1.8296421349957066,0.03622362130548744,0.21525893232245671,1.8296421349957066,10.44710331709,0.10085501200541733,11.67255973815918,0.21610140800476074,1.933742880821228,0.1013825386762619,0.5883448123931885,1.658897042274475,6.389057159423828,27.904478073120117,0.95068359375,0.0029296875
online,4300,train,0.21480317900708196,6.175149923537102,6.196853698575484,0.10869613116457408,2.65361807307708,0.0658947098181009,0.29654459806424605,2.65361807307708,9.124985616108749,0.09127451044963766,12.654202461242676,0.19258272647857666,0.9307066798210144,0.11722283065319061,0.5436153411865234,0.9139777421951294,6.870842456817627,32.5246696472168,0.8173828125,0.0048828125
online,4300,heldout,0.18157993622073987,6.126229729111191,6.150593119642567,0.11129485104108156,2.6530436927014165,0.06739494967030923,0.24779117666856582,2.6530436927014165,9.303253412019249,0.09168243289142768,12.654114723205566,0.19196902215480804,0.930706799030304,0.12069384753704071,0.5266261696815491,0.9103763699531555,6.871735095977783,32.50003433227539,0.82763671875,0.0029296875
fixed_labels,4400,train,0.44439402134873734,0.44439402134873734,0.0,0.2684868232439923,5.074858002999609,9.685073477158626e-05,0.6284680445662605,5.074858002999609,25.18985696698545,0.5072537715566855,8.792856216430664,0.004990140441805124,0.9451467394828796,4.7867455577943474e-05,0.0002429843007121235,0.13192473351955414,0.7681863307952881,116.22126770019531,0.019775390625,0.0048828125
fixed_labels,4400,heldout,0.5052774722377164,0.5052774722377164,0.0,0.3695120239970257,6.3777267108255815,9.410015214424073e-05,0.7145702478042545,6.3777267108255815,19.77407499748531,0.4686939048556905,8.204946517944336,0.0038982226978987455,0.9744158983230591,4.872580757364631e-05,0.0002582953020464629,0.11641241610050201,0.5300465822219849,116.49361419677734,0.0224609375,0.0029296875
moving_labels,4400,train,0.15132686967325482,5.043056554008246,5.080692104299372,0.10974622588202794,1.4950814464495281,0.04026218955763407,0.21018705731380713,1.4950814464495281,9.886612598789265,0.11836068055569211,11.650422096252441,0.2664899528026581,1.947174072265625,0.1320892870426178,0.7867423295974731,1.6120872497558594,6.51761531829834,27.65898895263672,0.968505859375,0.0048828125
moving_labels,4400,heldout,0.15588021042191158,5.099771227474775,5.143378801168974,0.12288031052485798,1.776245634431775,0.04003507982453382,0.21678208502042337,1.776245634431775,10.516662359547094,0.11604856566378582,11.672146797180176,0.24117782711982727,1.9936319589614868,0.11681869626045227,0.6652748584747314,1.66659677028656,6.612673282623291,28.394084930419922,0.9580078125,0.0029296875
online,4400,train,0.23446805221886902,6.314267538629827,6.264536065025845,0.12154605359286944,2.871951788169329,0.0727194961890283,0.3235157027048834,2.871951788169329,9.134035777852146,0.13693314606652682,12.87254524230957,0.20764102041721344,0.9968339204788208,0.12743207812309265,0.5777676105499268,0.9785448312759399,7.247546195983887,34.116920471191406,0.81591796875,0.0048828125
online,4400,heldout,0.1980580031147662,6.264739442151637,6.218389595269841,0.12294326697600463,2.871466353661697,0.07436640146524094,0.27004366966979265,2.871466353661697,9.327706131101362,0.1368104679493735,12.872390747070312,0.20683085918426514,0.9964424967765808,0.13086706399917603,0.5494318604469299,0.9716925024986267,7.2473464012146,34.109893798828125,0.82373046875,0.0029296875
fixed_labels,4500,train,0.442567389136307,0.442567389136307,0.0,0.27135889272924024,5.010627693080634,9.498449762569003e-05,0.6258847967731762,5.010627693080634,25.756450241908315,0.5158410010968728,8.989492416381836,0.005079291295260191,0.9893034100532532,4.7201738198054954e-05,0.0002475231303833425,0.13737142086029053,0.7905358076095581,121.46794891357422,0.01904296875,0.0048828125
fixed_labels,4500,heldout,0.5058119474693927,0.5058119474693927,0.0,0.3727335021067269,6.328196807502472,9.223758020570156e-05,0.7153261101747848,6.328196807502472,20.381898875968954,0.47470550904093284,8.35093879699707,0.004002491477876902,0.9817051887512207,4.7595545765943825e-05,0.0002631653333082795,0.11841322481632233,0.5454385280609131,121.72030639648438,0.021484375,0.0029296875
moving_labels,4500,train,0.14832932142778954,5.0236328961537735,5.048468364165057,0.10815402932099401,1.456714320108002,0.04411431995644399,0.20507828252947088,1.456714320108002,10.361536935092056,0.12464023335455163,11.729411125183105,0.29222923517227173,2.053114891052246,0.14520502090454102,0.8492041826248169,1.6622074842453003,6.773364067077637,28.304182052612305,0.973388671875,0.0048828125
moving_labels,4500,heldout,0.15269343726687018,5.094126278532633,5.125449639987618,0.12050119990035608,1.736796106153034,0.04389583736229165,0.21143255906081843,1.736796106153034,10.819205582476027,0.12098113894508401,11.75300121307373,0.26387423276901245,2.075702428817749,0.13000845909118652,0.7265254259109497,1.781104326248169,6.864652633666992,29.096803665161133,0.96630859375,0.0029296875
online,4500,train,0.22816300255190064,6.321872979734914,6.328471331546609,0.11485127285917368,2.823696722775311,0.07805449348623766,0.31308817849545856,2.823696722775311,8.949293169191723,0.0893888165010631,12.824281692504883,0.21963635087013245,1.0433909893035889,0.13679209351539612,0.6016806960105896,1.0236009359359741,7.51015567779541,35.004676818847656,0.8154296875,0.0048828125
online,4500,heldout,0.19249877789377876,6.273136305606683,6.2825746155689455,0.11723333807472365,2.8232868478395465,0.07978930512633403,0.26027913049004425,2.8232868478395465,9.152378277334536,0.0904017163502577,12.82408332824707,0.2186402976512909,1.0440945625305176,0.13909763097763062,0.5732470154762268,1.017040729522705,7.508768081665039,35.005252838134766,0.8251953125,0.0029296875
fixed_labels,4600,train,0.44076857634616456,0.44076857634616456,0.0,0.27746703070213985,4.908948159588106,9.993061319884133e-05,0.6233408905264614,4.908948159588106,27.449311075585634,0.5305538073175122,9.139930725097656,0.005035964772105217,1.04073965549469,4.850915138376877e-05,0.0002497571404092014,0.09917028993368149,0.8184846043586731,125.56797790527344,0.019287109375,0.0048828125
fixed_labels,4600,heldout,0.5129923986878212,0.5129923986878212,0.0,0.38595045922949006,6.255429643174993,9.719439228016749e-05,0.7254808011079404,6.255429643174993,21.134305835755857,0.49156910678949284,8.469390869140625,0.00370974512770772,1.0601983070373535,4.896295286016539e-05,0.0002614814438857138,0.09117768704891205,0.552129328250885,125.47819519042969,0.02197265625,0.0029296875
moving_labels,4600,train,0.14549026652110617,4.985386131131296,5.008884569378053,0.10933482848762546,1.3779842499777168,0.04778791709101541,0.20012783485779093,1.3779842499777168,10.797618499817435,0.1287390068502482,11.822185516357422,0.3182244598865509,2.125657558441162,0.15824326872825623,0.9192274212837219,1.7450535297393799,7.012861251831055,28.80098533630371,0.974365234375,0.0048828125
moving_labels,4600,heldout,0.15040347599779022,5.071795169950151,5.102811712447836,0.12124293942319289,1.6487942371013198,0.047590717296936806,0.20731023807713586,1.6487942371013198,11.045197195699288,0.12338212120558087,11.82837963104248,0.28722870349884033,2.1255178451538086,0.14322157204151154,0.7908058166503906,1.8993571996688843,7.099339962005615,29.610605239868164,0.97216796875,0.0029296875
online,4600,train,0.232795156421268,6.353600555202788,6.390108601781595,0.12325664789137267,2.828900062445569,0.08386402836059109,0.31836142111370724,2.828900062445569,8.81868721307972,0.07040361272415643,12.829473495483398,0.2326396405696869,1.0983617305755615,0.14595672488212585,0.6296911239624023,1.0761913061141968,7.791914463043213,36.00938034057617,0.81396484375,0.0048828125
online,4600,heldout,0.198101037169494,6.305368466447741,6.344562092897371,0.12590041717571182,2.828550463218967,0.08569801790501783,0.2667281229687071,2.828550463218967,9.030643120306625,0.07171414828209746,12.829244613647461,0.23142707347869873,1.0943949222564697,0.1496465504169464,0.5990369915962219,1.0658502578735352,7.7888994216918945,35.998558044433594,0.826171875,0.0029296875
fixed_labels,4700,train,0.44225787657901616,0.44225787657901616,0.0,0.29518537985289706,4.722208717574657,0.00010525703068180996,0.6254470782674726,4.722208717574657,29.71347263459931,0.5635833294318109,9.44611930847168,0.0049601164646446705,1.0586445331573486,4.947710840497166e-05,0.0002552846563048661,0.08578591048717499,0.8627575635910034,128.71409606933594,0.01904296875,0.0048828125
fixed_labels,4700,heldout,0.5172512805115119,0.5172512805115119,0.0,0.3973285838776253,6.131470374015482,0.00010264616124568025,0.7315037688524668,6.131470374015482,22.403451454649044,0.5140498582502607,8.553207397460938,0.003514447482302785,1.0698940753936768,4.967692802892998e-05,0.0002617298159748316,0.07933944463729858,0.5768867135047913,129.1298065185547,0.01953125,0.0029296875
moving_labels,4700,train,0.14349140071325905,4.930020797170062,4.954214634828741,0.10957390619715378,1.3303663819994362,0.05062655104383928,0.19651085590040998,1.3303663819994362,11.532176579444318,0.15225003526936084,11.925239562988281,0.3497520089149475,2.1994423866271973,0.17415070533752441,1.0099068880081177,1.876313328742981,7.254114151000977,30.511404037475586,0.974609375,0.0048828125
moving_labels,4700,heldout,0.14806665933497257,5.0365124250697955,5.06748659123777,0.11983180829055715,1.6112821059796816,0.05050998867485293,0.20321469498366468,1.6112821059796816,11.504984708391543,0.14403450612360977,11.919715881347656,0.31458088755607605,2.1650702953338623,0.15593397617340088,0.8818991184234619,1.987710952758789,7.334568500518799,30.277379989624023,0.97314453125,0.0029296875
online,4700,train,0.244585381122139,6.4684675198687565,6.4441610438867505,0.12505893559947387,3.010675820579304,0.09050450783838052,0.33384569995471935,3.010675820579304,8.837489708387407,0.10269673317031441,13.011237144470215,0.24735607206821442,1.163895845413208,0.1566532552242279,0.6636757850646973,1.1367613077163696,8.130276679992676,37.42453384399414,0.81396484375,0.0048828125
online,4700,heldout,0.206589241900123,6.419989081713304,6.3990457607231725,0.12718753352907977,3.010372894848751,0.09246843296590977,0.27714223540009947,3.010372894848751,9.058850660881944,0.10336359990896132,13.010985374450684,0.2459377646446228,1.1552152633666992,0.16117970645427704,0.6299859285354614,1.1293977499008179,8.125609397888184,37.430416107177734,0.82421875,0.0029296875
fixed_labels,4800,train,0.43762952195908256,0.43762952195908256,0.0,0.27086262228548913,4.926571709813037,0.00011077437347043582,0.618901595335889,4.926571709813037,27.659145037819457,0.5240684445351246,9.015880584716797,0.005229954607784748,1.0469944477081299,5.071664782008156e-05,0.0002671831753104925,0.13072632253170013,0.8301573991775513,130.39938354492188,0.01904296875,0.0048828125
fixed_labels,4800,heldout,0.5070822979804828,0.5070822979804828,0.0,0.37759911097714116,6.264405915429878,0.00010812125318916467,0.7171226548925427,6.264405915429878,21.206428400593232,0.48449118125146473,8.27014446258545,0.003866953309625387,1.0552994012832642,5.149337084731087e-05,0.0002872547192964703,0.10492134839296341,0.5553452372550964,130.55438232421875,0.01904296875,0.0029296875
moving_labels,4800,train,0.14450762309420845,4.852469824717097,4.891191826955262,0.11653256588925663,1.2284767930602543,0.052790313390025406,0.19742869365129914,1.2284767930602543,12.188190799543142,0.16931894852645757,11.98006820678711,0.37684953212738037,2.271589994430542,0.1854788362979889,1.0898633003234863,1.982338547706604,7.461012840270996,32.01072692871094,0.973388671875,0.0048828125
moving_labels,4800,heldout,0.15088106093070328,4.977853993149473,5.025450960702546,0.12680312624121648,1.5159995935416164,0.05277848616889577,0.20674772185653914,1.5159995935416164,11.903146727475805,0.15890857020825233,11.972793579101562,0.33812588453292847,2.1893670558929443,0.16777783632278442,0.9562979340553284,2.042233467102051,7.5354533195495605,30.856426239013672,0.97314453125,0.0029296875
online,4800,train,0.2534194915775306,6.537135847237397,6.498612969746075,0.13182197902813134,3.100179202454334,0.09682392078539753,0.345062321597956,3.100179202454334,8.794820970746159,0.11103707659409229,13.100716590881348,0.26146531105041504,1.2228261232376099,0.16712184250354767,0.7020456790924072,1.1944760084152222,8.429059028625488,38.574562072753906,0.8134765625,0.0048828125
online,4800,heldout,0.2143999073666956,6.488955689249466,6.453969471403663,0.13366725828823248,3.099913674741217,0.098906197861689,0.28662205878515307,3.099913674741217,9.020643766487536,0.11161099302957728,13.100457191467285,0.2598877251148224,1.2091038227081299,0.17025727033615112,0.6541445851325989,1.1901413202285767,8.422539710998535,38.56077575683594,0.82470703125,0.0029296875
fixed_labels,4900,train,0.4373987813221383,0.4373987813221383,0.0,0.26262138711589683,5.012562133652237,0.00011307352791648423,0.618575278376497,5.012562133652237,28.10202700379568,0.513541722162617,8.926353454589844,0.004925647284835577,1.0882718563079834,5.218467049417086e-05,0.00025989877758547664,0.07744459062814713,0.8319779634475708,131.28775024414062,0.017578125,0.0048828125
fixed_labels,4900,heldout,0.5081618016546575,0.5081618016546575,0.0,0.3768454811325704,6.309546184448873,0.00011025517618948345,0.7186493033222888,6.309546184448873,21.499713153922308,0.4804073947893516,8.273755073547363,0.003400681307539344,1.1058461666107178,5.2635201427619904e-05,0.0002819089568220079,0.06765591353178024,0.549453616142273,130.8494415283203,0.0185546875,0.0029296875
moving_labels,4900,train,0.13974644948424433,4.789149571579089,4.817154152276023,0.10998042821585628,1.238729594312808,0.05633637912662632,0.1894316570001063,1.238729594312808,13.123138062224882,0.19574733255832047,12.212023735046387,0.4126425087451935,2.307652235031128,0.1974947452545166,1.2017831802368164,2.141719102859497,7.707991123199463,33.010704040527344,0.975341796875,0.0048828125
moving_labels,4900,heldout,0.14542208114329394,4.941949058436837,4.974202051270445,0.11849216797800699,1.5620372915972027,0.05640897331610859,0.19777055164385846,1.5620372915972027,12.465364596333295,0.17791650537268971,12.202716827392578,0.3708718717098236,2.298743963241577,0.18169760704040527,1.0877317190170288,2.0814921855926514,7.77393913269043,31.46910858154297,0.97998046875,0.0029296875
online,4900,train,0.29245968220181323,6.668926466941956,6.545361489928458,0.17867598128221218,3.3182455118358605,0.1044716433372108,0.4001887144405672,3.3182455118358605,8.86433525800766,0.18691588341579085,13.318768501281738,0.27737292647361755,1.2925971746444702,0.17833593487739563,0.7422195672988892,1.2630995512008667,8.792295455932617,40.08663558959961,0.813232421875,0.0048828125
online,4900,heldout,0.2531828008942379,6.620393780303803,6.501255001323633,0.1787221195790354,3.318011345234403,0.10671340405590099,0.3417825488993033,3.318011345234403,9.09672114885317,0.18622877970863358,13.318499565124512,0.27557966113090515,1.2786973714828491,0.18216080963611603,0.6968068480491638,1.2570806741714478,8.78346061706543,40.091583251953125,0.8232421875,0.0029296875
fixed_labels,5000,train,0.43761290811272074,0.43761290811272074,0.0,0.24449695889344747,5.199742672859853,0.0001149358686859115,0.6188780990497977,5.199742672859853,26.602144675432307,0.48381178455117935,8.60225772857666,0.00503327464684844,1.0777275562286377,5.2847077313344926e-05,0.00026805754168890417,0.09332685172557831,0.807994544506073,132.4540557861328,0.017333984375,0.0048828125
fixed_labels,5000,heldout,0.5024030899603172,0.5024030899603172,0.0,0.3624668692931065,6.437531083775592,0.00011207841319383682,0.710505254760145,6.437531083775592,20.71673416560477,0.4586608790868755,8.075895309448242,0.0035782328341156244,1.1082980632781982,5.301725468598306e-05,0.00028633445617742836,0.07503146678209305,0.5336281061172485,132.70663452148438,0.017578125,0.0029296875
moving_labels,5000,train,0.139663372018714,4.707293315949318,4.7279278001569836,0.10974489126944997,1.2410658339883902,0.05882858054018629,0.18854949768933948,1.2410658339883902,13.907843107039925,0.20157276633668403,12.358710289001465,0.4404572546482086,2.3887791633605957,0.20545491576194763,1.2737683057785034,2.2353157997131348,7.902268409729004,35.419254302978516,0.977294921875,0.0048828125
moving_labels,5000,heldout,0.1457756931149606,4.8826199495503335,4.908792526800844,0.1175646160618159,1.596754708809457,0.059016130133910605,0.19753025537955363,1.596754708809457,12.974959634522069,0.18027666232146175,12.346824645996094,0.39659014344215393,2.38167405128479,0.19047421216964722,1.1466647386550903,2.1074624061584473,7.961608409881592,31.850706100463867,0.98193359375,0.0029296875
online,5000,train,0.25219116069099734,6.5509827835296175,6.586432988865263,0.13674036922698177,3.0355757762944076,0.10832153677810012,0.3398046611383893,3.0355757762944076,8.605895883602086,0.054057784905433906,13.036070823669434,0.28549739718437195,1.3151203393936157,0.18476173281669617,0.7617186307907104,1.2819068431854248,8.90880298614502,40.1436653137207,0.8115234375,0.0048828125
online,5000,heldout,0.21529385607721885,6.504653497496749,6.543001327124228,0.13934020061230085,3.03537247046839,0.11058612193455561,0.28367868895049564,3.03537247046839,8.830600777388115,0.05605542071157066,13.035801887512207,0.2835582196712494,1.3035019636154175,0.18946506083011627,0.7106876373291016,1.2778213024139404,8.897716522216797,40.14128875732422,0.822265625,0.0029296875
fixed_labels,5100,train,0.43324583106844383,0.43324583106844383,0.0,0.26599883161170074,4.901164480666939,0.00010425372367049264,0.6127021212690015,4.901164480666939,28.813236609117187,0.5233665544702184,9.01623821258545,0.005366148427128792,1.1642446517944336,4.915672616334632e-05,0.0002642920007929206,0.10007374733686447,0.8530058264732361,139.60232543945312,0.017333984375,0.0048828125
fixed_labels,5100,heldout,0.5108297242598344,0.5108297242598344,0.0,0.3841867247557492,6.231926070707092,0.00010151330310629924,0.7224223169793457,6.231926070707092,21.981252962463657,0.4914691278575815,8.354867935180664,0.0036802305839955807,1.1628700494766235,4.9763755669118837e-05,0.00027004897128790617,0.07990879565477371,0.5556091666221619,139.36776733398438,0.0185546875,0.0029296875
moving_labels,5100,train,0.14358179854794703,4.58811145293701,4.625517240352344,0.1154201141734582,1.2276476249372998,0.06039409744569945,0.19386598139499836,1.2276476249372998,14.786980955664674,0.2302735919420691,12.403726577758789,0.46850723028182983,2.446619749069214,0.21647340059280396,1.333099603652954,2.3102636337280273,8.04936695098877,37.28724670410156,0.973388671875,0.0048828125
moving_labels,5100,heldout,0.15074528876508422,4.7856473818289915,4.82910312251461,0.12371308038744332,1.5961612057806602,0.060677251639177934,0.20436867495595584,1.5961612057806602,13.63088641988785,0.20460043594865696,12.390165328979492,0.42239028215408325,2.4434046745300293,0.19810637831687927,1.2201029062271118,2.1583616733551025,8.104166030883789,32.57365036010742,0.978515625,0.0029296875
online,5100,train,0.25754782338513266,6.62226212425065,6.6316204486451635,0.1354846604151465,3.137450031589145,0.11511777336755956,0.34555702990350834,3.137450031589145,8.624223268141812,0.06406728047542991,13.137929916381836,0.2998512387275696,1.3740772008895874,0.1950474977493286,0.7943617105484009,1.3408327102661133,9.203283309936523,41.26287841796875,0.810791015625,0.0048828125
online,5100,heldout,0.21868928459028542,6.576147166329005,6.588769220345845,0.13800532899620307,3.137269383422092,0.1175071401976533,0.28608054528714594,3.137269383422092,8.850412300772378,0.06565888065004227,13.137659072875977,0.2976534366607666,1.363781452178955,0.19994013011455536,0.7418519854545593,1.335779070854187,9.189519882202148,41.244873046875,0.8232421875,0.0029296875
fixed_labels,5200,train,0.4328460273772655,0.4328460273772655,0.0,0.2587694381902593,4.972289751337588,0.00010748863260164582,0.6121367128989691,4.972289751337588,28.867724241211832,0.5133425639313175,8.961429595947266,0.005408890545368195,1.2182950973510742,5.007793879485689e-05,0.0002641896717250347,0.10056985169649124,0.8548887372016907,141.79254150390625,0.01708984375,0.0048828125
fixed_labels,5200,heldout,0.5131810821586436,0.5131810821586436,0.0,0.3853360740665162,6.2735765230862315,0.000104681861433075,0.7257476387923978,6.2735765230862315,22.170635083922196,0.48890503620598724,8.412332534790039,0.003551910864189267,1.2257107496261597,5.082156349089928e-05,0.0002735453308559954,0.06430386751890182,0.5539400577545166,141.40377807617188,0.0185546875,0.0029296875
moving_labels,5200,train,0.14665710937014945,4.497816640263675,4.519938348093932,0.11257817272407811,1.3498043625580007,0.06254063200536455,0.19775056208766015,1.3498043625580007,15.513059367345639,0.23961772468473116,12.521252632141113,0.49298977851867676,2.4895288944244385,0.22360268235206604,1.3908288478851318,2.396165609359741,8.178643226623535,38.67160415649414,0.9775390625,0.0048828125
moving_labels,5200,heldout,0.15207531650688474,4.716153176520999,4.743755188794866,0.12119438433562273,1.7015110036739205,0.06292770689506676,0.20565482607093596,1.7015110036739205,14.25132229797444,0.21125178649681467,12.50753116607666,0.4457743465900421,2.4629225730895996,0.20625415444374084,1.2813540697097778,2.212754726409912,8.236431121826172,35.60717010498047,0.97802734375,0.0029296875
online,5200,train,0.26295127470301893,6.615371310053663,6.672350041725587,0.15073713856022458,3.0870509183220034,0.12018341042471972,0.35191290626313837,3.0870509183220034,8.565751825090254,0.04544392775975946,13.087508201599121,0.31027138233184814,1.4133193492889404,0.2024918645620346,0.8139615654945374,1.3761003017425537,9.400318145751953,41.861228942871094,0.80908203125,0.0048828125
online,5200,heldout,0.22660658527311084,6.5703339130667775,6.630147529058281,0.15330606299431332,3.086888988290935,0.12263926577581022,0.2960754962306903,3.086888988290935,8.787022982955886,0.04724016280727721,13.08724308013916,0.3078500032424927,1.401811957359314,0.20814841985702515,0.7715747952461243,1.3702096939086914,9.384051322937012,41.866825103759766,0.82177734375,0.0029296875
fixed_labels,5300,train,0.43000369906092706,0.43000369906092706,0.0,0.2712913183319176,4.782122908167738,9.979653234674399e-05,0.6081170548938853,4.782122908167738,29.886757717583833,0.5382946247875919,9.313103675842285,0.0056723556481301785,1.2172143459320068,4.82431314594578e-05,0.0002643307961989194,0.11549986898899078,0.8888654112815857,150.25509643554688,0.01708984375,0.0048828125
fixed_labels,5300,heldout,0.5171557618648929,0.5171557618648929,0.0,0.39614920996633113,6.154647818630919,9.706184001944579e-05,0.7313686858480576,6.154647818630919,22.886003908864414,0.5069480217507633,8.630197525024414,0.003886166727170348,1.2142808437347412,4.8877380322664976e-05,0.0002653355768416077,0.0851607471704483,0.5750299096107483,150.3280792236328,0.01806640625,0.0029296875
moving_labels,5300,train,0.15223515535516483,4.371136317385355,4.409742305205185,0.11759318711316408,1.3885865400291488,0.06413459326441456,0.20551846388787176,1.3885865400291488,16.163354676775864,0.25513231947202303,12.542288780212402,0.5153840184211731,2.520007848739624,0.23227691650390625,1.4854276180267334,2.408421277999878,8.264237403869629,40.078819274902344,0.976806640625,0.0048828125
moving_labels,5300,heldout,0.15667051372332783,4.605774672770326,4.6512586068960715,0.12589584928358485,1.7274389075720116,0.06459567303198906,0.21194031887823345,1.7274389075720116,14.949712123518086,0.22793249497247745,12.530314445495605,0.46892493963241577,2.519681453704834,0.21379795670509338,1.356952428817749,2.2922747135162354,8.325355529785156,38.053531646728516,0.97705078125,0.0029296875
online,5300,train,0.2751236083471543,6.749783460419493,6.711421975108751,0.14795079512449946,3.3227788000733445,0.127276961551878,0.36767726989581295,3.3227788000733445,8.69734047552993,0.09497291346311129,13.323219299316406,0.32643428444862366,1.4852831363677979,0.21327920258045197,0.8525975942611694,1.446426272392273,9.724769592285156,43.271541595458984,0.809326171875,0.0048828125
online,5300,heldout,0.23404346350871522,6.7040795479515864,6.669793762710423,0.14999637870508992,3.3226286896504518,0.12987332581018685,0.3044431061221648,3.3226286896504518,8.920407877447493,0.09521782170507578,13.322959899902344,0.32374143600463867,1.4727904796600342,0.2178836613893509,0.8160638213157654,1.4386221170425415,9.705625534057617,43.26984405517578,0.82275390625,0.0029296875
fixed_labels,5400,train,0.43090620011356734,0.43090620011356734,0.0,0.2817884718808543,4.673821647766724,0.00010730223383963845,0.6093933828643515,4.673821647766724,31.828793577586048,0.5572041846130075,9.335020065307617,0.005572042893618345,1.283504605293274,5.1778410124825314e-05,0.00027752993628382683,0.10301386564970016,0.9150592088699341,149.7598876953125,0.016357421875,0.0048828125
fixed_labels,5400,heldout,0.5194473616855567,0.5194473616855567,0.0,0.40340781751562826,6.059318239839801,0.00010432110172398342,0.7346094964273732,6.059318239839801,23.900601391095904,0.521644606227416,8.583291053771973,0.0034983614459633827,1.2678968906402588,5.2367518946994096e-05,0.00027932869852520525,0.06187877804040909,0.5854125618934631,151.3194122314453,0.01806640625,0.0029296875
moving_labels,5400,train,0.18110593389969565,4.353477774999124,4.296314978147727,0.13569421220137604,1.7218466381477253,0.06920818216339981,0.24659470008294893,1.7218466381477253,16.775826011449457,0.21861469854509782,12.849418640136719,0.5366029739379883,2.547109842300415,0.23573938012123108,1.5974041223526,2.4358279705047607,8.426026344299316,40.127830505371094,0.9755859375,0.0048828125
moving_labels,5400,heldout,0.17605941408308048,4.605148014532325,4.55180540825795,0.13745211918611333,2.037236972550071,0.06978981922275636,0.2390046353262007,2.037236972550071,15.748903434411389,0.19551755313855346,12.837841033935547,0.4921809136867523,2.524109363555908,0.22309207916259766,1.4509978294372559,2.3689417839050293,8.502037048339844,38.88191223144531,0.98291015625,0.0029296875
online,5400,train,0.2732146970787133,6.760377262105365,6.753772203664346,0.14590120923648883,3.308962442992128,0.133340545346629,0.3626469913928554,3.308962442992128,8.680527773788281,0.06546319874093506,13.3093843460083,0.33983972668647766,1.5372989177703857,0.22402581572532654,0.8869500756263733,1.4963154792785645,9.94141960144043,43.971641540527344,0.809326171875,0.0048828125
online,5400,heldout,0.23241013713189868,6.7153846682739635,6.712591639867361,0.14833660650309857,3.308826156993188,0.13603945433323858,0.2992026245674503,3.308826156993188,8.898032370242834,0.06635639571201059,13.309128761291504,0.3368222415447235,1.526798963546753,0.22905126214027405,0.8369013071060181,1.4888827800750732,9.919325828552246,43.96455001831055,0.8212890625,0.0029296875
fixed_labels,5500,train,0.4276444904673943,0.4276444904673943,0.0,0.26051826160497366,4.860239407990654,0.00011513511017580492,0.6047806273336978,4.860239407990654,29.986145422558987,0.5255382688426267,9.220191955566406,0.0055313254706561565,1.2305830717086792,5.38193344254978e-05,0.0002983103913720697,0.09692931920289993,0.9035906791687012,156.183349609375,0.016845703125,0.0048828125
fixed_labels,5500,heldout,0.5102816179563366,0.5102816179563366,0.0,0.3854048673988535,6.190865275341264,0.00011207539623790616,0.7216471760406044,6.190865275341264,23.197904827317732,0.49485669180382164,8.491714477539062,0.003807716304436326,1.2078300714492798,5.436631181510165e-05,0.00029217166593298316,0.07625406235456467,0.5859735012054443,156.54818725585938,0.01806640625,0.0029296875
moving_labels,5500,train,0.1640675491650773,4.180890819968038,4.183003381720621,0.11731987905485167,1.6455228590159063,0.06932049985841722,0.22142942369398264,1.6455228590159063,17.200935810754448,0.2512074902008716,12.747575759887695,0.5514991879463196,2.5525572299957275,0.2438674420118332,1.6766364574432373,2.4305880069732666,8.393640518188477,38.79376983642578,0.9755859375,0.0048828125
moving_labels,5500,heldout,0.16253080981542367,4.442585469983687,4.449584056283711,0.12384353925961299,1.9485850076152695,0.06995641439049957,0.21894891724815524,1.9485850076152695,16.387328496279192,0.228510534534852,12.735828399658203,0.509476900100708,2.544144630432129,0.23344936966896057,1.5198198556900024,2.418147087097168,8.481778144836426,41.047096252441406,0.97900390625,0.0029296875
online,5500,train,0.2865807040047769,6.67133553092833,6.785725008040157,0.18811781525841573,3.0996417067825335,0.13744645163590702,0.3812682425123359,3.0996417067825335,8.569919674773082,0.08183325556132344,13.100038528442383,0.34870320558547974,1.5616569519042969,0.23086120188236237,0.9060295820236206,1.5210881233215332,10.038265228271484,43.99407196044922,0.80908203125,0.0048828125
online,5500,heldout,0.2537063914373086,6.627898228686878,6.745120936504925,0.19059862038445466,3.0995172119266785,0.14017869940267158,0.33027836493790685,3.0995172119266785,8.773823844428694,0.08109700916141113,13.099794387817383,0.34545445442199707,1.555823564529419,0.23675093054771423,0.8466143012046814,1.511222243309021,10.013151168823242,43.994754791259766,0.8203125,0.0029296875
fixed_labels,5600,train,0.4268856907747684,0.4268856907747684,0.0,0.27600476223494425,4.668595585330777,0.00010953172802253857,0.6037075235404168,4.668595585330777,32.651088717823775,0.5567594985188938,9.495142936706543,0.0054854038171470165,1.2787328958511353,5.1859191444236785e-05,0.0002816085470840335,0.09352917224168777,0.9475716948509216,160.10934448242188,0.016357421875,0.0048828125
fixed_labels,5600,heldout,0.5182539312863434,0.5182539312863434,0.0,0.40231265272003947,6.049209126512698,0.00010651437437903726,0.7329217306385369,6.049209126512698,24.745690998322754,0.5216535202180831,8.673290252685547,0.0034751177299767733,1.282987356185913,5.240082828095183e-05,0.00027674000011757016,0.059754807502031326,0.6055439710617065,159.1013946533203,0.01806640625,0.0029296875
moving_labels,5600,train,0.16657786600105337,4.05593938650074,4.070620038601613,0.12073432265548208,1.6468397899193181,0.07056083728336199,0.22476107119517094,1.6468397899193181,17.424781470892153,0.260230065527076,12.724730491638184,0.5585688352584839,2.541785717010498,0.24928396940231323,1.7026803493499756,2.403841733932495,8.344379425048828,41.882755279541016,0.97998046875,0.0048828125
moving_labels,5600,heldout,0.16672115687959227,4.323952655205668,4.345023176404395,0.12986015672897894,1.936082783939945,0.07122120769139113,0.22476527284596026,1.936082783939945,16.808585294003965,0.24072517859142983,12.712519645690918,0.5197181105613708,2.5369935035705566,0.237325519323349,1.5779298543930054,2.4211368560791016,8.450125694274902,41.8672981262207,0.98095703125,0.0029296875
online,5600,train,0.28295390841746204,6.8384818627347945,6.819901382191266,0.1536284708665943,3.40394725977602,0.14604192316624967,0.3725554794327125,3.40394725977602,8.78021831666427,0.0701079885495987,13.404328346252441,0.3658490478992462,1.6392810344696045,0.24139028787612915,0.9501122236251831,1.598592758178711,10.393342971801758,45.60398864746094,0.80859375,0.0048828125
online,5600,heldout,0.24095205164766237,6.794761939102482,6.779951740725949,0.15551596956432034,3.40382991348198,0.14897037056475634,0.3064695924235138,3.40382991348198,8.98281846815688,0.07143243578371099,13.404093742370605,0.36226633191108704,1.6348450183868408,0.24721278250217438,0.8898309469223022,1.584075689315796,10.365182876586914,45.57611083984375,0.8173828125,0.0029296875
fixed_labels,5700,train,0.4248533300536513,0.4248533300536513,0.0,0.2652354694603934,4.757012907618564,0.00010993310886263803,0.6008333313241411,4.757012907618564,31.774720340734273,0.5408726995714156,9.449056625366211,0.005456102080643177,1.2706899642944336,5.261330443318002e-05,0.0002841007662937045,0.09517880529165268,0.9413377642631531,164.91168212890625,0.015869140625,0.0048828125
fixed_labels,5700,heldout,0.51426264582691,0.51426264582691,0.0,0.39455113194982655,6.10665146413464,0.0001068511425196952,0.727277200501034,6.10665146413464,24.514452098720405,0.5090789782391654,8.655324935913086,0.0036039703991264105,1.2691830396652222,5.2854746172670275e-05,0.00027648673858493567,0.06104123964905739,0.6045898795127869,164.69728088378906,0.01806640625,0.0029296875
moving_labels,5700,train,0.1666957308345817,3.9180916942072312,3.9648335599686755,0.12179898215608674,1.6332488466531403,0.07171633055888649,0.22457003648777174,1.6332488466531403,17.687875829105007,0.2904036648254167,12.694514274597168,0.5616966485977173,2.5035717487335205,0.2497290074825287,1.7161533832550049,2.3623766899108887,8.241691589355469,43.79874801635742,0.98095703125,0.0048828125
moving_labels,5700,heldout,0.17024632109817778,4.190724436660685,4.243408956420855,0.13534700996537,1.9127565711993726,0.07237703549510896,0.22962836154941194,1.9127565711993726,17.201959876277,0.2729363170266737,12.682873725891113,0.5268200635910034,2.504594564437866,0.24230754375457764,1.6215964555740356,2.399869918823242,8.36701774597168,40.76478958129883,0.98193359375,0.0029296875
online,5700,train,0.2823813541947596,6.8242802404246845,6.850584548791413,0.15841434826448286,3.349061299903155,0.15099536944104497,0.3697010370570996,3.349061299903155,8.788730049926517,0.03633655281241142,13.349422454833984,0.37713900208473206,1.6776955127716064,0.2492605745792389,0.9758816957473755,1.6381628513336182,10.546778678894043,46.04312515258789,0.807861328125,0.0048828125
online,5700,heldout,0.2421090006430348,6.781556086029829,6.811384781129308,0.16073150920271423,3.3489513582284958,0.1539945969673817,0.3058090915744523,3.3489513582284958,8.978969603843618,0.038225805396044935,13.34919548034668,0.37334144115448,1.677229642868042,0.25681430101394653,0.9161297082901001,1.6265501976013184,10.51561164855957,46.008602142333984,0.81494140625,0.0029296875
fixed_labels,5800,train,0.4257128722475081,0.4257128722475081,0.0,0.28376445929291577,4.550358511830853,0.00010602318011340462,0.6020489082736814,4.550358511830853,32.99261422432857,0.5730986251060677,9.760083198547363,0.005831396207213402,1.2933405637741089,5.1148690545232967e-05,0.0002864563721232116,0.13438531756401062,0.9686598777770996,169.67857360839844,0.01611328125,0.0048828125
fixed_labels,5800,heldout,0.51881506463671,0.51881506463671,0.0,0.40605335106394236,5.980171103814027,0.00010301278359404597,0.7337152935412711,5.980171103814027,24.94462901176834,0.5306755532135702,8.750703811645508,0.0038790747057646513,1.2198152542114258,5.1766823162324727e-05,0.0002709217369556427,0.0788087248802185,0.6178174018859863,169.6478729248047,0.017578125,0.0029296875
moving_labels,5800,train,0.16725916888550324,3.8471157470456063,3.873935790734119,0.11586038433307326,1.7302235164159552,0.07421311609789423,0.2245966886478495,1.7302235164159552,17.877645479706057,0.28459394003961175,12.777478218078613,0.5614901781082153,2.4716591835021973,0.2542133331298828,1.7019872665405273,2.3435120582580566,8.181539535522461,45.302146911621094,0.981689453125,0.0048828125
moving_labels,5800,heldout,0.16858225941233818,4.122194192138373,4.153737293194044,0.12934892173267146,2.001629344398231,0.07492275233384196,0.22633280265984326,2.001629344398231,17.426536170858775,0.26793130469188586,12.766156196594238,0.5308911800384521,2.465402364730835,0.2449873685836792,1.6315128803253174,2.363421678543091,8.324705123901367,42.07804870605469,0.98046875,0.0029296875
online,5800,train,0.31035694901130506,6.731291398368326,6.880709926294215,0.21980450452568337,3.1432837499986968,0.15387979939506552,0.4110521608474355,3.1432837499986968,8.715675611549253,0.11621840974157988,13.143627166748047,0.3848269581794739,1.6973060369491577,0.25612038373947144,0.9894796013832092,1.656880497932434,10.5799560546875,45.876014709472656,0.80810546875,0.0048828125
online,5800,heldout,0.27929377759657514,6.690155808129685,6.842219015169964,0.22182213254427535,3.143181500240311,0.15688008918855123,0.36248953919323323,3.143181500240311,8.891999613257417,0.11478509189660968,13.143413543701172,0.3807421028614044,1.6999553442001343,0.2629925310611725,0.9340611696243286,1.6527928113937378,10.546635627746582,45.85167694091797,0.81396484375,0.0029296875
fixed_labels,5900,train,0.42292095535726376,0.42292095535726376,0.0,0.26339443318337036,4.74257403431156,0.00011487900488983087,0.5981005398454474,4.74257403431156,31.884015544494794,0.5400096617207532,9.423728942871094,0.005797197110950947,1.332390546798706,5.257150041870773e-05,0.0003036103444173932,0.09967819601297379,0.9522216320037842,171.7095184326172,0.015625,0.0048828125
fixed_labels,5900,heldout,0.5143604580168503,0.5143604580168503,0.0,0.3946247787360605,6.107843647897578,0.00011190583557381735,0.727415527068052,6.107843647897578,24.61914053008328,0.5094725901094228,8.622417449951172,0.0038252659142017365,1.2748552560806274,5.33537458977662e-05,0.0002876325452234596,0.06734377890825272,0.6078885197639465,172.0316619873047,0.01806640625,0.0029296875
moving_labels,5900,train,0.17463079487266317,3.8033818211675174,3.804252814636469,0.11139997871069326,1.9278004077012607,0.07815972567070072,0.23427096772497685,1.9278004077012607,18.011638943419143,0.28590025452251105,12.965625762939453,0.5557257533073425,2.3887951374053955,0.25757426023483276,1.6669635772705078,2.3083884716033936,8.106903076171875,44.72123718261719,0.98046875,0.0048828125
moving_labels,5900,heldout,0.16895892014832165,4.07887134747131,4.081934793226133,0.12050916189576368,2.1912567001224685,0.07884301660584735,0.22556154842495635,2.1912567001224685,17.540737481668224,0.2713160255924388,12.952320098876953,0.5306772589683533,2.3996424674987793,0.24983826279640198,1.614007592201233,2.289153814315796,8.263507843017578,43.35907745361328,0.982421875,0.0029296875
online,5900,train,0.292153823544389,6.830796410728471,6.90190318726459,0.1783123277005705,3.316713811057535,0.16148026348739958,0.38030492729815113,3.316713811057535,8.88258005185713,0.046074993397623124,13.317044258117676,0.40062206983566284,1.7659752368927002,0.2674208879470825,1.0304182767868042,1.726433277130127,10.841058731079102,46.98271179199219,0.80859375,0.0048828125
online,5900,heldout,0.25453063198506776,6.789539110142386,6.864051199550301,0.18070737668713568,3.316614165915235,0.16465139609784474,0.32009624021607413,3.316614165915235,9.053016149204927,0.046111342200878265,13.316834449768066,0.3961559534072876,1.76833176612854,0.2752242088317871,0.9693134427070618,1.7199407815933228,10.80455207824707,46.96092224121094,0.8134765625,0.0029296875
fixed_labels,6000,train,0.4221720867618111,0.4221720867618111,0.0,0.2711572516258859,4.638610123401646,0.00010763541031744224,0.5970414810515788,4.638610123401646,32.776749764408535,0.5557266818882687,9.616416931152344,0.005926365964114666,1.3598017692565918,5.081709969090298e-05,0.00029507288127206266,0.1179807186126709,0.9708518385887146,176.59120178222656,0.015380859375,0.0048828125
fixed_labels,6000,heldout,0.5180238389729217,0.5180238389729217,0.0,0.40245257219098945,6.039306364609425,0.00010474394696593172,0.7325963312201287,6.039306364609425,25.160192431361573,0.5219154204855102,8.740972518920898,0.0038726413622498512,1.2825137376785278,5.1842554967151955e-05,0.0002695680595934391,0.06843122839927673,0.6157386898994446,176.81605529785156,0.01708984375,0.0029296875
moving_labels,6000,train,0.1744609193364674,3.6870838715834355,3.751381275495089,0.13216702776456493,1.6350580114044424,0.07588342085948042,0.23476569423600574,1.6350580114044424,17.718470031437523,0.2919181922168001,12.65673542022705,0.5330562591552734,2.3100662231445312,0.2541847825050354,1.5983119010925293,2.2277328968048096,7.864876747131348,40.94732666015625,0.976806640625,0.0048828125
moving_labels,6000,heldout,0.17905128462477096,3.9479902686782986,4.021179591843127,0.1468370231986066,1.898674318707043,0.0764205609305622,0.24140965788182484,1.898674318707043,17.154620346287913,0.27752888106831736,12.642197608947754,0.5114336609840393,2.297637939453125,0.24919971823692322,1.5333318710327148,2.205134153366089,8.02466106414795,44.01597595214844,0.978515625,0.0029296875
online,6000,train,0.29555561371858313,6.9313494416823325,6.928764742427031,0.1667268511341793,3.496386528854323,0.16789699041979653,0.38277518494425866,3.496386528854323,9.045375848288408,0.045449630202690446,13.496707916259766,0.4140685200691223,1.8258256912231445,0.27614444494247437,1.0606815814971924,1.783789038658142,11.078607559204102,48.034149169921875,0.808349609375,0.0048828125
online,6000,heldout,0.25325335163782026,6.890307486092569,6.891603885351112,0.16854635304370597,3.496289266189885,0.17121827045762775,0.3145772148345737,3.496289266189885,9.209904374892087,0.04688881662682585,13.496501922607422,0.4093364477157593,1.828149437904358,0.28472477197647095,0.9875525236129761,1.7800782918930054,11.039429664611816,48.011043548583984,0.81396484375,0.0029296875
fixed_labels,6100,train,0.4205483510573329,0.4205483510573329,0.0,0.25926019248962273,4.74579032491637,0.00010728541299305692,0.5947451720223743,4.74579032491637,32.77975440762168,0.5385715399650438,9.486011505126953,0.005749044474214315,1.386563777923584,5.153581878403202e-05,0.00028856616700068116,0.08153312653303146,0.9717417359352112,179.03709411621094,0.015380859375,0.0048828125
fixed_labels,6100,heldout,0.5180887502842475,0.5180887502842475,0.0,0.399944139499749,6.097637786276498,0.00010429906561398451,0.7326881297413599,6.097637786276498,25.604536873910668,0.5139520598521006,8.762092590332031,0.003634292632341385,1.3724234104156494,5.25184441357851e-05,0.00026767703820951283,0.05243143066763878,0.6170320510864258,178.91224670410156,0.0166015625,0.0029296875
moving_labels,6100,train,0.17541874670484586,3.646614996893817,3.7219037757317075,0.13212406819260214,1.6566116238821913,0.07657296321568781,0.2359662151566759,1.6566116238821913,17.515815258135756,0.303594772568547,12.671244621276855,0.5080267190933228,2.199169874191284,0.2516910433769226,1.5168917179107666,2.1354289054870605,7.6601715087890625,42.1955680847168,0.968505859375,0.0048828125
moving_labels,6100,heldout,0.17947325843597955,3.894163282528771,3.9782762616051897,0.1467413429879337,1.9147228613207212,0.07695160543391213,0.24186721854852372,1.9147228613207212,16.943591412912497,0.2890202365093885,12.654475212097168,0.49180349707603455,2.191338300704956,0.24809163808822632,1.4663044214248657,2.1104769706726074,7.830843925476074,43.980674743652344,0.97265625,0.0029296875
online,6100,train,0.29728929671433074,6.9162365861294575,6.95340745168482,0.17437423927032403,3.4501585966815447,0.17152660200309483,0.3838495495465309,3.4501585966815447,9.084233069052026,0.02312784811633881,13.450474739074707,0.4233340620994568,1.8607009649276733,0.28294047713279724,1.0807926654815674,1.8161903619766235,11.16719913482666,48.26214599609375,0.808837890625,0.0048828125
online,6100,heldout,0.2567436501795636,6.876151518936368,6.9169392136626655,0.17645561445352714,3.4500659423562383,0.17491983915275816,0.31817865058143896,3.4500659423562383,9.2382463710096,0.024861057717140676,13.450272560119629,0.41834723949432373,1.8643932342529297,0.29134172201156616,1.0081967115402222,1.8139219284057617,11.126148223876953,48.23221969604492,0.8125,0.0029296875
fixed_labels,6200,train,0.4198437883044546,0.4198437883044546,0.0,0.267729363046498,4.635910803143474,0.00010499338348365603,0.5937487702151988,4.635910803143474,34.4141171716643,0.5558303670104894,9.61575984954834,0.0058569456450641155,1.4156990051269531,5.028366285841912e-05,0.0002819864312186837,0.08343823254108429,0.9971708655357361,181.22032165527344,0.01513671875,0.0048828125
fixed_labels,6200,heldout,0.524432023236716,0.524432023236716,0.0,0.41154409415924004,6.01953378362282,0.00010201440657464563,0.7416588727881381,6.01953378362282,26.60324604453157,0.5306475491986682,8.884946823120117,0.003451711731031537,1.4403175115585327,5.137621337780729e-05,0.0002590366348158568,0.04313431680202484,0.6278378963470459,180.0798797607422,0.01611328125,0.0029296875
moving_labels,6200,train,0.1779051440404208,3.700875261772059,3.7124682693960303,0.12218861548724252,1.8545143402324824,0.0805821023323468,0.23834220217113233,1.8545143402324824,17.190538823419846,0.2646967150503773,12.863252639770508,0.48014190793037415,2.0744199752807617,0.2497100532054901,1.4154995679855347,2.0307276248931885,7.548549652099609,44.92362594604492,0.970458984375,0.0048828125
moving_labels,6200,heldout,0.17135328720204546,3.9355037176047034,3.950869527519231,0.12816456031747878,2.105194531428067,0.08089951092046428,0.22842759728790002,2.105194531428067,16.670007811349272,0.2502366918541948,12.846982955932617,0.46924689412117004,2.074514389038086,0.2421759068965912,1.3861485719680786,2.001801013946533,7.727999687194824,43.090702056884766,0.97998046875,0.0029296875
online,6200,train,0.3005087200640505,6.93489952639776,6.976363958977195,0.17799412777785234,3.46955204054413,0.17647547704637956,0.3866101236004051,3.46955204054413,9.181655702715384,0.024713293636856593,13.469865798950195,0.4356805086135864,1.911771535873413,0.2909975051879883,1.104352355003357,1.861964225769043,11.299696922302246,48.750221252441406,0.80810546875,0.0048828125
online,6200,heldout,0.25995936974559686,6.895384644392991,6.94053839525893,0.1800240279002481,3.469463676520877,0.17999187504231953,0.3205630558186734,3.469463676520877,9.324648678488904,0.02590392113285419,13.469663619995117,0.4304330348968506,1.915935754776001,0.30133217573165894,1.0412760972976685,1.8608746528625488,11.255819320678711,48.68931198120117,0.81201171875,0.0029296875
fixed_labels,6300,train,0.41931430323537466,0.41931430323537466,0.0,0.2556430600658159,4.76338502047574,0.00010398258847581252,0.5929999654158141,4.76338502047574,32.35481953222473,0.5321026261139219,9.428731918334961,0.00606148224323988,1.442307472229004,5.135970422998071e-05,0.00030263836379162967,0.07364321500062943,0.9681010246276855,183.36915588378906,0.015380859375,0.0048828125
fixed_labels,6300,heldout,0.5212389323447945,0.5212389323447945,0.0,0.4027811042755198,6.125658665089304,0.00010086700959824014,0.7371431604578101,6.125658665089304,25.431551814463525,0.5132412110913169,8.805307388305664,0.003795159514993429,1.4137439727783203,5.211622919887304e-05,0.00027793762274086475,0.052816446870565414,0.6101065278053284,183.7464141845703,0.015625,0.0029296875
moving_labels,6300,train,0.17056955463484025,3.6956158848281375,3.7279314625368416,0.11311026660383933,1.8305852174953978,0.08031481540548609,0.22745873551710033,1.8305852174953978,16.986886173622597,0.2752330990153264,12.837312698364258,0.44541463255882263,1.9266246557235718,0.24470123648643494,1.2915654182434082,1.8810759782791138,7.354322910308838,45.57648468017578,0.969970703125,0.0048828125
moving_labels,6300,heldout,0.16487201686268116,3.9090825910910745,3.9458514248427314,0.12077496164293351,2.077037869388688,0.08039290865825079,0.21886649840988132,2.077037869388688,16.508547048406925,0.2630228119252604,12.823322296142578,0.439161479473114,1.9257863759994507,0.23692874610424042,1.2836861610412598,1.8606657981872559,7.531416893005371,42.889366149902344,0.978515625,0.0029296875
online,6300,train,0.31089861138291197,6.894680854456414,6.9955812363695,0.20323569924128176,3.3730756763431855,0.1803403366194565,0.4009903441575956,3.3730756763431855,9.232938106178482,0.07500645771704385,13.373394012451172,0.44626593589782715,1.9503211975097656,0.30048203468322754,1.1262052059173584,1.901548147201538,11.367753982543945,48.844661712646484,0.80712890625,0.0048828125
online,6300,heldout,0.27451946523390586,6.85599326736051,6.960328748590521,0.2053123628850226,3.3729915717095915,0.18397302396272405,0.34187102836980826,3.3729915717095915,9.363444529344996,0.07412855399175003,13.373199462890625,0.44084614515304565,1.954798698425293,0.30688774585723877,1.0706758499145508,1.8959355354309082,11.321191787719727,48.84116744995117,0.81103515625,0.0029296875
fixed_labels,6400,train,0.42204202414153624,0.42204202414153624,0.0,0.2909553568044401,4.384766183008414,8.978831851218859e-05,0.596857547678697,4.384766183008414,35.147572979819884,0.5951558786222403,10.050187110900879,0.006466563791036606,1.4949204921722412,4.661209095502272e-05,0.0002962567377835512,0.13665015995502472,1.0231826305389404,191.69219970703125,0.01513671875,0.0048828125
fixed_labels,6400,heldout,0.5310799122309187,0.5310799122309187,0.0,0.42565754660541416,5.8829061940121585,8.685070340084636e-05,0.7510604095592817,5.8829061940121585,26.49945770618866,0.5555940639597005,9.042991638183594,0.0040473854169249535,1.2997273206710815,4.718625859823078e-05,0.0002759888011496514,0.07267430424690247,0.635616660118103,191.68206787109375,0.01611328125,0.0029296875
moving_labels,6400,train,0.17324684440268623,3.742318164126864,3.7598496678308644,0.1136027015177317,1.8753152620081266,0.0804565211670843,0.23142101545163882,1.8753152620081266,16.807571825502524,0.26494018634317407,12.87470531463623,0.40658456087112427,1.7610857486724854,0.23373594880104065,1.1575706005096436,1.7159826755523682,7.209507942199707,44.318443298339844,0.9638671875,0.0048828125
moving_labels,6400,heldout,0.16481824212246568,3.9358145603360706,3.955561193689113,0.11868106402195538,2.1162884298793294,0.08034811879366825,0.2188019325303093,2.1162884298793294,16.343904185261167,0.25347918824950694,12.862460136413574,0.40421929955482483,1.7601076364517212,0.23280373215675354,1.135600209236145,1.7022863626480103,7.388030529022217,42.945411682128906,0.96875,0.0029296875
online,6400,train,0.30619831052075713,6.9885538312680975,7.011289488862098,0.18045270901889252,3.5447341925350178,0.18622888818097036,0.39093939675915457,3.5447341925350178,9.402681406431897,0.02025817290589354,13.545080184936523,0.4597378969192505,2.0118367671966553,0.3085786700248718,1.1632261276245117,1.9620143175125122,11.564218521118164,49.75346374511719,0.807861328125,0.0048828125
online,6400,heldout,0.2643930455233656,6.950084089222178,6.976638864229019,0.18218271262146185,3.544659305075398,0.19006124859631174,0.32200013482023876,3.544659305075398,9.527630542637729,0.02216132848664496,13.544878005981445,0.4541633725166321,2.0155556201934814,0.31564396619796753,1.099186897277832,1.9586304426193237,11.515003204345703,49.78359603881836,0.8125,0.0029296875
fixed_labels,6500,train,0.4200918401984625,0.4200918401984625,0.0,0.28869915363426063,4.376798093770158,9.508922185081971e-05,0.5940995702411347,4.376798093770158,36.34014677987951,0.5950479093847452,10.094855308532715,0.006345557980239391,1.5057069063186646,4.7781330067664385e-05,0.0003059069567825645,0.0953739657998085,1.0368354320526123,191.96383666992188,0.01513671875,0.0048828125
fixed_labels,6500,heldout,0.5317112017950869,0.5317112017950869,0.0,0.4269137108577883,5.871380507736026,9.217643317819827e-05,0.7519531871946926,5.871380507736026,27.416231153713863,0.5586850958081826,9.114625930786133,0.003740994492545724,1.395869493484497,4.840224210056476e-05,0.00028436354477889836,0.06038745865225792,0.6407760977745056,190.79930114746094,0.01611328125,0.0029296875
moving_labels,6500,train,0.16976915326583783,3.788679722016322,3.8097971094012517,0.11004167624712363,1.8533234050873524,0.07971937865816998,0.22646843371109004,1.8533234050873524,16.72021187648695,0.2642991420647317,12.841374397277832,0.3643273115158081,1.5764455795288086,0.22445669770240784,0.9946379065513611,1.5257748365402222,7.076720237731934,44.164432525634766,0.954833984375,0.0048828125
moving_labels,6500,heldout,0.16034747671686142,3.9602989524483387,3.9835685236394935,0.11388580134382278,2.0885433177204855,0.07933029250838032,0.21243665236833228,2.0885433177204855,16.199116720368213,0.25344350518328834,12.830822944641113,0.3651958703994751,1.5762465000152588,0.23085734248161316,0.988163411617279,1.5223703384399414,7.246524810791016,41.68088150024414,0.95263671875,0.0029296875
online,6500,train,0.30903453678633647,6.992789876467612,7.029450895156182,0.18552919450780286,3.541731741168258,0.18949941359633585,0.39382059633814975,3.541731741168258,9.481684053797757,0.020123554341223412,13.54212474822998,0.46952348947525024,2.050694227218628,0.3166665732860565,1.186905026435852,2.0003983974456787,11.655577659606934,50.03822326660156,0.80810546875,0.0048828125
online,6500,heldout,0.2677881770930205,6.955245392606501,6.995525261867503,0.18725634947773986,3.541668900826201,0.1935019294205785,0.3255426529536787,3.541668900826201,9.598658396592064,0.02165199792195028,13.541926383972168,0.4639852046966553,2.053380250930786,0.321048378944397,1.1221905946731567,1.998438835144043,11.603506088256836,50.12062454223633,0.8154296875,0.0029296875
fixed_labels,6600,train,0.41671579093153216,0.41671579093153216,0.0,0.25609639289574876,4.711437472379937,0.00011026156549474074,0.5893251128755435,4.711437472379937,34.27087764476622,0.5386855035846903,9.40316104888916,0.006224617827683687,1.5164517164230347,5.164880712982267e-05,0.00033157668076455593,0.0850563496351242,1.0014710426330566,189.61911010742188,0.01513671875,0.0048828125
fixed_labels,6600,heldout,0.5248895214068517,0.5248895214068517,0.0,0.4094078938065441,6.082392377736883,0.00010730383074811041,0.7423058721654542,6.082392377736883,26.874820954540198,0.5229559991654363,8.80649185180664,0.003508466063067317,1.5255035161972046,5.189945295569487e-05,0.00030320914811454713,0.04363098740577698,0.6265642046928406,188.6374969482422,0.015625,0.0029296875
moving_labels,6600,train,0.17226259276082398,3.820186670291226,3.8756019174387775,0.12188729356945525,1.7462989673825746,0.07746128589439183,0.2309730523609849,1.7462989673825746,16.62975664298007,0.2560673682314371,12.722886085510254,0.32028305530548096,1.3708785772323608,0.2116278111934662,0.8268002271652222,1.317047119140625,6.952498435974121,43.53861618041992,0.94775390625,0.0048828125
moving_labels,6600,heldout,0.1654757267673152,3.969209786465252,4.028509282973548,0.12640805564530355,1.9769365086375903,0.07673832358012968,0.22107840688871816,1.9769365086375903,16.085891588346218,0.2459611145147535,12.713238716125488,0.3246655762195587,1.3695917129516602,0.22525042295455933,0.8187682032585144,1.3142348527908325,7.106672763824463,41.30820846557617,0.95068359375,0.0029296875
online,6600,train,0.311972268986678,7.005061910218351,7.049599781214302,0.18929332450700365,3.5538645821479395,0.19269969035003218,0.39688817388830583,3.5538645821479395,9.577016960759137,0.026195436877965286,13.554348945617676,0.4803670048713684,2.0945000648498535,0.3216431140899658,1.2081443071365356,2.0412914752960205,11.775701522827148,50.401241302490234,0.80712890625,0.0048828125
online,6600,heldout,0.2709041657884962,6.968295243982465,7.016407012621004,0.1910366591448468,3.5538244378627932,0.19693096887202535,0.32862794704992365,3.5538244378627932,9.688259894670386,0.02690918917418956,13.554150581359863,0.4750160574913025,2.093535900115967,0.3291032910346985,1.1465911865234375,2.0431225299835205,11.720447540283203,50.54345703125,0.8134765625,0.0029296875
fixed_labels,6700,train,0.416461801838556,0.416461801838556,0.0,0.27308405818489684,4.5080190057141385,0.00011206894405262511,0.5889659177081346,4.5080190057141385,36.41459617805802,0.5705971596505203,9.777212142944336,0.006297574378550053,1.5714095830917358,5.2417104598134756e-05,0.0003451854281593114,0.08347377181053162,1.0355156660079956,191.4102020263672,0.014892578125,0.0048828125
fixed_labels,6700,heldout,0.5267559315858948,0.5267559315858948,0.0,0.4176856837746126,5.944356330915478,0.00010911250114251618,0.744945374518367,5.944356330915478,27.880635343667098,0.5436152484336781,8.858887672424316,0.0034693912602961063,1.5012398958206177,5.2143084758426994e-05,0.0003181495994795114,0.04227154329419136,0.6421928405761719,191.366943359375,0.015625,0.0029296875
moving_labels,6700,train,0.17161427318599962,3.9172284146473877,3.9525283597243193,0.11591553710339915,1.8147501319112667,0.0779050985825177,0.2298558529539024,1.8147501319112667,16.642237196922387,0.2501601871142646,12.786197662353516,0.2791083753108978,1.268595576286316,0.20879468321800232,0.6546893119812012,1.0925488471984863,6.905552864074707,41.15260314941406,0.940185546875,0.0048828125
moving_labels,6700,heldout,0.1610657657878206,4.0492941911171645,4.086610460393677,0.11764078252372014,2.0359120077471267,0.07694100760770499,0.2143931975738625,2.0359120077471267,16.158902509293057,0.24045639481541087,12.77244758605957,0.2865790128707886,1.1414344310760498,0.2185700684785843,0.6798247694969177,1.086912751197815,7.053376197814941,40.292686462402344,0.9501953125,0.0029296875
online,6700,train,0.3152146665701375,7.0596708716470715,7.0649839790738485,0.18537169046978022,3.653200751365199,0.19539287803280206,0.40067717086939764,3.653200751365199,9.705003944323117,0.025563159792454358,13.653862953186035,0.4932762086391449,2.161996603012085,0.3306504487991333,1.2349638938903809,2.09757137298584,11.926837921142578,50.98442840576172,0.807861328125,0.0048828125
online,6700,heldout,0.27206428323977827,7.0229127108254135,7.032400257045001,0.187142526362888,3.6532011347949576,0.1998801452113466,0.32876416468319597,3.6532011347949576,9.815792007587303,0.026197985423317475,13.653666496276855,0.488432914018631,2.1617140769958496,0.3425261378288269,1.1789772510528564,2.111964464187622,11.868427276611328,51.16116714477539,0.814453125,0.0029296875
fixed_labels,6800,train,0.41620390461100154,0.41620390461100154,0.0,0.2794438901401106,4.422906966575987,0.00010583525705917511,0.5886011970984987,4.422906966575987,36.941081661868665,0.584223644950223,10.028549194335938,0.00629745377227664,1.5379483699798584,5.288381362333894e-05,0.00036809645825996995,0.0874689519405365,1.0528476238250732,197.33642578125,0.015380859375,0.0048828125
fixed_labels,6800,heldout,0.5277984360268554,0.5277984360268554,0.0,0.4213646349239409,5.887280945073871,0.00010266146924113522,0.7464196993685334,5.887280945073871,28.130367925099968,0.5516407568218917,9.067551612854004,0.0035689598880708218,1.4570822715759277,5.2525359933497384e-05,0.0003283006662968546,0.052718210965394974,0.6508890986442566,195.72557067871094,0.015625,0.0029296875
moving_labels,6800,train,0.17638634971804984,4.020765646333983,4.0339301689661715,0.12307386144573958,1.8123942246898455,0.07854813513314844,0.23675827166293684,1.8123942246898455,16.570040337151724,0.27468438779330484,12.776909828186035,0.2431587427854538,1.4986546039581299,0.19744446873664856,0.525649905204773,0.8728820085525513,6.865469932556152,38.57351303100586,0.939453125,0.0048828125
moving_labels,6800,heldout,0.16316398401508367,4.139880767450969,4.152653058961922,0.1213181924258888,2.0194257717165125,0.07744927237387843,0.21736278791022567,2.0194257717165125,16.198689315979916,0.2669863454374695,12.756352424621582,0.2518414855003357,0.9373558163642883,0.2077854871749878,0.5783823132514954,0.8528138995170593,7.011483669281006,38.56462478637695,0.9384765625,0.0029296875
online,6800,train,0.3176833981262404,7.0787116470500715,7.077695116828699,0.1868580611241851,3.681454860988841,0.19818581380310768,0.40319705616146395,3.681454860988841,9.791176141981056,0.030549363178821023,13.682413101196289,0.5040493607521057,2.219461679458618,0.3381493091583252,1.2618060111999512,2.140961170196533,12.08892822265625,51.41157913208008,0.80712890625,0.0048828125
online,6800,heldout,0.2741851373660865,7.042524823365556,7.045565576970921,0.18861015978800116,3.681526281611251,0.20299578824935235,0.3303750732999443,3.681526281611251,9.904064371186925,0.031234908507732757,13.68222427368164,0.49996963143348694,2.2344448566436768,0.3517634868621826,1.2009797096252441,2.150406837463379,12.026498794555664,51.62263488769531,0.8134765625,0.0029296875
fixed_labels,6900,train,0.41637227792673887,0.41637227792673887,0.0,0.28465474650062067,4.357953462876566,9.026130377762321e-05,0.5888393155222399,4.357953462876566,37.533208487667665,0.5953718205706637,10.21617603302002,0.006399697624146938,1.558436632156372,4.680355777963996e-05,0.0003564668877515942,0.08650848269462585,1.0662446022033691,203.02423095703125,0.01513671875,0.0048828125
fixed_labels,6900,heldout,0.5324824273501746,0.5324824273501746,0.0,0.4287680115178497,5.849209246400301,8.728331838197615e-05,0.7530438654255742,5.849209246400301,28.612006300043106,0.5616992408418952,9.22472858428955,0.0036146114580333233,1.470268964767456,4.7031091526150703e-05,0.00032473751343786716,0.05256359651684761,0.6555601954460144,201.49473571777344,0.01513671875,0.0029296875
moving_labels,6900,train,0.17669963275865114,4.117472003378609,4.126007839589145,0.12229858411830738,1.8292610997361192,0.08025562319648805,0.23665281612401678,1.8292610997361192,17.107823032598528,0.2780732028530173,12.786585807800293,0.21851912140846252,1.7752106189727783,0.18276700377464294,0.45988985896110535,0.8544078469276428,6.895587921142578,39.007179260253906,0.929443359375,0.0048828125
moving_labels,6900,heldout,0.1618122240133312,4.225465598820797,4.233966028194285,0.11938937074283082,2.0214219776484894,0.0791122475649881,0.21472690554631713,2.0214219776484894,16.66298255615822,0.27251587842140357,12.75913143157959,0.22609426081180573,1.1287922859191895,0.19064173102378845,0.4809974133968353,0.8392871022224426,7.035468578338623,37.68492889404297,0.9248046875,0.0029296875
online,6900,train,0.3192921828077807,7.089523122652189,7.086192375940852,0.18838209563344407,3.6941076198132405,0.2003950316486746,0.40464407482977083,3.6941076198132405,9.861476543716336,0.032508040153482014,13.695568084716797,0.5143307447433472,2.2770297527313232,0.34582042694091797,1.2881014347076416,2.188660144805908,12.282752990722656,51.811344146728516,0.806884765625,0.0048828125
online,6900,heldout,0.27584529095542454,7.053884764185451,7.054533742622109,0.19029630518480023,3.6943041476126584,0.20553623823658418,0.33156613798173024,3.6943041476126584,9.980020841774804,0.03302868878926352,13.695383071899414,0.511257529258728,2.310743808746338,0.3558524549007416,1.2287942171096802,2.1993203163146973,12.215669631958008,52.060176849365234,0.8125,0.0029296875
fixed_labels,7000,train,0.41308601064887585,0.41308601064887585,0.0,0.2663511487867062,4.526468010087256,9.767900349548131e-05,0.5841918305200944,4.526468010087256,35.85559372606959,0.5630678952486163,9.710406303405762,0.006425062660127878,1.5548019409179688,5.0912458391394466e-05,0.00039223331259563565,0.07568221539258957,1.0489261150360107,206.08457946777344,0.0146484375,0.0048828125
fixed_labels,7000,heldout,0.5288883254198765,0.5288883254198765,0.0,0.41983434143340803,5.957456303317297,9.441685464589075e-05,0.7479610368303552,5.957456303317297,28.06622182625064,0.5408389258318259,8.970348358154297,0.0036695823073387146,1.521246075630188,5.0443235522834584e-05,0.0003577821480575949,0.043581753969192505,0.6504229307174683,205.5218505859375,0.0146484375,0.0029296875
moving_labels,7000,train,0.19206452638522956,4.247125401909123,4.223738676936353,0.14012795030262307,1.8849503764289315,0.08473392607395269,0.25806535289197385,1.8849503764289315,17.710731493305737,0.3124409158315571,12.82834529876709,0.21560052037239075,2.017500638961792,0.17251840233802795,0.4498106837272644,0.9990688562393188,7.025818824768066,38.83692932128906,0.916748046875,0.0048828125
moving_labels,7000,heldout,0.17579066468982213,4.350575372491626,4.3247406416620375,0.13614805168975028,2.0590013978162243,0.08375385993530376,0.2340726522473663,2.0590013978162243,16.962752373357574,0.3054101671364981,12.794310569763184,0.22078359127044678,1.281065821647644,0.17614980041980743,0.4673231840133667,0.9704952836036682,7.161075592041016,36.157318115234375,0.92431640625,0.0029296875
online,7000,train,0.31850238148047394,7.069003995793913,7.092976660258474,0.19126097740577072,3.6497293453253827,0.2003419145968888,0.40342366226229176,3.6497293453253827,9.89630933283405,0.022608218789929895,13.652182579040527,0.5227400064468384,2.3318285942077637,0.35826385021209717,1.309574842453003,2.229426860809326,12.451396942138672,51.96088790893555,0.809326171875,0.0048828125
online,7000,heldout,0.27649989303293143,7.034158638451703,7.0616927385934725,0.19371884333725312,3.650204851241925,0.20579967312965122,0.3324919190509354,3.650204851241925,10.025443922759402,0.022608086336674434,13.652007102966309,0.5212558507919312,2.388360023498535,0.37022897601127625,1.2510738372802734,2.22503399848938,12.379768371582031,52.21398162841797,0.81298828125,0.0029296875
fixed_labels,7100,train,0.4128734201063527,0.4128734201063527,0.0,0.27045677992109785,4.472559619802843,9.799239491517384e-05,0.5838911820349098,4.472559619802843,36.089528472159,0.5698066624018735,9.739482879638672,0.0066887629218399525,1.6201950311660767,5.042855627834797e-05,0.00042743017547763884,0.08226791769266129,1.0541447401046753,209.28758239746094,0.0146484375,0.0048828125
fixed_labels,7100,heldout,0.5327768790154204,0.5327768790154204,0.0,0.4255595531733554,5.937439930491609,9.475687160193002e-05,0.7534602820639977,5.937439930491609,28.08133952712856,0.5476378068154465,9.017690658569336,0.003773485543206334,1.516512155532837,5.026474900660105e-05,0.00037827834603376687,0.045121848583221436,0.6489033102989197,208.83570861816406,0.0146484375,0.0029296875
moving_labels,7100,train,0.1821003329036978,4.273427964946722,4.329663841091921,0.1417368914329348,1.6422752521392359,0.08736020411978236,0.2422586576851797,1.6422752521392359,18.144832499679946,0.2555861769114239,12.567556381225586,0.2432742416858673,2.2198619842529297,0.18175512552261353,0.537184476852417,1.1597129106521606,7.209443092346191,38.37289810180664,0.900634765625,0.0048828125
moving_labels,7100,heldout,0.16966749767194222,4.366408269700476,4.425867904871928,0.13914719719401614,1.7990187993711417,0.08660129688042181,0.22377295393131424,1.7990187993711417,17.212843804404645,0.24338644219879346,12.526876449584961,0.24125565588474274,1.5003933906555176,0.18791794776916504,0.5405060052871704,1.1087836027145386,7.315676212310791,35.594970703125,0.8984375,0.0029296875
online,7100,train,0.3251489828439742,7.125759073324503,7.099966272373936,0.19254667095824377,3.7544787926685967,0.20432192280750305,0.41194207596358356,3.7544787926685967,10.050351533551027,0.05098009304743418,13.758405685424805,0.5385648012161255,2.431365489959717,0.3730247914791107,1.3534252643585205,2.3005411624908447,12.76047420501709,52.79495620727539,0.80908203125,0.0048828125
online,7100,heldout,0.28137507575513615,7.090741483326776,7.068961793578593,0.19485007194219614,3.755361125876141,0.21005958899602772,0.3379627724812855,3.755361125876141,10.189904597221664,0.050714132434650075,13.758235931396484,0.538699209690094,2.503575563430786,0.3891028165817261,1.2891931533813477,2.29801082611084,12.682802200317383,53.05002212524414,0.8134765625,0.0029296875
fixed_labels,7200,train,0.41520702648097746,0.41520702648097746,0.0,0.24310054825594254,4.823145521716943,0.00010858047229527116,0.5871913980029265,4.823145521716943,34.956000277668984,0.5213443464888603,9.337298393249512,0.006360833533108234,1.6206786632537842,5.3712388762505725e-05,0.0004346790083218366,0.08897143602371216,1.0266761779785156,200.39395141601562,0.013671875,0.0048828125
fixed_labels,7200,heldout,0.527560883225485,0.527560883225485,0.0,0.4102949089356922,6.140659158566719,0.00010531977838776157,0.7460837486013563,6.140659158566719,28.225648852412288,0.5172266512839683,8.880081176757812,0.0033459030091762543,1.67311692237854,5.3426447266247123e-05,0.00038814893923699856,0.02518104575574398,0.6454188823699951,201.2531280517578,0.013671875,0.0029296875
moving_labels,7200,train,0.19171560873167617,4.446447950566806,4.443075235573941,0.14581445548642022,1.7872415024590984,0.09972140239894389,0.25212177844506456,1.7872415024590984,18.09751827885566,0.3082315630785876,12.69376277923584,0.30603721737861633,2.493868350982666,0.2391224205493927,0.6647377014160156,1.3339918851852417,7.544778347015381,38.148658752441406,0.90625,0.0048828125
moving_labels,7200,heldout,0.17375101001948445,4.538839102343756,4.534520619858307,0.1393251582977463,1.9230893701938179,0.0994001788069353,0.2247185604678244,1.9230893701938179,16.853084297365303,0.2923483559059666,12.648858070373535,0.2982192039489746,1.6886802911758423,0.2332008183002472,0.6544652581214905,1.2917507886886597,7.635815620422363,35.37150573730469,0.90380859375,0.0029296875
online,7200,train,0.32591733121760047,7.12774638948119,7.103419993435958,0.19409628760165143,3.7518601914735057,0.2069523283825199,0.41184335293052843,3.7518601914735057,10.18972079819775,0.049319399414689144,13.758289337158203,0.5540461540222168,2.5372684001922607,0.38738447427749634,1.3879318237304688,2.380835771560669,13.076680183410645,53.327362060546875,0.80908203125,0.0048828125
online,7200,heldout,0.28263108897081995,7.0926338134330225,7.072381482388237,0.1967720877462726,3.753447374118719,0.21298516940481702,0.3382277080891873,3.753447374118719,10.343137012267764,0.04862895418418225,13.75813102722168,0.5565716028213501,2.6218104362487793,0.40443241596221924,1.3378970623016357,2.364588737487793,12.99331283569336,53.60630798339844,0.8173828125,0.0029296875
fixed_labels,7300,train,0.41368056874562786,0.41368056874562786,0.0,0.24612082908458796,4.764711436629289,0.00010017165434988537,0.5850326622343849,4.764711436629289,34.0139470346553,0.5276305765009263,9.517454147338867,0.00660325400531292,1.671093225479126,4.9210048018721864e-05,0.000451273110229522,0.06248151510953903,1.0296587944030762,212.32814025878906,0.0146484375,0.0048828125
fixed_labels,7300,heldout,0.5282428331964226,0.5282428331964226,0.0,0.4111370779196414,6.141499766050556,9.71629083354823e-05,0.747048172614147,6.141499766050556,27.570353431162776,0.5190891510014292,8.980167388916016,0.0039046695455908775,1.5913853645324707,4.8609137593302876e-05,0.00041691571823321283,0.038662493228912354,0.6420902013778687,213.38412475585938,0.013671875,0.0029296875
moving_labels,7300,train,0.19840736663944727,4.527444275616341,4.550337279836721,0.1601498791106343,1.6837434045084545,0.1128222471415352,0.2569087519403231,1.6837434045084545,18.39160917898034,0.2775389475018823,12.574155807495117,0.3854931890964508,2.796999454498291,0.2949407696723938,0.8723723888397217,1.4849282503128052,7.991393089294434,40.151634216308594,0.91064453125,0.0048828125
moving_labels,7300,heldout,0.1814745957066994,4.610065484175419,4.633351938281948,0.15324746317828344,1.802355507406381,0.11295634641014127,0.23044939049494614,1.802355507406381,16.84668096315482,0.2563134916404923,12.529664993286133,0.371661901473999,1.9960746765136719,0.2868466377258301,0.8446328043937683,1.501590609550476,8.045310974121094,34.85890197753906,0.9072265625,0.0029296875
online,7300,train,0.3228627272206311,7.072451601404541,7.1087254916184,0.19918632927692853,3.6417876475973,0.20770065038866886,0.4066215944644495,3.6417876475973,10.318111656342529,0.03782453833922823,13.652040481567383,0.572282612323761,2.654087781906128,0.4040921628475189,1.433962345123291,2.4663546085357666,13.424165725708008,53.64104461669922,0.81396484375,0.0048828125
online,7300,heldout,0.2826337766674354,7.036870982340949,7.077121977827044,0.20270605262137853,3.6444655651146642,0.21403420896953815,0.3375693422356058,3.6444655651146642,10.48903153367737,0.03719729382796652,13.651895523071289,0.576995849609375,2.749319314956665,0.42759737372398376,1.3843632936477661,2.446411371231079,13.334633827209473,53.919097900390625,0.8193359375,0.0029296875
fixed_labels,7400,train,0.4118212409844491,0.4118212409844491,0.0,0.25075916394600684,4.681712824254379,9.315316429189262e-05,0.5824031768237802,4.681712824254379,35.00482473024565,0.5378958912522666,9.56801986694336,0.006719960831105709,1.6698051691055298,4.666873428504914e-05,0.00045336681068874896,0.07618533074855804,1.0414042472839355,214.76683044433594,0.013916015625,0.0048828125
fixed_labels,7400,heldout,0.5321373982105067,0.5321373982105067,0.0,0.4184485983557116,6.08796578898038,9.022510954900155e-05,0.7525559201866159,6.08796578898038,28.203621120655047,0.5293697153345626,9.034698486328125,0.0037662892136722803,1.639849305152893,4.633991193259135e-05,0.00043065741192549467,0.039309412240982056,0.6446729898452759,214.95162963867188,0.013671875,0.0029296875
moving_labels,7400,train,0.22045072282563097,4.661661266397187,4.652433473187854,0.18304256400980234,1.767694455451985,0.13336460644562398,0.28179943955992914,1.767694455451985,19.385914544747948,0.26526242483549756,12.64427375793457,0.47388824820518494,3.104663848876953,0.35761919617652893,1.124131679534912,1.7619953155517578,8.56559944152832,42.53209686279297,0.909423828125,0.0048828125
moving_labels,7400,heldout,0.19945358309472475,4.733709827117727,4.72304081234219,0.17223543109769493,1.8662336160571864,0.134070307464406,0.24817053869274688,1.8662336160571864,17.611468748817366,0.2429158060589963,12.596717834472656,0.45480841398239136,2.262793779373169,0.34636712074279785,1.0845468044281006,1.7600098848342896,8.586563110351562,36.51498794555664,0.91064453125,0.0029296875
online,7400,train,0.3242975693005774,7.092192743835661,7.1031891282324855,0.1988021223890615,3.6720501117851923,0.21322399365291583,0.4060460016294052,3.6720501117851923,10.559271327719683,0.03302730493730643,13.689448356628418,0.5918781161308289,2.7778537273406982,0.42533546686172485,1.4731476306915283,2.558716058731079,13.87563419342041,54.53001022338867,0.817626953125,0.0048828125
online,7400,heldout,0.2837430041402836,7.056471867781808,7.070879370859815,0.2025314445331697,3.67704364423864,0.21999660857288006,0.3355915329884486,3.67704364423864,10.749228910523405,0.0318816405595446,13.689312934875488,0.5987424850463867,2.8864712715148926,0.4480965733528137,1.4206159114837646,2.545412302017212,13.781283378601074,54.87651824951172,0.82421875,0.0029296875
fixed_labels,7500,train,0.41155335516904046,0.41155335516904046,0.0,0.2553931702577798,4.625499603703895,9.54875368361406e-05,0.5820243286873145,4.625499603703895,35.07048574871016,0.5459175284980895,9.605772018432617,0.006885257549583912,1.6924526691436768,4.5765889808535576e-05,0.0004643639549612999,0.07958823442459106,1.0465590953826904,218.5982666015625,0.014404296875,0.0048828125
fixed_labels,7500,heldout,0.5313250357097798,0.5313250357097798,0.0,0.41831552568430147,6.066822895321574,9.275399098715982e-05,0.7514070658043448,6.066822895321574,27.846096716606365,0.5321230571204539,8.98404598236084,0.003966643009334803,1.5515562295913696,4.5577355194836855e-05,0.0004512273008003831,0.03830757364630699,0.6432613730430603,219.40689086914062,0.013671875,0.0029296875
moving_labels,7500,train,0.24116836315045312,4.690022899327764,4.753682048605909,0.21613898550649444,1.5462474235428505,0.15673151396026078,0.3029184565209955,1.5462474235428505,21.001704739771117,0.23348119920174526,12.418967247009277,0.5786787867546082,3.4254517555236816,0.4316027760505676,1.4297399520874023,2.1032536029815674,9.202616691589355,45.31504440307617,0.91015625,0.0048828125
moving_labels,7500,heldout,0.22238614002938922,4.744110654912524,4.808401935698386,0.20435962965174734,1.6332637375884826,0.15812635036395392,0.27185887492395444,1.6332637375884826,18.986426679215718,0.20605467192626742,12.369257926940918,0.5527306795120239,2.5788767337799072,0.4109753668308258,1.3514424562454224,2.054439067840576,9.172633171081543,37.15678024291992,0.91162109375,0.0029296875
online,7500,train,0.32487583202333464,7.071025467130772,7.100013637228483,0.203920353835732,3.6250178529350996,0.21613855571867,0.4054290778885442,3.6250178529350996,10.92366202466251,0.04386628477694951,13.654136657714844,0.618880569934845,2.97432804107666,0.4409213662147522,1.530458927154541,2.6763243675231934,14.407320022583008,55.50834655761719,0.820556640625,0.0048828125
online,7500,heldout,0.28615783304563996,7.034221698276335,7.066767891371791,0.20816877066269907,3.633516234788481,0.22317791090005598,0.3375858867207564,3.633516234788481,11.142412703621012,0.04327741924601636,13.654027938842773,0.6294227242469788,3.063424825668335,0.47414761781692505,1.5068209171295166,2.6757562160491943,14.314459800720215,55.71238327026367,0.82861328125,0.0029296875
fixed_labels,7600,train,0.40955188090096023,0.40955188090096023,0.0,0.2653907777453178,4.471864287732913,0.00010044363805566306,0.5791938157560941,4.471864287732913,37.18276923015585,0.5675816131523477,9.785759925842285,0.006928053684532642,1.6966040134429932,5.242961924523115e-05,0.0005346249090507627,0.08253561705350876,1.0851017236709595,222.14366149902344,0.013916015625,0.0048828125
fixed_labels,7600,heldout,0.5361968353026714,0.5361968353026714,0.0,0.4296541465805017,5.942162154865769,9.724594952460401e-05,0.7582968303510343,5.942162154865769,29.41786739042514,0.5506478068501705,9.087189674377441,0.003718482330441475,1.6300767660140991,5.1426002755761147e-05,0.0005058441893197596,0.03900391608476639,0.6666848063468933,221.38525390625,0.01416015625,0.0029296875
moving_labels,7600,train,0.2763045969109885,4.754171731237362,4.853198326332972,0.25908346488122014,1.3983482707925465,0.1869373965845548,0.3431368098972719,1.3983482707925465,23.382233054546006,0.24174877817935234,12.627732276916504,0.7015429735183716,3.770110607147217,0.5271852612495422,1.7722117900848389,2.4807968139648438,10.03544807434082,48.486080169677734,0.908203125,0.0048828125
moving_labels,7600,heldout,0.25834863550499876,4.787323273534132,4.887059746787253,0.24620420261785603,1.4670171326760169,0.1891836894398134,0.31256609954460773,1.4670171326760169,21.148231249709262,0.21170392803811772,12.202841758728027,0.6687747836112976,2.9659016132354736,0.5011102557182312,1.6532979011535645,2.426182985305786,9.959792137145996,38.78494644165039,0.90771484375,0.0029296875
online,7600,train,0.3276957694677,7.077714546670256,7.095704268772425,0.208169624857896,3.6277760616621153,0.2231149922797982,0.40618805358360993,3.6277760616621153,11.417991400639975,0.04692916283029134,13.676653861999512,0.6529937386512756,3.202608585357666,0.46034955978393555,1.6046873331069946,2.8408021926879883,15.111602783203125,57.81836700439453,0.82763671875,0.0048828125
online,7600,heldout,0.28987974130660815,7.039675362010471,7.061038813028098,0.21281197218496037,3.6426632937638304,0.23052773056854012,0.33899482928046365,3.6426632937638304,11.665109977754852,0.04610439718252141,13.676562309265137,0.6663538217544556,3.2635397911071777,0.5084843635559082,1.5919066667556763,2.834653377532959,15.023538589477539,57.30704879760742,0.8310546875,0.0029296875
fixed_labels,7700,train,0.41046860201820046,0.41046860201820046,0.0,0.2520400550676408,4.643209055045692,0.00011641433354996627,0.5804902522293157,4.643209055045692,37.58697124460783,0.5448664771552904,9.564647674560547,0.00673061516135931,1.7653003931045532,5.762868022429757e-05,0.00055218196939677,0.09079989045858383,1.0842241048812866,214.1829071044922,0.013427734375,0.0048828125
fixed_labels,7700,heldout,0.5331411566248905,0.5331411566248905,0.0,0.4225061027927669,6.022211506156464,0.00011308953228355348,0.7539754458769925,6.022211506156464,30.334104290801918,0.537512862313912,8.996770858764648,0.0033415514044463634,1.7781299352645874,5.6242373830173165e-05,0.0005234535783529282,0.022205526009202003,0.6768931746482849,218.6143341064453,0.013671875,0.0029296875
moving_labels,7700,train,0.31251642347188063,4.891275981000327,4.965719800822026,0.29589464542368793,1.4692413637779034,0.23034871553273337,0.37719026913711795,1.4692413637779034,26.681892372768875,0.24478780217176213,13.688915252685547,0.8528003692626953,4.143971920013428,0.6401491165161133,2.198176145553589,2.9618258476257324,11.06269645690918,52.05616760253906,0.90185546875,0.0048828125
moving_labels,7700,heldout,0.29028586894578284,4.905381960656224,4.973924454798308,0.27870045254957504,1.5256880336450158,0.23362508799120638,0.33756642261978237,1.5256880336450158,24.227616702199803,0.2150490793402868,13.001558303833008,0.8123623132705688,3.430077314376831,0.6104205250740051,2.017411947250366,2.896533489227295,10.946969985961914,42.40242385864258,0.9052734375,0.0029296875
online,7700,train,0.3323373288094977,7.088928296868676,7.082472013067945,0.2142111351888383,3.6425431304485074,0.23009828809669514,0.4098182256262337,3.6425431304485074,12.241106214894195,0.05755719117582965,13.720863342285156,0.7027747631072998,3.5272254943847656,0.49319928884506226,1.7265620231628418,3.064476251602173,15.982006072998047,61.01020812988281,0.836181640625,0.0048828125
online,7700,heldout,0.29547101673464415,7.0473026093997495,7.0455952376520194,0.219259575731218,3.665790733677571,0.23780984759017162,0.34358800888498425,3.665790733677571,12.52886823378419,0.057722538373372594,13.72081184387207,0.7205018997192383,3.5601935386657715,0.5509543418884277,1.7331430912017822,3.0765621662139893,15.914539337158203,59.814090728759766,0.84130859375,0.0029296875
fixed_labels,7800,train,0.41648862098720474,0.41648862098720474,0.0,0.23218190343777673,4.953648783519525,0.00013736031003536855,0.5890038403574226,4.953648783519525,35.70323550621537,0.5043653483524193,9.120404243469238,0.006633930839598179,1.772190809249878,6.585811206605285e-05,0.0006060546729713678,0.05592133849859238,1.0447269678115845,208.1667022705078,0.01318359375,0.0048828125
fixed_labels,7800,heldout,0.5280734187261602,0.5280734187261602,0.0,0.40732306455432543,6.222485565631955,0.00013384462538098966,0.7468085786973027,6.222485565631955,29.22635252053514,0.508994516344096,8.791261672973633,0.0033207640517503023,1.8029289245605469,6.426482286769897e-05,0.0005633190739899874,0.015461883507668972,0.6595131158828735,213.58074951171875,0.0126953125,0.0029296875
moving_labels,7800,train,0.3613544126965553,5.060344023725984,5.100245311120036,0.34557226861448503,1.550592361250707,0.27585907490938133,0.43018111760127864,1.550592361250707,31.003145936319267,0.2734874311998723,15.104509353637695,1.0290838479995728,4.6418256759643555,0.7835566997528076,2.6445274353027344,3.462388753890991,12.626823425292969,57.061275482177734,0.898193359375,0.0048828125
moving_labels,7800,heldout,0.3369404564841882,5.044333029389853,5.075619303619245,0.32615890925685437,1.5958234782801684,0.2801712372513272,0.38543718067748306,1.5958234782801684,28.352087171609483,0.23764760039095353,14.354055404663086,0.9825037717819214,3.9028403759002686,0.7475003004074097,2.429326295852661,3.354022264480591,12.474647521972656,47.8324089050293,0.904296875,0.0029296875
online,7800,train,0.33303842321072413,7.0143656071877425,7.055741069930924,0.22756309548170564,3.4873389515624336,0.2371708569930575,0.4069142013527538,3.4873389515624336,13.453275192294086,0.09190417109337579,13.61441707611084,0.7669453620910645,3.8814384937286377,0.5513238906860352,1.8692333698272705,3.3253235816955566,17.188762664794922,64.92168426513672,0.84375,0.0048828125
online,7800,heldout,0.30105299662552615,6.969147048008985,7.015218471103529,0.23322513385146448,3.5247628882695947,0.2453884785496275,0.3479228479843155,3.5247628882695947,13.783615368591112,0.09405848802067486,13.614398002624512,0.788654088973999,3.900447130203247,0.6019888520240784,1.9096239805221558,3.333930253982544,17.155864715576172,63.10819625854492,0.8525390625,0.0029296875
fixed_labels,7900,train,0.4089827727487933,0.4089827727487933,0.0,0.24659556098694782,4.675822183643849,0.00012483741055840998,0.5783889705260666,4.675822183643849,35.96991880947652,0.5355751707218147,9.442869186401367,0.0069059524685144424,1.715728759765625,6.224277603905648e-05,0.0006375418743118644,0.06205427646636963,1.0729378461837769,226.16220092773438,0.01416015625,0.0048828125
fixed_labels,7900,heldout,0.528977217124801,0.528977217124801,0.0,0.41462423774442575,6.08301089901525,0.00012142244768690521,0.7480867447901925,6.08301089901525,29.027945939352975,0.5263651832444824,8.85729694366455,0.0037654403131455183,1.6645715236663818,6.07524998486042e-05,0.0006074348348192871,0.033098235726356506,0.6640093326568604,226.25039672851562,0.01318359375,0.0029296875
moving_labels,7900,train,0.4281170181575377,5.182709441430264,5.262276505503511,0.4164998947605647,1.4774889621131346,0.3397144193234273,0.5011611275587419,1.4774889621131346,36.674687787482696,0.3035240473871867,16.565855026245117,1.2531557083129883,5.142622947692871,0.97613525390625,3.19649076461792,4.118379592895508,14.501368522644043,62.62788009643555,0.893798828125,0.0048828125
moving_labels,7900,heldout,0.40111956281393396,5.125501472781392,5.196503692194275,0.39326512194606467,1.5114194919559432,0.34559766123737623,0.4498400425610628,1.5114194919559432,33.81263052511589,0.2646130421774111,15.80034065246582,1.198319673538208,4.568045616149902,0.9395520091056824,2.891345739364624,4.000077247619629,14.292781829833984,54.138282775878906,0.89892578125,0.0029296875
online,7900,train,0.3399254314083138,6.949204248041222,7.0218418106887155,0.2469107247320305,3.352588340094876,0.24660168317766912,0.4126574944069198,3.352588340094876,15.161313222988811,0.13707181812666505,13.544417381286621,0.8459677696228027,4.281585216522217,0.6148982048034668,2.0479087829589844,3.659951686859131,18.69171714782715,69.78173065185547,0.856689453125,0.0048828125
online,7900,heldout,0.3129671925490887,6.8989184322628265,6.976635525466031,0.2533048619617278,3.4053116954906084,0.25534616470371,0.3615179987154479,3.4053116954906084,15.547193902744317,0.1407635706802481,13.544455528259277,0.8725204467773438,4.277334213256836,0.6660155653953552,2.1297788619995117,3.6505491733551025,18.71709632873535,67.22297668457031,0.8642578125,0.0029296875
fixed_labels,8000,train,0.41193202602014484,0.41193202602014484,0.0,0.23346236463221828,4.862514604205652,0.00012967216165535515,0.5825598435416339,4.862514604205652,35.81430315869958,0.5108194552163109,9.153461456298828,0.006644722539931536,1.6902812719345093,6.755127105861902e-05,0.0006744131678715348,0.07606369256973267,1.0584158897399902,216.45611572265625,0.01318359375,0.0048828125
fixed_labels,8000,heldout,0.5244332808665338,0.5244332808665338,0.0,0.40490804861329494,6.170832022509133,0.00012588590166945967,0.7416606476776378,6.170832022509133,29.519081149681618,0.5097458190078531,8.714126586914062,0.0033372058533132076,1.7631269693374634,6.597044557565823e-05,0.0006395798991434276,0.017723236232995987,0.6655268669128418,214.83290100097656,0.0126953125,0.0029296875
moving_labels,8000,train,0.5028921681645883,5.4547750898900595,5.469591745327358,0.49063413422079133,1.6537579451864572,0.40599001329765194,0.5839290836267136,1.6537579451864572,43.723481838297516,0.3796227671482136,18.286096572875977,1.5311131477355957,5.834561347961426,1.2166657447814941,3.824215888977051,4.8696370124816895,17.278907775878906,69.53137969970703,0.888916015625,0.0048828125
moving_labels,8000,heldout,0.4777225772238719,5.350780438403585,5.352264501070541,0.46972023602947943,1.6758713365417817,0.41324714913963334,0.534475925844001,1.6758713365417817,40.7242786328932,0.3298329932925668,17.493101119995117,1.4706416130065918,5.342674732208252,1.1951205730438232,3.5163733959198,4.801027297973633,17.051956176757812,62.18004608154297,0.89501953125,0.0029296875
online,8000,train,0.35888270997622024,6.830910236102471,6.966840803352697,0.28575096130679173,3.120349089276067,0.25583991622887486,0.4383372403797719,3.120349089276067,17.755139093101697,0.22184452419625153,13.39987564086914,0.9525004029273987,4.7521209716796875,0.6907714605331421,2.2987513542175293,4.060027122497559,20.82434844970703,76.1064224243164,0.87158203125,0.0048828125
online,8000,heldout,0.3395519315011625,6.773678993865522,6.9155557349779295,0.2929580124585331,3.1851686048856425,0.265306579175877,0.40025422848276615,3.1851686048856425,18.19798024316225,0.22731844149793418,13.399900436401367,0.9847530126571655,4.710230350494385,0.7648898959159851,2.3847477436065674,4.060673236846924,20.94632339477539,72.64591979980469,0.876953125,0.0029296875
fixed_labels,8100,train,0.40706666210709197,0.40706666210709197,0.0,0.2678312079018003,4.395080257011278,0.00010469414924067339,0.5756791848218535,4.395080257011278,40.1673748121687,0.5807163368533532,10.230690002441406,0.0067390152253210545,1.770193338394165,5.690576654160395e-05,0.000641954189632088,0.05847920477390289,1.130264401435852,225.99551391601562,0.013427734375,0.0048828125
fixed_labels,8100,heldout,0.5320589490171991,0.5320589490171991,0.0,0.4280565650350042,5.853788029557203,0.00010132060307161254,0.7524449748604267,5.853788029557203,31.89885271538868,0.5585000693155843,9.270051002502441,0.0033475826494395733,1.7311973571777344,5.6175187637563795e-05,0.0006165813538245857,0.02743050642311573,0.6950597167015076,227.5742950439453,0.01318359375,0.0029296875
moving_labels,8100,train,0.6001563147843193,5.723844630786807,5.747060794717424,0.5895223660884092,1.714193030377811,0.4983547744259071,0.6870354598984634,1.714193030377811,52.35014263208547,0.44907233816672837,20.025293350219727,1.8666982650756836,6.615962982177734,1.510711669921875,4.5150065422058105,5.743255615234375,20.85619354248047,79.55610656738281,0.88818359375,0.0048828125
moving_labels,8100,heldout,0.5748214485230095,5.556559289053601,5.564764974860353,0.5679931729797747,1.7280610270130838,0.5076570262621708,0.6349202619627378,1.7280610270130838,49.3037751279887,0.39173265823785963,19.28692626953125,1.801682472229004,6.161461353302002,1.4793084859848022,4.244951248168945,5.7048726081848145,20.617238998413086,71.70326232910156,0.8916015625,0.0029296875
online,8100,train,0.36570400642197637,6.915275934487615,6.908919012484398,0.281128858420921,3.3589908037339065,0.280010985210451,0.4348248943973223,3.3589908037339065,20.809035221183937,0.19096293109331447,13.710222244262695,1.074657678604126,5.274857521057129,0.7777595520019531,2.624166488647461,4.59477424621582,23.504230499267578,84.94093322753906,0.884765625,0.0048828125
online,8100,heldout,0.3418669312187743,6.846342081361597,6.849471727043433,0.28792877700609176,3.4173092440002337,0.29022721020394926,0.38667061406204245,3.4173092440002337,21.256960263900513,0.19828905168870994,13.710226058959961,1.1119474172592163,5.1347455978393555,0.8627294301986694,2.7121620178222656,4.613692760467529,23.769426345825195,79.98705291748047,0.88916015625,0.0029296875
fixed_labels,8200,train,0.40598278997260945,0.40598278997260945,0.0,0.26455360779404713,4.4149600079423585,0.00010788408305817443,0.5741463575334362,4.4149600079423585,38.81184861106385,0.5748827938910399,10.117469787597656,0.006831001490354538,1.726574182510376,5.89312294323463e-05,0.0006964970380067825,0.0581115297973156,1.1219894886016846,235.39585876464844,0.013427734375,0.0048828125
fixed_labels,8200,heldout,0.5304864819503263,0.5304864819503263,0.0,0.42479628176545675,5.8858168170047716,0.00010445345248911353,0.7502211701582036,5.8858168170047716,30.77608398585959,0.5516075342697229,8.947973251342773,0.003607689868658781,1.6357123851776123,5.8027031627716497e-05,0.000671684043481946,0.02843962237238884,0.6866834759712219,234.2126007080078,0.013671875,0.0029296875
moving_labels,8200,train,0.7140842161886076,6.030618358020098,6.117496159272468,0.7072576490818075,1.5771380276244638,0.6090387009517407,0.8055460237394337,1.5771380276244638,63.10965595266844,0.5732070995985863,22.151222229003906,2.2753727436065674,7.587004661560059,1.8898699283599854,5.355620384216309,6.777897357940674,25.855587005615234,92.12799835205078,0.884521484375,0.0048828125
moving_labels,8200,heldout,0.6861318078160296,5.7694667986851425,5.855795878652114,0.6817516510845899,1.584266069422068,0.6207439444888483,0.7458087360538301,1.584266069422068,60.10125817814031,0.49843092609223544,21.512359619140625,2.2086236476898193,7.1095781326293945,1.8703222274780273,5.1681294441223145,6.752394199371338,25.621660232543945,84.84558868408203,0.8857421875,0.0029296875
online,8200,train,0.3927526159680514,6.813504463075537,6.822140165228956,0.31635845719995054,3.3458178052252614,0.2979954174638582,0.46873016317497235,3.3458178052252614,24.635319365389,0.2647841194457027,13.710887908935547,1.2129477262496948,5.7968339920043945,0.8923551440238953,3.039984703063965,5.084054946899414,27.07491683959961,94.90585327148438,0.895263671875,0.0048828125
online,8200,heldout,0.37049045636228767,6.731097111865801,6.752643974391802,0.3233924869546564,3.3555206849786314,0.30905389553733953,0.42309815192726574,3.3555206849786314,25.07051206297263,0.2761779707775286,13.710866928100586,1.2556430101394653,5.761515140533447,0.9745712280273438,3.095532178878784,5.115830421447754,27.543163299560547,91.29471588134766,0.8994140625,0.0029296875
fixed_labels,8300,train,0.4074281539940141,0.4074281539940141,0.0,0.2659061859910263,4.425655428057307,0.00013051669928204382,0.5761904062888685,4.425655428057307,38.214323247707526,0.5749762504434708,10.134955406188965,0.006798530463129282,1.7308813333511353,7.098086643964052e-05,0.0007924169767647982,0.10699667036533356,1.1188067197799683,235.49172973632812,0.013427734375,0.0048828125
fixed_labels,8300,heldout,0.5227597951621276,0.5227597951621276,0.0,0.41543344025025086,5.877279519002542,0.000126544734779886,0.7392939813513493,5.877279519002542,29.645645964318582,0.5439798705003692,8.893149375915527,0.0037234919145703316,1.4740270376205444,6.86418279656209e-05,0.0007555030751973391,0.032278139144182205,0.6824087500572205,235.17039489746094,0.01318359375,0.0029296875
moving_labels,8300,train,0.8487417759798866,6.517485927586785,6.613237878542292,0.8411730500692571,1.8240249276051792,0.7645328521594936,0.925318714041737,1.8240249276051792,77.72089570220591,0.6759112174490727,24.052324295043945,2.853714942932129,8.712057113647461,2.471557140350342,6.560149192810059,8.164349555969238,32.7256965637207,106.41995239257812,0.880126953125,0.0048828125
moving_labels,8300,heldout,0.8241406907294891,6.167605705074032,6.261634583843017,0.8193860106591705,1.8272174294239691,0.7790465877520122,0.8668922484046707,1.8272174294239691,74.96024852802293,0.5998733835801741,23.52686309814453,2.7884883880615234,8.385839462280273,2.4310121536254883,6.396228790283203,8.13084602355957,32.54886245727539,100.62311553955078,0.8779296875,0.0029296875
online,8300,train,0.42691820948360387,6.7134151808333575,6.7244147033208215,0.3546482615852224,3.419598091177718,0.3154897487555659,0.5147664845417993,3.419598091177718,28.758739271984453,0.33431215803739794,13.743492126464844,1.3548740148544312,6.349612236022949,1.0031137466430664,3.4616971015930176,5.620781421661377,31.307706832885742,104.88433074951172,0.905029296875,0.0048828125
online,8300,heldout,0.4032635125026735,6.6114509208440255,6.641320972368469,0.3612854996048837,3.3294690210756626,0.3274861034147652,0.46690017466499356,3.3294690210756626,29.20798563940657,0.3533923940299787,13.743476867675781,1.4047950506210327,6.324179172515869,1.0856878757476807,3.531881093978882,5.711982250213623,32.02508544921875,101.99405670166016,0.91162109375,0.0029296875
fixed_labels,8400,train,0.40551091649642823,0.40551091649642823,0.0,0.24146316847716262,4.6684771687435624,0.00012793771981867827,0.5734790235287479,4.6684771687435624,38.189484437960125,0.5344808450552856,9.559452056884766,0.006549977697432041,1.7058360576629639,6.752049375791103e-05,0.0007684895535930991,0.046637147665023804,1.1094552278518677,231.20021057128906,0.0126953125,0.0048828125
fixed_labels,8400,heldout,0.519853670391513,0.519853670391513,0.0,0.40549384606746425,6.023719700889194,0.00012426151479575092,0.7351841006157108,6.023719700889194,31.268334291738682,0.5222455602216088,8.593653678894043,0.003294338472187519,1.735388159751892,6.578350439667702e-05,0.0007374518900178373,0.01701263338327408,0.6924474835395813,228.98167419433594,0.0126953125,0.0029296875
moving_labels,8400,train,1.0351704977439484,7.068024112031011,7.279955099827801,1.0298960072838885,1.8142224050639095,0.9643059337975398,1.1014853538934428,1.8142224050639095,95.60338148755115,0.8282171143647423,26.175596237182617,3.5531673431396484,10.122295379638672,3.206550121307373,7.955519676208496,9.715276718139648,42.20146179199219,125.34812927246094,0.87548828125,0.0048828125
moving_labels,8400,heldout,1.0111266995853658,6.601288594912164,6.834253377784428,1.0078184417292524,1.8153590780045525,0.9826785155107504,1.0387961014474292,1.8153590780045525,93.31030458088765,0.7451155267985584,25.799560546875,3.499391555786133,9.874752044677734,3.171987533569336,7.9330973625183105,9.73548698425293,42.207000732421875,121.96330261230469,0.87646484375,0.0029296875
online,8400,train,0.45879773638992816,6.602778228185642,6.617886282251021,0.39144151199748967,3.4470129568266774,0.332206967093187,0.5573412391415067,3.4470129568266774,31.562142535051095,0.38907887675613345,13.759515762329102,1.4471852779388428,6.626059055328369,1.0653877258300781,3.8029699325561523,5.967804908752441,36.080726623535156,114.22393035888672,0.90869140625,0.0048828125
online,8400,heldout,0.43354886514900925,6.485164281267341,6.51939602901973,0.3960082842658249,3.284302783585827,0.34514935892844034,0.5067555199258064,3.284302783585827,31.923094362032508,0.40689435878134567,13.759504318237305,1.4993976354599,6.539998531341553,1.1493818759918213,3.8527207374572754,6.1236186027526855,37.057647705078125,111.60395050048828,0.91552734375,0.0029296875
fixed_labels,8500,train,0.40471044005789913,0.40471044005789913,0.0,0.24408586659783116,4.626264642038223,0.00011685704385104464,0.5723469812344152,4.626264642038223,37.86982927707577,0.5406322140704858,9.630292892456055,0.006687793880701065,1.767728567123413,6.120055331848562e-05,0.0007652358617633581,0.051527153700590134,1.1113958358764648,239.74801635742188,0.0126953125,0.0048828125
fixed_labels,8500,heldout,0.522637135563554,0.522637135563554,0.0,0.4093337997201868,6.017540149056804,0.0001135068901872688,0.7391205165981656,6.017540149056804,31.007992308765047,0.5264842181050092,8.705158233642578,0.0035250268410891294,1.7078949213027954,5.9516190958675e-05,0.0007528780843131244,0.018417058512568474,0.6895893812179565,238.8632354736328,0.0126953125,0.0029296875
moving_labels,8500,train,1.2772387786262898,7.929394640752834,8.129913180102188,1.2677948634055425,2.5553255367748546,1.1992454790488671,1.3507361238355942,2.5553255367748546,116.64733896214275,0.9839292459354695,27.794382095336914,4.3939056396484375,11.551939010620117,4.07047176361084,9.6271333694458,11.338048934936523,55.4216423034668,150.9532012939453,0.8720703125,0.0048828125
moving_labels,8500,heldout,1.2523302443668674,7.373047983164172,7.59566534693822,1.2464933105444664,2.5558270461139667,1.220261843625292,1.2835977231610216,2.5558270461139667,115.29482349938493,0.9102304755270638,27.563302993774414,4.37166166305542,11.511831283569336,4.092653274536133,9.651065826416016,11.345970153808594,55.88588333129883,150.09767150878906,0.87060546875,0.0029296875
online,8500,train,0.4891457981758867,6.356554662621234,6.5223187206517,0.43721029877604345,3.1692645563437027,0.3315699726144279,0.6071149619361378,3.1692645563437027,33.301768376638215,0.5161127088354698,13.466867446899414,1.4918674230575562,6.891884803771973,1.070403814315796,4.043370723724365,6.217623233795166,41.175567626953125,120.40909576416016,0.91357421875,0.0048828125
online,8500,heldout,0.47047192176836355,6.223201311367823,6.406876872388222,0.44332647223092886,2.9433775673104745,0.3448774594488558,0.5689878700894574,2.9433775673104745,33.59692489543959,0.5391361770016274,13.466859817504883,1.5447452068328857,6.8052978515625,1.152848482131958,4.067931175231934,6.379928112030029,42.42407989501953,120.66830444335938,0.91845703125,0.0029296875
fixed_labels,8600,train,0.40432062436679306,0.40432062436679306,0.0,0.2551831480458269,4.495395019679815,0.00012369391927598872,0.5717956971476098,4.495395019679815,40.700832201811195,0.5611225914157514,9.963120460510254,0.0067767794243991375,1.835296630859375,6.483095057774335e-05,0.0007936510955914855,0.07972188293933868,1.1302342414855957,233.32125854492188,0.0126953125,0.0048828125
fixed_labels,8600,heldout,0.5227093624267755,0.5227093624267755,0.0,0.41401729491126654,5.909668411860107,0.00012035993221851658,0.7392226597248619,5.909668411860107,32.715885368770465,0.54232553187711,9.126419067382812,0.0031998599879443645,1.788082480430603,6.31219008937478e-05,0.0007713758386671543,0.016117701306939125,0.6968612670898438,236.501220703125,0.0126953125,0.0029296875
moving_labels,8600,train,1.5665295997939215,8.871928067611288,9.214636660169214,1.5559787696023573,3.027906424193395,1.5092359978405898,1.6218004429901747,3.027906424193395,141.40964348487563,1.1239799464532492,29.867538452148438,5.351873397827148,13.29474925994873,5.148921966552734,11.519926071166992,13.059269905090332,72.41449737548828,186.48431396484375,0.87060546875,0.0048828125
moving_labels,8600,heldout,1.5431792594343916,8.213277987897106,8.61222431479954,1.5367030109052449,3.0281544130028624,1.5334131228191437,1.5528839777211292,3.0281544130028624,140.71451677361603,1.0514355500553367,29.73528480529785,5.371509075164795,13.299975395202637,5.149230003356934,11.624503135681152,13.061507225036621,73.53197479248047,188.3623046875,0.8681640625,0.0029296875
online,8600,train,0.4852269944100421,6.360139342287177,6.4310667381757485,0.42639088333054564,3.341627204250653,0.3420802076178735,0.5948710816340953,3.341627204250653,33.531169119140856,0.47555656858987844,13.68966293334961,1.4724630117416382,7.0472731590271,1.0061485767364502,4.114686965942383,6.42852783203125,45.44264221191406,129.40155029296875,0.91259765625,0.0048828125
online,8600,heldout,0.456152172582963,6.217716094482763,6.301696574494688,0.42426672187235454,3.1244360182300963,0.35538513982639214,0.5383781305874991,3.1244360182300963,33.56281886154503,0.48934928261611754,13.68966293334961,1.5168217420578003,7.0447235107421875,1.0872201919555664,4.227848529815674,6.514916896820068,46.87588119506836,128.6587371826172,0.9208984375,0.0029296875
fixed_labels,8700,train,0.40465066861844984,0.40465066861844984,0.0,0.26920420707259085,4.3318384835423105,0.00011784329127858336,0.572262451450098,4.3318384835423105,41.29685022116391,0.5905675502980425,10.543292999267578,0.006718043703585863,1.7640966176986694,6.31916118436493e-05,0.0008164006285369396,0.06766831129789352,1.1465758085250854,237.5124053955078,0.01318359375,0.0048828125
fixed_labels,8700,heldout,0.5233731194400145,0.5233731194400145,0.0,0.41839887305621865,5.824078220423838,0.0001146332184643874,0.740161354816616,5.824078220423838,32.291095830439936,0.5574243401242955,9.597082138061523,0.0033034191001206636,1.6040003299713135,6.177797331474721e-05,0.0007981559610925615,0.03386719152331352,0.6931505799293518,234.18128967285156,0.013671875,0.0029296875
moving_labels,8700,train,1.9480739293835985,10.096486910022172,10.50981590346606,1.9317400519539345,4.087821960584492,1.884208651393113,2.009910900190218,4.087821960584492,167.07590777985874,1.3980032769376558,31.40984344482422,6.336025238037109,14.795112609863281,6.297297477722168,13.206403732299805,14.497175216674805,93.65245056152344,226.90750122070312,0.874755859375,0.0048828125
moving_labels,8700,heldout,1.916695310207014,9.371719579792584,9.865727650533168,1.9066753728002255,4.088015259945895,1.911502381848815,1.921874207258485,4.088015259945895,166.81597126418447,1.3191004310710523,31.3505802154541,6.407303810119629,14.758417129516602,6.45313835144043,13.286761283874512,14.518952369689941,95.64584350585938,235.18040466308594,0.87451171875,0.0029296875
online,8700,train,0.509265622090248,6.435055684404224,6.372255414502453,0.4403740723281317,3.686785279571823,0.3444067133011184,0.6325242789957202,3.686785279571823,32.17337809386593,0.4203265117273222,14.026948928833008,1.3941768407821655,6.910542964935303,0.8856856822967529,4.0041656494140625,6.500818252563477,48.71269226074219,133.93048095703125,0.912841796875,0.0048828125
online,8700,heldout,0.47153139655570997,6.286361567317969,6.235339283243307,0.4329438451221397,3.4785745004493647,0.3568892283084828,0.5633061286662272,3.4785745004493647,31.869921804613206,0.4250568127455015,14.026947021484375,1.4225555658340454,7.019275665283203,0.9260693788528442,4.0392632484436035,6.5492472648620605,50.264862060546875,135.37896728515625,0.9208984375,0.0029296875
fixed_labels,8800,train,0.40822281672223454,0.40822281672223454,0.0,0.22518912357898713,4.8779449538181305,0.00012912454449461275,0.5773142294384594,4.8779449538181305,36.69101026514336,0.5040837939129825,9.060879707336426,0.006712050177156925,1.786670446395874,7.196776277851313e-05,0.0009020438883453608,0.048526279628276825,1.086071491241455,236.3527374267578,0.012939453125,0.0048828125
fixed_labels,8800,heldout,0.5189436669217071,0.5189436669217071,0.0,0.3972696973794269,6.181377684280071,0.0001254240879841686,0.7338971611507252,6.181377684280071,30.990797084742596,0.5026738252771642,8.54527473449707,0.0033624570351094007,1.8090378046035767,7.090978033374995e-05,0.0008961859857663512,0.012895612977445126,0.682643473148346,234.84255981445312,0.01171875,0.0029296875
moving_labels,8800,train,2.3557247800102616,11.297637122425138,11.933498695153185,2.338527782259384,4.690587615971513,2.32428187284061,2.386753496675628,4.690587615971513,191.07493500351714,1.5683643332082697,33.47189712524414,7.2590651512146,16.158227920532227,7.428985595703125,14.724205017089844,16.005556106567383,116.43785095214844,272.0390930175781,0.882568359375,0.0048828125
moving_labels,8800,heldout,2.317945404838142,10.497919473778088,11.259095636245904,2.3073805602692947,4.690794014129507,2.3543272671180295,2.280983322807308,4.690794014129507,191.70142610246336,1.4724671992585903,33.444549560546875,7.3717427253723145,16.125606536865234,7.635343551635742,14.78183650970459,16.01551628112793,119.28517150878906,280.45172119140625,0.88330078125,0.0029296875
online,8800,train,0.47485863008088686,6.2718510962660705,6.336383023709527,0.4058425678928644,3.551474349775141,0.3263769467073352,0.5869067436847104,3.551474349775141,28.451060981125035,0.44873269324376386,13.777674674987793,1.2213503122329712,6.577910423278809,0.7110666036605835,3.532655715942383,6.167426109313965,51.18828582763672,136.93817138671875,0.908447265625,0.0048828125
online,8800,heldout,0.43825235915335137,6.131952499278441,6.1979885900213505,0.39976458613896665,3.3420015404422068,0.33584797465193617,0.520899605038388,3.3420015404422068,27.72856527985775,0.44166773088546935,13.777674674987793,1.2217391729354858,6.6100006103515625,0.7500711679458618,3.4992082118988037,6.170773506164551,52.816261291503906,138.30445861816406,0.9208984375,0.0029296875
fixed_labels,8900,train,0.40169750997755865,0.40169750997755865,0.0,0.25448723295704273,4.455093441209651,0.0001214131317656455,0.5680860536073677,4.455093441209651,41.05763257244431,0.566246649111666,10.169349670410156,0.00669835414737463,1.7491995096206665,6.695852789562196e-05,0.0008869408629834652,0.05759259685873985,1.149453043937683,240.2286376953125,0.01318359375,0.0048828125
fixed_labels,8900,heldout,0.52013802790775,0.52013802790775,0.0,0.4116581577212314,5.888278290410426,0.00011809462491663507,0.7355862438933903,5.888278290410426,33.13420452191292,0.5428988771211953,9.239066123962402,0.003240050282329321,1.736441969871521,6.645081884926185e-05,0.0008648248622193933,0.024172555655241013,0.705335795879364,237.76922607421875,0.0126953125,0.0029296875
moving_labels,8900,train,2.745980056774441,12.785054406989294,13.640722604924154,2.7294640460545216,5.096130752563748,2.8286063443111162,2.66078918618684,5.096130752563748,230.09441065113373,1.8441165090003189,36.38652801513672,8.769274711608887,18.915294647216797,9.113337516784668,17.61772346496582,18.73260498046875,148.33090209960938,337.6939392089844,0.88671875,0.0048828125
moving_labels,8900,heldout,2.7042313480466493,11.913344504682632,12.966853127723414,2.6940743583344737,5.096422873615928,2.855293527072668,2.5442156437246664,5.096422873615928,231.27785278582664,1.7457434996677008,36.374794006347656,8.92930793762207,18.900714874267578,9.381731033325195,17.742591857910156,18.766544342041016,152.2062225341797,336.1112365722656,0.8935546875,0.0029296875
online,8900,train,0.4595843037298883,6.283690425287566,6.335144574149305,0.3813724293384058,3.689947812143584,0.32131224172191425,0.564972484099368,3.689947812143584,24.61636573980815,0.36549690619418046,13.831986427307129,1.1116857528686523,6.134868144989014,0.6808556318283081,2.9348130226135254,5.730584621429443,52.222999572753906,138.64515686035156,0.901123046875,0.0048828125
online,8900,heldout,0.4192479498430479,6.154442070797733,6.20123830186873,0.3749439526327018,3.485784739699939,0.3269149073520343,0.4946355529541002,3.485784739699939,23.56918061609411,0.35205199997648123,13.831984519958496,1.0908349752426147,6.1284894943237305,0.6488982439041138,2.9618358612060547,5.791125774383545,53.859375,139.77096557617188,0.91162109375,0.0029296875
fixed_labels,9000,train,0.4042604879035482,0.4042604879035482,0.0,0.22989994435043445,4.764253750038258,0.00013410499869290947,0.5717106489963949,4.764253750038258,37.85652199944233,0.5172353989333506,9.33057975769043,0.006629470270127058,1.7451521158218384,7.098540663719177e-05,0.0009246562840417027,0.041601818054914474,1.0974762439727783,240.00672912597656,0.012939453125,0.0048828125
fixed_labels,9000,heldout,0.5131099462729167,0.5131099462729167,0.0,0.39297963902280103,6.108040901260917,0.00013086094146079098,0.7256470332081603,6.108040901260917,31.451607875112966,0.5065527973204789,8.304336547851562,0.0032828981056809425,1.7451814413070679,6.992735143285245e-05,0.0009069129591807723,0.015069876797497272,0.6819406151771545,237.90736389160156,0.01220703125,0.0029296875
moving_labels,9000,train,3.3459642676062757,14.186821180931721,15.45250761328358,3.3257655708012877,6.217685699462891,3.5300525913720926,3.1511398671501683,6.217685699462891,257.1917629413204,1.84319200580517,37.987876892089844,9.829479217529297,20.573619842529297,10.472935676574707,19.50167465209961,20.391206741333008,176.62899780273438,390.684326171875,0.89111328125,0.0048828125
moving_labels,9000,heldout,3.316644202714051,13.312889780147435,14.798418302577518,3.3043668120567666,6.2181505447354075,3.559706360041405,3.0542999468084697,6.2181505447354075,258.7434741445566,1.7319188559908265,37.98316955566406,10.021029472351074,20.571109771728516,10.795490264892578,19.634138107299805,20.40404510498047,181.36727905273438,390.582763671875,0.89794921875,0.0029296875
online,9000,train,0.4411296198650285,6.2928407124044865,6.353173092948887,0.3570600786789291,3.7242820472316,0.3199785885842848,0.5355412083977648,3.7242820472316,21.60091372662884,0.24695831381115627,13.812002182006836,1.0697555541992188,5.6245903968811035,0.7526246309280396,2.429717540740967,5.199448108673096,52.926456451416016,140.53265380859375,0.89794921875,0.0048828125
online,9000,heldout,0.3946241617342264,6.172972503093856,6.22626282130346,0.3456966537000847,3.533171400579702,0.31815322154682535,0.45851388819561223,3.533171400579702,20.533222584560164,0.2379985083765748,13.811986923217773,1.0348529815673828,5.5804901123046875,0.6995850801467896,2.419131278991699,5.235681533813477,54.57255172729492,141.28358459472656,0.9052734375,0.0029296875
fixed_labels,9100,train,0.40144190849169026,0.40144190849169026,0.0,0.25564285899734507,4.436853770923412,0.00010635664385649401,0.5677245815315429,4.436853770923412,42.20680299533528,0.5706092653570267,10.244718551635742,0.006821184419095516,1.8425925970077515,6.190491694724187e-05,0.0009048582869581878,0.06340458989143372,1.1624268293380737,245.83143615722656,0.01318359375,0.0048828125
fixed_labels,9100,heldout,0.5242857489591088,0.5242857489591088,0.0,0.4174232780070183,5.875692316754491,0.00010332096820849142,0.7414520095380448,5.875692316754491,34.36013427040138,0.5499290506969751,9.40173625946045,0.0031825678888708353,1.837470293045044,6.240326911211014e-05,0.0008725863299332559,0.012602751143276691,0.7136300206184387,249.11212158203125,0.01220703125,0.0029296875
moving_labels,9100,train,3.7532354438768376,16.214541755354293,17.577522236027555,3.732901153683723,6.716419219970703,3.9847964511568446,3.5064155254610854,6.716419219970703,300.14046164120464,2.356525281479061,41.17888641357422,11.522516250610352,23.63306427001953,12.357608795166016,22.62335205078125,23.481399536132812,221.15924072265625,478.79449462890625,0.896240234375,0.0048828125
moving_labels,9100,heldout,3.6928842387388614,15.305497985150321,16.95091337823727,3.6803373847212835,6.717282257811047,3.9987398232937514,3.359295733789518,6.717282257811047,303.13958692357585,2.25794608643636,41.17754364013672,11.757410049438477,23.637889862060547,12.663309097290039,22.813627243041992,23.492834091186523,227.12051391601562,478.7351379394531,0.9013671875,0.0029296875
online,9100,train,0.4261613318334428,6.342689438238219,6.411901767128314,0.3376638785853944,3.736013607673233,0.3266318318292102,0.5064964046624636,3.736013607673233,21.486528021980885,0.1760562579147885,13.804548263549805,1.1008206605911255,5.103846073150635,0.8307364583015442,2.4531826972961426,4.655498504638672,55.246795654296875,146.6428985595703,0.889892578125,0.0048828125
online,9100,heldout,0.37862796688082795,6.232615159937215,6.293600428573521,0.3257252632838132,3.5811903779021055,0.32268128770120136,0.42731143347225475,3.5811903779021055,20.71952616933946,0.1733539820605095,13.804510116577148,1.0756020545959473,5.040719985961914,0.7979726195335388,2.4847540855407715,4.698256015777588,56.968162536621094,147.06521606445312,0.89453125,0.0029296875
fixed_labels,9200,train,0.40205523737200266,0.40205523737200266,0.0,0.2493804174761172,4.5200832282484,0.0001186372611362858,0.5685919571377308,4.5200832282484,42.28041109375197,0.5582406726059274,10.047737121582031,0.0067680650390684605,1.8586113452911377,6.744752317899838e-05,0.0009371972410008311,0.062276892364025116,1.159845232963562,248.56114196777344,0.012939453125,0.0048828125
fixed_labels,9200,heldout,0.5204695897239853,0.5204695897239853,0.0,0.41090466924771885,5.916124217715909,0.00011551337453149966,0.7360551435263307,5.916124217715909,34.43459798426394,0.5404906124292864,9.277994155883789,0.0031616699416190386,1.8569005727767944,6.77855423418805e-05,0.0009043670143000782,0.009693593718111515,0.7168271541595459,251.54151916503906,0.01123046875,0.0029296875
moving_labels,9200,train,4.311218084085216,18.167445442872623,19.93975993455867,4.279487649637283,8.61044692993164,4.620508298171698,3.977952463719658,8.61044692993164,330.92342434327634,2.415788882290499,42.45619201660156,12.744857788085938,25.62282943725586,13.94383716583252,24.618579864501953,25.43086814880371,264.7926940917969,560.26513671875,0.896484375,0.0048828125
moving_labels,9200,heldout,4.2406582461419875,17.34001900435929,19.371129597215496,4.221150545505472,8.611745059711305,4.62497145638127,3.8178532906337024,8.611745059711305,333.58185627373933,2.3838518116444734,42.45590591430664,12.977947235107422,25.626651763916016,14.359125137329102,24.735090255737305,25.478496551513672,271.123779296875,560.1226806640625,0.90283203125,0.0029296875
online,9200,train,0.4187461107162565,6.3992167599896765,6.498282247604228,0.33334927797480046,3.642076615285028,0.3406729486382415,0.484395037697651,3.642076615285028,24.748128760883493,0.1934065786239636,13.714729309082031,1.2136037349700928,4.6181511878967285,0.9721901416778564,2.8449769020080566,4.110383987426758,59.64044189453125,157.16448974609375,0.877197265625,0.0048828125
online,9200,heldout,0.3737476517506056,6.298161604824327,6.390489595019625,0.32139163696049083,3.5392124351337073,0.3344979393528575,0.4092502204603878,3.5392124351337073,24.49710601766025,0.19316837397125297,13.714679718017578,1.2087349891662598,4.556655406951904,0.9988766312599182,2.746631622314453,4.174281597137451,61.519134521484375,157.37217712402344,0.8837890625,0.0029296875
fixed_labels,9300,train,0.40008722256698415,0.40008722256698415,0.0,0.24670096725588514,4.514282385819303,9.693385778321927e-05,0.5658087679831006,4.514282385819303,39.94153090829002,0.5555759044180346,10.035210609436035,0.006847426760941744,1.8472163677215576,5.8611552958609536e-05,0.0009514616103842854,0.03821609169244766,1.143206000328064,257.1362609863281,0.0126953125,0.0048828125
fixed_labels,9300,heldout,0.524217875766393,0.524217875766393,0.0,0.4139571643013218,5.9565253108331095,9.414957657965939e-05,0.7413560235689166,5.9565253108331095,33.07902399354523,0.53781980683912,8.842488288879395,0.0034381861332803965,1.784494400024414,5.926857556914911e-05,0.0009042666642926633,0.0183643139898777,0.701460063457489,255.2557830810547,0.0126953125,0.0029296875
moving_labels,9300,train,4.859010740916555,20.311442717787873,22.48626852169874,4.821636365498365,9.866432189941406,5.300142116496736,4.373609985540824,9.866432189941406,361.4983330582168,2.503558426693885,44.48822021484375,13.904317855834961,27.87847328186035,15.303291320800781,26.709217071533203,27.653528213500977,313.26153564453125,659.5121459960938,0.896728515625,0.0048828125
moving_labels,9300,heldout,4.789325865377666,19.561281857961465,21.98825172538476,4.766427819340128,9.869413768035752,5.288359903942034,4.2318475889295994,9.869413768035752,362.7989617624476,2.5423140885337863,44.48816680908203,14.099048614501953,27.893505096435547,15.596648216247559,26.804088592529297,27.69457244873047,319.061767578125,658.70556640625,0.904296875,0.0029296875
online,9300,train,0.43674001046252914,6.566577108661191,6.611564792381047,0.34973185539794555,3.759875931398011,0.38605523546878084,0.48212553203990793,3.759875931398011,29.940905409819628,0.24024054198297873,13.850526809692383,1.3887689113616943,4.738499641418457,1.132250428199768,3.230229377746582,4.048741817474365,65.41725158691406,170.0400848388672,0.869140625,0.0048828125
online,9300,heldout,0.3940380786358489,6.462915312824919,6.509914591163076,0.34067512949762785,3.674034898842775,0.37935720467073464,0.4081912861569551,3.674034898842775,30.086308146007216,0.23649763629484497,13.850481033325195,1.4004379510879517,4.4395527839660645,1.2143510580062866,3.1481268405914307,4.013272285461426,67.54254913330078,170.63021850585938,0.873046875,0.0029296875
fixed_labels,9400,train,0.4037756756440616,0.4037756756440616,0.0,0.27814847084641886,4.1978826723140115,7.881560463198006e-05,0.5710250312129383,4.1978826723140115,44.50324105885036,0.6192474985091326,11.094758987426758,0.007178964093327522,1.9172048568725586,4.981832898920402e-05,0.0008929147152230144,0.06577771157026291,1.210797905921936,260.5201110839844,0.013427734375,0.0048828125
fixed_labels,9400,heldout,0.5415654843924768,0.5415654843924768,0.0,0.44320337403628274,5.767089544864576,7.648060738934435e-05,0.7658892491223732,5.767089544864576,35.9569139764863,0.5892150903167327,10.16571044921875,0.0033428987953811884,1.8462445735931396,5.098993278807029e-05,0.0008543294970877469,0.02207660675048828,0.7288375496864319,259.9608154296875,0.013671875,0.0029296875
moving_labels,9400,train,5.572104567631399,22.18378656203936,24.93451980607835,5.539503594410836,10.240837097167969,6.217171110854222,4.841846962017394,10.240837097167969,383.1714171726562,2.2887714428550296,46.59674835205078,14.66087532043457,29.650867462158203,15.881038665771484,28.380949020385742,29.427331924438477,354.68768310546875,750.3834838867188,0.895751953125,0.0048828125
moving_labels,9400,heldout,5.508450482328354,21.496517161124753,24.49075051164386,5.488502622622034,10.246974140622276,6.188090865545923,4.732186056388112,10.246974140622276,382.7498591892172,2.3823606534659496,46.59673309326172,14.806241989135742,29.62929916381836,16.169801712036133,28.370361328125,29.39917755126953,359.4837646484375,750.4006958007812,0.90234375,0.0029296875
online,9400,train,0.46594630552018357,6.672891281170079,6.770574774374749,0.3929135024063997,3.605613481742661,0.43721548666721,0.4930056160675771,3.605613481742661,37.82288074576397,0.3445461627959155,13.725433349609375,1.6640334129333496,5.663102626800537,1.3946839570999146,3.787898540496826,4.842078685760498,74.12773132324219,187.7052459716797,0.855224609375,0.0048828125
online,9400,heldout,0.44259797244800136,6.566406633958595,6.670664450656645,0.3997248385984729,3.5336039633413203,0.43234376686062953,0.45261992630343306,3.5336039633413203,38.34240763889462,0.33942187174438765,13.725395202636719,1.6931977272033691,5.337339401245117,1.5307058095932007,3.7224369049072266,4.783036708831787,76.64425659179688,188.6879119873047,0.86376953125,0.0029296875
fixed_labels,9500,train,0.4020624370369461,0.4020624370369461,0.0,0.23513583951739442,4.673212015983847,0.00011160163379703942,0.5686021404261963,4.673212015983847,41.0063179742067,0.5349357265664121,9.786895751953125,0.0067828684113919735,1.8785247802734375,6.71536399750039e-05,0.001026322366669774,0.04106130823493004,1.163445234298706,252.56776428222656,0.012939453125,0.0048828125
fixed_labels,9500,heldout,0.5248420599108191,0.5248420599108191,0.0,0.4117107612254244,6.0278475064200325,0.00010853254549431078,0.7422387512947234,6.0278475064200325,34.687034896743164,0.5285654935046147,8.776551246643066,0.003165996167808771,1.9117357730865479,6.887417112011462e-05,0.000994094298221171,0.008128035813570023,0.7309627532958984,258.2372131347656,0.01025390625,0.0029296875
moving_labels,9500,train,5.931232167802066,24.29322184622273,27.221421963127504,5.902069579002476,10.271747589111328,6.630543623450162,5.137598788759628,10.271747589111328,404.0727764794642,2.394951442063827,49.259944915771484,15.33955192565918,31.518787384033203,16.247371673583984,30.120376586914062,31.21480941772461,401.9171142578125,861.618408203125,0.888427734375,0.0048828125
moving_labels,9500,heldout,5.840869338872473,23.712730381850044,26.838923966902936,5.822826777079132,10.282825875025454,6.583049674535716,4.989485569691159,10.282825875025454,400.91768120986734,2.555877001529641,49.259944915771484,15.390493392944336,31.522159576416016,16.40729522705078,30.021228790283203,31.182554244995117,404.38055419921875,861.1010131835938,0.89990234375,0.0029296875
online,9500,train,0.5288081958757095,6.872558465909388,7.00537794841825,0.47122260919473963,3.4664019097826047,0.5214255831326811,0.5360891505201247,3.4664019097826047,47.47966729221605,0.458394056331825,14.083130836486816,2.018099546432495,6.783532619476318,1.730707049369812,4.683014392852783,5.832223415374756,85.23687744140625,210.58030700683594,0.849853515625,0.0048828125
online,9500,heldout,0.5222852202356465,6.765550783458256,6.906439855385756,0.4885231839969125,3.447799369520731,0.5195372749832043,0.5250187829556402,3.447799369520731,48.333312194749375,0.4486477831952559,14.175413131713867,2.064225196838379,6.4362053871154785,1.8429696559906006,4.593595504760742,5.818024635314941,88.25584411621094,212.05238342285156,0.8603515625,0.0029296875
fixed_labels,9600,train,0.3989579353519778,0.3989579353519778,0.0,0.24139913489760037,4.5520701437274385,9.666877001869345e-05,0.5642117147098018,4.5520701437274385,41.06644203424281,0.5512667650171864,10.073393821716309,0.00687644025310874,1.9105180501937866,6.079727245378308e-05,0.0010318099521100521,0.03661166876554489,1.1767454147338867,264.7650451660156,0.012939453125,0.0048828125
fixed_labels,9600,heldout,0.5261260785062915,0.5261260785062915,0.0,0.41582676767168203,5.96961772837528,9.387006232642894e-05,0.7440546298204375,5.96961772837528,34.809118985973214,0.5380313092288336,8.893197059631348,0.003377701621502638,1.8916699886322021,6.246741395443678e-05,0.0009868245106190443,0.013219159096479416,0.7334690690040588,262.03582763671875,0.0126953125,0.0029296875
moving_labels,9600,train,6.450710075045654,26.116952233756564,29.452938150033347,6.422390760871805,10.76607894897461,7.292310016238054,5.481380808853292,10.76607894897461,417.819310811572,2.2095875940867504,50.99838638305664,15.752660751342773,32.84806442260742,16.57332420349121,31.30279541015625,32.537681579589844,441.1823425292969,957.1502075195312,0.8828125,0.0048828125
moving_labels,9600,heldout,6.323124687133833,25.63665944374877,29.129793247832517,6.30541858629935,10.774098964516865,7.2273073429872134,5.265913044106007,10.774098964516865,412.06806967945,2.337069979761903,50.99838638305664,15.70182991027832,32.79819869995117,16.506534576416016,31.121505737304688,32.4858512878418,440.77545166015625,957.7357177734375,0.896484375,0.0029296875
online,9600,train,0.6061046993289926,7.276777164138999,7.334927460024006,0.5541961608585779,3.5555786388708337,0.6237367673134001,0.5879440944501495,3.5555786388708337,57.716203322543464,0.6122389578135853,16.347333908081055,2.4269630908966064,8.018915176391602,2.008904218673706,5.60360050201416,6.985348224639893,98.88188934326172,242.62034606933594,0.845458984375,0.0048828125
online,9600,heldout,0.606048283538704,7.159325345091747,7.233962549114334,0.5750853411874264,3.5796300887314154,0.6258534640141916,0.5855736380181876,3.5796300887314154,58.90092447739201,0.592225075496376,16.39815902709961,2.4875385761260986,7.672499656677246,2.200390577316284,5.518662452697754,6.936507701873779,102.59880065917969,240.81175231933594,0.85546875,0.0029296875
fixed_labels,9700,train,0.40138988935591224,0.40138988935591224,0.0,0.2300911430786659,4.712382510879487,0.00010709320699964933,0.5676510152244493,4.712382510879487,40.80537874911095,0.5280360415109575,9.736248970031738,0.0066591836512088776,1.8719888925552368,6.876610859762877e-05,0.0010984279215335846,0.036110542714595795,1.1653026342391968,253.84002685546875,0.013671875,0.0048828125
fixed_labels,9700,heldout,0.5197625387796809,0.5197625387796809,0.0,0.40434376276167255,6.047300254590495,0.00010400861839689712,0.7350552241972069,6.047300254590495,34.840157343190604,0.5204447686592745,8.674479484558105,0.0031411289237439632,1.8760461807250977,7.088994607329369e-05,0.0010578347137197852,0.007634203881025314,0.7355976700782776,258.6909484863281,0.009765625,0.0029296875
moving_labels,9700,train,6.795597353531633,28.18997387678707,31.627656229260122,6.771449230957125,10.627738952636719,7.704235805821005,5.745001081893531,10.627738952636719,436.12324480589655,2.3330057460625073,53.49974822998047,16.31661605834961,34.74978256225586,16.7142333984375,32.941200256347656,34.383880615234375,485.25091552734375,1071.8218994140625,0.87744140625,0.0048828125
moving_labels,9700,heldout,6.632825723688433,27.791807706657284,31.34972138492343,6.617945872585846,10.540290939449227,7.621054932962007,5.468845935882765,10.540290939449227,428.2447781901757,2.443345177826604,53.49974822998047,16.169286727905273,34.750152587890625,16.496593475341797,32.778385162353516,34.40742111206055,481.7532653808594,1072.552734375,0.89599609375,0.0029296875
online,9700,train,0.7295708403503632,7.614880904258909,7.811846525156584,0.694010977107867,3.293799262823699,0.7603017269144496,0.6974872803356174,3.293799262823699,73.56100136802625,0.795885634342996,19.265676498413086,3.0602974891662598,9.641586303710938,2.4924726486206055,7.052852630615234,8.587715148925781,117.3141860961914,280.8401184082031,0.837890625,0.0048828125
online,9700,heldout,0.7457467557696619,7.490709070827086,7.707457491388811,0.7267487689631865,3.174393836323849,0.7678164358137713,0.7230037125604462,3.174393836323849,75.26831990957002,0.7700862045920484,19.279417037963867,3.142630100250244,9.338844299316406,2.8090789318084717,6.968251705169678,8.546951293945312,121.98631286621094,279.006591796875,0.85009765625,0.0029296875
fixed_labels,9800,train,0.3979796365929665,0.3979796365929665,0.0,0.2516454072958856,4.419513645362631,0.00010209621142551355,0.5628281903580372,4.419513645362631,42.513332443408025,0.5728040886159147,10.48968505859375,0.006734610069543123,1.8498725891113281,6.712928734486923e-05,0.0011432003229856491,0.056981369853019714,1.187808871269226,262.9814758300781,0.014404296875,0.0048828125
fixed_labels,9800,heldout,0.5197608180380663,0.5197608180380663,0.0,0.41197228001175956,5.869401886372946,9.916634398915321e-05,0.735052791370277,5.869401886372946,35.05712431874967,0.5466558524842904,9.459474563598633,0.003260748228058219,1.7878869771957397,6.962563202250749e-05,0.001094216131605208,0.015907708555459976,0.7294737100601196,259.25579833984375,0.01416015625,0.0029296875
moving_labels,9800,train,7.157191645884888,30.39820022323674,33.756525505992954,7.140809171827139,9.948005676269531,8.057784455903128,6.12559337322147,9.948005676269531,448.57383879184636,2.6028633318459713,56.29656219482422,16.597434997558594,36.19850158691406,16.636945724487305,34.11426544189453,35.79098892211914,529.1563720703125,1194.43798828125,0.87255859375,0.0048828125
moving_labels,9800,heldout,6.9754971494946965,30.061827678935156,33.498742381110276,6.96752922591374,9.298793585476629,7.961922633406333,5.824337640012744,9.298793585476629,439.10779838230496,2.7050148865811634,56.296531677246094,16.384109497070312,36.122413635253906,16.166793823242188,33.85078811645508,35.718990325927734,522.9298095703125,1194.632080078125,0.89599609375,0.0029296875
online,9800,train,0.9102443199338819,8.367771927860204,8.48449362138303,0.8639873929865929,4.189810734863708,0.9288206562988933,0.891280894205796,4.189810734863708,90.93086609338377,0.9747816693012193,21.89487648010254,3.779149293899536,11.363775253295898,3.3042397499084473,8.506547927856445,10.270076751708984,139.45428466796875,323.9741516113281,0.835205078125,0.0048828125
online,9800,heldout,0.9353022124200715,8.225856003276098,8.37541884925803,0.9170488578656264,3.5188083005781965,0.9366477893225875,0.9339546969060494,3.5188083005781965,93.28111497964058,0.9499980077201625,21.887779235839844,3.8909552097320557,11.219696044921875,3.699894905090332,8.391457557678223,10.351217269897461,145.4978790283203,324.5234375,0.8486328125,0.0029296875
fixed_labels,9900,train,0.39742062135735234,0.39742062135735234,0.0,0.24843448454733225,4.44615381212466,0.00010475457184596535,0.5620376229280454,4.44615381212466,42.80940531931537,0.5634875291820292,10.220468521118164,0.0069593396037817,1.8482612371444702,7.512476440751925e-05,0.0012367069721221924,0.047937799245119095,1.186355471611023,257.6767578125,0.014892578125,0.0048828125
fixed_labels,9900,heldout,0.5216506264209051,0.5216506264209051,0.0,0.41412825454702334,5.874988891358262,0.00010146892342289061,0.7377253837266975,5.874988891358262,35.793842067581586,0.5451288789052835,9.340116500854492,0.003205712419003248,1.9006578922271729,7.705590542173013e-05,0.0012007259065285325,0.010998125188052654,0.7343389987945557,261.7792053222656,0.01220703125,0.0029296875
moving_labels,9900,train,7.204599094393916,32.27754133026798,35.87448937989747,7.177319144702639,11.483237075805988,8.167609776760317,6.091194197893591,11.483237075805988,453.90880895951904,2.429649764815185,57.24476623535156,16.64621925354004,37.33806610107422,16.237655639648438,35.039215087890625,37.073081970214844,567.0879516601562,1316.4083251953125,0.86865234375,0.0048828125
moving_labels,9900,heldout,7.028581886339826,32.03479815035318,35.628313782397484,7.004378817662535,12.844921909826358,8.078107747551222,5.791899678423441,12.844921909826358,442.58281632535125,2.5643096422308536,57.244720458984375,16.34922218322754,37.35374450683594,15.1468505859375,34.76396942138672,36.65807342529297,556.9471435546875,1315.8387451171875,0.89501953125,0.0029296875
online,9900,train,1.1465182607064839,9.267866944046578,9.426373264687951,1.0503152050669944,6.6622835799716205,1.1453315857998942,1.1477037086443267,6.6622835799716205,114.40657327516912,1.2589393415006127,25.03441619873047,4.751660346984863,13.467416763305664,4.3928117752075195,10.443168640136719,12.51492977142334,166.1475067138672,379.26983642578125,0.83154296875,0.0048828125
online,9900,heldout,1.1308615735379168,9.103577124404435,9.314854561896704,1.107201239014759,4.393247778722684,1.1593316883092413,1.1016559505995283,4.393247778722684,117.02301742016381,1.2125163636094152,25.006145477294922,4.904828071594238,13.612565994262695,4.837851047515869,10.421407699584961,12.559914588928223,173.9009552001953,382.9367370605469,0.84521484375,0.0029296875
fixed_labels,10000,train,0.3967940878630331,0.3967940878630331,0.0,0.25002959973126104,4.41637089391508,9.912604514505948e-05,0.5611515717701769,4.41637089391508,42.72732733320032,0.5667249317684442,10.277698516845703,0.007011879235506058,1.8476247787475586,7.383851334452629e-05,0.0012613446451723576,0.040686845779418945,1.1869498491287231,260.07110595703125,0.015380859375,0.0048828125
fixed_labels,10000,heldout,0.522669605143597,0.522669605143597,0.0,0.4158827735623169,5.863710744178918,9.585000851473666e-05,0.7391664380196811,5.863710744178918,35.78319332401204,0.5472002744965784,9.356612205505371,0.003242023289203644,1.8965383768081665,7.449425174854696e-05,0.0012148794485256076,0.011599846184253693,0.7335398197174072,260.96856689453125,0.013671875,0.0029296875
moving_labels,10000,train,7.66255408608493,34.07847447258488,38.01109080915338,7.638149888677906,11.610940551759843,8.77670082710769,6.356020204168714,11.610940551759843,462.5606580449145,2.1228016408723294,58.99788284301758,16.806270599365234,38.73460006713867,15.848657608032227,36.119468688964844,38.347503662109375,601.5562744140625,1429.0716552734375,0.866455078125,0.0048828125
moving_labels,10000,heldout,7.5403103942831,33.892829469353195,37.76265959051567,7.449967887340897,22.754249478311866,8.684701167292419,6.187772403627757,22.754249478311866,450.64865986687107,2.305005981747822,58.996700286865234,16.458255767822266,38.69058609008789,14.984642028808594,35.87220001220703,37.95540237426758,588.7772216796875,1429.2900390625,0.892578125,0.0029296875
online,10000,train,1.4837201524683783,10.621685572934732,10.713218598776757,1.309891718611215,10.058259075600366,1.3909229855569099,1.571045584930949,10.058259075600366,139.88973466214063,1.582267364384511,27.78486442565918,5.80672550201416,16.074874877929688,5.58055305480957,12.466758728027344,14.767038345336914,199.23992919921875,446.6839294433594,0.832763671875,0.0048828125
online,10000,heldout,1.4375371319761652,10.43786663382222,10.603009894129968,1.3877264322293852,7.068314027563107,1.4064641879610833,1.4679524854720225,7.068314027563107,142.56170449045482,1.54242014343953,27.756549835205078,6.008067607879639,16.034587860107422,6.058307647705078,12.422235488891602,14.887389183044434,209.21424865722656,455.36767578125,0.84619140625,0.0029296875
