rollout/acrobot_xk_applied_torque,rollout/acrobot_xk_elbow_norm,rollout/acrobot_xk_elbow_rate_norm,rollout/acrobot_xk_energy_error_norm,rollout/acrobot_xk_homoclinic_capture,rollout/acrobot_xk_lyapunov,rollout/acrobot_xk_lyapunov_rate,time/fps,time/time_elapsed,time/total_timesteps,train/learning_rate,train/actor_loss,train/alpha,train/alpha_loss,train/critic_loss,train/fraction,train/n_updates,rollout/ep_len_mean,rollout/ep_rew_mean,eval/best_strict_capture_mean_max_duration,eval/best_strict_capture_success_rate,eval/mean_ep_length,eval/mean_reward,eval/std_reward,eval/strict_capture_mean_max_duration,eval/strict_capture_success_rate
0.05138813796627807,0.01292989803650534,-0.0038056873789987632,-0.9971755002595099,0.0,1208.1390732318168,56.965497507335215,2139,0,2000,0.0003,,,,,,,,,,,,,,,
-0.27061694970165273,-0.00885026053415546,0.08205819565147318,-0.9906047564672069,0.0,1213.1010870555456,9.438935538923216,2151,1,4000,0.0003,,,,,,,,,,,,,,,
0.3472848033995523,-0.012881818464468345,0.038856941128767045,-0.9865293999759063,0.0,1239.8396131948605,-3.560226744919507,2154,2,6000,0.0003,,,,,,,,,,,,,,,
0.3695235054283698,0.012869882395837907,-0.06821346030904782,-0.9817192541513834,0.0,1234.205938208572,128.09990268696592,2153,3,8000,0.0003,,,,,,,,,,,,,,,
-0.08874563675432005,0.006886427757158542,-0.12634456166771565,-0.9827398778776387,0.0,1223.021400439426,-47.2017851297698,1552,6,10000,0.0003,-0.03336212784051895,1.0,-0.0,2996049.25,67.38832092285156,1,,,,,,,,,
-0.6813315355777739,-0.019413660237106705,-0.004018629408536198,-0.9944189053441921,0.0,1210.5655255162997,-7.411434440009257,173,69,12000,0.0003,35747.81640625,1.4883660078048706,-0.5071230530738831,88237.546875,978.9769897460938,2001,,,,,,,,,
-4.274894018769266,-0.23024907551071938,-0.13816228760260868,-0.9638162917485402,0.0,1139.9494396402604,-110.1554354660211,104,134,14000,0.0003,98435.609375,2.382830858230591,-0.9361576437950134,20092.17578125,872.822998046875,4001,,,,,,,,,
-7.019889339208601,-0.41749448244908005,-0.13143049931403272,-0.8936808614335924,0.0,1019.6360677536002,-136.887630785527,80,199,16000,0.0003,141205.0,3.9131784439086914,-1.2318980693817139,54536.4375,1311.6568603515625,6001,,,,,,,,,
-8.763309168219559,-0.5904939883840941,-0.0956473622691684,-0.8067107966397008,0.0,891.4961191522423,-107.84276805288876,68,264,18000,0.0003,161629.125,7.555929660797119,-2.4313266277313232,486092.84375,7060.09814453125,8001,,,,,,,,,
-9.824638313651095,-0.6659068059060874,-0.019270107034876874,-0.7625745282606436,0.0,832.2585614537101,-20.64852474714969,60,329,20000,0.0003,168900.65625,12.49193286895752,-1.4843493700027466,408118.71875,4211.4208984375,10001,,,,,,,,,
-10.593222549557687,-0.790255049980164,-0.1574636465214604,-0.6796993250656255,0.0,757.0701258694411,-127.32442775857898,55,394,22000,0.0003,170693.046875,21.101045608520508,-1.258496880531311,541805.25,3940.601318359375,12001,,,,,,,,,
-2.2539398062229146,0.25609237483029107,-0.6577072733396118,-0.5193796644126492,0.0,1037.57356753877,1406.5259638438565,52,459,24000,0.0003,175878.21875,26.002105712890625,-0.6803995370864868,1661546.0,9201.58984375,14001,,,,,,,,,
-3.645878098011017,-0.20901321600494818,-0.3412788071892362,-0.935377953258486,0.0,1233.9406091553938,100.21590939703825,49,524,26000,0.0003,190318.046875,37.126739501953125,-0.8557517528533936,2856779.5,5891.67236328125,16001,24153.0,-66356307.385121,,,,,,,
-6.450327635407446,-0.3996639719815984,-0.042676896642540874,-0.9055351418563817,0.0,1035.0413131551677,-43.80923426478728,47,589,28000,0.0003,204193.90625,36.781105041503906,0.34271466732025146,7124603.0,13946.9453125,18001,24153.0,-66356307.385121,,,,,,,
-5.271100773215291,-0.31709984480856757,0.1589875376733083,-0.9299675929172256,0.0,1084.5969033248223,128.78158591273916,45,654,30000,0.0003,221992.265625,61.73687744140625,-2.0799474716186523,12768220.0,13342.8388671875,20001,24153.0,-66356307.385121,,,,,,,
-2.226586197018622,-0.09873080531356317,0.11690256569779255,-0.9813630557837631,0.0,1191.5647872216366,65.29439144321529,44,719,32000,0.0003,222853.0,118.05004119873047,-2.0430352687835693,31981948.0,21358.73046875,22001,24153.0,-66356307.385121,,,,,,,
7.663655273318293,0.30114193026010233,0.5380043912342461,-0.8687428318011599,0.0,1108.1666147799226,-428.57976668766656,43,784,34000,0.0003,190954.265625,259.3701477050781,-6.728209972381592,109490944.0,24596.005859375,24001,24153.0,-66356307.385121,,,,,,,
13.49847510695458,0.04252666975076922,1.2476362305117452,-0.40234018014918893,0.0,1523.0197462575882,8036.6325368596545,42,849,36000,0.0003,138404.578125,458.072509765625,-4.652101516723633,295368832.0,40460.03515625,26001,17570.0,-59644683.253927,,,,,,,
12.376896921396263,0.09120635536849671,1.2444567210750894,-0.40691475111754033,0.0,1704.5568841315612,13383.724827829297,41,914,38000,0.0003,122434.859375,675.4292602539062,-2.453239679336548,202117968.0,38011.80859375,28001,12394.333333333334,-54255012.404872335,,,,,,,
14.107447559237476,0.07696317764186666,1.1509994829545587,-0.33365792366807717,0.0,1406.7928710181454,9450.945985892138,40,979,40000,0.0003,120512.6484375,733.5505981445312,-1.0705759525299072,277669536.0,41251.9375,30001,9942.75,-51577835.82050051,,,,,,,
8.09532761752606,0.38514453217893363,0.4735596100976366,-0.8555414449875525,0.0,1036.0108533331652,-473.0546670817429,40,1044,42000,0.0003,113727.1484375,613.5676879882812,1.3086624145507812,291902112.0,65793.0859375,32001,9942.75,-51577835.82050051,,,,,,,
8.26993404507637,-0.06550636081971337,0.9071237570743244,-0.41846544709495137,0.0,1224.325673880055,2381.039886080869,39,1109,44000,0.0003,124901.90625,451.4916687011719,0.26987388730049133,636632960.0,92739.140625,34001,8694.2,-50095003.124728605,,,,,,,
3.5275662511587145,0.19046260225024245,0.14148380004044794,-0.9719770249888883,0.0,1154.2223239067082,-85.47876659157244,39,1174,46000,0.0003,125053.2578125,545.4376831054688,0.13417474925518036,397593664.0,105781.2109375,36001,8694.2,-50095003.124728605,,,,,,,
5.7620189177989936,0.33009111033610444,0.0516301681772102,-0.9308287501179098,0.0,1074.4906458816554,-50.048405742406246,38,1240,48000,0.0003,124354.375,632.7742919921875,0.32856541872024536,820445312.0,128927.453125,38001,8694.2,-50095003.124728605,,,,,,,
5.090077778100971,0.3212455387870033,-0.07043285743098576,-0.9324525282970564,0.0,1077.729500635797,61.64863116813716,38,1305,50000,0.0003,135141.890625,742.774169921875,-0.5454369783401489,931713664.0,125579.4140625,40001,8694.2,-50095003.124728605,,,,,,,
3.8011187541484777,0.18683038178852576,-0.07941885133482113,-0.9721270946106656,0.0,1148.2158260236245,54.82604120709774,37,1369,52000,0.0003,186088.0,953.397216796875,-0.43169882893562317,1554667776.0,185251.296875,42001,8694.2,-50095003.124728605,,,,,,,
2.1093983775377265,0.11903752961519308,-0.036957801611928624,-0.9861331250635215,0.0,1172.4221317986971,19.798819417982372,37,1434,54000,0.0003,153719.421875,908.993896484375,-1.4057581424713135,1063345920.0,102897.28125,44001,8694.2,-50095003.124728605,,,,,,,
0.5029119533300399,0.03707175282542692,-0.06693908843074198,-0.9918411894088747,0.0,1183.4163194704229,18.47082100138551,37,1498,56000,0.0003,175424.421875,714.5233764648438,0.788185715675354,2011524864.0,180748.0625,46001,8694.2,-50095003.124728605,,,,,,,
-0.2598372340202332,-0.03139898378498606,-0.016130406976463806,-0.9928274504535989,0.0,1184.339809453548,11.081786130571052,37,1563,58000,0.0003,187233.0625,574.6976928710938,-0.6764236092567444,2000823808.0,180569.15625,48001,8694.2,-50095003.124728605,,,,,,,
-0.6442803484201431,-0.016508249150646328,0.03196445170507283,-0.9924976350568425,0.0,1190.9458525064588,30.735899332781614,36,1627,60000,0.0003,140670.84375,405.4927978515625,0.3208984136581421,1963225856.0,316843.96875,50001,8694.2,-50095003.124728605,,,,,,,
-1.6611555159091969,-0.0915589713518448,-0.11544570980520087,-0.9863508032680948,0.0,1177.1735819905502,-37.324576871274566,36,1692,62000,0.0003,145806.96875,321.9661865234375,0.949844241142273,1757762944.0,293121.25,52001,8694.2,-50095003.124728605,,,,,,,
-3.6257693558931323,-0.20793933222984481,-0.0988231490362179,-0.9666931932412959,0.0,1140.62054880808,-56.56008553852184,36,1757,64000,0.0003,217787.65625,254.43875122070312,0.6571233868598938,3848497152.0,420250.375,54001,8694.2,-50095003.124728605,,,,,,,
-6.279796580672268,-0.3597608919987588,-0.05050156821853224,-0.9184841512386225,0.0,1054.150260905272,-54.37014389909853,36,1822,66000,0.0003,209935.171875,213.447509765625,0.9077128171920776,3826913280.0,445266.0,56001,8694.2,-50095003.124728605,,,,,,,
-6.516353112459179,-0.3778599832148913,-0.020646614525904224,-0.9115793390935398,0.0,1041.2451921847755,-17.059125624143835,36,1888,68000,0.0003,194222.78125,246.2227325439453,-0.44276005029678345,2705768448.0,319010.15625,58001,8694.2,-50095003.124728605,,,,,,,
-7.468548046350478,-0.44645870832907414,-0.04782076944096517,-0.8816239076098746,0.0,994.6345613960905,-52.979636609156195,35,1954,70000,0.0003,233298.28125,293.3605041503906,-0.31498655676841736,3994375680.0,600843.4375,60001,8694.2,-50095003.124728605,,,,,,,
-7.886210950613023,-0.46283860980662184,0.00920452675063654,-0.8738401945425477,0.0,981.7116377986418,11.717084882261672,35,2021,72000,0.0003,230723.421875,315.63763427734375,-0.5986973643302917,4078177792.0,416211.59375,62001,8694.2,-50095003.124728605,,,,,,,
-7.848055690526962,-0.4988791050169157,-0.04014380685879452,-0.8565065509921104,0.0,957.4187472541648,-41.207358332399856,35,2088,74000,0.0003,304794.5,384.6186828613281,-0.6202252507209778,10589646848.0,811431.6875,64001,8694.2,-50095003.124728605,,,,,,,
-8.307050530314427,-0.49592507999595364,0.03505261784207182,-0.8595074229916012,0.0,962.0004104968314,41.7640025102172,35,2156,76000,0.0003,360270.8125,453.8275451660156,-0.8259549140930176,8285744128.0,549239.6875,66001,8694.2,-50095003.124728605,,,,,,,
-8.153405955433842,-0.4977029613099021,-0.06037251137181087,-0.8588862179589494,0.0,963.0900159258968,-64.8835046740311,35,2223,78000,0.0003,365161.28125,563.8196411132812,-0.17704927921295166,17530028032.0,1395560.875,68001,8694.2,-50095003.124728605,,,,,,,
-8.661322841048227,-0.5597640951540036,0.0086002953586308,-0.8272819614324556,0.0,916.6005453747624,10.2359505289608,34,2291,80000,0.0003,382344.65625,682.355224609375,1.0158535242080688,11981860864.0,751122.375,70001,8694.2,-50095003.124728605,,,,,,,
-8.91358117878432,-0.5503151456379528,-0.02451550807824399,-0.8327345955735338,0.0,924.5922550602718,-27.23341878896024,34,2359,82000,0.0003,733097.4375,859.61328125,-0.811799168586731,98630746112.0,3218592.5,72001,8694.2,-50095003.124728605,,,,,,,
-7.529432942271235,-0.4643189943601477,-0.15135666560265693,-0.848762027536083,0.0,981.2864091421392,9.123131518421571,34,2427,84000,0.0003,459884.125,1127.0189208984375,-0.6427115797996521,87362797568.0,1641763.75,74001,13911.833333333334,-48834049.29407367,,,,,,,
-6.387547843456266,-0.4034385435630279,-0.23234313054772732,-0.8892914265135207,0.0,1030.3239960486114,-305.1227043907013,34,2496,86000,0.0003,547108.0,1461.3209228515625,-0.7406289577484131,143855583232.0,2215877.5,76001,13911.833333333334,-48834049.29407367,,,,,,,
-8.40680986762044,-0.6050624436218411,-0.1035075717588861,-0.7938627438755467,0.0,873.1398330086186,-105.11910631575554,34,2565,88000,0.0003,1151671.375,1859.8350830078125,-0.2693752646446228,442838286336.0,6032116.0,78001,13911.833333333334,-48834049.29407367,,,,,,,
-9.442256686091442,-0.5973371025616406,0.06747312617267714,-0.8022054554234112,0.0,885.7640839820334,80.0957807024697,34,2635,90000,0.0003,977958.625,2346.496826171875,-0.3661099970340729,421614256128.0,3829461.0,80001,13911.833333333334,-48834049.29407367,,,,,,,
-8.658995561599742,-0.5881251785697349,-0.012779108402188412,-0.8108294824719138,0.0,894.0662602209189,-14.057273440412951,34,2705,92000,0.0003,1240246.125,2969.804931640625,0.9007779955863953,204572065792.0,2758058.75,82001,13911.833333333334,-48834049.29407367,,,,,,,
-8.882784160375605,-0.5574456959008474,0.0402827688561982,-0.8282416133198247,0.0,918.3101313878913,46.57738085688186,33,2775,94000,0.0003,2068727.5,3281.537841796875,-0.07354158163070679,871459192832.0,7610415.5,84001,13911.833333333334,-48834049.29407367,,,,,,,
-8.72004611551761,-0.530948554491702,-0.00948569988424425,-0.8435165797231348,0.0,939.4812848501173,-10.709466155219195,33,2846,96000,0.0003,2029265.375,3605.494384765625,-0.17100757360458374,496361734144.0,5978672.0,86001,13911.833333333334,-48834049.29407367,,,,,,,
-8.236158170104012,-0.5442952310471731,0.013539734714100284,-0.8361456564690907,0.0,929.1166518075863,15.645918500504848,33,2916,98000,0.0003,3449621.25,3755.798583984375,-0.1818573921918869,3431749648384.0,14990203.0,88001,13911.833333333334,-48834049.29407367,,,,,,,
-8.160308418273946,-0.48288966986346965,0.04753612682688949,-0.8685239331799638,0.0,977.2265394710215,54.01801353771474,,,100000,0.0003,2302048.25,4137.84130859375,0.1205335259437561,1595747598336.0,12931814.0,90000,,,0.0,0.0,40000.0,-39465.58734309119,473.22878968294293,0.0,0.0
,,,,,,,24,4072,100000,0.0003,2780900.25,4137.8017578125,-0.2583851218223572,2289229365248.0,15188415.0,90001,13911.833333333334,-48834049.29407367,,,,,,,
-7.508995889425278,-0.44510608650451106,0.010923638937987317,-0.8878784245738575,0.0,1006.2910955324478,12.090705831194139,24,4141,102000,0.0003,2391160.5,4675.3662109375,-0.054097190499305725,2340322541568.0,17125244.0,92001,13911.833333333334,-48834049.29407367,,,,,,,
-7.1894663876295075,-0.4313890901966058,0.013732403382820823,-0.8943139336071163,0.0,1016.4734914176523,14.894221927922183,24,4212,104000,0.0003,3362878.0,5460.1435546875,0.6787630915641785,1298715639808.0,6941434.0,94001,13911.833333333334,-48834049.29407367,,,,,,,
-7.035874412655828,-0.40665317289841085,0.013809682792695585,-0.9056357407786196,0.0,1034.6709030410952,14.813647409831685,24,4283,106000,0.0003,4749396.0,5907.9228515625,-0.8722138404846191,8737455079424.0,19261872.0,96001,13911.833333333334,-48834049.29407367,,,,,,,
-6.734313862323759,-0.3960418439744687,0.0038748834500262606,-0.9103692518978664,0.0,1042.32151773744,4.099992036564544,24,4354,108000,0.0003,3892738.5,7268.4287109375,-1.9662457704544067,5432190959616.0,26907864.0,98001,13911.833333333334,-48834049.29407367,,,,,,,
-6.629816264510157,-0.3855458237859818,0.011897838795626132,-0.9148464889591369,0.0,1049.7162786057931,12.337937431323285,24,4425,110000,0.0003,4195206.5,8599.068359375,-0.37417280673980713,6874805567488.0,24067660.0,100001,13911.833333333334,-48834049.29407367,,,,,,,
-6.408783302307127,-0.3668583077990122,0.010136166881144144,-0.9226811804740861,0.0,1062.7386895288498,10.294328789651264,24,4497,112000,0.0003,1959283.875,8991.5205078125,-0.26067063212394714,7824488792064.0,22317772.0,102001,13911.833333333334,-48834049.29407367,,,,,,,
-6.034366663098333,-0.3534954767292791,0.015467578092104372,-0.9279962361947951,0.0,1071.729285588115,15.186335232680815,24,4569,114000,0.0003,3574005.5,8117.57861328125,-0.6997729539871216,2493765386240.0,10394615.0,104001,13911.833333333334,-48834049.29407367,,,,,,,
-5.699739194512364,-0.3125429125752144,0.029696144922303977,-0.9431376371468757,0.0,1097.977739235897,27.789943143565434,24,4640,116000,0.0003,2016008.25,7575.6787109375,0.3227269649505615,1514973429760.0,5979166.5,106001,13911.833333333334,-48834049.29407367,,,,,,,
-6.186931121945382,-0.3579801073868226,-0.06903849433263838,-0.9249931011545921,0.0,1068.5921924061527,-67.25969590096665,25,4712,118000,0.0003,5171674.0,11019.310546875,0.5703009963035583,16925021175808.0,36680412.0,108001,13911.833333333334,-48834049.29407367,,,,,,,
-6.6675925004482295,-0.40067420561249945,-0.004190466827632483,-0.9079587797744613,0.0,1038.2477355395831,-4.210050497234293,25,4784,120000,0.0003,2929775.75,10359.466796875,1.4501752853393555,2463300059136.0,9027212.0,110001,13911.833333333334,-48834049.29407367,,,,,,,
-6.59722808778286,-0.38093121990024276,0.030055271181310853,-0.9163553773387244,0.0,1052.3588385197236,31.068922771083855,25,4856,122000,0.0003,3758633.25,11542.69921875,-0.33670592308044434,4885730295808.0,13854935.0,112001,13911.833333333334,-48834049.29407367,,,,,,,
-3.854196176528938,-0.21846394002795616,0.09167936885100617,-0.9570016728025457,0.0,1126.845256313559,90.84550842173829,25,4927,124000,0.0003,2790651.0,13234.994140625,0.549570620059967,8775898497024.0,32522632.0,114001,17638.714285714286,-47611987.657438,,,,,,,
-1.4534615516662581,-0.07945105012130202,-0.07860985232332753,-0.9798734617236012,0.0,1157.3304404808703,-15.603368817928116,25,4999,126000,0.0003,2865788.5,16542.591796875,0.20475226640701294,7288844713984.0,24571056.0,116001,17638.714285714286,-47611987.657438,,,,,,,
-2.3016233867406894,-0.15103731081576427,0.010063294765996577,-0.9725414583776556,0.0,1143.432745181139,9.386089194687408,25,5071,128000,0.0003,4111915.0,18075.640625,-0.7992572784423828,11948894715904.0,18197840.0,118001,17638.714285714286,-47611987.657438,,,,,,,
-2.050163712501529,-0.08294072791793065,0.03240402936826778,-0.9831322028258657,0.0,1163.4813896220087,14.83836031934139,25,5143,130000,0.0003,6492330.0,19920.69140625,-1.255491852760315,3401541083987968.0,34367284.0,120001,17638.714285714286,-47611987.657438,,,,,,,
-2.0170092076063115,-0.12003522411681433,-0.05866029345635057,-0.978696162750665,0.0,1155.8633128889562,-17.36815283394989,25,5214,132000,0.0003,3244242.25,22384.685546875,0.5323163270950317,50703074590720.0,68307016.0,122001,17638.714285714286,-47611987.657438,,,,,,,
-2.403003004193303,-0.143684562645579,0.04019174268331962,-0.9761263046865724,0.0,1151.2029066271855,20.029650340777895,25,5286,134000,0.0003,-1838339.75,26361.34765625,-0.15126216411590576,4805330206720.0,12797367.0,124001,17638.714285714286,-47611987.657438,,,,,,,
-1.9630593997240058,-0.08039618584704267,0.008680273217951968,-0.985670189662974,0.0,1168.8676514243705,6.227998207682785,25,5357,136000,0.0003,-2789501.0,28949.01953125,1.1266157627105713,8240312090624.0,24805472.0,126001,17638.714285714286,-47611987.657438,,,,,,,
-1.9967995798587799,-0.12830728506304806,-0.04258636143821512,-0.9798231552329923,0.0,1158.4903590361814,-12.753578636104093,25,5429,138000,0.0003,1644737.125,33137.33203125,-0.6613886952400208,30031694790656.0,47425080.0,128001,17638.714285714286,-47611987.657438,,,,,,,
-2.265640228986741,-0.12363863819806349,0.04573848791925737,-0.9809994607342442,0.0,1160.9618160008647,20.54970843540221,25,5500,140000,0.0003,-4071652.25,38343.28125,-0.7091124057769775,60881517936640.0,73944688.0,130001,17638.714285714286,-47611987.657438,,,,,,,
-1.8411085778474807,-0.07963509561335451,-0.01035287056344595,-0.9873074375697185,0.0,1172.5629072708705,-0.30541074030664184,25,5571,142000,0.0003,-9006595.0,43765.85546875,-0.6203994750976562,7583766151168.0,17575038.0,132001,17638.714285714286,-47611987.657438,,,,,,,
-1.9052169877290728,-0.12822968211495367,-0.02411805159797342,-0.9816305972127154,0.0,1162.284232283038,-6.037816393621405,25,5643,144000,0.0003,-5780339.5,49396.9453125,-1.0107645988464355,25455197421568.0,38794912.0,134001,17638.714285714286,-47611987.657438,,,,,,,
-2.0818845295906008,-0.10317320543626718,0.04325121960669813,-0.9852277412230683,0.0,1169.3687307311802,17.603959681118308,25,5714,146000,0.0003,-1013123.6875,54653.87109375,-0.8345680832862854,88633864355840.0,78701800.0,136001,17638.714285714286,-47611987.657438,,,,,,,
-1.696065136790275,-0.07965718402815224,-0.022528538399899378,-0.9884819611392108,0.0,1175.3569177824045,-3.944337142100278,25,5785,148000,0.0003,-9675391.0,60440.671875,1.2959001064300537,14539672256512.0,21915074.0,138001,17638.714285714286,-47611987.657438,,,,,,,
-1.7521999377012252,-0.11766249348490962,-0.0028014229481268414,-0.9844298019472576,0.0,1167.843652482328,1.1432137605410175,25,5857,150000,0.0003,-11349237.0,65009.8125,-1.6638331413269043,19851309481984.0,45653220.0,140001,17638.714285714286,-47611987.657438,,,,,,,
-1.7581849050521845,-0.07950877653910127,0.034174894821473435,-0.9889698176223425,0.0,1176.6593080780315,12.835046227964138,25,5928,152000,0.0003,-10769296.0,69422.7734375,1.3045597076416016,109971211550720.0,124452400.0,142001,17638.714285714286,-47611987.657438,,,,,,,
-1.467347977757453,-0.07712880146324799,-0.029262542409136966,-0.9895361250480447,0.0,1177.742777047431,-5.127032841505631,25,6000,154000,0.0003,-19209062.0,73246.5,-0.7456057667732239,23342903984128.0,26025616.0,144001,17638.714285714286,-47611987.657438,,,,,,,
-1.546472476124764,-0.10106936087030485,0.012724769324341505,-0.9873414152581649,0.0,1173.6195964336182,6.0155182144642865,25,6071,156000,0.0003,-18927730.0,75643.4140625,1.1631476879119873,73682160451584.0,107256400.0,146001,17638.714285714286,-47611987.657438,,,,,,,
-1.4171159392595274,-0.058386777896451435,0.025510154100168214,-0.9916248455781957,0.0,1181.9019298088238,8.673567606570556,25,6142,158000,0.0003,-21058370.0,79449.8828125,-0.05092760920524597,34365637656576.0,36619660.0,148001,17638.714285714286,-47611987.657438,,,,,,,
-1.090878384709355,-0.06530167691541941,-0.025453419024898647,-0.9914044180402783,0.0,1181.5616864397098,-2.381240800104985,25,6214,160000,0.0003,-23436862.0,84078.7421875,0.5250633955001831,35659863556096.0,47250260.0,150001,17638.714285714286,-47611987.657438,,,,,,,
-1.1347247570753103,-0.07125168401202686,0.025977048820267315,-0.9910510256949663,0.0,1181.0535449604179,8.16909148004655,25,6285,162000,0.0003,-28648020.0,89621.1875,-0.14292803406715393,24374138634240.0,30041470.0,152001,17638.714285714286,-47611987.657438,,,,,,,
-0.67970635175705,-0.024182078516852015,0.0025598064410148145,-0.994719872361583,0.0,1188.5168125652197,5.468754905728568,25,6357,164000,0.0003,-20969404.0,97717.8515625,-0.23216751217842102,74198999367680.0,97085840.0,154001,20433.875,-47500727.17204538,,,,,,,
-0.45554863452911365,-0.024024046687536552,-4.608356227879153e-05,-0.9968521096906152,0.0,1193.210254741768,2.5922299269305147,25,6428,166000,0.0003,-15646678.0,102093.1484375,-1.183225393295288,337896217247744.0,179030320.0,156001,20433.875,-47500727.17204538,,,,,,,
-0.6257421141862873,-0.0249957398322858,-0.016249085238108568,-0.9968267297559548,0.0,1193.2806361574133,0.870634220525546,25,6499,168000,0.0003,-32531038.0,105258.515625,0.2882121205329895,26932053803008.0,41965388.0,158001,20433.875,-47500727.17204538,,,,,,,
-0.823109196424485,-0.057368784355286355,-0.011315982801605458,-0.9954147665341643,0.0,1190.6711499963985,0.6778246763741872,25,6571,170000,0.0003,-31792708.0,99941.140625,-0.9757298827171326,58529943650304.0,49333872.0,160001,20433.875,-47500727.17204538,,,,,,,
-0.8191008067131043,-0.038470871968756155,0.027705012930640212,-0.9965319256260947,0.0,1192.995650820446,6.730542446020285,25,6642,172000,0.0003,-45574440.0,97088.984375,-0.2716659903526306,57432243961856.0,52809256.0,162001,20433.875,-47500727.17204538,,,,,,,
-0.5098151582479474,-0.02307717135617012,-0.012862394011344905,-0.997412312662502,0.0,1194.5999579425454,1.3845899584224965,25,6714,174000,0.0003,-39566108.0,96762.3125,0.468017041683197,255509382823936.0,204662384.0,164001,20433.875,-47500727.17204538,,,,,,,
-0.6093578201532364,-0.043424811117853554,0.0010391116894057737,-0.9967770892254568,0.0,1193.4519223947627,2.379591438987215,25,6785,176000,0.0003,-35535384.0,99818.5546875,0.5139035582542419,235287770824704.0,182105952.0,166001,20433.875,-47500727.17204538,,,,,,,
-0.5512996023893358,-0.021128602716318865,0.015083551800245752,-0.9976763230442336,0.0,1195.206128554824,3.970654033888093,25,6857,178000,0.0003,-45538056.0,110406.6953125,-1.0420539379119873,81740383125504.0,64842464.0,168001,20433.875,-47500727.17204538,,,,,,,
-0.46550082743167875,-0.025908215478889222,-0.0175513067876175,-0.9975933588410888,0.0,1195.081793412855,0.8427965027570203,25,6928,180000,0.0003,-37218160.0,114245.0546875,-0.22584441304206848,91557973721088.0,75384592.0,170001,20433.875,-47500727.17204538,,,,,,,
-0.6794596409797671,-0.04403186352705952,-0.0023494874595872137,-0.9970317156197323,0.0,1193.993859092645,1.9727884686628552,25,7000,182000,0.0003,-51985020.0,113345.9375,0.23260661959648132,85312311132160.0,59314248.0,172001,20433.875,-47500727.17204538,,,,,,,
-0.9782593327760697,-0.04239958841247468,-0.0056406341210908355,-0.9971235560886023,0.0,1194.2165899767022,1.361446255227296,26,7072,184000,0.0003,-57375880.0,106029.65625,1.581885814666748,20717361954816.0,41769560.0,174001,20433.875,-47500727.17204538,,,,,,,
-1.2394703137874599,-0.07404445807831594,-0.02814114406713836,-0.9947863239852883,0.0,1190.0482442324421,-3.511178299445953,26,7143,186000,0.0003,-56019264.0,67830.0546875,1.2673492431640625,75935583830016.0,96535264.0,176001,20433.875,-47500727.17204538,,,,,,,
0.4875940918922423,0.01434013381592108,0.1599653472397736,-0.992814134415514,0.0,1195.648334158202,-8.136111343743542,26,7215,188000,0.0003,-44418416.0,78350.9453125,-1.3317184448242188,46937696894976.0,57939548.0,178001,20433.875,-47500727.17204538,,,,,,,
3.6576080751419084,0.21928307403368932,0.08916220565392859,-0.9681177241694136,0.0,1143.568430011847,-55.9639375637099,26,7287,190000,0.0003,-52875364.0,84352.046875,0.04583048075437546,42796798967808.0,37947876.0,180001,20433.875,-47500727.17204538,,,,,,,
5.222485754489897,0.2895304750931259,0.022273167709736773,-0.9495093712669449,0.0,1107.896403312716,-18.628487842025084,26,7358,192000,0.0003,-61637096.0,86197.6328125,-0.2666766345500946,57650700091392.0,37455348.0,182001,20433.875,-47500727.17204538,,,,,,,
5.687087327241899,0.32250878757177953,0.02254306982507544,-0.9377218406903852,0.0,1087.30379983065,-20.470664147731448,26,7429,194000,0.0003,-37321748.0,89533.5390625,-0.12517303228378296,246822341705728.0,138147584.0,184001,20433.875,-47500727.17204538,,,,,,,
5.453528955578808,0.3232967276889766,-0.02255696032134677,-0.9372024367261843,0.0,1086.304053398703,20.28471347253489,26,7500,196000,0.0003,-63177148.0,96718.6796875,1.2119752168655396,72995720658944.0,64104320.0,186001,20433.875,-47500727.17204538,,,,,,,
5.6195478534698475,0.2998062447417519,0.005820365006510413,-0.9454201898663441,0.0,1100.3538814746635,-4.680260318158171,26,7572,198000,0.0003,-58459704.0,97096.578125,-0.6071920394897461,241723544436736.0,138090160.0,188001,20433.875,-47500727.17204538,,,,,,,
5.653863095045086,0.3317987685642355,0.01805804860625014,-0.9336718562509283,0.0,1080.0437969585703,-16.495319918787654,,,200000,0.0003,-65217492.0,100549.1640625,0.5604143738746643,106687037964288.0,96488248.0,190000,,,0.0,0.0,40000.0,-36271.41481977344,1711.5430135107101,0.0,0.0
,,,,,,,22,8731,200000,0.0003,-62999768.0,100543.796875,1.9626367092132568,60101792628736.0,80347480.0,190001,20433.875,-47500727.17204538,,,,,,,
5.557839465141295,0.3188170343713918,-0.022708290808007556,-0.9381441921852005,0.0,1087.605192967329,20.617128149430144,22,8801,202000,0.0003,-38234948.0,97755.6015625,-0.5357935428619385,333014047391744.0,114296896.0,192001,20433.875,-47500727.17204538,,,,,,,
4.604955862164501,0.24021094682715588,0.06119856330801318,-0.9422952124545884,0.0,1091.342968543029,-5.719647452586121,22,8872,204000,0.0003,-52379064.0,109417.203125,1.2842459678649902,337234557403136.0,238158192.0,194001,22607.88888888889,-47362770.841975555,,,,,,,
4.539551411867151,0.23453522885355804,0.24286140400203957,-0.9171048100327105,0.0,1054.1378142777398,-179.96558471611223,23,8944,206000,0.0003,-44559168.0,124558.0,-1.4091213941574097,294579257475072.0,189897008.0,196001,22607.88888888889,-47362770.841975555,,,,,,,
12.174664565920837,0.5772801537856308,0.2898422871044635,-0.7257637140112237,0.0,782.98015093274,-343.3045144996054,23,9016,208000,0.0003,-38855144.0,136054.046875,-0.8004889488220215,576429305626624.0,264231568.0,198001,22607.88888888889,-47362770.841975555,,,,,,,
-10.00648276150228,-0.39265569432646863,0.32934021423897736,-0.5926588274864433,0.0,896.6902903402834,508.32983387164256,23,9088,210000,0.0003,-43575516.0,146288.6875,0.5285763144493103,1453227149099008.0,350776064.0,200001,22607.88888888889,-47362770.841975555,,,,,,,
-8.849685501456257,-0.16171414048594074,-0.38881847282676557,-0.5084238938343465,0.0,736.5706183226216,-690.5331475280025,23,9159,212000,0.0003,-59399472.0,152378.828125,-0.2844172716140747,138367136169984.0,69340048.0,202001,22607.88888888889,-47362770.841975555,,,,,,,
14.233840702176082,0.5189152725919289,-0.20639065725625635,-0.6403063260051227,0.0,613.2093370372885,291.4109215449718,23,9231,214000,0.0003,-65178596.0,153576.140625,1.7210922241210938,98213797298176.0,42941984.0,204001,22607.88888888889,-47362770.841975555,,,,,,,
14.968431892991063,0.5852835914339175,0.24241023601889192,-0.604046777282274,0.0,579.4095896295532,-255.78752739631338,23,9303,216000,0.0003,-47994000.0,161549.53125,-0.38905832171440125,286574143078400.0,116971632.0,206001,22607.88888888889,-47362770.841975555,,,,,,,
-14.649599272608754,-0.4454616214134257,0.18734474263414067,-0.49276303420760864,0.0,715.0032918010959,211.24591596805666,23,9374,218000,0.0003,-71919456.0,168603.328125,0.11085647344589233,218738943066112.0,141160544.0,208001,22607.88888888889,-47362770.841975555,,,,,,,
7.130507816672325,0.5625396953377578,-0.43183597156320064,-0.41948852892345595,0.0,454.6689998878181,-102.15767306455851,23,9446,220000,0.0003,-77915128.0,168012.484375,0.2683833837509155,246071829725184.0,154716576.0,210001,22607.88888888889,-47362770.841975555,,,,,,,
10.683630920052513,0.40026922339820714,0.0779296949489323,-0.6675324015213409,0.0,601.0083740739077,-29.70163041717141,23,9518,222000,0.0003,-82160952.0,166394.015625,0.04700825363397598,144458305765376.0,118802656.0,212001,22607.88888888889,-47362770.841975555,,,,,,,
8.524489133358014,0.7073939447677431,0.2423927398907771,-0.4162305519152196,0.0,398.06164948880865,-62.75724434934699,23,9589,224000,0.0003,-56801656.0,172721.84375,-0.4998801350593567,188928699138048.0,103106328.0,214001,22607.88888888889,-47362770.841975555,,,,,,,
-8.188568338751793,0.7120611862240792,-0.30327348463374537,-0.32366478365109447,0.0,334.1070277527137,-276.20649622154707,23,9661,226000,0.0003,-68077104.0,205429.984375,-0.3415417969226837,248038102663168.0,129350784.0,216001,22607.88888888889,-47362770.841975555,,,,,,,
11.382672916054727,0.2760912148057209,-0.17795673844477133,-0.4246468173988963,0.0,262.6070221703912,110.54534716965044,23,9733,228000,0.0003,-88414664.0,219475.09375,1.0833771228790283,226636297404416.0,187210960.0,218001,22607.88888888889,-47362770.841975555,,,,,,,
10.286487825512891,0.3312144409716934,0.1979724855266451,-0.4055232708458053,0.0,280.0337233405988,-55.541243332214506,23,9804,230000,0.0003,-97968576.0,236339.578125,-0.028034493327140808,156762632093696.0,72268608.0,220001,22607.88888888889,-47362770.841975555,,,,,,,
2.187907033562664,0.32146338137654873,-0.09122058673682193,-0.4824213396732085,0.0,391.9465047306345,123.07901130370942,23,9876,232000,0.0003,-98331696.0,253364.875,-0.906823992729187,270296317689856.0,108483888.0,222001,22607.88888888889,-47362770.841975555,,,,,,,
8.209989895224586,0.242178065435012,-0.10485268302203059,-0.5784452765810063,0.0,427.4538970067814,96.84550845466475,23,9947,234000,0.0003,-105887840.0,290893.4375,0.007701218128204346,297203616710656.0,120701480.0,224001,22607.88888888889,-47362770.841975555,,,,,,,
11.511690143942829,0.37605969162172226,0.22347920316613465,-0.49526158952425703,0.0,392.89498800444244,-165.40380349641825,23,10018,236000,0.0003,-103874648.0,317138.0,-0.7434637546539307,385329500520448.0,160794624.0,226001,22607.88888888889,-47362770.841975555,,,,,,,
0.4171729028224944,0.5714998420189896,0.04681986740881773,-0.43424264267494483,0.0,348.89384223801704,64.0734657645989,23,10090,238000,0.0003,-98480152.0,338055.59375,1.2562596797943115,563995979284480.0,135037984.0,228001,22607.88888888889,-47362770.841975555,,,,,,,
12.177373510003095,0.41640366235973164,-0.1827133355201212,-0.5798496924956676,0.0,481.6226844611097,209.32697967448826,23,10161,240000,0.0003,-93594024.0,368934.59375,-2.5171608924865723,744940065783808.0,225781168.0,230001,22607.88888888889,-47362770.841975555,,,,,,,
12.835454872250555,0.46200671127446896,0.19698885181267226,-0.5609918566256894,0.0,480.17721717226743,-239.52387216813966,23,10232,242000,0.0003,-113785688.0,394651.5,-0.01961308717727661,848390795558912.0,259817120.0,232001,22607.88888888889,-47362770.841975555,,,,,,,
-0.22807245314121272,0.5457171487052381,0.24271973224047744,-0.5622261717356233,0.0,607.4457035948994,121.49160175353366,23,10304,244000,0.0003,-125401248.0,424192.21875,0.6619656682014465,727152458727424.0,151636384.0,234001,24347.1,-44788253.182665095,,,,,,,
6.6811256265640235,0.37198412425816435,0.2675212542942286,-0.9013019553738902,0.0,1051.2151463577889,-289.38028881080015,23,10375,246000,0.0003,-97521600.0,448480.03125,-1.6867129802703857,1899825230512128.0,462097984.0,236001,24347.1,-44788253.182665095,,,,,,,
10.71833688378333,0.536907557181728,0.3810537447661492,-0.639962351151858,0.0,758.1775900680116,-166.79514109976708,23,10447,248000,0.0003,-103821632.0,467688.71875,-1.733054280281067,1330014872141824.0,290413248.0,238001,24347.1,-44788253.182665095,,,,,,,
-15.459863618612289,-0.6843497966788891,0.1370128386309221,-0.6364966380251454,0.0,1052.6314398792763,281.0014202191103,23,10518,250000,0.0003,-122078296.0,491191.5625,-0.4493081867694855,1769695103418368.0,503629344.0,240001,24347.1,-44788253.182665095,,,,,,,
-7.114107434153538,0.12130963307847294,-0.560301139742848,-0.3163011356388957,0.0,526.3011361062789,-834.367216621392,23,10590,252000,0.0003,-111472504.0,539707.6875,-0.36545389890670776,2203133539254272.0,426995456.0,242001,24347.1,-44788253.182665095,,,,,,,
10.804551755785939,0.26894646007322787,-0.22885245361164866,-0.3837700170510657,0.0,234.91487527098423,92.06670421002654,23,10661,254000,0.0003,-139263408.0,567861.5,0.762870192527771,2649193004924928.0,284338048.0,244001,24347.1,-44788253.182665095,,,,,,,
8.129510735273366,0.2506766112238794,0.2207463272527454,-0.42294252638235,0.0,271.6804250072015,-134.79427154030208,23,10733,256000,0.0003,-148617776.0,555220.9375,0.13159646093845367,1164373687009280.0,198099168.0,246001,24347.1,-44788253.182665095,,,,,,,
4.77742825865745,0.4664552217262568,0.053838202947237124,-0.34278585468455797,0.0,241.45275412701852,121.25278251129032,23,10804,258000,0.0003,-140087584.0,549685.75,0.1416890174150467,1416756165869568.0,215361088.0,248001,24347.1,-44788253.182665095,,,,,,,
5.846260004043577,0.3910343750983972,-0.22757417169642144,-0.401355641188568,0.0,266.6140039296687,84.19131652828945,23,10876,260000,0.0003,-149038432.0,547200.8125,-0.5319022536277771,1297863149617152.0,220203856.0,250001,24347.1,-44788253.182665095,,,,,,,
6.0863068890571554,0.21027295592491604,0.07511261750193547,-0.5280657081426228,0.0,359.55487158363775,27.966393383318803,23,10948,262000,0.0003,-139286656.0,556763.875,-0.7994210124015808,996561865670656.0,222752912.0,252001,24347.1,-44788253.182665095,,,,,,,
12.576075199246402,0.4648995917450535,0.1756709833010257,-0.3622018511438014,0.0,267.68042059779583,-78.58083651856401,23,11019,264000,0.0003,-156417856.0,553404.0,1.9125213623046875,1946335834013696.0,278115264.0,254001,24347.1,-44788253.182665095,,,,,,,
-0.2860801911354051,0.5168405331699142,-0.16498221171986943,-0.3887386321430608,0.0,282.3203290277669,38.000080540077704,23,11091,266000,0.0003,-173671504.0,546877.875,-0.3861391246318817,722255860465664.0,149781648.0,256001,24347.1,-44788253.182665095,,,,,,,
8.68124982416631,0.24854289378868008,-0.055199485278259706,-0.5551397137241852,0.0,397.6056328558667,91.13025850755754,24,11164,268000,0.0003,-169370000.0,545244.25,-1.1873561143875122,443547413118976.0,159607952.0,258001,24347.1,-44788253.182665095,,,,,,,
15.50795074820518,0.4374768211691634,0.1747381109246367,-0.4240117028070191,0.0,316.95244609414885,-101.54444518696944,24,11236,270000,0.0003,-109038184.0,568442.875,-1.222556471824646,2739681254965248.0,327952224.0,260001,24347.1,-44788253.182665095,,,,,,,
-4.604797613620761,0.5847861246241807,-0.03525743984168875,-0.3779533892160468,0.0,295.9935308130503,-33.0314636322668,24,11309,272000,0.0003,-154763120.0,571680.3125,-1.1038570404052734,3715082018095104.0,569252096.0,262001,24347.1,-44788253.182665095,,,,,,,
11.187854397892954,0.3041389589545739,-0.15168305791436315,-0.5359205773896284,0.0,394.1767361909889,162.24564486945732,24,11382,274000,0.0003,-189808064.0,589275.3125,1.5304334163665771,1466433368227840.0,233122320.0,264001,24347.1,-44788253.182665095,,,,,,,
12.942247295379628,0.40450219355102407,0.1789400945207325,-0.4772149428927344,0.0,366.0417278717561,-169.66678455763372,24,11455,276000,0.0003,-118560480.0,607702.625,-1.335092306137085,3319278770061312.0,573082048.0,266001,24347.1,-44788253.182665095,,,,,,,
-2.3356840223073956,0.5969601084055908,0.030710955969756024,-0.37724590517964823,0.0,298.99157130652605,-2.6001847727579603,24,11527,278000,0.0003,-167286160.0,630880.5,0.27452516555786133,1407595269062656.0,274419104.0,268001,24347.1,-44788253.182665095,,,,,,,
11.081190483570095,0.36254625266639073,-0.21860797750949795,-0.4790889272117166,0.0,348.4038490930088,167.8944462500006,24,11600,280000,0.0003,-150519360.0,662920.5,0.3039933443069458,3176171801935872.0,519473728.0,270001,24347.1,-44788253.182665095,,,,,,,
9.629922987818711,0.3313392825677251,0.2104076284140783,-0.5302028334052754,0.0,405.24259349388143,-202.37257521726147,24,11673,282000,0.0003,-159725360.0,691747.75,-1.7569422721862793,5304796248539136.0,611836672.0,272001,24347.1,-44788253.182665095,,,,,,,
6.790323935151113,0.42627809386258536,0.1756382308563936,-0.5167338613563908,0.0,499.49946405584797,111.11656186963614,24,11746,284000,0.0003,-201547792.0,730170.125,0.4730706512928009,2011943606943744.0,272828192.0,274001,25770.090909090908,-42290876.01130927,,,,,,,
6.462762848138812,0.3350696275107087,0.22736953319854633,-0.8845831488473808,0.0,998.1011485693436,-234.57370419778707,24,11818,286000,0.0003,-177617552.0,757098.5,0.09916232526302338,5540278031089664.0,793716352.0,276001,25770.090909090908,-42290876.01130927,,,,,,,
12.477763017415993,0.6056727428461615,0.387434885402209,-0.6168726328002591,0.0,707.0871507179995,-237.55295631078667,24,11890,288000,0.0003,-215726448.0,790963.4375,2.061678171157837,2875240891809792.0,410113856.0,278001,25770.090909090908,-42290876.01130927,,,,,,,
-18.7736940127611,-0.7941609889241099,-0.003263765224999276,-0.5760800028957046,0.0,905.588077946152,18.30937326548565,24,11962,290000,0.0003,-211978736.0,825441.3125,1.617088794708252,1738493239754752.0,190996256.0,280001,25770.090909090908,-42290876.01130927,,,,,,,
5.55960974812507,0.5690736838630959,-0.4693622670510821,-0.3366142102823155,0.0,371.8550452602714,-231.3103869822522,24,12034,292000,0.0003,-188359200.0,843689.0625,-1.6747620105743408,2719291971469312.0,299410432.0,282001,25770.090909090908,-42290876.01130927,,,,,,,
8.646204754710208,0.2882862521665058,-0.011459564155969094,-0.6087572358559064,0.0,478.89820841738026,45.889683363223526,24,12106,294000,0.0003,-178361232.0,873056.1875,1.1826882362365723,4061473546436608.0,435653216.0,284001,25770.090909090908,-42290876.01130927,,,,,,,
14.66820535123347,0.5170968004299895,0.21612590321992062,-0.4183338753329414,0.0,333.1744138864066,-173.22680022354328,24,12178,296000,0.0003,-181916768.0,897260.75,0.00801171362400055,6390511904489472.0,697179328.0,286001,25770.090909090908,-42290876.01130927,,,,,,,
-5.492173017263426,0.6020584159389989,-0.15705105170131609,-0.3364865310875877,0.0,269.21183576431713,-90.1481899279835,24,12249,298000,0.0003,-154997808.0,929246.5,-2.592454433441162,6971779893428224.0,586301376.0,288001,25770.090909090908,-42290876.01130927,,,,,,,
10.296858336329453,0.262071781540174,-0.14212444195635826,-0.4806445792150993,0.0,321.8221664237448,136.2385793946432,,,300000,0.0003,-119674944.0,956149.875,1.7618061304092407,7907392347963392.0,918604608.0,290000,,,0.0019687500000000013,0.0,40000.0,-136198.5768432127,51957.988730921454,0.0019687500000000013,0.0
,,,,,,,22,13417,300000,0.0003,-174318224.0,956119.75,-0.3956814706325531,5821869508788224.0,770370560.0,290001,25770.090909090908,-42290876.01130927,,,,,,,
11.875985507369055,0.3530405575081586,0.17122704796095292,-0.42867209810465107,0.0,301.8576584894765,-115.43749895639314,22,13487,302000,0.0003,-217088832.0,979841.375,0.6416870355606079,5070608861757440.0,369052896.0,292001,25770.090909090908,-42290876.01130927,,,,,,,
-0.6527910995483391,0.5178724508267488,0.016820766953973405,-0.35593878399371415,0.0,253.4695089623483,-0.6586989204549918,22,13557,304000,0.0003,-175565264.0,1005225.625,0.26466888189315796,8399142481035264.0,969457216.0,294001,25770.090909090908,-42290876.01130927,,,,,,,
10.182214266061786,0.33386776497443627,-0.18644368593903282,-0.42314096543804,0.0,276.765660770968,114.3429548855154,22,13628,306000,0.0003,-154483920.0,1042570.3125,-0.2189723253250122,8765638482853888.0,550026176.0,296001,25770.090909090908,-42290876.01130927,,,,,,,
7.85915992259979,0.2780399070459483,0.17160751300613278,-0.49125841088570354,0.0,339.79449148045256,-90.94354698966141,22,13699,308000,0.0003,-201002816.0,1076478.875,0.0555436909198761,5183222367387648.0,415612064.0,298001,25770.090909090908,-42290876.01130927,,,,,,,
6.676801395416235,0.5021466294043228,0.0648178685265028,-0.3419018098351905,0.0,240.9347892261744,15.121460862066217,22,13770,310000,0.0003,-178373216.0,1107940.625,-1.9171229600906372,2899302640779264.0,226339456.0,300001,25770.090909090908,-42290876.01130927,,,,,,,
6.641864146590234,0.4357766412348129,-0.1748774418234854,-0.3770211820255203,0.0,243.17123079038,47.13017795508326,22,13842,312000,0.0003,-209399072.0,1175892.625,1.3697943687438965,4028326331023360.0,517955840.0,302001,25770.090909090908,-42290876.01130927,,,,,,,
7.258435846567156,0.2742610255225918,0.016104956842282126,-0.500268176293414,0.0,329.3339733013246,29.079979639530002,22,13913,314000,0.0003,-201368768.0,1215647.0,-1.1800568103790283,1.0593489590943744e+16,796687616.0,304001,25770.090909090908,-42290876.01130927,,,,,,,
12.955129210352899,0.46063753334921786,0.15105996239108804,-0.3548382815411141,0.0,256.8943620991882,-65.81037671823158,22,13984,316000,0.0003,-228386832.0,1262510.25,1.396683931350708,6730641102077952.0,432712000.0,306001,25770.090909090908,-42290876.01130927,,,,,,,
1.2221436309814464,0.49464314528939995,-0.10893498479539196,-0.37935842390462954,0.0,255.63578982450267,-10.655213877101268,22,14055,318000,0.0003,-233552304.0,1306011.125,0.03780505061149597,8132740692049920.0,547591744.0,308001,25770.090909090908,-42290876.01130927,,,,,,,
9.664918616414056,0.3078614091834876,-0.07295489551621433,-0.5034370649020214,0.0,339.4082159000475,98.44398536073811,22,14127,320000,0.0003,-228282896.0,1339579.5,-1.4779188632965088,4085782524461056.0,363628896.0,310001,25770.090909090908,-42290876.01130927,,,,,,,
15.238272821903216,0.4361626951792621,0.14996148167334727,-0.3929270424291034,0.0,285.047043729739,-71.68938257305844,22,14198,322000,0.0003,-216501904.0,1375759.75,2.222454071044922,5804969349349376.0,452156928.0,312001,25770.090909090908,-42290876.01130927,,,,,,,
-3.515336985588074,0.43909689147598735,0.143627638501876,-0.5395674676634072,0.0,541.8309509691715,-15.856177440358211,22,14270,324000,0.0003,-199318720.0,1392124.125,-0.8116857409477234,9328517569314816.0,797303040.0,314001,26955.916666666668,-40102702.74779942,,,,,,,
8.113644211292259,0.488961045696718,0.34612738681679134,-0.8289881202572934,0.0,956.8122682752372,-435.9482118022598,22,14341,326000,0.0003,-235570816.0,1420710.875,0.5142514109611511,3868737962770432.0,358999392.0,316001,26955.916666666668,-40102702.74779942,,,,,,,
5.95557089745998,0.859737585751616,0.16154711961214774,-0.636570597800982,0.0,723.2596887905707,-55.86832730381279,22,14413,328000,0.0003,-205336992.0,1428386.75,0.3169894814491272,5292640417349632.0,336009344.0,318001,26955.916666666668,-40102702.74779942,,,,,,,
0.5783449655771189,-0.294947762747748,0.19096350540964696,-0.585523975153518,0.0,770.7675926163662,230.52061045057172,22,14485,330000,0.0003,-228150320.0,1446898.25,1.5381773710250854,6287022520008704.0,539106240.0,320001,26955.916666666668,-40102702.74779942,,,,,,,
-16.702587591409713,-0.691473133387687,-0.19085459226635132,-0.5913219633752029,0.0,915.9921338322662,-383.26267114610226,22,14556,332000,0.0003,-252071488.0,1465299.0,-1.4101735353469849,4549772673286144.0,358472608.0,322001,26955.916666666668,-40102702.74779942,,,,,,,
3.6167490208148982,0.5922727450177535,-0.39356290969669444,-0.24256416317711704,0.0,255.56930669345104,-386.41275425105,22,14628,334000,0.0003,-97991000.0,1443334.375,-2.4886302947998047,1.6334507950997504e+16,1045186944.0,324001,26955.916666666668,-40102702.74779942,,,,,,,
9.953313900232294,0.26987732974044376,-0.10678057389879682,-0.42328990175021775,0.0,246.19643452131677,91.17200808599775,22,14700,336000,0.0003,-225719088.0,1439386.5,-1.6044902801513672,7147498816667648.0,628331584.0,326001,26955.916666666668,-40102702.74779942,,,,,,,
14.869583706855764,0.3632687412597612,0.10150791788948466,-0.3481281838313839,0.0,232.2786635447738,-7.7249725680947225,22,14771,338000,0.0003,-200914624.0,1426289.125,-0.624836802482605,7802067401834496.0,796728512.0,328001,26955.916666666668,-40102702.74779942,,,,,,,
-3.603798113465302,0.4867673489752511,0.039435838065244935,-0.35182804313820676,0.0,240.09686604111846,-44.35119704220325,22,14843,340000,0.0003,-192172672.0,1386659.75,-1.4246751070022583,7040050546081792.0,498570432.0,330001,26955.916666666668,-40102702.74779942,,,,,,,
12.674132893681524,0.3422421206442849,-0.1112203455593167,-0.42776560724112467,0.0,263.6404667685106,101.41350701579478,22,14915,342000,0.0003,-245888464.0,1369855.25,-0.35235774517059326,5248470436806656.0,486646720.0,332001,26955.916666666668,-40102702.74779942,,,,,,,
11.173690084815023,0.35097112202317055,0.14270063947592201,-0.4128534214617002,0.0,279.01871129809354,-90.87710950664648,22,14987,344000,0.0003,-226956752.0,1345905.25,-1.546079397201538,3690897325686784.0,320791296.0,334001,26955.916666666668,-40102702.74779942,,,,,,,
0.8792128521203941,0.5032387087170506,0.034253418026844534,-0.3694165300663629,0.0,264.586103412104,35.69386800255905,22,15059,346000,0.0003,-212089664.0,1353556.375,-1.0102118253707886,6398343777353728.0,507804576.0,336001,26955.916666666668,-40102702.74779942,,,,,,,
12.185548324584957,0.4152745509746509,-0.14116055123390517,-0.43253395372200026,0.0,291.06561627997075,119.08125958992154,22,15131,348000,0.0003,-148220576.0,1339209.0,-1.4018042087554932,7644575782928384.0,723023168.0,338001,26955.916666666668,-40102702.74779942,,,,,,,
9.479487241506575,0.3456580365320099,0.1431647386985876,-0.4992993183990304,0.0,363.4614034541232,-153.5686644956682,23,15203,350000,0.0003,-138150368.0,1332001.0,-2.59584379196167,6372573973577728.0,467540992.0,340001,26955.916666666668,-40102702.74779942,,,,,,,
4.581573873758322,0.5479727047359796,0.05747320360226502,-0.368922002799095,0.0,274.9165951865471,79.93421081122645,23,15275,352000,0.0003,-270207328.0,1286737.25,1.988236904144287,4865155343056896.0,387292512.0,342001,26955.916666666668,-40102702.74779942,,,,,,,
9.7956402516365,0.490450547190221,-0.1894773557456625,-0.4274562785487668,0.0,314.0747475952227,156.85783693471657,23,15347,354000,0.0003,-263027376.0,1253116.75,1.7305854558944702,3521718295461888.0,298854720.0,344001,26955.916666666668,-40102702.74779942,,,,,,,
9.25184802830219,0.34794602637042016,0.11222112063685477,-0.5747087066873631,0.0,451.1328967165108,-79.04835457215867,23,15419,356000,0.0003,-269942560.0,1198642.625,2.0865797996520996,7310906753024000.0,425012320.0,346001,26955.916666666668,-40102702.74779942,,,,,,,
7.193753537535668,0.5942065587854396,0.13317617825051153,-0.3743844172638496,0.0,296.94416185866413,-44.308643792331004,23,15491,358000,0.0003,-210836416.0,1162020.125,0.8233054876327515,2660768478658560.0,183470976.0,348001,26955.916666666668,-40102702.74779942,,,,,,,
5.281787820458408,0.560916032689432,-0.197348868615016,-0.3854985042717223,0.0,293.5057724890926,92.70511098380862,23,15563,360000,0.0003,-267363312.0,1109515.0,-0.08703319728374481,4689163689394176.0,461646656.0,350001,26955.916666666668,-40102702.74779942,,,,,,,
9.101097454428698,0.31795152511867714,-0.005148288789850349,-0.6093635245755579,0.0,494.21747104028526,60.880287926862124,23,15635,362000,0.0003,-237006176.0,1061007.125,0.6199811100959778,4061677020512256.0,417484448.0,352001,26955.916666666668,-40102702.74779942,,,,,,,
14.812639932632408,0.42032959921276974,0.2864420503338104,-0.5582903417591102,0.0,571.8532565310092,-136.778034161378,23,15707,364000,0.0003,-136642576.0,1033790.25,-0.5378225445747375,9921573095997440.0,1056066048.0,354001,27959.30769230769,-38325343.91070285,,,,,,,
7.794411794543271,0.47709554691726536,0.3062120664788903,-0.8501829972338592,0.0,984.8215237212015,-394.92459981706935,23,15779,366000,0.0003,-156257728.0,969815.9375,-0.1263597309589386,3950548768260096.0,291026848.0,356001,27959.30769230769,-38325343.91070285,,,,,,,
8.452937280535709,0.5586456796497995,0.28398734146627247,-0.6277676962661787,0.0,731.1570477931681,-84.77713328113157,23,15851,368000,0.0003,-213312352.0,923438.875,-1.1558246612548828,2642204824698880.0,201468464.0,358001,27959.30769230769,-38325343.91070285,,,,,,,
-13.6104518777132,-0.7588543189553584,0.11328314726119205,-0.6340935543397422,0.0,974.2677002272226,217.22714073167418,23,15923,370000,0.0003,-197507392.0,898477.5625,1.422893762588501,4150159789260800.0,390609344.0,360001,27959.30769230769,-38325343.91070285,,,,,,,
-5.607387952804593,0.20773279485344365,-0.4618837069700945,-0.3529927461380986,0.0,495.75390487865377,-731.9797178246735,23,15995,372000,0.0003,-168586128.0,869425.25,-0.015300333499908447,3826748215001088.0,252306064.0,362001,27959.30769230769,-38325343.91070285,,,,,,,
9.315603960752494,0.22120749909732357,-0.3488905503432758,-0.5485983906283839,0.0,627.0249031162903,420.2264388372321,23,16067,374000,0.0003,-170475232.0,832791.6875,1.5312039852142334,4151354327040000.0,379134912.0,364001,27959.30769230769,-38325343.91070285,,,,,,,
11.49431914687157,0.3090540096319213,0.3567842073428728,-0.5679863051640569,0.0,502.77076618805063,-421.61515151433264,23,16138,376000,0.0003,-202665952.0,807055.4375,2.1980700492858887,2035007044452352.0,228528960.0,366001,27959.30769230769,-38325343.91070285,,,,,,,
-2.160936570167542,0.7140741079464228,0.08282472448028437,-0.2510049899735583,0.0,256.91699526959763,17.5972566017457,23,16209,378000,0.0003,-199735760.0,787826.375,-1.497894287109375,6256588381749248.0,445463168.0,368001,27959.30769230769,-38325343.91070285,,,,,,,
14.242319355010988,0.5569127747991157,-0.2831524143212892,-0.28031932675547655,0.0,271.80128993040887,254.35198399630139,23,16280,380000,0.0003,-57625568.0,781876.6875,-1.370692491531372,1.1782140043722752e+16,1259788544.0,370001,27959.30769230769,-38325343.91070285,,,,,,,
3.226028691530233,0.507585226224481,0.2310861241101467,-0.5803325432478542,0.0,516.9479827981843,35.76488764100169,23,16352,382000,0.0003,-168299504.0,771687.875,0.2472497522830963,4038237773365248.0,352784736.0,372001,27959.30769230769,-38325343.91070285,,,,,,,
12.057850711345669,0.4964138691559594,-0.09123700658196669,-0.6902046398572228,0.0,672.2072549734418,181.67662697673572,23,16423,384000,0.0003,-180351584.0,767183.875,1.7329919338226318,2119260478373888.0,389091552.0,374001,27959.30769230769,-38325343.91070285,,,,,,,
11.137991215586615,0.5228558193408157,0.41086059454513135,-0.4454719087751707,0.0,514.8279737315468,-85.16190231912012,23,16494,386000,0.0003,-138147808.0,749239.875,0.5392135381698608,5714282725507072.0,750042816.0,376001,27959.30769230769,-38325343.91070285,,,,,,,
-14.479318033456781,-0.336606816199398,-0.25673422683642466,-0.3920205031469753,0.0,643.4328838224278,-322.3820746638678,23,16564,388000,0.0003,-69124008.0,760487.3125,-0.5482313632965088,5018871148838912.0,494904224.0,378001,27959.30769230769,-38325343.91070285,,,,,,,
6.904076786041248,0.3300535993570676,-0.7124809085322105,-0.4290954520599571,0.0,586.3325867107743,432.0248818871891,23,16635,390000,0.0003,-120276224.0,746680.5,1.2851029634475708,8450086698745856.0,543280704.0,380001,27959.30769230769,-38325343.91070285,,,,,,,
0.6298446971178071,-0.13249600548015633,-1.0619207378559552,-0.3962897615468456,0.0,1069.411013531171,1636.6401585891888,23,16706,392000,0.0003,-67482960.0,758634.3125,-1.1205055713653564,1.430292829044736e+16,1539084160.0,382001,27959.30769230769,-38325343.91070285,,,,,,,
9.370719641447064,0.08008632767750411,0.929745305757205,-0.4774486857450384,0.0,1270.1233458459615,-1993.982776616498,23,16776,394000,0.0003,-128301680.0,765815.5,0.4083811640739441,1656542445174784.0,131749200.0,384001,27959.30769230769,-38325343.91070285,,,,,,,
7.430276269912718,0.0243437183667714,0.6117619717577614,-0.1459017267164568,0.0,253.78005665594847,-319.7547360075338,23,16846,396000,0.0003,-122702376.0,791268.25,0.4719128906726837,7207881225011200.0,737233280.0,386001,27959.30769230769,-38325343.91070285,,,,,,,
8.068698734641082,0.4863983426773206,0.11466651176230039,0.0938604362180664,0.0,96.4844888450271,58.60674856437274,23,16916,398000,0.0003,16256483.0,839097.625,-1.3214998245239258,1.7783037211181056e+16,1344346496.0,388001,27959.30769230769,-38325343.91070285,,,,,,,
9.709447512030616,0.33741909942435105,-0.01770662793536044,-0.27027293134481456,0.0,353.5292605339393,133.8514384088005,,,400000,0.0003,-28237782.0,882405.3125,-1.6022017002105713,3008555334500352.0,433961600.0,390000,,,0.0019687500000000013,0.0,40000.0,-1326666272.027128,1960486078.5347116,0.0,0.0
,,,,,,,22,18082,400000,0.0003,8919934.0,882370.8125,-0.5214253067970276,1.600464802021376e+16,1312542592.0,390001,27959.30769230769,-38325343.91070285,,,,,,,
0.49458569407462927,0.493114019262823,-0.05942197922368363,-0.3552682501210013,0.0,229.32798676896235,-5.201354476595126,22,18152,402000,0.0003,1801274.0,917415.5,-0.4072665572166443,3097954541895680.0,270094592.0,392001,27959.30769230769,-38325343.91070285,,,,,,,
-2.2379407942295058,-0.06426090643000783,-0.7030252561183091,-0.5652962099754975,0.0,909.7620458908951,520.1308503982534,22,18222,404000,0.0003,-59299920.0,950028.1875,0.7343759536743164,4108822339649536.0,408755520.0,394001,28819.35714285714,-37297801.88185557,,,,,,,
7.499244763255121,0.4311129614157637,0.3747028393919652,-0.8569093904843624,0.0,1006.2315031783444,-450.88687872491596,22,18293,406000,0.0003,-96113552.0,953741.0625,3.0249390602111816,3486510569488384.0,379019136.0,396001,28819.35714285714,-37297801.88185557,,,,,,,
6.772606765627867,0.6242772601307871,0.2503505176132758,-0.6279828868284867,0.0,730.2631244923969,-72.76562803572048,22,18364,408000,0.0003,-52807016.0,961343.25,-1.0008028745651245,3469400493522944.0,269168608.0,398001,28819.35714285714,-37297801.88185557,,,,,,,
-10.361174430847175,-0.7717506827301317,0.183747295223441,-0.619223092858708,0.0,942.9436975939739,338.13338264930445,22,18434,410000,0.0003,-775806.0,978624.5625,1.5269161462783813,4582091228446720.0,390823232.0,400001,28819.35714285714,-37297801.88185557,,,,,,,
-10.700494121313083,-0.015338536844316615,-0.47637888381207233,-0.3941413714867674,0.0,618.619363825277,-843.2730601235445,22,18506,412000,0.0003,47454908.0,989936.5,-0.9099711179733276,2992803273506816.0,432935872.0,402001,28819.35714285714,-37297801.88185557,,,,,,,
1.7486891722679203,0.231069280918615,-0.7942477047314683,-0.2845649182438021,0.0,569.3515764347261,206.6798223882226,22,18577,414000,0.0003,-27333692.0,1010426.3125,2.315141201019287,4688537697910784.0,324906976.0,404001,28819.35714285714,-37297801.88185557,,,,,,,
-18.869883293509545,-0.6404710598002563,0.3769692806700553,0.06645199980118331,0.0,607.6293251591753,395.44872279087934,22,18648,416000,0.0003,-29127770.0,1039148.6875,0.9526687264442444,5082144607043584.0,400182624.0,406001,28819.35714285714,-37297801.88185557,,,,,,,
7.301503147482879,0.2203544866863704,0.33868792027192773,-0.6591645274921318,0.0,595.7603810695053,-435.9673845154564,22,18720,418000,0.0003,-3600386.5,1046333.4375,-0.36802613735198975,3604730618052608.0,365869632.0,408001,28819.35714285714,-37297801.88185557,,,,,,,
4.261708338260671,0.6705067629079462,0.1901194703646742,-0.30432877186005547,0.0,277.3387723137076,-100.43783620644452,22,18791,420000,0.0003,28479958.0,1063147.375,1.6354854106903076,4006973095804928.0,295322464.0,410001,28819.35714285714,-37297801.88185557,,,,,,,
-1.785981966853141,0.5628244071425919,-0.2267968560961074,-0.17728841275073587,0.0,167.38182993619515,-191.5554781206673,22,18862,422000,0.0003,73795368.0,1108376.0,-1.5091822147369385,4498427681439744.0,292697024.0,412001,28819.35714285714,-37297801.88185557,,,,,,,
12.581668597459815,0.3719651480471797,0.01924137235961404,-0.29159950319614253,0.0,259.12773733254033,181.73723057932676,22,18933,424000,0.0003,49602800.0,1126409.25,0.48948103189468384,1.0123300193697792e+16,907841216.0,414001,28819.35714285714,-37297801.88185557,,,,,,,
2.1447142398357353,0.5136183321756475,-0.0007640502413494544,-0.41539149621607724,0.0,291.41965307869447,64.08350442646389,22,19004,426000,0.0003,43999148.0,1143820.375,-0.19074803590774536,7203859525009408.0,327322784.0,416001,28819.35714285714,-37297801.88185557,,,,,,,
-9.063280244469647,-0.06637520222775946,-1.6985238798320965,-0.11920522357343231,0.0,1927.9527476460235,12531.47603566571,22,19075,428000,0.0003,77462432.0,1154606.875,-1.5984686613082886,8421323302764544.0,635701376.0,418001,28529.866666666665,-38583465.14309154,,,,,,,
-11.174696875810605,-0.3789589447106388,-0.6125948442121826,-0.6987216205981619,0.0,884.7574280720836,-631.2655290943034,22,19147,430000,0.0003,-2369982.0,1165023.875,1.7797517776489258,2651430146015232.0,360824576.0,420001,28529.866666666665,-38583465.14309154,,,,,,,
1.1283627086877892,0.22763692101560037,-0.47576545812846494,-0.5337834517392457,0.0,1603.883072446909,7051.73113084526,22,19218,432000,0.0003,-827877.0,1162703.0,3.3415019512176514,8970671631630336.0,175702240.0,422001,26924.5,-38904155.28434369,,,,,,,
6.361292805671687,0.6238682333970789,0.41846923191457674,-0.6230277052001582,0.0,713.4562271767182,-207.76886063753426,22,19289,434000,0.0003,95935816.0,1153086.125,0.018882453441619873,3.5162472050589696e+16,2201718016.0,424001,26924.5,-38904155.28434369,,,,,,,
-12.027549649477,-0.8958277711766871,0.0393313379150687,-0.6118051399683055,0.0,824.788815776818,61.39567326912218,22,19360,436000,0.0003,54130352.0,1145805.25,2.6998250484466553,4941748031717376.0,380033856.0,426001,26924.5,-38904155.28434369,,,,,,,
0.12208821892738214,0.30379055875401273,-0.12291018617545216,-0.5546174773626531,0.0,666.8523753296247,-132.79171734305555,22,19432,438000,0.0003,68231936.0,1135564.375,-0.5742797255516052,9802423187013632.0,559451776.0,428001,26924.5,-38904155.28434369,,,,,,,
14.847584843039517,0.8743580730638393,0.06624444846500777,-0.591180661184135,0.0,667.5614939869597,-2.7218325182882364,22,19503,440000,0.0003,123637352.0,1126096.75,0.8695273399353027,1.302477823541248e+16,684808832.0,430001,26924.5,-38904155.28434369,,,,,,,
-13.392525731325149,-0.7167355761555894,0.23989430474711324,-0.5871743106027075,0.0,967.356282158034,431.94075054576246,22,19574,442000,0.0003,61262688.0,1112612.25,0.9696580171585083,4426327260135424.0,320732352.0,432001,26924.5,-38904155.28434369,,,,,,,
-9.994081495404243,0.031022531720296787,-0.5513699059805224,-0.3364515824982472,0.0,586.2112706801651,-893.9359716545824,22,19645,444000,0.0003,71995960.0,1095919.75,-0.3482591509819031,9225414731890688.0,788823872.0,434001,26924.5,-38904155.28434369,,,,,,,
1.760968693494802,0.25144479760488064,-0.700330870059138,-0.11701921854146669,0.0,518.0001943991987,494.71738714913704,22,19717,446000,0.0003,145562528.0,1074290.25,-1.327035665512085,3458854201327616.0,501795936.0,436001,26924.5,-38904155.28434369,,,,,,,
-18.793553745746618,-0.5427489902181223,0.17336196600964038,0.34892058592804315,0.0,456.6019046553408,1380.8416718349752,22,19788,448000,0.0003,111749720.0,1078048.625,-1.5303645133972168,3227762412224512.0,530961888.0,438001,26924.5,-38904155.28434369,,,,,,,
1.2512338453531267,-0.023852672629203955,0.08148303420916493,-0.4406871493311602,0.0,508.0636499111563,-1698.6236420735947,22,19859,450000,0.0003,232118128.0,1069088.125,0.20726507902145386,4.363570808619008e+16,2390270720.0,440001,26924.5,-38904155.28434369,,,,,,,
13.375367953777308,0.24022380452757625,0.351770392232794,-0.2883030242754007,0.0,232.88650798032296,-228.24324981928356,22,19931,452000,0.0003,73847376.0,1061101.25,0.3317197263240814,1.254724766531584e+16,1325277568.0,442001,26924.5,-38904155.28434369,,,,,,,
-5.510382813811297,0.4959459588583875,-0.01982925642930145,-0.1080826046999098,0.0,114.76483228838012,-42.43198475954663,22,20002,454000,0.0003,137443664.0,1066195.375,0.6521137952804565,5201267672481792.0,316836384.0,444001,26924.5,-38904155.28434369,,,,,,,
8.653437131047253,0.3306197499038459,-0.04222882409723227,-0.008210491023200022,0.0,65.59179049186814,224.31489149570618,22,20073,456000,0.0003,84413880.0,1082249.375,-0.4102475941181183,7612008119664640.0,487729152.0,446001,26924.5,-38904155.28434369,,,,,,,
2.954076249599462,0.3659193369528374,0.11991571797517978,-0.15545357223527032,0.0,166.60319866337963,-193.11551683222947,22,20144,458000,0.0003,151778832.0,1074652.0,-0.6323541402816772,7309465254625280.0,497557472.0,448001,26924.5,-38904155.28434369,,,,,,,
-5.155983198285101,0.28920503059482344,-0.2871299227782302,-0.0510475380011427,0.0,67.06228773223307,-72.85131909547962,22,20215,460000,0.0003,261309744.0,1085802.625,-1.341585636138916,5506939421196288.0,443270432.0,450001,26924.5,-38904155.28434369,,,,,,,
1.5906438440084476,-0.03860141443223415,-0.07857186114522925,-0.003125293017022382,0.0,9.47008409011687,-2.7326593472840215,22,20287,462000,0.0003,192102192.0,1081669.5,-0.3833543360233307,1.6380866754248704e+16,920201664.0,452001,26924.5,-38904155.28434369,,,,,,,
12.79274961054324,0.16230601893997085,0.19193397860734351,0.09372659485200363,0.0,123.86510156290187,171.1576027998459,22,20358,464000,0.0003,227794160.0,1073681.875,1.5757057666778564,1.5109588646887424e+16,929941120.0,454001,26924.5,-38904155.28434369,,,,,,,
6.253260180950162,0.4224263825920739,0.16657705297486405,0.15137898849655704,0.0,108.2092266384371,-65.90228183517853,22,20429,466000,0.0003,197214832.0,1063454.625,-2.1850669384002686,1.6089711994994688e+16,1262711936.0,456001,26924.5,-38904155.28434369,,,,,,,
10.459177504181868,0.3326870541988073,0.04461330569487018,-0.13126114077069026,0.0,267.35591453738425,19.20038255252715,22,20500,468000,0.0003,329746720.0,1036479.375,1.3030179738998413,5.904234848242893e+16,2344678912.0,458001,26924.5,-38904155.28434369,,,,,,,
-7.473180458545698,0.45619347216084877,-0.19478455401482764,-0.10207211849866454,0.0,103.20247198740579,-81.09552674967959,22,20571,470000,0.0003,207966624.0,1057134.75,0.9330477118492126,9963291187085312.0,788799488.0,460001,26924.5,-38904155.28434369,,,,,,,
-4.82886909246444,-0.04068946903852168,-0.4387168217774222,-0.5356874354140948,0.0,692.1540832057874,-309.39978933374186,22,20642,472000,0.0003,133132128.0,1035138.875,2.453615665435791,1.0578476532760576e+16,1009224896.0,462001,27693.647058823528,-37537645.65491712,,,,,,,
-3.642024234533307,-0.5114549990122701,-0.4459442524331591,-0.4743929780368125,0.0,606.1199935468616,167.52185218283768,22,20713,474000,0.0003,149382640.0,1001195.875,-0.36854615807533264,1.1152079078817792e+16,613578496.0,464001,27693.647058823528,-37537645.65491712,,,,,,,
7.318556334376312,0.3298261157190092,-0.49175116518553674,-0.8595105709296027,0.0,1663.5870962127542,1477.1563929258775,22,20784,476000,0.0003,133633216.0,960181.4375,3.2136192321777344,1.0467363581329408e+16,611163776.0,466001,26420.11111111111,-37972889.843676895,,,,,,,
5.973608925938608,0.303850328785521,0.32962322903983743,-0.92436025039563,0.0,1104.7945493355812,-300.0518980615899,22,20855,478000,0.0003,166579936.0,934203.8125,-3.476313591003418,1.28356708253696e+16,804613056.0,468001,26420.11111111111,-37972889.843676895,,,,,,,
8.517525256276132,0.44629722347746303,0.38927285753312024,-0.6188757433474485,0.0,745.2961985044693,-150.22553808115487,22,20926,480000,0.0003,280579680.0,926688.0625,1.0088326930999756,7105612684984320.0,399415488.0,470001,26420.11111111111,-37972889.843676895,,,,,,,
-15.966687868237491,-0.7180634594949907,0.05582130672917822,-0.6314687686886544,0.0,1009.7948654099006,118.9423430076704,22,20997,482000,0.0003,172215808.0,931888.4375,0.6902039051055908,1.2636118054862848e+16,745556288.0,472001,26420.11111111111,-37972889.843676895,,,,,,,
-3.836289184093471,0.3054758281407235,-0.4714979929386795,-0.29894953498157245,0.0,422.7696078578773,-699.901516518478,22,21068,484000,0.0003,321123264.0,932810.5,-0.21255293488502502,5.999572814292582e+16,2973447680.0,474001,26420.11111111111,-37972889.843676895,,,,,,,
-2.715474296808243,-0.12700230657307038,-0.7626555600936378,-0.26043559061788346,0.0,686.5724422830879,-0.012994711401624613,22,21139,486000,0.0003,144265152.0,927216.6875,1.440683126449585,1.2960280711528448e+16,923960768.0,476001,26420.11111111111,-37972889.843676895,,,,,,,
4.455146429538737,-0.033448256031696814,-0.8081650180007491,-0.33956076989932343,0.0,1420.5120419899042,1803.2016081092395,23,21209,488000,0.0003,131376272.0,926619.125,1.353659987449646,9253822719328256.0,609885632.0,478001,26420.11111111111,-37972889.843676895,,,,,,,
13.810703346133224,0.43368038687455573,0.6980859258777484,-0.23600096950710747,0.0,867.1128255934449,-1338.2644509717252,23,21280,490000,0.0003,200552496.0,930485.375,0.733767569065094,8001273890603008.0,509287968.0,480001,26420.11111111111,-37972889.843676895,,,,,,,
-15.610485722422597,-0.5978101353638418,0.10149236215590351,-0.33614311431405014,0.0,330.4149472483669,-257.78690280434665,23,21350,492000,0.0003,127519592.0,945188.8125,0.0743492841720581,6077825400438784.0,353942944.0,482001,26420.11111111111,-37972889.843676895,,,,,,,
-2.823710220456118,-0.3480710092041048,0.4216410073833381,-0.5152930697158438,0.0,450.3078455975352,85.8229570598857,23,21419,494000,0.0003,175464464.0,952901.0,-0.274923712015152,9878783410569216.0,479110368.0,484001,26420.11111111111,-37972889.843676895,,,,,,,
12.962831608057014,0.3793047656884958,0.4003947014801745,-0.20437003026541123,0.0,218.4253319440053,-336.80471472941923,23,21489,496000,0.0003,170936192.0,964794.8125,-0.34349384903907776,3.2402957710393344e+16,1608157312.0,486001,26420.11111111111,-37972889.843676895,,,,,,,
5.800030038356783,0.5659250882133683,-0.07027046429972539,-0.06127853151093826,0.0,112.48268036469184,107.91552490368944,23,21559,498000,0.0003,283593888.0,966069.0625,0.7588087320327759,8339940651827200.0,599575680.0,488001,26420.11111111111,-37972889.843676895,,,,,,,
5.975165826082247,0.3909905643343081,0.08134709685156326,-0.4322079371123859,0.0,421.7318739622251,167.13265188133337,,,500000,0.0003,260175424.0,973946.9375,0.15480774641036987,7463989588000768.0,638559936.0,490000,,,0.0019687500000000013,0.0,40000.0,-75987.24983024679,61728.65928726736,0.0,0.0
,,,,,,,22,22725,500000,0.0003,389409472.0,973967.375,-0.5908842086791992,2.6530597102944256e+16,1580064256.0,490001,26420.11111111111,-37972889.843676895,,,,,,,
6.001088737249377,0.555420297704757,-0.3894212418393048,-0.5137162317984126,0.0,641.9957295837951,1158.4247514153753,22,22796,502000,0.0003,309740064.0,962635.875,-1.3676292896270752,9630545038278656.0,494898880.0,492001,26420.11111111111,-37972889.843676895,,,,,,,
-1.2837302422523504,-0.19841647038209864,-0.20988688381913326,-0.8716111025725098,0.0,968.9587773495606,-625.6756453717476,22,22866,504000,0.0003,363069984.0,957425.5,-0.6734672784805298,2.1073692977004544e+16,1611432064.0,494001,26420.11111111111,-37972889.843676895,,,,,,,
-3.605432767868043,-0.10919010806566075,0.0752701631115948,-0.9057899443665075,0.0,1036.840161806273,143.29533973505917,22,22937,506000,0.0003,265579936.0,943600.125,-1.6541829109191895,1.1472063806046208e+16,600142656.0,496001,26420.11111111111,-37972889.843676895,,,,,,,
-12.90439332306385,-0.556300492527882,-0.5619800116850527,-0.6008540972251936,0.0,715.3005118040094,-428.4045343772679,22,23008,508000,0.0003,254543840.0,935689.25,-1.9704662561416626,1.7809550044299264e+16,1132384768.0,498001,26420.11111111111,-37972889.843676895,,,,,,,
7.832483105659473,0.2985835555646227,-0.5979933261675224,-0.7337546704092377,0.0,1950.161798858003,1540.17377871599,22,23079,510000,0.0003,201591024.0,929537.25,1.9241917133331299,7007172571430912.0,375010240.0,500001,26420.11111111111,-37972889.843676895,,,,,,,
11.20761270701887,0.44434037857360614,0.5015728319867568,-0.7902392546665692,0.0,1636.6288117145507,-1374.8609797706108,22,23150,512000,0.0003,421719936.0,915006.5,-3.1227102279663086,2.376868187602944e+16,1502787456.0,502001,26420.11111111111,-37972889.843676895,,,,,,,
-0.6752812182903296,-0.1617226375787263,0.9848468342009875,-0.4867519399274885,0.0,809.9928232860699,-205.5023613972063,22,23222,514000,0.0003,266618080.0,944916.625,1.55766761302948,7821738352050176.0,427111104.0,504001,26420.11111111111,-37972889.843676895,,,,,,,
6.256288248300534,0.40085332082620767,0.4693770929414285,-0.35029760162661044,0.0,544.1112828575311,-194.46338759362686,22,23293,516000,0.0003,335722144.0,937586.5,-1.8538316488265991,1.973703043501261e+16,1241234560.0,506001,27134.842105263157,-37671985.061771214,,,,,,,
-8.880108604431141,-0.36624931136666045,-0.47393672789811686,-0.7775933117727727,0.0,885.9829808493078,-460.14897122843973,22,23365,518000,0.0003,188992640.0,934628.875,0.8818091750144958,4688432471212032.0,483309504.0,508001,27134.842105263157,-37671985.061771214,,,,,,,
4.422610265612612,0.15560369122418344,-0.7605943869175402,-0.5905155046931224,0.0,1253.3117823843008,1494.410001560809,22,23436,520000,0.0003,383083264.0,941441.0625,-0.5493752956390381,1.1247415541628928e+16,498526528.0,510001,27134.842105263157,-37671985.061771214,,,,,,,
-0.09153648734092741,-0.006584549743069959,-0.15223142358731612,-0.9738001349622645,0.0,1414.9599105141433,210.84704858005372,22,23508,522000,0.0003,555303232.0,937987.1875,-0.9525860548019409,8.903551385967002e+16,3049508096.0,512001,26022.75,-38075929.7547208,,,,,,,
-0.28669235885143096,-0.044043776696011734,0.050885926341877205,-0.989136927848992,0.0,1177.2063313908475,22.71622694102986,22,23580,524000,0.0003,190872096.0,935068.375,0.7400721907615662,6706026644504576.0,485327616.0,514001,26022.75,-38075929.7547208,,,,,,,
6.669735910892487,0.31256397386034274,0.4414195364356057,-0.889694480418225,0.0,1073.2164938314481,-368.16691075641035,22,23653,526000,0.0003,250554976.0,947996.375,-1.5649462938308716,7957173703278592.0,401555872.0,516001,26022.75,-38075929.7547208,,,,,,,
1.4603409624099828,-0.027476403469011944,0.4666753615913555,-0.5587221841778158,0.0,780.9657844435624,215.76275132169647,22,23726,528000,0.0003,221054800.0,947223.6875,0.40480703115463257,4666160918298624.0,316459200.0,518001,26022.75,-38075929.7547208,,,,,,,
-16.000451987385773,-0.6218978570901295,-0.12140473421997418,-0.6550296910361965,0.0,1138.4625586075156,-241.0456195123262,22,23798,530000,0.0003,178840144.0,970079.5625,1.1455568075180054,2.831434426561331e+16,1715714176.0,520001,26022.75,-38075929.7547208,,,,,,,
0.9152367615699805,0.4233719017232312,-0.4644357483644727,-0.2508057664645293,0.0,352.71719816988957,-613.2325175125487,22,23870,532000,0.0003,380550752.0,965192.375,-0.9129204750061035,8227810866888704.0,800219264.0,522001,26022.75,-38075929.7547208,,,,,,,
-4.13929265379905,-0.23652568758092357,-0.8248355693898494,-0.32918340223619447,0.0,611.6521397132485,111.61158036282393,22,23942,534000,0.0003,259653888.0,991101.25,1.896637201309204,1.22612726366208e+16,751652416.0,524001,26022.75,-38075929.7547208,,,,,,,
12.75925118207932,0.25409326738865,-0.4246792089975212,-0.40414045922503955,0.0,843.8682640751564,647.7875104672312,22,24014,536000,0.0003,280870464.0,994579.9375,0.047991856932640076,7469427553468416.0,476440192.0,526001,26022.75,-38075929.7547208,,,,,,,
7.222716099619873,0.27857138816091853,0.6477830810073929,-0.32952548038730795,0.0,717.2808317677639,95.98097777354809,22,24086,538000,0.0003,229986784.0,1026132.6875,-0.25310948491096497,1.278626796404736e+16,585286336.0,528001,26022.75,-38075929.7547208,,,,,,,
-1.6379696989059302,-0.010476968650964974,0.4931971640324878,-0.884185103739617,0.0,1048.9754802030682,-101.13342418420252,22,24158,540000,0.0003,334811680.0,1030761.125,0.5086328983306885,9414350343241728.0,652691520.0,530001,26022.75,-38075929.7547208,,,,,,,
11.637512980103482,0.5072927767624631,0.2776798560318504,-0.7353076981832776,0.0,770.2279116523963,-384.34154737539376,22,24230,542000,0.0003,364538112.0,1042731.375,1.080310344696045,1.4449685175468032e+16,1437062528.0,532001,26022.75,-38075929.7547208,,,,,,,
-6.72958234250546,-0.17319628507119822,0.49512490155374733,-0.5137622365284035,0.0,898.4227334229865,832.9016599879438,22,24302,544000,0.0003,342674848.0,1058134.375,0.7264288067817688,1.1172362061873152e+16,435307840.0,534001,26022.75,-38075929.7547208,,,,,,,
-7.748367341160769,-0.3825782322139937,-0.3784023744920977,-0.5466072432637074,0.0,859.6792012709174,-843.8751395155691,22,24374,546000,0.0003,360719104.0,1064271.375,-0.26212459802627563,1.0715485989502976e+16,347781216.0,536001,26022.75,-38075929.7547208,,,,,,,
15.891204516291621,0.7342656804115001,-0.09863745242520133,-0.6201707918564151,0.0,655.8967860997928,87.92687124816423,22,24446,548000,0.0003,283147904.0,1084966.25,0.9185376167297363,2.3309092458070016e+16,1514405120.0,538001,26022.75,-38075929.7547208,,,,,,,
-4.371702767014503,-0.13922965051262917,0.4933465309637499,-0.5317152247206544,0.0,897.6833266599424,786.9710794533396,22,24518,550000,0.0003,355249472.0,1104266.5,-0.5504202842712402,1.535306926915584e+16,719100928.0,540001,26022.75,-38075929.7547208,,,,,,,
-12.047619814872744,-0.4940049698396162,-0.38728837779385095,-0.5888776826352177,0.0,998.676650668761,-947.4771975744954,22,24590,552000,0.0003,477523904.0,1123230.875,-1.970088005065918,1.9969456885202944e+16,1110584832.0,542001,26022.75,-38075929.7547208,,,,,,,
11.177219259142877,0.5506628068334187,-0.5660052304003189,-0.620808302048684,0.0,780.0951400595403,625.4476286728358,22,24662,554000,0.0003,387066528.0,1122381.75,-0.44893956184387207,8804935286128640.0,375512416.0,544001,26022.75,-38075929.7547208,,,,,,,
-0.5513972276449203,-0.052178305410263706,-0.12161156994037338,-0.9396727622978726,0.0,1074.4137583166307,-2.472191074253462,22,24734,556000,0.0003,313589504.0,1124357.25,0.21918505430221558,9747420762079232.0,570046144.0,546001,26022.75,-38075929.7547208,,,,,,,
-4.652155011892316,-0.1587995816008161,-0.19555781940563285,-0.9149869962718425,0.0,1046.7914185551097,-164.47216746515429,22,24806,558000,0.0003,362259008.0,1125541.625,-0.1301993727684021,4.064384245773107e+16,2029376768.0,548001,26022.75,-38075929.7547208,,,,,,,
-4.905473611354819,-0.49037207069504557,-0.07205526383655349,-0.7768045732658201,0.0,807.5258078369541,-102.92859301498741,22,24877,560000,0.0003,362383264.0,1111435.125,2.623917579650879,9102990984085504.0,790880320.0,550001,26022.75,-38075929.7547208,,,,,,,
-0.5554715973138804,-0.07257006054792955,0.10945104693041138,-0.9490098534288094,0.0,1111.8546976922946,87.52472944544982,22,24949,562000,0.0003,403353280.0,1113399.875,0.7920198440551758,1.893649792316211e+16,1410617728.0,552001,26688.333333333332,-37942361.68008314,,,,,,,
1.1609162211418127,0.07917912114052457,-0.015287154398013507,-0.9929954517936662,0.0,1186.357871893108,10.447114542549224,22,25020,564000,0.0003,345283648.0,1119558.375,-1.3769354820251465,1.2963782183616512e+16,651090944.0,554001,26688.333333333332,-37942361.68008314,,,,,,,
0.3636424255371096,0.012213047067981564,-0.03262456337209352,-0.9957364007658883,0.0,1191.369808301501,10.721313409187127,22,25092,566000,0.0003,312109472.0,1121242.375,0.6240078210830688,7313419845763072.0,577352448.0,556001,26688.333333333332,-37942361.68008314,,,,,,,
1.1453223955631275,0.05165452444162236,0.06650343617872567,-0.9928988062257079,0.0,1186.3136819932772,-5.040104902809315,22,25164,568000,0.0003,417941504.0,1111675.75,-3.6262106895446777,1.2405895996637184e+16,589969024.0,558001,26688.333333333332,-37942361.68008314,,,,,,,
1.1918101352453248,0.08709942556074118,-0.04481371805504258,-0.9894218585449608,0.0,1179.2390061749204,15.865828383924928,22,25235,570000,0.0003,338996736.0,1124380.875,0.12935969233512878,1.5363294512545792e+16,1283226112.0,560001,26688.333333333332,-37942361.68008314,,,,,,,
0.24040986299514772,-0.002110934969737026,-0.021263921180658535,-0.9928264709569977,0.0,1184.6233940910088,8.569590638085279,22,25307,572000,0.0003,575302272.0,1117493.25,-1.4415786266326904,9283604022558720.0,875181376.0,562001,26688.333333333332,-37942361.68008314,,,,,,,
1.4869523465633414,0.0733067464564626,0.08834493915575611,-0.986854044871117,0.0,1174.4941014453723,-16.772968857466317,22,25378,574000,0.0003,332987072.0,1123529.75,-0.0007187128067016602,1.131238551191552e+16,464602880.0,564001,26688.333333333332,-37942361.68008314,,,,,,,
1.121457489728929,0.08948918986213808,-0.0856543077760771,-0.9834927943464971,0.0,1167.735724700021,23.16205020100306,22,25450,576000,0.0003,365965024.0,1129061.5,-0.6982061862945557,3.923600371770982e+16,1526473600.0,566001,26688.333333333332,-37942361.68008314,,,,,,,
0.11523488044738778,-0.02028812391276431,0.0016833109803242928,-0.9867727016553015,0.0,1171.0617203297966,7.371480069428122,22,25521,578000,0.0003,403131648.0,1120473.75,-0.5820779800415039,9765476804591616.0,517336224.0,568001,26688.333333333332,-37942361.68008314,,,,,,,
5.604415145516399,0.22292099928736045,0.37499400948214273,-0.9213379799514138,0.0,1109.8914712868432,-275.285134623136,22,25591,580000,0.0003,430971232.0,1122648.25,-2.931978940963745,1.3120817999118336e+16,716023168.0,570001,26688.333333333332,-37942361.68008314,,,,,,,
1.5647450977563748,0.030428509830002694,0.5320837801507969,-0.5617107251097017,0.0,791.081135940548,166.43797999209568,22,25662,582000,0.0003,284310944.0,1115691.5,-0.5637847185134888,1.5931219111837696e+16,780609088.0,572001,26688.333333333332,-37942361.68008314,,,,,,,
-15.06120352268219,-0.5960780462122075,-0.07015947906529549,-0.6952187033218146,0.0,1213.5965960105227,-143.25884915319233,22,25734,584000,0.0003,415650400.0,1129437.25,-0.10527658462524414,2.037304851955712e+16,954848384.0,574001,26688.333333333332,-37942361.68008314,,,,,,,
3.0038528728485168,0.3505838006989144,-0.474293806019166,-0.36329817547549775,0.0,490.9995556527689,-213.29601843865595,22,25805,586000,0.0003,398229600.0,1138479.125,0.44775304198265076,2.203050861133824e+16,1506085120.0,576001,26688.333333333332,-37942361.68008314,,,,,,,
2.8462583822011847,-0.02703467512334015,-0.5023998029008934,-0.8196891380854127,0.0,1061.839642840187,256.7942579705675,22,25876,588000,0.0003,327496608.0,1133213.5,-0.3791627883911133,7316803206250496.0,451748640.0,578001,26688.333333333332,-37942361.68008314,,,,,,,
-3.0281462800502768,-0.13096646020354324,0.1318874244796661,-0.8983757293848378,0.0,989.6765881089926,72.4489719402191,22,25947,590000,0.0003,306756608.0,1143271.75,1.0903480052947998,5405066018160640.0,329399424.0,580001,26688.333333333332,-37942361.68008314,,,,,,,
-5.624196389317518,-0.18531712308455553,-0.31487354403835716,-0.8623116104353449,0.0,959.3658303747346,-270.91390738644634,22,26017,592000,0.0003,310074752.0,1125465.5,3.272122859954834,1.7748999595360256e+16,812272704.0,582001,26688.333333333332,-37942361.68008314,,,,,,,
-1.582915927171702,-0.5351316327813437,0.057832576757339625,-0.6783487314601613,0.0,672.464131685744,158.2963264836939,22,26087,594000,0.0003,601361856.0,1135159.375,-0.9258896708488464,3.0458516493828096e+16,1417075072.0,584001,26688.333333333332,-37942361.68008314,,,,,,,
8.912558493018157,0.275177299400844,0.8234572397295891,-0.5470829650509094,0.0,736.6089442491111,-484.6787415566697,22,26158,596000,0.0003,468519968.0,1133076.25,-0.08703848719596863,2.260273784160256e+16,1000011328.0,586001,26688.333333333332,-37942361.68008314,,,,,,,
-15.581696986556059,-0.40154661018335935,0.02843547891039588,-0.2307869713479045,0.0,659.4540389527068,308.6122564956983,22,26228,598000,0.0003,370475872.0,1152590.25,0.7386967539787292,1.3380161009352704e+16,866182272.0,588001,26688.333333333332,-37942361.68008314,,,,,,,
0.9751779758930239,0.452269870745599,-0.42243185141400014,-0.11578916310050148,0.0,181.28390527915073,-690.7042437388625,,,600000,0.0003,701707136.0,1162025.75,-0.39645272493362427,5.692091810604646e+16,2915499008.0,590000,,,0.003625000000000003,0.0,40000.0,-43348.90481180884,6010.285416575829,0.003625000000000003,0.0
,,,,,,,21,27413,600000,0.0003,503635904.0,1161995.75,1.474135398864746,7.047775044763648e+16,3184668416.0,590001,26688.333333333332,-37942361.68008314,,,,,,,
7.4435216903686525,0.2302760592519443,0.4194978745310254,-0.6859266584898647,0.0,804.2799819164383,-295.12886417473493,21,27484,602000,0.0003,402833696.0,1176799.125,1.5800976753234863,2.866399111072973e+16,1183899776.0,592001,27293.409090909092,-37966788.18416459,,,,,,,
-3.285017185211157,-0.03979133772747695,0.6564061813149729,-0.4912277605231201,0.0,870.1449783099456,772.6311238703303,21,27554,604000,0.0003,510937600.0,1196090.375,-1.9796411991119385,3.068105807678669e+16,807311360.0,594001,27293.409090909092,-37966788.18416459,,,,,,,
-12.608233390450478,-0.6659341219868453,-0.2748293275279751,-0.6802769158363119,0.0,1143.846488595327,-816.1334360363627,21,27625,606000,0.0003,431859904.0,1207344.5,-0.9353647232055664,1.5197436834217984e+16,1163107072.0,596001,27293.409090909092,-37966788.18416459,,,,,,,
9.017067511081684,-0.9303585581115977,0.011722720019379781,-0.49911907539434197,0.0,650.4983959069177,-34.65348705104191,21,27695,608000,0.0003,368394880.0,1225277.25,1.9242103099822998,1.7281694268653568e+16,805274688.0,598001,27293.409090909092,-37966788.18416459,,,,,,,
-10.85921475946902,-0.5937565399731051,0.3035178118901852,-0.566429564135826,0.0,1050.9104770696742,701.7323027714058,21,27766,610000,0.0003,471888640.0,1242265.0,-0.298611044883728,1.1093436669100032e+17,2531694080.0,600001,27293.409090909092,-37966788.18416459,,,,,,,
-11.336482242941853,-0.24677610237933978,-0.6541926391556379,-0.39084423606693414,0.0,913.5381915730312,-1012.2367059508723,21,27836,612000,0.0003,755073280.0,1241525.875,-2.09725022315979,7.674817936149709e+16,3298214656.0,602001,27293.409090909092,-37966788.18416459,,,,,,,
-9.694618461728103,-0.00915976121231923,-0.5163473780452255,0.05198654380972286,0.0,421.4798717057315,149.95948897209587,22,27907,614000,0.0003,586109632.0,1250979.375,-0.6810382008552551,1.371306821943296e+16,626678848.0,604001,27293.409090909092,-37966788.18416459,,,,,,,
1.8912770766019815,-0.3454154406643813,-0.2413117451183803,-0.1256609780274343,0.0,133.4862018070867,-396.0188258990207,22,27978,616000,0.0003,476637952.0,1259256.375,0.197919100522995,9.09326180941824e+16,2805047552.0,606001,27293.409090909092,-37966788.18416459,,,,,,,
8.00253752768041,-0.43690276599817274,0.09510392852177976,-0.1151546757017501,0.0,78.55861201516817,-41.07288891089587,22,28049,618000,0.0003,604923648.0,1266209.625,0.04195880889892578,1.535839502860288e+16,659305472.0,608001,27293.409090909092,-37966788.18416459,,,,,,,
6.5662927144765835,-0.09217029817582947,0.4551717938245921,0.005033782136139609,0.0,112.81187044071955,110.42768756117005,22,28120,620000,0.0003,580323520.0,1305447.0,-1.922991156578064,1.5725450449911808e+16,911077696.0,610001,27293.409090909092,-37966788.18416459,,,,,,,
7.820940744280826,0.3109368173513402,0.04546167387348392,0.15774231422700621,0.0,112.35450571486713,-84.90564070824043,22,28191,622000,0.0003,677839424.0,1317500.0,0.16316062211990356,2.923515518910464e+16,1401191808.0,612001,27293.409090909092,-37966788.18416459,,,,,,,
14.281951482295979,0.3090010058907208,-0.08622152720772057,0.06943470737287556,0.0,192.9907858572179,184.236449789365,22,28263,624000,0.0003,394398080.0,1349582.625,2.041761875152588,1.5629519134130176e+16,867087296.0,614001,27293.409090909092,-37966788.18416459,,,,,,,
2.5897360825538653,0.4905479849988334,0.17099644032219977,0.0071499816722662615,0.0,117.00984084486507,-178.30598851966198,22,28334,626000,0.0003,781562624.0,1372396.0,-0.12361395359039307,2.151296290468659e+16,1169271168.0,616001,27293.409090909092,-37966788.18416459,,,,,,,
14.237623796463028,0.36329390061677086,-0.02311339405283747,-0.22534733977680255,0.0,309.9135018754468,209.91976473977908,22,28405,628000,0.0003,449400896.0,1395115.875,1.4676052331924438,1.228302664597504e+16,392207680.0,618001,27293.409090909092,-37966788.18416459,,,,,,,
-2.360172846317294,0.5778743897516865,0.06483036491976647,-0.3818023403152746,0.0,288.102735113234,2.47919039426673,22,28477,630000,0.0003,635814848.0,1389938.0,-0.43318653106689453,6.398611353816269e+16,2889691136.0,620001,27293.409090909092,-37966788.18416459,,,,,,,
6.78401104629039,0.13194816611923257,-0.4544572725524981,-0.6394925231699201,0.0,786.5367409656266,556.6270977818909,22,28548,632000,0.0003,842215168.0,1391586.625,0.42334669828414917,4.167901547541299e+16,1992635136.0,622001,27293.409090909092,-37966788.18416459,,,,,,,
12.162254746556282,0.31902345459019466,0.5238335844826076,-0.5774050208793419,0.0,596.4369177441229,-604.418233780832,22,28620,634000,0.0003,556396352.0,1391806.875,0.021209560334682465,2.041401391762637e+16,799972672.0,624001,27293.409090909092,-37966788.18416459,,,,,,,
6.657948903441426,0.4855677784292987,0.36107259875319275,-0.12111728325132384,0.0,341.30816080956686,443.0452184787718,22,28692,636000,0.0003,655729728.0,1427222.5,-1.7335829734802246,2.3425241258655744e+16,831542656.0,626001,27293.409090909092,-37966788.18416459,,,,,,,
-15.731265698075285,-0.41490263763536245,0.33375313574364396,-0.46849997606374416,0.0,1168.0420935708864,648.9896076265736,22,28764,638000,0.0003,916938560.0,1433415.375,-2.6645431518554688,3.94516325508055e+16,1303267840.0,628001,27293.409090909092,-37966788.18416459,,,,,,,
-8.289835751056682,-0.16529822981551792,-0.9005613059155788,-0.20263890101012333,0.0,963.8810537142507,-1115.4433313104414,22,28836,640000,0.0003,727601280.0,1466354.375,1.5308974981307983,2.6774003637026816e+16,1171443840.0,630001,27293.409090909092,-37966788.18416459,,,,,,,
0.8800806963443758,0.11510243952776444,-0.04322434672387503,-0.7597858601553225,0.0,942.4538515469205,-72.0615428777871,22,28907,642000,0.0003,484244736.0,1436646.5,0.8768172264099121,1.6158244640653312e+16,468193696.0,632001,27845.869565217392,-37279602.80372661,,,,,,,
1.7559397268295258,0.12809296640959228,-0.04844956185315536,-0.9780616246408268,0.0,1156.2389180622124,18.569862524006,22,28979,644000,0.0003,623164928.0,1450491.75,-0.4171801507472992,3.885840737291469e+16,1303656960.0,634001,27845.869565217392,-37279602.80372661,,,,,,,
0.3056627005338668,0.0002135333504518627,-0.04508505835289503,-0.9846666629837793,0.0,1167.0220010418288,8.928249452599694,22,29050,646000,0.0003,704236288.0,1451475.625,-1.9441295862197876,1.836303603728384e+16,1074704640.0,636001,27845.869565217392,-37279602.80372661,,,,,,,
5.6220008432865125,0.19872345230638302,0.39842672023958464,-0.9158762319705516,0.0,1116.0364463266021,-319.1009290106565,22,29122,648000,0.0003,867039232.0,1436713.625,-2.644362449645996,7.462256568696832e+16,2448438272.0,638001,27845.869565217392,-37279602.80372661,,,,,,,
-3.1754859155416506,-0.0677667983285968,0.5292972494351346,-0.5433253476207741,0.0,811.48763330043,323.0649110739527,22,29194,650000,0.0003,555098496.0,1453266.5,1.0784050226211548,1.63385119342592e+16,872366080.0,640001,27845.869565217392,-37279602.80372661,,,,,,,
-14.524710902571679,-0.5444701835428482,-0.3049267583191254,-0.5860731625924562,0.0,951.7007385906192,-697.7035790265589,22,29266,652000,0.0003,828264192.0,1469999.0,0.7816841006278992,1.6218737966527283e+17,4543693312.0,642001,27845.869565217392,-37279602.80372661,,,,,,,
12.08433444142341,0.6343905337265563,-0.5244451293748945,-0.5186100615505463,0.0,627.9829610884424,614.862399959385,22,29337,654000,0.0003,504758112.0,1490969.625,0.8289753198623657,2.3788992776372224e+16,654603648.0,644001,27845.869565217392,-37279602.80372661,,,,,,,
8.309507984519005,0.21738636718783205,0.3382017631211073,-0.8040451510013855,0.0,944.7745933889599,-533.6860507149147,22,29408,656000,0.0003,627545024.0,1486144.375,-0.07983097434043884,1.932958621499392e+17,5420628480.0,646001,27845.869565217392,-37279602.80372661,,,,,,,
-7.288601943254481,-0.15375497532960417,0.5511838351307901,-0.43196131394678994,0.0,821.7665809588615,704.3821740734107,22,29480,658000,0.0003,536232448.0,1525525.125,-1.6342442035675049,1.96573673816064e+16,527985280.0,648001,27845.869565217392,-37279602.80372661,,,,,,,
-6.183695018291486,-0.10185391976944613,-0.6326367502353818,-0.39942005770449596,0.0,737.5757980540524,-131.472008894181,22,29551,660000,0.0003,737781376.0,1536384.75,2.9824013710021973,3.812063507067699e+16,1494795776.0,650001,27845.869565217392,-37279602.80372661,,,,,,,
7.748723456859584,0.1427788371960171,-0.055875651994944965,-0.86353472370075,0.0,1189.4007499180948,-193.97679693200308,22,29622,662000,0.0003,655607808.0,1537047.25,0.4764952063560486,3.578921944822579e+16,1068854400.0,652001,27845.869565217392,-37279602.80372661,,,,,,,
0.21369659483432443,0.06629990604451175,0.7150948798494865,-0.48266323772668784,0.0,814.1696808278814,539.3472376018219,22,29693,664000,0.0003,662293888.0,1561889.5,-1.7128671407699585,7.225436366962688e+16,3041393408.0,654001,27845.869565217392,-37279602.80372661,,,,,,,
-13.127388979792592,-0.5880613902410923,-0.17364719333711295,-0.7461364173557218,0.0,1303.9904593882566,-553.3903352222499,22,29764,666000,0.0003,1034230336.0,1588250.875,-2.548588991165161,5.00578481298473e+16,1735568000.0,656001,27845.869565217392,-37279602.80372661,,,,,,,
-0.985029475092889,-0.7266170450620071,0.18350796342632578,-0.5657697002846762,0.0,905.8930867787699,239.15917968131131,22,29835,668000,0.0003,833494656.0,1602899.75,-0.13522076606750488,7.74967749813207e+16,1894250112.0,658001,27845.869565217392,-37279602.80372661,,,,,,,
-8.962916598916056,-0.29093638264438837,0.1681177571333087,-0.7166106169768288,0.0,1535.9784857478967,473.7757242252598,22,29906,670000,0.0003,826492800.0,1627410.625,0.7603508234024048,4.136968334082048e+16,1405853184.0,660001,27845.869565217392,-37279602.80372661,,,,,,,
-15.498206477165226,-0.6214603549201879,-0.4447922780591975,-0.44044577299144294,0.0,966.3255613409411,-1197.2558521499097,22,29977,672000,0.0003,455947456.0,1650110.5,2.121161937713623,5.19120842957783e+16,2120363520.0,662001,27845.869565217392,-37279602.80372661,,,,,,,
7.866041405200962,0.26151755789682285,-0.48144371697354293,-0.4115625991631881,0.0,729.4425545353827,125.40902529223409,22,30048,674000,0.0003,712176704.0,1674463.25,0.5270203351974487,6.862549426162893e+16,2087825280.0,664001,27845.869565217392,-37279602.80372661,,,,,,,
8.534406919479398,0.6370367185568476,0.27777879247707055,-0.3029771234111541,0.0,288.1128382090724,-276.4927925472133,22,30119,676000,0.0003,617876096.0,1702347.75,0.8072130680084229,4.752042869601075e+16,1465083520.0,666001,27845.869565217392,-37279602.80372661,,,,,,,
8.028319551348691,0.6602540543656408,-0.20308209615529274,-0.22656076865448138,0.0,224.02821912415013,192.16297707195847,22,30190,678000,0.0003,795162752.0,1740930.5,-0.9356485605239868,4.931060112975462e+16,1272665088.0,668001,27845.869565217392,-37279602.80372661,,,,,,,
6.045073807835586,0.34275986016856547,-0.006785337070332939,-0.6101638674492544,0.0,554.44089299305,95.85611725730182,22,30262,680000,0.0003,510337792.0,1744450.5,1.536142349243164,2.8596873656795136e+16,1723229184.0,670001,27845.869565217392,-37279602.80372661,,,,,,,
3.088224052786827,0.1322267964531189,0.05940534595514838,-0.9068051182102685,0.0,1043.148651822551,-53.59567530539436,22,30333,682000,0.0003,749070720.0,1747545.875,0.20136186480522156,4.024205256215757e+16,1602281344.0,672001,28352.291666666668,-37215500.10180629,,,,,,,
1.23762866616249,0.06012532377108652,0.04240890359133323,-0.9966914839897109,0.0,1194.485728725108,-0.22657877529910622,22,30404,684000,0.0003,846165824.0,1748554.5,-1.640842080116272,4.897342901714944e+16,2329194752.0,674001,28352.291666666668,-37215500.10180629,,,,,,,
1.8690969038009644,0.10939480735443216,0.00804991908575176,-0.9916724863350626,0.0,1184.4345538923076,4.385104849578461,22,30475,686000,0.0003,959897216.0,1757783.625,-0.45950907468795776,1.3904327837587866e+17,3830204160.0,676001,28352.291666666668,-37215500.10180629,,,,,,,
1.4995797955989831,0.08279828128444296,-0.025343103787911523,-0.9943460769889464,0.0,1189.3889680768348,15.610317431162397,22,30545,688000,0.0003,779314112.0,1771120.75,-2.1087164878845215,2.9864836049403904e+16,806653504.0,678001,28352.291666666668,-37215500.10180629,,,,,,,
1.9505181950330734,0.09585145056953823,0.03974806101564107,-0.992437752143347,0.0,1186.0174935422112,-5.653392414360985,22,30616,690000,0.0003,929957504.0,1797708.375,-1.7408316135406494,5.202893317603328e+16,1753371904.0,680001,28352.291666666668,-37215500.10180629,,,,,,,
2.087691904306407,0.12654536334437155,-0.01621203212731843,-0.9881889395194583,0.0,1177.565276275922,12.159599947990776,22,30687,692000,0.0003,634663808.0,1801054.625,-0.6095252633094788,5.429059852959744e+16,1491825920.0,682001,28352.291666666668,-37215500.10180629,,,,,,,
1.4000583809614195,0.07128397048528126,-0.027011456802213056,-0.9939286253049239,0.0,1188.1829760453156,15.769922281623145,22,30757,694000,0.0003,595410880.0,1807772.75,1.5139085054397583,1.6430133250359296e+16,564072960.0,684001,28352.291666666668,-37215500.10180629,,,,,,,
6.751025292873378,0.2967063610191653,0.43472552751509214,-0.8882444588431444,0.0,1099.1601809050599,-415.8699052029377,22,30827,696000,0.0003,759548672.0,1806752.375,0.5631765127182007,2.546795347443712e+16,1677515136.0,686001,28352.291666666668,-37215500.10180629,,,,,,,
-3.0982716596126587,-0.14605907651783137,0.5027880317752924,-0.5443953134703303,0.0,842.1386045414075,513.9339164209745,22,30897,698000,0.0003,642083776.0,1838071.875,1.4273226261138916,3.478099735032627e+16,732116544.0,688001,28352.291666666668,-37215500.10180629,,,,,,,
-15.086700898408893,-0.6340376747132334,-0.2322953983341533,-0.6739903079119257,0.0,1170.1604924002008,-609.8321535884346,,,700000,0.0003,542699520.0,1843417.375,0.5496516823768616,2.995730884277043e+16,893864256.0,690000,,,0.009906250000000007,0.0,40000.0,-43335.70041080529,5339.194146381921,0.009906250000000007,0.0
,,,,,,,21,32076,700000,0.0003,442297728.0,1843584.375,1.1960505247116089,3.541866040734515e+16,1257630080.0,690001,28352.291666666668,-37215500.10180629,,,,,,,
10.175286024808912,0.5467661077062755,-0.49673682020901205,-0.48778025398554137,0.0,597.9368773111538,263.3781200935158,21,32147,702000,0.0003,549937280.0,1858233.375,0.5139793157577515,1.0382661672291533e+17,3470703360.0,692001,28352.291666666668,-37215500.10180629,,,,,,,
5.329015511274334,0.1529984873057603,-0.08984166957275595,-0.8929477568399893,0.0,1031.0942036097372,201.87170202489617,21,32217,704000,0.0003,641287296.0,1870849.375,-2.031898021697998,5.594744229357158e+16,1963980672.0,694001,28352.291666666668,-37215500.10180629,,,,,,,
3.6552177518606106,0.2064768716953948,0.6913362151252151,-0.5858994357340818,0.0,817.849431633883,-176.9574230201091,21,32288,706000,0.0003,802926144.0,1872352.25,-1.8896584510803223,1.104920022393815e+17,3310976512.0,696001,28352.291666666668,-37215500.10180629,,,,,,,
-12.082264841794975,-0.5165013979988422,0.20974623191928807,-0.7614088855598314,0.0,1403.6475507822718,591.8999545423447,21,32358,708000,0.0003,644742400.0,1881465.0,0.9316055774688721,4.665678808219648e+16,1699192576.0,698001,28352.291666666668,-37215500.10180629,,,,,,,
-11.242589526772498,-0.6535181874817731,-0.2632221244099639,-0.6599749710376622,0.0,1118.1231167371127,-811.0064838071612,21,32429,710000,0.0003,528523136.0,1896239.5,-0.9994127750396729,7.980098198595174e+16,2225519104.0,700001,28352.291666666668,-37215500.10180629,,,,,,,
1.6945258057117436,-0.6884623062465909,0.27733233804734403,-0.48166061680101907,0.0,840.2923218654062,417.52083519209924,21,32499,712000,0.0003,767857088.0,1918915.75,-2.212967872619629,4.651910002062131e+16,2638887936.0,702001,28352.291666666668,-37215500.10180629,,,,,,,
-9.292937617897994,-0.2509476386694963,0.056325983368162344,-0.6580057100252003,0.0,1489.6864063059904,258.83262223464317,21,32570,714000,0.0003,820484416.0,1946348.0,2.3257675170898438,6.31551318556672e+16,1762344192.0,704001,28352.291666666668,-37215500.10180629,,,,,,,
-9.603801313042643,-0.1972703161927735,-1.021958125530282,-0.19588409741460996,0.0,1091.0818392813612,3415.7340929978595,21,32640,716000,0.0003,603521152.0,1967610.75,2.216998815536499,1.828088233234268e+17,4086385920.0,706001,28352.291666666668,-37215500.10180629,,,,,,,
-0.12138350427150736,-0.4197042289754399,-0.40366245412555923,-0.7014701631179744,0.0,1018.7632299062021,-4117.933240470645,21,32711,718000,0.0003,762700224.0,1975328.75,-0.6390224695205688,4.046136647719322e+16,798657984.0,708001,28352.291666666668,-37215500.10180629,,,,,,,
8.54423034429549,0.13342494723392206,0.725151350041371,-0.5771539201676894,0.0,685.7543514981663,-473.05358764204703,21,32781,720000,0.0003,616462976.0,1986580.625,3.1775619983673096,1.923975697399808e+16,1320668416.0,710001,28352.291666666668,-37215500.10180629,,,,,,,
8.57542788565159,0.3459369771718951,0.5067474624884406,-0.7272152239926857,0.0,939.6584322174422,-293.7105297355611,21,32852,722000,0.0003,1062031424.0,2017047.125,1.269099473953247,1.4949628388153754e+17,4893661184.0,712001,28818.2,-37431436.68595696,,,,,,,
-1.6767507290840102,-0.04806492900309423,0.5378265254479901,-0.5386765541005368,0.0,804.3408314576417,337.0214407831183,21,32923,724000,0.0003,747247104.0,2039412.875,1.0530920028686523,2.6362352496541696e+16,586054080.0,714001,28818.2,-37431436.68595696,,,,,,,
-15.789445619583121,-0.6842483716072769,-0.23472144316385926,-0.6463347047957468,0.0,1089.3920797191934,-578.461785904769,22,32994,726000,0.0003,621326720.0,2044290.75,0.454858660697937,2.792243923727155e+16,887125824.0,716001,28818.2,-37431436.68595696,,,,,,,
6.293510088324548,0.4522094404113931,-0.8534786844870114,-0.4929094885127609,0.0,836.8914187982608,308.8307742300059,22,33065,728000,0.0003,585387392.0,2064836.625,-1.9967243671417236,2.008967516730163e+16,461075584.0,718001,28818.2,-37431436.68595696,,,,,,,
-1.2268291640281632,-0.25382141555372684,0.17056550915970456,-0.8195866301480164,0.0,907.6013990949047,135.3541551563239,22,33136,730000,0.0003,578099648.0,2064998.125,1.9943125247955322,2.236905081851085e+16,973873856.0,720001,28818.2,-37431436.68595696,,,,,,,
12.196317226290692,0.5390827772499623,0.6015505252195518,-0.4254669546892942,0.0,538.7975503222133,-730.0731012055124,22,33207,732000,0.0003,698038592.0,2094093.25,0.3867543041706085,5.339476713589965e+16,1500379648.0,722001,28818.2,-37431436.68595696,,,,,,,
-4.025764636397365,-0.22328824986497545,0.38142735854720605,-0.17026602854896136,0.0,499.7950628757418,627.6107388459818,22,33279,734000,0.0003,581184832.0,2102752.5,0.4794977009296417,2.399775180927795e+16,828153920.0,724001,28818.2,-37431436.68595696,,,,,,,
-14.004066547155382,-0.3856528308778553,-0.05238947042334447,-0.5685652584289508,0.0,1253.1497609454327,49.5257888716894,22,33350,736000,0.0003,651460608.0,2089148.375,-1.0430506467819214,2.846755863396352e+16,580742592.0,726001,28818.2,-37431436.68595696,,,,,,,
-5.542653783559801,0.13577408898868262,-0.8073347245517967,-0.09170566495035667,0.0,508.5155267653229,-855.9115306995374,22,33421,738000,0.0003,904450944.0,2124957.75,1.763812780380249,3.019800095752192e+16,689539712.0,728001,28818.2,-37431436.68595696,,,,,,,
-10.705778073072418,-0.12156290411610994,-0.23655584221141335,0.08514869983162436,0.0,134.41321407674735,-120.93435791123399,22,33492,740000,0.0003,861870080.0,2155064.25,1.3559367656707764,6.104394927125299e+16,1187539712.0,730001,28818.2,-37431436.68595696,,,,,,,
2.153932342529298,-0.24579125373218177,-0.17997623429684156,-0.024277182370463595,0.0,45.507361321621865,41.274977033837146,22,33563,742000,0.0003,768225600.0,2177680.75,-2.0280134677886963,5.02152543862784e+16,1465933952.0,732001,28818.2,-37431436.68595696,,,,,,,
-2.5206261765956883,-0.5399696182670465,-0.29260678266451356,-0.05159490373983806,0.0,142.40024012950906,192.33823553834847,22,33634,744000,0.0003,760291904.0,2204670.5,1.6751831769943237,3.5472731898118144e+16,1148491392.0,734001,28818.2,-37431436.68595696,,,,,,,
-7.891787487864473,-0.37013819287862615,0.5649713234213611,-0.28478854806198267,0.0,382.0835128536256,54.183522432554796,22,33704,746000,0.0003,562445312.0,2231339.25,0.7071323394775391,3.0761182839177216e+16,1148138880.0,736001,28818.2,-37431436.68595696,,,,,,,
13.462646963596343,0.3055550174796795,0.3008627861472451,-0.21612308684385914,0.0,173.98100976857566,-197.6278300486982,22,33775,748000,0.0003,709154496.0,2277467.5,0.6366199851036072,3.336061301083341e+16,882325888.0,738001,28818.2,-37431436.68595696,,,,,,,
-6.072201074361801,0.35390729589071485,-0.22479491834872276,-0.08388382426183545,0.0,83.2507297938401,-35.619799528330724,22,33846,750000,0.0003,671108608.0,2305043.25,-1.8932750225067139,1.5309565545414656e+17,3927712000.0,740001,28818.2,-37431436.68595696,,,,,,,
-0.4146238267421718,-0.13710394515258736,-0.37076836268915553,-0.005614592743814986,0.0,65.17023221229496,118.71747662382856,22,33917,752000,0.0003,776316416.0,2325890.75,-0.628463864326477,4.146369158499533e+16,869239808.0,742001,28818.2,-37431436.68595696,,,,,,,
-11.531557590961459,-0.28957860177284295,0.35574163275946435,-0.16250429438019348,0.0,466.70244877084275,164.82342521952853,22,33988,754000,0.0003,844162560.0,2412977.5,0.4004136621952057,4.489094320221061e+17,8249530368.0,744001,28818.2,-37431436.68595696,,,,,,,
10.478193793296796,0.2697917869440702,0.2458139702791067,-0.41768461001158413,0.0,283.6211270553922,-180.35695494634325,22,34059,756000,0.0003,808881088.0,2426407.75,-0.18607747554779053,5.737770076287795e+16,907633792.0,746001,28818.2,-37431436.68595696,,,,,,,
0.3606400966644258,0.4705667254467912,-0.02183537905160694,-0.2775031954475605,0.0,174.91147110202695,0.9793240402839002,22,34130,758000,0.0003,821368576.0,2476972.25,-0.0003421306610107422,6.557449981840589e+16,1168531584.0,748001,28818.2,-37431436.68595696,,,,,,,
-9.354121142029756,-0.007104512758705705,-0.45101204779398685,-0.11612760866521145,0.0,196.34756336301825,-90.1958487267377,22,34200,760000,0.0003,873636096.0,2451988.75,-2.4697928428649902,5.726446395011891e+16,1264787072.0,750001,28818.2,-37431436.68595696,,,,,,,
6.023786628842352,0.25576879546497105,0.5776542731507956,-0.640579298944947,0.0,797.9664129213413,-546.4230393711551,22,34271,762000,0.0003,581105024.0,2500323.75,3.6744768619537354,5.875462862326989e+16,1925646336.0,752001,29248.26923076923,-36721204.81585496,,,,,,,
-9.904181935191144,-0.31925087753835546,0.4143556454204268,-0.5355639060125397,0.0,887.4051145075232,565.3129851002324,22,34342,764000,0.0003,762730048.0,2502859.75,0.0791996568441391,7.388199306605363e+16,1423724288.0,754001,29248.26923076923,-36721204.81585496,,,,,,,
-6.471715129613878,-0.14476868872299173,-0.44519858600084006,-0.4863231159524551,0.0,743.7554716992399,-713.7923449628857,22,34414,766000,0.0003,662328768.0,2519592.75,0.3854188323020935,4.331294988383027e+16,1315310336.0,756001,29248.26923076923,-36721204.81585496,,,,,,,
2.000630075931552,0.048724619477075896,-0.6758056839518658,-0.7460135539275069,0.0,1085.5025271584616,455.8851370499134,22,34485,768000,0.0003,830967808.0,2527968.5,-1.0524482727050781,5.377323106408858e+16,1142461568.0,758001,29248.26923076923,-36721204.81585496,,,,,,,
8.192929815649986,0.17233053778904925,0.6478655073629388,-0.7315676272701231,0.0,889.8968346624754,-553.753799461123,22,34556,770000,0.0003,957522112.0,2563672.5,0.4047814607620239,7.398608589343949e+16,1668026240.0,760001,29248.26923076923,-36721204.81585496,,,,,,,
2.0221491479873763,-0.07118036707800769,0.23447702108740293,-0.23705863558540446,0.0,376.1620881995496,21.980697787728324,22,34627,772000,0.0003,646453504.0,2594164.25,0.13446593284606934,3.3019605492432896e+17,4787783168.0,762001,29248.26923076923,-36721204.81585496,,,,,,,
-8.891409751176848,-0.6098459085476048,0.4752184760409103,-0.42342543517093767,0.0,965.9962565275354,1146.588347123986,22,34698,774000,0.0003,652922048.0,2626270.75,1.7585861682891846,3.693276308072038e+16,961319232.0,764001,29248.26923076923,-36721204.81585496,,,,,,,
-13.051998538970935,-0.5003431004918155,-0.4300605067631242,-0.5707285520807482,0.0,1217.4070362943205,-1060.7679035456288,22,34769,776000,0.0003,1056921920.0,2629892.5,-2.9256432056427,6.951034771891814e+16,1114288128.0,766001,29248.26923076923,-36721204.81585496,,,,,,,
-1.8200695097446455,-0.04065675542618939,-1.0162917731031234,-0.4143966639189935,0.0,1279.563971444802,304.1171759150252,22,34840,778000,0.0003,517769920.0,2674468.25,0.49036455154418945,3.756250407056179e+16,835923968.0,768001,29248.26923076923,-36721204.81585496,,,,,,,
2.615411121249198,-0.13543590407175723,0.5462403265413425,-0.7514114458521776,0.0,872.9700830892803,-142.4265750519073,22,34911,780000,0.0003,944119808.0,2691308.75,-0.6909261345863342,2.0338992864873677e+17,5658377728.0,770001,29248.26923076923,-36721204.81585496,,,,,,,
9.347751638889319,0.7175131239644212,0.32709976173107014,-0.2354283839870609,0.0,301.21968719318505,-379.7506592970399,22,34981,782000,0.0003,536953856.0,2686962.0,1.137381911277771,4.748996878794752e+16,1292810496.0,772001,29248.26923076923,-36721204.81585496,,,,,,,
11.147488369941716,0.8833367343817897,0.007741578829918384,-0.16515371713714808,0.0,277.36578871907466,29.078111414306598,22,35051,784000,0.0003,1338512512.0,2768947.0,-0.5353807806968689,2.3785920586265395e+17,4909903360.0,774001,29248.26923076923,-36721204.81585496,,,,,,,
10.754166302681002,0.8886076906873942,0.02169910536817467,-0.22295184289284334,0.0,306.2635094879751,53.5516198252548,22,35123,786000,0.0003,1138822400.0,2755184.0,-0.42030632495880127,1.2483995896696013e+17,2374915584.0,776001,29248.26923076923,-36721204.81585496,,,,,,,
11.333495878577226,0.8275921146402876,-0.17241403475735947,-0.3237437748239677,0.0,356.57306123850634,75.99925973474954,22,35193,788000,0.0003,747362304.0,2836382.0,2.419189929962158,2.664005176750244e+17,5009844736.0,778001,29248.26923076923,-36721204.81585496,,,,,,,
4.898984647393226,0.7502874261117033,0.0539690924563237,-0.4972162868667025,0.0,478.49241848853677,136.5568041705689,22,35264,790000,0.0003,741683904.0,2826884.5,1.1537758111953735,1.0196546136467046e+17,2499195136.0,780001,29248.26923076923,-36721204.81585496,,,,,,,
14.548332538008692,0.6690163310753183,-0.003324502587708578,-0.6256878692393812,0.0,624.4134031817104,-8.100013328882234,22,35335,792000,0.0003,643959616.0,2867037.0,3.1133458614349365,5.272098555140506e+16,1115346560.0,782001,29248.26923076923,-36721204.81585496,,,,,,,
6.35912029623985,0.7300514886223556,0.07256945671719582,-0.5751278330601819,0.0,588.3901242807218,46.95774510011853,22,35406,794000,0.0003,779856832.0,2879079.25,-0.6449011564254761,7.3330124128256e+16,918863296.0,784001,29248.26923076923,-36721204.81585496,,,,,,,
13.947052329182624,0.8325500421287316,0.018464595917749786,-0.573347416637841,0.0,607.0547537523555,-16.223298590278223,22,35477,796000,0.0003,1195049856.0,2879771.25,1.3056461811065674,6.420130857956147e+17,10012658688.0,786001,29248.26923076923,-36721204.81585496,,,,,,,
-6.3453413438797055,-0.2967666874944815,0.3761998876329325,-0.5537211493132206,0.0,894.9655254659833,712.2315885455654,22,35547,798000,0.0003,1120064000.0,2925885.5,2.0838215351104736,1.0594417819275756e+18,10246638592.0,788001,29248.26923076923,-36721204.81585496,,,,,,,
-12.11977967917919,-0.4073797092491639,-0.4091259002169678,-0.5417310678520245,0.0,906.2708293810331,-826.5675939137728,,,800000,0.0003,865098304.0,2926622.25,-0.8133530616760254,1.1031743758860288e+17,2722336000.0,790000,,,0.009906250000000007,0.0,40000.0,-43274.05796869281,4839.499770912709,0.0,0.0
,,,,,,,21,36725,800000,0.0003,1202797952.0,2926828.75,-1.5142428874969482,4.4344479051258266e+17,8187212800.0,790001,29248.26923076923,-36721204.81585496,,,,,,,
8.784854249358183,0.4725437406095977,0.37433245392634307,-0.6768367779019091,0.0,897.5869970724184,-111.49975533490755,21,36796,802000,0.0003,611439744.0,2960332.5,0.40342438220977783,5.635603541734195e+16,1105451776.0,792001,29646.48148148148,-36440718.0012987,,,,,,,
-10.732051651477807,-0.3522473598110598,0.43461325583420435,-0.5442510298062195,0.0,972.7015304684027,734.6944389158712,21,36868,804000,0.0003,505133824.0,2960564.0,2.252537727355957,1.4606768020861747e+17,2885952000.0,794001,29646.48148148148,-36440718.0012987,,,,,,,
-8.928953001499176,-0.5959319231438952,-0.3108045655988018,-0.5518367620925637,0.0,858.411742479474,-793.8656500141234,21,36939,806000,0.0003,808744960.0,2985440.5,-0.9929417371749878,1.47572086993322e+17,2935827712.0,796001,29646.48148148148,-36440718.0012987,,,,,,,
13.150993830561633,0.8601744685388345,-0.11728161795535931,-0.5337054480572231,0.0,576.9557883949818,80.4586076872928,21,37011,808000,0.0003,855974208.0,3001988.25,-1.0048019886016846,2.314402226199593e+17,4768396288.0,798001,29646.48148148148,-36440718.0012987,,,,,,,
9.429949043989168,0.7179688774897713,0.03887564886904447,-0.6415107282419542,0.0,698.7285313824179,56.42924844813179,21,37082,810000,0.0003,993072000.0,3033675.0,2.4617154598236084,6.408768951471309e+16,2355575040.0,800001,29646.48148148148,-36440718.0012987,,,,,,,
13.071188642382628,0.36622987973429305,0.21307867935666627,-0.508027070556147,0.0,625.337599259393,18.210719484324105,21,37153,812000,0.0003,795771968.0,3012872.75,-0.321279913187027,4.494012401372365e+16,837579776.0,802001,29646.48148148148,-36440718.0012987,,,,,,,
-8.392283237576462,-0.3965979780958912,0.5143136001587274,-0.5596758720676591,0.0,1303.2425709308177,1137.3540525396447,21,37225,814000,0.0003,796452736.0,3031763.25,-0.5323971509933472,1.2567876607986893e+17,2220765952.0,804001,29646.48148148148,-36440718.0012987,,,,,,,
-7.073282029628761,-0.2032532372171697,-0.3035773980734416,-0.6987161896096407,0.0,1628.918473677452,-764.4928121585267,21,37296,816000,0.0003,676737920.0,3034714.0,1.3381199836730957,4.817204395429069e+16,747741120.0,806001,29646.48148148148,-36440718.0012987,,,,,,,
-6.088158317208295,-0.6400463043314978,-0.11607303547616929,-0.35502667408306343,0.0,723.1454765446805,-378.01920946068134,21,37368,818000,0.0003,844018240.0,3067661.75,1.2653675079345703,4.435557037480346e+16,1134745472.0,808001,29646.48148148148,-36440718.0012987,,,,,,,
0.1738627123832582,-0.4953360600379516,0.3656998070499145,-0.3471211189015007,0.0,903.3047828268079,756.4713000040329,21,37439,820000,0.0003,596250368.0,3092223.0,1.8002933263778687,5.282719579766784e+16,1120164480.0,810001,29646.48148148148,-36440718.0012987,,,,,,,
-0.6057483351230635,-0.005172425714246672,0.1818389172395967,-0.8636966881863992,0.0,1248.7847095034201,307.6970870156917,21,37511,822000,0.0003,671775232.0,3062517.0,1.3882471323013306,5.783233593606144e+16,1570188288.0,812001,29303.035714285714,-37241427.41462711,,,,,,,
10.13328585803509,0.5183717869883707,0.5179567838707542,-0.7496081876395425,0.0,893.639348005134,-680.1312525751516,21,37583,824000,0.0003,538253312.0,3055317.25,0.7320663332939148,1.0403435570108826e+17,2797906176.0,814001,29303.035714285714,-37241427.41462711,,,,,,,
-8.655623582005507,-0.37432593241333884,0.4493772239234062,-0.5545580962056932,0.0,989.7953009099813,866.898442949375,21,37655,826000,0.0003,1087940608.0,3106392.75,-0.7954134345054626,1.395488475662254e+17,2179193344.0,816001,29303.035714285714,-37241427.41462711,,,,,,,
-13.91858622908592,-0.6603134218422028,-0.329595465650772,-0.6257889598148302,0.0,1095.569100817582,-926.5418910354016,21,37727,828000,0.0003,862015104.0,3110830.75,0.011139333248138428,2.4101408267986534e+17,4212256512.0,818001,29303.035714285714,-37241427.41462711,,,,,,,
14.092077178955075,0.6407619350925828,-0.241037355176707,-0.5245967168876345,0.0,588.4581352866846,117.57405251783814,21,37799,830000,0.0003,1288109824.0,3134257.75,1.0111544132232666,9.974200833513882e+16,1656161920.0,820001,29303.035714285714,-37241427.41462711,,,,,,,
3.850292994976048,0.23749323450966214,0.3571096190743775,-0.4822585994073276,0.0,606.301429053489,249.92519834775965,21,37871,832000,0.0003,907778176.0,3148346.75,2.974290370941162,9.9948183945216e+16,2983690240.0,822001,29303.035714285714,-37241427.41462711,,,,,,,
-15.739085319042207,-0.22246608696332626,-0.47515370196084966,-0.41723518191853887,0.0,738.6280825357923,-193.22828534781323,21,37943,834000,0.0003,693733888.0,3189565.25,2.0749082565307617,8.427340874068787e+16,1690769024.0,824001,29303.035714285714,-37241427.41462711,,,,,,,
-0.2032771611213668,0.02894457762404127,-0.33558341688536114,-0.24397689608841283,0.0,262.65303305656766,-581.9746915371513,21,38015,836000,0.0003,1200770688.0,3190855.25,-0.8802134990692139,2.910530973781197e+17,4951146496.0,826001,29303.035714285714,-37241427.41462711,,,,,,,
2.5640791761875135,0.04085975215091676,0.04615894930332071,-0.2680470125611754,0.0,92.50253709663531,18.546046762682572,22,38087,838000,0.0003,825517056.0,3200217.25,-2.4766974449157715,1.909131173733335e+17,4152178176.0,828001,29303.035714285714,-37241427.41462711,,,,,,,
13.465143014788643,0.2804801872568673,0.18418851177418755,-0.12849687789425066,0.0,117.9757650099076,-34.897934179346116,22,38160,840000,0.0003,855312768.0,3242111.75,2.522817373275757,9.112539340629606e+16,1421817984.0,830001,29303.035714285714,-37241427.41462711,,,,,,,
-4.778982552886009,0.2558096177471076,-0.24273913991572243,-0.09640119859222669,0.0,69.9724473754207,1.1007874198089458,22,38232,842000,0.0003,1075904768.0,3239419.75,-3.3022515773773193,5.0264002265088e+16,1740618624.0,832001,29303.035714285714,-37241427.41462711,,,,,,,
-12.415199357867252,-0.2663785096140359,-0.008940292752686983,0.04435051624544332,0.0,338.5701981491291,110.18570073498822,22,38304,844000,0.0003,982311488.0,3303119.5,-0.061952829360961914,1.8282883787102618e+17,3301140736.0,834001,29303.035714285714,-37241427.41462711,,,,,,,
2.6876356536149997,0.06978825901706327,0.11002501084831307,-0.3370688766439089,0.0,147.14523795334455,-2.8635368765743703,22,38376,846000,0.0003,547427136.0,3356707.5,1.3956263065338135,1.0077072172200755e+17,1538739328.0,836001,29303.035714285714,-37241427.41462711,,,,,,,
13.307594189047817,0.32321915251122896,0.16540397591840403,-0.189069671978172,0.0,137.53518188270894,-62.71990391939677,22,38448,848000,0.0003,925911040.0,3398682.75,0.9683808088302612,5.833667676576154e+16,943195072.0,838001,29303.035714285714,-37241427.41462711,,,,,,,
-5.160119628906248,0.25081819562147817,-0.3069490827751531,-0.15339209561879943,0.0,103.74500036007056,22.705656787352698,22,38520,850000,0.0003,1094908416.0,3437660.0,0.486407071352005,3.681345662017864e+17,5741853696.0,840001,29303.035714285714,-37241427.41462711,,,,,,,
-11.098669486045841,-0.19888019775452948,-0.03849389850025417,-0.028008659933765948,0.0,73.96192447433062,-103.9951930983437,22,38592,852000,0.0003,963906688.0,3452928.5,0.2607896327972412,1.249531571250135e+17,1888530048.0,842001,29303.035714285714,-37241427.41462711,,,,,,,
3.901302088499071,-0.1783069929845145,-0.03772203797817907,-0.11664406192879254,0.0,35.76602793606029,34.20643677591091,22,38665,854000,0.0003,1360039296.0,3502016.75,-2.328207492828369,1.180708087586095e+18,12358034432.0,844001,29303.035714285714,-37241427.41462711,,,,,,,
12.027811755537973,0.12309220874234567,0.24434874433805473,0.01334538010614044,0.0,116.38392306373085,20.682102086069104,22,38737,856000,0.0003,1065618496.0,3515143.25,-0.09799396991729736,2.5954951226195968e+17,3932588800.0,846001,29303.035714285714,-37241427.41462711,,,,,,,
-0.6403997379541405,0.2862978800968413,0.013612301575556623,0.06221634802075494,0.0,47.521924301158364,-33.872735767332635,22,38810,858000,0.0003,748878080.0,3571629.25,-0.536468505859375,5.548245195423744e+16,988558080.0,848001,29303.035714285714,-37241427.41462711,,,,,,,
13.52257428050041,0.24301955752279,0.0132202109447532,0.0798109332063638,0.0,114.74977702937719,129.12657991366777,22,38882,860000,0.0003,955678528.0,3596396.0,0.2959628403186798,1.9439262499864576e+17,3239200768.0,850001,29303.035714285714,-37241427.41462711,,,,,,,
2.2252957779169047,0.12257402623659673,0.1725536089621737,-0.7473854361550729,0.0,925.3018933447266,-97.54281839986936,22,38955,862000,0.0003,760536896.0,3618482.75,0.8670234680175781,7.456583775892275e+16,2133582080.0,852001,29671.896551724138,-36472625.36469507,,,,,,,
2.0635864472389267,0.13011244625555324,0.004335922927892621,-0.986302537096837,0.0,1173.5038827335225,3.0485478233493244,22,39027,864000,0.0003,1163432448.0,3617327.0,-1.0937708616256714,1.187607763568558e+17,1632005376.0,854001,29671.896551724138,-36472625.36469507,,,,,,,
2.8837720662355424,0.1065850106580029,0.06392513729257104,-0.986151648188898,0.0,1192.178545537566,117.01876521207815,22,39099,866000,0.0003,827562176.0,3636197.75,-0.9394173622131348,9.483316136352154e+16,1262194560.0,856001,29671.896551724138,-36472625.36469507,,,,,,,
9.5998638600111,0.31694244787742365,0.6911488916770323,-0.6056089111285822,0.0,850.8540957334474,-454.4932469364262,22,39172,868000,0.0003,943124224.0,3630878.75,0.9429759979248047,1.1625717120054067e+17,1224639104.0,858001,29671.896551724138,-36472625.36469507,,,,,,,
-9.823963164091102,-0.34257690719926204,0.4816581292759292,-0.6935262749431946,0.0,1552.8409576846584,1164.6356253675629,22,39244,870000,0.0003,1321912448.0,3650558.25,-1.0629785060882568,1.1980099166614323e+17,2497243904.0,860001,29671.896551724138,-36472625.36469507,,,,,,,
-4.849227434396738,-0.15881635675690098,-0.14766466315238255,-0.8286229638764153,0.0,1862.2061249780002,-371.8984486755523,22,39316,872000,0.0003,1003467392.0,3654017.0,1.1194730997085571,1.0559264714548838e+17,1428484864.0,862001,29671.896551724138,-36472625.36469507,,,,,,,
-2.3464502775669134,-0.22045568013144343,0.16812082172131762,-0.7840669801881208,0.0,1712.4002652453992,324.2199655514883,22,39388,874000,0.0003,1445902720.0,3693142.5,-1.269748330116272,7.409112017765663e+17,9607455744.0,864001,29671.896551724138,-36472625.36469507,,,,,,,
11.78775947988034,0.44794404006644317,0.7005419823908314,-0.6679020307053456,0.0,989.8250199781943,-507.78892724567805,22,39460,876000,0.0003,811763712.0,3703515.5,0.5695046186447144,2.1271177720758272e+17,4951617024.0,866001,29139.466666666667,-37218640.29043337,,,,,,,
-14.86734472036362,-0.5586308670170806,0.3643832556611683,-0.6384147104276309,0.0,1259.7650510232281,912.4326511518196,22,39532,878000,0.0003,1189304320.0,3764306.5,-1.9262536764144897,9.636870666112205e+16,1497920640.0,868001,29139.466666666667,-37218640.29043337,,,,,,,
-7.835320513248439,-0.5895103888397583,-0.016566624293915387,-0.726505732013684,0.0,1252.7600242164224,-125.79155296522978,22,39604,880000,0.0003,966985152.0,3768214.25,-1.662344217300415,9.935546127849882e+16,1879114240.0,870001,29139.466666666667,-37218640.29043337,,,,,,,
-0.9578577744960798,-0.17839315722501597,0.5150033478810125,-0.8201661851813945,0.0,1624.2730359478956,845.2186246518978,22,39676,882000,0.0003,956048960.0,3763028.5,-0.5211487412452698,8.376220455324877e+16,1679570560.0,872001,28436.1935483871,-37607066.01760232,,,,,,,
10.204103294014935,0.3523383616688487,0.6556033189602621,-0.626337119826666,0.0,855.2515168216772,-529.5284947417188,22,39747,884000,0.0003,1192781056.0,3741722.0,0.3424656093120575,1.0615078329956434e+18,13012380672.0,874001,28436.1935483871,-37607066.01760232,,,,,,,
-5.945333775281914,-0.32098880368972565,0.586834882627059,-0.6001863235466367,0.0,1328.2060981116801,1306.6212633657356,22,39818,886000,0.0003,1460758784.0,3837350.25,-0.6125057935714722,6.604647806953062e+16,1893184256.0,876001,27679.1875,-37828381.660198286,,,,,,,
8.014673811793326,0.4887800612762221,0.50921298539897,-0.7853043346967086,0.0,948.8744369983885,-615.3256583537814,22,39890,888000,0.0003,1521491840.0,3818312.75,-0.6563169956207275,5.24298889889579e+17,8960389120.0,878001,27679.1875,-37828381.660198286,,,,,,,
2.7230892610549793,-0.08101152375304686,0.5733886424574843,-0.4625956623359044,0.0,820.215721157525,788.3610937448442,22,39961,890000,0.0003,903790656.0,3823720.5,-1.1274034976959229,1.968267375841116e+17,3553608192.0,880001,27679.1875,-37828381.660198286,,,,,,,
-1.8980533307790817,-0.022569802749434886,0.5117323932881904,-0.8272421303960312,0.0,1571.1438193976164,561.8281951461213,22,40032,892000,0.0003,1318694272.0,3810219.25,-3.1532084941864014,2.4196399200678707e+17,4942220800.0,882001,27006.484848484848,-38078341.73986667,,,,,,,
10.492536222338677,0.653533735978856,0.32491298372727456,-0.684266550615328,0.0,749.6706889781785,-453.3381647545176,22,40103,894000,0.0003,1127485824.0,3840480.5,-2.177608013153076,2.0928159298669773e+17,4281995264.0,884001,27006.484848484848,-38078341.73986667,,,,,,,
-2.3207875150442203,-0.17317329375907003,0.5265091405930855,-0.5181838719637897,0.0,926.4435565900359,1021.9472851066057,22,40173,896000,0.0003,792368128.0,3856357.5,0.457336962223053,5.2386568230823526e+17,7189471744.0,886001,27006.484848484848,-38078341.73986667,,,,,,,
-7.915625416636472,-0.3184809285036109,8.813630612945898e-05,-0.8553017415794913,0.0,1742.8631204872822,-2.427865125540039,22,40244,898000,0.0003,1145441280.0,3816772.75,-1.8107962608337402,3.6973208787746816e+17,4735533568.0,888001,27006.484848484848,-38078341.73986667,,,,,,,
-5.133605332970616,-0.35096567672014234,0.14944975179519612,-0.823614440903618,0.0,1658.309612618261,329.4599958120014,,,900000,0.0003,734065792.0,3874457.25,0.8684037923812866,5.419027582450401e+17,8322767872.0,890000,,,0.009906250000000007,0.0,40000.0,-42870.168291050635,5444.2093099683925,0.008687500000000006,0.0
,,,,,,,21,41420,900000,0.0003,1250326784.0,3874727.0,2.2923526763916016,1.5840607327800525e+17,4485444096.0,890001,27006.484848484848,-38078341.73986667,,,,,,,
8.60111427843571,0.2666131931342797,0.6613575323292109,-0.7517128622566617,0.0,1250.7714359186186,-390.69091622307013,21,41491,902000,0.0003,1013658752.0,3879293.25,2.6809520721435547,6.729889053304422e+16,1214332032.0,892001,26487.235294117647,-38494457.27945012,,,,,,,
-9.160899094343174,-0.2757138853734785,0.5012375530818087,-0.5097532849375516,0.0,1053.4618611974552,1000.9636272922625,21,41562,904000,0.0003,1777074944.0,3907687.5,-0.8233612775802612,1.1829455937486193e+18,10873805824.0,894001,26487.235294117647,-38494457.27945012,,,,,,,
-7.913535405397407,-0.5870186117745049,-0.02786034622839746,-0.6992463669731965,0.0,1214.6314791783977,-185.05438702684305,21,41633,906000,0.0003,867625472.0,3905299.25,1.5993531942367554,4.87649555995689e+16,912148608.0,896001,26487.235294117647,-38494457.27945012,,,,,,,
-0.19862120151519838,-0.1557133457013273,0.5253933761871656,-0.7965512427525084,0.0,1534.8162148786334,787.5550184572038,21,41703,908000,0.0003,1022165440.0,3943214.0,-0.3999815583229065,1.5846419277545472e+17,2044631936.0,898001,25925.514285714286,-38770693.17858609,,,,,,,
10.525479916930205,0.3713361004908579,0.6341393452008336,-0.6235196187068522,0.0,840.6499573457039,-533.0705199013798,21,41774,910000,0.0003,730885056.0,3944210.75,1.058629035949707,1.2468942895316992e+17,1313165568.0,900001,25925.514285714286,-38770693.17858609,,,,,,,
-4.467918959856033,-0.3086152806564877,0.6882230789948287,-0.5763530795700933,0.0,1301.1878565578172,1253.0248458654573,21,41844,912000,0.0003,1213355136.0,3924227.75,-0.4350351095199585,1.5279950886915277e+17,2561170176.0,902001,25323.944444444445,-38933228.35401383,,,,,,,
6.030148005485533,0.22571931164788567,0.7387649383672051,-0.5561881780748952,0.0,826.4135804415898,-380.1495229923434,21,41915,914000,0.0003,1090797824.0,3953150.5,-0.9941561222076416,7.467317758158438e+16,1641346688.0,904001,25323.944444444445,-38933228.35401383,,,,,,,
-13.957535057663899,-0.5193360351148686,0.13678094007494873,-0.7499667240914546,0.0,1385.2022697511356,436.5248905160876,21,41985,916000,0.0003,1275195008.0,4033423.0,-2.48716139793396,1.6146579079980646e+17,3986449664.0,906001,25323.944444444445,-38933228.35401383,,,,,,,
-7.024607664346707,-0.6462218174384841,0.007079534678750175,-0.6510706729509849,0.0,1094.7003735664214,-149.78247869655854,21,42056,918000,0.0003,960479040.0,4004508.5,1.230043649673462,1.4994261688293786e+17,2664200704.0,908001,25323.944444444445,-38933228.35401383,,,,,,,
0.882629104852675,-0.11876611844300233,0.62327689723396,-0.7354208138090252,0.0,1431.0283781687524,637.0419677921768,21,42127,920000,0.0003,1026101440.0,3995239.0,0.9594900608062744,3.390833386921656e+17,5679760384.0,910001,24846.91891891892,-39209285.433024295,,,,,,,
2.952110738754249,0.13420158524626602,0.7368190061362685,-0.4190249540903097,0.0,738.0590139034974,372.4250650897471,21,42198,922000,0.0003,1019760768.0,4012352.75,-2.0453481674194336,3.690195356231926e+17,4789122560.0,912001,24846.91891891892,-39209285.433024295,,,,,,,
-12.94983993768692,-0.5470071680463893,-0.08849559416348164,-0.7250337813035143,0.0,1305.0410675077173,-350.7791777553737,21,42269,924000,0.0003,1135239936.0,4030389.0,0.24964076280593872,1.1364701649554637e+17,1516329472.0,914001,24846.91891891892,-39209285.433024295,,,,,,,
-2.2258046764135324,-0.41177595700146513,0.4287922898117496,-0.6658764766503054,0.0,1382.35351264395,866.9106850420145,21,42339,926000,0.0003,1455771392.0,4085648.25,-0.8629980683326721,5.110573339173192e+17,3929691904.0,916001,24846.91891891892,-39209285.433024295,,,,,,,
6.8945426565408745,0.4099013448457787,0.5499865220753225,-0.7972321549222373,0.0,1041.8495441651644,-367.74521135786796,21,42410,928000,0.0003,1334155392.0,4136735.0,-1.0106937885284424,2.269145984002949e+17,4318783488.0,918001,24371.552631578947,-39436766.32240126,,,,,,,
7.219501456022271,0.11490874984018523,0.49824246258285243,-0.46223501910741693,0.0,717.6509255578873,500.3716025730669,21,42481,930000,0.0003,1601456512.0,4170114.25,-2.019554615020752,6.810315923694551e+17,10267283456.0,920001,24371.552631578947,-39436766.32240126,,,,,,,
-3.1268449902534416,-0.07583299507012126,0.6104650674785952,-0.7842913867195647,0.0,1509.1290022061596,822.0014906883384,21,42552,932000,0.0003,1568136576.0,4151626.75,-1.5592141151428223,2.02987249694933e+17,2857079808.0,922001,23878.384615384617,-39590383.933685586,,,,,,,
10.219529340863243,0.6776404774979287,0.34803792822595425,-0.6717716342285361,0.0,747.9115714827221,-482.5607808089382,21,42623,934000,0.0003,933491136.0,4152066.25,1.7960307598114014,1.7547343149871923e+17,2395222272.0,924001,23878.384615384617,-39590383.933685586,,,,,,,
-1.7546710866689668,-0.21210532627256234,0.5775937059319098,-0.5195602936493801,0.0,999.86965747715,1194.3648043192889,21,42694,936000,0.0003,1211347456.0,4204929.5,1.8290176391601562,8.760621746303795e+16,1055914176.0,926001,23878.384615384617,-39590383.933685586,,,,,,,
-3.8216572201251924,-0.09893098830174027,0.1555872749352693,-0.8869179758764901,0.0,2055.713773109528,349.74635750879054,21,42765,938000,0.0003,1411466240.0,4202724.5,-0.6495039463043213,3.7694873244637594e+17,5960381440.0,928001,23878.384615384617,-39590383.933685586,,,,,,,
2.948582580089568,0.07427061612806211,0.36439030626111,-0.8831772147329845,0.0,1736.9350252373167,-121.2098742279252,21,42836,940000,0.0003,1505669376.0,4253388.5,-0.7249894142150879,2.480636873806971e+17,4858025984.0,930001,23479.4,-39875760.549603574,,,,,,,
-0.7874249821901429,0.022855243336975008,0.7287715777001743,-0.4567932960579765,0.0,837.5232563963384,649.3954267470476,21,42907,942000,0.0003,1012396032.0,4302832.5,2.5473883152008057,1.7264184545981235e+17,2943855104.0,932001,23479.4,-39875760.549603574,,,,,,,
-9.957507823705658,-0.4629329709009518,-0.04122457310230699,-0.8189655369594491,0.0,1525.0721562927679,-146.94601076263655,21,42979,944000,0.0003,1263798784.0,4283650.5,-1.6994017362594604,6.488950665128182e+17,6229950976.0,934001,23479.4,-39875760.549603574,,,,,,,
-2.8792129081487676,-0.29178841826680685,0.3573431487098408,-0.8450155898918507,0.0,1767.765042100879,843.3703564994568,21,43050,946000,0.0003,1294469760.0,4347466.5,-0.2646368741989136,1.1795385508115251e+17,1314361984.0,936001,23071.80487804878,-40101999.72040258,,,,,,,
9.204979849457745,0.5300820105304468,0.6491972278916603,-0.752467772924687,0.0,979.4992101993523,-579.0342893028726,21,43122,948000,0.0003,1069352960.0,4321165.0,2.2158796787261963,3.412171128045568e+17,5208544768.0,938001,23071.80487804878,-40101999.72040258,,,,,,,
-2.083019505739212,-0.4469728841928764,0.6722174377121339,-0.4318545524671283,0.0,1060.2818080066488,1089.4599579300275,21,43193,950000,0.0003,1258575104.0,4356838.5,-1.378238558769226,1.329139820873646e+17,1427067136.0,940001,23071.80487804878,-40101999.72040258,,,,,,,
7.110509119629861,0.4088152210013267,0.6063403512085578,-0.7903932335977734,0.0,1082.6892781120234,-404.25137545397274,22,43264,952000,0.0003,1351303296.0,4384264.0,1.177370309829712,1.3102170539609293e+17,1909112576.0,942001,22622.785714285714,-40204910.15258576,,,,,,,
2.822606692910206,-0.22559787448856908,0.6157508939507755,-0.420530148957765,0.0,842.7481305231535,731.3705266002911,22,43335,954000,0.0003,1064318336.0,4445155.5,1.2695738077163696,5.231349193926246e+16,943396736.0,944001,22622.785714285714,-40204910.15258576,,,,,,,
2.987617201805117,0.1981277296212197,0.6453509020511142,-0.7739308499857152,0.0,1263.3635661114786,54.38711271593772,22,43406,956000,0.0003,1367559168.0,4463996.0,-2.557185649871826,1.152335430549504e+17,1317887104.0,946001,22200.53488372093,-40307115.22842088,,,,,,,
11.332776436209688,0.32977197795845903,0.4128239443550949,-0.5143028520023099,0.0,669.6091357355349,70.09878339052555,22,43478,958000,0.0003,1283186304.0,4436291.5,-0.9486589431762695,3.408230753249526e+17,5313627648.0,948001,22200.53488372093,-40307115.22842088,,,,,,,
-5.503471900224691,-0.22644736591795708,0.6806101549524256,-0.686636859851977,0.0,1454.6712590102904,1206.6736548290917,22,43549,960000,0.0003,1082266368.0,4480574.5,-0.6414769887924194,9.600891725073613e+16,1405800320.0,950001,21807.590909090908,-40416583.12964727,,,,,,,
10.005222157835957,0.2987850663000984,0.6688081472205819,-0.6010166502064613,0.0,841.1902641035952,-501.0245895027727,22,43619,962000,0.0003,1096267776.0,4493442.0,0.4962594509124756,2.8589370778425754e+17,4862328320.0,952001,21807.590909090908,-40416583.12964727,,,,,,,
-4.137980415821079,-0.2571276104029101,0.6895823315351871,-0.6019196637488022,0.0,1310.385832470878,1158.1980892734578,22,43690,964000,0.0003,1602622336.0,4576032.0,-2.6840531826019287,3.080833642612654e+17,6900207104.0,954001,21411.88888888889,-40503380.35033973,,,,,,,
10.321613235473633,0.6127970385119259,0.5385992166913418,-0.6747003370193838,0.0,837.9556931023639,-656.6930220880863,22,43761,966000,0.0003,1320924288.0,4558396.0,0.24173423647880554,4.975943981507543e+17,6820472320.0,956001,21411.88888888889,-40503380.35033973,,,,,,,
-2.9152858746051793,-0.49086097819340924,0.6686932006778005,-0.45322816709713654,0.0,1149.9416631833283,1207.8735129367672,22,43832,968000,0.0003,1077547776.0,4577472.5,-0.6611766219139099,3.7817750540989235e+17,6317797376.0,958001,21411.88888888889,-40503380.35033973,,,,,,,
9.57375564992429,0.357795427349303,0.766717630583891,-0.6350192990462135,0.0,915.1241753499601,-476.13298609159983,22,43902,970000,0.0003,1707715584.0,4583116.0,-0.9097105264663696,8.735941489831444e+17,9438029824.0,960001,21043.608695652172,-40592270.39299506,,,,,,,
-14.45433189392089,-0.550462650296074,0.30184727313544524,-0.7004195766720834,0.0,1320.1877849708276,857.4008776608035,22,43973,972000,0.0003,1534134784.0,4629743.5,0.3920927345752716,1.1894212705596211e+17,1767836800.0,962001,21043.608695652172,-40592270.39299506,,,,,,,
-8.221917794346803,-0.5242888253834225,-0.010247154394692507,-0.7632593582370739,0.0,1372.9108663575375,-58.12148459728471,22,44043,974000,0.0003,1291912064.0,4599044.5,-1.1287152767181396,8.712369506720154e+16,1077995648.0,964001,21043.608695652172,-40592270.39299506,,,,,,,
0.35189897716045393,-0.09635181722401173,0.5556957783326352,-0.8413273556231353,0.0,1605.1927879416264,649.8716642244816,22,44112,976000,0.0003,680155776.0,4678076.0,3.6741795539855957,1.1006276320781926e+17,1536889984.0,966001,20751.44680851064,-40783913.17355438,,,,,,,
9.722336817979807,0.6717182393910337,0.3442863897264212,-0.6739825179873414,0.0,751.2504878113883,-495.223048708444,22,44182,978000,0.0003,1399383808.0,4655565.0,-0.7497639060020447,1.44512764608512e+17,2042363008.0,968001,20751.44680851064,-40783913.17355438,,,,,,,
-0.3681544768810371,-0.1320006547316107,0.5477783822989354,-0.5173517741055167,0.0,931.5980875342777,1100.3069675187558,22,44251,980000,0.0003,1779076096.0,4725931.0,1.1857995986938477,1.5836730518520463e+18,10681174016.0,970001,20751.44680851064,-40783913.17355438,,,,,,,
-4.75539411008358,-0.15102427603601923,0.19177935134197252,-0.9004206977871307,0.0,2029.250813166816,463.51744939723005,22,44321,982000,0.0003,1672524544.0,4715738.0,2.107029438018799,4.6785717846461645e+17,5309864448.0,972001,20751.44680851064,-40783913.17355438,,,,,,,
3.806115061044692,0.15057924296226435,0.4673339122492424,-0.8961034887639718,0.0,1649.8544741562498,-211.84296387865595,22,44390,984000,0.0003,1398327168.0,4783175.5,-1.9752200841903687,8.23864543728894e+17,8241058816.0,974001,20477.354166666668,-40981041.58457952,,,,,,,
3.0689509159326533,-0.0787191666153767,0.7099361920374854,-0.4506447463185809,0.0,854.3566237298434,484.86118599646096,22,44461,986000,0.0003,1846452096.0,4779641.5,0.08032127469778061,1.0111093975669958e+20,4171246848.0,976001,20477.354166666668,-40981041.58457952,,,,,,,
2.325561886429788,0.14752046082272804,0.6888900573900274,-0.7746545010415893,0.0,1337.564008357507,171.46502182594583,22,44529,988000,0.0003,1398016512.0,4785082.5,-0.4957481622695923,3.615392144220488e+17,3573623040.0,978001,20137.755102040817,-41047651.06668649,,,,,,,
6.621827005147937,-0.011336449158046538,0.5872074525316365,-0.4564723711217557,0.0,752.1367587256603,255.49651830612123,22,44598,990000,0.0003,872749120.0,4797246.0,1.1371281147003174,7.821836384678707e+16,1568153984.0,980001,20137.755102040817,-41047651.06668649,,,,,,,
1.3768407273292556,0.02708012708349326,0.7376990357182218,-0.6768893524328018,0.0,1285.7814513916314,393.5920514079088,22,44667,992000,0.0003,1434076544.0,4842720.5,-0.3563539385795593,1.5725033193839e+17,1983604480.0,982001,19820.16,-41115408.87089376,,,,,,,
-2.8691604620218167,-0.02480612245250328,0.651035306587225,-0.44281756979349957,0.0,824.2576153225416,747.2910715817596,22,44735,994000,0.0003,1333578624.0,4901558.0,1.267335295677185,1.0102781846434611e+17,1236872448.0,984001,19820.16,-41115408.87089376,,,,,,,
-10.05606872916222,-0.577466965674635,-0.10979814229953551,-0.7181228415372792,0.0,1251.3152238966582,-363.9781191787229,22,44803,996000,0.0003,1597029120.0,4901810.0,1.0433261394500732,9.266185782689792e+17,6131248640.0,986001,19820.16,-41115408.87089376,,,,,,,
-1.062094298005104,-0.26719056327153845,0.5189930316536245,-0.7340972972884358,0.0,1502.0344266623251,998.2292033208594,22,44871,998000,0.0003,2000922624.0,4937815.5,-0.5318145155906677,7.099098529561313e+17,10279579648.0,988001,19563.117647058825,-41248148.41626681,,,,,,,
8.505237153768531,0.5589280618863327,0.45376544080783154,-0.7342657266538039,0.0,860.7098410697638,-606.0041412811614,,,1000000,0.0003,1545143808.0,4963774.0,0.5549155473709106,5.606598768590848e+17,9456544768.0,990000,,,0.009906250000000007,0.0,40000.0,-44772.30994675458,5762.883557547578,0.005171875000000004,0.0
,,,,,,,21,46037,1000000,0.0003,1706495232.0,4963802.5,-1.0249122381210327,2.5304138267806925e+17,3387757056.0,990001,19563.117647058825,-41248148.41626681,,,,,,,
