rollout/acrobot_xk_applied_torque,rollout/acrobot_xk_elbow_norm,rollout/acrobot_xk_elbow_rate_norm,rollout/acrobot_xk_energy_error_norm,rollout/acrobot_xk_homoclinic_capture,rollout/acrobot_xk_lyapunov,rollout/acrobot_xk_lyapunov_rate,time/fps,time/time_elapsed,time/total_timesteps,train/learning_rate,train/actor_loss,train/alpha,train/alpha_loss,train/critic_loss,train/fraction,train/n_updates,rollout/ep_len_mean,rollout/ep_rew_mean,eval/best_strict_capture_mean_max_duration,eval/best_strict_capture_success_rate,eval/mean_ep_length,eval/mean_reward,eval/std_reward,eval/strict_capture_mean_max_duration,eval/strict_capture_success_rate
0.16444204149208963,0.05720172041100774,0.055611130896396375,-0.9795063632537645,0.0,1248.9239109804373,421.0740785193409,2122,0,2000,0.0003,,,,,,,,,,,,,,,
-0.865974239045287,-0.20084783676960927,0.15341664067191527,-0.8946539950015402,0.0,1358.8021318791946,-45.816956280913395,2129,1,4000,0.0003,,,,,,,,,,,,,,,
1.1113113708785691,0.12286296867520968,-0.4457699493025721,-0.8812854662124706,0.0,1224.5006747221717,-55.976424411461686,2141,2,6000,0.0003,,,,,,,,,,,,,,,
1.1824752173707829,0.32970008108385757,0.5815790581927426,-0.8194392652343152,0.0,1189.9162667322976,-9.324105258919257,2156,3,8000,0.0003,,,,,,,,,,,,,,,
-0.2839860376138239,-0.22386498792373405,-0.5319198314753583,-0.812795296106054,0.0,1265.7804121781028,344.6025690101646,1211,8,10000,0.0003,0.02583017572760582,1.0,-0.0,666122240.0,67.56505584716797,1,,,,,,,,,
-4.828536085128792,-0.22512758342043138,0.03830131009681137,-0.9459821398794382,0.0,1101.8151031353177,-137.18040822204904,159,75,12000,0.0003,-12214.982421875,1.999121069908142,-3.212353467941284,261875072.0,29284.142578125,2001,,,,,,,,,
7.32497874450684,-0.19777267743154456,0.6983671164441974,-0.5981082914886846,0.0,2675.0131177334833,18490.139518116768,97,143,14000,0.0003,-82345.6328125,4.395143032073975,-11.021214485168457,1699881728.0,55344.796875,4001,,,,,,,,,
-27.241975294113157,0.31753964585495087,0.48536019663746527,0.935353744534962,0.0,9641.157333206003,-17916.25551388692,75,210,16000,0.0003,-282326.125,7.377521514892578,-12.735702514648438,21140299776.0,91532.7578125,6001,,,,,,,,,
-7.550182228088372,-0.004374321890834174,-1.3461387268209861,0.603763298447301,0.0,1913.3743361030465,476.9605532283347,64,278,18000,0.0003,-807709.75,13.8521089553833,-26.110681533813477,4262236672.0,258549.46875,8001,,,,,,,,,
-12.930154460906982,-0.320464000041654,0.1891874922243095,0.6360338862415666,0.0,855.4448766506746,-903.60138401149,57,345,20000,0.0003,-1347204.5,24.947229385375977,-27.045413970947266,20186370048.0,771198.0,10001,,,,,,,,,
-32.4715234737396,0.06707295173161608,-4.889436272347109,8.132094351072528,0.0,196851.17516977683,1236631.035150324,53,412,22000,0.0003,-2821249.25,46.75276565551758,-37.32861328125,2740745666560.0,4545666.0,12001,,,,,,,,,
47.521338432312,-0.11803011525516315,-8.14424007078656,18.583924821542812,0.0,789822.91032198,-991597.8345691973,50,479,24000,0.0003,-2665141.0,74.0278549194336,-33.975555419921875,29894333431808.0,5036855.5,14001,,,,,,,,,
31.0463239593506,-0.01690861028733748,16.98434070251969,43.50791607930768,0.0,2917744.73882745,2337843.5358368466,47,546,26000,0.0003,-1787831.0,137.07443237304688,-40.59111022949219,31031314874368.0,7396081.0,16001,,,,,,,,,
-34.10195897483824,0.1512643936495299,5.5351006274831915,13.561968401845455,0.0,488382.23640884674,-2504745.6181048322,45,613,28000,0.0003,-3687158.25,262.1585998535156,-41.82886505126953,48691553501184.0,7848195.0,18001,,,,,,,,,
9.153821828842156,0.14747993624643568,0.6059059758939338,0.8984686596426976,0.0,61767.193930248475,9195.454881109985,44,680,30000,0.0003,-6098082.0,462.80694580078125,-43.49104309082031,97277855137792.0,18197608.0,20001,,,,,,,,,
1.764344644546536,0.21682032193714365,-2.5223133876631056,3.310432000470526,0.0,87006.21243801068,79940.2168434377,42,747,32000,0.0003,-11611952.0,806.091552734375,-45.207218170166016,81388271304704.0,28662230.0,22001,,,,,,,,,
-0.7854551200866858,-0.2325828834063654,-3.701432920931619,3.6767391410450228,0.0,57648.51953459365,-136873.76619539037,41,814,34000,0.0003,-13528864.0,1407.663818359375,-39.23896026611328,65838660976640.0,41112080.0,24001,,,,,,,,,
3.050941640853882,0.03358274350620347,-0.815021224420982,-0.06943051384444907,0.0,8349.0275865766,-3442.340276200088,40,882,36000,0.0003,-13702618.0,2448.323486328125,-38.380096435546875,110645974401024.0,43245024.0,26001,,,,,,,,,
31.691155693054192,0.2529112557781805,1.9513781360734705,0.8207770942678052,0.0,14042.488088159947,21356.31695108169,39,950,38000,0.0003,-15077568.0,4213.5859375,-30.308027267456055,47485636575232.0,57880900.0,28001,,,,,,,,,
6.356626365661619,0.05330195757827812,2.8872024779455345,1.0813813456507586,0.0,31402.845367772657,26379.79888368282,39,1018,40000,0.0003,-14570562.0,7069.751953125,-26.144365310668945,73160875573248.0,39477356.0,30001,40000.0,-9501686994.328745,,,,,,,
-7.7880921764373765,-0.39927484900572524,-0.5714501896971477,-0.8325035118299322,0.0,1049.7955834240076,-487.863027365029,38,1086,42000,0.0003,-16595264.0,11808.6533203125,-18.80907440185547,69731050586112.0,98439976.0,32001,40000.0,-9501686994.328745,,,,,,,
6.023405361175542,0.36681577221162104,-0.4513266871165814,-0.4484444817514741,0.0,816.4792221199054,522.3478709856755,38,1154,44000,0.0003,-13881727.0,19583.720703125,-14.186843872070312,78423812734976.0,81595176.0,34001,40000.0,-9501686994.328745,,,,,,,
18.379176515579232,0.6803131867011557,0.3582795467191493,-0.3616297535453964,0.0,897.5339292081995,1126.923615210168,37,1222,46000,0.0003,-13549292.0,32179.828125,-11.0479097366333,82411866030080.0,97697304.0,36001,40000.0,-9501686994.328745,,,,,,,
-3.9953585052490563,-0.611383021529829,0.24950894268556434,-0.11474229902487812,0.0,351.1487330355903,-2139.2346708997816,37,1290,48000,0.0003,-14168065.0,52135.5234375,-6.683636665344238,120219632664576.0,95834304.0,38001,40000.0,-9501686994.328745,,,,,,,
-8.317769189834605,-0.25685368316035495,-0.8446098914649318,0.07284089621896254,0.0,1218.0065688064617,1202.911903532758,36,1359,50000,0.0003,-17559130.0,81223.609375,-4.32301664352417,410098375589888.0,195388368.0,40001,40000.0,-9501686994.328745,,,,,,,
8.704786851882929,0.35297777201951464,0.19056990105325433,-0.3093247010498836,0.0,996.7746471288331,-488.46995523901114,36,1427,52000,0.0003,-16485877.0,116082.4453125,-2.741551399230957,166415369764864.0,126352096.0,42001,40000.0,-9501686994.328745,,,,,,,
11.300367790222168,0.4161214460187594,0.19379541879760484,-0.07905557682367188,0.0,997.3417840017399,667.6293874720718,36,1495,54000,0.0003,-14705576.0,139434.234375,-1.2657973766326904,194405554192384.0,163868864.0,44001,40000.0,-9501686994.328745,,,,,,,
53.04024350738525,0.7539272884274834,-0.006174245778305576,0.9089787984927843,0.0,1714.6301043903024,-69.37515911546932,35,1563,56000,0.0003,-12490287.0,148512.78125,1.3394049406051636,106429096656896.0,177042576.0,46001,40000.0,-9501686994.328745,,,,,,,
53.999102476119994,0.5964645905501205,0.24564712639401437,0.6419297558545104,0.0,1461.8286088441432,4570.411364953936,35,1631,58000,0.0003,-13922834.0,154022.46875,-0.2257419377565384,76119084630016.0,70289152.0,48001,40000.0,-9501686994.328745,,,,,,,
11.755768730163599,0.1294649784738481,0.9444228375724253,0.5582939756176903,0.0,1620.6304065347908,-5156.022825779125,35,1699,60000,0.0003,-13155062.0,151959.28125,-0.45197585225105286,153186887270400.0,229471360.0,50001,40000.0,-9501686994.328745,,,,,,,
33.950292016983035,0.5276377544903432,0.16234713500610373,0.5621019037651218,0.0,1487.3585690212494,396.34178671890106,35,1767,62000,0.0003,-13290896.0,150418.390625,1.0103864669799805,81681100832768.0,90030192.0,52001,40000.0,-9501686994.328745,,,,,,,
23.88785411643981,0.023179762350631815,4.980412512601077,3.3467878591356404,0.0,39346.48176988952,191169.96396798088,34,1836,64000,0.0003,-16610417.0,152020.734375,2.826214551925659,241989832409088.0,206220384.0,54001,40000.0,-9501686994.328745,,,,,,,
10.754750663757328,0.02807833013386604,6.691081037441106,5.752547503061211,0.0,114228.25040415974,75339.88282650594,34,1905,66000,0.0003,-23222448.0,158446.484375,0.021436035633087158,371495410860032.0,214240512.0,56001,40000.0,-9501686994.328745,,,,,,,
25.677508749008172,0.015999219253454964,11.190854406268059,15.983521065593289,0.0,581789.9272069467,890043.0459939138,34,1974,68000,0.0003,-23605692.0,166934.890625,1.2636559009552002,435855294464000.0,224822336.0,58001,40000.0,-9501686994.328745,,,,,,,
7.232975654602079,0.014445707623574966,12.065820555972552,19.054785029665865,0.0,1080200.4573143627,-45002.641603865595,34,2043,70000,0.0003,-12632242.0,169143.96875,-0.9683663845062256,200204766674944.0,92462416.0,60001,40000.0,-9501686994.328745,,,,,,,
6.801133319854734,0.058566987364862454,9.135778984306835,10.351041186011566,0.0,1208339.8904829866,282103.08315581555,34,2113,72000,0.0003,-6569746.5,166659.859375,-0.12407080829143524,256683066523648.0,130312832.0,62001,40000.0,-9501686994.328745,,,,,,,
11.890854770660404,-0.02153053791507237,9.237387685509445,10.510914435697472,0.0,1725002.7657852382,591776.940307329,33,2184,74000,0.0003,14117628.0,157977.546875,1.4873955249786377,122287097380864.0,95673336.0,64001,40000.0,-9501686994.328745,,,,,,,
0.6640911712646406,0.0010504467008802362,8.03793507859796,8.20231051780342,0.0,2275141.6499890834,520334.17858567345,33,2254,76000,0.0003,33869404.0,144758.625,-0.03381076455116272,161416648589312.0,167005616.0,66001,40000.0,-9501686994.328745,,,,,,,
-5.297431859970084,-0.015896294153235586,5.112100965796592,3.4037523117640918,0.0,2719501.0164067326,385435.31831842446,33,2324,78000,0.0003,50277508.0,132405.9375,0.013389840722084045,82602606198784.0,148440624.0,68001,40000.0,-9501686994.328745,,,,,,,
-17.248852596282966,0.4197004753612725,1.9354281386550964,0.7497654392112056,0.0,3016309.9503080337,169475.8753982147,33,2395,80000,0.0003,80224520.0,122175.3984375,1.4856879711151123,62881685045248.0,150913264.0,70001,40000.0,-20584136662.228775,,,,,,,
7.763180219650263,0.03482121432205412,1.431955551196394,-0.2026276876929697,0.0,1534.7604628743948,559.0174703705071,33,2466,82000,0.0003,84549432.0,117033.734375,1.382645606994629,115606233808896.0,109774456.0,72001,40000.0,-20584136662.228775,,,,,,,
32.46879829788217,0.4813956804526592,0.3094056441243592,0.41171372256515787,0.0,2298.0934738810975,886.9900778532892,33,2538,84000,0.0003,93465384.0,114466.109375,1.006274938583374,53248819986432.0,87398728.0,74001,40000.0,-20584136662.228775,,,,,,,
42.28716270637512,0.5115305299529033,0.03322503450736972,0.6149236891495902,0.0,2459.911774901881,367.6739487716403,32,2610,86000,0.0003,100591296.0,110514.9921875,-1.1020458936691284,42673138302976.0,42745072.0,76001,40000.0,-20584136662.228775,,,,,,,
31.38225525283817,0.4534937309829777,-0.013989968093409608,0.525467613050685,0.0,2768.254997121501,-286.625896558637,32,2682,88000,0.0003,85040688.0,102713.375,0.26533693075180054,37199890350080.0,55297724.0,78001,40000.0,-20584136662.228775,,,,,,,
31.24977846336367,0.49442893224819084,0.12413790485632453,0.36355265216084026,0.0,2201.8725939282117,342.20531199391354,32,2755,90000,0.0003,72818632.0,97761.1015625,1.1531943082809448,63411165593600.0,52465540.0,80001,40000.0,-20584136662.228775,,,,,,,
28.225926054000862,0.3500534621039288,0.19217825920064396,0.17900662236472997,0.0,3370.518765962896,8227.617790157,32,2828,92000,0.0003,60077028.0,96643.1640625,0.7136707901954651,55931601682432.0,52207808.0,82001,40000.0,-20584136662.228775,,,,,,,
7.21166616439819,0.04106589829542066,2.477269280418704,0.6148647971528434,0.0,11253.35577249474,8481.37327968643,32,2901,94000,0.0003,73654288.0,96825.0859375,-0.2975746691226959,64414417944576.0,84099368.0,84001,40000.0,-20584136662.228775,,,,,,,
21.226893997192377,0.3609043807956213,1.3861772126558662,0.6243154385847661,0.0,23399.37329551619,3689.21021285644,32,2973,96000,0.0003,65286860.0,97636.0625,-0.6903437972068787,56996334141440.0,64578380.0,86001,40000.0,-20584136662.228775,,,,,,,
42.86202606582643,0.6187726183472099,0.1128853023470585,0.38044003044120916,0.0,22714.676785348354,1218.4897249431951,32,3046,98000,0.0003,82351632.0,96179.484375,0.4554113745689392,49946409566208.0,63447900.0,88001,40000.0,-20584136662.228775,,,,,,,
28.551179063796866,0.4574920524253423,0.9621574351794854,0.5371508238078226,0.0,26357.056020816002,11020.519072895118,,,100000,0.0003,86818320.0,96113.921875,0.45333391427993774,140214576087040.0,192831968.0,90000,,,6.25e-05,0.0,40000.0,-233998.6918034949,76932.11897857742,6.25e-05,0.0
,,,,,,,23,4295,100000,0.0003,52978524.0,96106.9609375,-0.5108872652053833,40019184058368.0,41651728.0,90001,40000.0,-20584136662.228775,,,,,,,
14.365317630767823,0.20011592432140596,1.6939179765676105,0.3543606392208698,0.0,43822.89780140436,14484.392036549321,23,4365,102000,0.0003,90451848.0,95743.2265625,-0.09146060794591904,40217041960960.0,41388808.0,92001,40000.0,-20584136662.228775,,,,,,,
13.841630823135333,0.19774252921675226,0.763062072478461,0.7062001412713919,0.0,51225.35936898487,9159.009735007046,23,4436,104000,0.0003,72771472.0,96105.4921875,0.42552319169044495,200185036668928.0,101172352.0,94001,40000.0,-20584136662.228775,,,,,,,
29.36588986206057,0.37288627051494283,0.6049717929328361,0.5174971643242542,0.0,63831.28829623073,13333.032786065696,23,4509,106000,0.0003,69983168.0,95902.96875,-0.9178164005279541,155869530554368.0,147388768.0,96001,40000.0,-20584136662.228775,,,,,,,
14.940601352691658,0.22138716501558664,2.869420904446015,1.2805840062727225,0.0,97206.58748382718,37815.96205486535,23,4583,108000,0.0003,69848704.0,95392.609375,1.2668554782867432,56469282095104.0,97444064.0,98001,40000.0,-20584136662.228775,,,,,,,
32.34247259902949,0.4014997828944956,0.8453998061578334,0.889926126186553,0.0,110425.17307563694,19610.04941913326,23,4656,110000,0.0003,78131488.0,96087.34375,-1.0613423585891724,188863637094400.0,156077696.0,100001,40000.0,-20584136662.228775,,,,,,,
19.55252620697022,0.14729672871117333,3.029051918123339,1.3741970578665808,0.0,158433.4892527825,56632.359882460594,23,4729,112000,0.0003,80656224.0,96033.7578125,-0.5417850017547607,61497157877760.0,43617256.0,102001,40000.0,-20584136662.228775,,,,,,,
8.727346334457426,0.16441970233894138,2.609385994205208,0.9373276705112197,0.0,223084.51102261865,57473.37850867737,23,4803,114000,0.0003,70599440.0,94266.0625,-0.19502313435077667,55482731462656.0,56558540.0,104001,40000.0,-20584136662.228775,,,,,,,
0.8874975738525399,0.10665947508260798,-0.19300437582943747,-0.7083014141486683,0.0,239252.86624613023,-4513.040605958574,23,4877,116000,0.0003,86656568.0,91269.65625,-0.8746786117553711,133142056796160.0,153347248.0,106001,40000.0,-20584136662.228775,,,,,,,
-19.061483457565302,-0.17400836858620503,-1.2256776998457566,0.09150697551812705,0.0,229632.27182578918,-15210.540272058697,23,4950,118000,0.0003,78323480.0,87747.5546875,-0.5337332487106323,118574584692736.0,132286400.0,108001,40000.0,-20584136662.228775,,,,,,,
1.0155970840454098,-0.17540352348623153,-2.1855337617895985,0.14303296073462238,0.0,182560.7065914784,-61952.183516796,23,5023,120000,0.0003,80113904.0,84978.453125,-0.8356723785400391,302585210732544.0,244422576.0,110001,40000.0,-14828872385.438276,,,,,,,
11.435856489181498,0.07416959961231315,1.9608979369855433,0.17374223982651807,0.0,2616.4728157880027,6097.021923392993,23,5095,122000,0.0003,79277568.0,81746.28125,0.23194006085395813,79536830021632.0,73933560.0,112001,40000.0,-14828872385.438276,,,,,,,
-5.7117095928192105,-0.059493749649398915,2.3147722371735244,0.6569555835793984,0.0,11989.416075542835,4689.207348748593,23,5167,124000,0.0003,68711960.0,84895.90625,1.388792634010315,162554680705024.0,228343296.0,114001,40000.0,-14828872385.438276,,,,,,,
14.429282384872442,0.23062025209876638,-0.47393953667392136,0.16443278108210468,0.0,12523.174878866745,-2179.08812376188,24,5240,126000,0.0003,61701984.0,83472.265625,-0.30150750279426575,64649185722368.0,69996192.0,116001,40000.0,-14828872385.438276,,,,,,,
-6.36039810943603,-0.2634090958014841,-0.44658264207629994,0.6405381862124235,0.0,10376.245032329136,181.30964729392323,24,5312,128000,0.0003,55605088.0,86238.90625,1.3907355070114136,189503033573376.0,159406736.0,118001,40000.0,-14828872385.438276,,,,,,,
3.4610595321655246,0.0411782200783147,-1.830497432080145,0.3414747005068662,0.0,5777.928445127402,-5088.083834089647,24,5383,130000,0.0003,70567808.0,86434.296875,1.3266053199768066,184518539476992.0,143729168.0,120001,40000.0,-14828872385.438276,,,,,,,
3.3985924892425565,0.11884858851976948,-1.4624461916397993,0.0678522884942567,0.0,1585.3124530073158,-4329.425000841052,24,5461,132000,0.0003,69567880.0,91630.71875,-0.07207298278808594,77941316780032.0,154316736.0,122001,40000.0,-14828872385.438276,,,,,,,
6.19769027709961,0.11535295096259678,0.034999578435774795,-0.17134748858735885,0.0,58.80116466641291,202.25175451442774,24,5533,134000,0.0003,65239548.0,92623.875,-0.7905898094177246,154823303364608.0,186012624.0,124001,40000.0,-14828872385.438276,,,,,,,
0.7242300567626954,-0.20371709921689998,-0.4519819333236923,-0.11992020214905354,0.0,127.57511203863743,261.7924625609638,24,5606,136000,0.0003,47175664.0,98490.2734375,0.19682791829109192,84470933749760.0,95324984.0,126001,40000.0,-14828872385.438276,,,,,,,
2.4749369468688998,-0.026285767853707235,-0.7119908746732413,0.06242509148071883,0.0,710.5528225502279,609.748137024632,24,5678,138000,0.0003,46299792.0,105672.703125,-0.6563887000083923,76183693688832.0,104075544.0,128001,40000.0,-14828872385.438276,,,,,,,
18.806213788986213,0.5112613467632734,0.09210319762979845,-0.03581929452449402,0.0,692.6813748481744,-107.89702193700072,24,5750,140000,0.0003,45923320.0,98992.9375,1.598650574684143,57973686665216.0,64181000.0,130001,40000.0,-14828872385.438276,,,,,,,
20.01078798294066,0.4644318630242155,-0.06704557142765144,0.015906510414240887,0.0,730.9289247717035,102.76920840040972,24,5822,142000,0.0003,47875396.0,105325.0859375,1.089203953742981,337267675627520.0,214086832.0,132001,40000.0,-14828872385.438276,,,,,,,
13.296888425827015,0.4961713736502365,-0.0449091450320388,0.1673183370314032,0.0,725.9952954053081,60.38515696189269,24,5894,144000,0.0003,41859500.0,109935.0546875,-1.1947917938232422,211017548169216.0,132846384.0,134001,40000.0,-14828872385.438276,,,,,,,
23.323907230377184,0.48173420402511685,0.04343396643475689,0.2511512089100355,0.0,793.9128382348023,74.70167030388741,24,5966,146000,0.0003,44942260.0,110954.9375,-0.18411532044410706,136574373199872.0,122906528.0,136001,40000.0,-14828872385.438276,,,,,,,
26.296166940689083,0.43892404431928245,0.011157434699568371,0.23964302022739334,0.0,821.1220883288862,16.959423242036728,24,6039,148000,0.0003,37792112.0,114711.3359375,0.7901749610900879,76219831812096.0,63764452.0,138001,40000.0,-14828872385.438276,,,,,,,
23.141702451705946,0.41078178682095506,-0.04111756029653189,0.2567311801641137,0.0,856.9801033316736,116.80073744356234,24,6111,150000,0.0003,51482044.0,118103.6015625,-0.516076385974884,31748096262144.0,30271844.0,140001,40000.0,-14828872385.438276,,,,,,,
19.749484661102308,0.4304800324934648,-0.05531995512510071,0.3444346457576741,0.0,899.1475484590111,25.908636779300718,24,6184,152000,0.0003,55427544.0,117543.234375,-2.062985897064209,159453043228672.0,195265664.0,142001,40000.0,-14828872385.438276,,,,,,,
22.33675792121891,0.4344849143628495,0.016428652885089916,0.4086324257147661,0.0,959.2005030929172,96.53306870542288,24,6256,154000,0.0003,45337008.0,121386.9296875,-0.14617937803268433,165367934615552.0,120305256.0,144001,40000.0,-14828872385.438276,,,,,,,
26.23889430236819,0.4233711360039782,0.041143181848605756,0.4344788410060062,0.0,1000.1169102835589,133.97950827062164,24,6328,156000,0.0003,36868276.0,128925.21875,0.06705659627914429,111096157437952.0,132850032.0,146001,40000.0,-14828872385.438276,,,,,,,
29.262126716613825,0.4159739763662734,0.028115638651199686,0.46258752834392275,0.0,1036.867301180412,99.87024835652633,24,6401,158000,0.0003,37493604.0,125080.453125,-1.897223711013794,125862255001600.0,103674528.0,148001,40000.0,-14828872385.438276,,,,,,,
28.963126443862908,0.40242624845893277,-0.017469262738069657,0.45313761933346447,0.0,1035.4294000686702,-21.901757064752623,24,6473,160000,0.0003,39562932.0,131209.890625,-1.9136247634887695,118649117474816.0,83889584.0,150001,40000.0,-11149834641.21982,,,,,,,
16.287343685150155,0.12738491492104212,3.3628265952917356,1.0414318184732207,0.0,9341.058478578743,15300.864526733014,24,6545,162000,0.0003,34366060.0,130410.2421875,0.40996918082237244,51062576775168.0,58744736.0,152001,40000.0,-11149834641.21982,,,,,,,
-0.41100555038449954,0.10548828118895302,4.118208744764292,1.9705913297903008,0.0,34053.043332586276,20389.419116141064,24,6616,164000,0.0003,40477408.0,132773.765625,-0.39036160707473755,188727003447296.0,138905568.0,154001,40000.0,-11149834641.21982,,,,,,,
-38.805598466873185,-0.030244941889940938,-4.149796918242125,3.3794230002637398,0.0,67523.42594188926,45003.42862606644,24,6688,166000,0.0003,25628858.0,133000.234375,0.7653485536575317,126299469250560.0,124985592.0,156001,40000.0,-11149834641.21982,,,,,,,
18.182227207183846,0.08882715391424706,-3.0594195518717315,1.309105902076989,0.0,14447.191839333012,-80074.82190484041,24,6760,168000,0.0003,19419184.0,134561.453125,0.3755069077014923,148355250388992.0,182154832.0,158001,40000.0,-11149834641.21982,,,,,,,
26.175452779769806,0.16937295504543634,2.740563367390594,1.3570620064938217,0.0,11096.558496750928,12175.586661196168,24,6832,170000,0.0003,29681758.0,134359.109375,-0.04063083231449127,318874847281152.0,174194848.0,160001,40000.0,-11149834641.21982,,,,,,,
0.4490880470276046,0.12471927912568243,-0.940606874598039,3.8111405506676417,0.0,37671.574956626384,21868.64720858972,24,6904,172000,0.0003,18997106.0,138088.03125,-0.3710249364376068,34067588317184.0,54897504.0,162001,40000.0,-11149834641.21982,,,,,,,
5.8190665035247715,-0.0456481691524581,-2.2824861961079432,0.919875091607212,0.0,8715.920672979491,-33317.34481689578,24,6976,174000,0.0003,24233878.0,140473.171875,0.9537842869758606,52408273076224.0,31030078.0,164001,40000.0,-11149834641.21982,,,,,,,
-2.3201618709564227,-0.30417268761205263,0.10832159949752128,-0.6958908047442062,0.0,629.4656116398465,138.27450594121183,24,7047,176000,0.0003,33574812.0,141752.84375,2.8060505390167236,43424497532928.0,61355772.0,166001,40000.0,-11149834641.21982,,,,,,,
-3.838958028793324,0.20504181496995272,1.9520297381641816,0.6605757503699696,0.0,5356.390563444577,5622.867259681648,24,7120,178000,0.0003,21818082.0,140405.65625,-0.32500797510147095,29650759712768.0,23650908.0,168001,40000.0,-11149834641.21982,,,,,,,
2.222673597335809,-0.3941449997145611,-0.2070858499648987,0.5410722817742113,0.0,3394.9555757110443,632.4364089271096,25,7197,180000,0.0003,13099576.0,141951.4375,1.8311705589294434,193465342230528.0,172800160.0,170001,40000.0,-11149834641.21982,,,,,,,
16.269444837570138,0.08605383949520527,4.6635074176323,2.7374289002208663,0.0,30167.368853817236,36001.65337753135,25,7275,182000,0.0003,12465500.0,141806.515625,-0.19874295592308044,229665692188672.0,211091840.0,172001,40000.0,-11149834641.21982,,,,,,,
-34.41492930793758,0.10778858697666092,0.7690187257892644,2.235567392661737,0.0,58226.63528647806,96465.7995763974,25,7353,184000,0.0003,15350302.0,144251.625,2.673435688018799,279876728782848.0,217369920.0,174001,40000.0,-11149834641.21982,,,,,,,
8.149699295043943,-0.003373866791915189,-5.93166198448837,4.707460303032466,0.0,66435.16944063656,-134581.12994669424,25,7431,186000,0.0003,14333794.0,143280.78125,-1.0080472230911255,30929649139712.0,32457194.0,176001,40000.0,-11149834641.21982,,,,,,,
6.849216979980473,0.1292938014186001,-1.143278461046626,0.036262242182649854,0.0,1079.2306802298795,-3059.3428999672924,25,7508,188000,0.0003,19571048.0,144480.71875,-1.049736499786377,80005560270848.0,121386336.0,178001,40000.0,-11149834641.21982,,,,,,,
14.681048990249634,0.2810991563789624,0.6853376927384497,0.40669059669794905,0.0,2051.902889655782,5420.584529320277,25,7586,190000,0.0003,19317876.0,147717.234375,0.6005246043205261,80551155335168.0,55791100.0,180001,40000.0,-11149834641.21982,,,,,,,
-4.268696790695196,-0.04987043432519878,0.32268943819845924,1.5384681072901267,0.0,7480.200840201329,-3375.5813805478497,25,7658,192000,0.0003,9062240.0,145988.203125,-1.7673735618591309,243019953471488.0,269707904.0,182001,40000.0,-11149834641.21982,,,,,,,
-45.77165062522889,-0.544041556615032,0.05280820753243429,0.7493835160405081,0.0,1659.5845000567538,-529.6756640409592,25,7730,194000,0.0003,18635084.0,145251.625,-1.9617559909820557,109706492248064.0,100681768.0,184001,40000.0,-11149834641.21982,,,,,,,
-48.009216629028316,-0.5804834100755156,0.02634788749868825,0.4129177337779539,0.0,1303.6715867082416,-398.23646632156493,25,7802,196000,0.0003,19046940.0,141799.890625,0.6690816879272461,94805816246272.0,92788728.0,186001,40000.0,-11149834641.21982,,,,,,,
-35.89230396080014,-0.7263019245702463,-0.2184585834882587,0.2390905859021487,0.0,894.6087786683615,257.5633787419135,25,7874,198000,0.0003,5293085.5,142133.765625,0.5062112212181091,175029832646656.0,174248768.0,188001,40000.0,-11149834641.21982,,,,,,,
13.717305223464988,0.365854631274359,-0.5210184827544673,-0.28599064967339144,0.0,541.793017204264,-516.5867421245918,,,200000,0.0003,10929234.0,136393.890625,-0.8841124773025513,249739597578240.0,178206016.0,190000,,,6.25e-05,0.0,40000.0,-610621.7903108483,311958.025697987,0.0,0.0
,,,,,,,21,9122,200000,0.0003,13146122.0,136389.34375,0.9093539118766785,46700517392384.0,34865384.0,190001,40000.0,-9066065375.654669,,,,,,,
-1.1423507480621333,-0.056832586222034166,-0.03764087873683633,-0.9912934150908355,0.0,1183.4480448777178,252.45690163820157,21,9192,202000,0.0003,11622964.0,138959.390625,0.3163760304450989,31011727474688.0,45231556.0,192001,40000.0,-9066065375.654669,,,,,,,
0.4492839546203614,0.002727091392734391,0.08491991195066245,-0.9908492890599544,0.0,1181.965875756957,275.4135834618419,22,9262,204000,0.0003,18825294.0,138399.828125,1.4716626405715942,92543433834496.0,119618480.0,194001,40000.0,-9066065375.654669,,,,,,,
21.658064893722532,0.1127080592923833,1.7107395097276226,0.20225580097097334,0.0,8121.902913466523,48398.95286580218,22,9333,206000,0.0003,4751504.5,142332.890625,1.1734355688095093,205486049722368.0,254288752.0,196001,40000.0,-9066065375.654669,,,,,,,
-2.8085484752655145,-0.006391252574322042,6.2153299550947425,5.101508004465656,0.0,71785.32818131498,-4168.016603126255,22,9404,208000,0.0003,6732513.5,144278.03125,0.10726483166217804,265844584087552.0,273840928.0,198001,40000.0,-9066065375.654669,,,,,,,
-31.43683503150943,-0.09031739783266804,-4.860844648261524,4.054468107377275,0.0,68887.52300604517,15134.959754459327,22,9476,210000,0.0003,10334039.0,145584.046875,-0.1481887549161911,26684424192000.0,39462948.0,200001,40000.0,-9066065375.654669,,,,,,,
15.840891702651986,0.050773615706736344,-2.86539177474201,1.136295113273433,0.0,8987.714848458441,-57883.836592321924,22,9548,212000,0.0003,2748805.0,145196.921875,1.513859510421753,215876699684864.0,254920128.0,202001,40000.0,-9066065375.654669,,,,,,,
24.518245363235483,0.15502412553782585,1.2484183399272106,0.21912982628424402,0.0,6206.555196789113,50285.702827117726,22,9620,214000,0.0003,5620148.0,151297.421875,1.1175463199615479,48651149770752.0,53952024.0,204001,40000.0,-9066065375.654669,,,,,,,
-11.25908373069761,0.10195745536603507,5.706464340352735,4.667721413375677,0.0,70695.67311019379,-16529.18348728193,22,9692,216000,0.0003,5527020.0,153845.140625,-1.0588551759719849,66081603452928.0,67667232.0,206001,40000.0,-9066065375.654669,,,,,,,
-21.23705296134949,-0.045530260071803254,-5.2777109616801035,3.8973896011532183,0.0,51323.61080988546,-14458.365693817002,22,9764,218000,0.0003,9375278.0,155572.390625,1.9041165113449097,53443058204672.0,51512124.0,208001,40000.0,-9066065375.654669,,,,,,,
7.8180098972320655,-0.20039300024762768,0.27737911624244016,1.0214423878053134,0.0,8403.32577916528,23205.560457725885,22,9836,220000,0.0003,-7235044.0,155999.96875,0.16307686269283295,255962300547072.0,192323200.0,210001,40000.0,-9066065375.654669,,,,,,,
-20.08834114456176,0.20787349076766806,0.2453272186690772,3.4552838463869366,0.0,40645.659923839885,-31648.15258219439,22,9908,222000,0.0003,-1943301.375,154495.4375,0.5059844255447388,26576779476992.0,21927528.0,212001,40000.0,-9066065375.654669,,,,,,,
10.322399522781359,0.08080961474602402,-0.8824718483461155,0.0018132450474918343,0.0,3451.7029511905203,-7635.882610152545,22,9980,224000,0.0003,1787543.75,155257.421875,2.844541072845459,124601380110336.0,104705816.0,214001,40000.0,-9066065375.654669,,,,,,,
3.330496416091918,0.4815017487185817,0.2021258795123048,-0.2970404679520202,0.0,2006.5521419827235,186.5025576685964,22,10052,226000,0.0003,5063119.5,154287.390625,0.20130187273025513,42876197142528.0,51822776.0,216001,40000.0,-9066065375.654669,,,,,,,
21.137395950317398,0.7405800600275048,-0.15506297226239749,0.16686532188031367,0.0,2620.665521161805,1056.892641324148,22,10124,228000,0.0003,-727470.875,155701.515625,1.2972791194915771,45778127028224.0,34869068.0,218001,40000.0,-9066065375.654669,,,,,,,
22.514673650741585,0.41621642911731366,0.055543331836546,0.13527066335442003,0.0,2325.256127970686,-915.8051721058438,22,10197,230000,0.0003,-4264424.0,155432.546875,0.6993129849433899,34465095090176.0,21846876.0,220001,40000.0,-9066065375.654669,,,,,,,
21.01088100433346,0.21127430023318827,-0.021596999223203447,0.5817590887391548,0.0,2636.7324845530434,727.6317100805777,22,10269,232000,0.0003,2717812.0,151491.046875,1.0275723934173584,41217542848512.0,25648374.0,222001,40000.0,-9066065375.654669,,,,,,,
20.43384202003478,0.17210021313960008,-0.07545020380026354,1.006205021852226,0.0,3307.5175310429363,637.9236156121195,22,10341,234000,0.0003,-11384499.0,150775.71875,-0.8174813985824585,97930589503488.0,135648560.0,224001,40000.0,-9066065375.654669,,,,,,,
21.699993776321417,0.15136405299447922,-0.06569809904095338,1.3361461176320284,0.0,4134.291274732117,463.91807041113884,22,10413,236000,0.0003,-4397986.0,149607.515625,-0.4879186749458313,30661115117568.0,34455920.0,226001,40000.0,-9066065375.654669,,,,,,,
20.16619380760192,0.12610595623062973,-0.03592808041968047,1.580337728544921,0.0,4913.939239221471,621.7758854688316,22,10485,238000,0.0003,-2679302.0,148747.515625,-0.04403245449066162,63724287164416.0,33522968.0,228001,40000.0,-9066065375.654669,,,,,,,
20.034929115295416,0.12371334095238529,-0.07108310251281595,1.7684839952033915,0.0,5624.935789493687,1211.5868899441716,22,10557,240000,0.0003,-15066082.0,145711.6875,0.4479190707206726,18101204680704.0,20541600.0,230001,40000.0,-7680942591.635844,,,,,,,
9.333466026306146,0.10168068661528512,6.019658264361201,4.9128070474789505,0.0,73037.20171520633,23985.092951726634,22,10628,242000,0.0003,-2931922.0,148051.34375,-1.1762974262237549,38757231230976.0,33474140.0,232001,40000.0,-7680942591.635844,,,,,,,
-21.60685751914976,0.2706479847916762,-3.104509675735943,1.2772848937750332,0.0,25911.816153923453,-3772.439213153834,22,10700,244000,0.0003,-10641222.0,147059.703125,-1.0053603649139404,71379806322688.0,74807480.0,234001,40000.0,-7680942591.635844,,,,,,,
3.324715040206912,-0.43147253189886375,-0.36895836833865686,-0.7550742371536832,0.0,5540.569039218204,-15077.427874756942,22,10772,246000,0.0003,-7351452.5,145648.75,0.203399658203125,22002635112448.0,24550840.0,236001,40000.0,-7680942591.635844,,,,,,,
2.9209883327484127,0.11156293741354165,0.5476781281963835,-0.9232522393755995,0.0,6263.205360758813,1786.4571175694532,22,10844,248000,0.0003,-3832777.5,144415.421875,-1.4700981378555298,20168803614720.0,23890738.0,238001,40000.0,-7680942591.635844,,,,,,,
4.456524435043332,0.42477864363735585,0.38262952999232686,-0.6176791492232308,0.0,7574.377170464333,1202.1950863327743,22,10917,250000,0.0003,-9061051.0,142261.78125,0.10320841521024704,68968836497408.0,110568872.0,240001,40000.0,-7680942591.635844,,,,,,,
-18.34988603782656,-0.18720932678386884,-1.1129046928688922,-0.14659622750790677,0.0,8056.036872581897,-1233.7762190342673,22,10990,252000,0.0003,-20356050.0,137439.921875,1.527647614479065,24318845124608.0,21875932.0,242001,40000.0,-7680942591.635844,,,,,,,
20.78456075477601,0.24672035734778258,-0.43028681979273664,0.10908963473180229,0.0,3699.416768802901,-3780.4272075704416,22,11063,254000,0.0003,-21979212.0,135542.875,-0.19952711462974548,68533174140928.0,70698016.0,244001,40000.0,-7680942591.635844,,,,,,,
26.950798248290983,0.5062149451337272,-0.13362241390711443,0.33215546537104373,0.0,2715.9275748584255,175.24457444953933,22,11135,256000,0.0003,-20102632.0,132890.3125,0.5370885729789734,18078928732160.0,18746816.0,246001,40000.0,-7680942591.635844,,,,,,,
16.581609861373888,0.236668115523568,-0.16055809764761364,0.6225290289866099,0.0,2577.1673837255703,711.9518144981342,23,11208,258000,0.0003,-13819260.0,132918.828125,-0.5983308553695679,27549027532800.0,34396168.0,248001,40000.0,-7680942591.635844,,,,,,,
11.312762031555163,0.08330622157503581,-0.11964304394366679,0.9848498271480967,0.0,3080.247372475219,443.0629894255115,23,11280,260000,0.0003,-13287444.0,131857.53125,-1.2111139297485352,29562847100928.0,30410256.0,250001,40000.0,-7680942591.635844,,,,,,,
10.061487443923921,0.05099991795816442,-0.06365762867964603,1.1417571950896959,0.0,3418.2872132915827,810.1766874314687,23,11353,262000,0.0003,-19102030.0,124946.453125,0.944387674331665,19696915054592.0,15509316.0,252001,40000.0,-7680942591.635844,,,,,,,
8.113876163482672,0.027738633703038727,-0.07431999340041257,1.2181256203365605,0.0,3570.0105979244304,944.5235988690747,23,11426,264000,0.0003,-23561394.0,122709.1484375,1.9113099575042725,67937792688128.0,88388744.0,254001,40000.0,-7680942591.635844,,,,,,,
8.621516277313232,0.028511090182342675,-0.036156482113611076,1.277149535679076,0.0,3772.4071386962587,3038.258688307674,23,11498,266000,0.0003,-21446450.0,118727.0859375,-1.602858066558838,66457970933760.0,120275960.0,256001,40000.0,-7680942591.635844,,,,,,,
7.643624906539905,0.028386877265743956,0.009379930916964683,1.3535978121618468,0.0,4093.960224487576,-373.2995550060355,23,11570,268000,0.0003,-21672670.0,117390.09375,-0.8023192882537842,107108280303616.0,97979560.0,258001,40000.0,-7680942591.635844,,,,,,,
4.580862674713141,0.001527322228737963,0.07173311128695792,1.3977835918798989,0.0,4288.542211001507,-569.862497426773,23,11643,270000,0.0003,-28820006.0,112633.140625,0.5137455463409424,16732595945472.0,19323650.0,260001,40000.0,-7680942591.635844,,,,,,,
2.8752932529449384,-0.01068657563918774,0.017438797240304536,1.3920840206659366,0.0,4170.959413624626,168.32306464638364,23,11717,272000,0.0003,-21978664.0,108913.9453125,-0.012234151363372803,17298702204928.0,17592460.0,262001,40000.0,-7680942591.635844,,,,,,,
1.6038778343200586,-0.01726997512185348,0.06114114935552809,1.396843780113343,0.0,4243.6644047560885,-1196.1758641848046,23,11790,274000,0.0003,-21974822.0,104743.1171875,0.08336682617664337,157533981376512.0,185742624.0,264001,40000.0,-7680942591.635844,,,,,,,
0.04066600990295086,-0.03413999190328796,0.06390278248292695,1.3667375558496055,0.0,4135.153569752507,-234.40458694107502,23,11863,276000,0.0003,-19894672.0,101827.203125,-0.07921510934829712,37088720322560.0,53122448.0,266001,40000.0,-7680942591.635844,,,,,,,
-2.082414644241322,-0.05548117690399982,-0.007563253934709645,1.3172704930618366,0.0,3943.493717659195,-50.85669195292239,23,11937,278000,0.0003,-23928044.0,97066.8515625,1.03058922290802,18021733105664.0,18658886.0,268001,40000.0,-7680942591.635844,,,,,,,
-3.8361240081787047,-0.07278075791032564,0.015710425700712717,1.2376253019565637,0.0,3752.677667531708,-52.06363750945927,23,12011,280000,0.0003,-29548786.0,95666.7421875,-1.0827667713165283,66781297246208.0,58506364.0,270001,40000.0,-6636456414.201141,,,,,,,
-3.4264512424469054,-0.048806733097300554,3.4848306570169547,1.872865336843814,0.0,24007.640999671206,7472.42124498851,23,12086,282000,0.0003,-28981728.0,93503.2265625,0.01646760106086731,14298164232192.0,21864326.0,272001,40000.0,-6636456414.201141,,,,,,,
-5.764095407485957,0.06800148773374631,-2.3078687926596104,0.365258091378376,0.0,6283.582917114805,-6289.355994084648,23,12160,284000,0.0003,-29061244.0,92759.6484375,0.7759811878204346,17368380080128.0,32350564.0,274001,40000.0,-6636456414.201141,,,,,,,
15.747990173339838,0.23851392179261457,-0.748314130902282,0.7324694859979665,0.0,1928.557325282466,-490.25822361895786,23,12234,286000,0.0003,-27726362.0,90330.5546875,-0.5599764585494995,33129637085184.0,30773058.0,276001,40000.0,-6636456414.201141,,,,,,,
9.419561258316064,0.1465748268159103,1.8184318966817408,0.711378109306428,0.0,5122.8055476729805,2459.5492674495736,23,12308,288000,0.0003,-27660050.0,90331.5,0.6821058988571167,34712374476800.0,33441138.0,278001,40000.0,-6636456414.201141,,,,,,,
-12.574709835052468,-0.17158343379581445,0.19542169663135364,-0.4791701479458366,0.0,5505.2382934977595,2771.7233498663877,23,12382,290000,0.0003,-27886364.0,89069.3046875,-0.4179779291152954,125635586424832.0,105171192.0,280001,40000.0,-6636456414.201141,,,,,,,
-2.7258364334106417,-0.22738819203275948,-1.294427801008723,0.21816011999590015,0.0,3177.1551538202325,-2101.1173830744306,23,12457,292000,0.0003,-25333652.0,86358.578125,0.005794495344161987,15886663548928.0,23999098.0,282001,40000.0,-6636456414.201141,,,,,,,
-6.324520095825187,0.12688073286644985,-0.0365540421949624,-0.14492524357278017,0.0,2119.0127901780197,-2961.887325495795,23,12530,294000,0.0003,-24662018.0,84913.8828125,1.2918760776519775,18385542840320.0,76261056.0,284001,40000.0,-6636456414.201141,,,,,,,
-10.015192539215095,-0.010388438995116918,0.777582688785308,-0.09100819433647334,0.0,2139.9340151791002,1444.263258505782,23,12604,296000,0.0003,-26134004.0,83910.4453125,-0.2103549838066101,57141217984512.0,96305360.0,286001,40000.0,-6636456414.201141,,,,,,,
-1.8603382930755559,-0.14157996130917444,-0.9674518301764969,0.07073465320757188,0.0,1581.2050308196626,-1828.0941375509879,23,12678,298000,0.0003,-26041570.0,81727.8828125,0.02628570795059204,11720891301888.0,14957973.0,288001,40000.0,-6636456414.201141,,,,,,,
-8.970882263183594,0.15049062927724324,0.650236010308643,0.04902993247706934,0.0,2627.5150748806127,2169.650073130317,,,300000,0.0003,-29997096.0,79997.7578125,0.2596086263656616,34104475123712.0,29763542.0,290000,,,6.25e-05,0.0,40000.0,-177365.7138762837,32254.713850858243,0.0,0.0
,,,,,,,21,13925,300000,0.0003,-32146216.0,80006.8359375,0.7347663640975952,42878755667968.0,68007904.0,290001,40000.0,-6636456414.201141,,,,,,,
-3.273322496414184,-0.3718229682454361,-0.5693545944807042,0.02775652694733646,0.0,1086.2188079401408,-1742.9692957715372,21,13997,302000,0.0003,-30474280.0,77871.0703125,0.8679602146148682,53131748573184.0,95004968.0,292001,40000.0,-6636456414.201141,,,,,,,
0.006799724578861884,0.25948686135825305,0.2544957267407462,0.21562576512269022,0.0,2905.9563056424818,541.1966053867842,21,14069,304000,0.0003,-28313976.0,77599.8828125,-1.1339741945266724,19962479509504.0,59657688.0,294001,40000.0,-6636456414.201141,,,,,,,
-6.684782825469979,-0.14398823701029206,0.5100209576624121,0.21157342979468485,0.0,1866.189487540522,1347.1412384990244,21,14141,306000,0.0003,-31478436.0,78351.3203125,0.38496917486190796,21743217410048.0,24637368.0,296001,40000.0,-6636456414.201141,,,,,,,
-2.8151212768554714,-0.1601688850881735,-0.7009416343291776,0.27887313991114776,0.0,1459.2234861787986,-1687.2746550420502,21,14213,308000,0.0003,-30226076.0,76337.1640625,0.16455402970314026,28535976624128.0,44907380.0,298001,40000.0,-6636456414.201141,,,,,,,
-19.78417629051207,-0.4599850008318337,-0.13294226789954328,0.10706460438456818,0.0,813.7934014150994,-180.57193823822945,21,14285,310000,0.0003,-33882532.0,74677.125,1.0561937093734741,43612800811008.0,83237344.0,300001,40000.0,-6636456414.201141,,,,,,,
-8.604888990402204,-0.016838206738743852,0.7572823322666355,0.2834069781816296,0.0,2419.311381844303,2147.2276106967984,21,14357,312000,0.0003,-28877276.0,73420.7109375,-0.7440003156661987,19985648844800.0,30763894.0,302001,40000.0,-6636456414.201141,,,,,,,
-4.23366653442383,-0.03793346603014821,-0.4502390516030404,0.2270586986086118,0.0,1384.569625709275,-1553.0444203854959,21,14430,314000,0.0003,-29563286.0,73983.4375,-2.5000476837158203,16364479709184.0,25150238.0,304001,40000.0,-6636456414.201141,,,,,,,
-19.198278560638457,-0.404351451902591,-0.14970248763469005,0.3984867951187941,0.0,1025.549929011313,-36.23478528832957,21,14503,316000,0.0003,-30114636.0,72075.7890625,-0.19244113564491272,50251142529024.0,76876384.0,306001,40000.0,-6636456414.201141,,,,,,,
-21.16578620147705,-0.4458521159787935,-0.10936307935704517,0.22463559810997374,0.0,853.2765318737502,-175.49300676803603,21,14576,318000,0.0003,-27721560.0,69142.953125,0.572418749332428,35965401825280.0,54792300.0,308001,40000.0,-6636456414.201141,,,,,,,
-24.371648326873764,-0.47125440903059296,-0.043485446540518016,0.06837360558155126,0.0,793.7032673736261,-134.05020037067462,21,14650,320000,0.0003,-28737618.0,68394.1328125,0.4728644788265228,16700404662272.0,52375640.0,310001,40000.0,-5824467677.589868,,,,,,,
7.919444505691534,0.1410107353732823,3.4372534449695737,1.0988549517183894,0.0,11151.997654859722,9192.289094040407,21,14723,322000,0.0003,-27703724.0,68411.3515625,1.166477084159851,9646724087808.0,20011446.0,312001,40000.0,-5824467677.589868,,,,,,,
-6.7525034580230585,-0.17188112422134846,-0.8826841483810768,0.03897720849835707,0.0,8862.687300316687,-4037.806058949542,21,14797,324000,0.0003,-25692736.0,66774.046875,-0.8121809959411621,56345952780288.0,81715592.0,314001,40000.0,-5824467677.589868,,,,,,,
-6.51709452438354,-0.17533417088603773,-1.5939550506990916,0.5488562063218886,0.0,3656.544045445248,-661.633030668876,21,14870,326000,0.0003,-23969334.0,65331.01171875,1.2676151990890503,10047845302272.0,13834280.0,316001,40000.0,-5824467677.589868,,,,,,,
-2.323292493820184,0.21109521204966786,0.07209470012168147,0.735125407606934,0.0,4119.902410043372,-3577.993580678668,21,14944,328000,0.0003,-24308908.0,63015.921875,-0.6777876019477844,270341381292032.0,209922624.0,318001,40000.0,-5824467677.589868,,,,,,,
0.23633104324340354,0.10187782911323254,0.013543315519468097,0.9395871399791978,0.0,3757.931361663719,1114.3665895828365,21,15018,330000,0.0003,-20916820.0,62399.30078125,0.12484568357467651,8675974447104.0,28439496.0,320001,40000.0,-5824467677.589868,,,,,,,
-3.183918979644769,-0.05206912740024418,0.2505144242761859,1.295824847780438,0.0,4974.818203775177,13442.869258015488,21,15091,332000,0.0003,-19659828.0,60969.984375,-1.4332811832427979,13306494451712.0,26403218.0,322001,40000.0,-5824467677.589868,,,,,,,
-2.2167329311370776,-0.07285238038845773,0.08031330507570184,1.1507868593813815,0.0,4532.840473463815,-4473.482615542575,22,15165,334000,0.0003,-21552096.0,61204.64453125,-0.14589163661003113,34228901249024.0,85226000.0,324001,40000.0,-5824467677.589868,,,,,,,
-0.8978096904754643,-0.015689496359245873,-0.5190539149912985,0.7897267326767624,0.0,2920.3583261789377,-8441.18893461592,22,15239,336000,0.0003,-24503456.0,60035.0390625,0.32436898350715637,6809184108544.0,19790760.0,326001,40000.0,-5824467677.589868,,,,,,,
3.125973957061775,0.14470412412648753,0.19206991063438505,0.8655254228990112,0.0,4332.142190495083,37.72757120373881,22,15312,338000,0.0003,-19930176.0,60499.609375,-0.4521237313747406,164361419096064.0,220701824.0,328001,40000.0,-5824467677.589868,,,,,,,
-2.3457735824584907,0.02136497189973004,0.057179070274067115,0.8825353038663603,0.0,3688.7626699572834,-500.82362782283377,22,15386,340000,0.0003,-18287302.0,59200.23828125,-2.623767852783203,81121530347520.0,106039984.0,330001,40000.0,-5824467677.589868,,,,,,,
-3.66497549247743,-0.0010313409071129101,0.13175970121002475,0.8012683358653551,0.0,3690.5203310345105,-577.9118459136683,22,15460,342000,0.0003,-21107754.0,59659.94140625,0.41853493452072144,12787705184256.0,47364648.0,332001,40000.0,-5824467677.589868,,,,,,,
-11.61871780586241,-0.15327391694301357,0.3312336181171967,0.4908384973451265,0.0,3195.709581028529,493.38669062101036,22,15534,344000,0.0003,-14822540.0,59142.734375,-1.383646011352539,13404353855488.0,18965614.0,334001,40000.0,-5824467677.589868,,,,,,,
-4.5796027469634994,-0.1617847169187717,-0.5403083707483469,-0.28028268667419537,0.0,1255.6561813460553,-986.76006388849,22,15608,346000,0.0003,-14540097.0,58944.98046875,1.7229160070419312,20576945045504.0,40852512.0,336001,40000.0,-5824467677.589868,,,,,,,
-38.472331390380745,-0.6205690067737849,-0.025741358343831924,0.3497359928454088,0.0,782.9472845063126,-197.53201048685116,22,15682,348000,0.0003,-22355284.0,60337.75390625,1.5519932508468628,28059423997952.0,58530060.0,338001,40000.0,-5824467677.589868,,,,,,,
-38.061555063247766,-0.5997288519609684,0.0033453490057340934,0.33134366383524916,0.0,762.7051168476123,9.200475676671722,22,15757,350000,0.0003,-16828604.0,60000.23828125,-2.338031530380249,113582490517504.0,171709328.0,340001,40000.0,-5824467677.589868,,,,,,,
-38.675626018524184,-0.6011791059420788,-0.009499815842401442,0.3393501474285345,0.0,766.8276638624619,11.780069244996854,22,15832,352000,0.0003,-18949612.0,61658.80078125,0.21211233735084534,14740583612416.0,53336808.0,342001,40000.0,-5824467677.589868,,,,,,,
-40.617410736084,-0.6073414621373875,0.005867502264837745,0.3712625597454984,0.0,787.8251405001706,10.048824613249613,22,15907,354000,0.0003,-18044288.0,61044.515625,1.3220092058181763,136408203264000.0,149785600.0,344001,40000.0,-5824467677.589868,,,,,,,
-39.60571103858952,-0.6165201900756454,-0.01838459611707578,0.33246752083480496,0.0,744.6739512199192,-20.951781555161265,22,15980,356000,0.0003,-13903048.0,61775.87109375,0.440487265586853,106539583012864.0,214763680.0,346001,40000.0,-5824467677.589868,,,,,,,
-40.62266391372684,-0.6416566775750159,-0.03941438772320431,0.30897031413920123,0.0,700.8922189000685,47.2043458799751,22,16054,358000,0.0003,-9011952.0,60673.1796875,0.1531893014907837,15490353201152.0,49180284.0,348001,40000.0,-5824467677.589868,,,,,,,
-39.844892831802326,-0.6590280985384924,-0.040360694136070935,0.29423051395680283,0.0,681.8592940527053,43.03961467843397,22,16127,360000,0.0003,-13441961.0,60380.12109375,0.9798510670661926,139396586143744.0,160825264.0,350001,40000.0,-5192036475.720533,,,,,,,
1.9443605480194115,-0.3218965685554992,0.8585726111934016,0.21402110813496403,0.0,2434.0626136070396,-470.331082883571,22,16200,362000,0.0003,-15117104.0,59664.15234375,0.612739622592926,9702147620864.0,20231296.0,352001,40000.0,-5192036475.720533,,,,,,,
-25.53903108978269,-0.8664915571650386,-0.08923944016505099,0.050052865006128884,0.0,431.34440587898064,-95.23299458962497,22,16273,364000,0.0003,-11072629.0,58686.6796875,-0.2600513994693756,143761682202624.0,147765936.0,354001,40000.0,-5192036475.720533,,,,,,,
-32.67886068916325,-0.8526170668242136,0.016611219167306925,0.23020023547908983,0.0,481.2335951215646,76.65239204542917,22,16346,366000,0.0003,-14531752.0,58608.9375,-0.1096191555261612,112944520101888.0,166272096.0,356001,40000.0,-5192036475.720533,,,,,,,
-35.32857048988355,-0.7832668008033611,0.06576533870322501,0.2102599350916086,0.0,515.8223960577495,1.3602422736093527,22,16419,368000,0.0003,-10048634.0,57471.71875,-1.4481134414672852,18251677433856.0,47303012.0,358001,40000.0,-5192036475.720533,,,,,,,
-36.8120539226532,-0.7463201540889688,0.022358327265256973,0.17189885142594621,0.0,521.8984180417963,-5.580304450467748,22,16492,370000,0.0003,-12536647.0,56688.23828125,-1.3270072937011719,6659477864448.0,18961612.0,360001,40000.0,-5192036475.720533,,,,,,,
-37.772508581161425,-0.7341059075948312,0.014452284780714445,0.16269796970364414,0.0,528.423901629352,14.70601784454234,22,16565,372000,0.0003,-15288204.0,56369.73828125,-0.600772500038147,6737253892096.0,14902037.0,362001,40000.0,-5192036475.720533,,,,,,,
-38.006824552536095,-0.7229559316217837,0.010959261036144594,0.1743086111805628,0.0,543.2328845961918,14.055377377103728,22,16637,374000,0.0003,-10489784.0,55879.40234375,-0.1885446310043335,5322564435968.0,17051202.0,364001,40000.0,-5192036475.720533,,,,,,,
-37.561192710876526,-0.7100831198016501,0.012656387545814723,0.16933255482600493,0.0,553.9058508277776,15.972670161485768,22,16710,376000,0.0003,-9825044.0,56047.4140625,0.2936137914657593,19536583589888.0,55541600.0,366001,40000.0,-5192036475.720533,,,,,,,
-36.94314440727244,-0.7011999682241771,-0.0011610865771716902,0.19104221191079965,0.0,571.0012021086493,25.06346595285136,22,16782,378000,0.0003,-4797923.0,55912.078125,-1.2712112665176392,124056212865024.0,154555264.0,368001,40000.0,-5192036475.720533,,,,,,,
-37.66788002204899,-0.6922196229113518,-0.013763959220557323,0.199673848722741,0.0,577.6039681484236,78.99407150153537,22,16855,380000,0.0003,-15446006.0,55741.6015625,-0.0007621198892593384,20741948964864.0,50564644.0,370001,40000.0,-5192036475.720533,,,,,,,
-34.9695285320282,-0.6715196470241898,-0.006764073027890166,0.19282453512557726,0.0,606.9116715334935,52.67815552173989,22,16927,382000,0.0003,-14117444.0,56104.7421875,0.09752845764160156,13014951526400.0,28051562.0,372001,40000.0,-5192036475.720533,,,,,,,
-31.953588481903086,-0.6108655481400315,0.019589034808431608,0.1897292143014511,0.0,714.8749127281214,201.005243166665,22,16999,384000,0.0003,-4377711.5,54140.5,2.002622365951538,7275248877568.0,18489366.0,374001,40000.0,-5192036475.720533,,,,,,,
-37.99810163307189,-0.5870231382559602,0.01923401666068694,0.38277622759775415,0.0,858.8514575833133,355.06143413873826,22,17072,386000,0.0003,-10628360.0,55631.08984375,-0.8927938938140869,22878602919936.0,45244904.0,376001,40000.0,-5192036475.720533,,,,,,,
-39.74838246345519,-0.5313531509545579,0.01988467983776438,0.5416661848702662,0.0,1123.8741366586787,445.85911057582,22,17144,388000,0.0003,-1266059.0,54182.3359375,-0.8999849557876587,7327692357632.0,43094544.0,378001,40000.0,-5192036475.720533,,,,,,,
-39.983549404144355,-0.4802596409976938,0.03022401453611014,0.6901310943222775,0.0,1420.5807989249827,336.35417603765774,22,17217,390000,0.0003,609837.875,52801.51953125,-0.20613348484039307,2466991833088.0,7597271.5,380001,40000.0,-5192036475.720533,,,,,,,
-38.18597335243227,-0.42939488226177946,0.0383236946524763,0.7983618589528769,0.0,1663.7323710925375,229.14928044011472,22,17289,392000,0.0003,-8193929.5,52445.75390625,-1.922943115234375,6916813619200.0,10310962.0,382001,40000.0,-5192036475.720533,,,,,,,
-25.186553041458136,-0.29975070215670196,0.07006705724283224,0.7244631426985126,0.0,1774.4314027666903,-389.15173849048216,22,17362,394000,0.0003,-10373848.0,52067.30078125,0.5406159162521362,3412020690944.0,25995970.0,384001,40000.0,-5192036475.720533,,,,,,,
-27.797710840225204,-0.34553918153639906,-0.018023642182316682,0.7329264486011667,0.0,1627.1414257064714,330.61761548841054,22,17434,396000,0.0003,-1454100.75,52891.48046875,-0.8573869466781616,3063558438912.0,6211723.0,386001,40000.0,-5192036475.720533,,,,,,,
-32.18961224174497,-0.3615876633871678,0.005452806347179664,0.8359615055637858,0.0,1791.1874007887495,214.8275331410271,22,17507,398000,0.0003,-9071312.0,53339.01171875,2.1030969619750977,3646153818112.0,12136797.0,388001,40000.0,-5192036475.720533,,,,,,,
-32.30695091819759,-0.35210013497268106,0.013231594080901686,0.8947440928437909,0.0,1920.5609358545976,116.45981527790417,,,400000,0.0003,-9617513.0,53178.7109375,-0.5682662129402161,4169681076224.0,18678456.0,390000,,,6.25e-05,0.0,40000.0,-36859.35396615343,530.7155085216955,0.0,0.0
,,,,,,,21,18767,400000,0.0003,-11224117.0,53169.43359375,-0.9596822261810303,6631645511680.0,15014646.0,390001,40000.0,-4677274667.394518,,,,,,,
1.9763721580505385,-0.37699072303816245,0.895589927508922,0.056796485725906405,0.0,1909.673788134042,-493.67375211283075,21,18838,402000,0.0003,-14858892.0,55128.984375,-0.03525170683860779,14670480015360.0,59645712.0,392001,40000.0,-4677274667.394518,,,,,,,
-15.08869241523741,-0.48900651584972926,-0.04466639970301247,-0.43872513268299823,0.0,1168.5855643997415,19.067262749464774,21,18909,404000,0.0003,-9511958.0,53746.3828125,1.0616450309753418,11274870063104.0,34466776.0,394001,40000.0,-4677274667.394518,,,,,,,
-1.1333980674743582,-0.797380561444876,0.17765653088046854,-0.26756811349524134,0.0,612.6497462362838,583.8080166460871,21,18981,406000,0.0003,-7039004.5,54026.6640625,1.542395830154419,5164328026112.0,11081805.0,396001,40000.0,-4677274667.394518,,,,,,,
-8.394803073883043,-0.6739473417401463,-0.2785399437742624,-0.355036584257293,0.0,894.7958014781367,-756.8067425286002,21,19052,408000,0.0003,-14091663.0,52929.67578125,1.5248847007751465,4702107336704.0,10648532.0,398001,40000.0,-4677274667.394518,,,,,,,
-11.59093508720399,-0.4761344866027036,0.3601192458779668,-0.46103621977178233,0.0,1263.4323293624798,1273.6555948307723,21,19124,410000,0.0003,-7871194.0,52205.078125,1.6549994945526123,13553679466496.0,36309816.0,400001,40000.0,-4677274667.394518,,,,,,,
3.3015437278747566,-0.7919467320620414,-0.207286542103541,-0.22073231064441257,0.0,674.0991775395712,-664.8874987519428,21,19195,412000,0.0003,-14701598.0,51856.890625,0.3983861804008484,4300156698624.0,9614190.0,402001,40000.0,-4677274667.394518,,,,,,,
-17.07732719039911,-0.44615925569519793,-0.05999009956215971,-0.3657180496872542,0.0,1251.5145427333339,-444.81627951592264,21,19272,414000,0.0003,-10454713.0,52071.078125,0.19693249464035034,3937938702336.0,8985414.0,404001,40000.0,-4677274667.394518,,,,,,,
-12.455809942245484,-0.5415799893417562,0.26020636704876915,-0.16404950788508704,0.0,929.0651724248436,787.4650276810172,21,19348,416000,0.0003,-14180580.0,52060.99609375,-0.46872541308403015,6639474180096.0,29863118.0,406001,40000.0,-4677274667.394518,,,,,,,
-18.12754041290282,-0.5931732382132023,0.08727662590145632,0.11817239415413382,0.0,808.3361562020679,2.1014234913650602,21,19426,418000,0.0003,-5465332.5,53122.85546875,-0.4867143929004669,5440059473920.0,7583252.0,408001,40000.0,-4677274667.394518,,,,,,,
-17.388638545989984,-0.46273147709981083,-0.25360190975187474,0.02539764825076313,0.0,955.5309808578141,-515.8821023709913,21,19497,420000,0.0003,-4541969.5,53430.55078125,-0.33715173602104187,7969722859520.0,17185658.0,410001,40000.0,-4677274667.394518,,,,,,,
-21.471076345443713,-0.42560569187391,-0.008950426300803388,0.033812647357964715,0.0,1019.5558490811994,111.36777844022888,21,19569,422000,0.0003,-10531341.0,52153.2265625,-0.5464740991592407,51569957535744.0,82499376.0,412001,40000.0,-4677274667.394518,,,,,,,
-22.11537487030029,-0.44637246790962265,0.0711212149697116,0.12365244257901159,0.0,993.2989713510126,217.27536871182036,21,19641,424000,0.0003,-18414744.0,51811.16796875,-0.9042086005210876,6556938665984.0,25404802.0,414001,40000.0,-4677274667.394518,,,,,,,
-22.912536312103256,-0.46700824471064567,0.25240576188949765,0.23461677492126953,0.0,968.7315977890773,331.7503387828698,21,19713,426000,0.0003,-16650964.0,51146.83203125,2.0871381759643555,3069345005568.0,13036758.0,416001,40000.0,-4677274667.394518,,,,,,,
-18.290744293212875,-0.5102980253455234,-0.10280985947664946,0.21781026167706838,0.0,911.7307520347921,-4.304879950832441,21,19786,428000,0.0003,-15396840.0,50538.32421875,0.39847028255462646,4567034494976.0,16841248.0,418001,40000.0,-4677274667.394518,,,,,,,
-17.68400751495358,-0.4444232910411161,-0.21210020184579037,0.05568669494249266,0.0,943.772377849154,-437.1645844193517,21,19858,430000,0.0003,-10336739.0,50705.5546875,-1.284225583076477,13096692219904.0,32126600.0,420001,40000.0,-4677274667.394518,,,,,,,
-20.761451734542845,-0.4119555277869653,-0.010025036964725429,-0.03685379303378553,0.0,1006.5622595189591,40.703385936148756,21,19931,432000,0.0003,-14136531.0,50652.44140625,0.37175989151000977,6167303553024.0,10974346.0,422001,40000.0,-4677274667.394518,,,,,,,
-18.435266012191814,-0.4772234177598928,0.23268885732748384,-0.026360556295262922,0.0,899.8456456560627,756.6384637182546,21,20004,434000,0.0003,-9560258.0,50994.875,-0.2799784541130066,4805111054336.0,19995060.0,424001,40000.0,-4677274667.394518,,,,,,,
-12.882192901611313,-0.59651462396764,-0.04882718844084066,0.04400085772132003,0.0,754.19738158421,-301.9854874777582,21,20077,436000,0.0003,-14377800.0,49597.84765625,0.3273928165435791,60900316807168.0,142782080.0,426001,40000.0,-4677274667.394518,,,,,,,
-11.834422559738176,-0.4305324611086053,-0.2967512015480549,-0.2724612615851286,0.0,1047.117110885661,-587.6173617992437,21,20150,438000,0.0003,-13551998.0,49621.31640625,1.4385653734207153,4315737489408.0,24256680.0,428001,40000.0,-4677274667.394518,,,,,,,
-8.89543255424499,-0.5040269359335782,0.43748879782693056,-0.3216445036579695,0.0,988.4465454354929,1088.8435370117722,21,20223,440000,0.0003,-6175215.0,50218.0625,-0.9813510775566101,211102105337856.0,210539920.0,430001,40000.0,-4255887239.3149486,,,,,,,
3.6779839324951236,-0.3605399154410808,0.8799483630219287,0.04829380856714114,0.0,1880.6443794253971,-413.7364537921392,21,20296,442000,0.0003,-13274920.0,49808.640625,0.6096742153167725,5037324500992.0,10864385.0,432001,40000.0,-4255887239.3149486,,,,,,,
-10.917515527725206,-0.37476019113481457,0.28931668087621665,-0.5113539810474307,0.0,1258.2466623229664,1222.3293830104878,21,20369,444000,0.0003,-12580416.0,48971.88671875,-2.204497814178467,23905792163840.0,41356468.0,434001,40000.0,-4255887239.3149486,,,,,,,
9.538958303451535,-0.004653971957923119,-0.537150033444455,-0.336499720494171,0.0,739.5048827670342,-1287.1120752079462,21,20442,446000,0.0003,-13118796.0,49562.52734375,1.1531357765197754,3548293627904.0,8740031.0,436001,40000.0,-4255887239.3149486,,,,,,,
-6.6283686542511,-0.316883355876965,0.651694305451764,-0.4430847312302384,0.0,1263.2646380602982,1272.1896499393365,21,20514,448000,0.0003,-15122238.0,49107.984375,1.2211898565292358,7972221616128.0,29638942.0,438001,40000.0,-4255887239.3149486,,,,,,,
-9.187691280364994,-0.25071410487620044,-0.7641163790806087,-0.4218346728593968,0.0,1229.4532349312806,-1071.064998592492,21,20587,450000,0.0003,-13504076.0,48224.09765625,0.16256345808506012,103994991050752.0,194927200.0,440001,40000.0,-4255887239.3149486,,,,,,,
2.6882492733001735,0.34523126117999,1.1185073827480922,0.4965855649877785,0.0,4913.237911387376,1951.3921358960033,21,20660,452000,0.0003,-9925950.0,48032.51953125,-1.6613571643829346,4590760099840.0,27637736.0,442001,40000.0,-4255887239.3149486,,,,,,,
3.933187183380126,0.12772364150110002,-0.24351637154275446,-0.75882106393091,0.0,2104.8401126717085,-170.267858443742,21,20733,454000,0.0003,-10388591.0,48175.92578125,-1.3401557207107544,9786590494720.0,22990864.0,444001,40000.0,-4255887239.3149486,,,,,,,
-11.235418453216568,-0.3140198268542558,-0.553365091658949,-0.6094381740226393,0.0,1494.4108147523405,-1338.3902793825466,21,20806,456000,0.0003,-10445262.0,47998.3125,-0.3435977101325989,12857131401216.0,38814004.0,446001,40000.0,-4255887239.3149486,,,,,,,
-1.1976567459106406,0.08990301248448931,-0.5391913148749834,-0.14020446606391695,0.0,463.52326107545247,-275.11260004685266,21,20879,458000,0.0003,-8417654.0,47138.625,-0.37842774391174316,6534891307008.0,29390880.0,448001,40000.0,-4255887239.3149486,,,,,,,
20.262312305450465,0.3375731510174238,0.6461411332815048,0.24184396690751456,0.0,938.186948477423,659.589477500576,21,20952,460000,0.0003,-10545330.0,47644.2734375,-0.7112189531326294,14339251634176.0,41928784.0,450001,40000.0,-4255887239.3149486,,,,,,,
-14.927094793319688,-0.5074278035980639,0.3190436874125859,-0.07539819170143507,0.0,880.8318202397465,506.30892838519804,21,21025,462000,0.0003,-12799336.0,47935.9609375,1.6922783851623535,10515262734336.0,17146536.0,452001,40000.0,-4255887239.3149486,,,,,,,
-3.0716705284118824,-0.4994682919362031,-0.5588817739185558,-0.3082122438501264,0.0,1033.480513301991,-870.0552172827614,21,21098,464000,0.0003,-14926619.0,47099.171875,0.08883881568908691,8563139280896.0,18500558.0,454001,40000.0,-4255887239.3149486,,,,,,,
-2.524622297286978,-0.5308475246013445,0.5410127885540835,-0.4168833109384514,0.0,1093.4419467291937,1167.0006772814272,22,21171,466000,0.0003,-14391434.0,47044.08984375,2.1849615573883057,6500162469888.0,17270764.0,456001,40000.0,-4255887239.3149486,,,,,,,
-6.95454249382018,-0.2177905474011173,-0.7412258202738773,-0.40120760967349145,0.0,1184.8090385089479,-1023.50196558592,22,21244,468000,0.0003,-13201468.0,46718.7421875,0.7112486362457275,4339699286016.0,11261979.0,458001,40000.0,-4255887239.3149486,,,,,,,
30.552991985321054,0.5638793092933889,0.221320817002533,-0.003630657577928672,0.0,716.1921019445667,2551.6284869217757,22,21316,470000,0.0003,-17109344.0,46610.6875,1.895595669746399,10925341933568.0,55652640.0,460001,40000.0,-4255887239.3149486,,,,,,,
-17.721695537567232,-0.6836256331908626,0.3238939000618747,0.0893952266066441,0.0,888.674046593917,-1891.6516007829582,22,21389,472000,0.0003,-12391337.0,46627.5390625,2.183915615081787,5098168123392.0,17167266.0,462001,40000.0,-4255887239.3149486,,,,,,,
-14.349668720245367,-0.4280249900745185,-0.2768642995838151,-0.3992328409348959,0.0,1176.7642393031679,-539.2434645272259,22,21462,474000,0.0003,-9336687.0,46839.1484375,-1.5579605102539062,14510144356352.0,35666464.0,464001,40000.0,-4255887239.3149486,,,,,,,
-1.2417329444885297,-0.6481071134581492,0.4048313264850447,-0.3193307065675562,0.0,893.6185682345682,888.8124922437094,22,21535,476000,0.0003,-12590708.0,46017.73046875,-1.3534467220306396,128274567004160.0,182326992.0,466001,40000.0,-4255887239.3149486,,,,,,,
-0.32031057929992707,-0.31021625599000074,-0.5102385318977029,-0.35755703531855687,0.0,970.6531581597264,-980.039582889489,22,21609,478000,0.0003,-15749341.0,46627.40625,-0.39944714307785034,3384412995584.0,10064250.0,468001,40000.0,-4255887239.3149486,,,,,,,
-7.602554943084715,-0.3978195016052971,0.5646771441231776,-0.43924426566641317,0.0,1240.1353733474077,1184.120312569936,22,21683,480000,0.0003,-7890445.0,46512.421875,0.1716235876083374,4814732787712.0,15490426.0,470001,40000.0,-3905881154.2219443,,,,,,,
0.00799229240417696,-0.38253954676037744,1.0662415614474963,-0.2714177523010155,0.0,1288.8081733500408,92.28787226254572,22,21756,482000,0.0003,-12542696.0,46479.296875,1.7560904026031494,123836372615168.0,153775632.0,472001,40000.0,-3905881154.2219443,,,,,,,
-11.976787557601918,-0.31654613447313473,-0.16636320636259017,-0.6059251870563674,0.0,1487.848025410462,-224.8887957685511,22,21831,484000,0.0003,-15099841.0,45690.80859375,3.206655263900757,6429247275008.0,16530357.0,474001,40000.0,-3905881154.2219443,,,,,,,
20.07435560417176,0.3530405822689162,-0.2887749389813298,-0.31478583077732797,0.0,569.3141092275577,-147.6766505287903,22,21905,486000,0.0003,-15972960.0,45276.91015625,-0.21915002167224884,4787570475008.0,15633544.0,476001,40000.0,-3905881154.2219443,,,,,,,
-14.463620147705095,-0.3428783593136401,0.4685722324740144,-0.45129556017492417,0.0,1573.5557275637707,653.132789064797,22,21978,488000,0.0003,-15004276.0,45415.85546875,-0.12683740258216858,21672916680704.0,38891116.0,478001,40000.0,-3905881154.2219443,,,,,,,
-3.8914082984924296,-0.6558327825375978,0.0895714705520163,-0.3284003706498942,0.0,1315.350590905041,93.61833415295,22,22051,490000,0.0003,-13461574.0,45516.7578125,-0.2664475440979004,92149831958528.0,186372416.0,480001,40000.0,-3905881154.2219443,,,,,,,
-2.5597678470611536,-0.2610864610232687,0.11687187468737287,-0.6882623092404377,0.0,1545.3709228964567,366.29765504854134,22,22123,492000,0.0003,-14671702.0,44788.953125,-0.7348042726516724,4444006121472.0,19344062.0,482001,40000.0,-3905881154.2219443,,,,,,,
-2.6590885028839173,-0.057438485626299156,-0.8688446236387439,-0.3701626100130823,0.0,1046.7776627946898,-1306.171012842525,22,22197,494000,0.0003,-14092428.0,45309.5625,0.04869544506072998,3061062303744.0,7694825.0,484001,40000.0,-3905881154.2219443,,,,,,,
15.363735635757454,0.28058522008974096,1.1753710931109913,0.019351665210923973,0.0,1946.8919179960933,2122.697312853675,22,22270,496000,0.0003,-8022964.0,44459.60546875,-1.4664037227630615,13310942511104.0,36585328.0,486001,40000.0,-3905881154.2219443,,,,,,,
1.4207752304077088,-0.27174262602634663,-0.8287078871513041,-0.4010860629202778,0.0,1486.355993521712,-1435.9616023271954,22,22343,498000,0.0003,-11722914.0,44799.76171875,-0.7251895070075989,5868455723008.0,32104668.0,488001,40000.0,-3905881154.2219443,,,,,,,
3.5773636589050266,0.1580730267582136,-0.3391521181949795,-0.4098762867058955,0.0,703.6992708272372,-158.88343915448306,,,500000,0.0003,-11366671.0,45142.08984375,0.41031262278556824,8070440157184.0,26201414.0,490000,,,6.25e-05,0.0,40000.0,-40464.5433537313,910.3178682972512,0.0,0.0
,,,,,,,21,23599,500000,0.0003,-11969810.0,45140.83984375,-3.1187758445739746,7593423536128.0,19520726.0,490001,40000.0,-3905881154.2219443,,,,,,,
-1.1956546840667803,-0.11363868363306245,0.6961586902649878,-0.3720542334067575,0.0,1030.8599690693677,640.3061031255877,21,23670,502000,0.0003,-16520572.0,44833.2265625,-1.1197489500045776,6402962620416.0,29256064.0,492001,40000.0,-3905881154.2219443,,,,,,,
-7.458047122955312,-0.7116346377452538,-0.127393586421602,-0.14348666450682623,0.0,819.4242918515564,-115.91434105377424,21,23742,504000,0.0003,-10146918.0,42995.7109375,1.7726508378982544,5315218112512.0,14403349.0,494001,40000.0,-3905881154.2219443,,,,,,,
-16.761976375579795,-0.45868470838773445,-0.22268824671741533,-0.3965912355825458,0.0,1179.2082346501543,-703.5234253324987,21,23815,506000,0.0003,-12347467.0,42007.9296875,-0.9128814339637756,11694368620544.0,22876002.0,496001,40000.0,-3905881154.2219443,,,,,,,
-4.66775030136109,-0.5622909300667956,0.517411219862084,-0.3113493371898643,0.0,1030.627170733061,1253.246675070395,21,23887,508000,0.0003,-13192902.0,41212.7890625,-1.4635387659072876,23735075602432.0,87598816.0,498001,40000.0,-3905881154.2219443,,,,,,,
-4.43891592216492,-0.14672830568445655,-0.7825587732293123,-0.403967123725422,0.0,1193.5701217104634,-1169.2278884699942,21,23960,510000,0.0003,-11922930.0,41069.58203125,-0.2644141912460327,9483937906688.0,27482450.0,500001,40000.0,-3905881154.2219443,,,,,,,
19.983659812927282,0.36227074674219384,0.6502198771212505,-0.09041801265730944,0.0,1006.45284971137,2679.1666773580273,21,24033,512000,0.0003,-14240774.0,42343.7421875,-0.990414023399353,103624843722752.0,210700016.0,502001,40000.0,-3905881154.2219443,,,,,,,
-7.12844573402404,-0.27348948006497315,-0.5003170819091769,-0.5662063116443385,0.0,1537.1482932812742,-2618.9920108107317,21,24105,514000,0.0003,-11738826.0,42456.4375,2.136826515197754,2975572688896.0,9079706.0,504001,40000.0,-3905881154.2219443,,,,,,,
2.4194089870452773,-0.2751517547986096,0.5724340759293047,-0.34484670912124216,0.0,2043.5601366661244,1283.3265425254915,21,24178,516000,0.0003,-6799418.5,43378.125,0.24624934792518616,7600047390720.0,35240136.0,506001,40000.0,-3905881154.2219443,,,,,,,
-4.542616598129279,-0.44343797474356816,-0.5497981757084399,-0.392813769894309,0.0,1130.9134257713115,-1183.6221869548904,21,24250,518000,0.0003,-8492405.0,43041.78515625,-1.2776120901107788,6522761379840.0,22187222.0,508001,40000.0,-3905881154.2219443,,,,,,,
-6.6366890602111885,-0.3874168309421349,0.4760069743761987,-0.42120295460334745,0.0,1172.4057996553324,1206.4262540432908,21,24322,520000,0.0003,-12031560.0,44310.4375,0.01649606227874756,6226855329792.0,20998300.0,510001,40000.0,-3609495494.2894645,,,,,,,
2.7652217044830247,-0.43302598752206817,0.9895518483371106,-0.13191737109140947,0.0,1463.8503437421036,-59.71437224379524,21,24395,522000,0.0003,-7696592.0,45753.25,0.08661961555480957,25070957232128.0,42602136.0,512001,40000.0,-3609495494.2894645,,,,,,,
-16.642588783264145,-0.4317594030198562,-0.16984452599830085,-0.5068504757445147,0.0,1270.2663198546056,-312.1542353482189,21,24468,524000,0.0003,-11781619.0,45377.32421875,-0.5559188723564148,18956903514112.0,46529548.0,514001,40000.0,-3609495494.2894645,,,,,,,
0.057051635742199236,-0.7115663630427644,0.31315391802262055,-0.2455703561895954,0.0,834.6908965718852,610.8195895969,21,24540,526000,0.0003,-9450722.0,47127.2109375,-1.1737127304077148,74939931557888.0,158106976.0,516001,40000.0,-3609495494.2894645,,,,,,,
-8.503063541412347,-0.6788920176804418,-0.16941562065444946,-0.14053733487589554,0.0,852.7885475306191,-108.59609748909948,21,24615,528000,0.0003,-7775302.0,46705.01953125,-0.5933737754821777,15545546047488.0,41317248.0,518001,40000.0,-3609495494.2894645,,,,,,,
-19.598828336715695,-0.5598020537725389,-0.2017698396116577,-0.2662412445636399,0.0,953.0871420132843,-794.6554503090738,21,24690,530000,0.0003,-11545482.0,46543.74609375,0.2648172080516815,12116658487296.0,36929396.0,520001,40000.0,-3609495494.2894645,,,,,,,
-18.966930852890016,-0.5442160592557712,0.15377254309624327,-0.23086862640795874,0.0,983.0312286330027,442.8758347031519,21,24764,532000,0.0003,-9059208.0,46995.08203125,-0.8958470225334167,4416832274432.0,17597662.0,522001,40000.0,-3609495494.2894645,,,,,,,
-15.652174589157116,-0.6238106074281753,0.1965238418925506,-0.08852490254701859,0.0,827.2499744564782,374.837438049502,21,24838,534000,0.0003,-14834932.0,47640.95703125,0.38742688298225403,3973680988160.0,12467226.0,524001,40000.0,-3609495494.2894645,,,,,,,
-19.14742924880983,-0.6375143991921467,0.004043011833218673,0.011532847435872873,0.0,829.3666155243789,-94.50534101318199,21,24912,536000,0.0003,-15682148.0,46750.875,-0.9785372614860535,21133084590080.0,44232004.0,526001,40000.0,-3609495494.2894645,,,,,,,
-18.09374702072149,-0.6073287738430351,-0.1325273260423327,-0.006681215310103372,0.0,864.8362063630585,166.37234622989837,21,24985,538000,0.0003,-14602854.0,45942.1796875,0.8072747588157654,11778062811136.0,22611936.0,528001,40000.0,-3609495494.2894645,,,,,,,
-21.349360937118522,-0.546692936265477,-0.1573114323536201,-0.08568922798450246,0.0,954.1591348663073,-528.0086044741035,21,25059,540000,0.0003,-9511705.0,47371.88671875,-0.9585517048835754,21511964459008.0,59298976.0,530001,40000.0,-3609495494.2894645,,,,,,,
-25.718584947586052,-0.5682178495966732,-0.018340224033629657,-0.04052913391519051,0.0,923.3847229557717,-42.47637781305693,21,25133,542000,0.0003,-6223446.0,46711.96875,-0.9346922636032104,10763229986816.0,34734340.0,532001,40000.0,-3609495494.2894645,,,,,,,
-24.567210323333732,-0.5252987031455426,0.08716848861663737,-0.07835511990259802,0.0,973.7424760821423,267.4496054062545,21,25207,544000,0.0003,-7881701.5,43997.11328125,-0.6954962015151978,42590657314816.0,86813272.0,534001,40000.0,-3609495494.2894645,,,,,,,
-19.43671191978459,-0.5647104562502205,0.1596246015316407,-0.04774905629179124,0.0,913.2471948642177,241.81352973170465,21,25281,546000,0.0003,-13746171.0,46228.20703125,-1.1107585430145264,89068612354048.0,163243552.0,536001,40000.0,-3609495494.2894645,,,,,,,
-19.61610868835451,-0.5997394380181993,0.10679367131689967,0.03776782141800754,0.0,907.3162328538754,112.30996584668048,21,25356,548000,0.0003,-13093754.0,46089.84765625,0.5545080900192261,7947080957952.0,28156580.0,538001,40000.0,-3609495494.2894645,,,,,,,
-19.830284006118774,-0.6100041673997995,-0.0344133545589099,0.044268682821698074,0.0,888.3723128742287,106.9562039313412,21,25429,550000,0.0003,-12860914.0,45786.98828125,-0.6045162677764893,5854470340608.0,13556172.0,540001,40000.0,-3609495494.2894645,,,,,,,
-17.25542043113709,-0.5555612382053983,-0.2568227877707054,-0.08701399658725734,0.0,882.2736677645863,-455.06487500066766,21,25503,552000,0.0003,-15426974.0,45662.625,-0.068187415599823,13449983688704.0,25823700.0,542001,40000.0,-3609495494.2894645,,,,,,,
-21.995682662963876,-0.48704544831392577,-0.05040125475896271,-0.14552307252319044,0.0,1033.0568447156404,-176.7917944150269,21,25577,554000,0.0003,-17574326.0,46366.625,0.8960506916046143,9030999212032.0,24908076.0,544001,40000.0,-3609495494.2894645,,,,,,,
-21.9243414878845,-0.5438693704468504,0.11789971402764753,-0.08465169749965896,0.0,923.5268003750605,304.31594376044404,21,25651,556000,0.0003,-18573394.0,46640.34765625,-0.10281983017921448,293592455184384.0,253493424.0,546001,40000.0,-3609495494.2894645,,,,,,,
-20.057379701614344,-0.5658682016446671,0.19460073828691613,0.0019266534210529993,0.0,922.1251977739092,358.4305223145826,21,25724,558000,0.0003,-14745176.0,46690.1015625,0.575820803642273,9308877094912.0,36961076.0,548001,40000.0,-3609495494.2894645,,,,,,,
-19.598812259674066,-0.5981737781493578,0.01520681279633693,0.05445977494846008,0.0,935.7260929321535,-42.78727836928161,21,25949,560000,0.0003,-10752927.0,47473.51171875,-1.4686052799224854,16260448387072.0,40477424.0,550001,40000.0,-3354461176.769623,,,,,,,
-1.0721914558410708,-0.40414819025960635,1.0193380668267316,-0.014153110147961688,0.0,1698.1590798157206,-167.3629401067897,21,26024,562000,0.0003,-10286274.0,49034.9765625,-3.0120813846588135,43083974574080.0,74738000.0,552001,40000.0,-3354461176.769623,,,,,,,
-14.579529342651417,-0.6384403327225445,-0.23521401641969428,-0.2034712378243764,0.0,842.7895459780613,-346.6400562269984,21,26098,564000,0.0003,-14724008.0,47864.10546875,1.4336755275726318,44862913118208.0,79794216.0,554001,40000.0,-3354461176.769623,,,,,,,
-23.559389043807982,-0.5775423243223863,-0.0016621537148670373,-0.1268181798755122,0.0,977.8341853930937,-65.5342347689414,21,26172,566000,0.0003,-11016536.0,47864.37890625,-0.8464658856391907,7257628082176.0,22919964.0,556001,40000.0,-3354461176.769623,,,,,,,
-25.443698080062845,-0.5975497130172632,0.04753719966725479,-0.0281530638844528,0.0,917.1143628959629,288.30039272765305,21,26246,568000,0.0003,-10888106.0,50289.7109375,-1.2726633548736572,224353656504320.0,145287136.0,558001,40000.0,-3354461176.769623,,,,,,,
-24.761812734603915,-0.5807198028262239,0.07290553823720149,0.019384888293128705,0.0,966.1330918493092,101.52701578906046,21,26322,570000,0.0003,-11894744.0,49691.2109375,-0.35475945472717285,4798337253376.0,13532871.0,560001,40000.0,-3354461176.769623,,,,,,,
-26.033910888671883,-0.5925178545585672,0.060507321492543786,0.05527703383844295,0.0,943.233162797476,101.27112330900522,21,26396,572000,0.0003,-11700272.0,49573.54296875,1.4726911783218384,10178208464896.0,28740524.0,562001,40000.0,-3354461176.769623,,,,,,,
-25.30117606163024,-0.5935091023797413,0.06613266465115264,0.06761583567854375,0.0,961.5336735848231,77.39265367123105,21,26471,574000,0.0003,-15563333.0,47873.96484375,1.6428945064544678,10050726789120.0,30875030.0,564001,40000.0,-3354461176.769623,,,,,,,
-24.309120124816886,-0.600092200324536,0.08389194746130939,0.06918971101433741,0.0,947.5782251445187,129.8838473820886,21,26545,576000,0.0003,-13847946.0,47841.15234375,0.2056518942117691,12800203161600.0,33634752.0,566001,40000.0,-3354461176.769623,,,,,,,
-22.682795013427718,-0.6183732154112812,0.035753508471848036,0.05384794681771627,0.0,923.7833442207657,79.79506197950147,21,26619,578000,0.0003,-14206875.0,47024.3984375,0.5782827138900757,7444572930048.0,21667714.0,568001,40000.0,-3354461176.769623,,,,,,,
-21.440961479187028,-0.6249320251648025,-0.019532191582096747,0.04218360090482474,0.0,925.9368215963025,54.85509418426417,21,26693,580000,0.0003,-12031226.0,45005.65234375,0.7606552839279175,4669807001600.0,23333152.0,570001,40000.0,-3354461176.769623,,,,,,,
-18.45426217651366,-0.6019797995079631,-0.2019185929282308,-0.05047015763512719,0.0,870.7565377191864,-329.54222038095554,21,26767,582000,0.0003,-11586086.0,42869.890625,-1.4367979764938354,8069503254528.0,16004548.0,572001,40000.0,-3354461176.769623,,,,,,,
-21.51460185813903,-0.5559031995995666,-0.12771569276933567,-0.08597670180672254,0.0,977.2656314967334,-231.50182431261234,21,26841,584000,0.0003,-13645155.0,45303.9921875,1.4397300481796265,5693034725376.0,14157054.0,574001,40000.0,-3354461176.769623,,,,,,,
-24.27584531211853,-0.5578721787642047,0.0008302172098806871,-0.07640444358589318,0.0,987.9387665163189,-32.67219286591689,21,26914,586000,0.0003,-15134226.0,42835.1953125,-0.8060731887817383,97497066242048.0,149512176.0,576001,40000.0,-3354461176.769623,,,,,,,
-22.679268573761,-0.5535836460886361,0.09430630752911001,-0.09147450863781281,0.0,978.0428048747142,268.5669989419513,21,26989,588000,0.0003,-12045093.0,43906.44921875,0.9341912865638733,11434809360384.0,46910044.0,578001,40000.0,-3354461176.769623,,,,,,,
-19.096177431106547,-0.5815700976616465,0.16004285412600458,-0.05517580828353159,0.0,951.385162981493,268.7857511944931,21,27062,590000,0.0003,-10166061.0,43241.8203125,0.9537729620933533,7340443566080.0,11441482.0,580001,40000.0,-3354461176.769623,,,,,,,
-17.723623947143547,-0.620294618868813,0.10009521807447166,0.0005700816327813336,0.0,919.4583664177535,183.18388886052486,21,27135,592000,0.0003,-11680226.0,42707.68359375,1.0484503507614136,18839869849600.0,67694936.0,582001,40000.0,-3354461176.769623,,,,,,,
-17.150520584106452,-0.6331126057833196,-0.06226089420494268,-0.006369122187806322,0.0,887.0655584967107,31.085738204989006,21,27208,594000,0.0003,-14685192.0,42967.05859375,-1.1021363735198975,90991180644352.0,111863424.0,584001,40000.0,-3354461176.769623,,,,,,,
-16.92491243743895,-0.581433565170315,-0.24627922412438474,-0.11658285229443784,0.0,889.4076367642249,-391.38754094088165,21,27281,596000,0.0003,-13414808.0,42563.7890625,-1.0057798624038696,39517432053760.0,99406744.0,586001,40000.0,-3354461176.769623,,,,,,,
-22.544346036911005,-0.5077955817179114,-0.0366922062783697,-0.21853585339135187,0.0,1026.1533881535738,-240.62007886064475,21,27354,598000,0.0003,-13779000.0,42565.0859375,-1.3569697141647339,14188204261376.0,44072360.0,588001,40000.0,-3354461176.769623,,,,,,,
-12.28758135795593,-0.5241022584532399,0.3047477107808291,-0.21304531252729347,0.0,1012.2188218225951,714.3215610893826,,,600000,0.0003,-9574876.0,42411.39453125,-3.1462514400482178,11942780469248.0,28645050.0,590000,,,6.25e-05,0.0,40000.0,-44497.220264778276,2142.067612975138,0.0,0.0
,,,,,,,20,28673,600000,0.0003,-15858199.0,42415.5625,-0.4694129228591919,51054238498816.0,111412856.0,590001,40000.0,-3133510097.812633,,,,,,,
7.431701816558838,-0.3137724517712457,0.8711308992133535,0.3441596005906162,0.0,3224.737481187158,-319.65218845162303,20,28745,602000,0.0003,-13636371.0,43863.59375,1.1059250831604004,3842867462144.0,15319562.0,592001,40000.0,-3133510097.812633,,,,,,,
-18.972062049865762,-0.5432599275960187,-0.10439212310987526,-0.3680892126149413,0.0,1065.9664758659994,-59.494374819092606,20,28817,604000,0.0003,-12710802.0,43915.953125,-0.1999625563621521,10112460652544.0,14829863.0,594001,40000.0,-3133510097.812633,,,,,,,
-8.072304168701168,-0.6285604863378277,0.2618642412371378,-0.2329001286866026,0.0,984.5294179149804,541.2476219711651,20,28889,606000,0.0003,-9572948.0,43441.0078125,0.47392359375953674,3132744531968.0,13168517.0,596001,40000.0,-3133510097.812633,,,,,,,
-11.45521801948547,-0.6825938625584738,0.09256824083844449,-0.07763811282470749,0.0,865.2336724679693,152.81820894326137,20,28961,608000,0.0003,-12703806.0,43034.84765625,-0.27923494577407837,159270205128704.0,171096512.0,598001,40000.0,-3133510097.812633,,,,,,,
-11.961274469375601,-0.6653563606319469,-0.177698958573997,-0.10311118409942087,0.0,811.075787515683,70.70607896783412,21,29033,610000,0.0003,-14670333.0,43316.03125,0.08446723222732544,3726795341824.0,16039367.0,600001,40000.0,-3133510097.812633,,,,,,,
-19.087239683151243,-0.5625878209030161,-0.19397570267573502,-0.23640185211239914,0.0,992.204024577052,-859.7773081257841,21,29105,612000,0.0003,-13019956.0,43285.0625,-0.7437314987182617,3365810733056.0,10402072.0,602001,40000.0,-3133510097.812633,,,,,,,
-18.18199011993404,-0.5265152529873569,0.15490986587119931,-0.2618233116400172,0.0,1066.83714616962,411.1853037759237,21,29177,614000,0.0003,-14352065.0,43049.3359375,0.6708586812019348,7846702350336.0,25218648.0,604001,40000.0,-3133510097.812633,,,,,,,
-10.905590030670155,-0.6345174656038997,0.20302979060895113,-0.1402049095074664,0.0,910.3437209544301,435.2322725785891,21,29249,616000,0.0003,-12119948.0,42429.4765625,0.3656799793243408,6277162860544.0,23676680.0,606001,40000.0,-3133510097.812633,,,,,,,
-15.082169427871706,-0.6714662638325656,0.033664880303947445,-0.04070964376653988,0.0,877.3405358655368,103.87128390463857,21,29321,618000,0.0003,-15450674.0,44091.83203125,-0.7298250198364258,5361001037824.0,20666708.0,608001,40000.0,-3133510097.812633,,,,,,,
-11.976023513793931,-0.6260232891429882,-0.2863155641871148,-0.14891905328757418,0.0,873.154161880826,-428.55841736781593,21,29393,620000,0.0003,-11412324.0,43467.8203125,-2.26047420501709,9684016693248.0,27686236.0,610001,40000.0,-3133510097.812633,,,,,,,
-21.277543735504135,-0.5727136766943678,-0.10714422196622242,-0.20643109935522524,0.0,1002.5485461148976,-384.74186911656614,21,29465,622000,0.0003,-11193211.0,44045.64453125,0.7776001691818237,9798418432000.0,20820680.0,612001,40000.0,-3133510097.812633,,,,,,,
-19.326058172225952,-0.5878475309454863,0.0892968346716617,-0.1894648734420474,0.0,993.8189152991296,282.28356029714337,21,29537,624000,0.0003,-17300164.0,45610.44140625,-0.015030808746814728,94067224477696.0,159211264.0,614001,40000.0,-3133510097.812633,,,,,,,
-15.56525661659241,-0.6288856416498418,0.15035531589277534,-0.13634437696355942,0.0,950.7678875765696,328.5633442708813,21,29610,626000,0.0003,-14463922.0,45269.0078125,-1.1569788455963135,8966499205120.0,33619100.0,616001,40000.0,-3133510097.812633,,,,,,,
-19.516314941406243,-0.7188086518149988,-0.01609562077020288,-0.06419027332480601,0.0,734.2358919468562,-85.7775766389083,21,29682,628000,0.0003,-12767090.0,47134.17578125,-0.4031808376312256,63779370958848.0,86006904.0,618001,40000.0,-3133510097.812633,,,,,,,
-19.434487585067735,-0.7309354470601513,0.034461717006381634,-0.0639805010642663,0.0,729.426181358189,92.79968290828397,21,29754,630000,0.0003,-14257647.0,45349.3359375,-0.14004993438720703,7906191736832.0,23785060.0,620001,40000.0,-3133510097.812633,,,,,,,
-16.7441274280548,-0.745022942702966,-0.00044079622922352175,-0.08911453726043615,0.0,690.1065675771194,12.006489039442318,21,29827,632000,0.0003,-15027861.0,44468.21484375,0.8264252543449402,15145969385472.0,41983692.0,622001,40000.0,-3133510097.812633,,,,,,,
-15.511932334899903,-0.7574231522384943,-0.03160167707802067,-0.10866307585558904,0.0,674.0612643188567,-55.20984966738103,21,29900,634000,0.0003,-15289399.0,44211.6640625,-0.38167303800582886,8830991728640.0,19045258.0,624001,40000.0,-3133510097.812633,,,,,,,
-12.246529739379852,-0.7559155131065239,-0.0981677670922467,-0.15652930654618735,0.0,696.7662486129213,-140.96455643858295,21,29972,636000,0.0003,-16866754.0,43669.046875,-1.5818159580230713,9117717495808.0,48515280.0,626001,40000.0,-3133510097.812633,,,,,,,
-10.455475156784034,-0.5895226015714552,-0.12334037132211438,-0.18944135395736666,0.0,684.6133417933431,181.95835977839778,21,30045,638000,0.0003,-14703934.0,44896.078125,0.7700485587120056,12929711734784.0,25369920.0,628001,40000.0,-3133510097.812633,,,,,,,
-18.557932611465418,-0.7662370480329475,-0.05249729333781634,-0.1837197297975761,0.0,699.1189695561361,-511.0938201684821,21,30118,640000,0.0003,-17801636.0,43745.1171875,0.0337887704372406,361915888959488.0,237603680.0,630001,40000.0,-2940077502.7598677,,,,,,,
-6.573457015991212,-0.41691209371921345,0.9705327759727379,-0.13180965371944867,0.0,1424.156237745063,-109.01484121052587,21,30191,642000,0.0003,-11414194.0,43184.125,-0.6957972645759583,15805192339456.0,30963722.0,632001,40000.0,-2940077502.7598677,,,,,,,
-6.776155851364149,-0.4798396480447864,-0.09997489944352893,-0.17183545555106136,0.0,687.0373920155081,-125.14525145846748,21,30264,644000,0.0003,-14822292.0,43879.44921875,1.076281189918518,43951096594432.0,75760320.0,634001,40000.0,-2940077502.7598677,,,,,,,
-9.223250200271586,-0.42153951599970074,-0.16579035083129984,-0.24956843997690797,0.0,651.696141878501,-192.5255722977254,21,30337,646000,0.0003,-10595147.0,42712.1640625,-0.12735606729984283,4058248380416.0,11732842.0,636001,40000.0,-2940077502.7598677,,,,,,,
-17.468625444412222,-0.5404859300020232,-0.06610726643220458,-0.2019125120736394,0.0,697.3682082879553,-313.6769529164373,21,30410,648000,0.0003,-14763260.0,42598.671875,2.1921255588531494,5790538661888.0,25793588.0,638001,40000.0,-2940077502.7598677,,,,,,,
-14.078808513641343,-0.4715904405230047,0.10200509070200499,-0.2455183440934701,0.0,951.7922544537524,244.40306365393906,21,30482,650000,0.0003,-12131753.0,42735.0625,-1.1688798666000366,5148912910336.0,6143053.0,640001,40000.0,-2940077502.7598677,,,,,,,
-7.251594562530496,-0.32631958721959753,0.10330161000410701,-0.2208989956569885,0.0,794.9963172516059,238.20613433031374,21,30555,652000,0.0003,-9200966.0,41933.359375,2.7267494201660156,4483104374784.0,16872980.0,642001,40000.0,-2940077502.7598677,,,,,,,
-5.975929378509525,-0.3436825832196066,0.03903448098396318,-0.1714728305022286,0.0,656.838124935244,45.56279823502171,21,30628,654000,0.0003,-12044811.0,41667.8671875,0.7698454260826111,12943065350144.0,24249716.0,644001,40000.0,-2940077502.7598677,,,,,,,
-1.1198585166930999,-0.20145923313047673,0.15098710384851005,-0.1429394845689893,0.0,751.8283217851335,497.5149806231339,21,30700,656000,0.0003,-12644033.0,40470.6640625,0.5523454546928406,5254971129856.0,17897188.0,646001,40000.0,-2940077502.7598677,,,,,,,
6.9904636745452855,-0.15420436793780612,-0.25807275410845076,-0.23492443767800858,0.0,675.3586277257231,-46.426013101827394,21,30773,658000,0.0003,-12183190.0,40449.0546875,-0.13336962461471558,12760666603520.0,36237496.0,648001,40000.0,-2940077502.7598677,,,,,,,
-22.19810189628602,-0.6354566199578419,-0.071165795891305,-0.4022118251399158,0.0,1058.8055893490205,-689.2820662178851,21,30846,660000,0.0003,-13167756.0,39383.50390625,1.2127882242202759,4181125496832.0,13134132.0,650001,40000.0,-2940077502.7598677,,,,,,,
8.8902108268738,0.10370337317853046,0.41627209624558215,-0.30123260929507123,0.0,998.046937296079,944.2478055278733,21,30919,662000,0.0003,-9789824.0,39917.42578125,0.4391597509384155,115630636269568.0,142515376.0,652001,40000.0,-2940077502.7598677,,,,,,,
-0.822696792602558,-0.2772600515104275,-0.47277847088924324,-0.3480414808998055,0.0,785.2850331303451,-997.2103763223452,21,30992,664000,0.0003,-10491596.0,39645.4453125,-1.010176181793213,12008468512768.0,45114692.0,654001,40000.0,-2940077502.7598677,,,,,,,
-13.981869960784909,-0.4613198344675356,0.24270849208219636,-0.38400441604360597,0.0,1188.4943730933626,307.14830860091666,21,31065,666000,0.0003,-11027313.0,38899.6640625,-0.28368666768074036,5370639548416.0,32344228.0,656001,40000.0,-2940077502.7598677,,,,,,,
-5.832479688644409,-0.6329241602341071,0.0583037411610723,-0.2242508497409712,0.0,634.5308246826876,223.8340597910704,21,31139,668000,0.0003,-13193057.0,39228.09375,0.47556331753730774,2853062574080.0,32822502.0,658001,40000.0,-2940077502.7598677,,,,,,,
-4.25854023170472,-0.501841233012903,-0.06816460389667015,-0.2067728583649339,0.0,593.122511156246,-153.38614051081913,21,31212,670000,0.0003,-12172848.0,38814.69140625,-0.31075161695480347,19090764726272.0,27184996.0,660001,40000.0,-2940077502.7598677,,,,,,,
-7.265464187622006,-0.40911012875853875,-0.1772598257127149,-0.2714044757090338,0.0,610.1110844806028,-205.35860283817706,21,31287,672000,0.0003,-10084342.0,39517.74609375,0.7796231508255005,7621857771520.0,16669217.0,662001,40000.0,-2940077502.7598677,,,,,,,
-20.91750050544739,-0.7422216703178652,-0.027464583927392566,-0.27106396218302864,0.0,692.2282834747497,-142.9549453399112,21,31361,674000,0.0003,-12128552.0,38918.80859375,0.5498566627502441,4194372681728.0,17484480.0,664001,40000.0,-2940077502.7598677,,,,,,,
-10.412968166351325,-0.3896383896208091,0.12942789943654193,-0.30887032841572987,0.0,723.6393649558893,160.30450159683963,21,31434,676000,0.0003,-11903217.0,39496.609375,0.8861526250839233,2737150099456.0,5714011.5,666001,40000.0,-2940077502.7598677,,,,,,,
-3.7809083671569894,-0.32146441456636143,0.11279993937797532,-0.2566859410852376,0.0,626.7702012021501,333.6583481472034,21,31507,678000,0.0003,-12422701.0,39133.74609375,-0.3407202363014221,5449796550656.0,29488108.0,668001,40000.0,-2940077502.7598677,,,,,,,
2.6232546253204423,-0.2810798480844355,0.05378463138083075,-0.17998253913054443,0.0,635.956264230324,397.0523656227412,21,31580,680000,0.0003,-10538023.0,39784.33203125,0.6660748720169067,4591234056192.0,13246648.0,670001,40000.0,-2769044121.8559985,,,,,,,
3.0326171760558966,-0.46640361172229744,0.8341881987533297,-0.005885946633249043,0.0,1756.309798110182,-341.3175912017548,21,31653,682000,0.0003,-14276322.0,39588.359375,-0.1295478343963623,78122217111552.0,142543232.0,672001,40000.0,-2769044121.8559985,,,,,,,
-13.87453551864625,-0.42574529563198343,-0.258844251258308,-0.36420147078021764,0.0,672.3460078987893,-304.79054276857784,21,31726,684000,0.0003,-8570604.0,39093.5703125,-0.43805697560310364,7559170752512.0,19489888.0,674001,40000.0,-2769044121.8559985,,,,,,,
-0.2437070999145689,-0.10646874963024487,0.42481419555903294,-0.35827538499506,0.0,1134.1484690536631,694.7138912311243,21,31799,686000,0.0003,-5841864.0,39598.2890625,-2.9128713607788086,4167777124352.0,17114596.0,676001,40000.0,-2769044121.8559985,,,,,,,
-0.34607552528380836,-0.42759266272696,-0.12400944771133748,-0.21744399625873156,0.0,605.9267378021166,-313.4914387363579,21,31873,688000,0.0003,-5967936.0,40058.4140625,-1.4520212411880493,10595600433152.0,29296544.0,678001,40000.0,-2769044121.8559985,,,,,,,
-4.186893192291219,-0.23238153832320854,-0.2321148183469983,-0.3241133047304225,0.0,602.6420439646344,-325.90917648903076,21,31946,690000,0.0003,-11071454.0,40209.98046875,0.3594072461128235,51171339272192.0,87111280.0,680001,40000.0,-2769044121.8559985,,,,,,,
-15.0899173965454,-0.4892815467979851,0.2144525307550357,-0.40226518267416894,0.0,1157.90601074332,270.406447970893,21,32020,692000,0.0003,-9264472.0,40285.25,-2.8625032901763916,25755314552832.0,27597396.0,682001,40000.0,-2769044121.8559985,,,,,,,
5.2035802135467835,-0.14941675265859353,0.2363302848064275,-0.21554604367192035,0.0,763.4114460500152,709.7640119097256,21,32094,694000,0.0003,-8193782.0,40612.171875,-0.6165282726287842,13043421413376.0,19641562.0,684001,40000.0,-2769044121.8559985,,,,,,,
-8.350619604110685,-0.42221696106777146,-0.47033207756878886,-0.4038336926229655,0.0,881.4276532451579,-990.2849817208737,21,32170,696000,0.0003,-11991820.0,40185.984375,0.37400609254837036,5442951446528.0,18203596.0,686001,40000.0,-2769044121.8559985,,,,,,,
-7.543014600753801,-0.3037119404368493,0.2762322400606804,-0.3855941631066272,0.0,1031.1025360623182,480.1695898044276,21,32243,698000,0.0003,-14256414.0,40999.609375,0.2897070646286011,28208195960832.0,77574432.0,688001,40000.0,-2769044121.8559985,,,,,,,
9.786145799636815,-0.12154172980148541,0.21457631890458823,-0.15261020220540975,0.0,807.4104103714393,1019.5222256747466,,,700000,0.0003,-13713742.0,41359.37890625,0.5301710963249207,2670204551168.0,10550550.0,690000,,,6.25e-05,0.0,40000.0,-59564.80776537064,6597.156874174718,0.0,0.0
,,,,,,,20,33507,700000,0.0003,-10737534.0,41355.35546875,0.05330774188041687,18536382595072.0,32126440.0,690001,40000.0,-2769044121.8559985,,,,,,,
-15.001251298904366,-0.5411227380609266,-0.44934990779449163,-0.44154479011556497,0.0,1015.5738145512438,-1401.2620380057695,20,33579,702000,0.0003,-13668602.0,41627.75,0.5797320604324341,21630046699520.0,40560852.0,692001,40000.0,-2769044121.8559985,,,,,,,
-1.5156815395354883,-0.16649428425419352,0.31111285802992183,-0.38052092990966874,0.0,1019.6165907890864,623.1127327715119,20,33652,704000,0.0003,-13376675.0,42111.859375,-0.7338024377822876,33798093799424.0,59019768.0,694001,40000.0,-2769044121.8559985,,,,,,,
12.84668127250671,-0.06483426884499703,-0.14259558214271886,-0.2259424045050603,0.0,638.5261964456216,742.1033630361358,20,33724,706000,0.0003,-11298419.0,41266.39453125,0.7636903524398804,4431023702016.0,13215977.0,696001,40000.0,-2769044121.8559985,,,,,,,
-21.888503995895398,-0.5864897246561626,-0.09918473689417993,-0.4235667308840292,0.0,1149.8526112883612,-1260.7034582585209,20,33795,708000,0.0003,-15390022.0,41556.55078125,-0.5073240399360657,196737905983488.0,223047920.0,698001,40000.0,-2769044121.8559985,,,,,,,
3.1688182029724126,-0.12613756452907868,0.30974374825675133,-0.32361918705448356,0.0,936.1003796149298,791.4919691715152,20,33866,710000,0.0003,-12211240.0,41459.60546875,1.488720178604126,8315551612928.0,14232615.0,700001,40000.0,-2769044121.8559985,,,,,,,
5.902316831588772,-0.06259365799657418,-0.3818504314981136,-0.3166863298769387,0.0,656.9809936510827,-738.7590555118358,20,33937,712000,0.0003,-17539432.0,42398.73828125,-0.17411035299301147,117699837427712.0,175675344.0,702001,40000.0,-2769044121.8559985,,,,,,,
-16.275483274459827,-0.5178222144551944,0.16769310872408305,-0.37787419932515515,0.0,1289.6991915380063,127.32228297895877,20,34009,714000,0.0003,-10915343.0,41279.8984375,-0.25484609603881836,9118828986368.0,22636670.0,704001,40000.0,-2769044121.8559985,,,,,,,
4.306897905349679,-0.15336337958193128,0.23157069091142937,-0.23469189919295325,0.0,858.8459927048436,714.228950857602,21,34080,716000,0.0003,-9899435.0,40635.8828125,-1.2793712615966797,4028875407360.0,14783478.0,706001,40000.0,-2769044121.8559985,,,,,,,
1.2231983852386505,-0.18854295227839302,-0.41507357671560385,-0.3267678896982973,0.0,699.7757470864198,-894.1262612025444,21,34152,718000,0.0003,-12157666.0,40389.5390625,0.13516786694526672,4439296442368.0,10974085.0,708001,40000.0,-2769044121.8559985,,,,,,,
-17.142679468154878,-0.5831350107543545,0.07701139940793862,-0.3409588419911161,0.0,1029.9458557385497,123.64401117306828,21,34223,720000,0.0003,-13313811.0,40364.2421875,0.6353438496589661,5336335384576.0,34277524.0,710001,40000.0,-2617256491.021709,,,,,,,
-2.1027327079773004,-0.47220031876236535,0.8281940107394722,-0.12390026789693323,0.0,1454.2179662756403,-435.0929747261127,21,34294,722000,0.0003,-12619356.0,39830.23046875,-0.7623915672302246,3845438570496.0,7297567.0,712001,40000.0,-2617256491.021709,,,,,,,
-0.3857441387176216,0.003006382018426965,-0.3509433545011974,-0.351065418235725,0.0,530.1667223991298,-250.63871619276154,21,34365,724000,0.0003,-12276556.0,39918.71875,1.1708722114562988,3589706874880.0,11688002.0,714001,40000.0,-2617256491.021709,,,,,,,
7.09377971458433,0.29606538897681367,1.0337032451218557,-0.1300645481807507,0.0,3160.4526994077946,2381.5603676821424,21,34437,726000,0.0003,-11442965.0,39671.80859375,0.13832148909568787,2147377479680.0,7016252.5,716001,40000.0,-2617256491.021709,,,,,,,
5.9540156841278105,-0.2918924782235464,-0.5496899515910325,-0.30049750632180144,0.0,1628.9770505403483,61.652670592722934,21,34509,728000,0.0003,-12357717.0,39307.859375,-1.728242039680481,3331984195584.0,17243228.0,718001,40000.0,-2617256491.021709,,,,,,,
1.742563659667971,0.10284823337026143,-0.30526718114971557,-0.34354248950856936,0.0,887.6058472707194,-1927.3292893228784,21,34581,730000,0.0003,-12016162.0,38825.2421875,1.5933139324188232,3153654185984.0,10309341.0,720001,40000.0,-2617256491.021709,,,,,,,
-4.868464771270755,-0.12373140958501384,0.2663950647167192,-0.5833018283027575,0.0,890.4049155795768,441.7915081872575,21,34653,732000,0.0003,-13887088.0,38307.79296875,0.7138313055038452,10316494667776.0,38832204.0,722001,40000.0,-2617256491.021709,,,,,,,
-12.080231212615976,-0.18392533595581223,-0.5131161481853873,-0.4156095682944092,0.0,735.2220738026564,-730.6280845037587,21,34726,734000,0.0003,-11806082.0,38893.765625,-1.0609071254730225,4393388736512.0,30985654.0,724001,40000.0,-2617256491.021709,,,,,,,
31.888235271453862,0.5174931415688746,0.2509372538050007,-0.0943739012432573,0.0,579.7945515396319,3452.1546619495207,21,34800,736000,0.0003,-12850004.0,38166.34375,-0.9796992540359497,25413216632832.0,54667136.0,726001,40000.0,-2617256491.021709,,,,,,,
-35.40598560333256,-0.6665947679314512,0.32615570432301877,0.25338170543079336,0.0,954.4724865948879,-3085.975257820216,21,34873,738000,0.0003,-9612640.0,38051.5703125,-0.4795196056365967,4775497170944.0,17636404.0,728001,40000.0,-2617256491.021709,,,,,,,
-24.465546279907272,-0.7238350705765192,-0.06033640673104987,-0.022243805473000734,0.0,562.5618711709536,-54.063681429651695,21,34946,740000,0.0003,-13349190.0,38649.39453125,1.3324940204620361,8713568518144.0,36964456.0,730001,40000.0,-2617256491.021709,,,,,,,
-22.198555715560907,-0.7765646144028777,-0.026446896950729826,-0.08320904884576542,0.0,521.8340440103093,11.838587293995502,21,35019,742000,0.0003,-11609405.0,38804.76953125,-0.4363284707069397,3067435286528.0,14557593.0,732001,40000.0,-2617256491.021709,,,,,,,
-12.547649509429935,-0.8311309914483551,-0.04530745614580093,-0.17209303374032248,0.0,521.5927141016217,14.919251003389759,21,35092,744000,0.0003,-11788623.0,38770.37109375,1.0536266565322876,5187284500480.0,25171172.0,734001,40000.0,-2617256491.021709,,,,,,,
-3.4106344394684065,-0.3274916722970325,-0.10516286674403161,-0.2442385072676525,0.0,502.8246136776223,-87.27663586531516,21,35166,746000,0.0003,-13248808.0,38283.796875,1.6138050556182861,6066283741184.0,22645914.0,736001,40000.0,-2617256491.021709,,,,,,,
-8.014814336776762,-0.190889727868677,-0.20884346881158153,-0.3139161897767482,0.0,514.0307356774506,-115.85777528058789,21,35239,748000,0.0003,-9587014.0,38160.95703125,-1.6120712757110596,2361468649472.0,9150945.0,738001,40000.0,-2617256491.021709,,,,,,,
7.926295755386353,0.31283806356252547,0.9831460433762594,-0.14218962583981246,0.0,3250.10266739795,2368.1516813744774,21,35311,750000,0.0003,-11681058.0,38366.328125,1.5993458032608032,2284535676928.0,8869433.0,740001,40000.0,-2617256491.021709,,,,,,,
5.443769256591799,-0.30049421302404344,-0.6749210598545559,-0.40559902944065646,0.0,1546.8865174995094,-355.973173437186,21,35384,752000,0.0003,-11967155.0,38286.390625,-0.4804809093475342,5034067623936.0,23080794.0,742001,40000.0,-2617256491.021709,,,,,,,
0.8520054397582978,-0.022302937383624804,-0.14630911732380886,-0.312147765643424,0.0,959.4005524458037,-1463.0589592858448,21,35457,754000,0.0003,-12460278.0,38479.22265625,-0.21421945095062256,50862428782592.0,120068600.0,744001,40000.0,-2617256491.021709,,,,,,,
-5.54155913162232,-0.3953552710884894,-0.07666174468335651,-0.5147863593800331,0.0,721.361746739273,6.911456210940905,21,35529,756000,0.0003,-11797250.0,37200.67578125,-1.9375808238983154,2025408167936.0,6603806.0,746001,40000.0,-2617256491.021709,,,,,,,
-2.3880328254699643,0.06692252811725416,0.5155112590949822,-0.27115672538492136,0.0,4536.774375188327,1361.7236455797051,21,35602,758000,0.0003,-12298186.0,37114.84765625,-0.25061357021331787,2635451858944.0,11967051.0,748001,40000.0,-2617256491.021709,,,,,,,
9.444625743865963,-0.3159492251090335,0.08419771497598529,-0.24207187811191655,0.0,2068.3017282174105,22603.146971192855,21,35675,760000,0.0003,-12757430.0,36821.734375,-0.19072353839874268,4181548597248.0,11892470.0,750001,40000.0,-2484845616.9819074,,,,,,,
-0.3011058597564774,0.09179519375476405,2.8621332772493306,0.9109915550000731,0.0,10086.744137017382,6629.436384652751,21,35748,762000,0.0003,-9500777.0,36567.953125,0.3821465075016022,7771863908352.0,26200294.0,752001,40000.0,-2484845616.9819074,,,,,,,
-6.7337853660583535,-0.046704069878882766,-1.7753966340178502,-0.04266730419975086,0.0,4068.355987282865,-5760.897621837004,21,35821,764000,0.0003,-11770527.0,36773.8671875,0.21713197231292725,8749457080320.0,32403872.0,754001,40000.0,-2484845616.9819074,,,,,,,
15.640075569152863,0.03687291508514528,-0.0025990362140089858,1.2651582244595299,0.0,6083.0665554275765,8226.30473349362,21,35893,766000,0.0003,-12226628.0,37547.7265625,0.37288936972618103,14554306183168.0,34006352.0,756001,40000.0,-2484845616.9819074,,,,,,,
5.962147953033456,0.0083859792979853,0.842518789780654,2.0005217992173283,0.0,11151.31186957087,3978.5980037257327,21,35966,768000,0.0003,-13284537.0,38614.87109375,0.22605416178703308,28744716648448.0,121036064.0,758001,40000.0,-2484845616.9819074,,,,,,,
16.912091289520255,0.1064159027420234,-0.4009700183715994,2.0214901352514785,0.0,10379.75141951315,-6037.014416855629,21,36039,770000,0.0003,-12487650.0,38333.19140625,0.49482452869415283,24831449890816.0,48868112.0,760001,40000.0,-2484845616.9819074,,,,,,,
9.0407636089325,-0.0128753742761268,-0.44873692782771335,1.708739274988011,0.0,8308.22280723542,-2867.4762931389846,21,36112,772000,0.0003,-13080062.0,37996.37890625,0.35595905780792236,1980821798912.0,4021570.5,762001,40000.0,-2484845616.9819074,,,,,,,
12.710890392303478,-0.1310676681220298,0.38449430811258833,2.18987180582976,0.0,11716.946803450572,15827.152098531937,21,36185,774000,0.0003,-7722851.5,37763.6953125,0.5541384220123291,2186085138432.0,13094870.0,764001,40000.0,-2484845616.9819074,,,,,,,
16.80117776679995,0.13971751642380661,0.24414019799605435,2.4004898783951982,0.0,12958.849645513796,-4603.423498351275,21,36257,776000,0.0003,-11313093.0,37556.5703125,0.6990660429000854,1642714365952.0,7810522.0,766001,40000.0,-2484845616.9819074,,,,,,,
17.0244878330231,0.015810228341376617,-0.5412586351387855,2.0732177566841328,0.0,11081.634144888845,-11233.243722140327,21,36331,778000,0.0003,-12378109.0,37960.1953125,1.078818678855896,5985635663872.0,22672388.0,768001,40000.0,-2484845616.9819074,,,,,,,
13.675400436401375,-0.09829217098766552,0.4784714461464484,2.16691315831697,0.0,11222.452030189626,13944.179573444313,21,36404,780000,0.0003,-11322240.0,38227.83203125,-0.15272614359855652,4454348226560.0,21329792.0,770001,40000.0,-2484845616.9819074,,,,,,,
16.574352317810035,0.11104434244973888,-0.272969755344469,2.5134586689196934,0.0,13867.669856114338,-8523.603240463242,21,36477,782000,0.0003,-12166636.0,37915.44140625,0.8718113303184509,3586377383936.0,13878110.0,772001,40000.0,-2484845616.9819074,,,,,,,
10.76314585685731,-0.02474609078089453,-0.25837165488742164,1.7893998847170471,0.0,8801.814089004374,-5460.163069705364,21,36550,784000,0.0003,-6702606.5,37380.08984375,0.3807755708694458,17770053894144.0,64222848.0,774001,40000.0,-2484845616.9819074,,,,,,,
13.789509012222327,-0.07960280223777344,-0.06471545107109887,1.879459035114293,0.0,8500.764180891041,9537.771644961374,21,36623,786000,0.0003,-9953326.0,37274.93359375,0.22990107536315918,2482929401856.0,9572127.0,776001,40000.0,-2484845616.9819074,,,,,,,
13.874415033340457,0.07867137572613724,0.809372243722288,2.196252187025536,0.0,11844.461238814314,-376.10537697817745,21,36697,788000,0.0003,-10133063.0,37334.69921875,0.14403656125068665,9688408129536.0,13949420.0,778001,40000.0,-2484845616.9819074,,,,,,,
17.842938283920287,0.055911219979197097,-0.5649571501544751,1.9740460468868846,0.0,10151.823004832053,-9605.914271148646,21,36771,790000,0.0003,-10095464.0,37269.3515625,0.6054368019104004,4073186656256.0,14719898.0,780001,40000.0,-2484845616.9819074,,,,,,,
7.538892087936402,-0.0474069666516253,-0.29383115736538135,1.6098884667127602,0.0,7548.8412829078015,1491.9996876750533,21,36845,792000,0.0003,-8445156.0,36871.140625,-1.5351338386535645,4189489987584.0,8239049.5,782001,40000.0,-2484845616.9819074,,,,,,,
8.954528266906731,-0.08247049364622165,-0.14504284382653998,1.471559958693227,0.0,6641.896375088136,-1448.6339235552905,21,36921,794000,0.0003,-13871148.0,36494.44140625,1.9745213985443115,152921941475328.0,175545984.0,784001,40000.0,-2484845616.9819074,,,,,,,
21.99997899818422,0.10975721598897062,0.49480431059743624,1.399566066759669,0.0,6764.254650866123,11015.623452220127,21,36995,796000,0.0003,-12371980.0,36435.04296875,0.8914515376091003,8807923056640.0,34085200.0,786001,40000.0,-2484845616.9819074,,,,,,,
4.768368591308592,0.06003462000979448,0.3331745419784134,2.198683049386673,0.0,11672.488419347808,1002.1738387072359,21,37070,798000,0.0003,-8179175.5,36180.0625,-2.583218574523926,4308319862784.0,13881703.0,788001,40000.0,-2484845616.9819074,,,,,,,
-0.10781489372253508,-0.06828199357549719,-0.2962697009594454,1.2672570016167457,0.0,6807.846548377069,-11723.458260419688,,,800000,0.0003,-9223110.0,35283.15234375,-1.3410377502441406,14979411476480.0,33636072.0,790000,,,6.25e-05,0.0,40000.0,-205961.6081374279,33370.78234565339,0.0,0.0
,,,,,,,20,38307,800000,0.0003,-6578184.0,35285.44140625,-1.629380702972412,2670082916352.0,18591648.0,790001,40000.0,-2379970586.2097273,,,,,,,
2.6312204532623253,-0.4417473397189442,0.7522075614199354,-0.024223873051262355,0.0,1654.3073872304203,-559.2556619573353,20,38378,802000,0.0003,-5143523.5,34904.16796875,-0.7657772302627563,6134576447488.0,20245582.0,792001,40000.0,-2379970586.2097273,,,,,,,
-9.193033508300777,-0.5583075701494937,1.4659361546587717,0.19240119960317867,0.0,4025.101755993694,2902.011958046846,20,38449,804000,0.0003,-7409473.0,33781.8203125,-0.5332722067832947,103016233435136.0,141289376.0,794001,40000.0,-2379970586.2097273,,,,,,,
-8.53706640052795,-0.11308669661565471,-1.3787008685949693,-0.4374145781887804,0.0,2754.3142744481997,-2111.0295240682212,20,38520,806000,0.0003,-10773208.0,33511.2890625,1.1507638692855835,4485843779584.0,17006618.0,796001,40000.0,-2379970586.2097273,,,,,,,
15.751072059631355,0.2603246621891429,-0.4380213312267899,-0.2832931347696349,0.0,1030.6263721928049,427.7658397002083,20,38591,808000,0.0003,-9202244.0,33240.9921875,-0.012742862105369568,4449105870848.0,12009608.0,798001,40000.0,-2379970586.2097273,,,,,,,
1.0346085567474423,0.17525763941105052,0.6136868368962186,0.5284473122692487,0.0,5703.084386269202,42.732641806912405,20,38661,810000,0.0003,-9475376.0,32878.671875,0.5262295007705688,105114324959232.0,151229472.0,800001,40000.0,-2379970586.2097273,,,,,,,
8.69658005523682,-0.7667961454441526,0.47134315496618495,-0.2850727171742115,0.0,2097.5111094227696,10988.008023843435,20,38732,812000,0.0003,-11282898.0,32407.01953125,0.6388647556304932,3867450277888.0,9573087.0,802001,40000.0,-2379970586.2097273,,,,,,,
-19.85373915481571,-0.10651717781481564,-0.7871806810630021,-0.5697709466416837,0.0,2547.4031050773833,-11201.712828430336,20,38802,814000,0.0003,-11306479.0,32364.61328125,0.10843570530414581,4038122799104.0,17284770.0,804001,40000.0,-2379970586.2097273,,,,,,,
11.969307039260876,0.2947565197782695,-0.4655026397759583,-0.4325458822793354,0.0,901.4162097703735,80.05654356238098,20,38873,816000,0.0003,-8577074.0,32454.8046875,-0.7902005910873413,6664398831616.0,20055800.0,806001,40000.0,-2379970586.2097273,,,,,,,
-2.785042259216301,-0.01674650865754546,0.606309580278838,0.2285352023798222,0.0,4550.793361485309,515.289682282972,21,38943,818000,0.0003,-9715804.0,31757.73046875,0.060017555952072144,3797099741184.0,11583360.0,808001,40000.0,-2379970586.2097273,,,,,,,
6.9429233455658,0.08204877457234615,-1.0496419965637478,-0.47244702058429683,0.0,1287.1107832663429,-525.8963198831526,21,39019,820000,0.0003,-10115946.0,31232.740234375,1.277373194694519,14138072891392.0,23385658.0,810001,40000.0,-2379970586.2097273,,,,,,,
-4.106143764495846,-0.6313161728847027,-0.2880186372983416,-0.694747988877135,0.0,770.0426495765776,-161.98559100069298,21,39096,822000,0.0003,-10417900.0,31348.462890625,1.4654619693756104,1918081695744.0,8739390.0,812001,40000.0,-2379970586.2097273,,,,,,,
-2.6032093944549612,-0.3058367988323283,1.191931292530229,-0.373746013377357,0.0,1471.6965235521866,-215.1945108635505,21,39172,824000,0.0003,-7917203.0,31204.45703125,-1.8240971565246582,25339531100160.0,25017780.0,814001,40000.0,-2379970586.2097273,,,,,,,
-2.8798139781952004,-0.5600296827280382,0.7239729055502442,-0.25795024728580074,0.0,2445.4944004902204,2387.7408387759524,21,39249,826000,0.0003,-9454818.0,30811.544921875,1.5020678043365479,5607242334208.0,21637000.0,816001,40000.0,-2379970586.2097273,,,,,,,
-6.92004739570618,-0.0996999380099479,-1.5369506157519106,-0.08872982355222725,0.0,2237.0938272646895,-1762.9324728912961,21,39320,828000,0.0003,-9838412.0,30871.751953125,0.5054465532302856,17388494913536.0,21768994.0,818001,40000.0,-2379970586.2097273,,,,,,,
-0.672046569824217,-0.3249040652832835,-0.7241427214992947,-0.3975647120513959,0.0,629.0551064879612,-5.106149548895546,21,39390,830000,0.0003,-8665667.0,30562.119140625,0.593582808971405,4324786176000.0,12884435.0,820001,40000.0,-2379970586.2097273,,,,,,,
10.640019355773884,0.3496828484121362,0.3606195371969217,-0.447864865597788,0.0,823.4505861873371,-529.1269200991721,21,39461,832000,0.0003,-8010972.0,30120.509765625,-0.30766087770462036,8997496160256.0,23153194.0,822001,40000.0,-2379970586.2097273,,,,,,,
-13.107372003555305,-0.34330628644441097,1.3077069450174337,-0.17340337365140823,0.0,1617.756653140325,287.41838063363537,21,39532,834000,0.0003,-9045680.0,29908.51953125,-0.9016938805580139,9087450349568.0,21756196.0,824001,40000.0,-2379970586.2097273,,,,,,,
-9.015823350906372,-0.2996245086121066,0.6134703648596148,-0.20014361231313302,0.0,2745.7308777543867,2142.444938482838,21,39603,836000,0.0003,-9170316.0,29803.880859375,0.7318757176399231,4554582130688.0,10766532.0,826001,40000.0,-2379970586.2097273,,,,,,,
-12.289578212737974,-0.14291284693808443,-1.5632487363053658,0.346399026609487,0.0,2852.4490312834178,-1879.5095064281384,21,39674,838000,0.0003,-8452010.0,29511.599609375,-0.17934848368167877,7014749569024.0,22317292.0,828001,40000.0,-2379970586.2097273,,,,,,,
-0.8739182758331201,-0.46623500616836855,0.01817466573363786,-0.5134295465385232,0.0,695.2973547777306,3850.3989402122347,21,39744,840000,0.0003,-6887092.0,29454.970703125,0.23509694635868073,3195892400128.0,18414592.0,830001,40000.0,-2271163592.0147734,,,,,,,
1.1933839397430333,-0.3142235406052222,-0.13402567715200345,-0.8617570440811205,0.0,1237.531784005756,2662.6871869436077,21,39816,842000,0.0003,-7651123.0,28882.23046875,-1.541792631149292,33757115449344.0,63924700.0,832001,40000.0,-2271163592.0147734,,,,,,,
-9.732124664306626,-0.07926108637994798,2.4798390487065323,0.765788108640895,0.0,10295.7389864442,1324.970743504755,21,39888,844000,0.0003,-9910800.0,28411.873046875,0.4381074011325836,2182478430208.0,7622282.0,834001,40000.0,-2271163592.0147734,,,,,,,
0.06758051490783819,-0.14293219761839637,-1.2291010347789595,0.31414896550228005,0.0,2917.0299229052234,3929.4256056252166,21,39959,846000,0.0003,-5135214.5,28306.15234375,-1.020094394683838,5402734362624.0,13577798.0,836001,40000.0,-2271163592.0147734,,,,,,,
-14.768816055297842,-0.1246461927263195,-1.310461955068646,0.44931703883460816,0.0,3561.4339799186605,-7931.557020199641,21,40031,848000,0.0003,-3918450.0,27700.32421875,-1.3001220226287842,4732437397504.0,22150794.0,838001,40000.0,-2271163592.0147734,,,,,,,
-2.419803560256968,-0.4704479684545338,0.119173063881735,-0.4606885617349115,0.0,614.3923009076432,3737.8141911778152,21,40102,850000,0.0003,-10955269.0,27234.068359375,-0.1286086142063141,15641180372992.0,55904868.0,840001,40000.0,-2271163592.0147734,,,,,,,
-17.95843380928041,-0.45312989379914415,0.9314398643157528,-0.09895405994151087,0.0,1584.8253007933324,-3459.9319287541166,21,40174,852000,0.0003,-3413544.0,27438.2734375,-0.9729090332984924,3974793003008.0,14491957.0,842001,40000.0,-2271163592.0147734,,,,,,,
-2.3442412185669035,-0.5879105530806316,0.5407303684281721,-0.23475045299814923,0.0,1788.9012640695075,2518.980977190678,21,40245,854000,0.0003,-6519787.0,27626.4296875,-2.013530731201172,2977838399488.0,8326812.0,844001,40000.0,-2271163592.0147734,,,,,,,
-0.8955415973663465,-0.0234353984863866,-1.4232028303959434,-0.30702017065774084,0.0,1678.0372070596698,-1959.2573163142035,21,40316,856000,0.0003,-6265241.0,27821.73828125,0.7760079503059387,1713475944448.0,5396510.0,846001,40000.0,-2271163592.0147734,,,,,,,
-0.9391268978118844,-0.09086943958710329,-1.0194106600085324,-0.32779321385555676,0.0,1010.334255291958,364.1239391858527,21,40388,858000,0.0003,-4209069.0,27411.125,-0.15367984771728516,5232592420864.0,11419550.0,848001,40000.0,-2271163592.0147734,,,,,,,
14.139297077178956,0.5017911507917653,0.14742207663501167,-0.7238680402692177,0.0,1344.1484258905148,-466.1763855725785,21,40459,860000,0.0003,-5852528.0,27445.521484375,0.06466737389564514,5158876479488.0,12416418.0,850001,40000.0,-2271163592.0147734,,,,,,,
9.217732763290385,0.19759550658345093,1.7380070013120132,0.2709210723540185,0.0,2178.9801682633306,-28.835238745020018,21,40531,862000,0.0003,-9394563.0,27459.109375,0.1473073661327362,2423599398912.0,7451011.5,852001,40000.0,-2271163592.0147734,,,,,,,
-15.203865291595468,-0.4106768961749328,-0.3467623234814165,-0.3035335564737014,0.0,729.9844575931359,-355.206545974361,21,40602,864000,0.0003,-8772170.0,27510.798828125,-0.7744571566581726,3289635094528.0,8709262.0,854001,40000.0,-2271163592.0147734,,,,,,,
8.367469934463482,0.28996913354406584,-0.44661445865071564,-0.5855591598102493,0.0,568.7408393033342,151.91446967005416,21,40673,866000,0.0003,-8151508.0,27316.083984375,-0.1584039032459259,4849741594624.0,9475885.0,856001,40000.0,-2271163592.0147734,,,,,,,
-9.299357395172116,-0.3488436157956263,0.7630525214926762,-0.22148823643232443,0.0,1071.1932837578715,103.24406254740853,21,40744,868000,0.0003,-8873415.0,27225.318359375,-0.5259889364242554,1635357687808.0,4537857.5,858001,40000.0,-2271163592.0147734,,,,,,,
-6.46822764015198,-0.21544611945245712,0.31061271464414697,-0.3460923492581438,0.0,2096.088479345708,1014.6194007472735,21,40815,870000,0.0003,-9142831.0,27006.390625,0.25190457701683044,2495493177344.0,6938333.0,860001,40000.0,-2271163592.0147734,,,,,,,
-7.700813659667982,-0.07658076810977603,-0.0831163170943981,1.0293076195586786,0.0,3836.040376039027,1629.560107818469,21,40887,872000,0.0003,-7225960.0,27091.87890625,-2.068037271499634,20598801563648.0,55342868.0,862001,40000.0,-2271163592.0147734,,,,,,,
-8.917778226852423,-0.01978212480307819,-0.7452563109909933,-0.431881759098506,0.0,1162.4001609464729,-2521.686392238079,21,40958,874000,0.0003,-8265513.0,27341.990234375,-1.137783408164978,9022971314176.0,16742153.0,864001,40000.0,-2271163592.0147734,,,,,,,
-10.537272285461436,-0.13200539892830632,-0.8038325395656654,-0.45748800000563583,0.0,612.7984181216856,408.68220500468794,21,41029,876000,0.0003,-7644944.0,26993.927734375,0.8702154755592346,3867410432000.0,13085107.0,866001,40000.0,-2271163592.0147734,,,,,,,
19.56964420318602,0.31265186928745,0.009363208948272701,0.023219195511027496,0.0,1210.6689063392485,1291.7182238673515,21,41102,878000,0.0003,-6727304.5,27988.412109375,-1.551279067993164,11643643756544.0,20418892.0,868001,40000.0,-2271163592.0147734,,,,,,,
-13.848017597198492,-0.14635906918667532,2.946944004696805,1.0897062925846042,0.0,9118.310219915353,2807.756457422552,21,41173,880000,0.0003,-9560473.0,28231.6640625,1.343065857887268,3045285953536.0,9843292.0,870001,40000.0,-2172823467.421358,,,,,,,
-4.102300363540653,-0.22209524713963602,-0.24764830341326985,-0.9179103513444558,0.0,1057.4103988332492,-44.187647587330915,21,41245,882000,0.0003,-9851755.0,28574.884765625,0.9214726686477661,61338642546688.0,106985144.0,872001,40000.0,-2172823467.421358,,,,,,,
-0.19919375228880962,-0.037672259190952156,3.14194579482963,1.1090659676374082,0.0,14117.733935213182,6437.445928904327,21,41317,884000,0.0003,-7153897.5,28411.546875,-2.164238214492798,1925814419456.0,7978661.0,874001,40000.0,-2172823467.421358,,,,,,,
-8.378131912231435,-0.07607357021326787,-1.8058796367070062,-0.07394618733975968,0.0,4426.510735112858,-5272.276802327008,21,41388,886000,0.0003,-7492791.5,28195.259765625,0.8747990131378174,16319274549248.0,56068388.0,876001,40000.0,-2172823467.421358,,,,,,,
-28.922686429977393,-0.2913437613603798,0.6014243153492377,0.9885068002499331,0.0,4171.727338011934,6269.807141706878,21,41460,888000,0.0003,-10920566.0,28138.3125,-0.8527811765670776,23947269636096.0,25784006.0,878001,40000.0,-2172823467.421358,,,,,,,
-12.682031044006314,-0.21906313542006312,-0.3319558333764031,0.9210353895333548,0.0,5929.216119748925,-4726.542240333676,21,41531,890000,0.0003,-8948793.0,28079.2578125,-0.5508209466934204,5185325760512.0,19887196.0,880001,40000.0,-2172823467.421358,,,,,,,
-25.286519935607913,-0.37866366106521826,-0.3597770344031846,0.7570662230932834,0.0,4725.901640084153,-382.2604325389486,21,41603,892000,0.0003,-7526024.5,28056.611328125,-0.04271859675645828,7335716061184.0,19340450.0,882001,40000.0,-2172823467.421358,,,,,,,
-9.07884415054321,-0.04505981945342484,0.25722661203456637,1.1588486264668603,0.0,5084.175399142175,-59.89859097024147,21,41674,894000,0.0003,-7066489.0,27856.306640625,-0.7607301473617554,4474705805312.0,11581380.0,884001,40000.0,-2172823467.421358,,,,,,,
-5.827768333435053,-0.12254794818803269,-0.7867220594026718,-0.4634064446872623,0.0,966.5690048224711,-1489.7133729519246,21,41752,896000,0.0003,-7748781.5,27855.40234375,-0.8516480922698975,3484325511168.0,9175158.0,886001,40000.0,-2172823467.421358,,,,,,,
10.71799906349182,0.5641699195319657,-0.33717405020117563,-0.14150812435306256,0.0,661.5472038268317,446.0919296569241,21,41830,898000,0.0003,-7518502.0,27585.306640625,0.521580696105957,5502532583424.0,10188955.0,888001,40000.0,-2172823467.421358,,,,,,,
-1.8201273193359366,-0.12932691915919944,-0.30987512245728055,-0.7594506293033798,0.0,759.9175288526309,-38.51033804351278,,,900000,0.0003,-10263384.0,27275.421875,-0.3491571545600891,2152361361408.0,7327863.5,890000,,,6.25e-05,0.0,40000.0,-243356.83283017966,98680.37726888692,0.0,0.0
,,,,,,,20,43128,900000,0.0003,-5813995.0,27275.37109375,1.0009219646453857,5570565242880.0,13152182.0,890001,40000.0,-2172823467.421358,,,,,,,
-12.15101521873475,-0.28853839722315777,1.1192331275258007,-0.08181349580874388,0.0,2292.3268185719644,114.5530236501609,20,43201,902000,0.0003,-7538531.5,27264.837890625,1.7494477033615112,2852591239168.0,12331551.0,892001,40000.0,-2172823467.421358,,,,,,,
-12.755580595016475,-0.33776052691972025,1.2035598197018103,-0.005555363497762555,0.0,2706.474551807693,2498.8636661488185,20,43273,904000,0.0003,-8440908.0,26902.744140625,0.3321133852005005,5053039509504.0,22294460.0,894001,40000.0,-2172823467.421358,,,,,,,
-12.448642066955555,-0.13657623460126356,-1.4736562931864998,-0.38164669247084254,0.0,2631.1007118196344,-942.2401144553202,20,43344,906000,0.0003,-6409230.0,27134.28515625,0.22746720910072327,4946199052288.0,20656142.0,896001,40000.0,-2172823467.421358,,,,,,,
-0.13315257835389327,0.09221463519725145,-1.1052412067611899,-0.256149930534554,0.0,808.6191092358721,-1260.2921064745615,20,43415,908000,0.0003,-5453020.0,27376.06640625,-0.00433272123336792,4786159091712.0,8966603.0,898001,40000.0,-2172823467.421358,,,,,,,
3.3831370830535934,0.18063323720806782,-0.15875292413104589,0.3605426039923812,0.0,2323.385747138885,-141.00564797769846,20,43485,910000,0.0003,-5979166.5,28162.52734375,0.2941662669181824,6132747730944.0,10159178.0,900001,40000.0,-2172823467.421358,,,,,,,
2.0434122447967344,0.06866425968106295,2.637721881503939,0.9762347527057464,0.0,6948.595246689926,2872.6092065824923,20,43556,912000,0.0003,-7158251.0,28339.0234375,1.060246229171753,3233745469440.0,9316137.0,902001,40000.0,-2172823467.421358,,,,,,,
-1.034461030960089,-0.2271863896160752,-1.3117575793904568,-0.15305568257427704,0.0,2458.984514521819,-2504.2555187988078,20,43627,914000,0.0003,-3670209.25,27960.87890625,0.20451098680496216,7447408279552.0,42701288.0,904001,40000.0,-2172823467.421358,,,,,,,
2.1013117542266904,0.25472634782422937,0.774053859229304,-0.04508183213681948,0.0,1578.7020261216655,3611.8138997930137,20,43697,916000,0.0003,-8550729.0,28192.1953125,0.15737715363502502,93084171894784.0,134110640.0,906001,40000.0,-2172823467.421358,,,,,,,
-13.15811888694759,-0.025057768908615073,-1.5360181226084444,0.10114380820979066,0.0,3052.6165091192406,-3253.396442528145,20,43767,918000,0.0003,-7814315.0,28587.96875,0.171347975730896,42647523688448.0,43204524.0,908001,40000.0,-2172823467.421358,,,,,,,
-1.842572389602657,-0.5336885273314449,-0.5781004437695959,-0.61767871811963,0.0,705.9102677361491,-216.12571188726486,20,43837,920000,0.0003,-4433272.0,29198.4765625,-1.1071109771728516,105576956690432.0,204827072.0,910001,40000.0,-2084381395.3279061,,,,,,,
-5.898890556335439,-0.3044480075983345,-0.3928876103027715,-0.9142091415738108,0.0,1102.86965420652,-230.31779953768648,20,43907,922000,0.0003,-4872919.5,29351.38671875,0.15193794667720795,8845768261632.0,24811838.0,912001,40000.0,-2084381395.3279061,,,,,,,
-8.852909540176391,-0.29758183480484657,-0.4819996738834226,-0.5703643783290554,0.0,753.1144188808097,-22.1644431494843,21,43977,924000,0.0003,-8094935.5,30026.265625,-1.19725501537323,2767828549632.0,6416243.0,914001,40000.0,-2084381395.3279061,,,,,,,
13.601738714218081,0.5521789529379322,-0.11559485726227398,-0.6475468724706307,0.0,1166.5257530754523,311.94917754670087,21,44047,926000,0.0003,-8968044.0,32092.26953125,-0.9595495462417603,4256805421056.0,19612026.0,916001,40000.0,-2084381395.3279061,,,,,,,
18.640701662063627,0.6492972459430979,0.29738509761848997,-0.5155403551439585,0.0,995.9952644833651,-626.5202045222221,21,44117,928000,0.0003,-7938410.0,32392.8984375,-2.0656001567840576,8940003786752.0,51214200.0,918001,40000.0,-2084381395.3279061,,,,,,,
-1.7022914524078439,-0.3135439436356432,2.1856186998190386,0.1991566172819018,0.0,2927.9536496253468,2164.617680995671,21,44187,930000,0.0003,-12650951.0,32523.03125,-0.7614320516586304,1871703048192.0,6737539.5,920001,40000.0,-2084381395.3279061,,,,,,,
-16.538233484268183,-0.06903755551816172,-0.44473839081275146,-0.031113784808124316,0.0,1519.9185244575708,-1810.3117229472732,21,44257,932000,0.0003,-9609647.0,33021.3046875,-0.22496038675308228,153414889635840.0,202322608.0,922001,40000.0,-2084381395.3279061,,,,,,,
-31.532390422821052,-0.5809117507516233,-0.026793052829826598,0.287753454525038,0.0,760.8149603346801,-123.58178872714157,21,44327,934000,0.0003,-11215070.0,31974.318359375,0.017609834671020508,6019785687040.0,14450124.0,924001,40000.0,-2084381395.3279061,,,,,,,
-27.286462221145616,-0.6374189905953926,-0.054750936709828495,0.14097389470582417,0.0,626.3411365676228,-25.67823063361629,21,44398,936000,0.0003,-8846567.0,30948.8984375,-1.7968051433563232,3680065290240.0,9647537.0,926001,40000.0,-2084381395.3279061,,,,,,,
-20.645852519989,-0.6964699397464812,-0.09913232587218268,-0.013058755380355542,0.0,551.8505110740057,-104.92723013602794,21,44468,938000,0.0003,-11819820.0,30839.794921875,-0.3115302622318268,52758262579200.0,126052792.0,928001,40000.0,-2084381395.3279061,,,,,,,
-16.628799068450963,-0.6521311163721777,0.1068414648480645,-0.1750430243965618,0.0,620.8836192334563,236.21069789063,21,44539,940000,0.0003,-8735668.0,29980.083984375,-1.6771676540374756,8093831790592.0,11574363.0,930001,40000.0,-2084381395.3279061,,,,,,,
9.796455791473399,0.20537227622980256,-0.819428571228186,-0.47483902281841117,0.0,857.0145622319851,339.95323469314036,21,44610,942000,0.0003,-11745002.0,30046.947265625,0.09703105688095093,10613617065984.0,20491128.0,932001,40000.0,-2084381395.3279061,,,,,,,
-10.428839269638075,-0.2498944912356928,-0.6902944092537227,-0.7274735415462885,0.0,910.1020259926449,-453.3270095377917,21,44681,944000,0.0003,-11378651.0,28868.48828125,-0.4174498915672302,50286454374400.0,31442334.0,934001,40000.0,-2084381395.3279061,,,,,,,
14.924254644393873,0.4381577657631692,-0.41309625685754986,-0.46507329420563326,0.0,1108.6294336702529,562.9432238830589,21,44752,946000,0.0003,-11930190.0,28808.97265625,-0.31054067611694336,4221497245696.0,11644634.0,936001,40000.0,-2084381395.3279061,,,,,,,
8.443479125976584,0.16327440457495196,0.46469653879887163,-0.4381285784213372,0.0,763.5151163233494,-299.556755756127,21,44824,948000,0.0003,-9064765.0,28875.095703125,-0.17975515127182007,8091072462848.0,16896970.0,938001,40000.0,-2084381395.3279061,,,,,,,
0.601921802520749,0.14464419425061092,2.3267643420985413,0.4680276448042582,0.0,4388.3905642239615,1539.4924792095285,21,44895,950000,0.0003,-9886217.0,29090.80078125,-0.4665394425392151,2937094144000.0,14957973.0,940001,40000.0,-2084381395.3279061,,,,,,,
4.167348194122303,-0.015276416594762973,-0.9669148697774507,-0.46416618332059206,0.0,1900.7100971505822,-1396.3223088564532,21,44967,952000,0.0003,-14946140.0,28958.68359375,0.795518159866333,6470876790784.0,17744304.0,942001,40000.0,-2084381395.3279061,,,,,,,
7.602301979064938,0.327226909635786,-0.0926423063378576,0.0009188927295825357,0.0,744.6205938047038,3139.967504120372,21,45038,954000,0.0003,-12488943.0,29021.884765625,0.23272958397865295,2597718065152.0,8699857.0,944001,40000.0,-2084381395.3279061,,,,,,,
-15.810525985717785,-0.21140617542689924,-0.42158679118747405,-0.287597312277053,0.0,1963.6116153552518,-3408.796614001343,21,45110,956000,0.0003,-11249109.0,29326.9609375,-0.6784895658493042,3743187992576.0,16166328.0,946001,40000.0,-2084381395.3279061,,,,,,,
-12.879778053283694,-0.10796039844437717,-0.9252520313166822,-0.2845938187506097,0.0,653.0898811735846,1801.4431586869468,21,45181,958000,0.0003,-11376239.0,28912.95703125,-0.08032721281051636,7178200023040.0,21015438.0,948001,40000.0,-2084381395.3279061,,,,,,,
4.396636041641208,0.5492781390300064,-0.1194033499695732,0.17023903032025584,0.0,1659.2063900230662,-1786.3091720941757,21,45252,960000,0.0003,-11078760.0,29186.783203125,0.22649139165878296,3835351793664.0,11825293.0,950001,40000.0,-1999680830.6599944,,,,,,,
-5.705727752685549,-0.27618398147870443,-0.3671017958321576,-0.9275691849334532,0.0,1117.7077291110043,-215.2582361768598,21,45324,962000,0.0003,-13778458.0,29280.177734375,-0.8271429538726807,16559997190144.0,48124796.0,952001,40000.0,-1999680830.6599944,,,,,,,
-9.107918155670163,-0.4976490746858692,-0.3915542110007827,-0.6412718011533305,0.0,766.5648551598931,-175.73370484140932,21,45395,964000,0.0003,-11249211.0,29337.142578125,1.5777393579483032,6624803028992.0,15889870.0,954001,40000.0,-1999680830.6599944,,,,,,,
13.112811634063736,0.6699396067315996,-0.22588845461813628,-0.6317095928751689,0.0,1050.8851699512527,517.8967384268619,21,45466,966000,0.0003,-11902079.0,29444.775390625,-1.4380013942718506,3866430013440.0,10825784.0,956001,40000.0,-1999680830.6599944,,,,,,,
12.92878300857548,0.5797459023382107,0.3469353743580862,-0.5509021272099098,0.0,949.0799548939738,-813.7277237321947,21,45538,968000,0.0003,-12567621.0,29133.27734375,1.0563031435012817,6259455557632.0,22779624.0,958001,40000.0,-1999680830.6599944,,,,,,,
6.054860553741439,-0.2927271661617642,2.8525917041997872,1.08739919989531,0.0,11099.082660160022,13487.233154008018,21,45609,970000,0.0003,-14251794.0,29394.720703125,1.821627140045166,6472657272832.0,27091756.0,960001,40000.0,-1999680830.6599944,,,,,,,
-19.740378376007083,-0.14244412746918167,-1.0222744633615515,0.3658335738835629,0.0,5505.727374844119,-11454.448733129504,21,45681,972000,0.0003,-12743392.0,29202.59765625,-0.8903705477714539,7661458292736.0,10168944.0,962001,40000.0,-1999680830.6599944,,,,,,,
-35.360406269073415,-0.5212387826174621,0.20667276760629819,0.8430364836528009,0.0,2411.115721878158,1113.0472269960133,21,45753,974000,0.0003,-11395541.0,28863.669921875,1.284177541732788,6606149386240.0,11506798.0,964001,40000.0,-1999680830.6599944,,,,,,,
-29.54024210548402,-0.23033349399676464,0.03954072922780008,0.8891587365117789,0.0,3239.7676291129555,920.7357876490026,21,45824,976000,0.0003,-10051779.0,29269.708984375,-0.08942834287881851,5816960155648.0,13143957.0,966001,40000.0,-1999680830.6599944,,,,,,,
-21.793367647171053,-0.13671402052242404,-0.24075291713965866,1.372975723230137,0.0,4657.255069443175,566.78475416076,21,45896,978000,0.0003,-15549400.0,29714.3984375,1.3723417520523071,5058950856704.0,13794583.0,968001,40000.0,-1999680830.6599944,,,,,,,
-27.60386709976196,-0.15287122741957376,-0.13361924067742173,1.8293473165638852,0.0,6167.548856925435,3289.458132301039,21,45967,980000,0.0003,-12014470.0,28820.1015625,-1.2183812856674194,8426695950336.0,16360664.0,970001,40000.0,-1999680830.6599944,,,,,,,
-20.5930375061035,-0.09624197616286416,0.3107501203651299,2.040200402854711,0.0,7360.48950547689,-1654.3959082510914,21,46039,982000,0.0003,-11392138.0,28411.466796875,0.28000110387802124,5234745671680.0,21253270.0,972001,40000.0,-1999680830.6599944,,,,,,,
-6.766136737823471,0.0067556293539831015,0.2898891215200219,2.1578753381583833,0.0,8073.058368001972,4894.6909004366535,21,46110,984000,0.0003,-11229110.0,28029.2265625,-0.07177719473838806,8797516988416.0,19744282.0,974001,40000.0,-1999680830.6599944,,,,,,,
-13.985305446624738,-0.007889315527714899,-0.4709893213267195,2.2859063547229166,0.0,9092.910899336615,-2989.342837454107,21,46181,986000,0.0003,-12333145.0,28597.62109375,-0.18362027406692505,19422265737216.0,61923920.0,976001,40000.0,-1999680830.6599944,,,,,,,
-25.68485439491274,-0.11226230205477652,0.011812509945083163,2.4270880946613027,0.0,9301.324426412968,-926.5605340288811,21,46253,988000,0.0003,-11818916.0,29006.52734375,-0.9205203652381897,3956619608064.0,10779679.0,978001,40000.0,-1999680830.6599944,,,,,,,
-13.681430608749398,-0.055720670432674015,0.30628304646717597,2.368225731246291,0.0,9083.915100670074,2560.64868177585,21,46326,990000,0.0003,-12948571.0,29783.56640625,0.9005472660064697,2542322319360.0,6779326.0,980001,40000.0,-1999680830.6599944,,,,,,,
-8.446502962112412,0.02126665725449636,-0.26286478243319916,2.5652945566235017,0.0,10667.1602390622,-475.1284456646688,21,46397,992000,0.0003,-10695851.0,29414.744140625,-0.10421285033226013,3304713093120.0,9695564.0,982001,40000.0,-1999680830.6599944,,,,,,,
-27.827388597488426,-0.11726129738071936,-0.016556612073187538,2.6380462054918024,0.0,10508.272981334638,-734.2913531284148,21,46468,994000,0.0003,-13591031.0,29020.0859375,0.8837236166000366,34319080882176.0,176237568.0,984001,40000.0,-1999680830.6599944,,,,,,,
-15.217656677246067,-0.06579890104822513,0.3059432376023353,2.5949100591804966,0.0,10346.377111509924,4174.000388338332,21,46539,996000,0.0003,-11556595.0,29019.75390625,-0.08464360237121582,6279014645760.0,14301293.0,986001,40000.0,-1999680830.6599944,,,,,,,
-13.831118440628062,-0.011221862925029929,-0.37134401827781677,2.7909443335463533,0.0,12041.595245327822,719.9053606759775,21,46611,998000,0.0003,-12462699.0,29094.65625,0.28845125436782837,5810823364608.0,15367398.0,988001,40000.0,-1999680830.6599944,,,,,,,
-29.350364084243765,-0.12501468371169813,0.08124387396707836,2.8515162568400534,0.0,11815.49692629673,-3336.298323081067,,,1000000,0.0003,-9603847.0,29075.07421875,1.4231128692626953,23480655413248.0,32688750.0,990000,,,6.25e-05,0.0,40000.0,-85797.77511481028,93482.33576130948,0.0,0.0
,,,,,,,20,47845,1000000,0.0003,-12032294.0,29072.330078125,0.5771657228469849,3734813278208.0,23697174.0,990001,40000.0,-1931271561.52561,,,,,,,
